request_idx,reward,latency_all,latency_success,processing_time,success
30,0.7375616474992617,14.042699593260545,14.042699593260545,0.013332843780517578,1.0
31,0.6448962579006349,15.106279194862527,15.355395171617527,0.013221824169158935,0.95
32,0.5634328642070753,16.82519959803521,16.99765235170645,0.013201475143432617,0.9
33,0.6946040806471714,16.99711579842309,16.99711579842309,0.013182497024536133,1.0
34,0.6481807936898264,16.44462373205452,15.447141280260732,0.013365519046783448,0.95
35,0.659219727968963,16.640093197155366,15.818424737849197,0.01297135353088379,0.95
36,0.6382875906277126,14.450636511296384,14.512364150716065,0.013031995296478272,0.95
37,0.6577763214542915,15.804815268633309,15.803648331245924,0.013210594654083252,0.95
38,0.7401346495693265,16.658557391622466,16.658557391622466,0.013018906116485596,1.0
39,0.7341205293587194,15.387659516634537,15.387659516634537,0.013242506980895996,1.0
40,0.6301136629800126,15.913792751948739,15.944100114050618,0.013172554969787597,0.95
41,0.6461641911894068,17.086719245573015,17.449348449247925,0.013116395473480225,0.95
42,0.7237187894342566,18.384094420045702,18.384094420045702,0.013318204879760742,1.0
43,0.5372959304596419,16.190529098632883,16.582785762775067,0.013345587253570556,0.9
44,0.6337148494564714,17.189684143844254,17.557229951677062,0.01285696029663086,0.95
45,0.7211179606072864,18.40436545122981,18.40436545122981,0.013079655170440675,1.0
46,0.6414817473279245,13.741386192293552,13.799749555147239,0.013290023803710938,0.95
47,0.5658389524391241,15.290129035535784,14.713810315521515,0.013234913349151611,0.9
48,0.7115879569358323,14.637225345267876,14.637225345267876,0.013091707229614257,1.0
49,0.5660870000779877,17.39557349809764,16.48310683744134,0.013197612762451173,0.9
50,0.6247400033912344,15.901000210856557,15.038312242645098,0.013341414928436279,0.95
51,0.7320814605749641,18.34722625660331,18.34722625660331,0.013020873069763184,1.0
52,0.5352745471095047,18.43162648415966,17.459053678347004,0.013170349597930908,0.9
53,0.6443165809228649,17.767498657216954,17.040849178658956,0.01300208568572998,0.95
54,0.6177006444550025,16.885147384209837,15.77125192247618,0.013247525691986084,0.95
55,0.7305925645612296,15.414099541654286,15.414099541654286,0.013272404670715332,1.0
56,0.7344974773996793,14.376330396977526,14.376330396977526,0.013077199459075928,1.0
57,0.6476482554399969,13.455311379475228,13.036651204418234,0.013142132759094238,0.95
58,0.561253741428628,16.501218090568646,16.97088006434187,0.013253581523895264,0.9
59,0.6267369523736714,14.679456585257526,14.859907978655617,0.013020741939544677,0.95
60,0.6317378297630316,16.920654795944692,16.90226668702158,0.013177096843719482,0.95
61,0.4926146245848645,17.41051247938918,18.38240698340205,0.013046193122863769,0.85
62,0.7245948219130559,17.110310064244082,17.110310064244082,0.013040053844451904,1.0
63,0.6531475472517286,18.27713396636203,18.700387513714794,0.013297665119171142,0.95
64,0.6336671301438673,15.967208185492826,15.12302924356827,0.013381600379943848,0.95
65,0.7084344101592164,17.902256683184,17.902256683184,0.013274288177490235,1.0
66,0.7463599702509999,15.876431687608735,15.876431687608735,0.013232600688934327,1.0
67,0.7011056226508019,13.496862671185676,13.496862671185676,0.013110899925231933,1.0
68,0.7007176558000848,14.828510599723947,14.828510599723947,0.0130171537399292,1.0
69,0.6667854625956695,15.377118564720718,15.492189297422382,0.01331552267074585,0.95
70,0.6509463721578624,16.341798527447768,16.54754664603445,0.013181805610656738,0.95
71,0.722204832870788,15.381086221301269,15.381086221301269,0.01323854923248291,1.0
72,0.6354241462128031,15.122880637102956,15.28113425168533,0.01315542459487915,0.95
73,0.712955953155191,15.595592286552087,15.595592286552087,0.01299501657485962,1.0
74,0.7304234439559119,14.518562675690102,14.518562675690102,0.013233721256256104,1.0
75,0.6581725448235134,14.806646379138652,14.761780716135526,0.01311720609664917,0.95
76,0.655047882960391,14.2736064746633,14.32798931413987,0.013331913948059082,0.95
77,0.6520238371022422,17.531566996123665,17.62158196363169,0.012932848930358887,0.95
78,0.7473136735199242,16.553684580346136,16.553684580346136,0.01314610242843628,1.0
79,0.662753352454267,13.758745621143117,13.70259990403855,0.013271200656890868,0.95
80,0.7137518174781203,15.741519497108518,15.741519497108518,0.013521695137023925,1.0
81,0.6243557352535921,14.798532623866318,14.951120309391591,0.013296818733215332,0.95
82,0.7313230350533573,14.350496544847351,14.350496544847351,0.013231611251831055,1.0
83,0.6410535228773963,16.292296740177616,16.27926388423317,0.013288736343383789,0.95
84,0.7690757520021112,16.95705494971983,16.95705494971983,0.013077199459075928,1.0
85,0.7044420604333888,16.424899242890213,16.424899242890213,0.013060712814331054,1.0
86,0.6901259255030172,18.66242471802466,18.66242471802466,0.013148236274719238,1.0
87,0.6467220224135178,15.546023414610593,15.675326805691938,0.013117289543151856,0.95
88,0.6454248367361125,16.568131465231723,15.835186893457486,0.013415348529815675,0.95
89,0.6491636436069018,16.646886146253475,16.600438998347514,0.013206696510314942,0.95
90,0.6770175971185709,16.60451606622006,16.86916170165379,0.013231885433197022,0.95
91,0.6414353009928611,16.900140739296056,17.159072813328827,0.013129448890686036,0.95
92,0.63151523127116,15.994176589401425,16.288594223340382,0.013208913803100585,0.95
93,0.6509549531093953,14.27439144770355,13.410458783412713,0.013094472885131835,0.95
94,0.7110981054119206,17.08492779609952,17.08492779609952,0.01336064338684082,1.0
95,0.7421045023737726,16.813321485778346,16.813321485778346,0.013338994979858399,1.0
96,0.7439170374124838,17.644906401298414,17.644906401298414,0.012993562221527099,1.0
97,0.6436535210168922,15.985119839805389,16.165484798708718,0.013275146484375,0.95
98,0.641709372771383,16.100497841336132,16.327626516400052,0.013183104991912841,0.95
99,0.7432507367615686,17.373501498053653,17.373501498053653,0.013140606880187988,1.0
100,0.6564922916235235,17.648856016166242,18.013387911959104,0.013103866577148437,0.95
101,0.7127030495078273,17.871097606652754,17.871097606652754,0.013012397289276122,1.0
102,0.6135955967243525,15.55638605928009,14.539940313531849,0.013370871543884277,0.95
103,0.6556666004514543,13.723594641879751,13.84880579471181,0.01320192813873291,0.95
104,0.6264214281985511,15.484594647332841,15.261505521356241,0.013406908512115479,0.95
105,0.5698656197911629,16.408126352802746,16.40465195036899,0.01320725679397583,0.9
106,0.5616922383994452,17.266328017706662,16.448321981632596,0.013301920890808106,0.9
107,0.7392823075158063,18.2218875412242,18.2218875412242,0.013180387020111085,1.0
108,0.6466202591465613,17.617845532918775,17.460958011390765,0.01316368579864502,0.95
109,0.6660485362490246,15.538204681380734,15.77345447677399,0.013126444816589356,0.95
110,0.5552902617713638,17.232716839795465,16.55756564804806,0.013200759887695312,0.9
111,0.7457913355268444,16.490793824397887,16.490793824397887,0.013169538974761964,1.0
112,0.7431775562501151,15.838333990538018,15.838333990538018,0.013067317008972169,1.0
113,0.7240329132930626,17.12547434580724,17.12547434580724,0.01321505308151245,1.0
114,0.4921451008334813,16.777141788814216,17.62632045122794,0.013751399517059327,0.85
115,0.6391253263385248,17.219335344362943,16.499587361738254,0.013223469257354736,0.95
116,0.7109528658693586,16.580638882459837,16.580638882459837,0.013116049766540527,1.0
117,0.6398524904843063,17.601901238105047,17.976270742443546,0.013272237777709962,0.95
118,0.7130857333540351,17.60636106396449,17.60636106396449,0.013347935676574708,1.0
119,0.7158062802297025,15.299846932619165,15.299846932619165,0.01336963176727295,1.0
120,0.6524210310781763,16.1956076864931,16.487469706383806,0.01314697265625,0.95
121,0.711302888362333,15.575412599542284,15.575412599542284,0.013247501850128175,1.0
122,0.6589802230191172,16.608830615003345,16.604132480527667,0.013076210021972656,0.95
123,0.7301445417300011,16.53191121557029,16.53191121557029,0.013278782367706299,1.0
124,0.6748226475433232,16.662073829518143,15.829538722199358,0.013100433349609374,0.95
125,0.658452788055057,16.97702857723076,17.26277252176322,0.013294410705566407,0.95
126,0.7336601790151155,15.193953266215834,15.193953266215834,0.013177049160003663,1.0
127,0.7188033182289717,14.682289708347204,14.682289708347204,0.013310551643371582,1.0
128,0.6821554043037101,17.971517266774097,17.971517266774097,0.01296011209487915,1.0
129,0.6428535314346007,16.05998460428821,16.34508291300327,0.013128447532653808,0.95
130,0.6251284920609145,16.395229085138304,16.67367579951163,0.013192272186279297,0.95
131,0.6861040530112991,16.315613312707647,16.315613312707647,0.013290941715240479,1.0
132,0.7138137754130183,16.0330866658713,16.0330866658713,0.013459122180938721,1.0
133,0.5540824261166234,16.897163128407247,17.288435469171496,0.013271713256835937,0.9
134,0.725020510076129,15.396507580186826,15.396507580186826,0.013313519954681396,1.0
135,0.4905393028329743,15.802117177636529,16.667002139252226,0.013327836990356445,0.85
136,0.7281178644329342,15.099728760697747,15.099728760697747,0.013074374198913575,1.0
137,0.7155626052369686,14.638866409009978,14.638866409009978,0.013041889667510987,1.0
138,0.7565811415865601,15.811070764133209,15.811070764133209,0.013337349891662598,1.0
139,0.6598795527118393,14.920779080759905,15.12443604985556,0.013214266300201416,0.95
140,0.6667055314425515,15.477828598124635,14.590066644274154,0.013265979290008546,0.95
141,0.6388754309722533,15.384851273101912,14.289829928766368,0.013226032257080078,0.95
142,0.6510838412654558,19.975033166692313,20.201456441793262,0.013372528553009033,0.95
143,0.4692456273266095,18.251707949370463,19.002201115117153,0.013185560703277588,0.85
144,0.7094459170873719,18.725671585430568,18.725671585430568,0.01311633586883545,1.0
145,0.5298039627732901,19.327978146056534,19.706564915729803,0.013234949111938477,0.9
146,0.6527838994502487,17.20663679842908,17.06145235186093,0.013207674026489258,0.95
147,0.7064253279198283,17.300934991474815,17.300934991474815,0.013223850727081298,1.0
148,0.6707844821237149,16.395239767294534,16.395239767294534,0.013366436958312989,1.0
149,0.6500501745039823,16.552608782967596,16.52183215760329,0.01331174373626709,0.95
150,0.6639892401092246,15.866766829753427,15.975247099072524,0.013160800933837891,0.95
151,0.6384724524687975,14.933936468081265,15.16880257188658,0.013041698932647705,0.95
152,0.7071483003360767,17.106040777120917,17.106040777120917,0.013375282287597656,1.0
153,0.6464967874872165,14.82710867811475,14.905026534553839,0.013271844387054444,0.95
154,0.7506105028167612,14.54216830232117,14.54216830232117,0.013218498229980469,1.0
155,0.6427131501944829,17.63928913286123,17.73662022874383,0.01322779655456543,0.95
156,0.5038879533157892,17.832713509078324,18.634880081348655,0.013402831554412842,0.85
157,0.6241086212569551,15.712795210473805,15.89087449676992,0.01323390007019043,0.95
158,0.5670867764248461,17.377935845718333,17.56683040909978,0.0132423996925354,0.9
159,0.718472264648192,17.990717716930238,17.990717716930238,0.013289046287536622,1.0
160,0.6366687246909621,18.51221591806955,18.577565523220734,0.013326168060302734,0.95
161,0.6550552311954736,16.300247032516253,16.412781780594404,0.013006293773651123,0.95
162,0.5145596830980617,14.201426367538176,14.482227779717123,0.01324605941772461,0.85
163,0.6546463073999151,14.181263523165352,14.264956482437237,0.013114142417907714,0.95
164,0.7218773113861536,16.439719777907577,16.439719777907577,0.013193023204803467,1.0
165,0.7338673444301279,15.406807142360236,15.406807142360236,0.013097798824310303,1.0
166,0.719406915579243,14.632409432034162,14.632409432034162,0.013105988502502441,1.0
167,0.7122712873584697,15.804777619283737,15.804777619283737,0.013410210609436035,1.0
168,0.716726364468807,17.06377342486269,17.06377342486269,0.013420724868774414,1.0
169,0.6700129158583176,17.30688896617903,16.43862890372103,0.013454651832580567,0.95
170,0.6437435647748233,17.647744155745606,17.9211004235873,0.013312792778015137,0.95
171,0.7233061645335847,16.118740284624284,16.118740284624284,0.013400089740753175,1.0
172,0.6456968083125674,14.835846241566077,14.568040369451852,0.013059079647064209,0.95
173,0.7320627291317713,12.842010846292485,12.842010846292485,0.013226580619812012,1.0
174,0.7465658336607539,14.055162767176716,14.055162767176716,0.01341867446899414,1.0
175,0.5739155245611447,15.105871447094591,15.319109274381143,0.013147640228271484,0.9
176,0.744164915233833,16.592553827250317,16.592553827250317,0.013118088245391846,1.0
177,0.7199085765946427,15.368903070812085,15.368903070812085,0.01333085298538208,1.0
178,0.7201344563514469,15.303213742300077,15.303213742300077,0.0135498046875,1.0
179,0.5857614200471086,16.41843844568529,15.530531935536288,0.013294064998626709,0.9
180,0.5579794614651284,16.067300015864056,14.786262577766694,0.013471591472625732,0.9
181,0.7500995732637052,17.89658946357139,17.89658946357139,0.013329768180847168,1.0
182,0.6811579866858648,17.19872370599421,17.19872370599421,0.01324307918548584,1.0
183,0.6955080414247171,14.090907752520113,14.090907752520113,0.013193786144256592,1.0
184,0.6641788678667266,14.888678166403182,14.78755496559387,0.013326573371887206,0.95
185,0.6577985718796643,15.262959752064159,15.35013175555631,0.013315820693969726,0.95
186,0.5555359927321838,16.578575814055668,17.17673828357807,0.013216829299926758,0.9
187,0.7131641998332896,16.28075449730451,16.28075449730451,0.013520598411560059,1.0
188,0.5660049479073498,13.073511383238877,13.136954630092358,0.013480842113494873,0.9
189,0.6619101759498898,16.125887241866135,16.175700232221715,0.013040304183959961,0.95
190,0.6274688434373623,18.305892077318752,18.322665133078026,0.013454616069793701,0.95
191,0.7287046672245097,17.78578967079825,17.78578967079825,0.01352766752243042,1.0
192,0.6380389092286928,16.563572083392735,16.849913082252385,0.013268721103668214,0.95
193,0.7085225417837369,14.933983475896046,14.933983475896046,0.013346099853515625,1.0
194,0.6868095550981577,14.717542544590733,14.717542544590733,0.013331806659698487,1.0
195,0.7097461661900114,17.272878612584325,17.272878612584325,0.013272762298583984,1.0
196,0.6509874012592476,15.53824677601516,15.578728144547492,0.013264203071594238,0.95
197,0.6600941323949249,15.678915461644843,15.884284618284422,0.01325756311416626,0.95
198,0.7319948195881285,16.93992374563517,16.93992374563517,0.013269174098968505,1.0
199,0.757298452768938,13.004321843615745,13.004321843615745,0.013389837741851807,1.0
200,0.6902657179589272,14.875210720309203,14.848414654469238,0.013221311569213866,0.95
201,0.6348376515421161,16.29705453925066,16.44518737796317,0.013359916210174561,0.95
202,0.7025131513132745,14.447944677736956,14.447944677736956,0.01318345069885254,1.0
203,0.6419067994677823,14.98225863165301,14.808789801574287,0.013183832168579102,0.95
204,0.7196713036324447,14.840212433652033,14.840212433652033,0.01328585147857666,1.0
205,0.6672836338320021,13.680769979856933,13.856540139277763,0.013182413578033448,0.95
206,0.7270860174831286,15.952910757773136,15.952910757773136,0.013225102424621582,1.0
207,0.7146679203683514,17.060977243035712,17.060977243035712,0.013315224647521972,1.0
208,0.701352445174592,14.805523015404589,14.805523015404589,0.01321582794189453,1.0
209,0.7032067897479413,14.226838278428946,14.226838278428946,0.013718616962432862,1.0
210,0.5444577753518638,12.937095747101562,12.969654392129394,0.013449406623840332,0.9
211,0.7219741121055665,13.617138224398172,13.617138224398172,0.013460266590118408,1.0
212,0.6409964978436868,17.632302746397805,17.659197682569324,0.013219130039215089,0.95
213,0.693566353055242,16.689759681709855,16.689759681709855,0.013400554656982422,1.0
214,0.5640849274473806,15.710965864543457,16.200165692897478,0.013162696361541748,0.9
215,0.5594188438733741,15.393839789885382,15.269902837122487,0.013293850421905517,0.9
216,0.6502083724161047,14.947046607146262,14.826284517472644,0.013266873359680176,0.95
217,0.7249621059495694,13.818126421378466,13.818126421378466,0.013024437427520751,1.0
218,0.7464346439334816,16.902237640990183,16.902237640990183,0.013195383548736572,1.0
219,0.6776331145275671,12.796057167049232,12.796057167049232,0.013405406475067138,1.0
220,0.6483894452200477,14.303430139063238,14.473714045066084,0.01344752311706543,0.95
221,0.5543610934365912,13.683442061481031,13.762291774949134,0.013302242755889893,0.9
222,0.7506091997619017,15.782509179149184,15.782509179149184,0.013304710388183594,1.0
223,0.7524597800502927,13.712936804844642,13.712936804844642,0.013184356689453124,1.0
224,0.7111067149174036,16.945585290344972,16.945585290344972,0.013004755973815918,1.0
225,0.7213266358206329,18.214015615692535,18.214015615692535,0.013317763805389404,1.0
226,0.5807242655145705,15.346734358703197,15.620490447023919,0.013251352310180663,0.9
227,0.4892302291792531,14.104444621912227,14.141171358152254,0.013337743282318116,0.85
228,0.649108785633769,16.39274028239923,16.46741623231195,0.013302779197692871,0.95
229,0.7132161370930132,16.231256738302815,16.231256738302815,0.013054192066192627,1.0
230,0.47716798658199105,17.71745668869287,18.257507570537147,0.013029825687408448,0.85
231,0.691862866865811,19.061223014206334,19.061223014206334,0.013425624370574952,1.0
232,0.7307870172926301,16.24459121312325,16.24459121312325,0.013273108005523681,1.0
233,0.6676429262459725,15.422220022797779,15.599684224497494,0.013394320011138916,0.95
234,0.6213229777431061,14.642244133576995,14.770541324646492,0.013130414485931396,0.95
235,0.7063009782529918,14.761546628992912,14.761546628992912,0.013232839107513428,1.0
236,0.7378043986150614,15.018100164949264,15.018100164949264,0.013309085369110107,1.0
237,0.7087482508404327,13.695120302002826,13.695120302002826,0.013520264625549316,1.0
238,0.642843491743694,16.71051976686198,17.047400311210012,0.01341397762298584,0.95
239,0.66554397154754,16.343203900757334,16.629112432541785,0.013357961177825927,0.95
240,0.6605204143886639,15.293610167245095,15.52998246855993,0.013308107852935791,0.95
241,0.7268225262594015,16.484552610104707,16.484552610104707,0.013422155380249023,1.0
242,0.7119325057673196,15.935360138332172,15.935360138332172,0.013127374649047851,1.0
243,0.6897641528064016,17.88530857550292,17.88530857550292,0.013323760032653809,1.0
244,0.7146308491681496,18.997338605068556,18.997338605068556,0.013228881359100341,1.0
245,0.648411981136676,18.843689710217866,19.273910132935544,0.013061285018920898,0.95
246,0.6341873929092641,15.702367836099537,15.898840462634888,0.013039612770080566,0.95
247,0.7294127337325045,16.425681484994374,16.425681484994374,0.01332108974456787,1.0
248,0.7123767790171203,17.536572632698938,17.536572632698938,0.013174450397491455,1.0
249,0.7265583223037824,16.581802581591056,16.581802581591056,0.01306225061416626,1.0
250,0.6462566949344657,17.026041721534124,16.2308738370419,0.013535642623901367,0.95
251,0.6916385562895366,15.512437877602462,15.512437877602462,0.013131892681121827,1.0
252,0.6413447882597924,16.26980786221329,16.21497438099681,0.013265931606292724,0.95
253,0.627097608001901,17.86825751741507,17.84158054250691,0.013419294357299804,0.95
254,0.7215886985836748,15.47284120722326,15.47284120722326,0.013071465492248534,1.0
255,0.7058701483492587,17.920284250814653,17.920284250814653,0.013275361061096192,1.0
256,0.7433783062815617,15.654520284681826,15.654520284681826,0.013436615467071533,1.0
257,0.7115721342809064,18.05365098088648,18.05365098088648,0.013276386260986327,1.0
258,0.662458427153131,14.105011372673108,14.262597291360166,0.013451302051544189,0.95
259,0.6350645589212134,15.474687579582241,15.273326727640725,0.013289940357208253,0.95
260,0.7188786633748426,17.36701762468021,17.36701762468021,0.013437259197235107,1.0
261,0.6467673034070229,13.61187910984601,13.778405382431652,0.013449490070343018,0.95
262,0.7124586707693801,19.528336870637595,19.528336870637595,0.01337132453918457,1.0
263,0.5790900536151492,16.69425453633897,16.78913513388632,0.013193154335021972,0.9
264,0.7197137564968658,16.298533733950478,16.298533733950478,0.013232541084289551,1.0
265,0.6298830514141545,16.509416678027446,16.512287771047188,0.013067066669464111,0.95
266,0.6404623453286652,14.77092423304594,15.020958722222064,0.013266026973724365,0.95
267,0.6644967263837771,14.328849873895797,14.48951920765649,0.01304532289505005,0.95
268,0.72118059037289,15.451269245094778,15.451269245094778,0.013203740119934082,1.0
269,0.6998682026582889,17.40305185491574,17.40305185491574,0.013228309154510499,1.0
270,0.652105760553676,16.137063323481353,15.26293085181391,0.013035094738006592,0.95
271,0.7219273467190165,16.549120773326187,16.549120773326187,0.013161671161651612,1.0
272,0.7417947291827989,16.04607705515615,16.04607705515615,0.0131902813911438,1.0
273,0.6949029873175091,14.188896738985225,14.188896738985225,0.013210856914520263,1.0
274,0.7206051947704537,16.224713110420502,16.224713110420502,0.013090574741363525,1.0
275,0.7190164718701848,16.586475552440028,16.586475552440028,0.013160884380340576,1.0
276,0.653941297658308,15.388400221237571,15.657216834753683,0.013040125370025635,0.95
277,0.7031525867045312,15.746443186593861,15.746443186593861,0.01295778751373291,1.0
278,0.6747542856758049,16.04132436420918,15.85993292101853,0.013171780109405517,0.95
279,0.7039422985995641,16.26555335175029,16.26555335175029,0.013196420669555665,1.0
280,0.7216133030443492,16.51214883538142,16.51214883538142,0.013313865661621094,1.0
281,0.7464702926543272,15.397665295351382,15.397665295351382,0.013198423385620116,1.0
282,0.58518325976498,14.287440198271389,14.73928806171861,0.013327062129974365,0.9
283,0.6936857903860029,15.934112127685319,15.934112127685319,0.012958657741546632,1.0
284,0.7182235682241233,15.832047011149134,15.832047011149134,0.013269460201263428,1.0
285,0.6614795067558245,15.863212359243644,15.838314838639564,0.01312096118927002,0.95
286,0.7373088711427066,16.95523361114735,16.95523361114735,0.013022589683532714,1.0
287,0.6598702211404001,15.330904361751536,15.147858694801656,0.013412630558013916,0.95
288,0.7283573056164239,16.594477516003305,16.594477516003305,0.013131725788116454,1.0
289,0.7107684314495694,14.480743498473313,14.480743498473313,0.013191521167755127,1.0
290,0.6470331368693543,14.877782176693827,14.688522764622752,0.012947547435760497,0.95
291,0.7559757671280111,14.597642496557048,14.597642496557048,0.012945938110351562,1.0
292,0.4983288197368655,17.138944913843527,16.735170399030316,0.01314934492111206,0.85
293,0.5454774435088272,17.078610663766888,17.330773440916733,0.012989199161529541,0.9
294,0.6124767273574452,14.707366993055683,14.513254985403254,0.013450551033020019,0.95
295,0.6268040836969155,15.812726176023443,15.818611362758867,0.013115894794464112,0.95
296,0.6142865418699428,17.245531313987797,17.399469280068868,0.013093233108520508,0.95
297,0.5634349124027048,18.22936473546734,18.29745446316536,0.013165748119354248,0.9
298,0.5478762080109831,15.762982185546775,15.950561337259128,0.013152635097503662,0.9
299,0.6238271671609636,18.316178640017828,18.287026938451042,0.013189613819122314,0.95
300,0.6579568545702438,17.794610401435435,17.64696675798655,0.013086986541748048,0.95
301,0.6556296532862191,15.501351723248963,15.520211058220228,0.013122141361236572,0.95
302,0.7038023274564387,15.11345337173853,15.11345337173853,0.013202571868896484,1.0
303,0.7300635413240284,17.20683441376882,17.20683441376882,0.01307758092880249,1.0
304,0.6489267152439194,16.31728445957632,16.46782123282073,0.013191092014312743,0.95
305,0.5676851978250573,14.529884983481304,13.171350314453498,0.013021135330200195,0.9
306,0.7098499979015823,16.75084136101428,16.75084136101428,0.013017022609710693,1.0
307,0.7326203448181541,15.922617580174096,15.922617580174096,0.01297910213470459,1.0
308,0.6617223170652022,15.587561635260792,15.789909663468848,0.012919723987579346,0.95
309,0.7122962024049924,13.84877252178816,13.84877252178816,0.013117074966430664,1.0
310,0.6700797814012682,14.168770040253435,14.300059418401103,0.013145816326141358,0.95
311,0.6889917135213206,15.912979073326472,15.912979073326472,0.013189220428466797,1.0
312,0.7129450570501255,16.365149012547995,16.365149012547995,0.013233518600463868,1.0
313,0.7218974043388262,15.785152178424775,15.785152178424775,0.013482916355133056,1.0
314,0.7429258937298555,14.457251426362145,14.457251426362145,0.013312911987304688,1.0
315,0.5744749627743205,15.278400867616593,15.235705770989293,0.013240110874176026,0.9
316,0.7457131742804448,17.202146993528856,17.202146993528856,0.013050651550292969,1.0
317,0.73033921673686,14.087991086837263,14.087991086837263,0.013230848312377929,1.0
318,0.6978830950765189,14.170036024821048,14.170036024821048,0.01313098669052124,1.0
319,0.665016872256421,17.370402989159537,17.455915347242115,0.013076686859130859,0.95
320,0.7172378517697602,16.713240242081852,16.713240242081852,0.012960851192474365,1.0
321,0.7196444066412354,17.21276275179488,17.21276275179488,0.012982261180877686,1.0
322,0.6497490509359969,15.822046274336893,15.848938044405031,0.013048219680786132,0.95
323,0.6692794962560905,14.052047653297018,13.847702937248537,0.013356852531433105,0.95
324,0.7392889155001079,16.450232659455256,16.450232659455256,0.013122296333312989,1.0
325,0.713234305412376,14.613490587166911,14.613490587166911,0.013227760791778564,1.0
326,0.7160122299167526,15.66757363783272,15.66757363783272,0.013441205024719238,1.0
327,0.7208055296826581,15.722080158472371,15.722080158472371,0.013267076015472412,1.0
328,0.7307847195955504,16.031454136649923,16.031454136649923,0.01313455104827881,1.0
329,0.7123640439577534,14.771104226277552,14.771104226277552,0.013038849830627442,1.0
330,0.7086761677190351,14.961048033322125,14.961048033322125,0.013054144382476807,1.0
331,0.7070935030927903,18.982216633851476,18.982216633851476,0.013338077068328857,1.0
332,0.6929508511158919,19.266225867829313,19.266225867829313,0.013139081001281739,1.0
333,0.6362517868892472,14.308260260791064,14.490023773090872,0.01335374116897583,0.95
334,0.6302377156909803,17.28299945624918,16.380137305252294,0.013125479221343994,0.95
335,0.7367773765599306,18.901723888042476,18.901723888042476,0.013322710990905762,1.0
336,0.6557128117044259,17.528990192285494,17.895858838287882,0.013349187374114991,0.95
337,0.6193347954110775,17.935807123820616,16.886542122857406,0.013227832317352296,0.95
338,0.5585701074989651,18.55238736118927,17.95944247548911,0.013286900520324708,0.9
339,0.6981885444397892,17.327977979811244,17.327977979811244,0.013286185264587403,1.0
340,0.5790016302233786,15.328300796218603,15.109981107696127,0.013093948364257812,0.9
341,0.6582607490921173,15.654775763559106,15.741443366862867,0.01320399045944214,0.95
342,0.641100015377062,15.697438974135093,15.458321224148952,0.01325688362121582,0.95
343,0.7340249701635257,14.805061321560668,14.805061321560668,0.013126277923583984,1.0
344,0.739796361683907,17.731652737862525,17.731652737862525,0.013020765781402589,1.0
345,0.7393331145919821,15.533438904321182,15.533438904321182,0.0132576584815979,1.0
346,0.6621672564736328,14.205050055850862,14.357114149116796,0.01322610378265381,0.95
347,0.6041175632929532,15.571217093519763,15.70356230932554,0.01301501989364624,0.95
348,0.5177903574164178,13.960406856595577,14.067602968103852,0.013147175312042236,0.85
349,0.5588452069472478,15.28368446921946,15.285258213299715,0.013367545604705811,0.9
350,0.5518313157148922,16.79683982006416,16.779627404975624,0.013399434089660645,0.9
351,0.6625823536983667,14.760035022171326,14.946460719089373,0.013424909114837647,0.95
352,0.6321624157116166,15.643865802789055,15.367287460902817,0.013462376594543458,0.95
353,0.6573611121701505,14.517637083093234,14.475308462846613,0.013167095184326173,0.95
354,0.7257795466109187,16.412174680313317,16.412174680313317,0.013183212280273438,1.0
355,0.7211495531488733,14.140378686893499,14.140378686893499,0.013273978233337402,1.0
356,0.5889742447418435,16.64038138474234,16.487859165956387,0.013231265544891357,0.95
357,0.6349150592753408,17.301728500631764,17.311302230456747,0.013386094570159912,0.95
358,0.7000829033374651,16.97892009650358,16.97892009650358,0.013382089138031007,1.0
359,0.7172054601157382,15.842365208032493,15.842365208032493,0.013116836547851562,1.0
360,0.65059089045857,15.303762199035083,15.212045121787906,0.013082849979400634,0.95
361,0.7329952344091593,15.741588055175658,15.741588055175658,0.013189613819122314,1.0
362,0.7622453324350753,16.296934569102568,16.296934569102568,0.013286209106445313,1.0
363,0.7271596267733583,15.912534591631111,15.912534591631111,0.01312943696975708,1.0
364,0.7351600632882386,16.807226527085056,16.807226527085056,0.013066530227661133,1.0
365,0.6345975538237579,18.45915136817085,18.536016892053617,0.013222205638885497,0.95
366,0.6418884163478342,14.618101625843414,14.706366000093803,0.013204121589660644,0.95
367,0.6186477344691211,17.117760501536814,16.06535045862064,0.013284337520599366,0.95
368,0.6411418304699613,15.104768767160982,14.136219956898593,0.013077294826507569,0.95
369,0.7407159071236503,14.681261019365754,14.681261019365754,0.01311194896697998,1.0
370,0.7431118335709256,15.699326885081001,15.699326885081001,0.013540959358215332,1.0
371,0.7055787512123742,15.029615511934143,15.029615511934143,0.013148641586303711,1.0
372,0.6605845790183787,15.531562199894946,15.691233368883092,0.013291990756988526,0.95
373,0.7290248216571369,17.004892094700928,17.004892094700928,0.013298428058624268,1.0
374,0.7252291885295021,16.569896280057037,16.569896280057037,0.013463878631591797,1.0
375,0.6646342670134755,14.179742615361443,14.328325378474496,0.013243019580841064,0.95
376,0.6555615500306262,17.370076529954954,17.37741312702596,0.013033711910247802,0.95
377,0.7589936577931,15.445405713350842,15.445405713350842,0.013552653789520263,1.0
378,0.7153043473987163,16.511159435516483,16.511159435516483,0.013262283802032471,1.0
379,0.6252087980078279,16.510336281875976,16.358499920507533,0.013475418090820312,0.95
380,0.6309658608114752,18.20002418719297,18.527498622051255,0.013405978679656982,0.95
381,0.7130391000506777,16.748616954958116,16.748616954958116,0.013132810592651367,1.0
382,0.6634488249656196,16.884600807982412,17.063973034799908,0.013348126411437988,0.95
383,0.7009495897520899,17.199068379043748,17.199068379043748,0.013360047340393066,1.0
384,0.5655373986943293,18.78041970554878,19.281666891221573,0.013367044925689697,0.9
385,0.595521084447062,18.93093779304787,18.612300952114147,0.013508164882659912,0.9
386,0.6115490949474591,18.34042465217007,17.602480405545627,0.013749396800994873,0.95
387,0.6374733814853053,16.50527907435558,16.7755138040224,0.01321406364440918,0.95
388,0.6225930541453337,15.916578779455287,16.165210391822505,0.01325758695602417,0.95
389,0.7288120144301617,16.68422635090961,16.68422635090961,0.013283228874206543,1.0
390,0.6810186179491345,16.142613762261046,16.29904130755425,0.013171780109405517,0.95
391,0.6607442712570961,18.094577079193147,18.1416482165248,0.013239431381225585,0.95
392,0.7262316568259761,14.763106489804912,14.763106489804912,0.013452935218811034,1.0
393,0.7176509164173565,16.705178456011627,16.705178456011627,0.013063776493072509,1.0
394,0.6506972299313397,16.18004738312542,16.424952531410298,0.013073277473449708,0.95
395,0.7123963580225793,18.327537926069915,18.327537926069915,0.013403332233428955,1.0
396,0.728264636950104,16.219975116436412,16.219975116436412,0.01350553035736084,1.0
397,0.5507668320875323,18.184017709732924,17.61474809753855,0.013186454772949219,0.9
398,0.57486967536224,15.898645394029723,16.42885401773937,0.013226425647735596,0.9
399,0.7196225612636343,15.569416114499578,15.569416114499578,0.013176453113555909,1.0
400,0.7111119157659695,17.216215023381675,17.216215023381675,0.013049674034118653,1.0
401,0.6537677344926626,15.58766102807191,15.741011160672896,0.01304081678390503,0.95
402,0.7103542615111469,15.978745903816947,15.978745903816947,0.013098931312561036,1.0
403,0.6921062227130997,17.613520788371865,17.613520788371865,0.013115990161895751,1.0
404,0.562293893537288,17.21408036856385,17.04820290524485,0.013131141662597656,0.9
405,0.5601597399349767,15.850286059777346,15.481794105561026,0.013275074958801269,0.9
406,0.6439070252778697,18.21257518326887,18.441598380492852,0.013304626941680909,0.95
407,0.6579007761121126,16.880354001633613,17.141925565137036,0.013134241104125977,0.95
408,0.699435087018807,14.477173523760687,14.477173523760687,0.01314922571182251,1.0
409,0.5667249416724468,14.5895937935057,14.647535027842913,0.013139402866363526,0.9
410,0.697310655115546,18.599967387760124,18.599967387760124,0.013208317756652831,1.0
411,0.5497169618700338,15.248106903001167,14.31884263391968,0.013065874576568604,0.9
412,0.4227416741883451,16.8496902175199,15.982952209839087,0.013190972805023193,0.8
413,0.6085999306069024,14.888248377675643,15.132577437754733,0.013119125366210937,0.95
414,0.637993715410011,15.902373842247613,15.827354797883366,0.013087654113769531,0.95
415,0.6309748646250865,18.745141718723733,18.593506912879953,0.013369715213775635,0.95
416,0.7276784909698162,17.8747543106821,17.8747543106821,0.012971150875091552,1.0
417,0.5726104702239224,16.825149555141795,17.09732519259692,0.013157963752746582,0.9
418,0.6967500557209956,15.910606923812386,15.910606923812386,0.013471484184265137,1.0
419,0.48068302329230495,15.513029004419511,15.718653150417314,0.013177442550659179,0.85
420,0.7279729645160808,16.501367634125863,16.501367634125863,0.01304175853729248,1.0
421,0.6346739136243819,13.93961071370504,13.971617644044835,0.013238036632537841,0.95
422,0.6134740209454513,14.459395481626895,14.543101689153787,0.013022840023040771,0.95
423,0.6891571014259368,13.573140914097555,13.573140914097555,0.013287758827209473,1.0
424,0.7204887723336981,15.480551738272386,15.480551738272386,0.01307365894317627,1.0
425,0.7295326784304466,17.607637630691713,17.607637630691713,0.013126814365386963,1.0
426,0.5934423027427944,16.724852140670567,17.093453058425887,0.013036119937896728,0.9
427,0.5634583547535799,16.06409379685078,16.29227511129949,0.013125526905059814,0.9
428,0.6167099146844681,16.430359361774634,16.30618885416139,0.013236606121063232,0.95
429,0.575865208563183,18.62586214881288,18.090952353266857,0.013234126567840575,0.9
430,0.7006126088573271,16.71581904914968,16.71581904914968,0.013164389133453368,1.0
431,0.6465074834781711,17.188539588220884,16.511430118841577,0.013342475891113282,0.95
432,0.729163530619023,17.98254341993461,17.98254341993461,0.013235199451446533,1.0
433,0.5774196807774842,16.88721779512546,16.877656802293707,0.013211715221405029,0.9
434,0.7300132844013828,17.60272937610706,17.60272937610706,0.013020288944244385,1.0
435,0.6589965903119266,15.325244702481715,15.167577928046159,0.013021767139434814,0.95
436,0.6904917731189018,14.577031728144927,14.694429601816406,0.013068926334381104,0.95
437,0.7221118018097556,14.529653907364665,14.529653907364665,0.013233935832977295,1.0
438,0.5786863192030894,17.694408564806974,18.346332077219976,0.01293799877166748,0.9
439,0.7201517492988081,15.276497451273272,15.276497451273272,0.013017785549163819,1.0
440,0.4646098588546477,13.192420364818673,12.827170335872585,0.013137507438659667,0.85
441,0.7203029281793202,15.516039232257839,15.516039232257839,0.01319812536239624,1.0
442,0.5831129911305417,16.731941541402858,15.575228570518043,0.013097333908081054,0.9
443,0.7244731139766764,17.888163963512927,17.888163963512927,0.01295546293258667,1.0
444,0.6173247841197798,18.676688751562292,18.7185903792174,0.013076245784759521,0.95
445,0.7356623319290598,18.03102693805679,18.03102693805679,0.013171982765197755,1.0
446,0.6906738414196694,17.81372236380532,17.81372236380532,0.012883198261260987,1.0
447,0.7117366582325173,15.854287337865363,15.854287337865363,0.013119161128997803,1.0
448,0.638516974506768,14.310461038332821,14.462333689226137,0.013148438930511475,0.95
449,0.7179043026201682,15.898119512653443,15.898119512653443,0.013132321834564208,1.0
450,0.6201468904946091,15.292586238686457,15.5190492189891,0.01302332878112793,0.95
451,0.6972122815617035,17.286075396367107,17.286075396367107,0.013078391551971436,1.0
452,0.711486263131684,12.861318235561736,12.861318235561736,0.01322556734085083,1.0
453,0.6246094322731961,18.321407978692182,18.666744914983962,0.013016831874847413,0.95
454,0.6582029650792331,17.179554848429586,15.935448155491791,0.013064718246459961,0.95
455,0.72929310521793,13.738406106652542,13.738406106652542,0.013333570957183839,1.0
456,0.698956933036788,15.504507473524574,15.504507473524574,0.01334472894668579,1.0
457,0.73745794319976,18.679360972114637,18.679360972114637,0.013342571258544923,1.0
458,0.6440395978223468,17.916897417576358,18.277539026592457,0.013155817985534668,0.95
459,0.6494308202545286,16.1726182264836,16.486939788171803,0.013482117652893066,0.95
460,0.7109627647848218,14.500890957744087,14.500890957744087,0.013181328773498535,1.0
461,0.6412032994836137,14.064306254683462,13.767525408199491,0.013437724113464356,0.95
462,0.6395542220770886,15.429289448583589,15.240613446619605,0.013429665565490722,0.95
463,0.7158939321887051,17.830811793386353,17.830811793386353,0.013124120235443116,1.0
464,0.7383359609701675,16.881199867572274,16.881199867572274,0.013130223751068116,1.0
465,0.712063546893482,16.9026095356263,16.9026095356263,0.013148725032806396,1.0
466,0.6039823885099108,17.69668804310476,17.82186376176493,0.0131317138671875,0.95
467,0.6869043495551374,15.121348948017664,15.121348948017664,0.01335831880569458,1.0
468,0.634246367831636,15.780318477481975,16.080117627371,0.013322460651397704,0.95
469,0.6827738473318838,15.82437301639456,15.82437301639456,0.013158869743347169,1.0
470,0.7006167843820483,12.382980955307087,12.382980955307087,0.0133056640625,1.0
471,0.6427223937920138,13.476212861206843,13.218234739188345,0.013428211212158203,0.95
472,0.4784299153377038,16.746591100656925,16.777189709710417,0.013240838050842285,0.85
473,0.7459581877982766,15.651103083301757,15.651103083301757,0.013170146942138672,1.0
474,0.722675185019064,17.565959093642082,17.565959093642082,0.013156378269195556,1.0
475,0.6574423059988405,14.432783886365906,14.592735953657867,0.013123703002929688,0.95
476,0.7139785459186836,14.656764682155208,14.656764682155208,0.013221848011016845,1.0
477,0.6305155024136946,15.007991226456948,15.269842709849486,0.013257014751434325,0.95
478,0.5832374582666185,14.86151678963645,15.243929203182782,0.012970185279846192,0.9
479,0.7202292551594712,17.77191988990395,17.77191988990395,0.013225102424621582,1.0
480,0.5950990848378126,15.729017626321971,16.324714830357582,0.013216042518615722,0.9
481,0.6318135397200662,16.32897411140637,16.306309903818473,0.013384604454040527,0.95
482,0.6223822455600654,15.246628094591637,15.1347301589538,0.013065063953399658,0.95
483,0.73549094789916,15.691809511531375,15.691809511531375,0.01331998109817505,1.0
484,0.7109290204517918,16.50611912095231,16.50611912095231,0.013161396980285645,1.0
485,0.7267140854013405,13.125439500878127,13.125439500878127,0.01340634822845459,1.0
486,0.7011780837966678,17.852432886342,17.852432886342,0.013099598884582519,1.0
487,0.7509103294655615,15.447573359418948,15.447573359418948,0.012972354888916016,1.0
488,0.5478432564848963,14.954901049097273,15.125867976958627,0.013264286518096923,0.9
489,0.41731119671777267,13.690673693153522,13.990009859515732,0.013164758682250977,0.8
490,0.4884968017107605,16.301096209968943,16.379608775940834,0.013287293910980224,0.85
491,0.6477376957296163,16.4811236063349,16.723400327086097,0.013297104835510254,0.95
492,0.7324983255966022,16.548772726712436,16.548772726712436,0.013417840003967285,1.0
493,0.5915565682093449,15.797778175028522,15.163830250124327,0.013016867637634277,0.9
494,0.719633587315065,17.75859121887578,17.75859121887578,0.01316678524017334,1.0
495,0.5366821588260435,16.56844898431785,16.997777286578206,0.013299298286437989,0.9
496,0.7232919226249316,17.319441915848365,17.319441915848365,0.01324368715286255,1.0
497,0.7214447303387165,15.83449662660276,15.83449662660276,0.01322500705718994,1.0
498,0.7311968712869178,16.008255728240975,16.008255728240975,0.013283658027648925,1.0
499,0.6338607568680404,14.617120854423309,14.458383748355228,0.013062751293182373,0.95
500,0.5686137557868818,15.975748085735699,15.455313453868037,0.013377630710601806,0.9
501,0.7041197617776596,15.086817345045414,15.086817345045414,0.013221371173858642,1.0
502,0.7197786698816617,16.440732231221936,16.440732231221936,0.01321706771850586,1.0
503,0.7247586627132508,14.09472196660975,14.09472196660975,0.013357329368591308,1.0
504,0.7116141081911237,15.211915802859044,15.211915802859044,0.013079643249511719,1.0
505,0.621963540452166,14.811481639694753,15.003986308728683,0.013176381587982178,0.95
506,0.642586740298741,15.580811261366668,15.767087940877564,0.012784194946289063,0.95
507,0.7098939442906153,15.190193856385989,15.190193856385989,0.013257324695587158,1.0
508,0.6135402014482539,17.667640816042287,17.82427447794122,0.013139605522155762,0.95
509,0.7034612143360165,18.461087038618366,18.461087038618366,0.013124299049377442,1.0
510,0.6817956361791788,15.840980733222969,16.04791259687308,0.012997579574584962,0.95
511,0.5757163940844066,16.551654845603217,16.97231703794514,0.013197779655456543,0.9
512,0.7241766002859955,14.8301554251879,14.8301554251879,0.013046681880950928,1.0
513,0.5575277010335002,15.829560455702406,15.823244838381262,0.012885141372680663,0.9
514,0.5544323897518753,18.276404310604654,17.286114669056683,0.013128483295440673,0.9
515,0.7131411294356548,20.068535934190503,20.068535934190503,0.012862586975097656,1.0
516,0.7110429068292017,16.029530028362434,16.029530028362434,0.013180315494537354,1.0
517,0.7173067999264665,17.157142336059742,17.157142336059742,0.013119792938232422,1.0
518,0.6898851575193097,15.315146168478957,15.315146168478957,0.01314932107925415,1.0
519,0.6601285803995618,13.5200892002967,13.380475705946932,0.01315542459487915,0.95
520,0.7237470119951354,16.687155186962435,16.687155186962435,0.0132684588432312,1.0
521,0.6583462491991093,17.063739401461,17.41312236435612,0.01327136754989624,0.95
522,0.7496964000351022,15.028533119545568,15.028533119545568,0.01359773874282837,1.0
523,0.7391614732781913,13.438429435983243,13.438429435983243,0.013364434242248535,1.0
524,0.6570463306200154,14.749632471263244,14.819833337781512,0.013213205337524413,0.95
525,0.734982635284896,15.889087953336949,15.889087953336949,0.013322770595550537,1.0
526,0.6167962840324257,17.210930586517186,17.431603130975578,0.013442540168762207,0.95
527,0.5497748814062937,11.644881470813196,11.419525574101321,0.013419902324676514,0.9
528,0.6617652489271084,15.112545900398356,15.275524131168188,0.013264048099517822,0.95
529,0.7318708076902413,15.480312775942256,15.480312775942256,0.01343398094177246,1.0
530,0.7384500926837386,16.32278349162031,16.32278349162031,0.013127291202545166,1.0
531,0.6620777798658992,15.516977683824004,15.672401600372941,0.013221120834350586,0.95
532,0.7113818186004842,15.945631640776393,15.945631640776393,0.013155639171600342,1.0
533,0.7411415574698113,14.161097358370839,14.161097358370839,0.013068139553070068,1.0
534,0.7229639313952675,14.005302503176162,14.005302503176162,0.013287818431854248,1.0
535,0.727209449711562,14.61164524601495,14.61164524601495,0.013340950012207031,1.0
536,0.5649309628874792,14.881668435925201,15.078502363640602,0.01341702938079834,0.9
537,0.6307394992866329,17.14979381014478,17.42074962180637,0.013140130043029784,0.95
538,0.5991368061670043,16.236187672290725,15.573595023537264,0.013326263427734375,0.9
539,0.7183285162445855,16.620121761843592,16.620121761843592,0.01340785026550293,1.0
540,0.7360105362603439,16.638162971132125,16.638162971132125,0.013053047657012939,1.0
541,0.7676311823685398,15.963659318239431,15.963659318239431,0.013225913047790527,1.0
542,0.7615311403368329,15.442726419129292,15.442726419129292,0.013181865215301514,1.0
543,0.573013994576194,16.802421228221327,16.779182901076457,0.013147211074829102,0.9
544,0.7333836649185373,15.039359727589513,15.039359727589513,0.013173580169677734,1.0
545,0.7538291624684793,15.503577318782234,15.503577318782234,0.013181674480438232,1.0
546,0.5738625258571528,15.371202887038047,14.630624173369958,0.01320030689239502,0.9
547,0.6452004082219931,16.140501460335404,16.218095279271598,0.013190937042236329,0.95
548,0.7311936456474835,16.984618766788447,16.984618766788447,0.012942123413085937,1.0
549,0.5811738740161929,14.03315637595868,13.880461052960307,0.01305299997329712,0.9
550,0.5776991430420373,15.836484394031402,15.921958503473876,0.01330937147140503,0.9
551,0.5824061629033023,14.870598620082362,15.021611090416789,0.012858593463897705,0.9
552,0.7053537211601274,15.97509289174649,15.97509289174649,0.013176226615905761,1.0
553,0.7127202618963275,16.28582978036628,16.28582978036628,0.013200139999389649,1.0
554,0.713742007569966,13.463877422009414,13.463877422009414,0.012825536727905273,1.0
555,0.6474790623889046,14.541370682996822,14.334054130175678,0.013122117519378662,0.95
556,0.7169615392437614,15.977555415520703,15.977555415520703,0.01309652328491211,1.0
557,0.7115112828870169,18.25471158963176,18.25471158963176,0.013040697574615479,1.0
558,0.6609180231388049,15.114407445023488,14.906654196609907,0.01328589916229248,0.95
559,0.6101841170308189,16.555227372152792,16.40705558731978,0.012913966178894043,0.95
560,0.6997303136707309,16.61305789391312,16.61305789391312,0.013107168674468993,1.0
561,0.7206244347388624,13.948130799474047,13.948130799474047,0.013177788257598877,1.0
562,0.7166181413024885,13.16114950883662,13.16114950883662,0.013187766075134277,1.0
563,0.7343121431903586,16.1052600077982,16.1052600077982,0.013011288642883301,1.0
564,0.43372725337697765,11.392769424400438,11.494610911207648,0.013110625743865966,0.8
565,0.5980240901598242,16.16266195431653,16.639412968921196,0.013223206996917725,0.9
566,0.6349867444583882,16.44342844748021,16.26929474680055,0.013182306289672851,0.95
567,0.6558301324736278,15.971673003702062,15.938033066543872,0.013300657272338867,0.95
568,0.7238125644727335,16.34577496789067,16.34577496789067,0.013234996795654297,1.0
569,0.7312619073123479,14.982623116642804,14.982623116642804,0.01309453248977661,1.0
570,0.5624170572945835,18.000891731913363,17.609116287654153,0.013241767883300781,0.9
571,0.7227497999227159,14.820903158990301,14.820903158990301,0.012924838066101074,1.0
572,0.7206506983191905,13.487366281282121,13.487366281282121,0.01329432725906372,1.0
573,0.7433012207346545,15.401855923165902,15.401855923165902,0.013236188888549804,1.0
574,0.6380345272165584,14.539299853397594,14.26038395926996,0.013338375091552734,0.95
575,0.5752229753663191,15.179168636258694,14.521945826722762,0.013303256034851075,0.9
576,0.6371307303452596,15.730526766788419,15.993845593756864,0.012983417510986328,0.95
577,0.6438762064727006,17.192072437337767,16.27083155865402,0.013155388832092284,0.95
578,0.5662564781281558,19.993596120283907,18.930946060689386,0.013199698925018311,0.9
579,0.7365188533013916,19.115648903008385,19.115648903008385,0.013019216060638428,1.0
580,0.6420816843617836,17.639294371892554,17.990146466444894,0.013133430480957031,0.95
581,0.6434838469544338,15.895536072439828,16.01458575084775,0.013059890270233155,0.95
582,0.7013705803344216,16.51544223821536,16.51544223821536,0.01277472972869873,1.0
583,0.5702680499579664,16.848617488320684,15.858452753129493,0.012998509407043456,0.9
584,0.7203215021123307,14.6874407758432,14.6874407758432,0.01303725242614746,1.0
585,0.567602196900123,13.375717243082917,13.295470152728399,0.013032197952270508,0.9
586,0.6243425947353558,14.707631162720123,14.733575807207522,0.013198959827423095,0.95
587,0.7181610368599924,13.946068323381013,13.946068323381013,0.012950551509857178,1.0
588,0.5676848294370874,14.373783631186104,14.585770911696443,0.012797677516937256,0.9
589,0.6592135468981369,16.431590380391402,16.761902007303576,0.013242781162261963,0.95
590,0.7383222026877017,14.891857132276579,14.891857132276579,0.01322237253189087,1.0
591,0.7469813414135773,14.969440743942627,14.969440743942627,0.013085615634918214,1.0
592,0.7397045962881977,15.660248979992556,15.660248979992556,0.013378942012786865,1.0
593,0.7545554415377085,13.54280342281107,13.54280342281107,0.013346898555755615,1.0
594,0.6593042271116571,15.213276825930649,14.320247143511045,0.01335735321044922,0.95
595,0.7332515178702381,15.844649490533419,15.844649490533419,0.013034176826477051,1.0
596,0.644638711231022,16.107599146009477,15.14276826557076,0.013081204891204835,0.95
597,0.6653829512108931,16.259691479933405,16.50000166069907,0.012989699840545654,0.95
598,0.7252061417794847,16.945074779385525,16.945074779385525,0.013024818897247315,1.0
599,0.7157479497332515,15.799116649773557,15.799116649773557,0.012902939319610595,1.0
600,0.6499064724209475,14.495569863152033,14.671446468886547,0.01302696466445923,0.95
601,0.6666439102767019,14.809001425199284,15.024938774049723,0.013143622875213623,0.95
602,0.6013747632273058,15.383526903118423,14.669523257361814,0.013101696968078613,0.9
603,0.6879134213526369,17.034740052690445,17.034740052690445,0.013086187839508056,1.0
604,0.7337384645037975,16.574303216856528,16.574303216856528,0.013155210018157958,1.0
605,0.41765216016139706,15.744017945766382,16.718319488579695,0.013373851776123047,0.8
606,0.5738417036468181,16.15560148607331,16.268347050766035,0.013379883766174317,0.9
607,0.5673876111901374,18.298009801805406,17.07319933068577,0.013369584083557129,0.9
608,0.5050151721230688,18.21589754624036,16.3102766719972,0.01317601203918457,0.85
609,0.6252123870265784,19.26658301321869,19.695209682115703,0.013289105892181397,0.95
610,0.5707785131084442,15.726394673024393,14.708308567842478,0.01363600492477417,0.9
611,0.6740729529325057,16.79059391250493,16.836986735081844,0.013080382347106933,0.95
612,0.6466738158141236,15.351245654697944,15.26639965346503,0.013186323642730712,0.95
613,0.48901768613830043,15.647451659550143,15.931712172226339,0.013245511054992675,0.85
614,0.7082450393286761,15.140198625730216,15.140198625730216,0.013077139854431152,1.0
615,0.635648014551572,15.137053138090355,15.205456707742957,0.013280975818634033,0.95
616,0.7715580629553116,15.94554771101323,15.94554771101323,0.013087785243988037,1.0
617,0.7166234548818519,16.887989850080167,16.887989850080167,0.013007593154907227,1.0
618,0.7564012195854183,15.087462929354833,15.087462929354833,0.013347446918487549,1.0
619,0.6551297142839291,17.19334809730188,17.25694445978086,0.01348283290863037,0.95
620,0.6485528386191788,14.575478179295098,14.435362240538579,0.01331392526626587,0.95
621,0.7517992687379937,15.6549685355582,15.6549685355582,0.013322246074676514,1.0
622,0.64446975272136,14.05022071056855,13.7553266553044,0.013140630722045899,0.95
623,0.6584706664681282,13.402013263311597,13.461900979597685,0.013226509094238281,0.95
624,0.6862530930405059,17.518229600081618,17.518229600081618,0.013183236122131348,1.0
625,0.6445632922436101,16.239598193026165,16.527364667167525,0.013285481929779052,0.95
626,0.6204872932635361,17.951855448907313,17.927662680572922,0.01332634687423706,0.95
627,0.6404990659451605,17.957961919008355,17.948936667460305,0.01343473196029663,0.95
628,0.6209661436721949,16.79033506625101,16.835137151305947,0.01321796178817749,0.95
629,0.7343924112639096,15.757889038230928,15.757889038230928,0.01340036392211914,1.0
630,0.701512176085544,14.513850705556115,14.513850705556115,0.012982439994812012,1.0
631,0.5876640972458396,15.103965785475243,13.921414049177969,0.013132226467132569,0.9
632,0.5685458763911614,17.304995520761626,17.646544577194167,0.013131773471832276,0.9
633,0.7149404598456572,19.835899092164812,19.835899092164812,0.013128113746643067,1.0
634,0.544669806461004,19.048699924714356,19.282826319841824,0.013183963298797608,0.9
635,0.7252946437678076,17.854849256585815,17.854849256585815,0.013431346416473389,1.0
636,0.7090608430234032,17.461341544902492,17.461341544902492,0.013052427768707275,1.0
637,0.7307077539758962,14.730342472122231,14.730342472122231,0.013048803806304932,1.0
638,0.6587135199375118,15.719052979385342,15.811538297156618,0.013033866882324219,0.95
639,0.7346185619105128,17.572140668385778,17.572140668385778,0.013082444667816162,1.0
640,0.7340282678617023,17.338873442872305,17.338873442872305,0.013375675678253174,1.0
641,0.5673976063020413,15.221359299160477,15.393148165870722,0.013227498531341553,0.9
642,0.6470380687161414,16.604519739577523,16.927624531548908,0.013171648979187012,0.95
643,0.5809484096819376,18.639625819403456,18.124011877075038,0.013019120693206787,0.9
644,0.722181648715281,16.433799876589767,16.433799876589767,0.01291719675064087,1.0
645,0.6517151084321982,13.660436466020633,13.766714020017375,0.013034474849700928,0.95
646,0.7165818446834534,17.714838023430293,17.714838023430293,0.012945318222045898,1.0
647,0.7114918662908096,17.785423005394026,17.785423005394026,0.013118433952331542,1.0
648,0.7055374563435071,16.825185128155322,16.825185128155322,0.013160228729248047,1.0
649,0.6248989532792892,16.330281489294947,16.235229624054664,0.013340449333190918,0.95
650,0.6536311069026597,15.95838853382293,15.99904800609245,0.013232481479644776,0.95
651,0.6372523572040638,15.939744445018832,15.844162383992742,0.013003110885620117,0.95
652,0.6370158264028545,15.507594174118685,15.297927105895843,0.013313710689544678,0.95
653,0.7282838105824224,15.709843255344646,15.709843255344646,0.013250780105590821,1.0
654,0.6564390994258998,16.025946053695854,16.239356792702523,0.013121879100799561,0.95
655,0.6325662352074303,15.987629745124769,16.258491836360726,0.013009405136108399,0.95
656,0.6381077603100055,16.629090723878527,15.493670164037482,0.01324169635772705,0.95
657,0.5523498308822129,15.882342853336112,14.864790672672077,0.01308581829071045,0.9
658,0.7236955762632282,16.270171080073997,16.270171080073997,0.013461220264434814,1.0
659,0.7363659640084688,16.818412348083722,16.818412348083722,0.013167619705200195,1.0
660,0.7090741389886823,14.838075754600121,14.838075754600121,0.013194549083709716,1.0
661,0.6804340679532332,12.750774252560019,12.786548332343402,0.013068580627441406,0.95
662,0.43654571612513016,13.620328428279915,13.354225592405239,0.013102805614471436,0.8
663,0.6416374250451605,12.031328089160287,11.993906262876326,0.01329212188720703,0.95
664,0.6855482580698602,16.030130699118864,16.17994620965118,0.013235855102539062,0.95
665,0.6524625107495428,17.024740653365082,17.160396753164505,0.013486206531524658,0.95
666,0.7121983726129273,17.200714746176335,17.200714746176335,0.013291656970977783,1.0
667,0.7213554720317146,17.873774660112456,17.873774660112456,0.013295304775238038,1.0
668,0.7290091378273331,13.517564185801444,13.517564185801444,0.013200628757476806,1.0
669,0.7386495291416484,13.540369458561642,13.540369458561642,0.012906324863433839,1.0
670,0.720412179414786,16.507410968163658,16.507410968163658,0.0128944993019104,1.0
671,0.7391442316117537,15.087546583661611,15.087546583661611,0.012950313091278077,1.0
672,0.6853134019441478,15.31282049732891,15.467288041631386,0.01302100419998169,0.95
673,0.6736521895157079,14.216310812495951,14.297538535422474,0.012878727912902833,0.95
674,0.715214438141439,19.13626696593115,19.13626696593115,0.012908482551574707,1.0
675,0.6608796078543036,15.712980481156055,15.90851402450594,0.013266456127166749,0.95
676,0.5850772393491603,16.71425840084705,16.074380355426918,0.013029754161834717,0.9
677,0.651380308823685,17.80921734657574,18.088242495337454,0.013037014007568359,0.95
678,0.6184131124828162,17.62221684946659,17.977584115393483,0.013160181045532227,0.95
679,0.5858803226158253,16.591734230772452,17.002437457212395,0.013224852085113526,0.9
680,0.649969619367156,15.995539116460801,16.20155678824643,0.013058698177337647,0.95
681,0.5850651608933071,14.813770298129295,14.99903523604734,0.013098657131195068,0.9
682,0.7564828840792256,16.08137249567991,16.08137249567991,0.013167738914489746,1.0
683,0.7467400988642421,12.982674582196614,12.982674582196614,0.013154745101928711,1.0
684,0.640840412571045,16.841645341495443,16.724140168035174,0.01321268081665039,0.95
685,0.6820162470707994,17.215664268541644,17.215664268541644,0.01302720308303833,1.0
686,0.6341350214329068,17.030149713681553,17.016633465464448,0.013241958618164063,0.95
687,0.7387130576785274,15.74190680739002,15.74190680739002,0.013214993476867675,1.0
688,0.6524835802345763,15.535019073785781,15.80971931679278,0.013355302810668945,0.95
689,0.6713444297566842,14.846723900229685,14.510736399650792,0.013368666172027588,0.95
690,0.7442128304057791,16.973062541936873,16.973062541936873,0.013401734828948974,1.0
691,0.7280509186845537,16.534539869630425,16.534539869630425,0.012980449199676513,1.0
692,0.7188689167902453,17.64463159536778,17.64463159536778,0.01299222707748413,1.0
693,0.7230062551317302,14.616729533410913,14.616729533410913,0.01289522647857666,1.0
694,0.7030883089491528,12.587991420843494,12.587991420843494,0.013031935691833496,1.0
695,0.5692279164237081,15.978629507266959,16.076115539141526,0.013101339340209961,0.9
696,0.7322389514359445,17.46617107020676,17.46617107020676,0.013043785095214843,1.0
697,0.6572956108476207,16.476231878772474,16.733724447428056,0.012932133674621583,0.95
698,0.7345307921632944,16.82468977279035,16.82468977279035,0.012963247299194337,1.0
699,0.737250175170172,15.952172157157893,15.952172157157893,0.013022351264953613,1.0
700,0.6524302892219968,15.669190705387342,15.591374967911879,0.013374269008636475,0.95
701,0.5007783647027568,16.833610493832445,17.298805243699547,0.013042843341827393,0.85
702,0.6930385051289489,17.70730321942979,17.70730321942979,0.012967908382415771,1.0
703,0.6808252902867757,16.15289080151389,16.15289080151389,0.01297919750213623,1.0
704,0.729378367463008,16.54900366375948,16.54900366375948,0.01302586793899536,1.0
705,0.7063466289114189,15.925484980702288,15.925484980702288,0.013083088397979736,1.0
706,0.574707561071073,15.449788699421457,14.833974785624589,0.013274264335632325,0.9
707,0.7317747926326463,15.32573004908681,15.32573004908681,0.01319136619567871,1.0
708,0.6716450907855019,13.224778666557095,13.327407714527487,0.013316094875335693,0.95
709,0.5759218799500836,17.133648106285683,17.433278298364616,0.013312613964080811,0.9
710,0.6631749679896423,16.493042189608285,16.763392015136166,0.013001477718353272,0.95
711,0.7052136265840624,14.41370286507032,14.41370286507032,0.013002264499664306,1.0
712,0.6443429467082284,14.514644855278934,14.62747987653895,0.013121044635772705,0.95
713,0.7369717405093128,14.933181094528479,14.933181094528479,0.013252949714660645,1.0
714,0.7378483381787606,14.632717713559028,14.632717713559028,0.013276779651641845,1.0
715,0.5626574835914476,15.305748927153896,15.823697366476447,0.013371407985687256,0.9
716,0.6327319697785652,16.892394362324648,16.72916275119455,0.013218188285827636,0.95
717,0.6518972307689043,15.141962669933928,15.018396184171461,0.012997126579284668,0.95
718,0.4847908615990164,14.721098854757852,14.991623498320823,0.01291409730911255,0.85
719,0.7433921722146781,16.217630530019406,16.217630530019406,0.012910604476928711,1.0
720,0.565928882497176,16.02437710085624,16.19607791236494,0.01309518814086914,0.9
721,0.7150568089598004,15.00868451902094,15.00868451902094,0.012956702709197998,1.0
722,0.646355635151568,15.000358883328374,14.861288890540699,0.012983715534210205,0.95
723,0.4921125900491721,14.117032264823084,13.878695723948173,0.013019490242004394,0.85
724,0.5744295236259391,14.811658010448728,15.203775140873221,0.01298753023147583,0.9
725,0.7364381524501891,17.506556263468507,17.506556263468507,0.013071322441101074,1.0
726,0.5604752819091156,16.080970423099576,16.115354346379945,0.013076889514923095,0.9
727,0.6376613005557964,17.07271335670709,17.152354042390918,0.013239753246307374,0.95
728,0.7091820131072046,16.916392921299135,16.916392921299135,0.013061857223510743,1.0
729,0.617775787699957,17.32071833335852,17.27741910258883,0.013119018077850342,0.95
730,0.5607260177742897,17.325909060163685,16.868990881126333,0.013130342960357666,0.9
731,0.7081661553758198,17.88467170215298,17.88467170215298,0.013019692897796632,1.0
732,0.6662189733074823,18.439946855673707,18.81223757178667,0.013023889064788819,0.95
733,0.6305492691901581,18.0787604491477,18.367887616401166,0.012924551963806152,0.95
734,0.7087582221167412,17.616456850788023,17.616456850788023,0.012914526462554931,1.0
735,0.5833950009283565,17.8531109504763,17.033622330234508,0.013138079643249511,0.9
736,0.7305615471100416,15.552814447637449,15.552814447637449,0.013123035430908203,1.0
737,0.6264816556543662,17.787175291437833,18.13927233637643,0.013080036640167237,0.95
738,0.5705888221474248,17.283212633785823,17.309717710877393,0.013087356090545654,0.9
739,0.6383670965183778,18.49846153135001,18.945669661902144,0.012904548645019531,0.95
740,0.7274586814922042,15.587922346458038,15.587922346458038,0.013261723518371581,1.0
741,0.5045948218816647,16.69799777902039,16.746654112708224,0.01340419054031372,0.85
742,0.6278903181335316,19.93738491456829,19.143815771032685,0.013095223903656006,0.95
743,0.6398500434183146,18.09007181611975,17.38113115536687,0.012967455387115478,0.95
744,0.5568005140225984,14.334103106894625,14.705082319494645,0.013016307353973388,0.9
745,0.73540794901739,15.765449748722915,15.765449748722915,0.013194572925567628,1.0
746,0.6475752878944329,16.158830880357804,16.282891864366785,0.013189077377319336,0.95
747,0.5868963686885392,18.547033118786693,18.981040558536673,0.01305372714996338,0.9
748,0.7113065297913117,15.221665614912018,15.221665614912018,0.013117754459381103,1.0
749,0.7103856606353389,17.11929873202363,17.11929873202363,0.01321786642074585,1.0
750,0.7095020437139165,16.28666139796317,16.28666139796317,0.013307034969329834,1.0
751,0.7087308314793425,16.756114737134617,16.756114737134617,0.01345432996749878,1.0
752,0.7223170744771535,16.456982922323398,16.456982922323398,0.01340324878692627,1.0
753,0.7049693382130753,16.71229637097455,16.71229637097455,0.013362109661102295,1.0
754,0.6298076534898974,16.53119994366461,16.589507868950307,0.013588488101959229,0.95
755,0.6310491605727726,14.743492884429273,13.913050205652592,0.013406801223754882,0.95
756,0.6669380651660695,16.32010113704226,16.585228333118778,0.01321033239364624,0.95
757,0.566457100491674,15.380030891458066,15.75087018595136,0.01339796781539917,0.9
758,0.6163808462718063,16.958694666288164,17.226008171211603,0.013191986083984374,0.95
759,0.7171773896151271,14.620783876152917,14.620783876152917,0.013215124607086182,1.0
760,0.7308648163361469,14.70939169544396,14.70939169544396,0.013457369804382325,1.0
761,0.7138109964048879,16.801545722202853,16.801545722202853,0.01336129903793335,1.0
762,0.7040442782671741,16.08960490751623,16.08960490751623,0.013172674179077148,1.0
763,0.534932507950464,17.88699096715588,18.463586993396945,0.013267850875854493,0.9
764,0.7381186136159237,15.345067730290719,15.345067730290719,0.012943053245544433,1.0
765,0.6355279705544666,15.012606630863578,15.23047359486759,0.01321958303451538,0.95
766,0.5771838130252036,16.54831132472139,15.903163955309822,0.013168346881866456,0.9
767,0.747696155893226,18.321234513403503,18.321234513403503,0.01327277421951294,1.0
768,0.693389734282102,16.82951781093162,16.82951781093162,0.013186395168304443,1.0
769,0.6414861711928737,14.800626068441002,13.833156259077608,0.013349795341491699,0.95
770,0.6654456508398965,14.020092726708558,12.597761109181542,0.013122189044952392,0.95
771,0.6014536471010983,16.069025952810893,16.05635717467233,0.013168728351593018,0.95
772,0.7243589911288202,16.67214999941266,16.67214999941266,0.013258862495422363,1.0
773,0.5670820591496428,17.395694846056905,16.320176533432914,0.012865924835205078,0.9
774,0.5015386475257937,19.285669019545523,17.682231273765375,0.013205063343048096,0.85
775,0.6135112160080284,17.231954582436835,17.595695965305186,0.01305844783782959,0.95
776,0.6649592515885628,17.904471542519264,17.970153219450637,0.013040673732757569,0.95
777,0.7305373191686954,16.043625195498826,16.043625195498826,0.013033950328826904,1.0
778,0.6475479575387393,14.252495493712093,14.379433775150885,0.013159072399139405,0.95
779,0.7166692399740842,14.527262093969469,14.527262093969469,0.013137197494506836,1.0
780,0.5727700471123177,13.263723568971105,13.418261896569874,0.013081395626068115,0.9
781,0.664669769745144,15.022543142934833,14.870553612390026,0.013188552856445313,0.95
782,0.7473628559423668,14.921309685315634,14.921309685315634,0.012965834140777588,1.0
783,0.6612138938796219,16.56407180148485,16.413188479414487,0.013097167015075684,0.95
784,0.5986120109926464,15.376681222447578,15.66458623433821,0.013022828102111816,0.9
785,0.6401578739768915,16.054902938692106,16.019595480804888,0.013131380081176758,0.95
786,0.48907602191055977,14.616475220700437,14.568713493192462,0.01309826374053955,0.85
787,0.6430656245729576,13.643541146147475,13.424763146334294,0.01329134702682495,0.95
788,0.640015481972184,15.367645569795163,15.23930787883487,0.013086295127868653,0.95
789,0.6675773038262223,15.361241684620548,15.562029242847688,0.012932193279266358,0.95
790,0.6293187129081487,15.912738988803113,15.730931538387367,0.013150393962860107,0.95
791,0.5583814512826979,18.246191936973403,18.733057114360676,0.013228607177734376,0.9
792,0.5746804580660834,15.228677417343658,15.474542655533185,0.013108539581298827,0.9
793,0.6500080112229648,13.075556123539869,13.086815443865161,0.012926244735717773,0.95
794,0.7550323394443581,15.114404531622778,15.114404531622778,0.013728475570678711,1.0
795,0.648841608831989,16.155365138940418,16.4613216967291,0.01316133737564087,0.95
796,0.6414087195075068,18.287632591215665,18.572926721687633,0.013051044940948487,0.95
797,0.7431813401350399,15.355443090627645,15.355443090627645,0.013317465782165527,1.0
798,0.6277635817988524,15.495307622435956,15.6761578189865,0.013346648216247559,0.95
799,0.690316606136961,15.493345464523438,15.493345464523438,0.013282477855682373,1.0
800,0.4869672872061385,15.473046347959848,15.805270368007665,0.013059306144714355,0.85
801,0.5908508349191101,15.806089091616741,15.927642660435563,0.013538014888763428,0.9
802,0.7348906571794933,18.256418312905737,18.256418312905737,0.01335676908493042,1.0
803,0.712849816276592,15.480719798694007,15.480719798694007,0.01295609474182129,1.0
804,0.7331244626738089,17.62839604417453,17.62839604417453,0.01323949098587036,1.0
805,0.550660519879321,17.22606673340959,16.263285304465064,0.013031601905822754,0.9
806,0.7012648483161316,18.881139028123215,18.881139028123215,0.012949538230895997,1.0
807,0.7296965285515431,16.778908289703775,16.778908289703775,0.013087916374206542,1.0
808,0.5934210769122923,13.746930315707493,13.984477883487234,0.013175547122955322,0.9
809,0.6742971991157275,14.356832768345157,14.54784059777868,0.013319170475006104,0.95
810,0.7238293767850691,16.991571928161814,16.991571928161814,0.013271772861480713,1.0
811,0.6334785128820866,17.340365177082152,17.586875591768845,0.0133705735206604,0.95
812,0.7389468793185958,15.336348279691304,15.336348279691304,0.013382220268249511,1.0
813,0.6617716382426316,15.893495844055806,15.6857865574275,0.013092660903930664,0.95
814,0.551728736714281,15.929363502931205,16.236686610926824,0.01311553716659546,0.9
815,0.7172284019639789,14.96614484823076,14.96614484823076,0.013460588455200196,1.0
816,0.6589139383243237,15.105921243976809,15.337474105748825,0.013410186767578125,0.95
817,0.7126512443734818,16.997222700663873,16.997222700663873,0.013457393646240235,1.0
818,0.7196107857957885,17.971966653511195,17.971966653511195,0.013226187229156494,1.0
819,0.7184306632687129,15.41075362663096,15.41075362663096,0.013299679756164551,1.0
820,0.7141998450202217,15.538419477109604,15.538419477109604,0.013214313983917236,1.0
821,0.7220041662791654,18.860143667072936,18.860143667072936,0.01309499740600586,1.0
822,0.7266522825671804,17.20137795520214,17.20137795520214,0.013215482234954834,1.0
823,0.7067057070054099,16.191968658659373,16.191968658659373,0.013095009326934814,1.0
824,0.6670332837217487,15.611057280932382,15.840032953411459,0.013672828674316406,0.95
825,0.7526726360590775,16.755909596977514,16.755909596977514,0.013128316402435303,1.0
826,0.6603141289315626,16.230907488445343,16.545057035006835,0.013156116008758545,0.95
827,0.6657679759629282,17.050973077512033,16.944353740626394,0.013243961334228515,0.95
828,0.7290346957770713,14.938243837598367,14.938243837598367,0.013223958015441895,1.0
829,0.5690754077954339,16.757437903773948,16.793650745897146,0.01317063570022583,0.9
830,0.6564529132713025,16.379644164225308,16.429820307363254,0.013000333309173584,0.95
831,0.6670528793919104,18.4357637700894,18.868478726469423,0.013143301010131836,0.95
832,0.6491370473674303,14.316111194732366,14.481707909433922,0.013249492645263672,0.95
833,0.6433335554107078,14.544586570872838,14.444943261244829,0.013216364383697509,0.95
834,0.6498756612715104,17.268420546754086,17.329389340531065,0.013253843784332276,0.95
835,0.686488389006545,15.925596667086467,16.04247298038304,0.013124620914459229,0.95
836,0.7282193380913268,13.377527333580392,13.377527333580392,0.01329416036605835,1.0
837,0.7310338374403822,15.63660484556824,15.63660484556824,0.013272416591644288,1.0
838,0.6529808917409096,16.52769250780337,16.711687642499623,0.01348567008972168,0.95
839,0.7327331870645784,15.677325081680374,15.677325081680374,0.013459515571594239,1.0
840,0.6887117258058227,16.835667246488637,16.835667246488637,0.013488066196441651,1.0
841,0.7190012797661204,14.223686386304937,14.223686386304937,0.01344219446182251,1.0
842,0.6219242065974886,15.360189561853483,15.134391457987629,0.013249540328979492,0.95
843,0.546458221988986,17.51916839387254,16.70255572776115,0.013156318664550781,0.9
844,0.6015823750359653,14.820860958202848,15.018022345964907,0.013480734825134278,0.95
845,0.7134243647845053,15.156078692589555,15.156078692589555,0.013270747661590577,1.0
846,0.7303392113524685,15.639255767004874,15.639255767004874,0.013314580917358399,1.0
847,0.6398939216071906,14.185242055287304,14.300264766514655,0.01327143907546997,0.95
848,0.6328327877889032,13.434002964881563,13.5276452186338,0.013350927829742431,0.95
849,0.7122071768751569,16.210050972516253,16.210050972516253,0.013429510593414306,1.0
850,0.6631670126149486,16.11873349782011,16.087556419955988,0.013296699523925782,0.95
851,0.697879112452602,15.454389306368407,15.454389306368407,0.013136959075927735,1.0
852,0.7162482647216193,14.867271728338,14.867271728338,0.013196349143981934,1.0
853,0.721834960867129,16.34252749580593,16.34252749580593,0.01316150426864624,1.0
854,0.7250698088312849,15.556798160110167,15.556798160110167,0.013343322277069091,1.0
855,0.7286266452107818,14.677297348839318,14.677297348839318,0.0130529522895813,1.0
856,0.7127069797505413,16.792761276380443,16.792761276380443,0.013073444366455078,1.0
857,0.7211807227515754,17.377685319006783,17.377685319006783,0.013236629962921142,1.0
858,0.7130184501375075,17.398043484984264,17.398043484984264,0.013229238986968993,1.0
859,0.7310115017916319,18.547252379989583,18.547252379989583,0.013410401344299317,1.0
860,0.6276896777700404,17.304030670449286,17.605833313471702,0.013175415992736816,0.95
861,0.7358111203638555,16.516527340495852,16.516527340495852,0.013344013690948486,1.0
862,0.7240684926290678,16.18047744725366,16.18047744725366,0.013076353073120116,1.0
863,0.6500704193284649,20.08907995874153,19.03470523656948,0.013324558734893799,0.95
864,0.7168480500750842,17.830548441093416,17.830548441093416,0.01318739652633667,1.0
865,0.7367863355513952,14.98931661296795,14.98931661296795,0.013155925273895263,1.0
866,0.7247220208426233,17.8676009460983,17.8676009460983,0.013435149192810058,1.0
867,0.6669990312003591,15.267062634638123,15.264014381720145,0.01336343288421631,0.95
868,0.7093256817128483,14.623537337752058,14.623537337752058,0.013195168972015382,1.0
869,0.6350840499854589,17.764961842292294,17.999424623464282,0.013239645957946777,0.95
870,0.7198409771465708,18.544685815484065,18.544685815484065,0.013157308101654053,1.0
871,0.7103096678226387,18.92432953812087,18.92432953812087,0.013307225704193116,1.0
872,0.7163325408751503,15.219639841102895,15.219639841102895,0.013249266147613525,1.0
873,0.7265689224761414,15.384470827345572,15.384470827345572,0.013131773471832276,1.0
874,0.747581350561594,12.214899544395646,12.214899544395646,0.01319040060043335,1.0
875,0.7381603237870394,15.684816327923974,15.684816327923974,0.012936019897460937,1.0
876,0.7563521851084283,15.787472802102897,15.787472802102897,0.01288290023803711,1.0
877,0.7167096707655278,15.921697045580512,15.921697045580512,0.013139784336090088,1.0
878,0.6539904363489268,13.37800795838211,13.497405886564763,0.012969553470611572,0.95
879,0.7022692721078405,16.45368342547078,16.45368342547078,0.012930035591125488,1.0
880,0.7208889889499666,15.007503909841867,15.007503909841867,0.013019824028015136,1.0
881,0.6557390954165476,17.099147012017816,17.313793034144744,0.01307908296585083,0.95
882,0.6952096575518654,17.13007235202516,17.13007235202516,0.013361585140228272,1.0
883,0.5378158000919939,18.867050188660397,18.932399913955095,0.013387012481689452,0.9
884,0.5438606019934528,17.38233303567257,16.553298887619,0.013289177417755127,0.9
885,0.7120684643723523,16.9452832255511,16.9452832255511,0.013518929481506348,1.0
886,0.7203908518933833,15.547331376087744,15.547331376087744,0.013490128517150878,1.0
887,0.6487893991984629,18.417529744740985,17.72618610068731,0.013296687602996826,0.95
888,0.686005151735195,16.839552597368158,16.839552597368158,0.013113653659820557,1.0
889,0.6477962964458637,17.2845276498495,17.359746287448534,0.013500547409057618,0.95
890,0.5871642900220648,16.481213834983464,16.50316868068625,0.013119709491729737,0.9
891,0.7419516216448699,17.107042775775735,17.107042775775735,0.013096678256988525,1.0
892,0.6967392191270619,18.55915644027133,18.55915644027133,0.013204169273376466,1.0
893,0.6395886099993752,16.106165661556698,15.93986981763876,0.01337209939956665,0.95
894,0.631851247060029,16.67486465293161,16.964598800121692,0.013283073902130127,0.95
895,0.6376984145867148,16.888842422405283,17.248032489267505,0.01319342851638794,0.95
896,0.6538866038769948,17.895859429218653,18.28809980379175,0.013221955299377442,0.95
897,0.7244100006035427,19.677144037421765,19.677144037421765,0.013291919231414795,1.0
898,0.5416958038310467,16.689769313551597,15.842086146063089,0.013261044025421142,0.9
899,0.731433044957262,15.712389179336606,15.712389179336606,0.013202357292175292,1.0
900,0.7162577774220396,13.991808935575182,13.991808935575182,0.013049137592315675,1.0
901,0.7118783156820816,17.092574429882866,17.092574429882866,0.013384795188903809,1.0
902,0.7138842732540664,16.89687692120423,16.89687692120423,0.013152170181274413,1.0
903,0.6201652852337548,17.47867744396248,17.824626508434868,0.012946486473083496,0.95
904,0.6623532989970436,18.137604767969524,17.437586827211106,0.013168692588806152,0.95
905,0.7469902833046964,16.506649602610608,16.506649602610608,0.01317676305770874,1.0
906,0.716784201750315,16.218048649844626,16.218048649844626,0.013339805603027343,1.0
907,0.7214700121881916,16.66955640601348,16.66955640601348,0.013487100601196289,1.0
908,0.6386200286492911,16.018634934557383,16.00576543540719,0.013229775428771972,0.95
909,0.7019280420673039,18.244854277432147,18.244854277432147,0.013342392444610596,1.0
910,0.6463406364036208,15.862997765693274,16.14496975767104,0.012976062297821046,0.95
911,0.7392658196191781,16.258436583273816,16.258436583273816,0.013545453548431396,1.0
912,0.7135919732108846,18.190897938749885,18.190897938749885,0.013220322132110596,1.0
913,0.6448502124232337,18.259530910290586,17.545922111605915,0.013220632076263427,0.95
914,0.7241317082541942,16.504214261746156,16.504214261746156,0.013084006309509278,1.0
915,0.627826619528135,17.473353479933184,17.789465904217813,0.013373374938964844,0.95
916,0.7109209073116415,12.82551677890822,12.82551677890822,0.013345623016357422,1.0
917,0.5683910133636902,15.806758229717522,15.930295221508143,0.013350391387939453,0.9
918,0.7067104618255875,16.003200956231375,16.003200956231375,0.013212001323699952,1.0
919,0.6433726547662006,16.02255088641666,16.301187602489787,0.013282537460327148,0.95
920,0.728351751959692,16.004264703712725,16.004264703712725,0.013536679744720458,1.0
921,0.7200190201344133,15.336869103776385,15.336869103776385,0.0133339524269104,1.0
922,0.7096962681845189,16.969328252853387,16.969328252853387,0.013374948501586914,1.0
923,0.6257970248756156,17.22307589012227,17.457008501165785,0.01319429874420166,0.95
924,0.725455258580533,13.977980208105311,13.977980208105311,0.013171947002410889,1.0
925,0.7673751203829933,15.223551324172366,15.223551324172366,0.013322746753692627,1.0
926,0.6624436969960424,16.625824904133555,16.928204771845333,0.013376593589782715,0.95
927,0.5809292090536775,15.3913384067202,14.29234720981361,0.013527107238769532,0.9
928,0.5869978857734026,14.48742797311633,13.630486281584268,0.013479816913604736,0.9
929,0.5691910247751515,13.000752143253797,12.907721784403336,0.01359492540359497,0.9
930,0.5677749132285328,13.813824326788989,13.435430850230096,0.01336597204208374,0.9
931,0.5785707539044456,16.343939984212017,16.395550639433054,0.013264191150665284,0.9
932,0.5634282247997764,16.075104077389604,15.89151831124447,0.013310956954956054,0.9
933,0.4861039216149547,17.02092369748393,17.32098943293239,0.013177716732025146,0.85
934,0.5139087694381762,16.366316610631046,16.95213874621644,0.013391602039337158,0.85
935,0.7316259801668514,15.919353489872606,15.919353489872606,0.013366198539733887,1.0
936,0.6985885889537001,16.07424213171408,16.07424213171408,0.013662981986999511,1.0
937,0.6437633596077783,14.34760754970738,14.2949222518931,0.013189494609832764,0.95
938,0.6447767578032344,17.669779770239863,17.54034410442903,0.013308513164520263,0.95
939,0.7218970548671739,17.226086086101436,17.226086086101436,0.012978529930114746,1.0
940,0.6547585654524879,15.906178412813887,16.188948953328936,0.013580024242401123,0.95
941,0.5755316426193995,15.403766213646989,14.842220888396529,0.013166522979736328,0.9
942,0.7193447146787963,15.576460897080924,15.576460897080924,0.01345452070236206,1.0
943,0.7127441471061853,16.879443518579638,16.879443518579638,0.013210439682006836,1.0
944,0.745330655107505,16.287328116716857,16.287328116716857,0.013143372535705567,1.0
945,0.7193793149582595,17.500982435752285,17.500982435752285,0.01332930326461792,1.0
946,0.7437976761509919,16.233056792572633,16.233056792572633,0.013134729862213135,1.0
947,0.7381113082758124,16.688990864279376,16.688990864279376,0.013160359859466553,1.0
948,0.7199372506822559,17.12993861307758,17.12993861307758,0.013145804405212402,1.0
949,0.6800902365868526,14.27039885334801,14.27039885334801,0.013118338584899903,1.0
950,0.7157846978923351,14.994242136612494,14.994242136612494,0.013355541229248046,1.0
951,0.7071719164601336,17.086051290637155,17.086051290637155,0.013410699367523194,1.0
952,0.7139940577467245,15.412855573057806,15.412855573057806,0.013164865970611572,1.0
953,0.6489273262558639,15.514568937618382,15.796647312839674,0.013275492191314697,0.95
954,0.6468592097964777,15.956448891750156,15.959808864239445,0.013691449165344238,0.95
955,0.6708494247498678,18.282873791544066,18.637528653187328,0.013412678241729736,0.95
956,0.7295095387796879,17.00253732623393,17.00253732623393,0.013470256328582763,1.0
957,0.7260429163588544,14.98609117072282,14.98609117072282,0.01317988634109497,1.0
958,0.6998698403653278,15.429082852888104,15.429082852888104,0.013299775123596192,1.0
959,0.6808299253051533,15.480073268346018,15.480073268346018,0.013246548175811768,1.0
960,0.6559711051154603,15.93381167734799,15.826065182570526,0.013107168674468993,0.95
961,0.6267974933750057,17.307162549995198,17.33779426959794,0.013209080696105957,0.95
962,0.7309067187730262,15.06290426024518,15.06290426024518,0.013319098949432373,1.0
963,0.6135103697893964,14.932933266505591,15.150032973454733,0.013177430629730225,0.95
964,0.7432921817682221,16.47495281901023,16.47495281901023,0.013337421417236327,1.0
965,0.6558374575798698,17.208412447688833,17.214550125767115,0.013104069232940673,0.95
966,0.7271140883670366,14.126808146360196,14.126808146360196,0.01332418918609619,1.0
967,0.7128258635600992,16.687174897129033,16.687174897129033,0.01325085163116455,1.0
968,0.742694114266993,14.096665489280628,14.096665489280628,0.01321415901184082,1.0
969,0.6220851476883569,13.814727820763064,13.715797115056716,0.013354599475860596,0.95
970,0.5656191954258573,15.526590333170612,15.399366338153833,0.013139355182647704,0.9
971,0.6338770459818965,15.792188595281402,15.939947001017455,0.01324554681777954,0.95
972,0.5844412690548939,17.75606660933131,17.877610214380084,0.013164496421813965,0.9
973,0.5704924047224234,19.70295970290208,19.050959364616617,0.013192069530487061,0.9
974,0.6340582433906311,17.55737750748703,17.450566834545985,0.013262128829956055,0.95
975,0.7206614722854228,17.423468202191152,17.423468202191152,0.013056910037994385,1.0
976,0.7121675048961427,17.728626915353892,17.728626915353892,0.013444805145263672,1.0
977,0.6979912404113404,17.756747446184686,17.756747446184686,0.013131773471832276,1.0
978,0.7348161011322848,16.914639324189572,16.914639324189572,0.013291287422180175,1.0
979,0.7237366767639629,18.668754682425654,18.668754682425654,0.013294780254364013,1.0
980,0.6495994991984421,16.667041974507363,15.792233942646318,0.01367424726486206,0.95
981,0.6644017956886701,16.914177766621897,17.083262769612038,0.013370215892791748,0.95
982,0.6487599268054158,14.680550900544873,14.887958513414093,0.013111329078674317,0.95
983,0.5662002445342058,15.610347109438013,15.839402388980567,0.013237595558166504,0.9
984,0.716842165423159,14.915993658427936,14.915993658427936,0.013148629665374756,1.0
985,0.7592625021314812,15.683067894263411,15.683067894263411,0.012976348400115967,1.0
986,0.6604982109840264,15.421830642015564,15.46171562002096,0.013171911239624023,0.95
987,0.6473134985145526,14.76579997014223,14.693766446205718,0.01302553415298462,0.95
988,0.6571486336067442,17.004591026763375,17.34925689096763,0.013122940063476562,0.95
989,0.7344466591699906,16.54160965004377,16.54160965004377,0.013415861129760741,1.0
990,0.6807158694870792,15.5045993167929,15.781408179082085,0.013220500946044923,0.95
991,0.7603019662271349,14.243804754790059,14.243804754790059,0.013218796253204346,1.0
992,0.6728116175428008,15.600591016745204,15.839321536320313,0.01308877468109131,0.95
993,0.48146075390458104,15.327642711241822,15.918143767676296,0.013385212421417237,0.85
994,0.7348005384520363,16.231017873770444,16.231017873770444,0.013167810440063477,1.0
995,0.699868950093807,14.14512441004718,14.14512441004718,0.012992620468139648,1.0
996,0.652473191471468,16.50037053719012,16.83174754081211,0.01293727159500122,0.95
997,0.7609075922721678,15.596241470057098,15.596241470057098,0.013004708290100097,1.0
998,0.6361400450021414,16.397151031810115,16.335322119604687,0.012879180908203124,0.95
999,0.6482300371160079,16.735361238067934,17.085158577354868,0.01314842700958252,0.95
1000,0.7390119123939336,16.316459595261225,16.316459595261225,0.01329643726348877,1.0
1001,0.7342649177691232,17.93173833713628,17.93173833713628,0.013105034828186035,1.0
1002,0.6351394122057931,16.084147415901064,16.260405117174727,0.013008296489715576,0.95
1003,0.6410973223929726,16.732675653880754,16.77683843918979,0.013186705112457276,0.95
1004,0.7250802882794789,15.24219138192874,15.24219138192874,0.013126277923583984,1.0
1005,0.6517930513457131,16.587363419407822,16.876849892708265,0.013129818439483642,0.95
1006,0.5871716505843432,13.105650008200346,12.922747576058024,0.013229131698608398,0.9
1007,0.7298842084144291,16.274390124343608,16.274390124343608,0.013103556632995606,1.0
1008,0.7752939211760995,15.070247959463368,15.070247959463368,0.013035905361175538,1.0
1009,0.6561048084305464,16.562494883295795,16.527266349416042,0.012981820106506347,0.95
1010,0.6526125216001848,16.690493796663468,16.8838022467045,0.013112354278564452,0.95
1011,0.7031575244126689,18.10174891028053,18.10174891028053,0.013187503814697266,1.0
1012,0.715540455241402,18.38844025613679,18.38844025613679,0.013229870796203613,1.0
1013,0.7278367024163129,17.331720405185056,17.331720405185056,0.012848436832427979,1.0
1014,0.7044163535078345,18.58161015649717,18.58161015649717,0.013054001331329345,1.0
1015,0.5731066254537713,17.613101376843964,18.25900422932046,0.012863385677337646,0.9
1016,0.7061828429522763,17.577425343013996,17.577425343013996,0.012952458858489991,1.0
1017,0.7207103370765697,14.642925346529356,14.642925346529356,0.013034296035766602,1.0
1018,0.6464684905538653,17.894250296266556,17.96194169997557,0.01305469274520874,0.95
1019,0.7412680372465994,17.986252495936462,17.986252495936462,0.01312190294265747,1.0
1020,0.6567777244292274,17.021073182489797,17.02098175785875,0.013123738765716552,0.95
1021,0.6476787106038863,17.801307472132006,18.031169725601774,0.013092124462127685,0.95
1022,0.7501592168764983,15.85539732499872,15.85539732499872,0.013270211219787598,1.0
1023,0.7374664535454586,14.527226667316782,14.527226667316782,0.013302290439605713,1.0
1024,0.6392385158809045,15.106337076703571,15.278677916476816,0.013315749168395997,0.95
1025,0.5415545521367434,18.416384459946617,19.24407822579619,0.013294410705566407,0.85
1026,0.634754880369178,15.989579078077128,16.30126814467926,0.013279247283935546,0.95
1027,0.6993570756431209,17.785485115513836,17.785485115513836,0.013084125518798829,1.0
1028,0.62176111488958,16.707500805691687,16.955154080826713,0.013146698474884033,0.95
1029,0.6291390595381144,18.555991167844603,18.903994743538032,0.01290888786315918,0.95
1030,0.657709193805919,16.188834521218403,15.407533747464763,0.013246989250183106,0.95
1031,0.5462257333754412,16.784575149896867,16.69576722517319,0.013288450241088868,0.9
1032,0.6703534312158712,14.913126687567743,15.036266161495837,0.013332080841064454,0.95
1033,0.7033467851242389,18.163317195901964,18.163317195901964,0.013379514217376709,1.0
1034,0.6421006449038321,17.00150208758198,17.043295165334495,0.013588643074035645,0.95
1035,0.654016262718807,14.278243122445911,14.206074651742943,0.013679313659667968,0.95
1036,0.73695886731834,13.80680559362132,13.80680559362132,0.01336674690246582,1.0
1037,0.717210785519167,14.682717619517991,14.682717619517991,0.013314950466156005,1.0
1038,0.5052841606633351,17.886927567144433,18.619589981315706,0.013229799270629884,0.85
1039,0.6591564147389126,17.75861891003423,16.93659474427812,0.013259291648864746,0.95
1040,0.7396790875275044,17.584284838581652,17.584284838581652,0.013142728805541992,1.0
1041,0.5497171371140854,18.337536081001126,17.510305244846805,0.01309436559677124,0.9
1042,0.6961772871600538,18.923203813957663,18.923203813957663,0.013269329071044922,1.0
1043,0.7229095873732038,15.802902647864466,15.802902647864466,0.01338052749633789,1.0
1044,0.7163101331315823,15.272128674538303,15.272128674538303,0.013243961334228515,1.0
1045,0.649585067261162,17.83108561972505,17.822614889888175,0.013472950458526612,0.95
1046,0.7126238213451576,16.47011888938779,16.47011888938779,0.013352632522583008,1.0
1047,0.6502719850044587,19.14605631359518,18.98214378239094,0.013230597972869873,0.95
1048,0.5716342523051918,18.984409952406573,19.20914819688763,0.013463151454925538,0.9
1049,0.6494058447647475,17.998554802437603,18.378207688683187,0.013439857959747314,0.95
1050,0.630145267872912,15.79916091296791,15.603697419139436,0.013301587104797364,0.95
1051,0.6153491251654379,17.62567841268006,17.69189298471653,0.0133528470993042,0.95
1052,0.6983374562388385,16.98304019391677,16.98304019391677,0.013268744945526123,1.0
1053,0.6964611735195093,14.823329066985774,14.823329066985774,0.01345444917678833,1.0
1054,0.6764805535124347,15.384359229794004,15.568333116386349,0.013435006141662598,0.95
1055,0.7313961108523983,17.95085566641263,17.95085566641263,0.013299477100372315,1.0
1056,0.6563810477884541,15.916549754318535,15.913809631148707,0.013643956184387207,0.95
1057,0.6801585258906192,16.444244974196547,16.78113232289355,0.013489043712615967,0.95
1058,0.6188502467774528,17.809048864625694,16.450848294864244,0.013610601425170898,0.95
1059,0.6322243009541322,16.007476901139675,14.57036728615237,0.013234376907348633,0.95
1060,0.594814738452626,15.897633760995955,14.695090703822205,0.013344407081604004,0.9
1061,0.7052899792688401,14.328391250178083,14.328391250178083,0.013471710681915283,1.0
1062,0.4965365221758377,17.113780241231716,16.512682006561683,0.013248634338378907,0.85
1063,0.6470168058167067,14.706042188705368,14.604300750765063,0.013271868228912354,0.95
1064,0.7083196830372602,17.949371751302944,17.949371751302944,0.013119220733642578,1.0
1065,0.5052904117103455,16.39426018292978,16.70765378358056,0.013440394401550293,0.85
1066,0.747065659292519,15.107344829686834,15.107344829686834,0.01343231201171875,1.0
1067,0.7353546351353408,13.255029534784242,13.255029534784242,0.012949442863464356,1.0
1068,0.6509978524453024,16.8068749126015,17.140288310733283,0.013189935684204101,0.95
1069,0.6609042388065116,16.848822236886683,17.201119747456886,0.013351678848266602,0.95
1070,0.7308508880501579,18.22801191596786,18.22801191596786,0.013533806800842286,1.0
1071,0.6536230059397363,15.39086430175413,15.45120799421129,0.01337343454360962,0.95
1072,0.41842816384541043,18.756548077876964,18.35094823531349,0.013559579849243164,0.8
1073,0.6353583301713923,15.786953978840907,15.908288179476932,0.013163018226623534,0.95
1074,0.7059839948911723,18.223984328247088,18.223984328247088,0.013359391689300537,1.0
1075,0.5912488333421251,17.2979369373049,16.77993246404295,0.013138401508331298,0.9
1076,0.5883911711153106,14.36697075359723,14.49817014110494,0.013330197334289551,0.9
1077,0.7302113221960863,16.724308725458783,16.724308725458783,0.01336050033569336,1.0
1078,0.7408639829760657,18.715948185115032,18.715948185115032,0.013465297222137452,1.0
1079,0.7337064817113697,16.61369905619923,16.61369905619923,0.0132307767868042,1.0
1080,0.6709896974314561,15.0639327349442,15.024021370693546,0.01332932710647583,0.95
1081,0.7574423231106466,15.699498641645695,15.699498641645695,0.013345706462860107,1.0
1082,0.7212794496079322,15.434590524991716,15.434590524991716,0.013352465629577637,1.0
1083,0.5785184585304306,16.570036235765166,17.22908788543787,0.013343334197998047,0.9
1084,0.5486276179379179,16.26461911232962,15.50756323412388,0.013484632968902588,0.9
1085,0.6641314388952234,16.372474523620447,15.402945865231171,0.0135603666305542,0.95
1086,0.6807338410061003,17.008706138206723,17.008706138206723,0.01329660415649414,1.0
1087,0.6119646835309818,18.61206425102615,18.647237657135655,0.013242340087890625,0.95
1088,0.7270583385182441,16.17308762891925,16.17308762891925,0.01319897174835205,1.0
1089,0.5753066090629465,14.084294627962214,14.055381150450792,0.013345956802368164,0.9
1090,0.6537524341345218,15.523244165666403,15.732241061615364,0.013113760948181152,0.95
1091,0.6457281712989655,16.50109134930228,16.40567874030628,0.013522088527679443,0.95
1092,0.664258701953958,15.334785896649427,15.456748078818817,0.013411998748779297,0.95
1093,0.6416975095048071,14.92926876066303,14.79702833724914,0.013331913948059082,0.95
1094,0.7116977233945214,14.11299268227278,14.11299268227278,0.01347256898880005,1.0
1095,0.7409620125237348,16.993965722385788,16.993965722385788,0.013155126571655273,1.0
1096,0.6548313348440123,16.429222586271642,16.46703568299046,0.01339738368988037,0.95
1097,0.7324292653965965,16.576103821389488,16.576103821389488,0.013437032699584961,1.0
1098,0.5894895534031271,14.23201883420909,14.263138051522011,0.013258755207061768,0.9
1099,0.7457400479597893,16.72748115785366,16.72748115785366,0.013136184215545655,1.0
1100,0.6905564635718138,15.961283745352679,15.961283745352679,0.013557243347167968,1.0
1101,0.6309454644181947,18.546407261643655,17.907309458012083,0.013308453559875488,0.95
1102,0.6637009753567861,16.238245377860952,16.517960679779492,0.013057529926300049,0.95
1103,0.6544831046623825,15.959354422114448,15.886055606093167,0.013248264789581299,0.95
1104,0.5857198379399885,16.506574540583014,17.020162582165895,0.01341242790222168,0.9
1105,0.6477035192052446,15.736497208729213,15.924208759461548,0.013515949249267578,0.95
1106,0.6667205958028019,14.47765959378655,14.55248704265464,0.012984263896942138,0.95
1107,0.6722658318849811,16.963871998946026,16.205273397813777,0.013226532936096191,0.95
1108,0.733451588799358,15.438936562050477,15.438936562050477,0.013295531272888184,1.0
1109,0.6962365653160997,13.509280438575408,13.509280438575408,0.013347721099853516,1.0
1110,0.7216489004522181,15.742186525273393,15.742186525273393,0.013239455223083497,1.0
1111,0.7405507059427356,16.282418169082717,16.282418169082717,0.013204538822174072,1.0
1112,0.6296935361218444,18.006422165194042,18.074838509869256,0.01333005428314209,0.95
1113,0.6982930860181168,15.862617122515143,15.862617122515143,0.013220202922821046,1.0
1114,0.6946610613256899,17.73470763186596,17.73470763186596,0.013245892524719239,1.0
1115,0.5259773814069526,18.96667059790891,18.79865594609577,0.01346045732498169,0.9
1116,0.6713753926805389,15.527688341848549,15.544789660148034,0.013445448875427247,0.95
1117,0.7060191121511874,17.992413708623648,17.992413708623648,0.013325095176696777,1.0
1118,0.6962202794355916,16.71410551375572,16.71410551375572,0.01364046335220337,1.0
1119,0.609911634111026,16.804769923894483,15.964848923456977,0.013410675525665283,0.9
1120,0.6715137710956806,16.972715293127386,17.293567229099516,0.013155817985534668,0.95
1121,0.668660208689407,15.742888530624091,15.694662894846141,0.013359975814819337,0.95
1122,0.7455500521844677,17.353558587264512,17.353558587264512,0.013335800170898438,1.0
1123,0.6601868197297047,15.179391578120237,15.177411527307033,0.013500833511352539,0.95
1124,0.74706993840775,14.853344745145435,14.853344745145435,0.013544118404388428,1.0
1125,0.6451963544478907,17.98324163751198,18.038964334103795,0.01353050470352173,0.95
1126,0.6491361297171218,16.156300492848363,16.282886837031892,0.013200616836547852,0.95
1127,0.72695403093117,15.746665616201302,15.746665616201302,0.013315808773040772,1.0
1128,0.6365209234810947,17.686929399776307,17.81709180134249,0.01333911418914795,0.95
1129,0.7307249740861195,19.203011564457306,19.203011564457306,0.013148617744445801,1.0
1130,0.7141539396316804,16.302449276415643,16.302449276415643,0.01322096586227417,1.0
1131,0.6494718176660252,14.36632170115912,14.555894077049707,0.013342142105102539,0.95
1132,0.7585290360642616,16.738119152372747,16.738119152372747,0.012960708141326905,1.0
1133,0.7224006524795169,17.405167201449792,17.405167201449792,0.01315147876739502,1.0
1134,0.5843791642788104,15.817393807756716,15.800801621691413,0.013479328155517578,0.9
1135,0.7234443234569288,17.64234504302521,17.64234504302521,0.0131691575050354,1.0
1136,0.7155601400635142,14.648213147732196,14.648213147732196,0.013582098484039306,1.0
1137,0.7452696475850631,15.396025892811764,15.396025892811764,0.01336052417755127,1.0
1138,0.6336115244437822,14.894306126269163,15.127176661341354,0.013344848155975341,0.95
1139,0.5848565369574302,15.228422990319606,15.537086921939366,0.013361942768096925,0.9
1140,0.5810504143680825,15.229452015105608,15.393514260776747,0.013193273544311523,0.9
1141,0.5673346474317615,17.472425747799864,17.866061085584043,0.013153767585754395,0.9
1142,0.6124880733724162,17.28974265374893,17.475167749724886,0.01321251392364502,0.95
1143,0.6972235642036912,16.388782796986444,16.388782796986444,0.013163673877716064,1.0
1144,0.7021772244763456,17.086252485103564,17.086252485103564,0.013255572319030762,1.0
1145,0.7436650214096892,17.531304356072617,17.531304356072617,0.013238191604614258,1.0
1146,0.5766696440925048,18.271304681321425,18.406467776510475,0.013331186771392823,0.9
1147,0.630830592536072,17.328768969936174,17.69150796735728,0.013437914848327636,0.95
1148,0.6513845244953873,16.198129375094645,16.498845690947345,0.013429880142211914,0.95
1149,0.7418426756243239,15.492906774536886,15.492906774536886,0.013472485542297363,1.0
1150,0.5778509463464584,14.630001529554189,14.891736496557115,0.013554728031158448,0.9
1151,0.7319892065927086,14.109795674629547,14.109795674629547,0.013620853424072266,1.0
1152,0.7569424190957846,14.679030051311392,14.679030051311392,0.013047313690185547,1.0
1153,0.6852807015764044,15.061289428911309,15.31889948934307,0.013149738311767578,0.95
1154,0.7249133786266932,14.68854235697177,14.68854235697177,0.013171494007110596,1.0
1155,0.6620479333104548,14.765392844250517,14.762347230791438,0.013113605976104736,0.95
1156,0.6496260209186361,17.15767918564942,17.35968874376709,0.013099682331085206,0.95
1157,0.6671493576469767,17.999792171197047,18.22533554384043,0.013250291347503662,0.95
1158,0.731081399205829,16.962314793939747,16.962314793939747,0.013136136531829833,1.0
1159,0.4876893612322015,14.763307432224007,14.922177189712343,0.013200914859771729,0.85
1160,0.5352373246898265,15.752280583373386,15.500250843261723,0.013060343265533448,0.9
1161,0.6501149352585298,14.806092516033766,14.908658467898366,0.013061594963073731,0.95
1162,0.7131973300854106,14.223480663618298,14.223480663618298,0.013346552848815918,1.0
1163,0.6434248916884102,16.652098554686535,16.556693437674117,0.013127410411834716,0.95
1164,0.6521613633730935,17.963246898087878,18.061696882472987,0.013297343254089355,0.95
1165,0.671500788937353,16.23181672235393,16.444544878101084,0.013158679008483887,0.95
1166,0.6403556585665467,15.357663780574217,14.534020754022034,0.013074088096618652,0.95
1167,0.6481384685866616,15.912244910893975,16.20494268478459,0.013305950164794921,0.95
1168,0.6531532275036921,17.547607746841468,17.892588217043194,0.013338840007781983,0.95
1169,0.5742982598637647,17.55303869765026,17.998696871730843,0.01329261064529419,0.9
1170,0.7697212779423779,17.043301982501596,17.043301982501596,0.013094449043273925,1.0
1171,0.6813441365463728,15.99896594214538,16.10926594001809,0.013255691528320313,0.95
1172,0.6186268153031588,15.557598026113439,15.724484234550298,0.013087034225463867,0.95
1173,0.5546060472024168,14.725020709891037,14.789562202067113,0.013273382186889648,0.9
1174,0.6122818369446663,17.85380542910054,17.942673567410694,0.013032448291778565,0.95
1175,0.6101864411236105,14.690318485539581,14.721896327945034,0.013365280628204346,0.95
1176,0.7192477770643947,16.864931207357618,16.864931207357618,0.012998974323272705,1.0
1177,0.7022124341994844,19.865723444360405,19.865723444360405,0.012912166118621827,1.0
1178,0.5857551867676719,16.858092081720578,17.560810800746953,0.013080167770385741,0.9
1179,0.6239828839210629,16.65192115084484,16.82222068371958,0.013409090042114259,0.95
1180,0.5842411817741516,14.264329149349383,14.536650636002118,0.013497984409332276,0.9
1181,0.5930816966529934,16.513749501511352,16.84945122692895,0.013223135471343994,0.9
1182,0.7294574101449041,19.818077618809763,19.818077618809763,0.013349807262420655,1.0
1183,0.7039628357063115,19.168186621961397,19.168186621961397,0.013189804553985596,1.0
1184,0.5633470748796322,17.80531581043516,18.482728672148653,0.013449347019195557,0.9
1185,0.5666188101173353,17.53300038774029,18.122623850875378,0.013299596309661866,0.9
1186,0.5767056887829763,14.652266937709905,14.793180551718198,0.013198375701904297,0.9
1187,0.650944158197756,15.544383739062647,15.794077353690724,0.013425087928771973,0.95
1188,0.7006312017777281,15.294058320396697,15.294058320396697,0.013465237617492676,1.0
1189,0.7151303039724641,14.831249582175086,14.831249582175086,0.013302552700042724,1.0
1190,0.7267363978640017,14.022258720341759,14.022258720341759,0.01331418752670288,1.0
1191,0.7128878139832495,16.14576060421387,16.14576060421387,0.013047385215759277,1.0
1192,0.655634465016556,15.39445742145519,15.669264230422309,0.013241326808929444,0.95
1193,0.7546997457709772,17.610378756785607,17.610378756785607,0.013139009475708008,1.0
1194,0.6778048693729997,15.235895493681872,15.506396311722872,0.013270831108093262,0.95
1195,0.5778994755260474,14.011526674727529,14.332953087347157,0.013243460655212402,0.9
1196,0.7364354476940722,16.61238607483834,16.61238607483834,0.013234317302703857,1.0
1197,0.7206709527101395,13.476630195996208,13.476630195996208,0.013417458534240723,1.0
1198,0.6713608189831557,15.007918320951863,15.26359377386799,0.013576316833496093,0.95
1199,0.6779872748989517,14.576438795162005,14.806352140805194,0.013277482986450196,0.95
1200,0.6568749889291441,14.114797315716455,13.943506680342335,0.0132493257522583,0.95
1201,0.7196296567565341,16.585638314887884,16.585638314887884,0.013355064392089843,1.0
1202,0.4895535920008293,12.767547306911231,11.806426773778943,0.01334686279296875,0.85
1203,0.7315424825482237,14.110725593950065,14.110725593950065,0.013108718395233154,1.0
1204,0.6441044514143217,17.17399551013845,17.431342708252533,0.013237929344177246,0.95
1205,0.6363624985592112,17.861177291600246,17.772601812119234,0.01326237916946411,0.95
1206,0.7081794277500663,17.881192641245175,17.881192641245175,0.013154840469360352,1.0
1207,0.6462748067114549,15.299234676023449,15.437178998334167,0.013259339332580566,0.95
1208,0.5758037762117445,15.5148427613485,15.989785794661291,0.01318742036819458,0.9
1209,0.6324382714592874,17.190661264337585,16.363692139504405,0.013347625732421875,0.95
1210,0.6568439198299147,15.438789860885924,14.353157419846255,0.012954998016357421,0.95
1211,0.7190860011978658,14.980885005166666,14.980885005166666,0.01328195333480835,1.0
1212,0.6455560332091899,14.154212214921014,14.120709493218367,0.013217902183532715,0.95
1213,0.6524246660180741,17.44046624398738,17.826262755746683,0.013308453559875488,0.95
1214,0.7483849438151597,16.65434713280626,16.65434713280626,0.013288724422454833,1.0
1215,0.7419015018369911,13.618116438942172,13.618116438942172,0.013218903541564941,1.0
1216,0.6668078717483956,15.749856884438415,15.922437636218723,0.013154780864715577,0.95
1217,0.6610393305087368,15.50608186060803,15.533894955876914,0.012903749942779541,0.95
1218,0.6548419535523621,17.572377519276216,17.654335535329867,0.012960863113403321,0.95
1219,0.7424746510728899,15.328063405742707,15.328063405742707,0.013055217266082764,1.0
1220,0.7862180855955677,14.604570573693621,14.604570573693621,0.013333117961883545,1.0
1221,0.7481412757788173,14.947919807127596,14.947919807127596,0.013331127166748048,1.0
1222,0.6157087333325186,13.92520455626555,13.949189379425057,0.013321220874786377,0.9
1223,0.7741077286697198,13.898266081608465,13.898266081608465,0.013377785682678223,1.0
1224,0.7083116830898544,15.151421698415149,15.151421698415149,0.013186132907867432,1.0
1225,0.7619338057560431,14.746241400235544,14.746241400235544,0.013448691368103028,1.0
1226,0.7405323526456823,18.268657381429577,18.268657381429577,0.013451004028320312,1.0
1227,0.6788499598054545,15.78931096411265,15.94102962146889,0.013647568225860596,0.95
1228,0.6812519078599701,15.24564765526821,15.24564765526821,0.013411283493041992,1.0
1229,0.7382584179023997,15.895221436707615,15.895221436707615,0.013379538059234619,1.0
1230,0.7210779363233738,16.148509731199116,16.148509731199116,0.013388228416442872,1.0
1231,0.7279165837103374,16.42920833197412,16.42920833197412,0.013151741027832032,1.0
1232,0.5101677692813424,17.294221018190505,16.36669012096322,0.013237810134887696,0.85
1233,0.6329934886827671,16.021332341508987,14.952407662500203,0.013434743881225586,0.95
1234,0.6418396376441949,13.759080892472863,13.870852358599835,0.013409137725830078,0.95
1235,0.7328400194858052,16.434140853693073,16.434140853693073,0.01330333948135376,1.0
1236,0.7229067774742218,16.239139902957877,16.239139902957877,0.013473761081695557,1.0
1237,0.5174064097149846,14.748871521439208,15.08558279143783,0.013632118701934814,0.85
1238,0.7208257084321036,16.475522474153646,16.475522474153646,0.01368652582168579,1.0
1239,0.7458011895300986,16.02608572479946,16.02608572479946,0.013231170177459717,1.0
1240,0.7060112000378381,15.780174371661612,15.780174371661612,0.013252878189086914,1.0
1241,0.6406173766332076,14.085199226309516,13.013655940834777,0.013136470317840576,0.95
1242,0.5828244878032013,15.89469288977863,15.332940940309348,0.013580095767974854,0.9
1243,0.48381054981855637,16.250825192602814,16.936958160263057,0.013354980945587158,0.85
1244,0.7423129498895114,16.81325060361349,16.81325060361349,0.013299918174743653,1.0
1245,0.7150285612234374,18.831755800797044,18.831755800797044,0.013311970233917236,1.0
1246,0.6691165379139757,16.13083250275374,16.312634727261155,0.013412129878997803,0.95
1247,0.6577668686475044,14.884973405096437,15.105518859893643,0.013386082649230958,0.95
1248,0.7351699396901905,16.263925234378295,16.263925234378295,0.013194036483764649,1.0
1249,0.7379433620892427,15.796751880231298,15.796751880231298,0.013077497482299805,1.0
1250,0.6222471659480673,14.565599623172119,14.804714397739836,0.013212847709655761,0.95
1251,0.6449608543677068,16.231833297468985,16.40380097012816,0.013312935829162598,0.95
1252,0.6482380890431843,15.807424252916524,15.996554360039147,0.013218796253204346,0.95
1253,0.7024509749996373,14.976550853801864,14.976550853801864,0.012993013858795166,1.0
1254,0.7202695365224313,15.63750552764183,15.63750552764183,0.013182270526885986,1.0
1255,0.7446312893584731,14.138525341981524,14.138525341981524,0.01334226131439209,1.0
1256,0.7209896839886503,16.422501086573856,16.422501086573856,0.013447630405426025,1.0
1257,0.7409124434714109,15.885749324128307,15.885749324128307,0.01315397024154663,1.0
1258,0.7628294875979453,16.21620062015901,16.21620062015901,0.013102328777313233,1.0
1259,0.7507554595400429,14.24171444058184,14.24171444058184,0.013023006916046142,1.0
1260,0.7308452047855565,16.734804641712195,16.734804641712195,0.013155162334442139,1.0
1261,0.7355190212527947,17.004421434519475,17.004421434519475,0.013062143325805664,1.0
1262,0.6783852589825143,16.34534781136427,16.635758652894925,0.013046550750732421,0.95
1263,0.7213853483775869,15.910684754391548,15.910684754391548,0.013312864303588866,1.0
1264,0.7260035037440316,15.14052385241747,15.14052385241747,0.01288301944732666,1.0
1265,0.7335277395662422,12.966161912449815,12.966161912449815,0.013149821758270263,1.0
1266,0.5819388088315172,14.767830121365296,14.76303732627295,0.013231503963470458,0.9
1267,0.7629519853623636,13.015886212156124,13.015886212156124,0.013238835334777831,1.0
1268,0.7172236913056339,15.455032650687397,15.455032650687397,0.013033843040466309,1.0
1269,0.7333986653635265,15.82381438677856,15.82381438677856,0.013063621520996094,1.0
1270,0.5892856795737126,15.321302092470102,15.20558224873598,0.013049900531768799,0.9
1271,0.7619719401067279,15.249320344602527,15.249320344602527,0.013194501399993896,1.0
1272,0.7155771652047893,18.82028572659899,18.82028572659899,0.01315072774887085,1.0
1273,0.7419513404674787,14.132500540409472,14.132500540409472,0.013268589973449707,1.0
1274,0.7261776524464617,17.663096741634952,17.663096741634952,0.01354062557220459,1.0
1275,0.6953874502629857,15.861732852122893,16.102808163813144,0.013456988334655761,0.95
1276,0.7336002170115528,18.47357283733468,18.47357283733468,0.013306701183319091,1.0
1277,0.6579472690846632,16.151038452640286,16.467734202795622,0.0136896014213562,0.95
1278,0.7279277030630374,16.738290851889285,16.738290851889285,0.01370861530303955,1.0
1279,0.6178799960481447,14.084184915275305,13.797573557308962,0.013862228393554688,0.95
1280,0.7604256951022617,16.802044856454582,16.802044856454582,0.01336369514465332,1.0
1281,0.7166001600207145,17.46566383115061,17.46566383115061,0.013650274276733399,1.0
1282,0.718865473326291,15.324364281504236,15.324364281504236,0.013506650924682617,1.0
1283,0.7705435391344004,14.550284286296002,14.550284286296002,0.013284397125244141,1.0
1284,0.6447113426042038,19.092961863493684,19.570664828590836,0.013504993915557862,0.95
1285,0.6751643900554921,15.965337787855754,16.079173748146072,0.013221752643585206,0.95
1286,0.7122895582258681,16.310392856768566,16.310392856768566,0.013281381130218506,1.0
1287,0.679626558234987,16.01658654850613,14.95428121365991,0.01355288028717041,0.95
1288,0.7432782202115915,16.189516885949878,16.189516885949878,0.013567984104156494,1.0
1289,0.7647707709883325,16.557383003164126,16.557383003164126,0.013502657413482666,1.0
1290,0.6965892567693871,17.55264740229962,17.942683497977594,0.013131165504455566,0.95
1291,0.5581391811204759,17.45816959225315,17.94731996051393,0.013327646255493163,0.9
1292,0.7285314808687795,15.785257808018963,15.785257808018963,0.013078808784484863,1.0
1293,0.7175617370397516,16.63826932629744,16.63826932629744,0.013119089603424072,1.0
1294,0.6447302895827789,16.532610464250414,15.674688960845387,0.013420212268829345,0.95
1295,0.7283549706094646,14.762717508874482,14.762717508874482,0.013359749317169189,1.0
1296,0.5694211987557435,15.561862497614815,15.683244493962357,0.013538074493408204,0.9
1297,0.7269284027906127,15.835762903967472,15.835762903967472,0.01351226568222046,1.0
1298,0.751983212273767,14.545734249547143,14.545734249547143,0.013424623012542724,1.0
1299,0.7266903900692172,16.07197583617241,16.07197583617241,0.013348352909088135,1.0
1300,0.6436894789186547,16.08666525303115,16.23528300384333,0.013427472114562989,0.95
1301,0.6773538868536584,15.345779814761254,15.356823077633136,0.013084232807159424,0.95
1302,0.7411039708483207,14.980374183677137,14.980374183677137,0.013422036170959472,1.0
1303,0.7230749421360421,14.100035792265018,14.100035792265018,0.013189709186553955,1.0
1304,0.7495814874303823,15.348929523177713,15.348929523177713,0.01329662799835205,1.0
1305,0.7403604605511674,14.466551248999213,14.466551248999213,0.013099408149719239,1.0
1306,0.73800411099506,16.835301922058328,16.835301922058328,0.013457012176513673,1.0
1307,0.6537653549591496,17.922576594491147,17.11215833852183,0.013157951831817626,0.95
1308,0.6633577968353664,16.82571027036,15.955459275806737,0.013154780864715577,0.95
1309,0.7661736951903297,13.676559505301721,13.676559505301721,0.013613462448120117,1.0
1310,0.7436588245443769,16.165619176387473,16.165619176387473,0.013306760787963867,1.0
1311,0.5902379744516194,15.322968277014681,15.802035715443054,0.012940669059753418,0.9
1312,0.7186488998917853,17.00371105528382,17.00371105528382,0.01313481330871582,1.0
1313,0.7581361645259237,14.766037670979674,14.766037670979674,0.013414204120635986,1.0
1314,0.5766605924684725,15.422268918780071,14.25338116054916,0.013097333908081054,0.9
1315,0.6577875455190739,14.931532890450544,15.085945546083437,0.01336979866027832,0.95
1316,0.6580821088335095,13.79491276504148,13.610109942205426,0.013474857807159424,0.95
1317,0.7390513294771914,15.194566432856154,15.194566432856154,0.013117361068725585,1.0
1318,0.6553702854671194,16.651102745373795,15.869054649506705,0.01327519416809082,0.95
1319,0.6546196520474571,16.69008398210152,16.95880969261972,0.013271820545196534,0.95
1320,0.6752340826433302,14.852939317352915,15.095529645170638,0.013386690616607666,0.95
1321,0.6536412125288679,14.07905922975338,13.092694231331501,0.013326442241668702,0.95
1322,0.7465799925618903,16.435354672421916,16.435354672421916,0.013299214839935302,1.0
1323,0.7210613160923629,13.53227694604224,13.53227694604224,0.013117551803588867,1.0
1324,0.736575808004434,15.32146661159229,15.32146661159229,0.013395428657531738,1.0
1325,0.6414236697040467,13.089367325513493,13.172108292279185,0.013267171382904053,0.95
1326,0.7614334387447594,15.821148070303053,15.821148070303053,0.013319039344787597,1.0
1327,0.6855459012740378,15.394329630133779,15.635085282165155,0.013367986679077149,0.95
1328,0.6630929054842736,15.419177515038305,15.686245098800923,0.013222897052764892,0.95
1329,0.7285320175689499,15.090945185166067,15.090945185166067,0.013259243965148926,1.0
1330,0.6448859966316229,15.758126675411592,14.71188114898847,0.01335815191268921,0.95
1331,0.7106968561754927,19.4134961140361,19.4134961140361,0.013210034370422364,1.0
1332,0.7200094230567151,16.48075603358872,16.48075603358872,0.013355708122253418,1.0
1333,0.6838510787458173,15.842619857734993,15.063457229620825,0.013324558734893799,0.95
1334,0.7267719541357134,15.23705742564158,15.23705742564158,0.01336904764175415,1.0
1335,0.675435922828779,16.508183388595636,16.656611495260623,0.01336827278137207,0.95
1336,0.7299891109552245,16.20071661535216,16.20071661535216,0.01320631504058838,1.0
1337,0.6759911972589322,14.281225372983084,14.477639012178376,0.013208532333374023,0.95
1338,0.6606085889509078,14.820890321592412,14.938268254926191,0.01378861665725708,0.95
1339,0.7516104112829216,15.618245335351872,15.618245335351872,0.013192951679229736,1.0
1340,0.7383681885244274,16.796601164488496,16.796601164488496,0.013357365131378173,1.0
1341,0.6553078935351059,13.953637013340748,13.886095632162117,0.013041412830352784,0.95
1342,0.5564949917433311,17.329584130698663,17.938897477854912,0.013469350337982178,0.9
1343,0.7388893367516502,15.499315668073782,15.499315668073782,0.013360333442687989,1.0
1344,0.646220328326393,15.464845130798455,14.681209631742655,0.013541853427886963,0.95
1345,0.6482237770478585,17.305322030819088,17.404711657581284,0.013543009757995605,0.95
1346,0.6374307482207497,14.844390274783805,14.90928020256375,0.013651323318481446,0.95
1347,0.6740461771741926,16.050725729793335,15.228197150866253,0.013280773162841797,0.95
1348,0.7161008124492824,14.45713909762894,14.45713909762894,0.013093256950378418,1.0
1349,0.6361488121364661,18.277187377645973,18.673021812320407,0.013131117820739746,0.95
1350,0.5154642333108626,14.276530010959211,13.314344858306445,0.013304758071899413,0.85
1351,0.7217706340551016,14.949473586165201,14.949473586165201,0.01318187713623047,1.0
1352,0.6643126982600489,15.510341948985843,15.762219700048883,0.013376784324645997,0.95
1353,0.6007613631084602,13.684834781234002,13.959225600742192,0.013784551620483398,0.9
1354,0.6533582250897763,11.984333999148737,11.905150667650966,0.013534128665924072,0.95
1355,0.6554441795145404,13.508982792105721,13.596868646273128,0.013373470306396485,0.95
1356,0.6910281384580176,17.449016308302976,16.670559541498328,0.013453030586242675,0.95
1357,0.6598565130415598,15.021310918731084,15.200489431295216,0.013433659076690673,0.95
1358,0.717656981849049,15.845933831502617,15.845933831502617,0.013377642631530762,1.0
1359,0.7301482461515406,14.338075238716822,14.338075238716822,0.01328587532043457,1.0
1360,0.7356997792571346,16.157189064683244,16.157189064683244,0.01334928274154663,1.0
1361,0.7184847332432286,13.643343821728838,13.643343821728838,0.013426244258880615,1.0
1362,0.5931361193676146,15.601661702242211,14.778476138444827,0.013205921649932862,0.9
1363,0.762432075684629,16.93042371985807,16.93042371985807,0.013089823722839355,1.0
1364,0.6293111932630615,14.73486100434198,14.773672806051476,0.01319526433944702,0.95
1365,0.6691958077849676,17.605532589356635,18.00188534522499,0.013134944438934325,0.95
1366,0.5770820702755604,15.645175835042437,16.058835455358803,0.013054847717285156,0.9
1367,0.6610031604713917,15.655034838328612,15.926933343386372,0.013082551956176757,0.95
1368,0.6278113804344415,16.698939987489393,17.241006477653336,0.013345849514007569,0.9
1369,0.723165156742725,15.590787360304304,15.590787360304304,0.013407838344573975,1.0
1370,0.5331980605937799,18.362654854625312,17.21289639074918,0.013317978382110596,0.85
1371,0.606097214007508,17.349052262077738,16.711635052744853,0.01336498260498047,0.9
1372,0.6237347739108037,18.42227159617089,19.163366549129034,0.013275635242462159,0.9
1373,0.5858573942479925,13.041461030944479,13.268870301669475,0.013492155075073241,0.9
1374,0.7501340176580477,16.53665301020913,16.53665301020913,0.013042783737182618,1.0
1375,0.6479039788888674,17.945632498441217,18.214560103780993,0.013006675243377685,0.95
1376,0.6584279534476685,14.092334322119054,14.236022540494721,0.013101470470428467,0.95
1377,0.783980104184033,14.92175411440218,14.92175411440218,0.013421213626861573,1.0
1378,0.7482057692946131,15.861086787100467,15.861086787100467,0.013168013095855713,1.0
1379,0.4953257859174037,16.89038472327828,16.325731390339556,0.01331080198287964,0.85
1380,0.6614776685695445,17.243674371619118,17.579253309868317,0.013448107242584228,0.95
1381,0.7415747744968071,16.745901860219053,16.745901860219053,0.01329411268234253,1.0
1382,0.7092290064128347,17.912061707914003,17.912061707914003,0.013282525539398193,1.0
1383,0.6747583780570796,14.514217852598824,14.744036749790693,0.013207268714904786,0.95
1384,0.5882279833716682,15.035438113402288,15.002457200989413,0.013335227966308594,0.9
1385,0.7378202178007349,14.514561376938598,14.514561376938598,0.013141584396362305,1.0
1386,0.7550332831143922,16.862078611063986,16.862078611063986,0.013060450553894043,1.0
1387,0.4873864796639819,15.053740967390883,15.43887035913995,0.013123583793640137,0.85
1388,0.6774216020163826,16.144401218061272,16.18314035766708,0.013312339782714844,0.95
1389,0.6773574018056655,17.670843726610553,18.06202997808069,0.013294482231140136,0.95
1390,0.7220712381229114,17.898975878335136,17.898975878335136,0.01312190294265747,1.0
1391,0.5721755740264307,15.563536144215593,14.717735473470416,0.01311194896697998,0.9
1392,0.6785540404312094,17.23053028355028,17.340920270217424,0.013178384304046631,0.95
1393,0.7338200528100681,16.449554562488977,16.449554562488977,0.013304829597473145,1.0
1394,0.7398594586996343,15.862127182434529,15.862127182434529,0.013185358047485352,1.0
1395,0.6675755392564512,16.525882438452026,16.47347045085512,0.013186335563659668,0.95
1396,0.6750411264253027,16.423201715126524,16.52048742749225,0.01323760747909546,0.95
1397,0.7135573318920369,14.699636077455178,14.699636077455178,0.013304424285888673,1.0
1398,0.6421745948888771,17.42681328366009,17.802730119600795,0.013488101959228515,0.95
1399,0.7416355463949226,15.333120375567637,15.333120375567637,0.01354621648788452,1.0
1400,0.7184229509242266,16.562507728580265,16.562507728580265,0.01331394910812378,1.0
1401,0.7438604188856759,15.358468191839995,15.358468191839995,0.013290071487426757,1.0
1402,0.7592990143925521,15.20889551717631,15.20889551717631,0.013507699966430664,1.0
1403,0.5906094537470655,14.885169181777902,15.252408686550853,0.013122630119323731,0.9
1404,0.6521956378089631,16.887318772070092,16.961757719034388,0.01312112808227539,0.95
1405,0.7233314828876682,16.5241258052116,16.5241258052116,0.013340747356414795,1.0
1406,0.736598470822961,14.863170308355985,14.863170308355985,0.01308457851409912,1.0
1407,0.7507740683030483,14.822391526565374,14.822391526565374,0.013180625438690186,1.0
1408,0.7276672036350111,14.982810836427188,14.982810836427188,0.013306641578674316,1.0
1409,0.6490594049705681,12.334323970833411,12.416227847455557,0.013131344318389892,0.95
1410,0.5801155416598927,14.067686930995222,14.228176281565664,0.01307286024093628,0.9
1411,0.7180400071450548,14.972978070360124,14.972978070360124,0.013413143157958985,1.0
1412,0.700013341218761,16.32209312266566,16.604802510220892,0.013334250450134278,0.95
1413,0.7617674889588242,15.63973443226335,15.63973443226335,0.01347724199295044,1.0
1414,0.6080658597473201,15.345532221687488,15.714236645860593,0.013303542137145996,0.9
1415,0.6756004795364593,14.587716458275732,14.703708949200736,0.013151037693023681,0.95
1416,0.7128834343882852,15.336111273576929,15.336111273576929,0.013388431072235108,1.0
1417,0.6839459482429738,18.081489610221052,17.326760516397787,0.013319158554077148,0.95
1418,0.7634327308632326,16.73586404623604,16.73586404623604,0.013518917560577392,1.0
1419,0.6555936790126524,13.800935225656696,13.925953512757605,0.013287925720214843,0.95
1420,0.5880648806341993,13.313138979882732,13.245884728169703,0.013279092311859132,0.9
1421,0.7185140979205233,17.44411029901969,17.44411029901969,0.013051998615264893,1.0
1422,0.5280609733351793,15.399086947574705,15.882068340520618,0.013355064392089843,0.85
1423,0.7727726355942254,12.812232927010044,12.812232927010044,0.01325300931930542,1.0
1424,0.6150238651127815,16.188667192983083,15.597823823081269,0.013317632675170898,0.9
1425,0.6618885014480764,15.045350177987117,15.242759823245347,0.012998473644256592,0.95
1426,0.6385526199167153,13.459083623431244,13.524762050650565,0.012966620922088622,0.95
1427,0.7236165146105041,13.022270728902956,13.022270728902956,0.013129627704620362,1.0
1428,0.679102708010865,15.709062434415042,15.912311100639377,0.013554513454437256,0.95
1429,0.6636209396774074,15.94580306958375,15.035016123110669,0.013170170783996581,0.95
1430,0.7544808661402944,15.396904473294455,15.396904473294455,0.013257598876953125,1.0
1431,0.5901130893451583,14.684854623229162,15.00849657331272,0.013188624382019043,0.9
1432,0.5567922135614314,15.660833274962632,14.628088379224689,0.012971854209899903,0.9
1433,0.5938554415402868,15.137153921330238,13.930889235047301,0.013131165504455566,0.9
1434,0.7205207531531328,16.029758490535748,16.029758490535748,0.013078868389129639,1.0
1435,0.6647869520484428,16.667856899870493,16.855223442074827,0.013297569751739503,0.95
1436,0.6771414331600629,17.439444286928506,17.794663791698774,0.0130487322807312,0.95
1437,0.5770298083137082,14.052877400009061,14.390629802298754,0.013194882869720459,0.9
1438,0.5824814019890694,18.325977155081684,19.134866428673156,0.013249552249908448,0.9
1439,0.670338220040797,16.347883765616768,15.572288869176559,0.013185131549835204,0.95
1440,0.6556013322996793,16.39284032354841,15.417096394789501,0.01324760913848877,0.95
1441,0.6463439298825148,17.315951588221544,17.542653200841617,0.013075041770935058,0.95
1442,0.6938488547052774,17.01780005260693,17.296464946332105,0.013052070140838623,0.95
1443,0.7332200022427504,17.908663618517313,17.908663618517313,0.01307741403579712,1.0
1444,0.752368452632267,16.220492491021727,16.220492491021727,0.013259434700012207,1.0
1445,0.748423077066532,16.240026772432667,16.240026772432667,0.01320401430130005,1.0
1446,0.6899922942747793,16.380987820543318,16.703408663225016,0.013026988506317139,0.95
1447,0.7650395672067238,15.283194372842933,15.283194372842933,0.013233625888824463,1.0
1448,0.6505383722838582,16.62949609607474,16.79890886412438,0.01312164068222046,0.95
1449,0.7673444972412421,16.171611464222345,16.171611464222345,0.013126635551452636,1.0
1450,0.7022556319645057,15.528190077304618,15.545537710256383,0.013170778751373291,0.95
1451,0.7816728972026532,16.8388001544249,16.8388001544249,0.013009309768676758,1.0
1452,0.7468960792455309,13.33858262029122,13.33858262029122,0.01311490535736084,1.0
1453,0.7472977201245856,15.97221656855183,15.97221656855183,0.013045763969421387,1.0
1454,0.7539051898945364,16.758945143413623,16.758945143413623,0.013289904594421387,1.0
1455,0.716994579243697,19.930352060813725,19.930352060813725,0.013091814517974854,1.0
1456,0.6554640530824096,18.164120544631647,17.41820489597754,0.013396596908569336,0.95
1457,0.5738647774254995,15.65461676479482,16.11349419393081,0.013541865348815917,0.9
1458,0.643074374892358,15.902683579282883,15.046771966215474,0.013460016250610352,0.95
1459,0.7689470329387877,16.928371219123783,16.928371219123783,0.013307428359985352,1.0
1460,0.5914309054960045,15.286502375441916,14.503806231511,0.013103222846984864,0.9
1461,0.6684443004576027,16.612029358981424,16.873417415051648,0.013326072692871093,0.95
1462,0.7335149572049534,15.705620926033134,15.705620926033134,0.013271653652191162,1.0
1463,0.7478221800670337,15.012416237203173,15.012416237203173,0.013235151767730713,1.0
1464,0.7407566113931432,17.277897870444143,17.277897870444143,0.013266038894653321,1.0
1465,0.6450662527843216,17.028029244016437,17.054936010733673,0.013481628894805909,0.95
1466,0.7476506924144898,15.326085954986961,15.326085954986961,0.013496732711791993,1.0
1467,0.7217274686956486,14.288008426067563,14.288008426067563,0.013498342037200928,1.0
1468,0.7545232507437423,16.931440122448713,16.931440122448713,0.013327252864837647,1.0
1469,0.6852853751616885,16.19421613444866,15.39305933025815,0.013249075412750244,0.95
1470,0.6685745084000145,16.10218999398056,16.23099082350316,0.013237273693084717,0.95
1471,0.5883393170466134,17.350103060341645,17.831567178042405,0.01304861307144165,0.9
1472,0.7114062497728806,19.018893586747478,19.018893586747478,0.013402843475341797,1.0
1473,0.6363545197304287,16.167225186537674,16.465652740352155,0.013463973999023438,0.95
1474,0.6904303535694842,16.66158243099565,16.97590957861705,0.013504862785339355,0.95
1475,0.7470192264533002,16.87951216337088,16.87951216337088,0.013058722019195557,1.0
1476,0.6418229963951503,15.188216003011195,15.333886059129435,0.013429820537567139,0.95
1477,0.6648179595507012,15.877891237940958,16.172860588330295,0.013318812847137452,0.95
1478,0.7514256268013758,17.55842424329991,17.55842424329991,0.01331402063369751,1.0
1479,0.7256466135115005,14.22407642317631,14.22407642317631,0.013190293312072754,1.0
1480,0.6415047531636611,14.666367431346302,14.808700989427,0.013336527347564697,0.95
1481,0.7342240636087717,18.74866601821853,18.74866601821853,0.013343334197998047,1.0
1482,0.762181678240734,14.16913008335628,14.16913008335628,0.013250458240509033,1.0
1483,0.739945036403587,16.624280808889527,16.624280808889527,0.01325317621231079,1.0
1484,0.6889241903592885,16.29516417221569,16.611751956977468,0.013150417804718017,0.95
1485,0.7531896578260577,17.58938260212711,17.58938260212711,0.01316661834716797,1.0
1486,0.7510734152476288,18.050115483305156,18.050115483305156,0.013164567947387695,1.0
1487,0.7420074638354573,17.235112305839515,17.235112305839515,0.013135945796966553,1.0
1488,0.6615871273464142,16.157346886954418,16.430002013694974,0.013328897953033447,0.95
1489,0.6611010709199362,15.599489146599044,15.742574266343453,0.013231921195983886,0.95
1490,0.7302024840794311,15.365198806358936,15.365198806358936,0.01326831579208374,1.0
1491,0.7567436600575739,17.354735447204977,17.354735447204977,0.013315081596374512,1.0
1492,0.7516730492081954,16.110912234537352,16.110912234537352,0.0133567214012146,1.0
1493,0.7463893102674171,14.073223940468461,14.073223940468461,0.013196325302124024,1.0
1494,0.7112348926274913,14.031906776000554,14.031906776000554,0.013357770442962647,1.0
1495,0.6486812433121296,16.967226328414505,16.139599154922355,0.013286888599395752,0.95
1496,0.7389221343714375,15.379868786061383,15.379868786061383,0.013154554367065429,1.0
1497,0.7598823216830227,15.580692169778587,15.580692169778587,0.013154184818267823,1.0
1498,0.7594796331130067,16.081409090351244,16.081409090351244,0.013205552101135254,1.0
1499,0.6578938867617203,15.08798980302926,15.20279321421709,0.01330474615097046,0.95
1500,0.687043905833407,15.617038164675261,15.847161887058734,0.01348254680633545,0.95
1501,0.736731737403966,14.003900130481753,14.003900130481753,0.01316441297531128,1.0
1502,0.6796276671240807,12.033942226906337,10.863594304792693,0.013287019729614259,0.95
1503,0.6380378919884213,12.317892808044707,12.42273740985196,0.013376545906066895,0.95
1504,0.7036209969680035,16.33289838126605,15.55511762108839,0.013277673721313476,0.95
1505,0.7439810108635541,15.204280131241457,15.204280131241457,0.013339507579803466,1.0
1506,0.7243930589607134,17.624826488007617,17.624826488007617,0.013139641284942627,1.0
1507,0.6738337205316229,15.451712212346838,15.6269712970799,0.013271081447601318,0.95
1508,0.6378799202428846,15.1577603015589,15.384950044215264,0.01316370964050293,0.95
1509,0.6840465190756334,14.07020845907004,14.07020845907004,0.013093709945678711,1.0
1510,0.74547961667622,15.613519688663342,15.613519688663342,0.013046085834503174,1.0
1511,0.5860027392275005,16.0258045952775,16.397666918254092,0.013104391098022462,0.9
1512,0.5872952828754222,16.307200285924058,16.640714565963794,0.013312506675720214,0.9
1513,0.7527424842027195,15.129933140896895,15.129933140896895,0.013350021839141846,1.0
1514,0.7417381119062394,15.58409367911833,15.58409367911833,0.01314326524734497,1.0
1515,0.6859239212633352,13.546848861862845,13.6955757995792,0.013327491283416749,0.95
1516,0.7925336561658665,13.90548709098868,13.90548709098868,0.013441705703735351,1.0
1517,0.768972659474103,16.25533376809158,16.25533376809158,0.01315762996673584,1.0
1518,0.716083453163751,17.042719416074455,17.042719416074455,0.013290178775787354,1.0
1519,0.6669947078865326,17.191232547549994,16.27556863661809,0.01320730447769165,0.95
1520,0.6610132553651443,19.26741334901902,18.4836735780159,0.012967395782470702,0.95
1521,0.44608719091437676,17.65804085952182,17.885129182686548,0.01309199333190918,0.8
1522,0.7281275935398032,19.57909643870382,19.57909643870382,0.01342463493347168,1.0
1523,0.7570471640988036,17.743878193095775,17.743878193095775,0.01318666934967041,1.0
1524,0.5922233728135019,17.974400550101862,16.497306451140915,0.013298356533050537,0.9
1525,0.7380366475286888,16.49639401315302,16.49639401315302,0.013020586967468262,1.0
1526,0.6754552044919765,15.801608734914662,16.105035485477583,0.013214409351348877,0.95
1527,0.6371022997132744,18.123618999380483,18.22978784435112,0.013237643241882324,0.95
1528,0.6402409806783537,16.269437159350122,15.821264455970592,0.013398146629333496,0.95
1529,0.6678082754926227,19.041506001588417,19.505380198827908,0.013310134410858154,0.95
1530,0.7145296004299162,17.37747379694209,17.37747379694209,0.013575077056884766,1.0
1531,0.672205218902034,15.368510217572682,15.368510217572682,0.013297617435455322,1.0
1532,0.5826528085566018,15.545591843875195,15.980002444747239,0.01326582431793213,0.9
1533,0.7646409913396761,13.294650153346515,13.294650153346515,0.01321488618850708,1.0
1534,0.6611992007945869,15.446337108322487,15.652777013963396,0.013215625286102295,0.95
1535,0.662584133698359,14.76533800307135,14.81947858349037,0.013326609134674072,0.95
1536,0.7672326480845689,18.482231326432622,18.482231326432622,0.01370396614074707,1.0
1537,0.6041682579606246,15.592664704513883,15.746429231233293,0.01314561367034912,0.9
1538,0.7382483122960403,17.318491690949948,17.318491690949948,0.013363981246948242,1.0
1539,0.7281202513297327,14.233046303905732,14.233046303905732,0.013036394119262695,1.0
1540,0.7370517704912822,18.147301834810243,18.147301834810243,0.013198387622833253,1.0
1541,0.6679067259501101,18.16900452678404,17.545354940541113,0.01313161849975586,0.95
1542,0.43682816855168644,17.86639964748151,14.424711423297301,0.01309511661529541,0.8
1543,0.6748441615070011,13.838863787551205,14.012943114956682,0.01315711736679077,0.95
1544,0.7541425682142331,15.218737491677746,15.218737491677746,0.013158977031707764,1.0
1545,0.7588203784579848,17.539454400040036,17.539454400040036,0.013349545001983643,1.0
1546,0.7511215849799708,15.315557771769345,15.315557771769345,0.013353109359741211,1.0
1547,0.6037790169430688,16.776117298896118,16.34854418590713,0.013245820999145508,0.9
1548,0.6065078258285377,19.695072019300333,18.273956760128307,0.013370120525360107,0.9
1549,0.754215084512998,17.20036877858621,17.20036877858621,0.013190555572509765,1.0
1550,0.6940619143417261,19.502395379870954,19.502395379870954,0.013182103633880615,1.0
1551,0.5723611108652287,14.918856428876438,14.148519343921011,0.013386356830596923,0.9
1552,0.5840653430848645,17.386363210882884,17.599315751410998,0.013328862190246583,0.9
1553,0.6613464085590339,20.00482962646871,19.378305079765777,0.013235020637512206,0.95
1554,0.7259891205179502,21.238646532414656,21.238646532414656,0.01352463960647583,1.0
1555,0.6499549451697233,17.876199359574706,16.52778037314356,0.01360480785369873,0.95
1556,0.7633406314092424,17.465070533755522,17.465070533755522,0.013260209560394287,1.0
1557,0.7069277341483464,16.03236674382036,16.03236674382036,0.013260912895202637,1.0
1558,0.7483449774655444,15.079272676317325,15.079272676317325,0.01333315372467041,1.0
1559,0.6550086856695851,17.368699921498827,17.753192524993278,0.013373422622680663,0.95
1560,0.7120946749035917,16.407654416357367,16.407654416357367,0.013299643993377686,1.0
1561,0.6798940560526774,15.787088615628926,16.05957694598085,0.013208401203155518,0.95
1562,0.7307026284520564,16.04098839161758,16.04098839161758,0.013091731071472167,1.0
1563,0.5877893307548979,20.41268767092412,19.427841665778008,0.013179254531860352,0.9
1564,0.7354704773891636,14.958315283792004,14.958315283792004,0.013174748420715332,1.0
1565,0.5847507966618845,13.065644588139909,13.336756015418308,0.013001048564910888,0.9
1566,0.7349611153865748,13.978348912357998,13.978348912357998,0.013061630725860595,1.0
1567,0.7479165198346325,16.590906206295678,16.590906206295678,0.012817573547363282,1.0
1568,0.7497568346153242,16.32348352833976,16.32348352833976,0.013217580318450928,1.0
1569,0.7106851147808892,16.93272415442198,16.93272415442198,0.012965404987335205,1.0
1570,0.7013680384296889,15.171417235464228,15.171417235464228,0.01327047348022461,1.0
1571,0.7432469393464457,15.818714200356334,15.818714200356334,0.013710212707519532,1.0
1572,0.7245693458754138,16.82512724711505,16.82512724711505,0.013413035869598388,1.0
1573,0.5669721965036444,16.748071814391423,17.31625123856623,0.013501167297363281,0.9
1574,0.741097730543238,17.913295126546693,17.913295126546693,0.013354158401489258,1.0
1575,0.7268454281114684,18.058169992101618,18.058169992101618,0.013298702239990235,1.0
1576,0.7300202987381113,16.738516766832667,16.738516766832667,0.013527798652648925,1.0
1577,0.7394285361701957,17.977886239637545,17.977886239637545,0.013333380222320557,1.0
1578,0.7202287830359027,15.905381726645288,15.905381726645288,0.013397300243377685,1.0
1579,0.5942336301913922,15.828164030590646,16.084615367302185,0.013379251956939698,0.9
1580,0.6584350729040117,17.28815266636491,16.598643298242063,0.013422012329101562,0.95
1581,0.7497297931632485,17.727929548857713,17.727929548857713,0.013058578968048096,1.0
1582,0.7452917534208209,16.773901907683516,16.773901907683516,0.01330476999282837,1.0
1583,0.6590158748886488,18.902209365852773,19.15958024951474,0.01313483715057373,0.95
1584,0.746709628026219,17.617843893427835,17.617843893427835,0.013260138034820557,1.0
1585,0.6434238284062521,17.96357837626592,18.37279242257552,0.013286149501800537,0.95
1586,0.7130637436611431,17.941757231188454,17.941757231188454,0.013420867919921874,1.0
1587,0.7599566864552074,16.9607440931461,16.9607440931461,0.013373541831970214,1.0
1588,0.7466395488565499,17.36824932959012,17.36824932959012,0.012960565090179444,1.0
1589,0.739576641901608,15.186499224017705,15.186499224017705,0.013341951370239257,1.0
1590,0.7298580166082268,14.160652332328263,14.160652332328263,0.013308501243591309,1.0
1591,0.7274708032325721,14.223065052342369,14.223065052342369,0.013252830505371094,1.0
1592,0.727473941243849,16.922126440389967,16.922126440389967,0.013739466667175293,1.0
1593,0.7705381715896602,13.86618560514781,13.86618560514781,0.013289952278137207,1.0
1594,0.5723141890861617,14.428273445556798,14.639549003898765,0.013153421878814697,0.9
1595,0.6494682778307025,15.79046428740784,15.040623772057248,0.013471651077270507,0.95
1596,0.7432122204080284,16.949868261487175,16.949868261487175,0.013227224349975586,1.0
1597,0.740120099610607,17.009156587673615,17.009156587673615,0.013391149044036866,1.0
1598,0.7216662968141396,17.284327646689885,17.284327646689885,0.0132485032081604,1.0
1599,0.6660313373815384,15.462544115880311,15.694776202323366,0.01343233585357666,0.95
1600,0.7398158973492717,16.62711244967746,16.62711244967746,0.013248467445373535,1.0
1601,0.7572296439944868,15.941744128883377,15.941744128883377,0.013151288032531738,1.0
1602,0.7330782419059128,16.725932374987167,16.725932374987167,0.013358306884765626,1.0
1603,0.5804938718023023,15.572175560720087,16.036484106161907,0.013278257846832276,0.9
1604,0.7152436678886664,16.249659034342912,16.249659034342912,0.013290846347808838,1.0
1605,0.6951036275305269,17.80927960313803,18.12889563526528,0.013187932968139648,0.95
1606,0.7359361049208277,17.051816519536626,17.051816519536626,0.013112831115722656,1.0
1607,0.7005555825538053,15.198820836856893,15.198820836856893,0.013137030601501464,1.0
1608,0.7512169697552901,14.944755926864133,14.944755926864133,0.012992143630981445,1.0
1609,0.72204527747037,16.328397308474337,16.328397308474337,0.013161420822143555,1.0
1610,0.6649241938142736,15.502948540624752,15.715604490826323,0.013442349433898926,0.95
1611,0.736792688920017,15.735175100517207,15.735175100517207,0.013355278968811035,1.0
1612,0.711390467572827,14.638613622509334,14.638613622509334,0.013549184799194336,1.0
1613,0.6786957477374949,15.248514408601071,15.181602817069198,0.013204967975616455,0.95
1614,0.7112464856375394,15.193028569946824,15.193028569946824,0.013247740268707276,1.0
1615,0.6478477614946818,16.590261957874773,15.658484624759305,0.012955915927886964,0.95
1616,0.5655801390184703,19.315961295263968,19.78212144720779,0.0134405255317688,0.9
1617,0.6349770946904595,18.39663776699272,17.733364273933276,0.01326441764831543,0.95
1618,0.6716672404406191,15.730796706486979,15.820405082376908,0.013284039497375489,0.95
1619,0.7626703705169074,16.801362210974837,16.801362210974837,0.013514375686645508,1.0
1620,0.6057452477562546,16.072323421428557,16.6321549592654,0.013365828990936279,0.9
1621,0.7624627148630528,15.6797413319236,15.6797413319236,0.013044750690460205,1.0
1622,0.7184764360191243,14.039775547692468,14.039775547692468,0.01306058168411255,1.0
1623,0.7364791175383989,16.407288422303974,16.407288422303974,0.013130867481231689,1.0
1624,0.736724129270562,18.55939223907403,18.55939223907403,0.013333678245544434,1.0
1625,0.638725608330267,16.531529941976977,16.748747874387192,0.013119935989379883,0.95
1626,0.7610549395840281,14.673471231864903,14.673471231864903,0.013248062133789063,1.0
1627,0.7353300005438141,14.450326537218492,14.450326537218492,0.013264834880828857,1.0
1628,0.6820539829694364,15.757487232201743,15.933468817943913,0.01331406831741333,0.95
1629,0.7128084826063568,18.69833319452811,18.69833319452811,0.013248538970947266,1.0
1630,0.6654366969413159,16.019602470963413,15.090275797660729,0.013099777698516845,0.95
1631,0.6470893051813207,17.78629961823342,17.484410976952482,0.013401997089385987,0.95
1632,0.7217190756252009,16.333238757734126,16.333238757734126,0.013150596618652343,1.0
1633,0.6705363647684884,18.006969617760753,18.17655494650877,0.013067400455474854,0.95
1634,0.7563720674796021,15.09641219613638,15.09641219613638,0.013455820083618165,1.0
1635,0.7477498002543633,15.7855364263159,15.7855364263159,0.013154280185699464,1.0
1636,0.6867015607569746,13.835087998021711,14.009889788795984,0.0134749174118042,0.95
1637,0.6674777577591231,15.624347153337993,14.820713133335634,0.013073396682739259,0.95
1638,0.750698574901974,17.640166474325294,17.640166474325294,0.013287246227264404,1.0
1639,0.6664133306772431,15.848929723806986,15.065425391290713,0.013027369976043701,0.95
1640,0.6540652585675063,14.178516244062347,14.30939687172165,0.012941908836364747,0.95
1641,0.6345856315140911,18.592074427032255,17.545260498811125,0.013265466690063477,0.95
1642,0.44585169882324205,17.32037576663218,18.09352880480224,0.013667237758636475,0.8
1643,0.6486646088621708,13.053490831016166,12.880262204367073,0.013222157955169678,0.95
1644,0.71885899627434,14.649717416308178,14.649717416308178,0.013207018375396729,1.0
1645,0.5935924769048047,15.646993389936219,15.087864816736474,0.013287198543548585,0.9
1646,0.7284237096653096,14.84620743958332,14.84620743958332,0.013296425342559814,1.0
1647,0.7293211367891299,16.676940248517024,16.676940248517024,0.0133658766746521,1.0
1648,0.7214201166387193,16.8786931249909,16.8786931249909,0.013149237632751465,1.0
1649,0.6502743945911914,15.973369532972825,16.208516430147796,0.013541066646575927,0.95
1650,0.7229878571754623,14.070377897007882,14.070377897007882,0.013156890869140625,1.0
1651,0.6322288435086457,16.165756767065226,16.31898255886342,0.013239884376525879,0.95
1652,0.7293090273412266,14.5729695246451,14.5729695246451,0.013402581214904785,1.0
1653,0.6517888676251462,15.823336485875714,16.034763575382755,0.013178730010986328,0.95
1654,0.7627487505038874,16.336395997421292,16.336395997421292,0.01324613094329834,1.0
1655,0.6640687561052641,17.96408796408233,18.28128076496582,0.013205862045288086,0.95
1656,0.6501781958302492,15.492671291973654,15.659466705913525,0.013282036781311036,0.95
1657,0.6329862315640027,16.05401413545787,16.368489246133443,0.01308736801147461,0.95
1658,0.7268891166562456,15.886736813446523,15.886736813446523,0.013446497917175292,1.0
1659,0.7154467382521758,13.742423042904193,13.742423042904193,0.013321220874786377,1.0
1660,0.6402278852104962,13.8121822291124,13.72374329765671,0.013471972942352296,0.95
1661,0.7351699255472821,15.885508401735688,15.885508401735688,0.013412690162658692,1.0
1662,0.6496537563469055,14.531149163112076,14.484674743664094,0.013319098949432373,0.95
1663,0.721969416799616,18.44202761786837,18.44202761786837,0.013021719455718995,1.0
1664,0.7314055184219906,12.294053259004349,12.294053259004349,0.013377571105957031,1.0
1665,0.666270761603895,13.712786788197638,13.886432732899769,0.013141131401062012,0.95
1666,0.7428249907531513,16.12785576200137,16.12785576200137,0.013442349433898926,1.0
1667,0.6378325280722543,13.129910441758536,11.932629118550347,0.013391947746276856,0.95
1668,0.7414400114351223,17.192690507023674,17.192690507023674,0.013272428512573242,1.0
1669,0.7412842186303488,15.257674456384919,15.257674456384919,0.013195466995239259,1.0
1670,0.7305487898546423,14.134668630330106,14.134668630330106,0.013156938552856445,1.0
1671,0.6400845138844374,14.957492680342952,15.215323587755416,0.01319202184677124,0.95
1672,0.6388683993369945,16.35778070869069,16.566022231665293,0.013484740257263183,0.95
1673,0.5606046001582113,17.05034793369566,16.65625815095298,0.013263189792633056,0.9
1674,0.726529069880666,14.624165221266754,14.624165221266754,0.013386416435241699,1.0
1675,0.7272294793192359,16.488285697820984,16.488285697820984,0.013343775272369384,1.0
1676,0.7269458142906148,15.453761659565695,15.453761659565695,0.013445985317230225,1.0
1677,0.6626158565527968,16.10709568217651,15.3200563669649,0.013225138187408447,0.95
1678,0.6720744268295419,14.12850754330648,14.24258215618569,0.013161826133728027,0.95
1679,0.67705143878476,15.958590756448402,16.156297021047536,0.013201236724853516,0.95
1680,0.6416272266880234,17.537806830284914,17.925410328465205,0.013550114631652833,0.95
1681,0.7313317701414698,16.8052969642521,16.8052969642521,0.013301980495452882,1.0
1682,0.6260591063718055,15.210092293820463,15.287743583929963,0.013270044326782226,0.95
1683,0.6570821721910118,18.751076615829767,19.16992491977248,0.013399827480316161,0.95
1684,0.6235997640014157,16.980997926160917,17.022550690158194,0.013221609592437743,0.95
1685,0.5692676708444487,18.959396543884033,19.793134236302453,0.013113319873809814,0.9
1686,0.632887271599903,17.10024999833822,17.419978526205817,0.013323962688446045,0.95
1687,0.6650835504381255,15.223698429871433,15.493989023093949,0.013397490978240967,0.95
1688,0.5542375008812687,14.58587254717475,14.693688609924086,0.013378274440765382,0.9
1689,0.7338212496282404,16.646828071726926,16.646828071726926,0.01313323974609375,1.0
1690,0.6593956900297818,16.676920652355037,15.893943989423319,0.013428103923797608,0.95
1691,0.6470500852021391,14.818802857806123,13.874016327848556,0.013632762432098388,0.95
1692,0.7327872542615907,12.17301235483921,12.17301235483921,0.01321958303451538,1.0
1693,0.7168506035744373,14.330790508291475,14.330790508291475,0.01356440782546997,1.0
1694,0.6533840192076812,16.461011629005952,16.669746908139217,0.013565599918365479,0.95
1695,0.557211137424096,15.20264880020122,14.325274943214048,0.013429319858551026,0.9
1696,0.7201376058917883,14.819263785318162,14.819263785318162,0.013409864902496339,1.0
1697,0.737567107194562,14.496823228730662,14.496823228730662,0.013413572311401367,1.0
1698,0.7342131429586873,16.17475661136323,16.17475661136323,0.013244700431823731,1.0
1699,0.7327985772347501,16.44535680815634,16.44535680815634,0.013489174842834472,1.0
1700,0.7123545196314651,16.745902977832856,16.745902977832856,0.013127565383911133,1.0
1701,0.6311110126783325,15.135248774119205,15.244174494787794,0.013205790519714355,0.95
1702,0.5494405068370491,18.070927889888914,16.935248697035835,0.013200294971466065,0.9
1703,0.6704505137253324,15.749951650495447,15.915180285464604,0.013270342350006103,0.95
1704,0.7440295546947743,17.162520101679554,17.162520101679554,0.01315760612487793,1.0
1705,0.6726955226267811,16.021528451787525,15.251716332294917,0.013281452655792236,0.95
1706,0.7391125232642235,16.271208087796687,16.271208087796687,0.013751745223999023,1.0
1707,0.6663503260543285,15.66873536896648,14.779313002053557,0.013590168952941895,0.95
1708,0.6862103745198206,16.635784073721474,16.849921715475872,0.01335841417312622,0.95
1709,0.66720872128168,14.899517963940108,15.06133524093575,0.013307332992553711,0.95
1710,0.6426464893128879,16.25994078515583,16.37267707004412,0.012901675701141358,0.95
1711,0.7436634539060665,16.46054061897998,16.46054061897998,0.013145864009857178,1.0
1712,0.7284625450126712,13.251502789631925,13.251502789631925,0.013124394416809081,1.0
1713,0.7315793173823115,15.091569557055369,15.091569557055369,0.013211202621459962,1.0
1714,0.7250322689011255,13.879721741778422,13.879721741778422,0.01347583532333374,1.0
1715,0.7241264737200341,14.047583460907148,14.047583460907148,0.013394367694854737,1.0
1716,0.5926075504353152,13.836661000956733,13.998974846626036,0.013413214683532714,0.9
1717,0.6886592207457006,15.014222974747018,15.014222974747018,0.013062703609466552,1.0
1718,0.6472385603818566,15.564383245933872,15.659971904591107,0.013141071796417237,0.95
1719,0.7365411516590862,13.771103973326678,13.771103973326678,0.01327669620513916,1.0
1720,0.5867211649292551,15.772064407828438,15.266489928372168,0.013219010829925538,0.9
1721,0.6626027171717265,16.276330112102908,16.438016604878268,0.013491320610046386,0.95
1722,0.6434591319494146,15.249924723276322,15.493989359773545,0.013148915767669678,0.95
1723,0.7102373429884512,15.713524618728727,15.713524618728727,0.01299736499786377,1.0
1724,0.6959007069009463,14.60855407550736,14.60855407550736,0.013266515731811524,1.0
1725,0.7028878864361477,16.52136167786923,16.52136167786923,0.013528120517730714,1.0
1726,0.7414417679350531,16.33005816993245,16.33005816993245,0.013213956356048584,1.0
1727,0.4962933032888813,17.060981417713098,16.686281902162378,0.013296949863433837,0.85
1728,0.7069834631127339,14.854903691923619,14.854903691923619,0.01335221529006958,1.0
1729,0.6471509092578772,18.16856465888581,18.127463794354483,0.013139450550079345,0.95
1730,0.6649758246240107,14.9609956076102,15.052876332445905,0.013333666324615478,0.95
1731,0.6740388284925325,14.424600650964525,14.60484241661652,0.01323394775390625,0.95
1732,0.7430193321643899,15.104846733566086,15.104846733566086,0.013285291194915772,1.0
1733,0.7311842921508345,13.858090078915314,13.858090078915314,0.013234233856201172,1.0
1734,0.7447579382198305,14.901776398498251,14.901776398498251,0.013268816471099853,1.0
1735,0.5981415561837509,14.36493774493454,13.599916348465714,0.013174235820770264,0.9
1736,0.665330131816322,17.31423900252622,17.589206765487855,0.013133180141448975,0.95
1737,0.7468884301587666,16.31150704549567,16.31150704549567,0.013039112091064453,1.0
1738,0.7306463652202024,14.268238666893646,14.268238666893646,0.01333845853805542,1.0
1739,0.7329120281968391,17.50817591433035,17.50817591433035,0.013555598258972169,1.0
1740,0.7138621333144501,17.1351943322746,17.1351943322746,0.013399434089660645,1.0
1741,0.7065909700693057,16.35724245763437,16.35724245763437,0.013580012321472167,1.0
1742,0.7248408842584052,14.40159691770711,14.40159691770711,0.013182783126831054,1.0
1743,0.6855718926876564,14.320593173158034,14.42880948140612,0.013218522071838379,0.95
1744,0.5210218782511167,12.303042966588155,12.475329543380443,0.013525044918060303,0.85
1745,0.6640986874543469,14.124286853155557,14.150951365015237,0.01349644660949707,0.95
1746,0.7394450213071264,17.634027733449905,17.634027733449905,0.013665604591369628,1.0
1747,0.7579203160832191,16.415230428989204,16.415230428989204,0.01323164701461792,1.0
1748,0.7543920399320108,15.44906642647455,15.44906642647455,0.013214206695556641,1.0
1749,0.7426427907718185,15.223124261498242,15.223124261498242,0.013323605060577393,1.0
1750,0.6585227377206249,17.340132131422173,17.49115458628532,0.013109421730041504,0.95
1751,0.721242227649177,17.361966836346213,17.361966836346213,0.013142430782318115,1.0
1752,0.6949323914538902,15.047248834494008,15.047248834494008,0.013274896144866943,1.0
1753,0.7354391806228916,14.223588045726723,14.223588045726723,0.013388967514038086,1.0
1754,0.6643814623177265,16.624257948265587,16.956738523502803,0.013170170783996581,0.95
1755,0.5761853109552609,14.35978924561098,14.678387750454249,0.013570177555084228,0.9
1756,0.7184782235861336,15.386632422314898,15.386632422314898,0.013187599182128907,1.0
1757,0.6435151293143606,17.34863251622007,17.557950235632944,0.013106048107147217,0.95
1758,0.565903332576456,16.391036321188288,16.918209855799855,0.01327977180480957,0.9
1759,0.6285616457515385,17.319421082046865,17.679383428633034,0.013248968124389648,0.95
1760,0.6311268732044997,18.9045740658185,19.160203000956102,0.013080441951751709,0.95
1761,0.6361430922356055,17.552511981898743,17.630109092081675,0.013315606117248534,0.95
1762,0.6919080697763406,18.3349220019026,18.3349220019026,0.013194835186004639,1.0
1763,0.6367332703347406,14.924873579119032,14.90747094754426,0.013291847705841065,0.95
1764,0.7097486883149646,13.206744528053068,13.206744528053068,0.013126671314239502,1.0
1765,0.731782310188438,13.304134045959847,13.304134045959847,0.013118922710418701,1.0
1766,0.6737987252071289,16.307637788353325,16.63689309398997,0.013279449939727784,0.95
1767,0.7047302261470767,18.15815410099456,18.15815410099456,0.013279688358306885,1.0
1768,0.6327478946270894,17.727922560938833,17.680471033043705,0.013163495063781738,0.95
1769,0.714567055914135,18.458429436848547,18.458429436848547,0.013442158699035645,1.0
1770,0.5166547742034574,15.515056913202292,15.070383143219013,0.013233208656311035,0.85
1771,0.7328593504549833,16.78819835105989,16.78819835105989,0.013045454025268554,1.0
1772,0.7131428301941276,15.642645651785225,15.642645651785225,0.013085711002349853,1.0
1773,0.7375466604371167,15.08558143025476,15.08558143025476,0.013284766674041748,1.0
1774,0.6392150241902252,17.223346702087106,17.509902592211724,0.012886440753936768,0.95
1775,0.4561835228226051,15.79194223879033,16.000310659826663,0.013258063793182373,0.85
1776,0.651078628756846,14.917706523138119,15.026629025806354,0.01324012279510498,0.95
1777,0.6531697284717628,17.492071833158175,17.780440331046336,0.013279867172241212,0.95
1778,0.7238786205658473,16.50355114781637,16.50355114781637,0.013317441940307618,1.0
1779,0.6491088624866858,15.95114646113505,16.198897845212812,0.013285481929779052,0.95
1780,0.5795068732557163,15.158689405699633,15.506256793719132,0.013477814197540284,0.9
1781,0.7049208298372607,16.67681795107232,16.67681795107232,0.013186454772949219,1.0
1782,0.6525402747091557,17.464260722252625,16.540939018613614,0.013172054290771484,0.95
1783,0.6738091489214801,18.278197398958287,18.49522454395505,0.013751685619354248,0.95
1784,0.708944606607908,15.487332979559193,15.487332979559193,0.013445234298706055,1.0
1785,0.6339361188647344,14.305509917443256,14.36978641704798,0.01312568187713623,0.95
1786,0.632963881541861,19.146489754935757,19.280992622208988,0.013253211975097656,0.95
1787,0.5784791950317888,17.556960910369803,16.94610483914106,0.013124167919158936,0.9
1788,0.576283560093802,14.597188602153603,13.814082415212171,0.013280713558197021,0.9
1789,0.6932703707795878,15.075802280922298,15.075802280922298,0.013388466835021973,1.0
1790,0.6434610249242531,18.889425189157684,18.933021403429457,0.013323640823364258,0.95
1791,0.6323895615491517,18.023407902196833,18.33649216051017,0.013669979572296143,0.95
1792,0.4905159157399215,19.155944853604577,20.007440496086815,0.013190340995788575,0.85
1793,0.657010683750691,17.318676327736743,17.51556695700913,0.01310824155807495,0.95
1794,0.5365330793841533,15.927178366076069,16.168408939539106,0.013252663612365722,0.9
1795,0.7229572067135888,15.481092509247997,15.481092509247997,0.013226866722106934,1.0
1796,0.521033886313199,15.029829209159292,15.53989239689254,0.013278985023498535,0.85
1797,0.5262689822560211,16.028944626555507,16.279863914786308,0.013360130786895751,0.9
1798,0.6680511901176808,14.128967999563267,14.339246764440077,0.01317814588546753,0.95
1799,0.7339093997285774,16.319620605721468,16.319620605721468,0.01337897777557373,1.0
1800,0.7090314736671082,15.263108022384614,15.263108022384614,0.013418054580688477,1.0
1801,0.7610936361117526,14.650834593345385,14.650834593345385,0.01342318058013916,1.0
1802,0.6650633595266899,12.099329237374619,12.195884907036465,0.013292324542999268,0.95
1803,0.62661389876686,13.640922045039824,13.468207594970085,0.013201212882995606,0.95
1804,0.682267017396926,16.605857716483047,16.878744951361348,0.013298404216766358,0.95
1805,0.7607035779300702,15.314176589806312,15.314176589806312,0.013275110721588134,1.0
1806,0.563204511424573,16.316722912747856,16.848412614760207,0.013368177413940429,0.9
1807,0.7197880193813824,17.934734618891103,17.934734618891103,0.013792550563812256,1.0
1808,0.6288730576628667,15.71609122883481,15.78948432747528,0.01333916187286377,0.95
1809,0.7200470362011373,14.836131429433802,14.836131429433802,0.013431239128112792,1.0
1810,0.7407766942547994,16.770627735453843,16.770627735453843,0.013286995887756347,1.0
1811,0.6336375531254748,14.657444005289829,14.6341346518222,0.013234579563140869,0.95
1812,0.6979158556508519,16.02985264484156,16.02985264484156,0.013131606578826904,1.0
1813,0.6529679541337201,17.59243986878682,16.91281495931989,0.013303673267364502,0.95
1814,0.48973008041514454,16.47087723368393,16.146587454636375,0.013177955150604248,0.85
1815,0.6957817136707721,15.785216040094861,15.785216040094861,0.01328577995300293,1.0
1816,0.7114741297681187,14.786739863071427,14.786739863071427,0.013333964347839355,1.0
1817,0.7303185962668808,16.953841820792853,16.953841820792853,0.013279521465301513,1.0
1818,0.6937286018442761,15.466507395815364,15.466507395815364,0.013548696041107177,1.0
1819,0.7461517064616368,17.181999279163765,17.181999279163765,0.013284575939178467,1.0
1820,0.7130150789337737,14.574877666333185,14.574877666333185,0.013422751426696777,1.0
1821,0.5450138384546702,14.43479142196875,14.31346611773261,0.01327592134475708,0.9
1822,0.6353190296912125,16.25924015943579,16.436382026809245,0.013277840614318848,0.95
1823,0.7414816458796513,15.891760884908877,15.891760884908877,0.01334630250930786,1.0
1824,0.7102688898330363,16.44811716499246,16.44811716499246,0.013316035270690918,1.0
1825,0.5776097091613194,16.595794641475273,16.84962275627869,0.013042593002319336,0.9
1826,0.5105389463125324,15.57785329614887,15.732589587166311,0.013299274444580077,0.85
1827,0.7334547340904658,16.037419147918214,16.037419147918214,0.013121044635772705,1.0
1828,0.7230895095584817,17.124013363891386,17.124013363891386,0.01348785161972046,1.0
1829,0.6414153859847991,15.264454902935167,15.511563472290765,0.013701832294464112,0.95
1830,0.7185807661190478,17.114555188019743,17.114555188019743,0.01343538761138916,1.0
1831,0.6473785045663619,16.06166358609916,16.340343605428263,0.01346895694732666,0.95
1832,0.7426683452562707,17.174654866175768,17.174654866175768,0.013273084163665771,1.0
1833,0.7267824173693355,17.51357340439591,17.51357340439591,0.013218581676483154,1.0
1834,0.6367359997957138,17.418968350798004,17.568007084749475,0.013156652450561523,0.95
1835,0.740111218983112,17.172074208698866,17.172074208698866,0.013307654857635498,1.0
1836,0.7285749817762978,16.845514159768616,16.845514159768616,0.013190102577209473,1.0
1837,0.7285286467856255,15.942603761725692,15.942603761725692,0.013196051120758057,1.0
1838,0.7416669473254068,16.649160696004877,16.649160696004877,0.013299024105072022,1.0
1839,0.7324829562960802,16.172718451819808,16.172718451819808,0.013462305068969727,1.0
1840,0.7282626937686052,13.741670002665245,13.741670002665245,0.013296747207641601,1.0
1841,0.711528328329101,15.763339693124593,15.763339693124593,0.013322281837463378,1.0
1842,0.7274804223317126,13.488486767357088,13.488486767357088,0.013036048412322998,1.0
1843,0.6938746719739324,14.579506221334816,14.579506221334816,0.01335005760192871,1.0
1844,0.73211878931761,17.442422655577086,17.442422655577086,0.013381052017211913,1.0
1845,0.7011626817972055,14.1265554697998,14.1265554697998,0.013371133804321289,1.0
1846,0.7245348214012014,14.80100905039848,14.80100905039848,0.013401198387145995,1.0
1847,0.6733972262192127,15.602550443781857,15.766725186469392,0.01340188980102539,0.95
1848,0.6301565379100607,16.276779118269513,16.59714165365987,0.013641285896301269,0.95
1849,0.689131133738532,14.165746410581212,14.165746410581212,0.013455712795257568,1.0
1850,0.704456233901176,14.03228121577256,14.03228121577256,0.013451635837554932,1.0
1851,0.7179366649799435,15.428795473960857,15.428795473960857,0.013708662986755372,1.0
1852,0.6946042233551251,15.696981103310723,15.696981103310723,0.013257551193237304,1.0
1853,0.7064775284936707,19.209703649335896,19.209703649335896,0.013325786590576172,1.0
1854,0.704938055186883,14.59750036377101,14.59750036377101,0.013111591339111328,1.0
1855,0.6547136993609857,16.34868476345976,16.37292472312705,0.013163149356842041,0.95
1856,0.559773036066739,16.17725239083015,16.605925291192428,0.013276755809783936,0.9
1857,0.7247012247478432,16.335362306362875,16.335362306362875,0.013201367855072022,1.0
1858,0.724785577629857,14.430104110699151,14.430104110699151,0.013548874855041504,1.0
1859,0.6399057774102381,18.870888298414297,17.756524386836837,0.01378040313720703,0.95
1860,0.6953019309049356,15.715397714910756,15.715397714910756,0.013101983070373534,1.0
1861,0.6125051560429913,15.45948133579454,15.602143852709323,0.013305342197418213,0.95
1862,0.5552159563295882,14.598926208827342,14.360433501504893,0.013383376598358154,0.9
1863,0.6158603594070048,16.55821782946484,16.729320278266727,0.013447630405426025,0.95
1864,0.6443716982507317,18.69996611715981,17.84081889616148,0.013550853729248047,0.95
1865,0.6900531060543781,18.017160733336393,18.017160733336393,0.01326749324798584,1.0
1866,0.7372626031723282,17.69057115252156,17.69057115252156,0.013315284252166748,1.0
1867,0.741416060900442,16.286251412683264,16.286251412683264,0.013152062892913818,1.0
1868,0.6064092028895487,17.126047512779362,17.301383365101806,0.013319265842437745,0.95
1869,0.6274071663031433,20.022704045889533,20.174168110724224,0.013336288928985595,0.95
1870,0.6928731703357575,17.753408588449116,17.753408588449116,0.012992441654205322,1.0
1871,0.5552474582413541,16.856884984765834,15.741033230043838,0.013032174110412598,0.9
1872,0.6482041318037225,15.457206350396357,15.72658711193923,0.013047456741333008,0.95
1873,0.7344859900536305,15.157554821765697,15.157554821765697,0.012987017631530762,1.0
1874,0.6333390777757598,12.68490111099383,12.641197639323087,0.012984549999237061,0.95
1875,0.6718856274683861,16.46169748413491,16.62602972416508,0.013266313076019286,0.95
1876,0.7243030141256958,18.464779876288816,18.464779876288816,0.013341724872589111,1.0
1877,0.7032726019969795,16.18899028563751,16.18899028563751,0.01301959753036499,1.0
1878,0.5979046396989499,15.242719607739266,15.515117224515881,0.013067018985748292,0.95
1879,0.6825528398869354,15.688461309655787,15.688461309655787,0.013097751140594482,1.0
1880,0.6180134619504093,15.199791176742906,15.024146583096917,0.01318730115890503,0.95
1881,0.7387680585444348,14.716074372792107,14.716074372792107,0.013087105751037598,1.0
1882,0.7005727436171222,14.622181786582086,14.622181786582086,0.013665413856506348,1.0
1883,0.5672432264257562,17.096970796009057,17.38946473682766,0.013334536552429199,0.9
1884,0.6521598487328332,16.545649157126444,16.86206652388855,0.013264667987823487,0.95
1885,0.7079247501813157,16.603992823701983,16.603992823701983,0.013214921951293946,1.0
1886,0.7275826283121459,16.410503233244864,16.410503233244864,0.013054955005645751,1.0
1887,0.6709775290627197,15.160459515825469,15.160459515825469,0.013293731212615966,1.0
1888,0.7417514240174784,16.927893238616324,16.927893238616324,0.013521099090576172,1.0
1889,0.6114901579493645,17.564571065071753,17.55665310599129,0.01337810754776001,0.95
1890,0.6348050433781649,18.10136104459353,18.51432465870713,0.013022315502166749,0.95
1891,0.6418117712938607,16.358614481716124,16.51974420916866,0.013494384288787842,0.95
1892,0.7056922262578814,15.254383996527228,15.254383996527228,0.013314366340637207,1.0
1893,0.742557039316327,16.11863015732336,16.11863015732336,0.013381755352020264,1.0
1894,0.7072676450211979,16.204117486002627,16.204117486002627,0.013234281539916992,1.0
1895,0.7265928392562231,18.431542858154735,18.431542858154735,0.013138115406036377,1.0
1896,0.7135895450225257,18.278899487469698,18.278899487469698,0.013574564456939697,1.0
1897,0.5923469534522988,16.286113928415343,15.47384219994315,0.0136061429977417,0.95
1898,0.6949006378483953,18.89566845563962,18.89566845563962,0.013143575191497803,1.0
1899,0.6256216121596084,18.485975116375368,18.77540574335513,0.013175463676452637,0.95
1900,0.7026826702922987,17.84571648355223,17.84571648355223,0.013121068477630615,1.0
1901,0.5811199180912262,14.582309788709813,14.624789858615303,0.013284015655517577,0.9
1902,0.4665192611012314,17.34558121634599,18.08835773014516,0.013388586044311524,0.85
1903,0.6375494936514533,16.932159483828986,17.094370333308255,0.013334095478057861,0.95
1904,0.7241130664099475,15.009640741939378,15.009640741939378,0.013216710090637207,1.0
1905,0.6569150047664869,13.358176356252974,13.523162680372506,0.013181352615356445,0.95
1906,0.6371141114184606,15.946796754859879,16.15112546707255,0.013033521175384522,0.95
1907,0.6382812603703544,15.549026556094503,15.650158525766555,0.013386940956115723,0.95
1908,0.6433886201176484,16.506921432203754,16.827887139127693,0.013252854347229004,0.95
1909,0.7096034926718506,16.34136620801734,16.34136620801734,0.013158917427062988,1.0
1910,0.6975953765727129,12.883499744632243,12.883499744632243,0.013483643531799316,1.0
1911,0.6342930644933951,15.122558302540451,15.221032962193462,0.013579833507537841,0.95
1912,0.6452074704250377,17.284507503560796,16.281529086791856,0.013420283794403076,0.95
1913,0.6428349715646952,17.59880244620927,16.737080677340877,0.01323683261871338,0.95
1914,0.6434285121207695,16.96082471494022,17.305654747865873,0.01312483549118042,0.95
1915,0.5848307671344084,19.147920692356102,19.49851719042231,0.013284337520599366,0.9
1916,0.6547193975524419,18.858588344108504,18.97344853993117,0.01346665620803833,0.95
1917,0.6853305116427121,17.50741203233673,17.50741203233673,0.013627469539642334,1.0
1918,0.6410151728224646,16.147814336592205,16.43101938502498,0.01328338384628296,0.95
1919,0.6110702772256824,12.77986751920206,12.651645253261139,0.013133788108825683,0.95
1920,0.6775137322053633,16.731974421912817,16.731974421912817,0.013350307941436768,1.0
1921,0.6088057563552376,17.700917615487604,17.66449951144766,0.013460445404052734,0.95
1922,0.7148642162423477,15.464467877952492,15.464467877952492,0.013193941116333008,1.0
1923,0.6484210068650036,16.34526600125476,16.564163626910005,0.013306808471679688,0.95
1924,0.706180948261599,15.857905806964283,15.857905806964283,0.012963056564331055,1.0
1925,0.6580260404810204,14.715547967647542,13.615577729685326,0.013153481483459472,0.95
1926,0.7101159476907936,18.750532130014467,18.750532130014467,0.013044071197509766,1.0
1927,0.6956304963936778,18.296527760513168,18.296527760513168,0.013147330284118653,1.0
1928,0.7000139644369474,19.09345082011067,19.09345082011067,0.01327730417251587,1.0
1929,0.5722967495024875,18.303361262458022,18.848969608304333,0.013191735744476319,0.9
1930,0.6198379648334517,17.344858177416054,16.3983405848912,0.013286757469177245,0.95
1931,0.5822757239852293,17.524420960859203,16.30596397627926,0.013230216503143311,0.95
1932,0.6246819781640796,19.690513661484076,18.718964506276976,0.013251841068267822,0.95
1933,0.5509584164172623,18.12424137097141,18.15320105941455,0.013279855251312256,0.9
1934,0.6641751882535097,16.897409753651566,16.981335547727777,0.013353979587554932,0.95
1935,0.6249566661006042,16.983343231530277,17.11593121644199,0.01303194761276245,0.95
1936,0.6639512847450512,18.180711497037088,17.522897947784507,0.013084352016448975,0.95
1937,0.6228305198463423,18.6407037497273,18.686404754822377,0.013064408302307129,0.95
1938,0.4776844041537912,15.758963704601438,16.051483639658926,0.013232362270355225,0.85
1939,0.6199716964393817,14.188413209144546,13.938133321153417,0.013167977333068848,0.95
1940,0.6581134699089206,16.377239342685165,16.68500480506317,0.012969958782196044,0.95
1941,0.6732993087258337,16.014038692345018,16.247175707087752,0.013284087181091309,0.95
1942,0.733565926384647,17.199562115626527,17.199562115626527,0.013099956512451171,1.0
1943,0.7079577600343069,15.980126356665803,15.980126356665803,0.013292205333709717,1.0
1944,0.7265591196421584,15.99346521672717,15.99346521672717,0.0130912184715271,1.0
1945,0.6098417196580126,15.479800313812902,15.482352549821545,0.013446176052093506,0.95
1946,0.6498428210382646,14.57266698543216,14.548847733757546,0.013191235065460206,0.95
1947,0.7156639154625352,12.778825184855254,12.778825184855254,0.013454806804656983,1.0
1948,0.703867447036737,16.419393557947426,16.419393557947426,0.01341547966003418,1.0
1949,0.693511232891068,14.669363966945287,14.669363966945287,0.013182497024536133,1.0
1950,0.7282181974910225,15.296662255134924,15.296662255134924,0.013484978675842285,1.0
1951,0.7267500378755971,15.13074166619505,15.13074166619505,0.013259923458099366,1.0
1952,0.6246432145276417,16.82904158175634,17.142425213604238,0.013146936893463135,0.95
1953,0.6173427403250281,17.19804673697139,17.367402046239494,0.013458287715911866,0.95
1954,0.6513895932838306,16.718021164743025,16.01023940381598,0.01314903497695923,0.95
1955,0.5869888746274039,14.133254762341096,14.243024257901403,0.013056457042694092,0.9
1956,0.639485818758174,14.296900787150188,13.4330509027928,0.013541269302368163,0.95
1957,0.7585614662074871,14.341343374097978,14.341343374097978,0.013561606407165527,1.0
1958,0.6590431450684486,16.340949205205686,16.462606099560578,0.013441753387451173,0.95
1959,0.6393584089125814,15.620845627089015,15.71876615177877,0.013353395462036132,0.95
1960,0.7072406884276269,12.599094158493253,12.599094158493253,0.013301634788513183,1.0
1961,0.657700758769028,13.374747487161226,13.167776158467383,0.013227260112762452,0.95
1962,0.49831850024830493,15.834740520216931,16.45326194307202,0.013108670711517334,0.85
1963,0.661086665148738,14.712439558803144,14.53997206095921,0.013264858722686767,0.95
1964,0.7395104060603106,17.14332839379137,17.14332839379137,0.013336765766143798,1.0
1965,0.5634654189266866,14.527150513457581,14.480317374062565,0.01325674057006836,0.9
1966,0.5617072255289643,15.265977460527633,14.636278256129884,0.013223695755004882,0.9
1967,0.577458241384693,16.87399071768387,16.764771092973746,0.013202595710754394,0.9
1968,0.7013451279635843,15.62431963743004,15.62431963743004,0.013341641426086426,1.0
1969,0.6272564225717432,15.364385722951871,15.0290861388137,0.013158202171325684,0.95
1970,0.6249899652527013,13.214735923362507,13.037562614069863,0.013426196575164796,0.95
1971,0.5887936530963164,17.870807046442263,17.316481364935616,0.013423585891723632,0.9
1972,0.6486974603584301,15.326159533736917,15.036451298725506,0.013248658180236817,0.95
1973,0.6497838382288496,13.89227690304009,14.005712944066943,0.013138091564178467,0.95
1974,0.7194486625885286,14.433261257386965,14.433261257386965,0.013137912750244141,1.0
1975,0.7219696638777429,14.597361006193548,14.597361006193548,0.013096821308135987,1.0
1976,0.6342104819480022,15.32624929374125,15.170257486133114,0.013105010986328125,0.95
1977,0.7052181880672233,16.139354971380296,16.139354971380296,0.01308298110961914,1.0
1978,0.7245763193028869,18.27950263621485,18.27950263621485,0.012969720363616943,1.0
1979,0.720855045119177,17.277572546693175,17.277572546693175,0.01305403709411621,1.0
1980,0.6952794846750002,16.86571914449632,16.86571914449632,0.013339352607727051,1.0
1981,0.7194085024616808,15.269399202133446,15.269399202133446,0.012951326370239259,1.0
1982,0.6223919821353162,17.206595187801817,16.516206778612798,0.013141870498657227,0.95
1983,0.6228509004617954,19.686405684337895,20.047286772666357,0.013221240043640137,0.95
1984,0.633235763312024,16.68319268054201,16.848725126033756,0.01336289644241333,0.95
1985,0.7024479610549398,17.901129098889957,17.901129098889957,0.013232934474945068,1.0
1986,0.7333243598956305,15.53185188284601,15.53185188284601,0.013413560390472413,1.0
1987,0.6971404465957509,18.15274941210851,18.15274941210851,0.013116204738616943,1.0
1988,0.6040319559079576,17.957051848636507,18.021423485528857,0.013127505779266357,0.95
1989,0.6504852997007865,18.513001954033896,18.558695063118257,0.013374412059783935,0.95
1990,0.7276216812368681,19.865563088817275,19.865563088817275,0.012891101837158202,1.0
1991,0.4617757354154266,20.33294100028651,20.145549687865486,0.013018882274627686,0.85
1992,0.6902634015812252,19.54993484300873,19.54993484300873,0.013141238689422607,1.0
1993,0.677340541871478,18.30691771365328,18.30691771365328,0.013171625137329102,1.0
1994,0.6588594356122529,16.8109488147887,16.106192381683865,0.012629640102386475,0.95
1995,0.6334109761850563,18.13579918378213,18.4930826850862,0.012864768505096436,0.95
1996,0.724746889792519,15.579125503131058,15.579125503131058,0.013010656833648682,1.0
1997,0.5719400537414787,13.907349096802642,14.167368964690448,0.013067841529846191,0.9
1998,0.7112901019180174,14.034102483423387,14.034102483423387,0.01299206018447876,1.0
1999,0.7094617354335192,15.984555662263919,15.984555662263919,0.013313615322113037,1.0
2000,0.6411039885953788,16.660609714428706,16.763927395119275,0.013057231903076172,0.95
2001,0.697764696449412,17.415174677855937,17.415174677855937,0.012977421283721924,1.0
2002,0.6421365541073853,15.684848917727725,15.531134708714179,0.012750160694122315,0.95
2003,0.7193226563658469,14.45810570681428,14.45810570681428,0.01305086612701416,1.0
2004,0.6448476586090494,16.919103142704653,17.26545236386762,0.013161635398864746,0.95
2005,0.5708900169747039,16.126949170802764,16.504665205061876,0.013385176658630371,0.9
2006,0.5653665223030993,15.47929398959605,15.68787745222163,0.013114511966705322,0.9
2007,0.7089637293107103,17.224864525959187,17.224864525959187,0.013100898265838623,1.0
2008,0.6370577447921315,15.830255293993067,15.990361347887726,0.013038480281829834,0.95
2009,0.7126723367087296,17.187078431989026,17.187078431989026,0.013073301315307618,1.0
2010,0.6374411282297052,16.687473011173104,15.842605420623919,0.013590550422668457,0.95
2011,0.7113633600464253,15.88606447258488,15.88606447258488,0.013376784324645997,1.0
2012,0.7179478687711598,13.949304707776559,13.949304707776559,0.013397777080535888,1.0
2013,0.6526339160662469,14.742974684502377,14.881233583365878,0.013433289527893067,0.95
2014,0.6413853876324425,17.561786822612728,17.798826174964216,0.013477694988250733,0.95
2015,0.5266706550786007,18.56812560014439,19.376071725833437,0.01327528953552246,0.9
2016,0.4869100406690148,16.160960378923924,16.55418165966545,0.013216018676757812,0.85
2017,0.5653699633806772,19.123364750989072,19.001374045179077,0.013249850273132325,0.9
2018,0.5863987128976098,17.323241683219344,16.736368223126693,0.013477456569671632,0.9
2019,0.5755451138423664,15.066815481786955,15.506259250483586,0.013100433349609374,0.9
2020,0.7263909297789696,15.93689311583429,15.93689311583429,0.013456571102142333,1.0
2021,0.7322858250406428,14.238401814785751,14.238401814785751,0.013507235050201415,1.0
2022,0.7367297369996211,15.637324960528337,15.637324960528337,0.01328505277633667,1.0
2023,0.5877391624806508,13.97045596748598,14.301965640224694,0.013460338115692139,0.9
2024,0.6483666545117444,15.58859222757302,15.78892375137167,0.013230228424072265,0.95
2025,0.5594721986647376,15.202451191474088,14.88826205134368,0.01336202621459961,0.9
2026,0.7403703175624671,14.776780374801863,14.776780374801863,0.013342666625976562,1.0
2027,0.7144130630622657,14.243811634506022,14.243811634506022,0.013212347030639648,1.0
2028,0.7320160119020804,13.822663098859454,13.822663098859454,0.013258254528045655,1.0
2029,0.7417407878274423,17.142087665083444,17.142087665083444,0.013334381580352783,1.0
2030,0.6422668182308466,16.373137026434595,16.438272540901895,0.01334841251373291,0.95
2031,0.7186472188953058,15.936957845800146,15.936957845800146,0.013333868980407716,1.0
2032,0.7117296137057966,14.370398718313723,14.370398718313723,0.013277888298034668,1.0
2033,0.713079535786578,17.34667580882514,17.34667580882514,0.013418269157409669,1.0
2034,0.7253504169040956,15.350440146556036,15.350440146556036,0.013255643844604491,1.0
2035,0.6470734908255676,15.627438847843953,14.779031542529953,0.013364958763122558,0.95
2036,0.6444069589081904,17.22066129105739,17.587306912122273,0.013242375850677491,0.95
2037,0.5474355631802877,17.68354209532955,17.583322296054188,0.013350260257720948,0.9
2038,0.6257392777489527,15.433788110947031,15.395596886727821,0.013287758827209473,0.95
2039,0.6381374176345536,17.619610753331727,17.98256231145251,0.013414549827575683,0.95
2040,0.7049202124289548,16.734239846089835,16.734239846089835,0.013099956512451171,1.0
2041,0.621101435201467,17.364849339741216,17.67270023988895,0.012985193729400634,0.95
2042,0.6239107610539346,16.04306662165282,16.268226554477046,0.013441383838653564,0.95
2043,0.7240079201134109,15.33113873706055,15.33113873706055,0.013197612762451173,1.0
2044,0.4935576065439302,13.577956810200172,13.946026413171609,0.012990462779998779,0.85
2045,0.715876982523351,17.526240310493588,17.526240310493588,0.013317573070526122,1.0
2046,0.6393043414586377,15.948397919200772,15.983283083851683,0.013274693489074707,0.95
2047,0.6245781510002135,13.764621532426736,13.950771602335006,0.013429772853851319,0.95
2048,0.7314547121897944,18.431229833457113,18.431229833457113,0.013199079036712646,1.0
2049,0.6063301126092718,16.86709240305855,16.10683650668489,0.013407886028289795,0.95
2050,0.6787793452951651,16.581676984268544,16.581676984268544,0.013268196582794189,1.0
2051,0.6476396319399087,16.136220977158008,16.15412057732897,0.013290977478027344,0.95
2052,0.687598796988639,15.10134875383503,15.10134875383503,0.013768935203552246,1.0
2053,0.7189920247440504,15.141129800289715,15.141129800289715,0.013494372367858887,1.0
2054,0.6482567592390025,13.818005823080892,14.008667757064167,0.013016247749328613,0.95
2055,0.7114048352242237,15.5890117675841,15.5890117675841,0.013388383388519286,1.0
2056,0.6229123967306991,15.956026513709038,15.818393437288316,0.013174605369567872,0.95
2057,0.4574703447990829,14.941021262978538,14.974081650930474,0.0132521390914917,0.85
2058,0.7106351751671913,15.953789790177462,15.953789790177462,0.013243424892425536,1.0
2059,0.7051246890138236,15.665714038281285,15.665714038281285,0.013263297080993653,1.0
2060,0.7226198677356884,18.80223193418218,18.80223193418218,0.013351500034332275,1.0
2061,0.6479137162303488,15.318031842199897,15.561202192826968,0.013183808326721192,0.95
2062,0.7176658595577308,17.06493574392858,17.06493574392858,0.013197863101959228,1.0
2063,0.7256340363410887,15.34681106226682,15.34681106226682,0.013045310974121094,1.0
2064,0.33251055229299314,15.540924725618776,16.620749446900057,0.013250648975372314,0.75
2065,0.7064814790162748,14.785108484361169,14.785108484361169,0.013425636291503906,1.0
2066,0.6952132807140821,17.035049306933068,17.035049306933068,0.013611030578613282,1.0
2067,0.6430509303020444,14.484086351459638,14.436792845801039,0.013106966018676757,0.95
2068,0.6425048945218715,12.953097699531764,13.05995910385512,0.013020086288452148,0.95
2069,0.7312821017398183,14.973792403082433,14.973792403082433,0.013247346878051758,1.0
2070,0.743654726520351,15.661764950039034,15.661764950039034,0.013057434558868408,1.0
2071,0.639703179199635,16.57573142265189,16.90935975252259,0.013298892974853515,0.95
2072,0.6535512360132902,15.653120488130835,15.920421750314478,0.013020944595336915,0.95
2073,0.55189280604702,14.767959184491541,14.892125010963099,0.013519036769866943,0.9
2074,0.7077879913040842,16.293777979480076,16.293777979480076,0.01327296495437622,1.0
2075,0.7117927817404672,14.86965471732221,14.86965471732221,0.013353228569030762,1.0
2076,0.6233081852749742,14.462164177168827,14.506360270066216,0.013282787799835206,0.95
2077,0.6849389750253067,15.382073362586436,15.382073362586436,0.013435113430023193,1.0
2078,0.705195768680063,13.581341580163857,13.581341580163857,0.013402116298675538,1.0
2079,0.7152696150570697,16.016945984798312,16.016945984798312,0.013033092021942139,1.0
2080,0.7080128179851635,15.174339627335446,15.174339627335446,0.013350129127502441,1.0
2081,0.6426434246526898,16.46081090024576,16.722546462132083,0.01326225996017456,0.95
2082,0.5778654077295284,17.970529365598946,18.78685608954123,0.013495826721191406,0.9
2083,0.5081222480769524,18.311798314362843,19.008582343837055,0.013096559047698974,0.9
2084,0.7137591055771355,17.839489136768258,17.839489136768258,0.013148331642150879,1.0
2085,0.4902204951314551,18.922247907394738,18.887520098602057,0.013302350044250488,0.85
2086,0.7171515117926763,14.682191936240276,14.682191936240276,0.013302695751190186,1.0
2087,0.6401663550312573,15.142315135983704,15.162407984662003,0.013124656677246094,0.95
2088,0.7354182958172322,17.24051614638133,17.24051614638133,0.013135719299316406,1.0
2089,0.7146887424318363,15.49354574766455,15.49354574766455,0.013072538375854491,1.0
2090,0.7344018862094013,17.82740487119185,17.82740487119185,0.012979245185852051,1.0
2091,0.7145743070652197,18.00434050011522,18.00434050011522,0.013105428218841553,1.0
2092,0.6652032505558112,17.87616999868485,18.141327306369618,0.013233280181884766,0.95
2093,0.7316725926929066,15.48169419123813,15.48169419123813,0.013311636447906495,1.0
2094,0.621427235921535,16.19184110509361,15.142327090356384,0.013121330738067627,0.95
2095,0.6213960459306815,16.695921221321417,16.89645684124657,0.013294804096221923,0.95
2096,0.7105804700704088,15.613809377405449,15.613809377405449,0.013095521926879882,1.0
2097,0.7299003237208308,15.143219574278627,15.143219574278627,0.013130462169647217,1.0
2098,0.6356517615110353,16.05889897992133,15.969965700375985,0.013238418102264404,0.95
2099,0.47892111073390337,15.471421674399755,15.661688362370732,0.013360822200775146,0.85
2100,0.6295441533188751,15.545753576830677,15.350119205332584,0.013251852989196778,0.95
2101,0.5765527984047341,16.631141061665062,17.16706942722167,0.013305342197418213,0.9
2102,0.632320853244319,13.76247263006085,13.551869249503472,0.01325148344039917,0.95
2103,0.5534622693551426,15.889494174531745,16.344134296717566,0.013136017322540283,0.9
2104,0.6974992408188077,16.732191107408177,16.732191107408177,0.013110136985778809,1.0
2105,0.634087530447256,17.108470887390915,17.43836294281714,0.013049674034118653,0.95
2106,0.6963885689103078,14.859088753172594,14.859088753172594,0.01319880485534668,1.0
2107,0.6269687096796892,14.551512391118745,14.288690869831852,0.013421761989593505,0.95
2108,0.5200130712658613,14.25158638048488,13.046423161937886,0.013310098648071289,0.85
2109,0.7288637703297509,17.01038627090022,17.01038627090022,0.0135145902633667,1.0
2110,0.6205040841622591,15.347804732788571,15.548152378897848,0.013253283500671387,0.95
2111,0.6285255072084279,15.981864089763937,15.879510621993473,0.013095235824584961,0.95
2112,0.6461910638885183,16.467186095883356,16.665087655823843,0.013340282440185546,0.95
2113,0.6385648965958874,15.530578989712927,15.647529758793448,0.01349799633026123,0.95
2114,0.7101940725811,16.213425948193542,16.213425948193542,0.013401436805725097,1.0
2115,0.6281784114538134,15.673966524237878,15.447906823446248,0.013124966621398925,0.95
2116,0.5516292651323498,16.407642020953897,16.542761806137456,0.013224291801452636,0.9
2117,0.6870832289243924,15.302156499155364,15.302156499155364,0.013534867763519287,1.0
2118,0.7225823948180441,16.002328366947957,16.002328366947957,0.013214373588562011,1.0
2119,0.5882370236114374,13.498500580744343,13.77075312235811,0.013200795650482178,0.9
2120,0.7207845630621131,15.981708213275894,15.981708213275894,0.013155031204223632,1.0
2121,0.7193004616301184,16.933044248315746,16.933044248315746,0.013374841213226319,1.0
2122,0.7286986163222282,14.144452790787815,14.144452790787815,0.01329416036605835,1.0
2123,0.7142006446124647,15.541895022132218,15.541895022132218,0.013258659839630127,1.0
2124,0.6700073905142232,17.06038791926228,17.06038791926228,0.01336144208908081,1.0
2125,0.5997016120379157,16.97709486717317,17.090012966573937,0.013379287719726563,0.95
2126,0.6168742020693221,14.975482530462335,14.863131060084312,0.013210773468017578,0.95
2127,0.7008167731277151,16.59710113553304,16.59710113553304,0.013393330574035644,1.0
2128,0.7144453830196864,17.682528970170562,17.682528970170562,0.013118565082550049,1.0
2129,0.6362906631113487,18.697381492561238,18.822594503689828,0.01312335729598999,0.95
2130,0.6916945825161492,16.700521738738104,16.700521738738104,0.013177430629730225,1.0
2131,0.627781381089954,15.012612944318835,15.020427380034585,0.013244426250457764,0.95
2132,0.5651199010308632,16.737856957022018,17.13538477199706,0.013210856914520263,0.9
2133,0.6615070243171581,15.847613529562869,14.9673835689735,0.013133811950683593,0.95
2134,0.5476479954439742,14.571165550272573,14.492285555150902,0.013095605373382568,0.9
2135,0.4994290382085098,17.773815622058315,18.69157171712571,0.013203799724578857,0.85
2136,0.5805837987365896,13.928958220802599,14.12880235624501,0.013386178016662597,0.95
2137,0.7139780239596986,18.158937709973564,18.158937709973564,0.013435089588165283,1.0
2138,0.6310915861518333,19.106797686146916,19.558236287035935,0.013192200660705566,0.95
2139,0.6464098046538416,16.711621235063067,17.012274806033474,0.013084220886230468,0.95
2140,0.4795562202725601,17.237098827360143,16.88438916426091,0.013173353672027589,0.85
2141,0.7180098177840233,15.875917358354386,15.875917358354386,0.013317251205444336,1.0
2142,0.5698885309367955,15.14148023418845,15.337110569550752,0.013168156147003174,0.9
2143,0.7017981021561175,17.1038627937822,17.1038627937822,0.013154745101928711,1.0
2144,0.7042772071673945,13.60250774516619,13.60250774516619,0.0132460355758667,1.0
2145,0.7195107608266239,15.106676463224895,15.106676463224895,0.01323295831680298,1.0
2146,0.6758079460992581,14.901431393763236,15.018446454820923,0.013396573066711426,0.95
2147,0.719049424546543,15.048120008256983,15.048120008256983,0.013349628448486328,1.0
2148,0.6389213889616021,16.691425040843107,17.0317009632701,0.013187241554260255,0.95
2149,0.6406560495188116,15.428991146158689,15.645005729283586,0.01302121877670288,0.95
2150,0.6391356260491173,17.57536185618917,17.905686634217933,0.013105857372283935,0.95
2151,0.7097831009952671,14.580188527293643,14.580188527293643,0.013398587703704834,1.0
2152,0.7015066087534094,15.667614992962404,15.667614992962404,0.013410687446594238,1.0
2153,0.7256350709688866,15.979621629666145,15.979621629666145,0.013474714756011964,1.0
2154,0.7295359530867853,14.02937283837625,14.02937283837625,0.013742208480834961,1.0
2155,0.7322323717035102,16.84157021948161,16.84157021948161,0.013311183452606202,1.0
2156,0.7178603240365168,18.003911009266016,18.003911009266016,0.01317269802093506,1.0
2157,0.725579518438286,18.105404434645106,18.105404434645106,0.013226699829101563,1.0
2158,0.709073176880419,16.360542214169907,16.360542214169907,0.0131150484085083,1.0
2159,0.5763933124324871,16.547890169730238,16.59869179284903,0.013331091403961182,0.9
2160,0.6315066314105386,17.424854521536048,17.13102119754201,0.01300673484802246,0.95
2161,0.42171644514317486,14.6423740999111,14.64943283901408,0.01306147575378418,0.8
2162,0.7043483653747589,14.513849469897409,14.513849469897409,0.013413512706756591,1.0
2163,0.7572724321516804,13.158080724355353,13.158080724355353,0.013408076763153077,1.0
2164,0.6539665858901232,12.779064592487975,12.749892582446861,0.013057959079742432,0.95
2165,0.7132695075425113,14.386184652719752,14.386184652719752,0.01331937313079834,1.0
2166,0.6455761493650978,16.166576544500273,16.445208347014876,0.013202381134033204,0.95
2167,0.7094242641766486,16.388137911926172,16.388137911926172,0.013235759735107423,1.0
2168,0.6460906805687483,15.050699973882155,15.267905239981422,0.013377809524536132,0.95
2169,0.7258094710425471,14.238821654073401,14.238821654073401,0.013041889667510987,1.0
2170,0.6923169328175942,16.182512431322944,16.182512431322944,0.013152682781219482,1.0
2171,0.6158966796215734,16.1429589180865,16.46009897646873,0.013321936130523682,0.95
2172,0.6471394395656581,13.755016482654762,13.804669394453029,0.013157939910888672,0.95
2173,0.7238631098134578,12.02990734571308,12.02990734571308,0.013055944442749023,1.0
2174,0.7040356544605608,14.885242269090304,14.885242269090304,0.013170528411865234,1.0
2175,0.7002810594539488,17.77081726501735,17.77081726501735,0.013148808479309082,1.0
2176,0.7183932178077577,16.50925668069816,16.50925668069816,0.013087666034698487,1.0
2177,0.592801292394588,16.66534716797707,15.915339801021045,0.0131788969039917,0.9
2178,0.624044386808311,16.238788633095837,16.53745006414498,0.01299588680267334,0.95
2179,0.753835563620189,16.6225603442846,16.6225603442846,0.013166892528533935,1.0
2180,0.7271353855440894,14.542862366511708,14.542862366511708,0.01321413516998291,1.0
2181,0.7292021076793372,13.353388634455888,13.353388634455888,0.013244915008544921,1.0
2182,0.6470982182582257,12.899356314324839,12.902050844759119,0.01308220624923706,0.95
2183,0.7219176555193985,17.33572731191031,17.33572731191031,0.013170504570007324,1.0
2184,0.6389133828660712,15.862738011575482,14.966214485486292,0.0131797194480896,0.95
2185,0.7116825051443663,15.727175747961473,15.727175747961473,0.013234472274780274,1.0
2186,0.5488257491309761,13.31703874073808,12.928705845577046,0.013022541999816895,0.9
2187,0.7402936732766767,15.68127718271053,15.68127718271053,0.013232707977294922,1.0
2188,0.6656127428873397,12.981776805711329,12.792816867824959,0.013533842563629151,0.95
2189,0.5394526063085825,16.147784127492546,16.153972059475976,0.013063013553619385,0.9
2190,0.6402418522944716,13.603024698694094,13.501259735064423,0.013297367095947265,0.95
2191,0.6937752487301176,15.298040489305071,15.298040489305071,0.012969779968261718,1.0
2192,0.6516959340479843,18.68369861394128,18.68369861394128,0.01310044527053833,1.0
2193,0.627711003064679,17.577704624750822,16.908524914268227,0.013311707973480224,0.95
2194,0.6348808197841064,17.40234147709895,17.78979021725823,0.013173449039459228,0.95
2195,0.6003930475652994,14.931501661822555,14.311844708989335,0.013237595558166504,0.9
2196,0.6460113796277762,17.78939780840406,16.941766839957886,0.013291072845458985,0.95
2197,0.6345413637831658,16.23135415623771,16.545054435151716,0.013191461563110352,0.95
2198,0.5330770810277119,15.804124859900309,15.851654830367222,0.013304686546325684,0.9
2199,0.7051952362434177,15.529697691001507,15.529697691001507,0.013194835186004639,1.0
2200,0.698167260720562,17.940355065795238,17.940355065795238,0.013064610958099365,1.0
2201,0.6371490737818354,16.841314738105034,17.01158638748738,0.013375234603881837,0.95
2202,0.7099188938505298,15.710633025632092,15.710633025632092,0.012720835208892823,1.0
2203,0.717507779424809,16.633842514182565,16.633842514182565,0.013140952587127686,1.0
2204,0.738484365767895,13.959755094332166,13.959755094332166,0.013170850276947022,1.0
2205,0.6984579326936772,14.96219255496076,14.96219255496076,0.013162219524383545,1.0
2206,0.7004316091246753,15.969955039765162,15.969955039765162,0.012945735454559326,1.0
2207,0.6749146843153468,17.81002563669152,17.81002563669152,0.013014268875122071,1.0
2208,0.7238329978507638,16.708411009538118,16.708411009538118,0.012975001335144043,1.0
2209,0.6211434836578167,16.737888762723422,16.979177933600656,0.01290982961654663,0.95
2210,0.6864753294032437,16.972297694819964,16.972297694819964,0.013173270225524902,1.0
2211,0.6314826580504227,13.407055412443736,13.562945965251156,0.01321399211883545,0.95
2212,0.7037698946196782,17.3564941297763,17.3564941297763,0.013033246994018555,1.0
2213,0.7255862337648633,16.312198314791196,16.312198314791196,0.013296568393707275,1.0
2214,0.6425144329156859,15.976306946813637,16.28994497069499,0.013442409038543702,0.95
2215,0.6957788513611587,15.071947333861218,15.071947333861218,0.013296115398406982,1.0
2216,0.582138793056164,14.866567128917447,14.043444567587231,0.013077199459075928,0.9
2217,0.6423074626282321,18.666217489022007,17.51214637826943,0.013398396968841552,0.95
2218,0.6656387378578102,16.850742366216448,16.850742366216448,0.013476252555847168,1.0
2219,0.6645111516144926,18.379745530638903,17.713935260283854,0.013457071781158448,0.95
2220,0.6373122931184257,16.91168921315183,17.124688529679343,0.013494563102722169,0.95
2221,0.7000962518751562,17.67377802841403,17.67377802841403,0.013410615921020507,1.0
2222,0.7051766693939344,18.57441959859279,18.57441959859279,0.013252615928649902,1.0
2223,0.6438223684143678,19.65397175288968,20.0465226938441,0.013120365142822266,0.95
2224,0.5043047019077812,17.39623208328496,17.0699213805162,0.013121843338012695,0.85
2225,0.7044601364246353,19.445193489532357,19.445193489532357,0.013053655624389648,1.0
2226,0.6025705352030915,15.654517794965523,15.54280375910612,0.013060283660888673,0.95
2227,0.6261742012818797,16.401618384451726,16.593115917968912,0.012963831424713135,0.95
2228,0.701575342121971,14.88509367040876,14.88509367040876,0.0132568359375,1.0
2229,0.7156776505171408,15.01993584651195,15.01993584651195,0.013337516784667968,1.0
2230,0.6445239628673205,15.283055534970345,15.290433951849701,0.013066375255584716,0.95
2231,0.7135998514584817,16.97971723462918,16.97971723462918,0.013226306438446045,1.0
2232,0.7066061198103075,16.53520980215982,16.53520980215982,0.013187658786773682,1.0
2233,0.7096642669768337,15.232006129953902,15.232006129953902,0.013244998455047608,1.0
2234,0.7259394823821834,15.210763264711503,15.210763264711503,0.013418173789978028,1.0
2235,0.7148744964861027,16.05730428971622,16.05730428971622,0.013002216815948486,1.0
2236,0.6085335614671795,15.043225668879495,14.921677769291044,0.013205516338348388,0.95
2237,0.7381303375605778,17.421406958163484,17.421406958163484,0.013070201873779297,1.0
2238,0.6927454138607734,17.319946805995528,17.319946805995528,0.013073480129241944,1.0
2239,0.7330301930323438,14.503801743026344,14.503801743026344,0.013157427310943604,1.0
2240,0.6479026730932228,15.917191471723848,15.858377381651577,0.013130271434783935,0.95
2241,0.6084619349755618,13.628424459016022,13.343496363771802,0.013453352451324462,0.95
2242,0.7153966481124379,17.13214778481107,17.13214778481107,0.01319807767868042,1.0
2243,0.7100845332127197,16.626834102390365,16.626834102390365,0.013360309600830077,1.0
2244,0.6579483392350569,15.83202284423624,16.011809096076266,0.013188028335571289,0.95
2245,0.667552184818223,15.506154186328697,15.762780267375529,0.013163793087005615,0.95
2246,0.6064303535609187,15.2308961916513,15.249599134467818,0.01303774118423462,0.95
2247,0.6428515949150299,15.573539978668402,15.554134797752244,0.01315215826034546,0.95
2248,0.7021465862736411,13.65065153157352,13.65065153157352,0.013098835945129395,1.0
2249,0.6441532624483572,16.562835887725633,16.392241116823282,0.013326334953308105,0.95
2250,0.7159276904922971,15.033231769748685,15.033231769748685,0.0132035493850708,1.0
2251,0.7198351169696314,18.372578743039846,18.372578743039846,0.013609027862548828,1.0
2252,0.5670607569422182,16.110719774154937,16.57652117218329,0.013139140605926514,0.9
2253,0.6294149374648911,16.318491819403288,16.220778690048,0.013188779354095459,0.95
2254,0.6178885959396053,14.728684084754752,14.669587199392613,0.013114988803863525,0.95
2255,0.7103606879848064,15.385313555049446,15.385313555049446,0.013154184818267823,1.0
2256,0.649916351143183,16.42597353111433,16.73741813524191,0.013385403156280517,0.95
2257,0.6895449860975602,17.823103426669952,17.823103426669952,0.013201093673706055,1.0
2258,0.5456566743030391,16.230313210294838,16.803260201421832,0.013036179542541503,0.9
2259,0.46702606133229596,17.55218415034802,15.721930973336077,0.01315634250640869,0.85
2260,0.6476033515724153,16.145308372592403,16.030741655822105,0.013125205039978027,0.95
2261,0.5743791496070039,15.062723680386267,15.253230398233057,0.013088500499725342,0.9
2262,0.6943890377749005,16.16357860401542,16.16357860401542,0.01329054832458496,1.0
2263,0.6921290881940791,17.666553205815013,17.666553205815013,0.013233518600463868,1.0
2264,0.7119771901380665,15.755896613056255,15.755896613056255,0.013076078891754151,1.0
2265,0.7240160834696573,16.808827362159853,16.808827362159853,0.013301527500152588,1.0
2266,0.6232853827680577,15.986754596305639,16.01159924405323,0.01344224214553833,0.95
2267,0.659263857675955,13.941022454145255,14.127475653350215,0.01318044662475586,0.95
2268,0.5791182324646933,14.009787058668616,13.945035274049328,0.013134324550628662,0.9
2269,0.7065635564086425,16.241987861732873,16.241987861732873,0.013069534301757812,1.0
2270,0.642896419970358,15.994836575300237,16.16157360812684,0.013147330284118653,0.95
2271,0.5454492224507776,13.85080507631748,13.911059191840188,0.013155817985534668,0.9
2272,0.6375815825717989,16.974449094409913,17.178357761144003,0.01294323205947876,0.95
2273,0.6450355236474751,15.843011908532214,15.942742541313573,0.012962567806243896,0.95
2274,0.5482527576548718,14.229387564246291,14.649430512202482,0.013066518306732177,0.9
2275,0.7128442141618143,15.794547339502515,15.794547339502515,0.012971961498260498,1.0
2276,0.721387357828387,14.692451255131314,14.692451255131314,0.013177800178527831,1.0
2277,0.6242763644687098,16.276523936042338,16.3967594623611,0.013235139846801757,0.95
2278,0.6133729018641538,15.980448012806907,16.107547236822377,0.013157570362091064,0.95
2279,0.626585009784325,17.335449668117914,17.65892517100367,0.01308351755142212,0.95
2280,0.693824322582772,17.734455957810585,17.734455957810585,0.012938189506530761,1.0
2281,0.6511932724525947,16.185302835283384,16.36816724205092,0.013273274898529053,0.95
2282,0.7142842337278795,13.681409181997727,13.681409181997727,0.01297677755355835,1.0
2283,0.7120518567572832,14.615112414011964,14.615112414011964,0.013084447383880616,1.0
2284,0.7049104973798813,18.49653687543768,18.49653687543768,0.013072371482849121,1.0
2285,0.6475603208370014,17.138812713784333,17.41040306601829,0.012900757789611816,0.95
2286,0.7129679601999365,16.383358523224828,16.383358523224828,0.013131546974182128,1.0
2287,0.6662521938809116,16.70140434190892,16.960992266653534,0.012989723682403564,0.95
2288,0.645409341068947,17.378868200118443,17.67104048762073,0.012971460819244385,0.95
2289,0.7170569496853163,15.65166113548683,15.65166113548683,0.013133835792541505,1.0
2290,0.634451294548074,15.205815909970255,15.291771831345176,0.01351318359375,0.95
2291,0.7229390702315188,18.338210495759988,18.338210495759988,0.013118720054626465,1.0
2292,0.5452417841470536,18.842365918731403,18.41003681911787,0.013205397129058837,0.9
2293,0.739010170441657,19.261168524265358,19.261168524265358,0.01348578929901123,1.0
2294,0.5817319559702379,16.68164195602453,16.122326020933983,0.013320016860961913,0.9
2295,0.5603932952287379,15.787089590528405,15.84794902403868,0.013281571865081786,0.9
2296,0.6109938139333748,16.652096979152248,16.72872370773747,0.013344323635101319,0.95
2297,0.7170776862456687,17.13421763349537,17.13421763349537,0.013188052177429199,1.0
2298,0.662830454114989,16.242241344637783,16.242241344637783,0.013069379329681396,1.0
2299,0.5659242388808574,16.88942911233269,17.31346634172002,0.013366210460662841,0.9
2300,0.6492671779797381,15.53092946897506,15.68023303234552,0.013058078289031983,0.95
2301,0.6893577955294051,13.669998052605772,13.669998052605772,0.01351710557937622,1.0
2302,0.5513651805160784,16.044988469818854,16.319832616500538,0.01344841718673706,0.9
2303,0.6512522053152509,14.828048453995047,14.710909586262487,0.013280642032623292,0.95
2304,0.7226667607210222,15.995208477736318,15.995208477736318,0.01318671703338623,1.0
2305,0.7235820134121675,16.71966539345314,16.71966539345314,0.013091075420379638,1.0
2306,0.6363808430457265,16.308259800907656,16.637771551869477,0.013189947605133057,0.95
2307,0.6939350481336773,19.391159128375072,19.391159128375072,0.01320505142211914,1.0
2308,0.7301668557939733,17.183761775182848,17.183761775182848,0.013246476650238037,1.0
2309,0.6405698780520109,14.009250940219863,12.983408285204467,0.013310348987579346,0.95
2310,0.6803279006288653,15.468025474262722,15.468025474262722,0.013061106204986572,1.0
2311,0.7235246307041612,16.67769857534435,16.67769857534435,0.01346052885055542,1.0
2312,0.7218772698318676,16.93860877779087,16.93860877779087,0.013275206089019775,1.0
2313,0.7156958685261574,18.881175528870394,18.881175528870394,0.013219058513641357,1.0
2314,0.7212780400623076,14.917196579042557,14.917196579042557,0.013090395927429199,1.0
2315,0.6488939176952766,14.871047594933524,15.01246960148517,0.013328874111175537,0.95
2316,0.491320491975711,16.434620875466983,16.702564411173892,0.013387572765350342,0.85
2317,0.6325456108308208,16.616296098571087,16.616846035972014,0.013226866722106934,0.95
2318,0.5423252530212105,14.043129697018907,14.220012963117385,0.013310563564300538,0.9
2319,0.7354010850680928,15.788519525781703,15.788519525781703,0.013295352458953857,1.0
2320,0.7387340423607064,15.21695957002106,15.21695957002106,0.013329708576202392,1.0
2321,0.7264148957421155,16.299075924046882,16.299075924046882,0.013169705867767334,1.0
2322,0.7276335884364663,14.165644297756819,14.165644297756819,0.013003969192504882,1.0
2323,0.7139896375051695,15.20797860468556,15.20797860468556,0.013242006301879883,1.0
2324,0.7039043899463403,16.483698015717607,16.483698015717607,0.01324242353439331,1.0
2325,0.6155336719498873,15.982836013147349,16.233764165685304,0.013312280178070068,0.95
2326,0.6865247783706488,16.060019802683488,16.060019802683488,0.01320289373397827,1.0
2327,0.7048596254952052,17.613538847221893,17.613538847221893,0.013153922557830811,1.0
2328,0.4808767715608936,15.265572542472437,15.431859402600628,0.013332068920135498,0.85
2329,0.6029737009111075,17.87117250577986,17.51352215848993,0.01331392526626587,0.9
2330,0.5555556933187404,12.739744462950721,12.718642284746265,0.013102507591247559,0.9
2331,0.7043896735045118,14.726279426789427,14.726279426789427,0.01308300495147705,1.0
2332,0.638537393381535,13.954411057670416,14.011847085232935,0.013130199909210206,0.95
2333,0.7158805008370333,14.745671453102494,14.745671453102494,0.013001835346221924,1.0
2334,0.5433346022631649,15.617158923230255,15.917920049824763,0.013019895553588868,0.9
2335,0.6457546290913677,17.17409779825351,17.150270640856412,0.01326347589492798,0.95
2336,0.5046134395344363,17.48107102133444,18.503422295059547,0.01314544677734375,0.85
2337,0.7257091913221108,14.791962436523937,14.791962436523937,0.013321435451507569,1.0
2338,0.7186322271104,17.39977264568126,17.39977264568126,0.013236129283905029,1.0
2339,0.6910392295270155,14.121335806411016,14.121335806411016,0.013451457023620605,1.0
2340,0.6226060476656554,14.571929046666298,14.675549408335318,0.013264596462249756,0.95
2341,0.6893808157418653,18.951776329989375,18.951776329989375,0.013381922245025634,1.0
2342,0.6800435820444239,15.550669545261789,15.550669545261789,0.013302218914031983,1.0
2343,0.6324067982218777,14.171861124911242,14.091271425390616,0.013357853889465332,0.95
2344,0.7158559068574233,15.90604432951918,15.90604432951918,0.013299906253814697,1.0
2345,0.6504744119863399,14.239944944150134,13.330700551288583,0.013068342208862304,0.95
2346,0.696123865300998,16.533163678593972,16.533163678593972,0.013298046588897706,1.0
2347,0.6920760574785703,17.898021814294317,17.898021814294317,0.013265740871429444,1.0
2348,0.6199516904569438,18.01939655359576,18.1062979139374,0.01321718692779541,0.95
2349,0.6408565312598467,15.475597567661396,15.417973305341874,0.013155770301818848,0.95
2350,0.6849170194375368,16.019444260585633,16.019444260585633,0.013213515281677246,1.0
2351,0.6486602629570718,17.412936448301004,17.42564802733501,0.013211464881896973,0.95
2352,0.6457645584358783,17.179331639278082,17.430911006781255,0.013032686710357667,0.95
2353,0.6675240213833366,16.168429239610056,15.294093935306268,0.013266122341156006,0.95
2354,0.6208795423696435,16.76371666210446,16.73113529268186,0.013107895851135254,0.95
2355,0.7142879325542959,18.587651451558298,18.587651451558298,0.01318376064300537,1.0
2356,0.6111944562972009,18.509039036807277,18.83892860555649,0.013551747798919678,0.95
2357,0.5973108596581147,19.993903885980757,19.96408502089202,0.013331770896911621,0.95
2358,0.6800097292157858,12.885494184163061,12.885494184163061,0.013241279125213622,1.0
2359,0.6720373482178765,15.035405036640435,15.035405036640435,0.013123464584350587,1.0
2360,0.4679699716609642,13.860975022301258,13.876927349858448,0.013167572021484376,0.85
2361,0.6304696811781741,16.328106700448274,16.58406852365767,0.01293962001800537,0.95
2362,0.565780887146291,14.226588442008591,14.206781401702594,0.012999463081359863,0.9
2363,0.6186983939941656,17.01419538912672,15.990756396774708,0.013145124912261963,0.95
2364,0.6323906638972383,18.181626479857407,18.001320018893193,0.013038527965545655,0.95
2365,0.6236720277689576,14.289908117860245,14.414646586591301,0.013190829753875732,0.95
2366,0.4871129478907365,16.009762193639066,16.196732940119567,0.013354873657226563,0.85
2367,0.7322758645143648,17.962362969264497,17.962362969264497,0.013092291355133057,1.0
2368,0.7018839524575842,16.76885596196075,16.76885596196075,0.013077163696289062,1.0
2369,0.6930550685903883,15.222345754966742,15.222345754966742,0.013266503810882568,1.0
2370,0.7284916056778672,16.632055072188198,16.632055072188198,0.01338576078414917,1.0
2371,0.7011956418722292,15.477419956317306,15.477419956317306,0.013154911994934081,1.0
2372,0.6461191871654425,15.318726666491802,15.595636695581717,0.013323652744293212,0.95
2373,0.6694065587459574,16.07620324951949,16.33940493450731,0.013083600997924804,0.95
2374,0.6569644431988427,13.595948106410532,13.512274169185329,0.013162517547607422,0.95
2375,0.6335890807679468,15.742668585099068,15.717821049294287,0.013136792182922363,0.95
2376,0.70565137859204,12.599879998712241,12.599879998712241,0.013095986843109132,1.0
2377,0.745411048294132,13.828448846654846,13.828448846654846,0.013337111473083496,1.0
2378,0.7003555192641734,10.428565542354194,10.428565542354194,0.013026022911071777,1.0
2379,0.7270751961792372,13.92379225397362,13.92379225397362,0.013198471069335938,1.0
2380,0.7166989294054138,13.257634496115495,13.257634496115495,0.01300497055053711,1.0
2381,0.5716552391911577,15.329972483725578,15.272754892141174,0.013227438926696778,0.9
2382,0.7272567880290471,18.124980577249644,18.124980577249644,0.013084590435028076,1.0
2383,0.7001781769027546,15.931857754638457,15.931857754638457,0.013028335571289063,1.0
2384,0.6294918557184428,16.596294761436763,15.805979120438774,0.013102114200592041,0.95
2385,0.7207217021958966,17.02650792239415,17.02650792239415,0.012948453426361084,1.0
2386,0.7187863649583124,16.004328096131566,16.004328096131566,0.013065826892852784,1.0
2387,0.7326997277779728,16.72144854923643,16.72144854923643,0.013183021545410156,1.0
2388,0.6362253018378209,19.764322369777076,20.1621406531261,0.013243639469146728,0.95
2389,0.7344744087374183,16.258606351283106,16.258606351283106,0.013145756721496583,1.0
2390,0.6154141651197398,15.401352775673269,15.411898873986658,0.013209939002990723,0.95
2391,0.6626160857678163,15.446151475567044,15.482081975264927,0.013217484951019287,0.95
2392,0.7064292509198907,15.997913165245492,15.997913165245492,0.013104701042175293,1.0
2393,0.696914458328011,16.116756821953675,16.116756821953675,0.013078999519348145,1.0
2394,0.7476177112799669,16.699497633660606,16.699497633660606,0.013158977031707764,1.0
2395,0.7125400872478707,16.623855845557465,16.623855845557465,0.013425636291503906,1.0
2396,0.6373665117490379,15.827346269013637,16.007209265159844,0.013507246971130371,0.95
2397,0.6564020948062006,14.67812738882358,14.820636032336617,0.013187384605407715,0.95
2398,0.7130158573183956,13.59299945040561,13.59299945040561,0.013137447834014892,1.0
2399,0.7022319188284099,15.285899104838489,15.285899104838489,0.013318049907684325,1.0
2400,0.7047203733517102,15.212510231401561,15.212510231401561,0.01320943832397461,1.0
2401,0.7196443943867186,14.759986926705736,14.759986926705736,0.013143455982208252,1.0
2402,0.6942020657766091,14.114072929943584,14.114072929943584,0.013216328620910645,1.0
2403,0.6233731452369488,16.90356948725015,16.14330177299835,0.013248634338378907,0.95
2404,0.7010450101253662,15.76860278630841,15.76860278630841,0.013383328914642334,1.0
2405,0.7132809031131326,16.0859508956324,16.0859508956324,0.013276708126068116,1.0
2406,0.7056910231270261,15.82930969882845,15.82930969882845,0.013037109375,1.0
2407,0.7123880389645644,17.306174857091797,17.306174857091797,0.01315397024154663,1.0
2408,0.632434516858636,16.16663442492049,16.46946390463657,0.013475179672241211,0.95
2409,0.7115599293856687,15.177366745021391,15.177366745021391,0.013464796543121337,1.0
2410,0.649561005054054,15.169114020416615,15.405689901593982,0.013090312480926514,0.95
2411,0.7438134040961737,16.101174755006706,16.101174755006706,0.012994205951690674,1.0
2412,0.7173746220992456,14.20595049284483,14.20595049284483,0.013087010383605957,1.0
2413,0.7321148848127587,15.121778707645698,15.121778707645698,0.013064825534820556,1.0
2414,0.6511002743834624,16.75212471731569,16.012078223852164,0.012891077995300293,0.95
2415,0.6446933832800145,14.778724142535452,14.945044105452277,0.012927329540252686,0.95
2416,0.5478067803120089,15.92394665157767,16.159669822487178,0.01316300630569458,0.9
2417,0.7315008371180066,16.444564522439457,16.444564522439457,0.01314636468887329,1.0
2418,0.7221449489604107,16.899240132274667,16.899240132274667,0.013177847862243653,1.0
2419,0.7150079462942901,16.845378673834965,16.845378673834965,0.013249850273132325,1.0
2420,0.6321162644534569,16.79065706983587,16.51074143309145,0.01323622465133667,0.95
2421,0.5945492581366271,18.64757481056457,18.996474107010137,0.013009738922119141,0.95
2422,0.7034610084103863,17.58552916677002,17.58552916677002,0.01303105354309082,1.0
2423,0.6439760772499474,18.54191843926609,18.91883863368168,0.013094460964202881,0.95
2424,0.6386787352275523,19.905158611198694,20.052795716511344,0.013503718376159667,0.95
2425,0.6351882094809898,14.520389750278877,14.68248381000472,0.013364577293395996,0.95
2426,0.7241008149382437,15.267626056399058,15.267626056399058,0.013541877269744873,1.0
2427,0.7032921676452972,17.718768462833445,17.718768462833445,0.01340334415435791,1.0
2428,0.647004722296467,17.546875021802556,17.645244071314025,0.01316523551940918,0.95
2429,0.6772799359261616,13.321242823916984,13.321242823916984,0.013217782974243164,1.0
2430,0.6961206632682669,15.909752278725236,15.909752278725236,0.013003194332122802,1.0
2431,0.7054689942395408,14.182539352814961,14.182539352814961,0.01314389705657959,1.0
2432,0.6959043746872522,14.426511868458386,14.426511868458386,0.013171577453613281,1.0
2433,0.7276171583987293,16.788893279239538,16.788893279239538,0.01328890323638916,1.0
2434,0.7157664368002414,16.252279217220295,16.252279217220295,0.013191711902618409,1.0
2435,0.48196072317795335,13.47110578346815,13.405780571402872,0.013098645210266113,0.85
2436,0.6824030360121377,13.634353867295989,13.634353867295989,0.013156139850616455,1.0
2437,0.7282388079648305,16.55479083209719,16.55479083209719,0.013200139999389649,1.0
2438,0.6385773269825352,15.39360256376062,15.578547518691638,0.013230836391448975,0.95
2439,0.6756432878118558,18.155246300579503,18.155246300579503,0.013236308097839355,1.0
2440,0.7120362817178851,15.401846517909851,15.401846517909851,0.013137292861938477,1.0
2441,0.66312636181875,15.340959124222977,15.501536799089417,0.013366174697875977,0.95
2442,0.5829427552745221,16.950185713194436,17.565799705223732,0.013151633739471435,0.9
2443,0.6460734373961616,12.307298868426935,12.279557811569987,0.013448107242584228,0.95
2444,0.5648406218394031,15.554075930601016,14.595401997709656,0.013178002834320069,0.9
2445,0.5545392175062451,14.059296357643055,14.296395758002152,0.013157105445861817,0.9
2446,0.7181872219593199,14.034950445171305,14.034950445171305,0.01311190128326416,1.0
2447,0.7272396223944964,15.251653832140832,15.251653832140832,0.013304102420806884,1.0
2448,0.7025653150441015,17.49446899359905,17.49446899359905,0.013679707050323486,1.0
2449,0.6414867242417964,15.098594700325489,15.305523153704698,0.01332484483718872,0.95
2450,0.6187130728981775,15.369403160775127,14.099006032375835,0.013123977184295654,0.95
2451,0.6176310717544337,16.375349507590695,16.379984171995968,0.013254070281982422,0.95
2452,0.5672011376081336,15.685247158653869,15.653308443253287,0.013311183452606202,0.9
2453,0.708427446590962,16.275167879301716,16.275167879301716,0.013274836540222167,1.0
2454,0.6410814549354921,16.333035434988243,16.661574666952223,0.01323549747467041,0.95
2455,0.6500071049270295,16.507590219742845,16.73724358377339,0.013251543045043945,0.95
2456,0.7176258396038409,14.055739330000625,14.055739330000625,0.013276290893554688,1.0
2457,0.7058638932106307,14.779125401721831,14.779125401721831,0.013564634323120116,1.0
2458,0.718175295587842,17.98678808294295,17.98678808294295,0.013337051868438721,1.0
2459,0.6446037568585112,15.95556907952464,15.101717521536111,0.013287091255187988,0.95
2460,0.663339045744844,13.64346830627046,12.698799926777589,0.01323932409286499,0.95
2461,0.5667382587240166,13.91893742903467,13.64654476615427,0.013464033603668213,0.9
2462,0.6513861377027593,16.23431252171361,16.28029369109055,0.013426709175109863,0.95
2463,0.6929941209772702,16.72656731603232,16.72656731603232,0.013272809982299804,1.0
2464,0.675113895409883,14.722393700571114,14.722393700571114,0.013186287879943848,1.0
2465,0.6394259410987737,17.458687770213906,16.756503616373642,0.013127124309539795,0.95
2466,0.6291150248359954,15.703891108556329,15.691066787885278,0.013237082958221435,0.95
2467,0.6633754509956143,16.263740927517823,16.58606934842861,0.01316680908203125,0.95
2468,0.6486750239924233,16.234340675379894,16.460761102379436,0.013116681575775146,0.95
2469,0.5581840973674763,17.936916755172795,18.425991022942796,0.013377690315246582,0.9
2470,0.6408243556195627,19.125691233168176,19.250259592845897,0.013401734828948974,0.95
2471,0.6224069064727886,15.569681914685049,15.797253757546645,0.013244879245758057,0.95
2472,0.7144190553964788,17.280398570653208,17.280398570653208,0.013049328327178955,1.0
2473,0.6924657889887864,16.30359130591552,16.30359130591552,0.01327747106552124,1.0
2474,0.560395865820677,16.627554053329284,16.867029812037497,0.013228821754455566,0.9
2475,0.6353229303358294,17.50685413928236,17.44240437701517,0.013290333747863769,0.95
2476,0.6999920571921521,17.420789448599567,17.420789448599567,0.013314175605773925,1.0
2477,0.6270270581218775,18.582413169918865,18.98132913871098,0.013188529014587402,0.95
2478,0.7037945152113643,16.04813354794452,16.04813354794452,0.01316072940826416,1.0
2479,0.6140309894612371,18.50667369393304,17.592574799091267,0.012958049774169922,0.95
2480,0.6292223632380511,17.819642825470748,18.07614643357293,0.013180649280548096,0.95
2481,0.602176881097509,17.360859420632085,16.368033560652947,0.013315653800964356,0.95
2482,0.4994492394700124,15.7851991543147,15.290260459075217,0.013221037387847901,0.85
2483,0.5675324410866496,16.001658000833324,16.116628660334793,0.01302274465560913,0.9
2484,0.5635385770002966,14.887469164207747,14.784380830395671,0.013156700134277343,0.9
2485,0.5532341210077382,16.874417811735768,16.839975252971556,0.013136768341064453,0.9
2486,0.684574263965227,19.14271658111041,19.14271658111041,0.013230347633361816,1.0
2487,0.6202804714038357,16.109438516170794,16.31709846160926,0.013075792789459228,0.95
2488,0.7133766696860041,16.073345996025594,16.073345996025594,0.013360440731048584,1.0
2489,0.7245461172694526,15.159580525514471,15.159580525514471,0.013391709327697754,1.0
2490,0.7101287898325537,15.40311547289527,15.40311547289527,0.013129854202270507,1.0
2491,0.700269851641431,16.176099672558045,16.176099672558045,0.013371145725250244,1.0
2492,0.6245635797631388,16.850677201144293,17.050130598024165,0.01333770751953125,0.95
2493,0.5844299648826549,15.162381451636469,15.203279985613879,0.013242650032043456,0.9
2494,0.7313380105459778,15.404460613556225,15.404460613556225,0.013316643238067628,1.0
2495,0.5783526978208209,16.252558643050445,16.14080964446692,0.01296999454498291,0.9
2496,0.640118055665365,18.29431814170163,18.71779305986533,0.013204073905944825,0.95
2497,0.6526015102358235,16.792616825285407,16.921825200492954,0.013423621654510498,0.95
2498,0.7134891899832737,15.425461405356234,15.425461405356234,0.013202369213104248,1.0
2499,0.7231946884821767,15.313995579137384,15.313995579137384,0.013310086727142335,1.0
2500,0.7432398223249452,12.83854758753952,12.83854758753952,0.013463222980499267,1.0
2501,0.7114269320960059,16.41568581821533,16.41568581821533,0.013203132152557372,1.0
2502,0.7234479741734436,14.657826647566063,14.657826647566063,0.013259732723236084,1.0
2503,0.6633992944465944,14.807460586021719,15.05871130841174,0.01328028440475464,0.95
2504,0.6624484997947481,15.534060739590837,15.482132563020215,0.013345444202423095,0.95
2505,0.7254445185788836,18.531280239751588,18.531280239751588,0.013231849670410157,1.0
2506,0.6615707307237458,16.282569205092077,16.343135203512567,0.013213753700256348,0.95
2507,0.6918326078282292,16.584700426632747,16.584700426632747,0.0132163405418396,1.0
2508,0.7043996272430283,13.808463444552084,13.808463444552084,0.013374114036560058,1.0
2509,0.7250411975462079,14.657544532624783,14.657544532624783,0.013110268115997314,1.0
2510,0.7088037005283339,13.013450170972153,13.013450170972153,0.013314032554626464,1.0
2511,0.7150097609266124,15.640766370848329,15.640766370848329,0.01314936876296997,1.0
2512,0.6347610831322835,15.125074649375104,15.228774860762677,0.013363277912139893,0.95
2513,0.727382648572471,16.085167836835538,16.085167836835538,0.013314568996429443,1.0
2514,0.7359745106351606,16.151533333606082,16.151533333606082,0.013001501560211182,1.0
2515,0.7045902751417032,15.372759636153518,15.372759636153518,0.012819552421569824,1.0
2516,0.7283515735167484,15.108874950764895,15.108874950764895,0.013072717189788818,1.0
2517,0.6947868954381835,14.679518102779275,14.679518102779275,0.013233494758605958,1.0
2518,0.6928558253711479,16.544236028793076,16.544236028793076,0.013013052940368652,1.0
2519,0.7164894876673784,16.547138968512392,16.547138968512392,0.013215625286102295,1.0
2520,0.6597423009157911,15.92291453123168,15.911243134528805,0.013301324844360352,0.95
2521,0.7325070260724131,16.38798513490759,16.38798513490759,0.013333165645599365,1.0
2522,0.5419880793269358,17.197381401639216,17.876228801680625,0.01313776969909668,0.9
2523,0.40884256641458994,16.53715801749798,17.474621170615805,0.01315537691116333,0.8
2524,0.5769212224529857,15.932422215363655,16.085421972505436,0.013026058673858643,0.9
2525,0.7230844346386688,17.630164205037207,17.630164205037207,0.013341701030731202,1.0
2526,0.6397302611056852,19.06366769007283,18.396944714828024,0.013330590724945069,0.95
2527,0.5354098331735864,16.184540563867195,16.366091114290928,0.013504266738891602,0.9
2528,0.6058619204361219,16.772810955007024,16.85504738341133,0.01291065216064453,0.95
2529,0.7080510452103337,14.67303113847909,14.67303113847909,0.01299513578414917,1.0
2530,0.698436427925106,16.253837761402558,16.253837761402558,0.013129341602325439,1.0
2531,0.7290365155285912,13.910072858744915,13.910072858744915,0.013118588924407959,1.0
2532,0.7161803078813355,17.19301101966738,17.19301101966738,0.013136458396911622,1.0
2533,0.6389013111942041,14.3038476492543,14.069188437859317,0.013251864910125732,0.95
2534,0.6993412993775316,17.0851639161375,17.0851639161375,0.013454699516296386,1.0
2535,0.5516253203993684,15.174513293753915,15.324570563474525,0.013049674034118653,0.9
2536,0.6218514323025679,15.381989544741355,15.404138750657607,0.013297164440155029,0.95
2537,0.5724865954367759,15.415913450582746,15.72405296531493,0.013199424743652344,0.9
2538,0.7245128259563142,16.394668352269214,16.394668352269214,0.013325989246368408,1.0
2539,0.5514587815241547,15.97033036892148,16.403511084196257,0.013226699829101563,0.9
2540,0.573727123206305,16.430121329481914,16.585436795750716,0.01318056583404541,0.9
2541,0.6159211396759741,16.067872360328273,16.293193826540033,0.012927579879760741,0.95
2542,0.710939241607713,14.864196759432364,14.864196759432364,0.013186705112457276,1.0
2543,0.7025016518640929,16.584209447635843,16.584209447635843,0.01289973258972168,1.0
2544,0.39749322418580807,16.785563175913225,16.00470664203837,0.013037288188934326,0.8
2545,0.7243472888440122,15.595612716938835,15.595612716938835,0.013158559799194336,1.0
2546,0.6168654497115307,16.161813302066392,15.92808947356118,0.013020956516265869,0.95
2547,0.6083581185345052,13.812422537144911,13.568355898388054,0.013179576396942139,0.95
2548,0.615390776237689,13.121918662043702,13.162039967228035,0.01306382417678833,0.95
2549,0.6831198451167518,17.37493070234765,17.37493070234765,0.013287019729614259,1.0
2550,0.6433140578693328,15.907019564947868,15.929119047128424,0.013140130043029784,0.95
2551,0.7357609595576873,17.693058694042882,17.693058694042882,0.013218939304351807,1.0
2552,0.7015480049103399,18.407707766594985,18.407707766594985,0.013147830963134766,1.0
2553,0.7123718486132679,19.647000082442993,19.647000082442993,0.013121712207794189,1.0
2554,0.6343361579957821,18.17357993014034,18.364007928775443,0.013448071479797364,0.95
2555,0.71884030789338,16.878027873283905,16.878027873283905,0.013160264492034912,1.0
2556,0.6154812485739802,16.965329210785846,16.25156686425265,0.012986373901367188,0.95
2557,0.6868411040980192,18.6587337837283,18.6587337837283,0.012973582744598389,1.0
2558,0.7254316426943103,15.836611875791357,15.836611875791357,0.013173222541809082,1.0
2559,0.6937765835719776,17.16520069867938,17.16520069867938,0.012936127185821534,1.0
2560,0.6400210421603172,15.030064563304967,15.015163491675366,0.01325228214263916,0.95
2561,0.6394775282815536,13.736168722360114,13.860534781915703,0.013068819046020507,0.95
2562,0.7062551733244602,14.917227081620874,14.917227081620874,0.013415265083312988,1.0
2563,0.6692493399428388,14.610933224048813,14.811628937857781,0.01319262981414795,0.95
2564,0.6515712355029818,16.903352320854495,16.86066164485596,0.013037431240081786,0.95
2565,0.7398962539582865,15.470229039852915,15.470229039852915,0.01300884485244751,1.0
2566,0.6538016642526517,15.401489200141906,15.668071625378843,0.01278674602508545,0.95
2567,0.7440488637826361,16.796744332789068,16.796744332789068,0.01294490098953247,1.0
2568,0.6907976907097221,18.802426503136008,18.802426503136008,0.01296985149383545,1.0
2569,0.7035317268407176,17.442632012156615,17.442632012156615,0.01305372714996338,1.0
2570,0.5303081476867849,15.996301928992725,15.93363921001774,0.013007688522338866,0.9
2571,0.6445990828843787,18.001400112838095,17.937662409867468,0.01298828125,0.95
2572,0.6149489047920983,16.756805868065577,17.102438801821496,0.01341402530670166,0.95
2573,0.6424069396996757,15.890725437190998,16.098412196618423,0.013270759582519531,0.95
2574,0.6147140979765869,16.972273157947136,16.965368011498523,0.013017845153808594,0.95
2575,0.7029886853463373,16.32694099025289,16.32694099025289,0.012865102291107178,1.0
2576,0.7345326621933246,15.09747995427075,15.09747995427075,0.01292182207107544,1.0
2577,0.695341630995536,17.82311912376283,17.82311912376283,0.013499617576599121,1.0
2578,0.6462363020865466,16.351552069558938,16.56744901124598,0.01308659315109253,0.95
2579,0.7263631249959672,15.857352587466773,15.857352587466773,0.013174593448638916,1.0
2580,0.6572139052225219,16.0240520445544,15.970608650862559,0.013490962982177734,0.95
2581,0.6269090144972369,15.262596576026102,15.32027047606699,0.013048386573791504,0.95
2582,0.7200602387345422,15.141037254981793,15.141037254981793,0.013179624080657959,1.0
2583,0.6295746606679797,16.887729119515537,17.037557444939388,0.013072025775909425,0.95
2584,0.6308682179647757,15.663591964174145,15.887060147033106,0.01309746503829956,0.95
2585,0.7173406533149659,17.987421537027117,17.987421537027117,0.013205277919769286,1.0
2586,0.6390516171590183,15.403741928271174,15.635515579251456,0.013131964206695556,0.95
2587,0.7234492967804569,15.709643884800201,15.709643884800201,0.013000416755676269,1.0
2588,0.6875969969933567,16.16072955985449,16.464991558904035,0.013166427612304688,0.95
2589,0.62277691083674,17.199033584734472,17.560853057979063,0.013059902191162109,0.95
2590,0.7280245567165182,14.922703440679317,14.922703440679317,0.013098359107971191,1.0
2591,0.7197675542404034,16.220760608175766,16.220760608175766,0.013392424583435059,1.0
2592,0.7124482988778199,16.845862521696635,16.845862521696635,0.012968075275421143,1.0
2593,0.7084601481477318,16.356490224931463,16.356490224931463,0.013245916366577149,1.0
2594,0.6266725467360172,18.956500754787143,18.79343730450356,0.013570857048034669,0.95
2595,0.6079983036096707,16.39499316055215,16.35308315772176,0.013239705562591552,0.95
2596,0.7105760904386028,14.839434935480208,14.839434935480208,0.013187134265899658,1.0
2597,0.5513498235905333,14.913468170273623,15.181278521939138,0.013055741786956787,0.9
2598,0.7215609606992862,16.04555956895987,16.04555956895987,0.013075017929077148,1.0
2599,0.6317622377695234,15.447237258268839,15.656546737936768,0.013348197937011719,0.95
2600,0.7199293683160997,16.764145795553766,16.764145795553766,0.013303911685943604,1.0
2601,0.6536771367889952,13.648693874911496,13.661121380161648,0.013110160827636719,0.95
2602,0.7287983689974528,15.095623665739073,15.095623665739073,0.012933480739593505,1.0
2603,0.7276207374827732,14.385721993683527,14.385721993683527,0.013009989261627197,1.0
2604,0.6583030891346856,15.503751702315324,15.78580446228674,0.012986886501312255,0.95
2605,0.5791334198099575,15.21777142532631,15.478851496307072,0.013079845905303955,0.9
2606,0.7216239519789586,16.171807498952806,16.171807498952806,0.013135933876037597,1.0
2607,0.7138756507007196,19.348627168656698,19.348627168656698,0.013077342510223388,1.0
2608,0.73394196619083,14.360716916786552,14.360716916786552,0.01328669786453247,1.0
2609,0.705251342172979,17.301627984255617,17.301627984255617,0.012988340854644776,1.0
2610,0.7254522321615402,15.953748904361138,15.953748904361138,0.013158810138702393,1.0
2611,0.7067183000583129,17.353330994022272,17.353330994022272,0.01302090883255005,1.0
2612,0.6471857637115616,19.436166503452476,18.801841861200106,0.013135957717895507,0.95
2613,0.6227495057104757,16.53927055010681,16.49911149243646,0.013050556182861328,0.95
2614,0.6279148908309307,18.32267816919467,18.42484215932295,0.012968075275421143,0.95
2615,0.6961747618373171,14.16474862063246,14.16474862063246,0.01288665533065796,1.0
2616,0.709169752470658,14.234378883841014,14.234378883841014,0.0130540132522583,1.0
2617,0.5562169264081426,15.459132093789464,15.606668242365329,0.013101720809936523,0.9
2618,0.5582345053345329,14.99003828788735,14.845975634999,0.012821459770202636,0.9
2619,0.6463989170148026,16.89060085537354,17.070500948924913,0.012804627418518066,0.95
2620,0.724190291642896,16.971406541861327,16.971406541861327,0.012981033325195313,1.0
2621,0.7149336467086783,18.465850277914182,18.465850277914182,0.012985467910766602,1.0
2622,0.6164875691438476,16.721033713523305,16.675566604284093,0.013109242916107178,0.95
2623,0.740147436715663,14.491090169132002,14.491090169132002,0.012930488586425782,1.0
2624,0.5752093136177457,15.504618735046275,15.399123379311618,0.012962651252746583,0.9
2625,0.5570276496910208,15.083984779306084,15.564437839931351,0.013007771968841553,0.9
2626,0.6380350499770568,15.097324323584052,15.158759535586386,0.012895679473876953,0.95
2627,0.6759945169836659,13.64634787573784,13.64634787573784,0.013201248645782471,1.0
2628,0.6281159000225293,16.464436584813054,16.158951129196886,0.013068163394927978,0.95
2629,0.6430212591734593,15.20395703695363,15.434500621772736,0.013174927234649659,0.95
2630,0.6507595922491008,15.536451031328557,15.494112546568454,0.013165807723999024,0.95
2631,0.7062360454047442,14.107034201634383,14.107034201634383,0.013017594814300537,1.0
2632,0.6601798581517648,13.297026187105498,13.4118010863049,0.01309797763824463,0.95
2633,0.7258417021456266,15.312421579225099,15.312421579225099,0.013237345218658447,1.0
2634,0.644329184574265,14.133614889121171,14.24397413838524,0.01316831111907959,0.95
2635,0.719078834567148,12.898511696978224,12.898511696978224,0.013246273994445801,1.0
2636,0.7097002703417146,13.826534517308058,13.826534517308058,0.013212370872497558,1.0
2637,0.5760708794185179,15.07260127827718,15.458940450563599,0.013176476955413819,0.9
2638,0.5569374849969424,15.514485400558666,15.688646344374408,0.012955260276794434,0.9
2639,0.6437459912981089,14.836630502825674,15.014435957889077,0.0131988525390625,0.95
2640,0.7219551843621062,13.40140942028295,13.40140942028295,0.013105320930480956,1.0
2641,0.7266235019862965,17.708828028448956,17.708828028448956,0.01345655918121338,1.0
2642,0.6804764234357051,13.828328984576292,14.007055826844582,0.013051438331604003,0.95
2643,0.7052560121586993,13.940020193779432,13.940020193779432,0.013154721260070801,1.0
2644,0.7258579275859296,13.438877827439274,13.438877827439274,0.012995386123657226,1.0
2645,0.6418765372423677,16.146685289794068,16.418222845935123,0.013011002540588379,0.95
2646,0.679693193250255,16.59640134855911,16.59640134855911,0.013158249855041503,1.0
2647,0.6516732223392714,17.09796223766161,17.460154753908654,0.01318739652633667,0.95
2648,0.6667373707091243,16.840606501194536,17.061253327025156,0.013023090362548829,0.95
2649,0.7170677558325623,16.311000158204056,16.311000158204056,0.013209211826324462,1.0
2650,0.5839127092446206,15.770586725391501,15.92952001631135,0.013101089000701904,0.9
2651,0.6511319629618294,16.75809018168677,17.06419068816141,0.01320044994354248,0.95
2652,0.7011262511048907,16.240908054727853,16.240908054727853,0.013172149658203125,1.0
2653,0.7069566318992728,16.924837563986472,16.924837563986472,0.013187050819396973,1.0
2654,0.7051409946000142,13.909104024785956,13.909104024785956,0.01337980031967163,1.0
2655,0.726491137054438,16.547653617637906,16.547653617637906,0.013146030902862548,1.0
2656,0.7379007572613198,13.964120096474044,13.964120096474044,0.01300729513168335,1.0
2657,0.7169779361049535,15.593654542549412,15.593654542549412,0.01311495304107666,1.0
2658,0.6512152595246037,15.25752474961828,14.97083978027309,0.013178372383117675,0.95
2659,0.7296553097763792,14.158230152941133,14.158230152941133,0.013160061836242676,1.0
2660,0.6482938245454761,15.6301478843004,15.69753745760991,0.013022351264953613,0.95
2661,0.6625670548740057,15.235824721597277,15.184587925320303,0.012802505493164062,0.95
2662,0.7202064089668592,14.457487946711078,14.457487946711078,0.013178861141204834,1.0
2663,0.7516594885187563,15.752567300839598,15.752567300839598,0.013095712661743164,1.0
2664,0.7389982821636477,16.218774688429708,16.218774688429708,0.01305152177810669,1.0
2665,0.7139836381661044,16.011213125837994,16.011213125837994,0.013109338283538819,1.0
2666,0.6798698154982478,15.502979161988927,15.502979161988927,0.013093888759613037,1.0
2667,0.682589295176115,16.229629361786515,16.229629361786515,0.01302586793899536,1.0
2668,0.6970438813136929,17.269362410939127,17.269362410939127,0.013076484203338623,1.0
2669,0.6422196877337476,17.552381282101887,17.916122328645603,0.013057911396026611,0.95
2670,0.6638702263043866,15.556673448571587,15.809303531415354,0.012958979606628418,0.95
2671,0.6343943801632398,16.112394670980663,16.168848921958112,0.013176870346069337,0.95
2672,0.7212059710299632,14.400672820319329,14.400672820319329,0.013026237487792969,1.0
2673,0.641489564569547,15.055402078860078,15.31602701477317,0.013223755359649658,0.95
2674,0.4765095623707819,17.856452437171182,18.254822253649984,0.013024652004241943,0.85
2675,0.6243536780509336,17.958492697191208,18.23063144384504,0.01319260597229004,0.95
2676,0.6213340378766806,19.405452616878755,19.786498180092497,0.013045477867126464,0.95
2677,0.6474945935932274,17.68208518069266,18.08278722963315,0.013054907321929932,0.95
2678,0.4060136789001483,17.198399433112193,15.250226332818038,0.013411521911621094,0.8
2679,0.7178347262270187,19.62161803378356,19.62161803378356,0.013126695156097412,1.0
2680,0.5083730604405716,15.063259859056027,15.350732769420787,0.013086855411529541,0.85
2681,0.5540157780870513,15.86804240767631,15.835498152173276,0.013242888450622558,0.9
2682,0.7159619409741805,16.015750435560708,16.015750435560708,0.013091135025024413,1.0
2683,0.7250011326519267,15.945202633791434,15.945202633791434,0.013116192817687989,1.0
2684,0.6999575736001123,16.623116923726037,16.623116923726037,0.013119864463806152,1.0
2685,0.6276518530709387,17.259357193938108,17.49734446112358,0.013314962387084961,0.95
2686,0.6839946330093052,16.10583192890817,16.10583192890817,0.013235843181610108,1.0
2687,0.6221196469213712,18.303009559679086,18.732256370783613,0.01318126916885376,0.95
2688,0.6781940616062455,18.68041821458586,18.68041821458586,0.01302727460861206,1.0
2689,0.6173621867979955,15.843311402690329,16.061842680669695,0.013383257389068603,0.95
2690,0.6862194492785952,15.109326401735776,15.109326401735776,0.013076710700988769,1.0
2691,0.6436546281127148,14.819047799648544,14.811532968184883,0.013236498832702637,0.95
2692,0.5064376433729925,16.09056093285485,16.886532396956657,0.013116908073425294,0.85
2693,0.7058212438137235,16.39835423323381,16.39835423323381,0.013025331497192382,1.0
2694,0.5748868506495424,17.955215949100126,17.317658014047975,0.013243639469146728,0.9
2695,0.624403461414985,20.336474958030866,19.70873804921961,0.013277661800384522,0.95
2696,0.6544394862895374,16.49884020162453,16.724766468615666,0.012903165817260743,0.95
2697,0.6559485892647623,15.535652697272692,15.749437064824647,0.012931466102600098,0.95
2698,0.7427145922829299,15.557922900729618,15.557922900729618,0.01331101655960083,1.0
2699,0.6937674120581723,17.39655347720927,17.39655347720927,0.013118278980255128,1.0
2700,0.6393279739446693,17.882822462237332,17.84324345412607,0.013037407398223877,0.95
2701,0.688598749697096,18.802838987075685,18.802838987075685,0.013230848312377929,1.0
2702,0.7193396083017292,15.64235030456904,15.64235030456904,0.013083410263061524,1.0
2703,0.7139587649131687,14.891245667927103,14.891245667927103,0.012948954105377197,1.0
2704,0.6443191906877508,18.09764678099818,17.47111321291882,0.01318591833114624,0.95
2705,0.6441952388487443,16.810910146092482,17.071796886261737,0.013017356395721436,0.95
2706,0.6751033496482484,15.805511734536955,15.805511734536955,0.012968289852142333,1.0
2707,0.6233161972358331,15.823893570964042,15.784931287295317,0.012999379634857177,0.95
2708,0.7457322830113945,17.403880367499188,17.403880367499188,0.01293865442276001,1.0
2709,0.5358089464105806,16.596939689862555,16.9968489651483,0.013126027584075928,0.9
2710,0.6344360289320872,15.287671616212004,15.339818165953105,0.013140404224395752,0.95
2711,0.7240616434213842,15.925120543224528,15.925120543224528,0.013233029842376709,1.0
2712,0.5655938445816701,17.747121485855367,17.151765890994263,0.013107097148895264,0.9
2713,0.5407395089998839,14.129594309464489,13.848360093620048,0.0131783127784729,0.9
2714,0.594559971713273,17.810310976587466,17.96992418199126,0.012987399101257324,0.9
2715,0.6258280522537589,16.13554715508286,16.016822337065502,0.013177716732025146,0.95
2716,0.6995360160675287,17.255971939147308,17.255971939147308,0.013199353218078613,1.0
2717,0.6882458127261071,18.148485045505392,18.148485045505392,0.01332106590270996,1.0
2718,0.7194966118570668,15.16548368344954,15.16548368344954,0.01314530372619629,1.0
2719,0.69750351328113,12.055154941119142,12.055154941119142,0.013282191753387452,1.0
2720,0.6619932207502546,15.308843859066169,15.394478708250709,0.013331544399261475,0.95
2721,0.7326576663870763,18.23264125875675,18.23264125875675,0.013203299045562744,1.0
2722,0.6519171024432493,15.285209840783784,15.416184434558126,0.013129985332489014,0.95
2723,0.5752237241606329,18.24684639268053,18.897514760104418,0.01345531940460205,0.9
2724,0.6879502802546409,17.237710798839544,17.237710798839544,0.01342916488647461,1.0
2725,0.663937567890317,16.936247015322557,17.19342213354346,0.013387918472290039,0.95
2726,0.7048021598113408,17.59702114463795,17.59702114463795,0.013197207450866699,1.0
2727,0.7177054550976991,15.48270400883462,15.48270400883462,0.01334974765777588,1.0
2728,0.7304850241126277,18.6703559634891,18.6703559634891,0.013186335563659668,1.0
2729,0.7109420092873965,20.158407752712048,20.158407752712048,0.013074421882629394,1.0
2730,0.7135270939438481,14.61903129629564,14.61903129629564,0.013297188282012939,1.0
2731,0.7266821151469832,18.872186735842273,18.872186735842273,0.013206923007965088,1.0
2732,0.6989656364092607,16.29699429276075,16.29699429276075,0.013094294071197509,1.0
2733,0.6235146769456553,16.64371163326848,16.72547838270366,0.01310185194015503,0.95
2734,0.7057537439730548,16.171517787103596,16.171517787103596,0.013571763038635254,1.0
2735,0.5626856907063531,15.598302497626207,16.068045918600212,0.013294899463653564,0.9
2736,0.47565288825938873,18.175973867837502,18.836641761360546,0.013179147243499756,0.85
2737,0.6036076318954386,18.450355694680056,17.45138959347471,0.013041138648986816,0.95
2738,0.6554616400003099,15.560308955033179,14.402256139738055,0.01300140619277954,0.95
2739,0.6477885028778638,16.239001115003436,15.367219908536763,0.01303783655166626,0.95
2740,0.6268652728611566,16.66973259394829,15.580302390792632,0.01309669017791748,0.95
2741,0.6141563155786747,18.835173697434566,18.198746253352763,0.012999141216278076,0.95
2742,0.5399765391124418,15.24942638511105,15.529882994574933,0.013005554676055908,0.9
2743,0.6093348639715807,18.03689536767759,18.262220098493504,0.012875211238861085,0.95
2744,0.48966198249242143,15.804169567561152,16.257213862120153,0.0131827712059021,0.85
2745,0.6268310697724094,16.947059193831116,17.002344544449777,0.012951433658599854,0.95
2746,0.6532077906711388,15.880973668009663,15.959137451276966,0.013224339485168457,0.95
2747,0.6349125305325584,17.690241384465136,17.81119156192513,0.013217616081237792,0.95
2748,0.6367548101941216,18.267520861188906,18.436255357696485,0.013177049160003663,0.95
2749,0.6957600162484169,16.387225749961946,16.387225749961946,0.013215875625610352,1.0
2750,0.708131664359356,16.809499753431584,16.809499753431584,0.013025712966918946,1.0
2751,0.6285025142185526,18.063509515613426,18.04896894500995,0.013439369201660157,0.95
2752,0.720649304648038,18.79286692644796,18.79286692644796,0.013121891021728515,1.0
2753,0.6683650789313104,15.317377171537746,15.317377171537746,0.01321396827697754,1.0
2754,0.6284715493235011,15.356696728729606,15.625475323656081,0.013376963138580323,0.95
2755,0.7083086641261958,15.129783298491358,15.129783298491358,0.01330941915512085,1.0
2756,0.7230820232551162,15.05617560612221,15.05617560612221,0.013214194774627685,1.0
2757,0.6296715790787528,15.876062687396507,15.769278076548739,0.013092553615570069,0.95
2758,0.7362174193410673,16.3414872053889,16.3414872053889,0.013195288181304932,1.0
2759,0.6761892605227431,13.957970679693394,13.638848584663222,0.01312335729598999,0.95
2760,0.6550351527045871,13.028129465235512,12.908647244806895,0.013478624820709228,0.95
2761,0.7235536000379437,14.858184380324568,14.858184380324568,0.013285422325134277,1.0
2762,0.6402018690099188,15.593429243324412,15.855781485300428,0.013243615627288818,0.95
2763,0.6743262057235755,16.144872399416467,16.13801457812163,0.013140153884887696,0.95
2764,0.7275247766793203,15.614062066330225,15.614062066330225,0.013320851325988769,1.0
2765,0.7472057196864494,18.029115401226864,18.029115401226864,0.013253617286682128,1.0
2766,0.7047074742481926,17.60970837405393,17.60970837405393,0.013144171237945557,1.0
2767,0.5532717266327858,17.246971158615175,16.191241664131333,0.01304454803466797,0.9
2768,0.5733344022308784,14.948468177879409,15.149293487278875,0.012991988658905029,0.9
2769,0.6495871598269911,15.618765177795632,15.643909374676486,0.013062310218811036,0.95
2770,0.7448278201880356,17.197801491039094,17.197801491039094,0.013287758827209473,1.0
2771,0.647212615766888,14.442308474760273,14.598970291060565,0.01331629753112793,0.95
2772,0.6300422907446308,15.437314798046113,15.527190407888003,0.013197004795074463,0.95
2773,0.6707512610515474,13.295234995732466,13.121901994883705,0.013220894336700439,0.95
2774,0.6726788879868566,14.108937410018289,13.980683609690267,0.01335238218307495,0.95
2775,0.630955151348084,15.01245860775515,15.007690965207386,0.013243293762207032,0.95
2776,0.56947783508039,13.536128284055824,13.606749415520953,0.013169360160827637,0.9
2777,0.6604388166843032,12.186690265962167,12.176502733870022,0.013074958324432373,0.95
2778,0.7422406331284369,14.976856491755626,14.976856491755626,0.01303039789199829,1.0
2779,0.5002253727046174,15.203123605933005,15.850704100014294,0.013063335418701172,0.85
2780,0.7220579835962879,17.601337708041264,17.601337708041264,0.013054609298706055,1.0
2781,0.7171476475841904,16.225151840424537,16.225151840424537,0.01302928924560547,1.0
2782,0.6945143354021736,14.505574619192583,14.505574619192583,0.012940764427185059,1.0
2783,0.7510630971581106,15.613678158237937,15.613678158237937,0.013165676593780517,1.0
2784,0.6741361937381367,13.60547068841442,13.762262474615678,0.012957608699798584,0.95
2785,0.7224148218295616,14.737618733608233,14.737618733608233,0.013178980350494385,1.0
2786,0.753982256869268,14.938640664004334,14.938640664004334,0.013339531421661378,1.0
2787,0.7139914426415557,18.692391682576336,18.692391682576336,0.013265407085418702,1.0
2788,0.7319347677446567,14.577727107301126,14.577727107301126,0.013255000114440918,1.0
2789,0.5677705220812589,13.869180963356703,13.732709444201928,0.013182687759399413,0.9
2790,0.6187563939539101,13.746468052804733,13.581078404338546,0.013300597667694092,0.95
2791,0.6230537079667341,16.68771466322131,16.90461884415861,0.013249707221984864,0.95
2792,0.5611989264027077,15.917871030183496,16.463067448858666,0.013024663925170899,0.9
2793,0.709644358011736,17.075503162096595,17.075503162096595,0.013125181198120117,1.0
2794,0.7299072281821551,17.18550029574513,17.18550029574513,0.013088083267211914,1.0
2795,0.7146447394657752,14.142507323697663,14.142507323697663,0.01312868595123291,1.0
2796,0.723021301830072,14.769498226709729,14.769498226709729,0.013136374950408935,1.0
2797,0.6505076777244263,15.163533001412082,14.988634693027606,0.013113534450531006,0.95
2798,0.5705956878934612,15.225035769517678,15.416808228299143,0.01348564624786377,0.9
2799,0.7106508397327347,15.020515575829346,15.020515575829346,0.013288938999176025,1.0
2800,0.7093415597279547,17.128376993344652,17.128376993344652,0.013151979446411133,1.0
2801,0.5710640496703454,15.708551440956228,15.725863439415841,0.013239419460296631,0.9
2802,0.7363342962535516,16.998726421451963,16.998726421451963,0.013115394115447997,1.0
2803,0.7363956788782209,18.08339297316175,18.08339297316175,0.013181841373443604,1.0
2804,0.710850045727677,19.04551178421881,19.04551178421881,0.01335529088973999,1.0
2805,0.6508306204331575,16.788220799353578,16.629301857676644,0.013229632377624511,0.95
2806,0.6665412423909935,16.072479036634334,16.139418699352444,0.013038933277130127,0.95
2807,0.7498004733077833,17.39833993743682,17.39833993743682,0.013079690933227538,1.0
2808,0.648426515654607,15.048068542126742,14.043804263197785,0.013296425342559814,0.95
2809,0.6338663016502853,18.220513487625535,18.329646125967415,0.013416719436645509,0.95
2810,0.6419143435703798,18.552413207922157,18.896711198626047,0.013599884510040284,0.95
2811,0.654418952649346,15.126681532948783,15.260082816736809,0.013222956657409668,0.95
2812,0.7123718129233565,13.939118364500064,13.939118364500064,0.013380372524261474,1.0
2813,0.6584694492437606,16.071768456044804,16.25722088575352,0.01330188512802124,0.95
2814,0.5824460026432369,16.802869943347392,16.904384857289912,0.013514530658721925,0.9
2815,0.7312083831900777,15.968141561815745,15.968141561815745,0.013122069835662841,1.0
2816,0.48859283611933846,16.935278653138425,17.0554556153489,0.013454139232635498,0.85
2817,0.5254300140213874,17.69305982881925,17.558479199877517,0.013314259052276612,0.9
2818,0.6582155496563346,14.42369648760247,14.312988259916434,0.013448762893676757,0.95
2819,0.7246183604747541,16.013726404198223,16.013726404198223,0.013303625583648681,1.0
2820,0.630753578543381,18.538020654338673,18.929318478971968,0.013542592525482178,0.95
2821,0.5773197745300566,14.23834995573964,14.363234620456703,0.013402926921844482,0.9
2822,0.7216064569923317,18.69969150365707,18.69969150365707,0.013346660137176513,1.0
2823,0.7042224814267033,13.248582600647243,13.248582600647243,0.013237953186035156,1.0
2824,0.6386190688656764,16.40397876410738,16.380449456701275,0.013164329528808593,0.95
2825,0.7384827336606332,13.645926992606766,13.645926992606766,0.013203895092010498,1.0
2826,0.6546440033179548,13.311963845432654,13.302356715886345,0.013192105293273925,0.95
2827,0.6949437897040538,17.181889182519352,17.181889182519352,0.013261818885803222,1.0
2828,0.7465536870908845,17.13302816909006,17.13302816909006,0.013136076927185058,1.0
2829,0.612792737936554,17.47319074556347,17.802422611835585,0.01312260627746582,0.95
2830,0.5050019510580962,16.2783916357707,15.666995729741556,0.01321483850479126,0.85
2831,0.5339934848227483,14.15516854619508,14.746906858475102,0.01309109926223755,0.85
2832,0.6152533305363905,14.72130315408285,14.633577864662549,0.013314878940582276,0.9
2833,0.6618168953944007,14.57443886169151,14.551660765375026,0.012862467765808105,0.95
2834,0.6345483219916566,16.533564136676056,16.510416327602584,0.013206148147583007,0.95
2835,0.6491715606276377,16.472557434190396,16.65499061011571,0.013232266902923584,0.95
2836,0.6873215875164038,17.544102987013407,17.544102987013407,0.013132238388061523,1.0
2837,0.6610384891170871,16.959690356758315,16.248841850539215,0.01311185359954834,0.95
2838,0.6435735002265153,17.006376133339323,17.07594336973995,0.013059759140014648,0.95
2839,0.6121098047672648,19.165455491183344,19.18656531212504,0.013061130046844482,0.95
2840,0.7196825784962424,16.737035026028067,16.737035026028067,0.013096940517425538,1.0
2841,0.6930314209595639,16.473713771876927,16.473713771876927,0.013294398784637451,1.0
2842,0.7275445642814988,15.604314934382568,15.604314934382568,0.01318509578704834,1.0
2843,0.6380454732866034,15.86176266676767,15.871933464547265,0.013097310066223144,0.95
2844,0.65346650269075,18.160339011285068,17.36467481142697,0.013090729713439941,0.95
2845,0.6429777975120631,13.198321298865002,13.2790318699522,0.013009250164031982,0.95
2846,0.5506326646184745,16.693211955829923,16.371509227453103,0.01311415433883667,0.9
2847,0.5701785491001206,17.3775632554963,17.857473800510036,0.013128566741943359,0.9
2848,0.6355584666283293,15.991573075294173,16.186275254931306,0.013186347484588624,0.95
2849,0.7246147087753478,14.075047803745386,14.075047803745386,0.0131087064743042,1.0
2850,0.6935499539537207,16.20868521574652,16.20868521574652,0.013386142253875733,1.0
2851,0.6356370665415799,15.408350117660556,15.589517385918267,0.01302708387374878,0.95
2852,0.7065871747068029,13.735212032860778,13.735212032860778,0.012714707851409912,1.0
2853,0.6852189761536096,16.37184996121795,16.37184996121795,0.012939226627349854,1.0
2854,0.653819831276626,17.762059546916316,18.16776754368208,0.012998008728027343,0.95
2855,0.7321573648158346,13.010638116318196,13.010638116318196,0.013143837451934814,1.0
2856,0.5546074785872279,16.85463947344856,17.057421118087458,0.013178610801696777,0.9
2857,0.6788327379502619,17.451774228507393,17.560249294515543,0.013152754306793213,0.95
2858,0.6979448752246088,15.939075228585779,15.939075228585779,0.01305478811264038,1.0
2859,0.6420468802186124,14.223465555300782,14.439580836041088,0.01323169469833374,0.95
2860,0.712925845475638,14.266499437806186,14.266499437806186,0.013117480278015136,1.0
2861,0.6580680862884608,16.419195295365302,15.38966314645034,0.012944996356964111,0.95
2862,0.7493700014830258,17.88867732125804,17.88867732125804,0.012969410419464112,1.0
2863,0.6522686099883112,16.503911976866046,16.76533128111943,0.013046360015869141,0.95
2864,0.6927831393036155,15.123514782739003,15.123514782739003,0.013088488578796386,1.0
2865,0.6979564176947471,16.4739365785473,16.4739365785473,0.0131211519241333,1.0
2866,0.7124840479176174,15.508775604480078,15.508775604480078,0.013297653198242188,1.0
2867,0.7137202870350514,16.582444597077004,16.582444597077004,0.0132454514503479,1.0
2868,0.6242745036273691,15.015371630331094,14.218118699550994,0.01311875581741333,0.95
2869,0.6467248572101915,17.553169795298917,17.82103013857721,0.013147783279418946,0.95
2870,0.7396137874415876,16.671123570494615,16.671123570494615,0.013119018077850342,1.0
2871,0.6555455182529585,15.929875665060143,16.130517943765877,0.01301952600479126,0.95
2872,0.7226462346252694,14.573252702223765,14.573252702223765,0.013102829456329346,1.0
2873,0.6515046978519792,15.746090159328839,15.987436343225646,0.01317281723022461,0.95
2874,0.7120849629333341,17.257978094139055,17.257978094139055,0.013084709644317627,1.0
2875,0.6230489779056152,17.92791512629743,18.001318218174454,0.013322269916534424,0.95
2876,0.6447481233782957,16.709369072843142,16.739322808939882,0.013045847415924072,0.95
2877,0.7113008779941788,14.259657181183579,14.259657181183579,0.013092005252838134,1.0
2878,0.6946716131767733,14.139297583873011,14.139297583873011,0.01334320306777954,1.0
2879,0.7307340745722146,17.749375389170833,17.749375389170833,0.013041424751281738,1.0
2880,0.7327159831829899,16.68822628655367,16.68822628655367,0.013197541236877441,1.0
2881,0.7310762546483602,14.49026602220314,14.49026602220314,0.013315439224243164,1.0
2882,0.7420349056010858,14.063623767500989,14.063623767500989,0.013088321685791016,1.0
2883,0.7167313309747031,15.559321887170151,15.559321887170151,0.01312927007675171,1.0
2884,0.6576610617152301,15.8576855597727,16.094805154129304,0.013231480121612548,0.95
2885,0.7321625188066903,18.170387129732326,18.170387129732326,0.013336551189422608,1.0
2886,0.7214819159704555,16.80911209238635,16.80911209238635,0.013192832469940186,1.0
2887,0.5827491385803314,16.637844624065306,17.161467891478416,0.013146650791168214,0.9
2888,0.6486343728702055,16.845221724510626,17.146183692458283,0.013335978984832764,0.95
2889,0.6485769405679414,17.57957256851407,16.90825523307684,0.01299281120300293,0.95
2890,0.7212237290402127,18.332956125348257,18.332956125348257,0.013092541694641113,1.0
2891,0.6441167138738296,18.468222843473338,17.748526102976566,0.013115799427032471,0.95
2892,0.7038786604723043,19.17564265597721,19.17564265597721,0.013241636753082275,1.0
2893,0.7107196742294793,16.038336772589805,16.038336772589805,0.013392472267150879,1.0
2894,0.6477674357091243,15.467386677634186,15.752507907955852,0.013028216361999512,0.95
2895,0.7170637896989114,17.44346322633291,17.44346322633291,0.013175904750823975,1.0
2896,0.7417604292130615,16.03207699963185,16.03207699963185,0.01329113245010376,1.0
2897,0.7207226725625062,16.974185921913477,16.974185921913477,0.013317835330963135,1.0
2898,0.6417020597953478,14.546414939726043,14.629227708718348,0.013194620609283447,0.95
2899,0.6622022633614396,14.241297782890822,14.369542186901676,0.013123977184295654,0.95
2900,0.7416385676275159,13.833522064979599,13.833522064979599,0.01314542293548584,1.0
2901,0.7106512632607767,17.43832519341472,17.43832519341472,0.01315622329711914,1.0
2902,0.6307483320309162,16.62561232345059,16.86303504696438,0.013297438621520996,0.95
2903,0.6821389659156977,13.988904582793486,13.988904582793486,0.013186287879943848,1.0
2904,0.6356831040819678,17.140369600495013,17.335978377048242,0.01300966739654541,0.95
2905,0.6379259787320533,16.651448084033312,16.966376988175103,0.013267576694488525,0.95
2906,0.6242281374453273,16.51775697396261,16.557560318754355,0.013056111335754395,0.95
2907,0.6993114177172195,13.9838742862897,13.9838742862897,0.013069641590118409,1.0
2908,0.7421522502357158,13.842178159018314,13.842178159018314,0.013051831722259521,1.0
2909,0.7258569061409876,14.64508275057139,14.64508275057139,0.01318279504776001,1.0
2910,0.6585028659876548,19.45724896574145,18.76904017115036,0.013071393966674805,0.95
2911,0.6394841999825043,14.645659570090455,14.514001489246587,0.013191127777099609,0.95
2912,0.41950834847437884,14.95669595228938,15.073563868114785,0.013076508045196533,0.8
2913,0.6760821575763459,15.392749524871373,15.212717750327238,0.013190746307373047,0.95
2914,0.6686034352598516,14.038155438060608,14.22505544079287,0.01302320957183838,0.95
2915,0.6910161879838677,16.925180725503918,16.925180725503918,0.013229465484619141,1.0
2916,0.51164888994926,16.240422638681785,17.01372408300633,0.013242530822753906,0.85
2917,0.65330805352439,16.229153878560517,16.205125863580392,0.01336653232574463,0.95
2918,0.7250333387082292,18.03224930971071,18.03224930971071,0.013402009010314941,1.0
2919,0.7107401959022439,14.762552322373136,14.762552322373136,0.01347200870513916,1.0
2920,0.648951739831613,15.366136145782274,15.525008564550088,0.013478100299835205,0.95
2921,0.6129736129761717,16.48186652639174,16.63324829026005,0.013337171077728272,0.95
2922,0.46891863513993715,16.497236210334957,16.92734041970184,0.013170409202575683,0.85
2923,0.683693632381392,17.753552720207974,17.63735858530154,0.012989366054534912,0.95
2924,0.7483357834747737,16.02469088785052,16.02469088785052,0.012950432300567628,1.0
2925,0.47772090076177715,15.073045775022388,15.71582403579689,0.013111591339111328,0.85
2926,0.7026247191291495,14.448164993763495,14.448164993763495,0.013023567199707032,1.0
2927,0.7220398121541878,15.092774759685478,15.092774759685478,0.013309133052825928,1.0
2928,0.7115596117592562,16.668707878394795,16.668707878394795,0.0130700945854187,1.0
2929,0.6475243542380366,17.129300151250366,17.220152485526338,0.013267242908477783,0.95
2930,0.5630289972624839,17.794286213123314,16.74614894625959,0.013081610202789307,0.9
2931,0.7334921477956036,16.67724286559215,16.67724286559215,0.013312757015228271,1.0
2932,0.6547790842989091,16.92514696491264,16.0126847483045,0.013137197494506836,0.95
2933,0.70247211638085,16.08301911458795,16.08301911458795,0.013437271118164062,1.0
2934,0.6955841092334513,17.19331558484624,17.19331558484624,0.013268136978149414,1.0
2935,0.7402624170269718,16.59631891328761,16.59631891328761,0.013410830497741699,1.0
2936,0.5631439353646341,16.532839973925796,17.002282991820152,0.013192951679229736,0.9
2937,0.7250588727515197,16.89321181330722,16.89321181330722,0.013146317005157471,1.0
2938,0.7179090037030689,16.141239509258828,16.141239509258828,0.01327359676361084,1.0
2939,0.6502269295106242,17.311207319204744,17.655842158802642,0.013064944744110107,0.95
2940,0.7229506284226529,15.839304210666565,15.839304210666565,0.013163840770721436,1.0
2941,0.6486768864723048,13.990571617312446,13.502632391697004,0.013338184356689453,0.95
2942,0.64149323383862,15.079605573874527,15.267238868569459,0.013266336917877198,0.95
2943,0.7448931542697207,15.432531044365728,15.432531044365728,0.013099312782287598,1.0
2944,0.7252265606400148,14.267631938376798,14.267631938376798,0.013197314739227296,1.0
2945,0.6890580741350338,14.005949251594377,14.005949251594377,0.013286566734313965,1.0
2946,0.651911879969933,15.863124026263431,16.073824953801214,0.012937557697296143,0.95
2947,0.7019008334083906,16.734697960549873,16.734697960549873,0.012962627410888671,1.0
2948,0.6472344268456192,15.741493783604014,15.94564303101152,0.012943220138549805,0.95
2949,0.7337606695175886,16.711139145235244,16.711139145235244,0.013124322891235352,1.0
2950,0.6976270368241042,17.666067238574254,17.666067238574254,0.013068974018096924,1.0
2951,0.6307614508529993,14.274950114044625,14.354369065456416,0.013169920444488526,0.95
2952,0.7250829485307881,15.640780669032898,15.640780669032898,0.013341641426086426,1.0
2953,0.7423830058346206,13.902504343948895,13.902504343948895,0.013063359260559081,1.0
2954,0.7197216698116553,18.280157186489767,18.280157186489767,0.013097751140594482,1.0
2955,0.6691414402532598,17.862351087892378,17.192477033624904,0.012920260429382324,0.95
2956,0.6399140724601219,18.00618111756433,17.975376962273714,0.013307929039001465,0.95
2957,0.6448988338750405,17.091466983293174,16.95388629325093,0.013197851181030274,0.95
2958,0.5849316502771166,18.456341396300832,18.797875548510373,0.013378572463989259,0.9
2959,0.7170886058923236,17.1557949788127,17.1557949788127,0.013181006908416748,1.0
2960,0.7036640332395346,14.25646830144262,14.25646830144262,0.013192784786224366,1.0
2961,0.751665340557137,13.672344701398497,13.672344701398497,0.013087201118469238,1.0
2962,0.6507504364131453,16.311670731343145,16.562640929807753,0.013099539279937743,0.95
2963,0.6293696871752642,14.851201307718853,14.974342747489302,0.013335227966308594,0.95
2964,0.6376217655755527,15.527037852220332,15.72738801954167,0.013264954090118408,0.95
2965,0.6406620146426458,14.498586645748905,14.672655636525397,0.012997138500213622,0.95
2966,0.6679947648066602,15.906734152955682,15.906734152955682,0.01310884952545166,1.0
2967,0.47759470560079825,15.315805876277537,15.327990855540861,0.012985503673553467,0.85
2968,0.7190218999900139,17.65206760972529,17.65206760972529,0.012975120544433593,1.0
2969,0.6909886046091288,16.045838433079744,16.045838433079744,0.012933492660522461,1.0
2970,0.6444164017851507,16.0043310222976,15.261851951930316,0.013178133964538574,0.95
2971,0.6568500081204295,14.935276951229877,15.012356545314148,0.012933456897735595,0.95
2972,0.5569096848530137,15.54461282623142,15.964875362916457,0.013105618953704833,0.9
2973,0.6276678473672619,15.840210762247832,16.033683399458265,0.013069558143615722,0.95
2974,0.6560271198408101,15.319482736812006,15.546377538480428,0.01297062635421753,0.95
2975,0.7402054938424193,16.55279738958138,16.55279738958138,0.013130474090576171,1.0
2976,0.73590031827253,18.92565796295033,18.92565796295033,0.013152396678924561,1.0
2977,0.7130010369789496,16.070540546655188,16.070540546655188,0.013271045684814454,1.0
2978,0.7229337547928988,16.177557043344535,16.177557043344535,0.013133788108825683,1.0
2979,0.7149672717354221,16.563953357417354,16.563953357417354,0.0131134033203125,1.0
2980,0.655647940745494,12.132158229689617,11.953980791764712,0.013080966472625733,0.95
2981,0.7332070252197661,15.413800645942922,15.413800645942922,0.01319119930267334,1.0
2982,0.7332887498307917,16.015652429058715,16.015652429058715,0.01317065954208374,1.0
2983,0.6431934733628035,16.777865708559368,16.998295444050814,0.013274800777435303,0.95
2984,0.6511668803220405,15.2264078834533,15.383485695073222,0.013072323799133301,0.95
2985,0.4946544334169366,16.6308492561645,17.226686854011717,0.013084936141967773,0.85
2986,0.6664828814428254,15.935593493873473,15.930701421420295,0.013255095481872559,0.95
2987,0.7370446427090169,15.382919142962336,15.382919142962336,0.01311185359954834,1.0
2988,0.731939296730662,15.903456398801293,15.903456398801293,0.013109099864959717,1.0
2989,0.7139523645759316,17.01248093383298,17.01248093383298,0.013215315341949464,1.0
2990,0.7255007723229789,14.371150957126508,14.371150957126508,0.013134467601776122,1.0
2991,0.6737551113448212,17.262091498679574,17.34170250916207,0.013391029834747315,0.95
2992,0.6483868793751504,17.51300625738291,16.84309478741881,0.013150215148925781,0.95
2993,0.5744482649063118,18.374854451252606,16.93730676823925,0.013181114196777343,0.9
2994,0.5619905089564164,15.388947283417064,14.688983526792867,0.013425207138061524,0.9
2995,0.7405802963032622,14.712997464508437,14.712997464508437,0.013395905494689941,1.0
2996,0.697853353441069,17.42578657553016,17.42578657553016,0.01349250078201294,1.0
2997,0.6993616685407756,16.566467079021503,16.566467079021503,0.013339841365814209,1.0
2998,0.5901941017219514,19.2261998673407,19.35206805814156,0.0132232666015625,0.95
2999,0.5503928446532841,16.621404650131772,15.227499389156208,0.013237953186035156,0.9
3000,0.7165299308256403,16.5527733130884,16.5527733130884,0.013358104228973388,1.0
3001,0.7148776824740122,18.063806906794987,18.063806906794987,0.013345658779144287,1.0
3002,0.7288405056040289,17.42739654774744,17.42739654774744,0.012974810600280762,1.0
3003,0.7046900893552108,16.292459468162576,16.292459468162576,0.013308560848236084,1.0
3004,0.625651154608528,14.345090494652577,14.11641545514432,0.013077366352081298,0.95
3005,0.5494028497533165,17.223720166954337,16.411272955767885,0.013128256797790528,0.9
3006,0.6520932443456513,13.907634179005422,13.70863068022994,0.013142573833465575,0.95
3007,0.6461816129746893,15.63445842190445,15.646781544636422,0.013018453121185302,0.95
3008,0.6321543496789358,14.889315683335429,14.69478413439292,0.013224482536315918,0.95
3009,0.6425676509537711,15.813245533159627,15.948857046501749,0.01330019235610962,0.95
3010,0.6378680001414823,17.4410937807647,17.831633322596275,0.013149547576904296,0.95
3011,0.733144690304423,16.47866777528813,16.47866777528813,0.013088691234588622,1.0
3012,0.68175337630077,16.96056583793138,16.96056583793138,0.01302410364151001,1.0
3013,0.7355739458532684,15.415282388130574,15.415282388130574,0.01309279203414917,1.0
3014,0.7223185538394006,13.95683415231305,13.95683415231305,0.01340867280960083,1.0
3015,0.7119489430338681,17.213825650360874,17.213825650360874,0.013166987895965576,1.0
3016,0.591201007053889,17.2422414482411,17.395492901883575,0.013213860988616943,0.9
3017,0.5760713339819633,15.650905890357985,15.846407281497385,0.01308358907699585,0.9
3018,0.6195440616752828,15.031394794453002,15.125047748866375,0.013119947910308839,0.95
3019,0.7457241558642123,15.472051015382394,15.472051015382394,0.013118100166320801,1.0
3020,0.6519666731801442,13.681847872972316,13.84518342837118,0.013147580623626708,0.95
3021,0.7057898783191068,14.94672180467557,14.94672180467557,0.0131400465965271,1.0
3022,0.7316316144893555,14.575987828048943,14.575987828048943,0.013094067573547363,1.0
3023,0.7168488840944194,15.69393518388685,15.69393518388685,0.013152503967285156,1.0
3024,0.652488671102598,15.038314643862858,15.209962979281219,0.013088548183441162,0.95
3025,0.7273119034663437,15.127264024908929,15.127264024908929,0.012866330146789551,1.0
3026,0.5717990439590921,13.91675502623644,13.838321728537217,0.013146805763244628,0.9
3027,0.7229925960083368,15.778708960233601,15.778708960233601,0.013031256198883057,1.0
3028,0.734894349740365,16.159822865899333,16.159822865899333,0.012988793849945068,1.0
3029,0.7227724398212432,17.643324951650534,17.643324951650534,0.013116836547851562,1.0
3030,0.4937706062539783,16.55009001310621,17.540427596438263,0.012891006469726563,0.85
3031,0.741130336133754,16.573876413957226,16.573876413957226,0.01315854787826538,1.0
3032,0.7186239942648331,15.665347657749425,15.665347657749425,0.013105499744415283,1.0
3033,0.6441770937278786,14.405239590035487,14.631275736085746,0.013038527965545655,0.95
3034,0.6016086296620278,18.033539271907454,18.700251633569504,0.01308687925338745,0.9
3035,0.618389804152061,18.54188789563353,18.87847679555664,0.013160574436187743,0.95
3036,0.5839705181478512,14.587957128306325,14.895076535189567,0.01321333646774292,0.9
3037,0.6559066953636544,18.388875177480774,17.706113333836367,0.012893438339233398,0.95
3038,0.7378448859541017,16.032029858241632,16.032029858241632,0.012895381450653077,1.0
3039,0.6022264549369417,16.184300516053717,15.466243540837151,0.01284322738647461,0.9
3040,0.7604743593331966,14.57999245944887,14.57999245944887,0.013112413883209228,1.0
3041,0.7282957314352522,14.871230182781948,14.871230182781948,0.013218045234680176,1.0
3042,0.7536309060427474,16.414044220182,16.414044220182,0.013263249397277832,1.0
3043,0.7349337582983801,17.442709420527397,17.442709420527397,0.012978386878967286,1.0
3044,0.7350406213204279,14.171910841695976,14.171910841695976,0.013079690933227538,1.0
3045,0.7388399702884584,14.468464931766079,14.468464931766079,0.01303175687789917,1.0
3046,0.7187792944341844,13.87853490942734,13.87853490942734,0.01301499605178833,1.0
3047,0.712704411611637,16.03625314720511,16.03625314720511,0.013029909133911133,1.0
3048,0.7293692595603879,16.61317060409272,16.61317060409272,0.013190519809722901,1.0
3049,0.6783013094056793,16.333051868156264,16.63553948399453,0.013193619251251221,0.95
3050,0.6451329701020241,16.42215911869728,16.332644554528652,0.013057398796081542,0.95
3051,0.6678617761208846,14.841039571325506,15.05590539345353,0.013157510757446289,0.95
3052,0.5083706318214416,15.246340460401376,15.508607525730568,0.013135290145874024,0.85
3053,0.7019968847832546,16.289554102661935,16.289554102661935,0.013228666782379151,1.0
3054,0.5760640309267402,15.224343859276857,15.710930408788151,0.012997329235076904,0.9
3055,0.7241488801837354,16.949774146349736,16.949774146349736,0.013001525402069091,1.0
3056,0.7313963159364766,13.955602507544418,13.955602507544418,0.01291736364364624,1.0
3057,0.7249790402474193,15.813017155142816,15.813017155142816,0.012964594364166259,1.0
3058,0.5624660352971906,14.669077019347924,14.554519812237373,0.013103985786437988,0.9
3059,0.737060152764608,14.913181116991732,14.913181116991732,0.013316309452056885,1.0
3060,0.7096149122223203,16.866751364586964,16.866751364586964,0.013303923606872558,1.0
3061,0.7411379686033353,17.596385290682697,17.596385290682697,0.013169050216674805,1.0
3062,0.6623231880668212,15.074957928919744,14.824652073222362,0.013042056560516357,0.95
3063,0.5744591706126094,19.026067583810345,18.750039006383776,0.013259506225585938,0.9
3064,0.7008592918529569,17.673021733816448,17.673021733816448,0.013267898559570312,1.0
3065,0.6283503483032777,16.72671588139457,16.749209817575235,0.013333356380462647,0.95
3066,0.6137897139274809,13.809847924784268,13.680436202288105,0.013123154640197754,0.95
3067,0.6256743724773437,15.3974996413051,14.605283695643843,0.013185489177703857,0.95
3068,0.7300206986752189,13.75657522432285,13.75657522432285,0.012964355945587158,1.0
3069,0.7213129639688408,13.572762830618663,13.572762830618663,0.013338887691497802,1.0
3070,0.7262040614406616,15.36778898747755,15.36778898747755,0.01327364444732666,1.0
3071,0.7134599615701381,16.290936369006438,16.290936369006438,0.013176190853118896,1.0
3072,0.70417371281509,14.252727781467787,14.252727781467787,0.013205933570861816,1.0
3073,0.7449319856538816,16.547799566756883,16.547799566756883,0.01306929588317871,1.0
3074,0.7684199281928128,14.709058867650224,14.709058867650224,0.013213539123535156,1.0
3075,0.7114815989806532,16.719678385113674,16.719678385113674,0.013070142269134522,1.0
3076,0.6708247093057577,14.052854249543604,14.024977060347824,0.013233506679534912,0.95
3077,0.718443422666478,13.162180214185662,13.162180214185662,0.01316474676132202,1.0
3078,0.6682214389030409,15.220857842428964,15.495546957558606,0.013140428066253661,0.95
3079,0.7373158312354481,13.537749792323629,13.537749792323629,0.013425350189208984,1.0
3080,0.7409156412004533,14.221965869679952,14.221965869679952,0.013341557979583741,1.0
3081,0.583382765385781,13.802122194385138,13.867183233610312,0.013446617126464843,0.9
3082,0.5489841086135805,15.48082654318793,14.324538759080943,0.013214540481567384,0.9
3083,0.6495756681950628,16.86685188846154,16.945489019104038,0.013348591327667237,0.95
3084,0.736442581756216,15.726591363229712,15.726591363229712,0.013245773315429688,1.0
3085,0.6110322994103575,16.41395149018674,16.65527579829003,0.013110291957855225,0.95
3086,0.7216104740437763,17.448441834474366,17.448441834474366,0.013341128826141357,1.0
3087,0.7385830941738252,17.584931240325442,17.584931240325442,0.013183629512786866,1.0
3088,0.657206493797691,16.849951081535522,16.9074431812096,0.013257205486297607,0.95
3089,0.7272202698509229,15.733887512862555,15.733887512862555,0.013537466526031494,1.0
3090,0.7220829877143717,15.969859246470042,15.969859246470042,0.01324310302734375,1.0
3091,0.7507953395641422,14.0075616607326,14.0075616607326,0.013157343864440918,1.0
3092,0.6503887142581334,15.26161684991602,15.37329692907022,0.013133180141448975,0.95
3093,0.5995720704062147,16.84009522557461,16.41182949849305,0.012956714630126953,0.9
3094,0.6647960119903628,17.26122521533194,17.513925328487133,0.013070237636566163,0.95
3095,0.7299747523546473,14.676300671923324,14.676300671923324,0.01293879747390747,1.0
3096,0.7299442118472745,15.897142356759897,15.897142356759897,0.01317737102508545,1.0
3097,0.4988578857105252,17.234471845899883,15.281771498616633,0.01290220022201538,0.85
3098,0.6553188286120707,18.628041210225366,17.496474117195625,0.013058972358703614,0.95
3099,0.6437144526356915,17.08205265914146,16.249392969096125,0.013320183753967286,0.95
3100,0.5627951064246073,16.620984231486595,16.135662444134198,0.01324152946472168,0.9
3101,0.7135607082844372,15.904889283277047,15.904889283277047,0.013365733623504638,1.0
3102,0.7460910501811815,15.304577441730004,15.304577441730004,0.013296556472778321,1.0
3103,0.7370514462973273,18.702195678453588,18.702195678453588,0.013314402103424073,1.0
3104,0.6611612221852661,18.15817930379648,18.06585100474625,0.01308584213256836,0.95
3105,0.6509372194863019,15.877854746534705,16.14162231225007,0.013003301620483399,0.95
3106,0.7378574085523254,15.410447618269782,15.410447618269782,0.013253998756408692,1.0
3107,0.6776511834109848,17.78659605343325,17.114493984314482,0.013005197048187256,0.95
3108,0.7370651604021246,17.81539490232015,17.81539490232015,0.012854063510894775,1.0
3109,0.7538035241187283,14.606145192646158,14.606145192646158,0.012888991832733154,1.0
3110,0.7054508655725323,17.09519822102916,17.09519822102916,0.013021111488342285,1.0
3111,0.6473569593312309,16.210288988450316,16.49808074407733,0.012940096855163574,0.95
3112,0.7281521996142851,17.00700963039616,17.00700963039616,0.013149547576904296,1.0
3113,0.6622921423914707,17.961613830604946,18.372782959563754,0.013218307495117187,0.95
3114,0.7355945721319956,17.81702307975718,17.81702307975718,0.013155388832092284,1.0
3115,0.7253339468869722,17.99637829614721,17.99637829614721,0.013067126274108887,1.0
3116,0.6605288333807057,15.782747844847943,14.957426852824465,0.013273823261260986,0.95
3117,0.7436523446980866,17.200002427323007,17.200002427323007,0.013100457191467286,1.0
3118,0.6051498451149155,15.552320621798788,15.679654557885199,0.013284790515899658,0.9
3119,0.7151440905150511,13.932955513513587,13.932955513513587,0.013111639022827148,1.0
3120,0.7619879753567617,15.990397151005798,15.990397151005798,0.013131928443908692,1.0
3121,0.7521800877240172,13.157048552749652,13.157048552749652,0.013310897350311279,1.0
3122,0.66776005463691,11.874490181122162,11.849743418708359,0.013301551342010498,0.95
3123,0.6616454421188036,16.48040283947949,16.598282227768824,0.013153755664825439,0.95
3124,0.6872471185025213,18.304581437177323,18.304581437177323,0.013151061534881592,1.0
3125,0.7565184930846802,16.2787986093787,16.2787986093787,0.013429737091064453,1.0
3126,0.7415144555720862,16.174803491378395,16.174803491378395,0.01308377981185913,1.0
3127,0.5028108825921513,16.262971758295294,16.660004155309487,0.013284921646118164,0.85
3128,0.7164316840328161,13.289290571332518,13.289290571332518,0.013122916221618652,1.0
3129,0.7052618466672869,15.326782077438043,15.326782077438043,0.01316518783569336,1.0
3130,0.6428501185305755,17.814370601416964,17.93274533729878,0.013046395778656007,0.95
3131,0.7288207889224986,15.6773915493375,15.6773915493375,0.013194167613983154,1.0
3132,0.666371932328593,14.607763990530572,14.474243878204614,0.0131644606590271,0.95
3133,0.6277369095344851,14.609422348445625,14.944602002029749,0.013461863994598389,0.9
3134,0.45074630577862757,14.95958683007359,15.327186761362356,0.013097786903381347,0.8
3135,0.5290875030290423,15.652719452708393,15.840594160148653,0.013490104675292968,0.9
3136,0.7519420186351871,15.563357705700673,15.563357705700673,0.013445639610290527,1.0
3137,0.7426149341873003,13.230855941786942,13.230855941786942,0.013151443004608155,1.0
3138,0.7253022922737214,13.948830665336544,13.948830665336544,0.013115715980529786,1.0
3139,0.6575926663366058,13.337253359924741,13.45412429875931,0.013358676433563232,0.95
3140,0.6979101568101822,13.26393498018317,13.322524806837857,0.01311103105545044,0.95
3141,0.768268831741907,14.199857426061039,14.199857426061039,0.013246285915374755,1.0
3142,0.7065232212960774,16.947037689653218,16.947037689653218,0.01308380365371704,1.0
3143,0.6526204698607909,13.749471494388246,13.64173954522844,0.013325250148773194,0.95
3144,0.6606753485978173,17.376120775947218,17.440943614022487,0.013056981563568115,0.95
3145,0.7273683456673355,17.317688211926413,17.317688211926413,0.013090038299560547,1.0
3146,0.657792887619693,18.194995531734612,17.491661751900416,0.013365888595581054,0.95
3147,0.5597607828247244,19.593513109480977,18.17106632767267,0.013080024719238281,0.9
3148,0.6502072155545546,18.466425509529067,17.675503458550633,0.013366377353668213,0.95
3149,0.6587651565224836,16.15757472070458,16.3674034331906,0.013273227214813232,0.95
3150,0.6163794577764847,15.113803276771952,14.92144175487026,0.013154745101928711,0.95
3151,0.7866263460465537,16.90469618245485,16.90469618245485,0.013370490074157715,1.0
3152,0.7005840409037617,17.515877288207996,17.600730848239063,0.013131034374237061,0.95
3153,0.742166791321764,15.73250855585908,15.73250855585908,0.013237285614013671,1.0
3154,0.7434550270777807,17.008257424301412,17.008257424301412,0.013195371627807618,1.0
3155,0.6555978004899485,15.598152694394887,15.608750656657767,0.012865400314331055,0.95
3156,0.6662224087252892,14.71726002495888,14.488560787642697,0.013151311874389648,0.95
3157,0.7093635701161123,16.00136705836297,16.00136705836297,0.013164949417114259,1.0
3158,0.7213560700902442,14.355489325280342,14.355489325280342,0.013092494010925293,1.0
3159,0.6868956846364389,15.206714817168798,15.373414387727092,0.013124179840087891,0.95
3160,0.7483897582041076,14.512667819562854,14.512667819562854,0.013246488571166993,1.0
3161,0.6704703893118303,13.644478877666824,13.448947605218292,0.013087308406829834,0.95
3162,0.6673051017383849,15.316429562711928,15.540197650657944,0.013032746315002442,0.95
3163,0.6115308537908545,19.520979455893414,18.174925115513446,0.013242876529693604,0.9
3164,0.7544620133782202,19.490113391086112,19.490113391086112,0.013371241092681885,1.0
3165,0.7227511608154804,17.060528799523002,17.060528799523002,0.013190054893493652,1.0
3166,0.7374795865157387,15.643464486911082,15.643464486911082,0.013135170936584473,1.0
3167,0.6686821993194499,16.837435776165524,17.02392422643905,0.013200676441192627,0.95
3168,0.6549868324953728,17.448417630465975,16.29153330536056,0.0131616473197937,0.95
3169,0.6314483905671631,19.565785352590634,19.60687531396792,0.013057529926300049,0.95
3170,0.6613947083561563,15.493238881926862,15.6172383144966,0.013323044776916504,0.95
3171,0.7594354992804047,17.86987331871016,17.86987331871016,0.013037478923797608,1.0
3172,0.6450943765261357,13.606038537213152,13.77187090882344,0.013262903690338135,0.95
3173,0.7478095523398469,14.962732320682372,14.962732320682372,0.013046693801879884,1.0
3174,0.720477811225686,13.942274886184412,13.942274886184412,0.013039982318878174,1.0
3175,0.6723060046438242,17.126809011008447,17.434249574819965,0.013017642498016357,0.95
3176,0.7245518332474745,13.594143234645225,13.594143234645225,0.013345181941986084,1.0
3177,0.7511074032028043,15.110138584442955,15.110138584442955,0.013079595565795899,1.0
3178,0.59963705140171,16.308949539432255,16.770591064479092,0.01296905279159546,0.9
3179,0.7524273203831402,16.042304565490625,16.042304565490625,0.013011860847473144,1.0
3180,0.7625194912541904,16.28113573580226,16.28113573580226,0.013081765174865723,1.0
3181,0.7122271559207352,16.019068848515538,16.019068848515538,0.013167774677276612,1.0
3182,0.6677092603689199,16.582996990733847,16.83405698243802,0.013148236274719238,0.95
3183,0.6734288054739268,16.280792085719156,16.313121769212145,0.01307450532913208,0.95
3184,0.6757720478082079,16.31968737887948,16.49226510127805,0.012914788722991944,0.95
3185,0.7260299336252489,15.292902658265405,15.292902658265405,0.012985908985137939,1.0
3186,0.6535276464441686,19.612082060324504,18.945764666373492,0.013223743438720703,0.95
3187,0.7162101623902967,18.858460835202855,18.858460835202855,0.012908196449279786,1.0
3188,0.5847072864412585,16.106629190476855,16.622821158897644,0.013082635402679444,0.9
3189,0.722854905591722,17.02907161289395,17.02907161289395,0.012895309925079345,1.0
3190,0.7641153775515335,16.76910733231872,16.76910733231872,0.013149166107177734,1.0
3191,0.7292261236710653,16.325530645038462,16.325530645038462,0.012974095344543458,1.0
3192,0.7237776575660877,18.216304924727584,18.216304924727584,0.01318124532699585,1.0
3193,0.7366277939782491,17.7892360550701,17.7892360550701,0.013392150402069092,1.0
3194,0.7295870103925552,15.666852667981306,15.666852667981306,0.013171899318695068,1.0
3195,0.7644784527012531,15.158245562304781,15.158245562304781,0.013398861885070801,1.0
3196,0.6535128183564468,13.782127972638767,12.909927093778263,0.013018226623535157,0.95
3197,0.7504023291501637,13.920501827851243,13.920501827851243,0.013264107704162597,1.0
3198,0.5056182589242474,16.011647665979716,16.470422293114975,0.01316605806350708,0.85
3199,0.6343922732965404,14.03429069055613,13.955502646721207,0.013369262218475342,0.95
3200,0.7328382597737406,17.81264156365705,17.81264156365705,0.013419806957244873,1.0
3201,0.7084275316015665,15.265371929706987,15.265371929706987,0.013264846801757813,1.0
3202,0.7268280590086836,15.646607885212086,15.646607885212086,0.013283109664916993,1.0
3203,0.7470740281162844,16.064102271851006,16.064102271851006,0.013466322422027588,1.0
3204,0.6538897836932763,15.441604410297478,15.533012549761102,0.013634490966796874,0.95
3205,0.6785923329112767,15.25006918030303,15.400494758555082,0.01351100206375122,0.95
3206,0.7217019814190453,16.07575493905405,16.07575493905405,0.01389143466949463,1.0
3207,0.7442032199665498,15.685435208424801,15.685435208424801,0.013768887519836426,1.0
3208,0.7456062593868686,15.764615995796072,15.764615995796072,0.013276541233062744,1.0
3209,0.7770775401767189,14.965616192143326,14.965616192143326,0.013308906555175781,1.0
3210,0.6566412274625741,15.802147041259639,15.97498186520259,0.013190662860870362,0.95
3211,0.7318119190630803,15.06920418232114,15.06920418232114,0.013047373294830323,1.0
3212,0.5821155988170912,14.09686862456808,14.461488522426594,0.013294398784637451,0.9
3213,0.5885854164604593,14.538025483302965,14.982652431306342,0.013140666484832763,0.9
3214,0.5827578004018756,15.78170221498878,16.2662644437154,0.01309671401977539,0.9
3215,0.5705863401508601,19.26782750346594,18.603738316168172,0.013055694103240967,0.9
3216,0.71189608448173,15.140729599490177,15.140729599490177,0.013062012195587159,1.0
3217,0.7410483125562413,13.744202269582846,13.744202269582846,0.013417041301727295,1.0
3218,0.63911241485615,14.52542362851221,13.583912819437638,0.013151276111602783,0.95
3219,0.7598126678178707,17.04091837725086,17.04091837725086,0.01342846155166626,1.0
3220,0.7110337694216465,14.706095889037865,14.706095889037865,0.013022208213806152,1.0
3221,0.7306613181917252,15.63789836306817,15.63789836306817,0.013119220733642578,1.0
3222,0.7655083646839598,15.442956990744467,15.442956990744467,0.013328802585601807,1.0
3223,0.6735499487263613,15.731031895279267,15.92096418609485,0.013124585151672363,0.95
3224,0.7371899052414527,12.807970906456097,12.807970906456097,0.013176226615905761,1.0
3225,0.7576576276007396,15.031029479328165,15.031029479328165,0.013060331344604492,1.0
3226,0.6645304767146356,14.38274411792737,14.443381541583724,0.012947165966033935,0.95
3227,0.7532631549498803,15.43435462809964,15.43435462809964,0.013131999969482422,1.0
3228,0.6684360635483396,15.31641076800878,15.551035722953001,0.013170790672302247,0.95
3229,0.7569450071184061,16.710706166944167,16.710706166944167,0.01324213743209839,1.0
3230,0.7284548394169544,16.201494954193436,16.201494954193436,0.012985324859619141,1.0
3231,0.6799421183562433,16.971998738869463,17.196267145575995,0.01304720640182495,0.95
3232,0.64949984669008,14.718388767496473,14.575841459004574,0.013135862350463868,0.95
3233,0.6027518261686169,16.157282793460446,15.546661945795186,0.013372457027435303,0.9
3234,0.750743034415793,13.853963131742143,13.853963131742143,0.01325446367263794,1.0
3235,0.7503108260180907,15.049741750191393,15.049741750191393,0.01331549882888794,1.0
3236,0.6823948330769707,13.140084810376583,13.028952108059537,0.013195669651031494,0.95
3237,0.6830135730602979,17.953135603037545,18.179540275957407,0.013338911533355712,0.95
3238,0.5726138299943356,20.73042812936027,19.474218974838447,0.013330507278442382,0.9
3239,0.7318181617306845,16.251337140072177,16.251337140072177,0.013431751728057861,1.0
3240,0.741004781313641,16.652637715612244,16.652637715612244,0.013214492797851562,1.0
3241,0.750786019156634,13.260093801436549,13.260093801436549,0.013318920135498047,1.0
3242,0.749461703738017,16.574272084429396,16.574272084429396,0.013736116886138915,1.0
3243,0.7314594802192316,16.395408329355934,16.395408329355934,0.013320398330688477,1.0
3244,0.6638032865254523,15.529473850378901,15.709919609475497,0.013349628448486328,0.95
3245,0.6781809535801872,15.384899346692587,15.373413748665532,0.013352012634277344,0.95
3246,0.6584144095454149,15.156856123695391,15.248433221506394,0.013121247291564941,0.95
3247,0.5899934702199359,13.676525324676442,13.826605435710032,0.013293719291687012,0.9
3248,0.7257878601729176,16.76782816289701,16.76782816289701,0.013045239448547363,1.0
3249,0.764461765467706,15.180727441233813,15.180727441233813,0.013207721710205077,1.0
3250,0.5929150868672897,18.050986348516467,18.734181232225446,0.013358783721923829,0.9
3251,0.7271093316666578,15.175367661189725,15.175367661189725,0.013328444957733155,1.0
3252,0.6415373068172057,16.043520617898697,15.20428598996574,0.01322624683380127,0.95
3253,0.5823959720668386,17.7228577206257,18.14760851909711,0.013222897052764892,0.9
3254,0.6385955586890547,19.79618204213779,20.22478267765913,0.013049888610839843,0.95
3255,0.6646504247254357,15.931212140398191,16.120985943421807,0.013329422473907471,0.95
3256,0.7471229553312262,14.27157674881787,14.27157674881787,0.013139212131500244,1.0
3257,0.753394325775544,17.345484813921804,17.345484813921804,0.013126647472381592,1.0
3258,0.68088816172935,15.086753068511436,14.95285482794403,0.012956583499908447,0.95
3259,0.7718927582424492,17.227252674469565,17.227252674469565,0.013317716121673585,1.0
3260,0.6856612251941261,17.896987796732276,17.246113567946377,0.013325083255767822,0.95
3261,0.6790052666172679,14.79164736061951,14.926185099238383,0.013389432430267334,0.95
3262,0.7663386581711016,16.78941251605674,16.78941251605674,0.013616371154785156,1.0
3263,0.7561485372207597,14.579450552725751,14.579450552725751,0.013237452507019043,1.0
3264,0.7237808041800411,15.91494405142095,15.91494405142095,0.013039743900299073,1.0
3265,0.6425028767104826,14.108347926999624,14.188114474648474,0.013027036190032959,0.95
3266,0.6833730155897509,14.68014643918471,14.81977155308489,0.013403022289276123,0.95
3267,0.6255344740172963,14.729074031476069,14.9603161080503,0.013288700580596923,0.9
3268,0.6065049357883263,16.953534864455456,17.71606846413596,0.013049507141113281,0.9
3269,0.6111253447138065,15.035427514904669,15.168143225706094,0.01316075325012207,0.9
3270,0.6909439954074829,15.473405229311387,14.643287820284158,0.01322634220123291,0.95
3271,0.594176703466359,14.40197834029062,14.828141479001848,0.013111793994903564,0.9
3272,0.746930843141245,16.50783044671225,16.50783044671225,0.013081240653991699,1.0
3273,0.7359396724103424,18.611240791451145,18.611240791451145,0.013254070281982422,1.0
3274,0.7188938347341653,16.617999022409098,16.617999022409098,0.013029146194458007,1.0
3275,0.7418701446551921,16.524128677748983,16.524128677748983,0.01321793794631958,1.0
3276,0.7257870614622833,14.25541787678153,14.25541787678153,0.01330869197845459,1.0
3277,0.7340270083977625,15.211957354211961,15.211957354211961,0.012976086139678955,1.0
3278,0.7170648082824272,14.449911913851768,14.449911913851768,0.013151681423187256,1.0
3279,0.5159872802691373,16.46569876425149,17.0507718984099,0.013417339324951172,0.85
3280,0.7416515221942757,15.566440879195085,15.566440879195085,0.013199949264526367,1.0
3281,0.7145670139996423,16.42666808247403,16.42666808247403,0.013158917427062988,1.0
3282,0.7625221388302669,18.20179089890963,18.20179089890963,0.013218891620635987,1.0
3283,0.6802414126201469,15.471026471988548,15.687502247118577,0.01308596134185791,0.95
3284,0.6556562725734132,17.978804694653082,16.81739692931187,0.013139629364013672,0.95
3285,0.592442236003058,18.426654684697937,17.40739839709988,0.012783575057983398,0.9
3286,0.7316003648618624,17.064544698394798,17.064544698394798,0.013035070896148682,1.0
3287,0.7153783334360516,16.485610738044517,16.485610738044517,0.013231515884399414,1.0
3288,0.6894068627146372,17.96095792802739,17.115062357053684,0.013049578666687012,0.95
3289,0.7158780269381262,19.437541662039443,19.437541662039443,0.012912571430206299,1.0
3290,0.7324735330120409,16.64610252312935,16.64610252312935,0.012979793548583984,1.0
3291,0.7348552461436455,17.142596335556576,17.142596335556576,0.012951898574829101,1.0
3292,0.7398387723604305,16.28135678628188,16.28135678628188,0.013195347785949708,1.0
3293,0.6862212093552867,13.842152931509549,14.019367584601426,0.013190817832946778,0.95
3294,0.7541034153551461,15.275536213870378,15.275536213870378,0.013168907165527344,1.0
3295,0.6078000536281005,16.228758370470427,16.406051086432594,0.013109302520751953,0.9
3296,0.7717692277970147,17.045679394541047,17.045679394541047,0.01315135955810547,1.0
3297,0.7275680441711421,17.76213349915756,17.76213349915756,0.013302135467529296,1.0
3298,0.7490765734757565,16.55937304601295,16.55937304601295,0.013440430164337158,1.0
3299,0.7320209710247498,16.70489782290086,16.70489782290086,0.01317373514175415,1.0
3300,0.514169110015251,15.369047034162245,14.665977425107595,0.012844693660736085,0.85
3301,0.6460479949096263,18.15411281311009,17.40061612591757,0.013022124767303467,0.95
3302,0.7383657790187306,15.330591606525294,15.330591606525294,0.013317596912384034,1.0
3303,0.6425128001504683,15.824630875468046,15.846942673980939,0.012930667400360108,0.95
3304,0.6561297372639683,15.594495339755213,15.623529617269378,0.013153374195098877,0.95
3305,0.7275897859396766,18.80338252829643,18.80338252829643,0.013150334358215332,1.0
3306,0.772277249276969,18.45303109265588,18.45303109265588,0.013015079498291015,1.0
3307,0.7131733278537276,15.209131734217674,15.209131734217674,0.013216674327850342,1.0
3308,0.6697196339136318,14.712666498127996,14.83765165130186,0.013306856155395508,0.95
3309,0.7642277506445916,13.849728466130813,13.849728466130813,0.01344691514968872,1.0
3310,0.7259417053689156,13.842753055774427,13.842753055774427,0.013323354721069335,1.0
3311,0.6913508075351242,14.914272175535851,15.16132288647402,0.013423526287078857,0.95
3312,0.58909211455614,12.462749794726903,12.670334125030982,0.013196492195129394,0.9
3313,0.6656099190710102,15.784858831822817,15.987260263747409,0.013546609878540039,0.95
3314,0.717914554471694,16.311173354643167,16.311173354643167,0.013431072235107422,1.0
3315,0.639039850110313,13.337441414359692,12.292987209143135,0.013525390625,0.95
3316,0.7016487064443626,15.047966203556735,15.047966203556735,0.013332843780517578,1.0
3317,0.7157591363296897,16.112989574067953,16.112989574067953,0.013260340690612793,1.0
3318,0.6460469589812806,15.608291120884639,15.875020764672119,0.01308690309524536,0.95
3319,0.7020658972779422,16.079963736255955,16.079963736255955,0.01343289613723755,1.0
3320,0.7217450508830154,13.783342555072176,13.783342555072176,0.01335967779159546,1.0
3321,0.6808237264707302,16.824143019279052,16.805528783699856,0.013127362728118897,0.95
3322,0.594646839508719,18.0175726490775,17.701313372082517,0.013227319717407227,0.9
3323,0.6483217704782034,16.274705990947208,16.21016829467015,0.013298583030700684,0.95
3324,0.7249468723729011,15.203827066436403,15.203827066436403,0.01317845582962036,1.0
3325,0.7424214227153516,17.029759625649447,17.029759625649447,0.013303673267364502,1.0
3326,0.7680884371986032,15.344463760830724,15.344463760830724,0.013272106647491455,1.0
3327,0.7319626322617456,15.753995210446174,15.753995210446174,0.013274967670440674,1.0
3328,0.6523561277907206,17.369269788282587,17.591208667137487,0.013394773006439209,0.95
3329,0.681500020498287,15.656026643558183,15.805872290387287,0.013451111316680909,0.95
3330,0.7156878753746269,17.92953198022348,17.92953198022348,0.012964344024658203,1.0
3331,0.7414130745098938,16.665333733826436,16.665333733826436,0.01325455904006958,1.0
3332,0.7322984465425032,17.873598447958635,17.873598447958635,0.013158512115478516,1.0
3333,0.6599097087747668,16.5179619685906,16.660017433635414,0.01315370798110962,0.95
3334,0.6196215228680961,16.432030581170004,15.779196060522837,0.013349819183349609,0.9
3335,0.7694670572778443,18.64275316395907,18.64275316395907,0.013192200660705566,1.0
3336,0.73533801931765,16.064090057311297,16.064090057311297,0.013231539726257324,1.0
3337,0.6596646983091551,14.76980904662507,14.997027944244376,0.013003158569335937,0.95
3338,0.5954975167274958,14.455572786996054,14.762651838800103,0.013370132446289063,0.9
3339,0.41366137708094686,15.907676789943546,16.513204711929966,0.013231122493743896,0.8
3340,0.6850786105667028,18.517269362862805,18.553479529983374,0.012932038307189942,0.95
3341,0.7621388791177359,14.703131223938323,14.703131223938323,0.013051640987396241,1.0
3342,0.6401694982281884,15.048609157553539,15.011444139688006,0.013285207748413085,0.95
3343,0.7483946561772765,15.188195186859721,15.188195186859721,0.01330270767211914,1.0
3344,0.6753403357264418,18.027522082472895,18.298122880342845,0.01313720941543579,0.95
3345,0.6577154267362542,18.598445064552713,18.994329093249824,0.012979841232299805,0.95
3346,0.6441690497810826,19.015852648475583,19.39974039290954,0.01291811466217041,0.95
3347,0.5811569171183477,18.0148924677176,18.296551195898836,0.013131833076477051,0.9
3348,0.7213984333576846,17.4206532313479,17.4206532313479,0.013222134113311768,1.0
3349,0.7069228698974654,17.870713106718966,17.870713106718966,0.013032495975494385,1.0
3350,0.6367498537330143,15.74390206272829,15.989292179274356,0.013184559345245362,0.95
3351,0.7398542619046183,14.678567388037383,14.678567388037383,0.013307523727416993,1.0
3352,0.652761247367429,15.720580871830279,16.005132241600478,0.013008809089660645,0.95
3353,0.6774144052438827,16.58748841857151,16.599964311669176,0.01315457820892334,0.95
3354,0.7548384369776608,16.641667528764913,16.641667528764913,0.013057756423950195,1.0
3355,0.7463614924893128,16.840083811339632,16.840083811339632,0.013032972812652588,1.0
3356,0.7295126734657342,19.024107214611703,19.024107214611703,0.01349731683731079,1.0
3357,0.729982053076017,17.182082938605635,17.182082938605635,0.013333451747894288,1.0
3358,0.7749301366234225,17.829893872799527,17.829893872799527,0.013084483146667481,1.0
3359,0.7178532710470793,17.908628817411007,17.908628817411007,0.013158774375915528,1.0
3360,0.6694333394381555,14.68860243593608,14.910789383106144,0.013021242618560792,0.95
3361,0.7359165793476389,16.026033971640338,16.026033971640338,0.013042688369750977,1.0
3362,0.7155827956485975,14.610268668925551,14.610268668925551,0.012974870204925538,1.0
3363,0.6671983051338966,14.080295168084394,14.273908456895969,0.01259692907333374,0.95
3364,0.6027724161706893,16.539028503815196,17.178352168681425,0.013221073150634765,0.9
3365,0.6457431976557437,16.859342913620544,15.94439059610066,0.013013827800750732,0.95
3366,0.6869876584277669,11.52562908079415,11.52562908079415,0.013115406036376953,1.0
3367,0.710582234692789,18.151833888250096,18.151833888250096,0.013105487823486328,1.0
3368,0.6389702817329831,16.462901929283174,16.745599330080058,0.013125169277191161,0.95
3369,0.6844023810041971,17.4738130074802,16.66219217036647,0.013107109069824218,0.95
3370,0.5953318373028411,18.62376409677945,18.33198394028729,0.013196158409118652,0.9
3371,0.7438460175999679,17.925929069506978,17.925929069506978,0.013083064556121826,1.0
3372,0.7520804045905386,14.911771047802443,14.911771047802443,0.012975347042083741,1.0
3373,0.5898273051247381,14.299263096070257,13.193684141470696,0.013047909736633301,0.9
3374,0.7207520026275439,13.567111224778321,13.567111224778321,0.013091790676116943,1.0
3375,0.662439493328556,17.00129389615082,17.074852209357207,0.012996053695678711,0.95
3376,0.6708302097672214,18.253325083285777,18.670023853232838,0.01316525936126709,0.95
3377,0.7331674998233306,17.226470551763178,17.226470551763178,0.013041353225708008,1.0
3378,0.6514748892261695,14.857503989357957,14.943777021887145,0.013434910774230957,0.95
3379,0.7090338683700381,15.208583604221113,15.208583604221113,0.013175117969512939,1.0
3380,0.6505226214897714,16.712362857770238,16.799857044581287,0.013014602661132812,0.95
3381,0.7127135618289622,18.459903908942742,18.459903908942742,0.012899744510650634,1.0
3382,0.7229860998136446,16.421591235291725,16.421591235291725,0.013063454627990722,1.0
3383,0.5781623791529842,15.317381688771107,14.271124264940527,0.013133609294891357,0.9
3384,0.7421746911973324,17.226623824931604,17.226623824931604,0.01297820806503296,1.0
3385,0.5248950119582162,17.507352360881463,15.595188089875322,0.0130279541015625,0.85
3386,0.7553940337495808,16.606271349501775,16.606271349501775,0.013070893287658692,1.0
3387,0.7128826735123485,16.336231611207403,16.336231611207403,0.012996315956115723,1.0
3388,0.7346795240740984,17.066008682380264,17.066008682380264,0.013056886196136475,1.0
3389,0.6811732821150918,15.3822133799376,15.59846827421172,0.012968790531158448,0.95
3390,0.7466315946507237,15.083828037258181,15.083828037258181,0.013273727893829346,1.0
3391,0.7500713293245815,15.55667009974778,15.55667009974778,0.013322830200195312,1.0
3392,0.729483548741257,16.845102484959966,16.845102484959966,0.01341029405593872,1.0
3393,0.7606443526435717,16.83526945129941,16.83526945129941,0.013206219673156739,1.0
3394,0.6683417176290145,14.33222768771635,13.506266473028171,0.013112509250640869,0.95
3395,0.7273833370640819,17.047052369541404,17.047052369541404,0.013442456722259521,1.0
3396,0.7198513259573237,18.13796212368323,18.13796212368323,0.013413631916046142,1.0
3397,0.6441522492890969,14.833454156347866,14.684025371299077,0.013076698780059815,0.95
3398,0.6661200017328286,15.417735970519507,15.549796620184031,0.013153362274169921,0.95
3399,0.7199848288976005,17.287787641918904,17.287787641918904,0.013210225105285644,1.0
3400,0.6574192826327503,19.421196143866375,18.855605595549573,0.01330937147140503,0.95
3401,0.7252925857081693,16.505034314268045,16.505034314268045,0.013271260261535644,1.0
3402,0.6588493097439404,17.387059391449856,16.716052892034867,0.013337790966033936,0.95
3403,0.6396948465526868,16.727566085169286,15.738466740559476,0.013151407241821289,0.95
3404,0.7349966413429712,18.05807605991399,18.05807605991399,0.013161671161651612,1.0
3405,0.5783303010424724,20.03941645218459,19.872351056949086,0.013249409198760987,0.9
3406,0.6636534214788439,17.07065930247014,16.34148699028714,0.012992870807647706,0.95
3407,0.5648367198694285,17.019159775588516,16.01524093867922,0.013146257400512696,0.9
3408,0.7101658036459557,12.869379381199522,12.869379381199522,0.01304222345352173,1.0
3409,0.6541025522961881,13.528271637846709,13.351826883692002,0.013143658638000488,0.95
3410,0.7293988269980343,15.114251499331022,15.114251499331022,0.01329134702682495,1.0
3411,0.7619085997216584,14.87692509132538,14.87692509132538,0.013251757621765137,1.0
3412,0.746433575520404,14.501683796559352,14.501683796559352,0.013222241401672363,1.0
3413,0.7468829352806495,17.147688156547503,17.147688156547503,0.01305558681488037,1.0
3414,0.6989601898227037,16.42443256856028,16.42443256856028,0.013009119033813476,1.0
3415,0.7441830446327004,17.8231250960848,17.8231250960848,0.01305387020111084,1.0
3416,0.5142928807807815,15.318690594187908,15.18535891406184,0.01327199935913086,0.85
3417,0.6505334717690187,15.670154779984932,15.70414463672867,0.013414835929870606,0.95
3418,0.7262444325060752,15.249353820673969,15.249353820673969,0.013420581817626953,1.0
3419,0.7298972711937722,17.894876524822177,17.894876524822177,0.01323263645172119,1.0
3420,0.7354195773287635,16.778615525445666,16.778615525445666,0.012965750694274903,1.0
3421,0.6503106658878022,15.913624453281235,16.127573275133795,0.013161742687225341,0.95
3422,0.6236174931160685,17.02592201362468,17.204565486427523,0.01317535638809204,0.95
3423,0.6695873363005738,17.63629548849622,17.457333248937687,0.013214373588562011,0.95
3424,0.5768867836044536,18.879191233830465,18.575039900080032,0.013011682033538818,0.9
3425,0.6360463752111579,18.55102259803308,18.87140561402764,0.013107430934906007,0.95
3426,0.6253427431826644,17.99443228006548,18.370189647671626,0.013245618343353272,0.95
3427,0.7462232874129626,16.494515842707074,16.494515842707074,0.013168525695800782,1.0
3428,0.7228276837672051,17.349296449406786,17.349296449406786,0.013229644298553467,1.0
3429,0.6256513293504956,16.536302884177736,16.825479260112928,0.013300514221191407,0.95
3430,0.5859782879758423,16.46794753122517,16.44398173070729,0.013209390640258788,0.9
3431,0.6269462128611624,14.191391831992703,14.204002752823948,0.013193297386169433,0.95
3432,0.6634946641134293,15.717189423981656,15.844941515555032,0.013310432434082031,0.95
3433,0.7265184117171459,16.68100195916089,16.68100195916089,0.013167083263397217,1.0
3434,0.6123028719295893,15.34066437743309,15.484080996459928,0.013214647769927979,0.9
3435,0.6527002745035577,15.858489047628847,16.153417138605338,0.013266849517822265,0.95
3436,0.7320204547313651,17.476532277423193,17.476532277423193,0.013117241859436034,1.0
3437,0.6709279117951116,15.090405297963091,15.162225763171914,0.013115489482879638,0.95
3438,0.7500355935501457,14.086451034488277,14.086451034488277,0.013224530220031738,1.0
3439,0.7444462431475329,14.51162849487165,14.51162849487165,0.01329348087310791,1.0
3440,0.5819710739512616,14.993025728741504,14.378539585488962,0.01329423189163208,0.9
3441,0.7668334991065292,16.018691325542854,16.018691325542854,0.013060784339904786,1.0
3442,0.6665319548000636,16.560777156868916,16.828679446373087,0.013153493404388428,0.95
3443,0.754539206656694,16.879560588989015,16.879560588989015,0.013081622123718262,1.0
3444,0.5944224611767568,16.243337617287324,15.488869289396392,0.013089334964752198,0.9
3445,0.6605863136893911,16.05143518822053,16.31869142498623,0.013200366497039795,0.95
3446,0.6540158480736011,17.78841575214176,18.158029854955103,0.013190579414367676,0.95
3447,0.6559336318457183,17.8395939689284,16.86982306789057,0.013154697418212891,0.95
3448,0.7298845532296748,15.509523978477677,15.509523978477677,0.013083016872406006,1.0
3449,0.7377641718998265,14.055510463476338,14.055510463476338,0.0131492018699646,1.0
3450,0.7276758659960094,16.276923965314545,16.276923965314545,0.013134980201721191,1.0
3451,0.7492616565356847,17.050991005831623,17.050991005831623,0.013070893287658692,1.0
3452,0.6789315008962373,18.425412868220413,18.79933949841498,0.013163125514984131,0.95
3453,0.7416510697855114,15.600589321387641,15.600589321387641,0.013311612606048583,1.0
3454,0.6441064689806718,17.535838580494907,17.84583635867361,0.013367056846618652,0.95
3455,0.6815028411262006,15.903308194015882,16.112351891130313,0.013247883319854737,0.95
3456,0.7092202197667639,15.928662104524637,15.928662104524637,0.013248693943023682,1.0
3457,0.6849501184775895,16.13428788336229,16.13428788336229,0.013397777080535888,1.0
3458,0.5873525432429522,15.51284619815896,15.682367837136436,0.01328803300857544,0.9
3459,0.6558480040648018,14.053133919222324,13.690456852609453,0.013528168201446533,0.95
3460,0.73379435790825,18.178463943521685,18.178463943521685,0.013447928428649902,1.0
3461,0.6746901386860192,15.602053140529554,15.698662607975812,0.01362065076828003,0.95
3462,0.7285104826537341,14.413807764850796,14.413807764850796,0.01352238655090332,1.0
3463,0.6826481760137649,13.941330988916897,14.148288041407254,0.01321026086807251,0.95
3464,0.5975417126169547,15.763881334519775,16.204246915870936,0.013406777381896972,0.9
3465,0.6457860817079306,14.971623540734663,15.078023445978571,0.013533496856689453,0.95
3466,0.6328346763102567,14.778155934010812,14.83931486190688,0.013406217098236084,0.95
3467,0.6407258406629309,16.68844217652333,17.013697720243417,0.013552045822143555,0.95
3468,0.6503551871058552,18.210876653737774,18.080317563272228,0.013601195812225342,0.95
3469,0.5279265143583185,14.65076205113419,14.719641213634187,0.013236892223358155,0.85
3470,0.6551273325611037,15.555150950777977,15.7525391075264,0.013624119758605956,0.95
3471,0.7338845059140209,16.628313151233815,16.628313151233815,0.01352522373199463,1.0
3472,0.665095657371178,15.990692566161428,16.245889936888144,0.013318049907684325,0.95
3473,0.6902310597758463,13.32842115316397,13.32842115316397,0.013510990142822265,1.0
3474,0.7559560218780786,15.439549324332486,15.439549324332486,0.013382351398468018,1.0
3475,0.6661187301519714,16.75680185112433,15.978311874358392,0.01338568925857544,0.95
3476,0.7485638636023685,14.57474366343288,14.57474366343288,0.013216495513916016,1.0
3477,0.7249148724131679,17.169194104112247,17.169194104112247,0.013354051113128661,1.0
3478,0.7187542053956963,16.412376819817947,16.412376819817947,0.013319313526153564,1.0
3479,0.6809768901473854,15.202797997642488,15.46262600642471,0.013274466991424561,0.95
3480,0.7414315247186656,15.684262498974396,15.684262498974396,0.013352024555206298,1.0
3481,0.7414474521557419,14.310075816118331,14.310075816118331,0.01322782039642334,1.0
3482,0.5854431473609847,12.995520426741654,12.956154671326352,0.013061463832855225,0.9
3483,0.5308748209297313,14.92001753391725,14.253152815003869,0.013092279434204102,0.85
3484,0.7221690761338416,15.468686403105849,15.468686403105849,0.013304686546325684,1.0
3485,0.5349032947448078,16.723139976807623,16.834415381857287,0.013239717483520508,0.9
3486,0.7251595920469328,17.925614395998885,17.925614395998885,0.013326823711395264,1.0
3487,0.6272413650534268,15.222350623447108,15.35722012673326,0.013344621658325196,0.95
3488,0.567520346973996,20.243514172820802,19.683749363631158,0.01313467025756836,0.9
3489,0.4903939311992209,18.06539807308787,17.44386971650934,0.013248169422149658,0.85
3490,0.5568309316765061,15.651387184484042,15.703366436344444,0.013083267211914062,0.9
3491,0.7154659096215971,18.09580240869691,18.09580240869691,0.013074171543121339,1.0
3492,0.6666604235428643,14.056126620138457,14.220051174202453,0.013408613204956055,0.95
3493,0.7263010311988672,13.820740776184513,13.820740776184513,0.013254153728485107,1.0
