request_idx,reward,latency_all,latency_success,processing_time,success
30,0.6582007158961476,14.73120633747132,14.574585813698762,0.011914968490600586,0.95
31,0.6910251342642156,16.14487361093953,16.14487361093953,0.012140846252441407,1.0
32,0.4900470759571376,17.996260710705243,17.609431533726465,0.012146127223968507,0.85
33,0.6956344161869275,17.1467727347199,17.1467727347199,0.011946940422058105,1.0
34,0.49907131908343033,17.69117845364601,17.138273510028046,0.012091326713562011,0.85
35,0.4835188728239553,18.190780634301134,18.72929626526717,0.012298810482025146,0.85
36,0.6521147213391915,14.002752263284652,14.04090704754582,0.012507355213165284,0.95
37,0.4951836925970806,18.046757130750343,18.147854520923463,0.012266874313354492,0.85
38,0.7206456402868756,17.92553543072986,17.92553543072986,0.01197514533996582,1.0
39,0.7210038771662172,16.242252149426626,16.242252149426626,0.012195992469787597,1.0
40,0.6374660016844854,15.524707493606822,15.534536684217022,0.012424707412719727,0.95
41,0.6286306993752919,18.04135777048931,18.45423110705455,0.01239856481552124,0.95
42,0.705514902653501,18.992002024784522,18.992002024784522,0.012373399734497071,1.0
43,0.5100717061859522,16.841623254004205,16.949075117486398,0.012114274501800536,0.9
44,0.6320764472408933,17.480488603451114,17.52498860796731,0.012538063526153564,0.95
45,0.6429633390780183,19.547268522567972,19.788531398546624,0.01211700439453125,0.95
46,0.7139755092542301,13.732183984356215,13.732183984356215,0.012328672409057616,1.0
47,0.5456417564872171,15.95522885196721,15.293380053779527,0.012238311767578124,0.9
48,0.6535343654134631,14.667545360825647,14.895116549256784,0.01200350522994995,0.95
49,0.6333911733900242,17.89408600938079,17.039161902285098,0.012030684947967529,0.95
50,0.6122833722583417,16.290445187738037,16.51845311850354,0.011876046657562256,0.95
51,0.7384152365039088,19.07421436347827,19.07421436347827,0.012211966514587402,1.0
52,0.5353235173320519,19.354990066099965,18.663129518967434,0.011995923519134522,0.9
53,0.6392662877907995,17.70698317391131,16.977148669916172,0.011776101589202882,0.95
54,0.5443310048236241,17.4807713709111,16.513011078606606,0.012142908573150635,0.9
55,0.7292689517681941,16.14199515809811,16.14199515809811,0.012260222434997558,1.0
56,0.715189050925911,15.18972964191764,15.18972964191764,0.012245845794677735,1.0
57,0.5897775790770887,13.468861509030841,13.246314138373602,0.012176668643951416,0.9
58,0.5368769132225719,17.1332717716252,17.673161932182488,0.011938440799713134,0.9
59,0.6223222155073863,15.290342799693809,15.502946099114862,0.012134158611297607,0.95
60,0.6064652533120855,18.230428210568753,18.280975544520594,0.012528049945831298,0.95
61,0.4938960378415513,16.6356724093721,17.083322429239367,0.012365853786468506,0.85
62,0.7218270179234942,16.65603857811268,16.65603857811268,0.012020671367645263,1.0
63,0.6358188418320345,17.815352825042478,17.94590583235291,0.01210111379623413,0.95
64,0.5462354215876684,17.128245636937216,16.31764306959291,0.012371397018432618,0.9
65,0.707672525382566,17.207339181003242,17.207339181003242,0.011909663677215576,1.0
66,0.6633148178324861,15.894921526429979,15.719466789249182,0.012152886390686036,0.95
67,0.5633938352318653,13.81016078176674,13.763158523081453,0.012087512016296386,0.9
68,0.6943120768373872,14.99832176747274,14.99832176747274,0.012304675579071046,1.0
69,0.6459080040339825,16.800660110972082,16.99065408295014,0.012343025207519532,0.95
70,0.6458986308140189,16.396219986253865,16.604832392146125,0.012136280536651611,0.95
71,0.6307109886410874,17.199040213943,17.138068104951284,0.012281739711761474,0.95
72,0.5596310402334679,15.914711181141541,16.250611701889962,0.01213608980178833,0.9
73,0.695030871647529,16.4863471596071,16.4863471596071,0.012116193771362305,1.0
74,0.7135128791124873,15.737843655968504,15.737843655968504,0.012096226215362549,1.0
75,0.6446481917866003,15.84840912380991,16.131546657614983,0.012179601192474365,0.95
76,0.646731484353263,15.13567494586367,15.23542981014026,0.012173092365264893,0.95
77,0.6675768900141161,17.279546336944094,17.356297059232134,0.0121130108833313,0.95
78,0.6682164228611664,17.603529606027053,17.886665961418718,0.012145006656646728,0.95
79,0.658401217317297,14.708189918296025,14.702014953673194,0.012305772304534912,0.95
80,0.7197442901514927,16.79825148808673,16.79825148808673,0.011909937858581543,1.0
81,0.5503576148739565,15.82024139689462,16.25706613845469,0.011984670162200927,0.9
82,0.6576527061936487,14.469339043659213,14.519136104047426,0.012237751483917236,0.95
83,0.6486610728425428,16.66593741388406,16.672569856555743,0.012174415588378906,0.95
84,0.7411721864101519,17.676995137412828,17.676995137412828,0.01215972900390625,1.0
85,0.6213974809812616,16.72429351875982,17.01013100001825,0.012005102634429932,0.95
86,0.607912772581737,19.23973053418353,19.347212997055113,0.011782777309417725,0.95
87,0.6332531455477541,16.454755107612186,16.508941392237265,0.011993002891540528,0.95
88,0.48405545603647016,17.355897315929376,16.087956554359582,0.012157952785491944,0.85
89,0.7299035406753177,15.746121862220644,15.746121862220644,0.011922645568847656,1.0
90,0.6809658846150114,16.13559830911053,16.375564062591128,0.012168657779693604,0.95
91,0.6457144110356609,16.966013232190818,17.228412279533842,0.012137985229492188,0.95
92,0.6084249398803949,16.474418527019626,16.535246482027,0.012219715118408202,0.95
93,0.5620836321464447,15.608362785336407,14.893187207664239,0.012487852573394775,0.9
94,0.6370116792364414,17.826382253643065,18.096416640843696,0.012154829502105714,0.95
95,0.7236243918557126,17.475568644473878,17.475568644473878,0.012060427665710449,1.0
96,0.7379336671296063,18.189358814005548,18.189358814005548,0.012053561210632325,1.0
97,0.6431557838934986,15.975827885490446,16.155703794166673,0.01190652847290039,0.95
98,0.5439269728525244,17.254592381388033,17.367579602501657,0.012026846408843994,0.9
99,0.7131575082173889,18.533614586638922,18.533614586638922,0.012145018577575684,1.0
100,0.6410755227143018,17.892747141334535,18.27011541213626,0.012329864501953124,0.95
101,0.7035497558645599,18.119815345318862,18.119815345318862,0.012238085269927979,1.0
102,0.547917588289346,16.60125001649611,15.653435020747768,0.012320590019226075,0.9
103,0.6346630702752541,15.463851414961436,15.680655029534634,0.012066817283630371,0.95
104,0.6921611753664833,16.172445591182218,16.172445591182218,0.01216658353805542,1.0
105,0.6329121125473895,15.47806780320144,15.446054083153603,0.012148880958557129,0.95
106,0.5806789023390697,16.931545731446583,15.833498306689004,0.012430536746978759,0.9
107,0.7452510744746323,17.663482104531365,17.663482104531365,0.011922240257263184,1.0
108,0.7199508922985787,16.70492631238573,16.70492631238573,0.012311828136444092,1.0
109,0.6596312123432393,16.060374305826365,16.323106713032548,0.012055492401123047,0.95
110,0.5650330143536105,17.567164553580657,16.814868980096072,0.01216435432434082,0.9
111,0.662067828796721,17.377831416387874,17.456257727606072,0.012012064456939697,0.95
112,0.7222610702426489,16.616018275417133,16.616018275417133,0.012186837196350098,1.0
113,0.7204380386371905,16.01670600138122,16.01670600138122,0.012380504608154297,1.0
114,0.4758042771817837,16.84004354842886,17.144827983906964,0.011908650398254395,0.85
115,0.6991781118437312,16.135242283246164,16.135242283246164,0.012037217617034912,1.0
116,0.7128204262143736,16.40876035188965,16.40876035188965,0.012010312080383301,1.0
117,0.7134683572129237,16.974888615991933,16.974888615991933,0.012171328067779541,1.0
118,0.7083040634069642,17.978210886613,17.978210886613,0.012601280212402343,1.0
119,0.6475425032070852,15.919125197529553,16.12006202635904,0.012277531623840331,0.95
120,0.7215667863679829,16.09788263967487,16.09788263967487,0.01202096939086914,1.0
121,0.7126436435799033,15.237379701070376,15.237379701070376,0.012144160270690919,1.0
122,0.5729723166893793,18.084794572018332,18.105153278082238,0.012003684043884277,0.9
123,0.7161981820187434,16.617204272188808,16.617204272188808,0.011845278739929199,1.0
124,0.7342250556166101,16.676677833045517,16.676677833045517,0.012209904193878175,1.0
125,0.6457458018336492,17.861362159406802,18.211956932471544,0.012288069725036621,0.95
126,0.7364034124660856,15.861429332224954,15.861429332224954,0.012105906009674072,1.0
127,0.7203821733384965,15.729552336214777,15.729552336214777,0.012229442596435547,1.0
128,0.6866952590647467,17.921645204639972,17.921645204639972,0.01208508014678955,1.0
129,0.5671289296044477,17.03626486855806,17.451125523664455,0.012227904796600342,0.9
130,0.47713547231603537,17.618186158804306,18.00889873268987,0.012208759784698486,0.85
131,0.687283706393975,17.183742953081172,17.183742953081172,0.012075412273406982,1.0
132,0.7132000192409473,16.625281277849563,16.625281277849563,0.012255573272705078,1.0
133,0.6435521160370875,16.823976573056925,17.111572386637892,0.01246110200881958,0.95
134,0.7179808956307795,15.062888288399495,15.062888288399495,0.012228918075561524,1.0
135,0.5088473541400447,15.112657057068114,15.855872585642327,0.012551367282867432,0.85
136,0.7055247629730262,16.04183447227391,16.04183447227391,0.012492060661315918,1.0
137,0.6279908545664619,15.642774823052415,15.507998558551193,0.012935078144073487,0.95
138,0.6114534036237502,17.38021124377029,17.74048133371299,0.012279951572418213,0.9
139,0.6295813313710112,16.092169132505216,16.35747820958747,0.012016808986663819,0.95
140,0.6622553273225998,15.995985957855584,14.858464507611927,0.012245357036590576,0.95
141,0.621076908736763,16.67165506153671,15.521346848973437,0.01249399185180664,0.95
142,0.5814084414544126,19.43157644528133,19.700128162913572,0.01227165460586548,0.9
143,0.4813558787985596,17.785144287923334,18.45330268988523,0.012322115898132324,0.85
144,0.7117451754591327,18.585947322894697,18.585947322894697,0.012229371070861816,1.0
145,0.5336251874944483,19.538448190057828,20.22372769348039,0.01237795352935791,0.9
146,0.7096252105086326,18.244920614406503,18.244920614406503,0.012334704399108887,1.0
147,0.7193035452468146,16.16755307602643,16.16755307602643,0.012308657169342041,1.0
148,0.5444961514424284,16.13537451289077,16.53143585431439,0.012262046337127686,0.9
149,0.7220087683860268,16.584873456152877,16.584873456152877,0.012463533878326416,1.0
150,0.6724077814942286,15.604566750139579,15.699247015268474,0.012138032913208007,0.95
151,0.6523805930224644,15.79939569581924,16.079812285294974,0.012145984172821044,0.95
152,0.7025019314621548,17.29584304722713,17.29584304722713,0.012376809120178222,1.0
153,0.568426080223056,15.311156475261479,15.053393198214284,0.012497794628143311,0.9
154,0.7480843449341124,14.84212863901325,14.84212863901325,0.012224209308624268,1.0
155,0.6438407001797262,18.11806530066529,18.24059514222179,0.012149381637573241,0.95
156,0.5978134578449346,16.060382165389235,16.539592927498738,0.012423229217529298,0.9
157,0.5460917307429914,16.055907544106805,15.968988858273857,0.01229715347290039,0.9
158,0.6282666565251702,16.21679414464371,16.317853914669985,0.012179994583129882,0.95
159,0.6375666475859637,18.49801578460656,18.847809152030308,0.011993920803070069,0.95
160,0.5656078857435738,18.567186904848132,19.072820083966953,0.012009429931640624,0.9
161,0.6557390585660988,16.40609812849787,16.52420398689084,0.012106800079345703,0.95
162,0.5195053462851,14.041758314550469,14.29438301149629,0.011953496932983398,0.85
163,0.6383169304916598,14.783981327138608,14.402374847843323,0.012129831314086913,0.95
164,0.6494847251026828,16.712203588044105,16.867273845479737,0.012219560146331788,0.95
165,0.732663755037592,16.29339574879237,16.29339574879237,0.012481307983398438,1.0
166,0.7180110197537779,15.210837060303101,15.210837060303101,0.012413060665130616,1.0
167,0.6974303558347673,16.207200865580507,16.207200865580507,0.012289285659790039,1.0
168,0.7247782393001697,17.40292859884624,17.40292859884624,0.012235045433044434,1.0
169,0.662970615247111,17.800734379299755,16.996800322569253,0.012114572525024413,0.95
170,0.636245579711673,17.36506240158362,17.62354068236416,0.012276780605316163,0.95
171,0.7365536733224601,15.6410001584973,15.6410001584973,0.012216699123382569,1.0
172,0.703584872340686,14.56812863293143,14.56812863293143,0.012053859233856202,1.0
173,0.5624440741232302,14.976429308087358,14.877003610536939,0.01207503080368042,0.9
174,0.7422797012116719,14.259225031048368,14.259225031048368,0.012111806869506836,1.0
175,0.49150875505948555,16.157308364106594,16.41530860185332,0.01224004030227661,0.85
176,0.7306877695998859,17.22509043055633,17.22509043055633,0.012227475643157959,1.0
177,0.6907507091372607,17.411461453693658,17.411461453693658,0.01214742660522461,1.0
178,0.5752346686004705,16.224423059443403,16.084027544821634,0.012025976181030273,0.9
179,0.5261012166013435,16.56661450888613,16.18654144917615,0.012237823009490967,0.85
180,0.6329723926476891,14.964689723768378,13.961489787375482,0.012095046043395997,0.95
181,0.7289951821910249,18.862725684096844,18.862725684096844,0.012302911281585694,1.0
182,0.6244457344520221,17.004616135029245,17.317088021304322,0.012294745445251465,0.95
183,0.7038926868633645,13.413999160512896,13.413999160512896,0.012348198890686035,1.0
184,0.587194072434547,15.698229013792911,15.610453037420566,0.012367653846740722,0.9
185,0.6557423315027687,16.2211009359888,16.358701422845407,0.012103939056396484,0.95
186,0.5033602647150923,16.02581934470718,16.85544600124806,0.012257611751556397,0.85
187,0.7224139167059258,16.39286724317837,16.39286724317837,0.012150084972381592,1.0
188,0.5564082767163112,14.102540551865427,14.148113508309907,0.012306284904479981,0.9
189,0.6605540865771776,16.150634720318525,16.201750209540013,0.012307655811309815,0.95
190,0.6086665910285769,18.852600145770907,18.859813168517043,0.012014222145080567,0.95
191,0.7411053279685424,16.481560623084377,16.481560623084377,0.012341713905334473,1.0
192,0.6289894211495549,16.11041793222818,16.37290871260549,0.012299370765686036,0.95
193,0.7211644339049375,14.877958306602768,14.877958306602768,0.012425112724304199,1.0
194,0.6361960562501375,14.662643279635825,14.574874626586192,0.012012076377868653,0.95
195,0.6307653612714427,17.8234699131524,17.789356669735213,0.012024831771850587,0.95
196,0.6386011483900284,15.312492964476764,15.341092553454443,0.012268686294555664,0.95
197,0.5776011895358336,16.788114400046513,17.153425435320436,0.012292754650115967,0.9
198,0.7165043339962708,18.32256024799573,18.32256024799573,0.012191128730773926,1.0
199,0.738583178027873,14.149709923998788,14.149709923998788,0.012058556079864502,1.0
200,0.6846458715868885,15.068204990175136,15.30004356227819,0.012112236022949219,0.95
201,0.7256860182009685,14.227508796513224,14.227508796513224,0.012170529365539551,1.0
202,0.6953265507024209,14.240419404717475,14.240419404717475,0.012203311920166016,1.0
203,0.5672540898849288,15.725925263828458,15.74490932950424,0.012130987644195557,0.9
204,0.7160632693099799,15.137863162618999,15.137863162618999,0.012385153770446777,1.0
205,0.5884917471286016,14.468328974832946,14.924400377711853,0.012390458583831787,0.9
206,0.7132165878006989,17.145618181241083,17.145618181241083,0.012376463413238526,1.0
207,0.7000293432621373,17.389240515999376,17.389240515999376,0.012041282653808594,1.0
208,0.7027020919342086,14.980932754400778,14.980932754400778,0.012226104736328125,1.0
209,0.6985787821424125,14.408818509011969,14.408818509011969,0.012040889263153077,1.0
210,0.477376053938089,13.629238020171519,13.873427983861232,0.012079858779907226,0.85
211,0.5635380735231894,14.81240207437921,14.705679306458048,0.012250936031341553,0.9
212,0.6335716386557355,18.358357274703643,18.461799748980823,0.012044823169708252,0.95
213,0.7044645951033998,16.524484847548784,16.524484847548784,0.012235414981842042,1.0
214,0.4961842266102763,16.308451242866965,16.96841194909699,0.011912226676940918,0.85
215,0.5462832025439496,16.11031481064869,16.33593320751163,0.012059307098388672,0.9
216,0.5873492827604188,15.016892412350321,14.908686683551906,0.0118890643119812,0.9
217,0.7008047153772613,14.752919697909888,14.752919697909888,0.012038052082061768,1.0
218,0.7339262923169559,18.757116478263146,18.757116478263146,0.01201244592666626,1.0
219,0.5220185741543575,14.318500876211553,14.393103825864577,0.012094342708587646,0.9
220,0.5498946548932623,15.700224570166952,15.782002571751157,0.012222754955291747,0.9
221,0.5466070008898318,13.774950482865654,13.863967798709824,0.012348031997680664,0.9
222,0.7521640896727179,15.426843452927832,15.426843452927832,0.01218196153640747,1.0
223,0.7509313958495053,14.138353773760622,14.138353773760622,0.012490594387054443,1.0
224,0.6190172631689035,16.93674148334597,16.854518830293937,0.012228262424468995,0.95
225,0.7184059112306669,18.33688586763026,18.33688586763026,0.012141871452331542,1.0
226,0.6406910669149397,15.494112034299297,15.776639315141088,0.01214224100112915,0.95
227,0.4026664684669323,15.412451566650429,15.718788786591471,0.012473511695861816,0.8
228,0.5683211852382668,17.207386634755736,17.277991583121448,0.01244124174118042,0.9
229,0.6665671752247077,15.070658650360679,15.282153832541427,0.012353551387786866,0.95
230,0.4149252679028508,17.733577992745275,18.387748291119948,0.012109684944152831,0.8
231,0.6321937089713,19.358663313477344,19.493398879223687,0.012356042861938477,0.95
232,0.7348329666079223,16.36609539565417,16.36609539565417,0.012225949764251709,1.0
233,0.678250831484011,14.710707609605032,14.850723789557764,0.012296736240386963,0.95
234,0.5539648014920612,14.995604464069734,14.986319243050117,0.012142789363861085,0.9
235,0.6659153038934386,14.559531794932989,13.733655746035105,0.012267804145812989,0.95
236,0.7314076507608679,15.299601041294412,15.299601041294412,0.012061870098114014,1.0
237,0.7218530301196956,13.571592680692765,13.571592680692765,0.012350809574127198,1.0
238,0.6253760932279212,16.621286572423564,16.953470632853776,0.012137806415557862,0.95
239,0.6504574838774914,17.163908733905057,17.49301225690781,0.012629568576812744,0.95
240,0.5846365604318222,15.92907059936392,16.141122243197565,0.012389421463012695,0.9
241,0.737178109494547,16.647515499243404,16.647515499243404,0.012314319610595703,1.0
242,0.7055429247643433,16.61962732618099,16.61962732618099,0.01219569444656372,1.0
243,0.6466606044197161,16.96689213694203,16.248065981288647,0.012437081336975098,0.95
244,0.7207806245674634,17.8136081634998,17.8136081634998,0.012111687660217285,1.0
245,0.7139500353834676,18.85078200355398,18.85078200355398,0.012463903427124024,1.0
246,0.6416746281415148,15.34287813455104,15.520430250478574,0.012251067161560058,0.95
247,0.5801054429754557,17.19884980783893,17.763556654493755,0.012287819385528564,0.9
248,0.7188528898327364,16.978070283986185,16.978070283986185,0.012390053272247315,1.0
249,0.7285286107525817,15.91394460521415,15.91394460521415,0.012274837493896485,1.0
250,0.6372519968881386,17.411510962691704,17.44521070463088,0.012397170066833496,0.95
251,0.6893238195398657,15.455539069516792,15.455539069516792,0.01251535415649414,1.0
252,0.72164718724388,15.247194310538807,15.247194310538807,0.012412607669830322,1.0
253,0.48424180989862026,18.631335978372416,18.884531577791268,0.012326836585998535,0.85
254,0.7274474191242468,15.514474314621015,15.514474314621015,0.012363266944885255,1.0
255,0.7089487858512128,17.317328784127184,17.317328784127184,0.012019693851470947,1.0
256,0.7458412934167297,16.171146366007996,16.171146366007996,0.01204618215560913,1.0
257,0.7171763546705352,17.556341627819354,17.556341627819354,0.012270009517669678,1.0
258,0.7276141633721658,13.778116985211392,13.778116985211392,0.012000000476837159,1.0
259,0.6264059130688221,16.85565547676284,16.770249832716488,0.012317228317260741,0.95
260,0.7243133752214189,18.21624375196704,18.21624375196704,0.012333238124847412,1.0
261,0.5900464843134497,14.215104709643484,14.554083423615209,0.012417161464691162,0.9
262,0.7217760153303979,18.547545017594725,18.547545017594725,0.012310588359832763,1.0
263,0.6315532054822708,17.39688233539193,17.30866112732806,0.012155413627624512,0.95
264,0.726176893381125,15.731116284280514,15.731116284280514,0.012572097778320312,1.0
265,0.6889887475842216,16.52170907666339,16.52170907666339,0.01215599775314331,1.0
266,0.5545457345267875,16.375562959278444,16.308637781143364,0.012182366847991944,0.9
267,0.656678016772539,15.519062654299315,15.74237476597599,0.012161850929260254,0.95
268,0.7160797438797528,16.01085101185217,16.01085101185217,0.012160515785217286,1.0
269,0.6916010462142942,17.444756299822835,17.444756299822835,0.012114298343658448,1.0
270,0.6365069768921794,16.467618018523623,15.610883162384724,0.012231147289276123,0.95
271,0.7167929397248783,15.996057155767318,15.996057155767318,0.012035799026489259,1.0
272,0.7401308500293283,15.779250036956304,15.779250036956304,0.012316322326660157,1.0
273,0.7203775649930376,13.342534789225365,13.342534789225365,0.011806643009185791,1.0
274,0.7287889156819313,15.106940498966784,15.106940498966784,0.012513113021850587,1.0
275,0.7165894835921074,16.78658535384179,16.78658535384179,0.012177228927612305,1.0
276,0.5796886556305405,16.675324595014636,17.362735615607047,0.012428021430969239,0.9
277,0.6899185981800392,16.172503824971756,16.172503824971756,0.012209880352020263,1.0
278,0.6821926438716255,15.6609702308206,15.7482322465952,0.012250638008117676,0.95
279,0.7101951631723714,16.394513949276423,16.394513949276423,0.012359464168548584,1.0
280,0.7175714193561393,16.75868620401319,16.75868620401319,0.012114715576171876,1.0
281,0.7365222206937074,16.91079306305854,16.91079306305854,0.012118864059448241,1.0
282,0.5120021653026687,14.852759405464576,15.55131400263699,0.012335062026977539,0.85
283,0.7033398020761352,14.591832339825853,14.591832339825853,0.012270450592041016,1.0
284,0.7233523030835324,15.227665272753327,15.227665272753327,0.01243760585784912,1.0
285,0.6552279439592573,16.783230355225676,16.578129675606714,0.0121687650680542,0.95
286,0.7596096442196311,15.968042070465051,15.968042070465051,0.012567698955535889,1.0
287,0.7223118181893169,16.107081629103266,16.107081629103266,0.01237426996231079,1.0
288,0.7399681101821823,15.958369160746775,15.958369160746775,0.012250268459320068,1.0
289,0.7226829928023502,14.370156839101583,14.370156839101583,0.012075328826904297,1.0
290,0.6519111250001882,14.711463483728632,14.82865246761931,0.012076294422149659,0.95
291,0.7682133809807997,14.03825500576458,14.03825500576458,0.012187528610229491,1.0
292,0.560509034124111,17.004635281448387,16.123579536646496,0.01284198760986328,0.9
293,0.4890646749522851,16.796298183564545,17.311792561964722,0.012322211265563964,0.85
294,0.5456099699732102,15.107876924166437,15.04910266906617,0.012131547927856446,0.9
295,0.6180756200708981,16.283147160830843,16.313791346766653,0.011730611324310303,0.95
296,0.6218115019149673,16.385649611051754,16.349123326523408,0.012371683120727539,0.95
297,0.6291963155982432,18.507358462430155,18.570073043011057,0.01238933801651001,0.95
298,0.6024986762774345,14.899651402471997,14.998224601951103,0.012505447864532471,0.95
299,0.6348576408254789,18.347836809213945,18.588747596525096,0.012371647357940673,0.95
300,0.7346983314771197,16.881425789428008,16.881425789428008,0.012094366550445556,1.0
301,0.727571528473416,15.69842557252971,15.69842557252971,0.01218583583831787,1.0
302,0.6519077665903519,14.487787131013809,14.61629592688343,0.012199008464813232,0.95
303,0.7151551117950017,17.709631034578894,17.709631034578894,0.012121999263763427,1.0
304,0.6553414480123492,15.901988644818966,16.030667743602468,0.012081348896026611,0.95
305,0.4641021391984184,16.51668092313647,15.340014125914301,0.012167525291442872,0.85
306,0.7041014085832826,17.042223819229058,17.042223819229058,0.012243831157684326,1.0
307,0.7233349771558651,15.816177142987822,15.816177142987822,0.012168300151824952,1.0
308,0.6491700074883122,16.203293876737682,16.438048865023465,0.011862671375274659,0.95
309,0.552752171453369,15.22105664958797,15.202463011933345,0.012175703048706054,0.9
310,0.5710456635395721,15.888644666839232,15.734590332252708,0.012086784839630127,0.9
311,0.6865820740386296,15.769371134740975,15.769371134740975,0.012152945995330811,1.0
312,0.710432360004436,16.656527052537918,16.656527052537918,0.012235510349273681,1.0
313,0.6532071898901862,16.274409681918232,16.29632997063199,0.012313151359558105,0.95
314,0.6535735392523199,15.660484311676992,15.435867174451333,0.012077856063842773,0.95
315,0.4343997285783421,16.388678767454117,17.309055380409887,0.012110233306884766,0.8
316,0.7269486383757546,18.280276607354278,18.280276607354278,0.012016141414642334,1.0
317,0.4362121912305373,16.16739011849524,16.58343157124762,0.01188908815383911,0.8
318,0.5552714343586884,15.091239201832215,15.18173843416935,0.011929047107696534,0.9
319,0.6486188767818437,18.243949714653887,18.37543821618354,0.012215936183929443,0.95
320,0.7150476465605682,17.70506538464851,17.70506538464851,0.012216389179229736,1.0
321,0.7129730099060344,17.216321708635032,17.216321708635032,0.012229418754577637,1.0
322,0.564264468591819,16.678246098567364,16.830899343761672,0.012054991722106934,0.9
323,0.6668318652419718,14.153846126051434,13.835492563759985,0.012219679355621339,0.95
324,0.7462250593189751,16.03824285949145,16.03824285949145,0.012590956687927247,1.0
325,0.7260566369834957,14.480817122246146,14.480817122246146,0.012319982051849365,1.0
326,0.6363343075306384,17.111139219447903,17.21093826682416,0.012402987480163575,0.95
327,0.7184431443618295,15.889916407833933,15.889916407833933,0.012150073051452636,1.0
328,0.7143329950445922,17.23519508708164,17.23519508708164,0.01237722635269165,1.0
329,0.722069538075313,14.772867766111528,14.772867766111528,0.011999726295471191,1.0
330,0.7094733137311922,14.885004499720514,14.885004499720514,0.012239801883697509,1.0
331,0.7169154945244935,17.86874429623586,17.86874429623586,0.012212884426116944,1.0
332,0.7126782970510034,18.003867409080613,18.003867409080613,0.012289869785308837,1.0
333,0.62616337565022,15.194357768639843,15.317668517775848,0.012363135814666748,0.95
334,0.5443475167399158,18.771216182329375,17.915330562001497,0.012080347537994385,0.9
335,0.7307114120295828,19.022142486529408,19.022142486529408,0.011993324756622315,1.0
336,0.5808374815611852,17.24700845755804,17.662279661231175,0.01244293451309204,0.9
337,0.646544642111033,17.15062592018959,16.098369734598524,0.01197056770324707,0.95
338,0.631933061657351,19.41991795627985,18.76080677236815,0.01231694221496582,0.95
339,0.7008885422402246,17.014777178448195,17.014777178448195,0.01211642026901245,1.0
340,0.6427178284670396,15.442186922990397,15.320880468349616,0.012182855606079101,0.95
341,0.6543097514028303,16.418856191171024,16.545738553822776,0.01267772912979126,0.95
342,0.648490124220088,16.009104833727186,15.786390550035366,0.012244784832000732,0.95
343,0.7315815331273164,14.800331160325674,14.800331160325674,0.012131285667419434,1.0
344,0.7488222319860034,17.43423560468917,17.43423560468917,0.012305545806884765,1.0
345,0.738592611646318,15.596019104872974,15.596019104872974,0.01265045404434204,1.0
346,0.6528376056279132,14.303003616470097,14.44162217366583,0.012516725063323974,0.95
347,0.5358550486591676,15.969261776705476,16.184067655503057,0.012463951110839843,0.9
348,0.5053620394276666,14.872940134136181,15.141171529916328,0.012433266639709473,0.85
349,0.6352149248216017,15.240042701649084,15.082311556474115,0.01210334300994873,0.95
350,0.6379093884943855,15.46557476435964,15.752035809110012,0.012361204624176026,0.95
351,0.6647566531415425,15.214616072760368,15.424967088130469,0.012138986587524414,0.95
352,0.6465144234788507,15.49521950442345,15.530266216880412,0.012290394306182862,0.95
353,0.6517885587262044,14.749351651115717,14.893658911164545,0.012221944332122803,0.95
354,0.655818593761704,16.28747662744731,16.53452368932566,0.01232914924621582,0.95
355,0.6282873326388472,15.985631864165555,15.918339358211517,0.012118816375732422,0.95
356,0.5541460447875209,15.818825630203515,16.082967326261624,0.01215212345123291,0.9
357,0.6518393841943714,16.06066874210783,15.95064071751197,0.012337267398834229,0.95
358,0.6437028493345702,16.022163952694672,16.014187439484612,0.012476897239685059,0.95
359,0.4995349774120057,17.00033862246469,17.112859283832588,0.011976635456085205,0.85
360,0.7021011374053756,16.058945736560144,16.058945736560144,0.011967945098876952,1.0
361,0.7362580126449422,15.699109567561488,15.699109567561488,0.012163043022155762,1.0
362,0.7602868654509333,16.449003864955625,16.449003864955625,0.01240553855895996,1.0
363,0.7169916552499488,17.00117752794438,17.00117752794438,0.0121368408203125,1.0
364,0.752949078431425,16.34241342956096,16.34241342956096,0.01221914291381836,1.0
365,0.7067168234258302,18.010653705394553,18.010653705394553,0.012503492832183837,1.0
366,0.5574753491571142,16.313966654395248,16.45225610761221,0.012296664714813232,0.9
367,0.5497744356689612,17.21780405574768,16.826754708747117,0.012147843837738037,0.9
368,0.6341383192454048,15.317494606154218,14.027595841446031,0.01230921745300293,0.95
369,0.736685904780499,15.545688996208705,15.545688996208705,0.012276864051818848,1.0
370,0.7209058476841876,16.33747844024711,16.33747844024711,0.01223071813583374,1.0
371,0.7130818359119396,14.961614446119256,14.961614446119256,0.012206745147705079,1.0
372,0.6604428334396066,15.084411391617763,15.220548307538692,0.012251269817352296,0.95
373,0.7312578787120034,16.22566630238183,16.22566630238183,0.012378787994384766,1.0
374,0.7315809249926364,16.46635589919209,16.46635589919209,0.011952972412109375,1.0
375,0.6479702732234085,15.248720512915977,15.453565270637167,0.012105321884155274,0.95
376,0.5982010868012775,16.918665299683603,17.177074808986802,0.012225472927093506,0.9
377,0.7452610741797867,16.68458407110732,16.68458407110732,0.01217491626739502,1.0
378,0.7180894062903082,16.125140398603513,16.125140398603513,0.012361574172973632,1.0
379,0.7098224354023138,16.525583555888396,16.525583555888396,0.012243425846099854,1.0
380,0.7031010428361446,17.472292212672006,17.472292212672006,0.01217193603515625,1.0
381,0.6576977593341111,17.32920892779144,17.419583583323856,0.012227797508239746,0.95
382,0.6681093549751348,16.599891019474907,16.764278520581488,0.01219925880432129,0.95
383,0.7101803211793748,16.398656308685865,16.398656308685865,0.012257087230682372,1.0
384,0.649664588594923,17.580317915240336,17.667222502082975,0.012279307842254639,0.95
385,0.6712644021857457,18.64480708121376,19.07895911992823,0.01214848756790161,0.95
386,0.5483847200622021,18.092547403283987,17.551964063832965,0.012120020389556885,0.9
387,0.6344562730244019,17.09440325725319,17.39564452286199,0.012075591087341308,0.95
388,0.5539965369046748,16.29919402065139,16.424736143050474,0.012342214584350586,0.9
389,0.6125025704618334,16.630820176277396,16.19317026279428,0.012152040004730224,0.9
390,0.6878427250389106,15.791727584097135,15.929687435802766,0.01209944486618042,0.95
391,0.6661833909459814,18.849734524393394,18.936550790419798,0.012155187129974366,0.95
392,0.7182062506440269,15.582979892294569,15.582979892294569,0.012507939338684082,1.0
393,0.6431600657350469,16.843303741479236,16.73850734405831,0.0119384765625,0.95
394,0.6433802468226586,16.30826138820969,16.55991464202532,0.012204229831695557,0.95
395,0.7210261378036037,18.14070757816976,18.14070757816976,0.012315797805786132,1.0
396,0.6392881479137353,17.129127931852796,17.08567515877118,0.01222773790359497,0.95
397,0.5594092777041904,17.731288540907453,16.877549561886223,0.012281680107116699,0.9
398,0.4767283878711563,16.42614894810622,16.615700454345813,0.012309622764587403,0.85
399,0.5715976824791277,16.84896664236289,16.51148462745964,0.012022876739501953,0.9
400,0.702992889877113,17.421208192137193,17.421208192137193,0.012092018127441406,1.0
401,0.5743279543277645,17.201528399662894,17.412593274300527,0.012430036067962646,0.9
402,0.7288643074569559,15.818318360691757,15.818318360691757,0.011970913410186768,1.0
403,0.7050057647174655,17.038693861444322,17.038693861444322,0.012137281894683837,1.0
404,0.630753669672732,17.18223735181911,17.1191045969086,0.012005460262298585,0.95
405,0.5370724171758292,16.81362334939434,16.863382121250403,0.012200582027435302,0.9
406,0.6299441220370626,18.176189175553127,18.403297319739444,0.012436723709106446,0.95
407,0.6464926621531679,17.03461888698225,17.304309654977704,0.012258350849151611,0.95
408,0.5502544385425351,16.178114016637934,16.5301396741777,0.012299227714538574,0.9
409,0.5609182648041291,15.622148178171717,15.58717814628832,0.01248469352722168,0.9
410,0.7075939505745997,18.014282644013157,18.014282644013157,0.012335562705993652,1.0
411,0.5513030934528109,15.706846506564165,15.111860477849937,0.012103855609893799,0.9
412,0.4804187124151446,17.19479975581952,17.95663257586626,0.011993277072906493,0.85
413,0.6094373992954125,14.893026603918745,15.137607149589575,0.012429773807525635,0.95
414,0.5582542801639688,17.31940255004697,17.2003153520767,0.01215202808380127,0.9
415,0.6574162177359512,17.041552835795187,17.29727688541566,0.012564551830291749,0.95
416,0.6607852177831484,18.011155890884236,18.16113806908331,0.012170493602752686,0.95
417,0.5823763099629699,16.711146176213948,16.970654771565975,0.012398290634155273,0.9
418,0.7098524049000504,15.794245827754693,15.794245827754693,0.01180194616317749,1.0
419,0.5674442218570057,14.593458806264744,14.73374401019017,0.012042379379272461,0.9
420,0.6549785140187846,16.509611057336436,16.603936502088374,0.011925196647644043,0.95
421,0.6327808539703179,14.375535272382939,14.430485600547888,0.011859989166259766,0.95
422,0.4828400683422167,14.220997532407447,14.255236679289723,0.01213167905807495,0.85
423,0.5492467084291219,14.279542706432096,13.989029243489071,0.012108385562896729,0.9
424,0.5709216942130763,15.919563758864907,15.872926765610215,0.012195003032684327,0.9
425,0.7393338749478332,16.459138674574476,16.459138674574476,0.01224203109741211,1.0
426,0.5261615054500594,17.021658309907384,17.36517917871203,0.012127673625946045,0.85
427,0.4981920866436959,16.43544221730115,17.077935503869895,0.012102246284484863,0.85
428,0.6242881966991726,16.076525569569412,16.202128500234032,0.012046599388122558,0.95
429,0.6377388240626974,19.215288731888016,19.43276505204728,0.012040340900421142,0.95
430,0.5575268443974387,18.160326109232905,18.481700482523763,0.012013101577758789,0.9
431,0.5566848770535389,19.104266941229547,18.396297790977343,0.012044930458068847,0.9
432,0.724963735161911,17.45249157323578,17.45249157323578,0.01192115545272827,1.0
433,0.5910749969142672,16.71202011954271,17.284428643025308,0.011943662166595459,0.9
434,0.7409010106681374,17.234589652389342,17.234589652389342,0.012145602703094482,1.0
435,0.5882332652140877,15.367915181304118,15.566889913335977,0.01209193468093872,0.9
436,0.6670782845601312,16.071872414112818,16.26794611336156,0.012231945991516113,0.95
437,0.7020267479978098,15.199450603394155,15.199450603394155,0.012225067615509034,1.0
438,0.5835219534322275,17.448850619449548,18.07348991571172,0.0120721697807312,0.9
439,0.7103598085621925,15.524153576678941,15.524153576678941,0.011950576305389404,1.0
440,0.39974185889002617,13.081195504250378,13.088841815538359,0.012166035175323487,0.8
441,0.7119424148773249,15.43346006294477,15.43346006294477,0.012164950370788574,1.0
442,0.6538300812437695,16.985822872956312,16.00574583202349,0.01195671558380127,0.95
443,0.7303660283733043,18.08138011807092,18.08138011807092,0.01234976053237915,1.0
444,0.6283734998844541,19.228373062861728,19.382439169989432,0.01204291582107544,0.95
445,0.7413566472008666,17.024155207260247,17.024155207260247,0.012213408946990967,1.0
446,0.628080797213818,18.077232722250468,18.23721820834363,0.012424254417419433,0.95
447,0.5036844097290214,16.069529505277732,16.294106925168542,0.012727725505828857,0.85
448,0.5070644038175602,15.160756293995894,15.718988332009825,0.011974668502807618,0.85
449,0.622931350238175,17.771080371397943,17.883559403606075,0.01190340518951416,0.95
450,0.5327593395319902,16.177529479429985,16.385865661275428,0.012185800075531005,0.9
451,0.7203583656630081,16.272372138729228,16.272372138729228,0.012352406978607178,1.0
452,0.630627386101988,14.336910733412827,14.205807141425785,0.012228262424468995,0.95
453,0.6315275382820635,17.729194456985304,18.043362260555668,0.012056028842926026,0.95
454,0.6597131653826158,16.34347494330848,15.055364044837994,0.012154662609100341,0.95
455,0.7204104960313554,14.485659141774752,14.485659141774752,0.012249350547790527,1.0
456,0.48476107771178023,16.329625509131304,16.874769778251263,0.012144172191619873,0.85
457,0.7367774992665431,18.94958272167812,18.94958272167812,0.012272262573242187,1.0
458,0.6506244022225687,17.465952992668747,17.802860684584445,0.012190687656402587,0.95
459,0.5796473657860455,16.853432695430598,17.193285180091504,0.012184214591979981,0.9
460,0.7228085462209937,14.574575532005335,14.574575532005335,0.01241769790649414,1.0
461,0.5367802072834633,16.08387137490953,15.93636522755118,0.012527477741241456,0.9
462,0.5533419280911448,16.827972178552624,16.86060896691386,0.012206935882568359,0.9
463,0.727124162402774,16.751282046993843,16.751282046993843,0.012269389629364014,1.0
464,0.7225550917404615,17.30577640209252,17.30577640209252,0.01191638708114624,1.0
465,0.5519000519895546,17.730699551734297,17.6643330847193,0.012023437023162841,0.9
466,0.6086212073104476,17.270252831702287,17.641380861314154,0.012377071380615234,0.95
467,0.6922472211932923,14.771945406891357,14.771945406891357,0.012227237224578857,1.0
468,0.6136261255087263,15.716596820986087,15.765880241367606,0.012338352203369141,0.95
469,0.633092869892652,15.079357752115419,15.148534815124208,0.012097322940826416,0.95
470,0.4772063298879218,14.090688106858021,14.145379076435578,0.012409746646881104,0.85
471,0.7069654627507299,13.62817079278195,13.62817079278195,0.012294912338256836,1.0
472,0.5597965011422513,15.520722683358688,15.43979500821091,0.012170958518981933,0.9
473,0.7348679687597113,17.448358602975993,17.448358602975993,0.012197959423065185,1.0
474,0.722232422659829,17.614092610461093,17.614092610461093,0.012148630619049073,1.0
475,0.6497237639532263,14.037778168448336,14.071850987009842,0.012121748924255372,0.95
476,0.7148181798507315,14.314865367499262,14.314865367499262,0.01229480504989624,1.0
477,0.6466668939698169,15.561452131406403,15.85243313611207,0.01199113130569458,0.95
478,0.5114787675832478,14.851377770993881,15.276322769075387,0.012143540382385253,0.85
479,0.7287287797181551,17.022842704687843,17.022842704687843,0.012260282039642334,1.0
480,0.5863479514790177,15.583832677060126,15.92055486318982,0.012038481235504151,0.9
481,0.6132411951588864,17.703341629897277,17.761503684514203,0.012344157695770264,0.95
482,0.5454095921659962,15.885684918105278,15.768584736081172,0.012526273727416992,0.9
483,0.7281837675200269,16.296715076651747,16.296715076651747,0.012040197849273682,1.0
484,0.6455578209736021,16.99135315540057,17.116888689605414,0.012251901626586913,0.95
485,0.6348218433596616,14.668720376513406,14.459890376768984,0.012095677852630615,0.95
486,0.707167925553234,18.157353380500034,18.157353380500034,0.01194983720779419,1.0
487,0.7445582163309437,14.97169410656116,14.97169410656116,0.012577521800994872,1.0
488,0.48041798239850786,14.249094966994686,14.09686361415939,0.012215209007263184,0.85
489,0.276703833344926,14.184693538374907,15.139089755195995,0.012232828140258788,0.7
490,0.6884590096277957,16.13898945541083,16.13898945541083,0.012010455131530762,1.0
491,0.6692932668463972,16.426632529576956,16.66604129891984,0.012198781967163086,0.95
492,0.7106099382068689,17.207896124777015,17.207896124777015,0.011992180347442627,1.0
493,0.5810352221030333,16.168153754631216,15.584035902935678,0.011992597579956054,0.9
494,0.6655455717812266,17.380044932763248,17.352212589812464,0.011870551109313964,0.95
495,0.45167105766271093,17.363516776425463,17.96910970847916,0.012084627151489257,0.85
496,0.7293521478926944,17.198022579159502,17.198022579159502,0.012052619457244873,1.0
497,0.5668231151723566,16.95480498442688,17.432313453808433,0.012113773822784423,0.9
498,0.7238915310352072,16.542007862566805,16.542007862566805,0.012202930450439454,1.0
499,0.7204319834103622,13.360777371045213,13.360777371045213,0.012152385711669923,1.0
500,0.6185353762042995,16.80221796045647,17.139004694262518,0.012033176422119141,0.95
501,0.7032505094279933,14.477776855624635,14.477776855624635,0.01226508617401123,1.0
502,0.7217017222698499,16.431494134809878,16.431494134809878,0.011994290351867675,1.0
503,0.6553279733879627,14.825062895683862,14.654892709340734,0.011890923976898194,0.95
504,0.655006671198925,15.26940690608601,15.232774452345346,0.012091112136840821,0.95
505,0.5546064714003558,15.006774115366804,15.313711319940543,0.01232074499130249,0.9
506,0.6478648768692388,15.382933429755331,15.55879548654984,0.012244009971618652,0.95
507,0.704146090660243,15.734941349930367,15.734941349930367,0.012080836296081542,1.0
508,0.5685058749428366,16.234594101862818,16.305419602951638,0.011754262447357177,0.9
509,0.6445117973083858,17.84375941359894,18.028987836190474,0.011798882484436035,0.95
510,0.7478342584789031,15.83727979336322,15.83727979336322,0.011973738670349121,1.0
511,0.6352660721305735,16.442953968184625,16.76971942473479,0.012358915805816651,0.95
512,0.6412631666691346,15.292246845405566,15.188607398100041,0.012053370475769043,0.95
513,0.5289559162147217,16.814679175463517,16.917821193671383,0.012031769752502442,0.9
514,0.5494410870959638,19.676279719949388,19.385732141863695,0.012522804737091064,0.9
515,0.6239166021102633,21.069177933010646,21.146105909278152,0.012295675277709962,0.95
516,0.5697142610926365,16.125924981874306,16.191075278212434,0.012196314334869385,0.9
517,0.7184626938738483,18.036965628173515,18.036965628173515,0.01199866533279419,1.0
518,0.62716703453289,15.368586409091666,15.455536040745685,0.012041914463043212,0.95
519,0.605437633992824,13.62649303806827,13.644414942455107,0.012243711948394775,0.9
520,0.7179585109119815,16.71401459013672,16.71401459013672,0.01181175708770752,1.0
521,0.656181615154505,17.103809831418452,17.45530176431133,0.011900019645690919,0.95
522,0.7333550572999765,15.46525387260292,15.46525387260292,0.011947166919708253,1.0
523,0.6681288028372242,13.716466788911253,13.65243548586303,0.012338376045227051,0.95
524,0.6484061227650909,15.714669321871586,15.835661601579767,0.01193380355834961,0.95
525,0.6605248116477136,15.803476905363727,15.699561221350354,0.012179481983184814,0.95
526,0.5512522960577348,17.153879805431377,17.63687894148487,0.012130677700042725,0.9
527,0.5763106543983454,10.744939786532694,10.58810935825599,0.012270855903625488,0.9
528,0.5940837020998654,15.53344603237658,15.958940131223525,0.012325537204742432,0.9
529,0.7324967668297511,15.259098355689417,15.259098355689417,0.012389016151428223,1.0
530,0.6695603556967706,16.478198485911914,16.426713275947886,0.012446272373199462,0.95
531,0.5854328940495989,16.392698672113877,16.543464110201946,0.01235431432723999,0.9
532,0.6460798540878534,15.771145935486462,15.808955600981493,0.012276506423950196,0.95
533,0.5911785148076738,15.890075719678535,16.43784317686819,0.012154161930084229,0.9
534,0.7106392929017004,14.4478412503536,14.4478412503536,0.012276411056518555,1.0
535,0.7366730062672072,14.303438584150806,14.303438584150806,0.012231230735778809,1.0
536,0.4958745338003003,15.54576464696222,16.149029556898753,0.012442553043365478,0.85
537,0.6287948833150393,17.555488940162064,17.847797127087723,0.012139892578125,0.95
538,0.7147941959752395,16.85895225768765,16.85895225768765,0.012245917320251464,1.0
539,0.634616083721206,17.75587541987941,17.81817973732778,0.012181973457336426,0.95
540,0.7355715975430734,16.03249290341623,16.03249290341623,0.01220022439956665,1.0
541,0.757180371395105,16.43691096951519,16.43691096951519,0.012002778053283692,1.0
542,0.7512111074575728,16.25512449601164,16.25512449601164,0.012311184406280517,1.0
543,0.6537382963572311,16.32844450036826,16.362125389764664,0.012289798259735108,0.95
544,0.7464539939340242,14.418609209466425,14.418609209466425,0.012414729595184327,1.0
545,0.7492539931859242,15.74302529736587,15.74302529736587,0.012401509284973144,1.0
546,0.5637453216375699,15.943458616993102,15.19262245092347,0.012160146236419677,0.9
547,0.6380187863169899,16.60313931486792,16.779849830257174,0.011927270889282226,0.95
548,0.7393794505363847,17.104191755633817,17.104191755633817,0.01210930347442627,1.0
549,0.486473059743013,15.497464113558289,15.402137990483531,0.012162041664123536,0.85
550,0.5140977132966726,15.530190686260093,15.717214245569707,0.012250995635986328,0.85
551,0.5764370111916153,14.477910076264905,14.663891757632168,0.012457168102264405,0.9
552,0.5788607633851542,15.260732189226797,15.431871623875445,0.012320828437805176,0.9
553,0.6344460929312233,17.82504337468216,18.056484511607955,0.01256190538406372,0.95
554,0.6296375698766034,14.477192712016569,14.539216869581026,0.012213611602783203,0.95
555,0.638287525081733,15.371343063282847,15.593304120852986,0.01189671754837036,0.95
556,0.7201072043792811,16.304005123054615,16.304005123054615,0.012187278270721436,1.0
557,0.7368938983036692,16.546323189445467,16.546323189445467,0.012333738803863525,1.0
558,0.7318421260067509,15.46822040476456,15.46822040476456,0.01229393482208252,1.0
559,0.6924096167055672,15.730133933544783,15.730133933544783,0.012215590476989746,1.0
560,0.6387119221561679,16.37285469630013,16.577944569651788,0.01227022409439087,0.95
561,0.7047222312865163,14.61756266286967,14.61756266286967,0.012256598472595215,1.0
562,0.6927688500887919,14.55697960666807,14.55697960666807,0.012202298641204834,1.0
563,0.6652087039367963,16.57891138997637,16.83118473593445,0.012487757205963134,0.95
564,0.36109721923747806,11.807519501701178,11.816249423024681,0.012079668045043946,0.75
565,0.5852284595711588,16.506804004288426,16.911244891704325,0.012115550041198731,0.9
566,0.711262450555235,16.236908513149857,16.236908513149857,0.011930322647094727,1.0
567,0.7273147805711647,15.594004910161559,15.594004910161559,0.012133288383483886,1.0
568,0.6389875387665417,16.964706948576627,17.13851876736453,0.012399864196777344,0.95
569,0.7261652591856484,15.514153769370964,15.514153769370964,0.012199652194976807,1.0
570,0.6489000585343062,15.79060548111276,15.964912029488568,0.012165594100952148,0.95
571,0.7196962981332797,15.423070104475826,15.423070104475826,0.012386679649353027,1.0
572,0.7220614956677343,12.882881987968053,12.882881987968053,0.012225711345672607,1.0
573,0.7475989020924281,14.510496670561952,14.510496670561952,0.012136030197143554,1.0
574,0.651892913616064,14.903612757480184,14.801812416895805,0.011890923976898194,0.95
575,0.6451409447529113,14.921501082959585,15.142230053018286,0.012018465995788574,0.95
576,0.6256470112346296,17.201940039637083,17.54270167043967,0.011997640132904053,0.95
577,0.5731121502572962,17.397520139232334,16.732892599798646,0.012126445770263672,0.9
578,0.6237990773601773,20.959001452907053,19.889299515720865,0.012130928039550782,0.95
579,0.7304386303047938,19.114909120716046,19.114909120716046,0.0122855544090271,1.0
580,0.6369497705502691,17.463397495731627,17.804991859959706,0.012074112892150879,0.95
581,0.623272268442941,16.768711830554125,16.933718127810167,0.012023496627807616,0.95
582,0.704083719703847,16.36453096610314,16.36453096610314,0.01188255548477173,1.0
583,0.6493153218730836,16.221133837709534,15.225056535435009,0.012049627304077149,0.95
584,0.6488386508833643,14.45125848995186,14.40410535590835,0.012268877029418946,0.95
585,0.5750077620521682,13.325600838181927,13.07528446897357,0.012214946746826171,0.9
586,0.5467179773053363,15.031603275744425,15.310495848371763,0.012206196784973145,0.9
587,0.48346925241299504,15.905898888920154,15.771337710437937,0.012099158763885499,0.85
588,0.5084086170828745,14.848858050727054,15.190174306612047,0.012061977386474609,0.85
589,0.6719261235855452,15.335304497288087,15.607916867194831,0.011991751194000245,0.95
590,0.72235155802261,16.15933377691721,16.15933377691721,0.012260353565216065,1.0
591,0.7617092390044015,15.16106125666829,15.16106125666829,0.01212000846862793,1.0
592,0.6543554772698504,16.883755968909252,16.850202833792977,0.011888611316680908,0.95
593,0.7594521461866621,14.062851027737205,14.062851027737205,0.012407052516937255,1.0
594,0.7344942352028716,14.846287763873505,14.846287763873505,0.011989200115203857,1.0
595,0.6783671655721302,15.723768750559975,15.767237000174319,0.012112176418304444,0.95
596,0.6478421060891744,15.331287537975058,14.325598151850317,0.011975908279418945,0.95
597,0.7352092594241489,15.840418056307218,15.840418056307218,0.012002646923065186,1.0
598,0.7256949789442102,17.182314510700188,17.182314510700188,0.012163126468658447,1.0
599,0.6488288800498201,15.557248275305431,15.731192774770747,0.011980259418487548,0.95
600,0.6557081827550553,14.478734835327277,14.65372538696575,0.012100625038146972,0.95
601,0.6732477633269538,14.807529462103009,15.02338933921154,0.012099635601043702,0.95
602,0.597596263955701,15.482034255100157,14.724890870156125,0.03217760324478149,0.9
603,0.6212690268644809,17.36113590585129,17.36662756724558,0.012134075164794922,0.95
604,0.7393686640043556,16.306016872335487,16.306016872335487,0.01218867301940918,1.0
605,0.4113660688562592,16.108486399449713,16.754986978031813,0.011994779109954834,0.8
606,0.5781149003395816,14.966724645693057,15.101293647760336,0.012125885486602784,0.9
607,0.6392615800000485,19.14877740158674,19.292453817063997,0.012254095077514649,0.95
608,0.5071726896991431,18.405877336941977,18.195926469749562,0.012122821807861329,0.85
609,0.6412361740624175,17.487075190852984,17.82204355330969,0.012057149410247802,0.95
610,0.5526341154144296,16.532582937246566,15.298698955730165,0.011793303489685058,0.9
611,0.6578283649208946,16.983798040064645,16.970404469190076,0.011862075328826905,0.95
612,0.6664958463251482,14.561344925798736,14.703321471438741,0.011951744556427002,0.95
613,0.4231018845823223,15.987921433842725,16.364196414246067,0.011892485618591308,0.8
614,0.7163679008420484,14.582362697034483,14.582362697034483,0.012177062034606934,1.0
615,0.5634948117397256,15.341693999952714,15.343348377596389,0.012319552898406982,0.9
616,0.7615000279974758,16.00277630237793,16.00277630237793,0.012413835525512696,1.0
617,0.7074216549710283,16.812305060749907,16.812305060749907,0.012336313724517822,1.0
618,0.7363012924787614,16.70580895733611,16.70580895733611,0.012067890167236328,1.0
619,0.5976513172096163,17.386436653128712,17.672813055201605,0.012096059322357178,0.9
620,0.6492962201215953,14.77951198171939,14.67925674948639,0.01213322877883911,0.95
621,0.7520699103141497,15.117534445449271,15.117534445449271,0.011999130249023438,1.0
622,0.643369883900015,14.869002362512798,15.114223506653582,0.012019860744476318,0.95
623,0.5723895157857353,14.756738061717755,14.823901143927449,0.01227877140045166,0.9
624,0.6348375906227827,16.186669168083974,15.954547688727592,0.012365996837615967,0.95
625,0.6619604194272238,15.164436750208898,15.395615779991454,0.012067770957946778,0.95
626,0.7012742260759015,17.09797046482971,17.09797046482971,0.012121915817260742,1.0
627,0.6496888459682286,18.09034968010934,18.3566884749079,0.01213996410369873,0.95
628,0.6281531584080257,16.114370666321463,16.298974952796787,0.01243518590927124,0.95
629,0.653564923879883,16.902929862078285,16.894653200953762,0.012005424499511719,0.95
630,0.7050883414953887,14.431303862486374,14.431303862486374,0.012052965164184571,1.0
631,0.5799992892453362,16.008810822252666,15.51074213639924,0.012038993835449218,0.9
632,0.5524939063117336,17.670718677266926,18.220388774096,0.012068259716033935,0.9
633,0.715411210749273,19.82501781887724,19.82501781887724,0.011936700344085694,1.0
634,0.7092340253766196,18.108585696761256,18.108585696761256,0.012093651294708251,1.0
635,0.7248800652990471,18.61388304938058,18.61388304938058,0.012457847595214844,1.0
636,0.723784721192575,16.952917071742192,16.952917071742192,0.011928403377532959,1.0
637,0.6348655528241293,16.456143139329274,16.573765394895016,0.012081325054168701,0.95
638,0.5772579877826839,15.63077985712709,15.693507262751812,0.011987459659576417,0.9
639,0.6529976764703813,18.93536612871214,18.276836950968963,0.01212533712387085,0.95
640,0.7087434731249056,18.511007674123935,18.511007674123935,0.012409389019012451,1.0
641,0.5603210685204959,15.951999552927656,16.38910217881154,0.011987686157226562,0.9
642,0.5566970657551489,18.26894268673056,17.38035209419689,0.012177610397338867,0.9
643,0.5804396707870284,17.400997128751907,16.663536088017477,0.012419664859771728,0.9
644,0.7371861431351714,16.17242969076772,16.17242969076772,0.012097382545471191,1.0
645,0.6584084800254324,13.982767353928802,14.106009691499656,0.012273037433624267,0.95
646,0.723870919475563,17.406914980561623,17.406914980561623,0.012247753143310548,1.0
647,0.6963123916972811,18.502354127812954,18.502354127812954,0.012241899967193604,1.0
648,0.7145073238417986,16.576700524284156,16.576700524284156,0.0124253511428833,1.0
649,0.7243735817784595,14.571410311727295,14.571410311727295,0.01229557991027832,1.0
650,0.6528387854101783,15.837126081543982,15.871403319483028,0.012188565731048585,0.95
651,0.6502866522016676,15.56551573345133,15.519447404410995,0.012261271476745605,0.95
652,0.6320600977829692,16.07461934464441,15.894795706449244,0.012081575393676759,0.95
653,0.5148009095427128,15.75227011482858,16.122005374051913,0.012003099918365479,0.85
654,0.6539900018951643,16.872089303301635,17.13003389755071,0.012274932861328126,0.95
655,0.6263751145113556,15.850287772383945,16.11392133873881,0.012043392658233643,0.95
656,0.6350278920141237,17.48619809870174,16.724800107485645,0.011970245838165283,0.95
657,0.563463141821626,14.996228539407607,14.076872422047078,0.01223214864730835,0.9
658,0.6511924103963849,16.59610439657585,16.551897592017298,0.012032973766326904,0.95
659,0.5838145035763265,18.158306917725078,18.523769332109765,0.011860430240631104,0.9
660,0.7006255330636296,14.947383163648485,14.947383163648485,0.012284660339355468,1.0
661,0.6402308962893002,14.42889970624286,14.552996178325337,0.012147641181945801,0.95
662,0.4256377774043168,14.4636610483745,14.98866442331876,0.012266933917999268,0.8
663,0.5681686333130045,12.974624624882775,13.037337139966205,0.0119232177734375,0.9
664,0.7670698307783852,15.32254941762607,15.32254941762607,0.01231309175491333,1.0
665,0.6409878618688285,16.452587258842932,16.55813002208856,0.012207472324371338,0.95
666,0.5712740001366337,17.48420026119515,16.706970218031078,0.012397468090057373,0.9
667,0.6593376481681676,17.849154261024747,18.11983542475174,0.012177598476409913,0.95
668,0.7197719085964038,14.524508015999174,14.524508015999174,0.012093889713287353,1.0
669,0.6547412094003544,14.418451000759955,14.148935274301467,0.012429392337799073,0.95
670,0.7261397923253472,16.827381132082643,16.827381132082643,0.011943602561950683,1.0
671,0.6626604133541062,15.566675350686419,15.546645947614815,0.012414085865020751,0.95
672,0.5259807693685594,16.68789689578985,17.31729827177511,0.012427544593811036,0.85
673,0.6648730511327525,14.4169031258409,14.508688338943474,0.011964643001556396,0.95
674,0.7197948152735376,18.88799173570432,18.88799173570432,0.012432456016540527,1.0
675,0.6542310980924477,16.446699041749135,16.342498050255372,0.012243366241455078,0.95
676,0.719665994649099,16.2388916770927,16.2388916770927,0.012129390239715576,1.0
677,0.5731752219985211,18.57592088684082,18.90444650051109,0.012301421165466309,0.9
678,0.6261205641452565,17.52743759387426,17.87781647792788,0.01217557191848755,0.95
679,0.5669655669649445,17.592563277002093,18.11446973080089,0.012327456474304199,0.9
680,0.6416167667872008,16.75364171440057,16.999559522919878,0.01243441104888916,0.95
681,0.5807410800065784,15.591547794026264,15.96730290510612,0.012170493602752686,0.9
682,0.7350491978547135,16.840274713039896,16.840274713039896,0.012229359149932862,1.0
683,0.673957552565623,14.838235662563658,14.808559596806552,0.012437772750854493,0.95
684,0.685286637840656,17.654068521753736,17.654068521753736,0.012086772918701172,1.0
685,0.6158714140874418,18.039680735765366,18.20911035865142,0.012203872203826904,0.95
686,0.6959635403583576,16.591980376342182,16.591980376342182,0.012325763702392578,1.0
687,0.739260713873474,15.088868045001238,15.088868045001238,0.01245105266571045,1.0
688,0.6599078061505035,15.008789490483082,15.25579343963204,0.012440502643585205,0.95
689,0.6692878339087843,14.461648795858139,14.602415612772823,0.012389719486236572,0.95
690,0.6819985351493472,16.73759027676707,16.657175540630927,0.01258460283279419,0.95
691,0.7174921239895399,16.535261526653724,16.535261526653724,0.012325263023376465,1.0
692,0.7193338444873895,17.22585275452891,17.22585275452891,0.01216186285018921,1.0
693,0.7278145482191908,14.560434444882038,14.560434444882038,0.012241947650909423,1.0
694,0.7196448351099506,11.737612211636414,11.737612211636414,0.012220501899719238,1.0
695,0.5761638690077575,15.73849696713118,15.921924317173328,0.01231919527053833,0.9
696,0.6601517668917631,17.33133936787389,17.530160691497198,0.012128925323486328,0.95
697,0.5555310380630253,18.70800445588484,18.57482850286271,0.012351703643798829,0.9
698,0.7222697095013068,17.357962182800353,17.357962182800353,0.012369227409362794,1.0
699,0.7313784921161532,15.729879023045076,15.729879023045076,0.012220633029937745,1.0
700,0.7427422290958494,15.558036458273587,15.558036458273587,0.01206672191619873,1.0
701,0.6275950359622072,17.426762948902777,17.81451259386866,0.012410855293273926,0.95
702,0.6533497063583524,16.869390036358446,16.075932165504454,0.011950409412384034,0.95
703,0.637469221129286,15.394527481033549,15.373032273067153,0.012479293346405029,0.95
704,0.7339059149908342,15.451213868078373,15.451213868078373,0.011990213394165039,1.0
705,0.7043925384739884,16.752045489154597,16.752045489154597,0.012148439884185791,1.0
706,0.5904683924919645,15.197742460214846,14.553923408728346,0.012458884716033935,0.9
707,0.5854766224139152,15.230937625352514,15.3856486015252,0.012301397323608399,0.9
708,0.5208546627952486,14.723153996262493,14.853141755128606,0.012005102634429932,0.85
709,0.6630432868965255,16.207810483354898,16.478132858446035,0.012316358089447022,0.95
710,0.666847161662892,16.960815914897175,17.2557854101771,0.01223318576812744,0.95
711,0.6164850584483373,15.248431142504014,15.429620896836424,0.01220768690109253,0.95
712,0.6444212478733737,14.038251864577003,14.12601357053692,0.012202143669128418,0.95
713,0.737854245349157,14.745803443848658,14.745803443848658,0.012316703796386719,1.0
714,0.6575177362671296,15.506234989180665,15.345910050660349,0.012140202522277831,0.95
715,0.5678431770223038,15.17782830758802,15.453192676536936,0.012131941318511964,0.9
716,0.6374604315706742,17.40302751766031,17.47379043392838,0.012356281280517578,0.95
717,0.699012141928183,16.642001037383444,16.642001037383444,0.01250377893447876,1.0
718,0.46661528464746505,15.56021476967704,15.678846391197233,0.01205521821975708,0.85
719,0.7343149537815858,17.14969672948319,17.14969672948319,0.01218245029449463,1.0
720,0.560447957841449,16.203017026647295,16.476516309517464,0.012350332736968995,0.9
721,0.5611039458560146,15.812976769569138,15.761631484634815,0.012079381942749023,0.9
722,0.6461655214437126,16.241937701163046,16.2841893617067,0.01239774227142334,0.95
723,0.5626293238725213,13.625148226786902,13.57465202149488,0.012562668323516846,0.9
724,0.5620001380300914,15.640742191880246,16.0087898981752,0.012328362464904786,0.9
725,0.726522663768748,18.762569853900967,18.762569853900967,0.012542712688446044,1.0
726,0.5667457944945878,16.038048961887664,16.07634106495285,0.012501895427703857,0.9
727,0.4838597846468387,17.709300134936775,17.879102241304793,0.0126977801322937,0.85
728,0.6981003602902452,18.007675669360736,18.007675669360736,0.012298619747161866,1.0
729,0.5445882434402223,17.77140572342619,17.897019531726382,0.012230324745178222,0.9
730,0.5556944388648097,17.489351212334572,16.832013150868235,0.012218320369720459,0.9
731,0.6454168161971536,18.259026489957776,18.483936537507194,0.012232697010040284,0.95
732,0.5909852165588514,18.99656711696783,19.64145681689479,0.012678492069244384,0.9
733,0.6370918154251787,17.408272033261035,17.66211033652047,0.012585973739624024,0.95
734,0.6830098629329171,19.61779195297843,19.61779195297843,0.01228705644607544,1.0
735,0.6517935721533141,17.238324455208787,16.39381363633892,0.01246941089630127,0.95
736,0.648053491709552,16.728854880922835,16.766941303328373,0.012565553188323975,0.95
737,0.6930352918532054,17.328202451897102,17.328202451897102,0.012441253662109375,1.0
738,0.49210623902272327,17.05107717778453,17.35454685118258,0.012420761585235595,0.85
739,0.6461006867000834,17.283734481673847,17.667009609611444,0.012131154537200928,0.95
740,0.7200758896800966,16.050651975460333,16.050651975460333,0.012176549434661866,1.0
741,0.5825988471244845,16.575901087736703,16.595594846648353,0.012234354019165039,0.9
742,0.618692680118986,21.59018450885628,20.883604817651623,0.012173497676849365,0.95
743,0.616263237234025,18.870037745662103,18.03807406085816,0.012313151359558105,0.95
744,0.48364953170220615,15.354550625859824,15.719493571860808,0.012509036064147949,0.85
745,0.6517561739794925,16.715959698019766,16.845955827503506,0.012571465969085694,0.95
746,0.6177902124378523,17.174261755556778,16.854745041589414,0.012323856353759766,0.95
747,0.6606873888756073,18.752962448907873,19.212170127621913,0.012399446964263917,0.95
748,0.48740771001406324,16.52787255655777,16.93871345964766,0.01234685182571411,0.85
749,0.7047558680435878,16.775649403221394,16.775649403221394,0.012320339679718018,1.0
750,0.6985231303315689,16.849694311117144,16.849694311117144,0.012086212635040283,1.0
751,0.6341786841966077,16.762050506024785,16.74909271463133,0.012332117557525635,0.95
752,0.6517197755675026,17.151988282307197,17.462139977307864,0.012477171421051026,0.95
753,0.6417405735526195,16.370135865116985,16.645322318776195,0.012238478660583496,0.95
754,0.7234261763408183,15.177732947933432,15.177732947933432,0.012100279331207275,1.0
755,0.6182402572846408,15.246637778067011,14.381356044670147,0.011913871765136719,0.95
756,0.6344502469559665,17.683125490787283,18.019990810745117,0.012258756160736083,0.95
757,0.5464267377147891,16.228949963650106,16.410806426193368,0.012559878826141357,0.9
758,0.4776686070633077,17.88581751923029,18.407586611093947,0.012068963050842286,0.85
759,0.5834205020205353,14.611992356055737,14.6831391874199,0.01228039264678955,0.9
760,0.5977502841527806,15.285919159824363,15.597615117704114,0.012529826164245606,0.9
761,0.640004403327262,17.156248714920324,17.387060091995533,0.012170732021331787,0.95
762,0.632390093783576,16.88202905933244,16.965797305154485,0.012068915367126464,0.95
763,0.5416781551310705,17.466737946464207,17.996639192628418,0.01218740940093994,0.9
764,0.7250692305625562,15.573363525108835,15.573363525108835,0.012483596801757812,1.0
765,0.4753218104356772,16.23207988814439,16.973080808111316,0.012417328357696534,0.85
766,0.4785139729402423,17.87232224217811,16.800424506065294,0.012307393550872802,0.85
767,0.7329359963381666,19.736972723797145,19.736972723797145,0.012344980239868164,1.0
768,0.6284555923409774,16.90745988499932,16.121476437284787,0.012242281436920166,0.95
769,0.5559135958281107,16.062960020528713,15.322951283534003,0.012286460399627686,0.9
770,0.5671927479745353,15.747766797009081,15.734860356013055,0.0122214674949646,0.9
771,0.6245301630076743,15.360467133912545,15.484946163073596,0.012302267551422118,0.95
772,0.5884693449294695,17.952632980054098,17.16965056066753,0.012209534645080566,0.9
773,0.5587386548003457,17.247647834464054,15.914353297370582,0.01260218620300293,0.9
774,0.5907303974908433,18.43300715951637,17.455327005021967,0.012314796447753906,0.9
775,0.5529862255072794,17.622735657390376,17.336050928617357,0.012199759483337402,0.9
776,0.7400434054621775,17.262734419830196,17.262734419830196,0.012218177318572998,1.0
777,0.6568799733559613,16.236045228490216,16.56032381848123,0.012266039848327637,0.95
778,0.6558218926790713,13.805972170652856,13.909409224562216,0.01215822696685791,0.95
779,0.717457589905959,14.772975576862908,14.772975576862908,0.01197803020477295,1.0
780,0.4818765693471855,14.174689722876604,14.01526394366233,0.012079739570617675,0.85
781,0.6671561654861538,15.692323117075144,15.79016976689251,0.012278151512145997,0.95
782,0.7514997074409151,15.32116944702948,15.32116944702948,0.012073814868927002,1.0
783,0.6098002247539378,15.052197051380318,15.027922584508339,0.012417161464691162,0.9
784,0.5965309003640029,15.690975408987091,15.949074945414266,0.012525320053100586,0.9
785,0.7142824820756417,15.53706859016182,15.53706859016182,0.012336301803588866,1.0
786,0.4692693198168573,15.67870968965708,15.69026450149145,0.012194442749023437,0.85
787,0.5548584645257664,15.123167932341051,15.011740668486262,0.012350106239318847,0.9
788,0.6455760406575186,15.832168704529645,15.965125293071965,0.012433159351348876,0.95
789,0.580304557986931,16.579193065157234,16.570536387677734,0.012491333484649658,0.9
790,0.6207797363441052,16.142634087340422,16.132618803019103,0.012454700469970704,0.95
791,0.5549920841406897,18.08720731222274,18.482566108907847,0.012394082546234132,0.9
792,0.6328702868624938,14.618558722348439,14.761506468802311,0.012368237972259522,0.95
793,0.5685137646649199,14.236038467329958,14.124772844550824,0.012362360954284668,0.9
794,0.6678464212843823,16.955073316578396,16.962237048413716,0.012456130981445313,0.95
795,0.6571549900104363,16.527561258695165,16.85310708594463,0.01234346628189087,0.95
796,0.588043028643926,18.190544336217872,18.872478686356363,0.012297773361206054,0.9
797,0.7511957124589393,15.298529967739498,15.298529967739498,0.012327837944030761,1.0
798,0.5711545145092669,15.889622758622616,16.380362960958557,0.012428498268127442,0.9
799,0.6239157285027749,15.809903819543958,15.904131667015989,0.012321758270263671,0.95
800,0.41941582142316325,15.179915768993402,15.830537217979412,0.012586247920989991,0.8
801,0.5733755178611352,16.93116821137901,17.17773057128253,0.012518990039825439,0.9
802,0.7261580755521122,18.5694620669313,18.5694620669313,0.01218116283416748,1.0
803,0.7012148984183899,15.824980596272928,15.824980596272928,0.012390065193176269,1.0
804,0.7245711967338898,17.988097603377643,17.988097603377643,0.012123012542724609,1.0
805,0.6304999699671228,16.935195019194442,16.880641510473907,0.01207650899887085,0.95
806,0.7116045883347175,19.294811710415228,19.294811710415228,0.012453579902648925,1.0
807,0.7254847365933031,18.39205547761021,18.39205547761021,0.012109971046447754,1.0
808,0.5221623601387021,14.264395254821,14.305292119029259,0.01201988458633423,0.85
809,0.6626274392418534,15.26102735638544,15.49962437466319,0.01213536262512207,0.95
810,0.7424132485440167,16.80433055127267,16.80433055127267,0.011876571178436279,1.0
811,0.6388673738636701,16.879229457700458,17.101469571367062,0.012209033966064453,0.95
812,0.6687037391224279,15.708222366286218,15.816753203935544,0.012489044666290283,0.95
813,0.5781477231442487,15.945509564239126,15.524224187934724,0.012219905853271484,0.9
814,0.5331206946544127,16.827649333657945,16.96015203612686,0.012162315845489501,0.9
815,0.7171638293931234,15.01264427334132,15.01264427334132,0.01226801872253418,1.0
816,0.6590046310499906,15.13808344237196,15.032977750237274,0.01222822666168213,0.95
817,0.6609235416961654,16.259675544494733,15.365903529433607,0.012160682678222656,0.95
818,0.7317180389934873,18.139403629671428,18.139403629671428,0.012332558631896973,1.0
819,0.5829153480363201,15.709353465382558,15.822333396640296,0.011983442306518554,0.9
820,0.6967179058264164,17.54184310717035,17.54184310717035,0.01220095157623291,1.0
821,0.7318065892000494,18.153363434436745,18.153363434436745,0.012080574035644531,1.0
822,0.6556309777912126,17.33778546408798,17.482690084852493,0.011911892890930175,0.95
823,0.6291263718381944,16.464426821420208,16.569060413770245,0.012005853652954101,0.95
824,0.667182558346727,16.30658580641657,16.572168243394817,0.012032830715179443,0.95
825,0.7474043256449526,16.274270435978895,16.274270435978895,0.012270545959472657,1.0
826,0.6615663958552692,16.025902837657085,16.329262665756033,0.01222742795944214,0.95
827,0.7197912020380031,18.082520355910535,18.082520355910535,0.012315404415130616,1.0
828,0.7390081810879687,14.794013341041738,14.794013341041738,0.012390375137329102,1.0
829,0.651183080275288,16.274911288441007,16.42235975378298,0.012251698970794677,0.95
830,0.7491681073303087,14.887409076664875,14.887409076664875,0.012339937686920165,1.0
831,0.6554735954673155,18.544167036771633,18.982587428240194,0.012517881393432618,0.95
832,0.6076615196832102,14.082701696660669,13.051445460686999,0.012367355823516845,0.9
833,0.6251393496923348,15.727454686439282,15.514060925057768,0.012360119819641113,0.95
834,0.6367627278984436,17.733888355051736,17.864118315387294,0.012479615211486817,0.95
835,0.6958331843612642,15.241919902098957,15.322813227764607,0.01232379674911499,0.95
836,0.6567923677514946,13.691518625276899,12.65547909311681,0.012294244766235352,0.95
837,0.6607371408646601,16.23087006613776,16.192162508885975,0.012278449535369874,0.95
838,0.7318622093765754,15.75990399269833,15.75990399269833,0.012324261665344238,1.0
839,0.6724594377242641,16.037072524171602,16.058148138937792,0.01220109462738037,0.95
840,0.6930712283462483,17.167514901273798,17.167514901273798,0.01226944923400879,1.0
841,0.6437389531018907,15.091198613875525,15.249523422299438,0.012350082397460938,0.95
842,0.5589654270144997,15.620750586506187,16.051313820875887,0.01183701753616333,0.9
843,0.63230028716017,16.03618410188007,16.33903757620391,0.011829423904418945,0.95
844,0.5462987430898187,14.370190042478393,14.795336622851352,0.012014257907867431,0.9
845,0.7072252180988977,15.71652617464915,15.71652617464915,0.012065768241882324,1.0
846,0.7467435875868256,15.420290195861941,15.420290195861941,0.012303042411804199,1.0
847,0.4915200144316225,14.728089096613157,14.639770222758964,0.012143778800964355,0.85
848,0.650244057661983,13.55842258068886,13.658613235273059,0.012301123142242432,0.95
849,0.72719088614479,16.27992689484026,16.27992689484026,0.012152576446533203,1.0
850,0.5918058863179689,16.12821086412132,15.984597775298003,0.012081789970397949,0.9
851,0.6366268634705576,15.078499224698486,15.22902608153901,0.012136280536651611,0.95
852,0.6481485110418469,15.268624193703781,15.036794477879836,0.011950647830963135,0.95
853,0.7248358375577416,15.465905496533477,15.465905496533477,0.011972057819366454,1.0
854,0.7217676898694655,15.98366677218109,15.98366677218109,0.011932826042175293,1.0
855,0.7275907763291911,14.447029442002664,14.447029442002664,0.012170326709747315,1.0
856,0.7162912467831356,16.04386748217128,16.04386748217128,0.012114918231964112,1.0
857,0.6576157672576927,17.61194902600368,17.86084060731087,0.012154185771942138,0.95
858,0.7044042396001793,17.990364108552487,17.990364108552487,0.012003707885742187,1.0
859,0.723318660533035,18.708620945644196,18.708620945644196,0.012160205841064453,1.0
860,0.6927439549707074,17.878974734163755,17.878974734163755,0.012214672565460206,1.0
861,0.7202726267889681,17.698575067509843,17.698575067509843,0.01235107183456421,1.0
862,0.7109158346228215,16.487446619849077,16.487446619849077,0.012247025966644287,1.0
863,0.6537355636816433,19.99467768704933,18.97366856614094,0.012015986442565917,0.95
864,0.6320891108546562,18.845277344727158,19.11544364459362,0.012170720100402831,0.95
865,0.7258633445493585,15.600694176310856,15.600694176310856,0.012191963195800782,1.0
866,0.7318255770575651,16.387720312007147,16.387720312007147,0.012134766578674317,1.0
867,0.6618027821131467,16.428579734588823,16.661104337330936,0.012082564830780029,0.95
868,0.6340680273497952,15.635050144914354,15.509440431448109,0.0119728684425354,0.95
869,0.6409978381839603,17.29723245712611,17.50707790223672,0.011936914920806885,0.95
870,0.7198475882220479,19.113359093328164,19.113359093328164,0.012374794483184815,1.0
871,0.6606663078190775,19.076871663076865,18.48516278292949,0.012154614925384522,0.95
872,0.6433987271367727,15.648178562740913,15.893880299280355,0.011943626403808593,0.95
873,0.7056376259635553,16.043054183102424,16.043054183102424,0.01226818561553955,1.0
874,0.7211904574591401,13.382498625343919,13.382498625343919,0.01211690902709961,1.0
875,0.7424805838789083,14.785409983588064,14.785409983588064,0.012088465690612792,1.0
876,0.734632808449762,17.908436420602577,17.908436420602577,0.012241387367248535,1.0
877,0.7138985839999615,15.944719661173849,15.944719661173849,0.012206339836120605,1.0
878,0.65597659539266,13.860885704265419,14.005698250652458,0.012058007717132568,0.95
879,0.7096691794952725,16.690585618256197,16.690585618256197,0.011786353588104249,1.0
880,0.6275974054392461,16.375556213081452,16.316775414130213,0.012074577808380126,0.95
881,0.5664102772501391,18.01102440901524,18.30866644552946,0.012244129180908203,0.9
882,0.5671953845071462,17.677181496715352,18.25652671171595,0.012053394317626953,0.9
883,0.6286222904213739,17.886542069187733,18.144812634720402,0.01201709508895874,0.95
884,0.47448126588568673,17.08541317385889,16.10855134975444,0.01185992956161499,0.85
885,0.7248013451255608,15.773158173712819,15.773158173712819,0.012179076671600342,1.0
886,0.7140745487407327,15.629181757750652,15.629181757750652,0.012138843536376953,1.0
887,0.7183429063624968,17.976987862463552,17.976987862463552,0.012152338027954101,1.0
888,0.6884297628079323,16.915286095284642,16.915286095284642,0.01226729154586792,1.0
889,0.7122901865721343,16.872454811372293,16.872454811372293,0.01202012300491333,1.0
890,0.7379341310391037,15.60867811854036,15.60867811854036,0.012009143829345703,1.0
891,0.7489084311001716,16.63275638831946,16.63275638831946,0.012292110919952392,1.0
892,0.7063244596140678,17.6649924122079,17.6649924122079,0.01208277940750122,1.0
893,0.6500380867130561,15.780987466920195,15.916011505272895,0.012262105941772461,0.95
894,0.6375833001500261,16.92736661739255,17.23039034165952,0.012219643592834473,0.95
895,0.6588742481390968,16.340105043819186,16.67041419601898,0.01223900318145752,0.95
896,0.6537061143730772,18.356093019205254,18.275534786053992,0.012262690067291259,0.95
897,0.6489834856154955,21.084871013212457,19.978229580613377,0.012002682685852051,0.95
898,0.5591971854862646,16.320618157381965,15.674761551640326,0.012285137176513672,0.9
899,0.7168909324095469,16.259029774371534,16.259029774371534,0.012200713157653809,1.0
900,0.7056399652059195,14.89156220361497,14.89156220361497,0.012183332443237304,1.0
901,0.7137414098087375,16.998847871720486,16.998847871720486,0.01230388879776001,1.0
902,0.630321139552313,19.071533848485267,19.31475966411596,0.01244211196899414,0.95
903,0.6274750143042056,17.184295086708342,17.289734261430073,0.01221073865890503,0.95
904,0.6646283702213494,18.059915321523988,18.16332979875988,0.012090551853179931,0.95
905,0.7481846872393179,16.591561743351157,16.591561743351157,0.012047040462493896,1.0
906,0.7209902892732623,14.993531010699261,14.993531010699261,0.011957669258117675,1.0
907,0.6510823545429703,18.030338787470022,18.170636677300013,0.011929893493652343,0.95
908,0.4935467683422214,16.943076106704417,17.573114162138648,0.012211906909942626,0.85
909,0.6253683331896409,17.79479569884691,17.72299192558709,0.012010014057159424,0.95
910,0.6641084228111934,15.075212194772721,15.315721788280984,0.012343800067901612,0.95
911,0.7388424127954102,16.454446363534498,16.454446363534498,0.01220560073852539,1.0
912,0.7127977552695051,18.595023040175615,18.595023040175615,0.01239091157913208,1.0
913,0.657476743132925,17.888337697953524,17.155192414409015,0.012425625324249267,0.95
914,0.7239213818030491,16.26651872238312,16.26651872238312,0.011900067329406738,1.0
915,0.5595062111797046,17.966453580976225,17.284534214676313,0.012234807014465332,0.9
916,0.6319841299905533,14.129551075122214,14.092662866329725,0.012004029750823975,0.95
917,0.5580843606001297,16.33656796412322,16.518972704181138,0.012211799621582031,0.9
918,0.5698659534652111,16.65279723374236,16.781955350347552,0.01194765567779541,0.9
919,0.6539018393343456,15.911612305894995,16.184410149309088,0.012071120738983154,0.95
920,0.6638317571497356,15.916222169366844,16.19441003704905,0.012228631973266601,0.95
921,0.7223490744350113,14.740474001916144,14.740474001916144,0.012503707408905029,1.0
922,0.7063503822834203,16.718626803377354,16.718626803377354,0.012192082405090333,1.0
923,0.5426215262163954,17.717348555756026,18.065981752532718,0.01212824583053589,0.9
924,0.6452687837456228,15.151254769441243,15.03432722736895,0.01218949556350708,0.95
925,0.7459578371994879,16.467963949940092,16.467963949940092,0.01225513219833374,1.0
926,0.6419222236086863,17.63767755527484,17.724916556231705,0.012271201610565186,0.95
927,0.49995920656649845,16.302323617853833,15.390233061950797,0.012307488918304443,0.85
928,0.5666048750386817,16.321364428707987,15.668193454463891,0.012303125858306885,0.9
929,0.5574156571346621,13.261286929605225,13.257583736468654,0.012041044235229493,0.9
930,0.6362622696147018,13.969601128561484,13.990154724238003,0.012200105190277099,0.95
931,0.6442540308325466,15.527748383503322,15.548901607611278,0.011983656883239746,0.95
932,0.6329706404726013,15.553051436155016,15.832264687500762,0.012198424339294434,0.95
933,0.4977539160628191,16.70691592050094,16.195771650922147,0.012216508388519287,0.85
934,0.521042293619726,15.84030831072505,16.629528719777774,0.0125757098197937,0.85
935,0.7208622413083969,17.033914441098794,17.033914441098794,0.012181174755096436,1.0
936,0.7014543610271822,16.312947380636707,16.312947380636707,0.012235605716705322,1.0
937,0.48414064432079285,15.811782513988954,16.211515925949982,0.012324213981628418,0.85
938,0.6462979753207977,18.093239622135904,18.214716475754585,0.01270526647567749,0.95
939,0.7168645892490076,17.82811925604615,17.82811925604615,0.012111008167266846,1.0
940,0.622677647650744,16.980441829284807,17.319752549614112,0.011919188499450683,0.95
941,0.5729809832735877,15.267263696461148,14.525227272515556,0.01234515905380249,0.9
942,0.7210181215449396,16.112932334772026,16.112932334772026,0.012096452713012695,1.0
943,0.732930986411317,16.142603153374836,16.142603153374836,0.012133932113647461,1.0
944,0.7237843289927968,16.723688851675412,16.723688851675412,0.012300610542297363,1.0
945,0.6283867457608416,18.875744444027223,19.11507274502439,0.012177014350891113,0.95
946,0.7458451073797665,16.656995230466308,16.656995230466308,0.012189960479736328,1.0
947,0.7453797590608852,16.2446915910298,16.2446915910298,0.012025809288024903,1.0
948,0.6598205342589354,16.79378831400729,17.010288815493396,0.012122464179992676,0.95
949,0.5482316970165729,15.300983085675762,15.149934913332494,0.012053346633911133,0.9
950,0.7006196979092103,16.245330124886507,16.245330124886507,0.012163257598876953,1.0
951,0.6214897357538048,17.884967174356355,17.63705064069013,0.011986374855041504,0.95
952,0.6411220966937089,16.44918874330066,16.451415501765027,0.0120743989944458,0.95
953,0.5711283280791977,16.219293565694368,16.493896495497474,0.012208688259124755,0.9
954,0.6611873023795789,15.935123919956812,16.09603165256892,0.012266302108764648,0.95
955,0.6809224661476303,17.208636537591897,17.506752596395568,0.012072694301605225,0.95
956,0.7159999224873324,17.34992377916189,17.34992377916189,0.01213914155960083,1.0
957,0.5649348565163,17.404333179529583,17.199833393149333,0.011996161937713624,0.9
958,0.6510762528342594,15.184661103943153,15.171984235862812,0.01228560209274292,0.95
959,0.6087129320464176,16.278846270526596,16.450749332285614,0.0122658371925354,0.95
960,0.7192591240751878,15.859168655543689,15.859168655543689,0.012104499340057372,1.0
961,0.643072150058116,16.551644354873105,16.730370837247367,0.012285244464874268,0.95
962,0.7206280088186016,15.63995866021168,15.63995866021168,0.012216246128082276,1.0
963,0.6224877362420044,14.71980267073501,14.925684977906748,0.012079930305480957,0.95
964,0.7408818782576143,16.75739819342622,16.75739819342622,0.012088978290557861,1.0
965,0.600766189839351,17.524527806404354,17.62745117767029,0.012263679504394531,0.9
966,0.6583615731607642,14.863026084624028,14.660151580304872,0.01225278377532959,0.95
967,0.7243218783638443,16.657443216170304,16.657443216170304,0.012159180641174317,1.0
968,0.7336668567589026,14.24338819362176,14.24338819362176,0.012486648559570313,1.0
969,0.6187482445433984,15.12472708472399,15.287032369519869,0.011931729316711426,0.95
970,0.7036872380346295,14.964216856411431,14.964216856411431,0.01200253963470459,1.0
971,0.6272784332096173,16.485899970361682,16.670169501101963,0.011843442916870117,0.95
972,0.6653818977217528,16.627083419301023,16.634669415099037,0.012007296085357666,0.95
973,0.6401490893898071,19.72235051170867,19.03298728111269,0.012201082706451417,0.95
974,0.6518398330606708,17.182886465128007,17.55338716557593,0.012103855609893799,0.95
975,0.7103218626364228,18.051844914458993,18.051844914458993,0.012027609348297118,1.0
976,0.7017184960722019,18.403494259353756,18.403494259353756,0.012045013904571533,1.0
977,0.7210295414655484,16.518574492724024,16.518574492724024,0.012225008010864258,1.0
978,0.6638840293660636,17.50872179978434,17.712878322432942,0.012123346328735352,0.95
979,0.6513397118480935,18.72926782719778,19.131975048607472,0.012221431732177735,0.95
980,0.5684462173089782,17.761868248259685,17.15255434565251,0.012256765365600586,0.9
981,0.6573412306527824,17.40850871451506,17.60361113581537,0.012339961528778077,0.95
982,0.5055050416458615,15.015451849178266,15.160585940821152,0.012409770488739013,0.85
983,0.5426345894356157,16.968524466192683,17.348488340930206,0.01226496696472168,0.9
984,0.6922082659169855,15.896217471370466,15.896217471370466,0.011959397792816162,1.0
985,0.7665306068750933,15.721955955763615,15.721955955763615,0.012141335010528564,1.0
986,0.7260982791846919,15.94925052602505,15.94925052602505,0.0123390793800354,1.0
987,0.5701325833643281,15.429591589527593,15.232322128101755,0.012189757823944092,0.9
988,0.5955211696089842,17.576040627919582,18.061507579812258,0.012233400344848632,0.9
989,0.6595970448154356,17.375644675177192,17.739029352570746,0.011884498596191406,0.95
990,0.6769683293662669,14.803092523578519,15.042979975698524,0.011851251125335693,0.95
991,0.7457618188305682,15.477235798758679,15.477235798758679,0.012079763412475585,1.0
992,0.6754554867086293,15.321175730541176,15.545200182421336,0.012397515773773193,0.95
993,0.25969269167877174,17.80516153442972,20.303647877759623,0.011996567249298096,0.7
994,0.7292091914079545,16.880190580572435,16.880190580572435,0.012159943580627441,1.0
995,0.7244283682400733,13.144882199468123,13.144882199468123,0.01223846673965454,1.0
996,0.6546293067455781,15.93275230858363,16.23425466859475,0.012008869647979736,0.95
997,0.7475863953080832,15.501254626352681,15.501254626352681,0.0122977614402771,1.0
998,0.6951770106248646,16.829335715363932,16.829335715363932,0.012488007545471191,1.0
999,0.6387539644612518,17.43084157068123,17.478891836809783,0.012250971794128419,0.95
1000,0.7222906932648707,17.055967975855616,17.055967975855616,0.012115514278411866,1.0
1001,0.7245486915660515,18.314863635663166,18.314863635663166,0.012149560451507568,1.0
1002,0.6479123272120115,16.341079980911992,16.53086044876518,0.012021851539611817,0.95
1003,0.639391093368089,16.447199596591314,16.47633732625353,0.01233745813369751,0.95
1004,0.7296071394525011,15.26060564037829,15.26060564037829,0.012256288528442382,1.0
1005,0.6632049364123007,15.875494157954268,16.127513828020305,0.01234297752380371,0.95
1006,0.4011268574258978,15.969918020478664,15.911408116740464,0.012161290645599366,0.8
1007,0.7292698122783194,16.260045670661007,16.260045670661007,0.012371063232421875,1.0
1008,0.6376038549859855,15.588107018807174,15.765756429961606,0.012194252014160157,0.9
1009,0.74868063820642,15.219143991069439,15.219143991069439,0.01220017671585083,1.0
1010,0.6484554690775047,17.06782268493597,17.280990550149237,0.012420094013214112,0.95
1011,0.5768713802834851,17.910967564259554,17.18125400332875,0.012285423278808594,0.9
1012,0.7469943853119172,17.149306420065095,17.149306420065095,0.012333524227142335,1.0
1013,0.7197468831188678,17.26260311236352,17.26260311236352,0.012003850936889649,1.0
1014,0.5612899990188166,18.96403782876301,19.416120418317764,0.012263751029968262,0.9
1015,0.5655899032594578,17.446152135809037,17.79019789931027,0.012039732933044434,0.9
1016,0.6301062401929176,18.016566311156822,18.119416480512864,0.012117516994476319,0.95
1017,0.640776722955729,15.281683281844874,15.232414678905448,0.0122283935546875,0.95
1018,0.6479736210354226,17.352871330499703,17.430403246310547,0.011958861351013183,0.95
1019,0.7278943454465941,18.895021792486418,18.895021792486418,0.01212618350982666,1.0
1020,0.6493303630003642,17.14651216303863,17.153022790015413,0.012213945388793945,0.95
1021,0.5526296512188538,18.970799682723488,19.54137339709882,0.012232637405395508,0.9
1022,0.6732169474525438,16.80157243008924,17.151782227590385,0.01248483657836914,0.95
1023,0.6649894753093083,15.006398927796388,14.920146345806556,0.012256157398223878,0.95
1024,0.6148297004479206,15.988239874338362,15.709975222579255,0.011855947971343993,0.95
1025,0.5299057327744621,19.306581694167104,20.21318405410631,0.011857712268829345,0.85
1026,0.5673414786950839,16.702367899725274,17.246186430131804,0.011922049522399902,0.9
1027,0.6974755126270773,17.394831444132002,17.394831444132002,0.01203838586807251,1.0
1028,0.5457879672713059,17.30543464125217,17.777761136949792,0.01233668327331543,0.9
1029,0.7102454600796385,18.260389106709596,18.260389106709596,0.012589430809020996,1.0
1030,0.6451042584561313,16.56375430709676,15.84052029553155,0.012060606479644775,0.95
1031,0.5703861896362001,15.804913685246778,15.759294748321603,0.012060236930847169,0.9
1032,0.6673664249318024,15.820163913561903,15.991042188858108,0.012007105350494384,0.95
1033,0.7075424177761022,18.666614119379954,18.666614119379954,0.012167704105377198,1.0
1034,0.7120202561833786,15.97257917790569,15.97257917790569,0.012363433837890625,1.0
1035,0.6637712732969796,13.217534439506807,12.940266435094884,0.012219643592834473,0.95
1036,0.650633705016091,15.220639827922634,15.427608721189918,0.012348711490631104,0.95
1037,0.5067697624830607,15.48218540668302,15.397920817475676,0.011959695816040039,0.85
1038,0.49814866195663915,18.001729756618168,18.66196453491213,0.012213981151580811,0.85
1039,0.652668152470132,17.539912119845567,16.867724595682873,0.01246427297592163,0.95
1040,0.7401301755165542,16.006421038725925,16.006421038725925,0.012125217914581298,1.0
1041,0.5374538577003931,18.699645327317345,17.84792180011921,0.011884784698486328,0.9
1042,0.6172169438922768,20.121316108247335,20.334882146122,0.011984729766845703,0.95
1043,0.7200882171131424,15.309409151926895,15.309409151926895,0.011897909641265868,1.0
1044,0.7192087474739831,14.582296650805048,14.582296650805048,0.012490940093994141,1.0
1045,0.7178902009910604,17.588145898278256,17.588145898278256,0.012052547931671143,1.0
1046,0.7389379493903804,15.272291876380399,15.272291876380399,0.012258636951446533,1.0
1047,0.596939757145844,18.261846663745878,18.422512492969293,0.012156546115875244,0.9
1048,0.5824855997817868,19.681729539254615,20.163157769832104,0.01195605993270874,0.9
1049,0.5701357999261224,18.840515277510345,19.67258386089334,0.012108385562896729,0.9
1050,0.5563067410926187,16.761431509434995,17.06912537832537,0.012025213241577149,0.9
1051,0.6332616218190893,17.054472544909185,17.09062365022088,0.012005817890167237,0.95
1052,0.6908827585155641,17.56663884580741,17.56663884580741,0.012153887748718261,1.0
1053,0.6850405493535499,16.139525038421407,16.139525038421407,0.012120246887207031,1.0
1054,0.6736800924770323,15.765859552727013,15.969912403684257,0.012481248378753662,0.95
1055,0.7430199179108131,16.470547891069284,16.470547891069284,0.012100732326507569,1.0
1056,0.7208467074119604,15.784115463658466,15.784115463658466,0.012115097045898438,1.0
1057,0.6793224910163074,16.875485782922716,17.235070016289512,0.012405693531036377,0.95
1058,0.635128455046597,17.619984845808027,16.374846921622584,0.011998498439788818,0.95
1059,0.5433752100784408,17.58759524964724,16.44562143034038,0.012189412117004394,0.9
1060,0.5122462898869891,16.89035126623434,15.74847493149773,0.012104642391204835,0.85
1061,0.6316569148367839,15.017056395184373,14.084190290558178,0.012364089488983154,0.95
1062,0.48652937190172685,17.878422780007433,17.455105504868524,0.01213691234588623,0.85
1063,0.5860950521194673,14.445116179313274,13.571855188225875,0.012286627292633056,0.9
1064,0.616483618576014,19.38468063374289,19.517106271131805,0.012073254585266114,0.95
1065,0.4326202373838792,17.05381765126961,17.83680220883091,0.012282860279083253,0.8
1066,0.7365034376228252,15.534723129710136,15.534723129710136,0.01224132776260376,1.0
1067,0.723311366881602,14.662658716460868,14.662658716460868,0.012505054473876953,1.0
1068,0.6495675015732445,17.83731897105085,18.22496626699576,0.011896419525146484,0.95
1069,0.5911183137409173,17.339414783994748,17.6122762761886,0.01206439733505249,0.9
1070,0.6523725540695202,18.80650800192205,18.98056431555465,0.011853039264678955,0.95
1071,0.6583099225123987,14.843173723469812,14.874691596017268,0.011886882781982421,0.95
1072,0.5304781100363561,19.41729377001473,18.492790565225853,0.01202220916748047,0.9
1073,0.6384900451880386,15.68617729274781,15.802207457273676,0.012005162239074708,0.95
1074,0.6348850087519871,18.625092423195078,17.96359792440403,0.01201026439666748,0.95
1075,0.5658460345898069,18.065409241484794,17.74567536529956,0.01210411787033081,0.9
1076,0.5124986496364925,15.307007443909058,15.484947331085584,0.012298262119293213,0.85
1077,0.7279035280678542,16.715487420538064,16.715487420538064,0.01240103244781494,1.0
1078,0.7274904115625659,19.238950649220108,19.238950649220108,0.01211097240447998,1.0
1079,0.7180969829929533,17.371451468081027,17.371451468081027,0.012051522731781006,1.0
1080,0.5877182142494036,15.76904443695011,15.141473009335122,0.011944639682769775,0.9
1081,0.6826570787970165,16.423605684445878,16.425979536772232,0.01221616268157959,0.95
1082,0.7085494135948565,16.4703532322586,16.4703532322586,0.012022769451141358,1.0
1083,0.5871568107156035,15.733371537135335,16.299460442515837,0.012285578250885009,0.9
1084,0.40700050920775654,17.656410785603917,16.308032499159165,0.012021827697753906,0.8
1085,0.6758482640933039,15.997231567645608,15.007953279994494,0.012003445625305175,0.95
1086,0.7006712384190765,16.54672115852662,16.54672115852662,0.012192904949188232,1.0
1087,0.5663128307432007,18.03868686512667,17.602142779274317,0.012096142768859864,0.9
1088,0.6631704181246544,15.992094185209728,16.09316878760227,0.012239634990692139,0.95
1089,0.639205319003386,14.472169817553501,14.48100959866255,0.01209113597869873,0.95
1090,0.7238734088628751,15.261138108432306,15.261138108432306,0.012223160266876221,1.0
1091,0.6349012610743758,16.788388969894992,16.879805305230786,0.012017619609832764,0.95
1092,0.5886571090169601,15.950768138391089,16.06533608630477,0.012147188186645508,0.9
1093,0.4918745038012601,16.098240436943655,16.144622983064554,0.012294793128967285,0.85
1094,0.6969830379782728,14.825505275544012,14.825505275544012,0.012401878833770752,1.0
1095,0.7500341290392472,16.52835210035016,16.52835210035016,0.012395715713500977,1.0
1096,0.7282458800718651,16.41818403919435,16.41818403919435,0.012109887599945069,1.0
1097,0.7129323104693313,16.725796669847952,16.725796669847952,0.012031459808349609,1.0
1098,0.6383969855446818,14.748901380442879,14.854781604075757,0.011887454986572265,0.95
1099,0.7404402877632903,16.84077847061958,16.84077847061958,0.01195976734161377,1.0
1100,0.708549792294127,15.79133989338889,15.79133989338889,0.011978912353515624,1.0
1101,0.6315953345807808,19.459871161524855,18.59181946887644,0.012113237380981445,0.95
1102,0.6089051509078874,16.41067865619371,16.97542214400447,0.012343740463256836,0.9
1103,0.5909224505432717,15.560002091369554,15.601600105624435,0.012121093273162842,0.9
1104,0.5172107305768606,16.737732015453837,17.13099314687891,0.012105977535247803,0.85
1105,0.6479996346840526,16.04193026151882,16.245717236082186,0.012318074703216553,0.95
1106,0.7372515481878537,13.908503994216849,13.908503994216849,0.01230638027191162,1.0
1107,0.6867657829377285,16.72761340243145,15.918245996445709,0.012066614627838135,0.95
1108,0.7267732884761771,15.910780837953968,15.910780837953968,0.012463915348052978,1.0
1109,0.6203631221780423,14.94958522061528,14.91605505911028,0.012528228759765624,0.95
1110,0.6331847098736867,16.113051543426078,16.01987719391737,0.012530279159545899,0.95
1111,0.7468598043873682,16.104126369266975,16.104126369266975,0.01231766939163208,1.0
1112,0.6511150987523393,17.475187237287823,17.487435305867923,0.012279343605041505,0.95
1113,0.69204289888907,16.317505923218214,16.317505923218214,0.012306916713714599,1.0
1114,0.7040005728545273,16.65108019444522,16.65108019444522,0.012067532539367676,1.0
1115,0.5375128134829318,19.124916683601935,18.90064350780259,0.0118896484375,0.9
1116,0.6764359439392477,14.803994711742067,14.94167701867421,0.012104320526123046,0.95
1117,0.7046352195662463,17.711778650617784,17.711778650617784,0.012099409103393554,1.0
1118,0.6856573428653832,17.50930734032836,17.50930734032836,0.012169134616851807,1.0
1119,0.6714541360568329,17.536580757418342,17.51645064491188,0.012205994129180909,0.95
1120,0.585480115729671,17.57024036482075,18.092553502022817,0.011998224258422851,0.9
1121,0.6574373135872458,16.203903677383877,15.95131683789514,0.012196314334869385,0.95
1122,0.7363147019171714,17.159371290750038,17.159371290750038,0.012053418159484863,1.0
1123,0.6506557978062439,16.280810809168738,16.336800191568614,0.012188243865966796,0.95
1124,0.7176524520991137,16.777702581854605,16.777702581854605,0.01205756664276123,1.0
1125,0.6569923089991007,16.383790056398094,16.527433004802386,0.012262630462646484,0.95
1126,0.7093640638492059,17.236947515852663,17.236947515852663,0.012142825126647949,1.0
1127,0.665222027176666,15.945478073317252,16.225216721679843,0.011985623836517334,0.95
1128,0.6491249647762969,17.089444230592765,17.456556313753744,0.012129724025726318,0.95
1129,0.7416153882183399,18.418736462338266,18.418736462338266,0.012142717838287354,1.0
1130,0.6574888125165032,16.955493903957716,17.23323540695347,0.012399733066558838,0.95
1131,0.6496403347334455,14.605630808585257,14.807798400656168,0.012251996994018554,0.95
1132,0.7407837053382719,17.578421630713223,17.578421630713223,0.012508082389831542,1.0
1133,0.7130734251324103,17.3228805939096,17.3228805939096,0.012181746959686279,1.0
1134,0.5850712479855338,15.526484624244574,15.486246426597392,0.012328827381134033,0.9
1135,0.6458699375368934,18.30987403285941,18.45833113416815,0.011959218978881836,0.95
1136,0.6973208804543796,15.137190351681038,15.137190351681038,0.012307608127593994,1.0
1137,0.7353420040618234,15.884888142836525,15.884888142836525,0.012402033805847168,1.0
1138,0.6390109017743691,14.950734041570731,15.186574466921954,0.012079834938049316,0.95
1139,0.5890042815642746,15.43219801847954,15.763503619894847,0.012282645702362061,0.9
1140,0.622360893696088,16.557758291229533,16.771137205884912,0.012250888347625732,0.95
1141,0.5897166117465018,16.870702545613575,17.175728766591376,0.012259531021118163,0.9
1142,0.6957625757745006,16.423603756546875,16.423603756546875,0.012238228321075439,1.0
1143,0.6235942895313957,17.173474859920603,17.329820185827593,0.012059271335601807,0.95
1144,0.7045321742443594,15.680213322429363,15.680213322429363,0.012094497680664062,1.0
1145,0.7337333890760067,18.86392959664106,18.86392959664106,0.01240910291671753,1.0
1146,0.5857901271830166,18.52904184609361,19.15673561692337,0.012198591232299804,0.9
1147,0.6347270407096397,17.3481795655705,17.71194017328815,0.012319886684417724,0.95
1148,0.6871537085599304,16.932842535073902,16.932842535073902,0.012266385555267333,1.0
1149,0.5827222129174146,17.730642755517362,17.089586427429893,0.012204790115356445,0.9
1150,0.5659674954967389,14.857357698520119,15.144354462074814,0.012253093719482421,0.9
1151,0.591525207041973,14.98243022609212,15.091042258564588,0.012383663654327392,0.9
1152,0.757014018221271,14.697578975667929,14.697578975667929,0.012368214130401612,1.0
1153,0.6784506801501149,15.354750939630629,15.62780634273183,0.012029051780700684,0.95
1154,0.7376103220010981,14.143000216763387,14.143000216763387,0.012258291244506836,1.0
1155,0.6613000962842926,14.810272423005278,14.96825901969787,0.012311673164367676,0.95
1156,0.5588280305316363,18.352381473559,18.526339123990414,0.012444388866424561,0.9
1157,0.6692010373651737,18.783611940958753,19.050408985694858,0.012219202518463135,0.95
1158,0.6619619094758724,16.86217850180861,16.824380132968688,0.012036013603210449,0.95
1159,0.30368404827836,17.07626381191881,16.13104632413339,0.012338221073150635,0.75
1160,0.6187413554622604,14.975546618273228,14.803370260673331,0.01240006685256958,0.95
1161,0.6549066492664922,15.08171147552594,14.955194616830918,0.012269532680511475,0.95
1162,0.6307160994101151,15.481700716969732,15.318539879571317,0.012049984931945801,0.95
1163,0.6445149060540194,16.439926258311832,16.492024305391638,0.012119090557098389,0.95
1164,0.7166806344800708,17.558884192266255,17.558884192266255,0.012024736404418946,1.0
1165,0.660475287118526,16.025883858396348,16.227773442356263,0.012335312366485596,0.95
1166,0.4779334715610215,16.665479092231003,15.478410649273425,0.012201261520385743,0.85
1167,0.5421915630116902,17.242217394041266,17.47615540860221,0.012055861949920654,0.9
1168,0.6504347898964633,17.247729474049855,17.576926877262547,0.012264871597290039,0.95
1169,0.5817333679049723,17.508405331715245,18.232411416218874,0.01228647232055664,0.9
1170,0.7387986741978556,18.413860909571365,18.413860909571365,0.012214148044586181,1.0
1171,0.6755333614030705,16.014712534566986,16.125841300461886,0.012338030338287353,0.95
1172,0.6258973516089223,15.004619069577032,15.186763322139317,0.011896538734436034,0.95
1173,0.5618211765402261,15.393633604332717,15.912365302204396,0.012076866626739503,0.9
1174,0.6962583558963547,17.427241412773405,17.427241412773405,0.011866819858551026,1.0
1175,0.1756976663037248,17.056930790286287,18.11553294256174,0.012381601333618163,0.65
1176,0.7277770680312983,16.39467610233557,16.39467610233557,0.012082195281982422,1.0
1177,0.7052665855428121,18.92692428111123,18.92692428111123,0.012014544010162354,1.0
1178,0.5593781467343222,17.896371700706162,18.714454821842043,0.01230076551437378,0.9
1179,0.5408878099138161,18.588035915492377,18.957034761000617,0.011914336681365966,0.9
1180,0.5745469956227741,13.84264420904928,13.793481871172329,0.011950922012329102,0.9
1181,0.5906985681059822,16.39856569044104,16.7214692146286,0.012145006656646728,0.9
1182,0.7279041309272201,19.370584635980354,19.370584635980354,0.012210667133331299,1.0
1183,0.691041847616073,19.830308495165507,19.830308495165507,0.01219862699508667,1.0
1184,0.5755942755289893,17.43924524083811,17.69706113928988,0.012241935729980469,0.9
1185,0.5708819495214624,17.071184623743324,17.609495224212075,0.0123305082321167,0.9
1186,0.6419974435262027,14.736669624129899,14.896822752637284,0.012135016918182372,0.95
1187,0.7029009712791845,15.899494185324201,15.899494185324201,0.012164556980133056,1.0
1188,0.6243246021639032,16.071210621392687,16.12703149309278,0.011947929859161377,0.95
1189,0.7175211857348298,14.909652974839299,14.909652974839299,0.011749374866485595,1.0
1190,0.6565131365792305,14.22492521732877,14.383230601578509,0.011963105201721192,0.95
1191,0.7100545878011943,16.18323188905205,16.18323188905205,0.012104928493499756,1.0
1192,0.6447679769762544,16.239775135899396,16.559072350889895,0.012122035026550293,0.95
1193,0.7371884274961623,17.996621209086953,17.996621209086953,0.01222059726715088,1.0
1194,0.5840032305157994,16.508061329125226,16.974741869424033,0.01196756362915039,0.9
1195,0.5763393075099063,14.216104874662724,14.560262198386267,0.011883580684661865,0.9
1196,0.755659565971218,16.025611885290193,16.025611885290193,0.01195586919784546,1.0
1197,0.6149117611295992,14.990163805318256,14.82818027378401,0.012225353717803955,0.95
1198,0.6661716057035216,15.660427575775637,15.950445621050912,0.012103581428527832,0.95
1199,0.6577957874295278,15.563464579217447,15.845326650337238,0.01192469596862793,0.95
1200,0.64627445530308,15.362322262246526,15.256690834584516,0.011893057823181152,0.95
1201,0.5911325360836712,17.378317896239714,17.034486137728443,0.012280189990997314,0.9
1202,0.4124990087999757,13.70926790451073,12.920960741811179,0.012190937995910645,0.8
1203,0.6917687287707625,15.583351733582063,15.583351733582063,0.0121207594871521,1.0
1204,0.6729620065701137,16.489951948372823,16.711296853762395,0.01235959529876709,0.95
1205,0.6352736492617984,17.530331919417527,17.652968684414525,0.012145566940307616,0.95
1206,0.6304933737225452,17.6022691015645,17.877190410762296,0.012291264533996583,0.95
1207,0.6428001158205233,15.216396890019222,15.349981328856032,0.01228187084197998,0.95
1208,0.5000968782035404,15.962932279923786,16.77058340592793,0.012642419338226319,0.85
1209,0.5708870007992606,17.29409235893224,16.52933688129061,0.01248866319656372,0.9
1210,0.5151833227720145,15.89465595080081,14.978655729981146,0.012434756755828858,0.85
1211,0.7271811120958562,14.712056259621923,14.712056259621923,0.012174999713897705,1.0
1212,0.619271879748449,15.360154211101563,15.390122120776837,0.01213589906692505,0.95
1213,0.6486079693095029,17.850391494807234,18.25776301976758,0.012004756927490234,0.95
1214,0.6759663989854399,17.094603889772834,17.38572804186937,0.01189345121383667,0.95
1215,0.7407107070511036,13.797516513120991,13.797516513120991,0.012384557723999023,1.0
1216,0.6724253713235891,15.132643447459714,15.272739281504304,0.012193441390991211,0.95
1217,0.5563495089195397,17.20451055259579,17.498349497557644,0.012191593647003174,0.9
1218,0.6633290557122273,18.367351100201304,18.491149831040484,0.012028002738952636,0.95
1219,0.6454787424950849,17.358432566545883,17.455605857756474,0.011885225772857666,0.95
1220,0.6893242667693966,15.785768614066749,15.813156731170277,0.012260162830352783,0.95
1221,0.7354677331053174,15.27044261906575,15.27044261906575,0.012163794040679932,1.0
1222,0.6918131862174671,12.920832164208907,12.522884178859242,0.012434554100036622,0.95
1223,0.7654701339482807,14.416835161418252,14.416835161418252,0.012446606159210205,1.0
1224,0.7153268329420158,15.269829584140172,15.269829584140172,0.01227494478225708,1.0
1225,0.7270254947435162,15.84703832717499,15.84703832717499,0.012247955799102784,1.0
1226,0.6636240122984834,19.147302798082887,19.3143343795556,0.012041974067687988,0.95
1227,0.6694904598823078,15.777604351393729,15.92870687123845,0.012096869945526122,0.95
1228,0.5467343828166993,15.761054441954347,15.0812029974912,0.012245881557464599,0.9
1229,0.7319786875556685,15.556014575783163,15.556014575783163,0.012342333793640137,1.0
1230,0.5748134342856527,16.233656093213046,16.271708812834007,0.01195671558380127,0.9
1231,0.7295702304439777,15.548517247501632,15.548517247501632,0.012327313423156738,1.0
1232,0.4977184156091732,18.266910139269456,17.25550802709935,0.01244370937347412,0.85
1233,0.6398414598462185,15.93147338319649,14.896153427208196,0.012331807613372802,0.95
1234,0.6495863049410445,13.52939081070059,13.629073325155337,0.012054622173309326,0.95
1235,0.6642232275782638,17.08769424520814,17.304925826250653,0.012024903297424316,0.95
1236,0.7312876205733982,15.716664959894842,15.716664959894842,0.01216346025466919,1.0
1237,0.43180972883727087,16.16370990167541,16.51101896281934,0.0121087908744812,0.8
1238,0.6277765626812826,17.595021613382237,17.585277744701816,0.01234515905380249,0.95
1239,0.6700779981651181,16.321938481495533,16.441502963221872,0.012286901473999023,0.95
1240,0.7100574100469096,15.625297911597233,15.625297911597233,0.012145590782165528,1.0
1241,0.6430179049106011,14.600426035263041,13.555999950259544,0.012389731407165528,0.95
1242,0.6409189111190237,15.245922829207526,14.16286468612181,0.01240929365158081,0.95
1243,0.47316971011640724,16.392779791288827,17.01402739987295,0.012212491035461426,0.85
1244,0.7425398483356466,16.641052257654195,16.641052257654195,0.012106060981750488,1.0
1245,0.711911474645747,18.865010688454312,18.865010688454312,0.011969614028930663,1.0
1246,0.6716104010635986,15.963576701635603,16.13657598924206,0.012013125419616699,0.95
1247,0.5723245789960446,15.381510790075577,15.64685811099866,0.012176299095153808,0.9
1248,0.733099756772111,16.67535971617805,16.67535971617805,0.012148773670196534,1.0
1249,0.7421458947218994,16.44657510402576,16.44657510402576,0.012028717994689941,1.0
1250,0.4732329594083133,15.068106153610966,15.275296818534892,0.012168669700622558,0.85
1251,0.6442795033245525,16.975428368396315,17.186532623735882,0.012392771244049073,0.95
1252,0.5822390529715062,16.214869130535273,16.4607011859565,0.01225292682647705,0.9
1253,0.7145769311111916,14.48687313107905,14.48687313107905,0.01203514337539673,1.0
1254,0.6373790232706769,16.904834473358584,17.243193340787418,0.012114918231964112,0.95
1255,0.7390158446314591,13.91813126004991,13.91813126004991,0.012318408489227295,1.0
1256,0.7179264260189808,16.35122915191486,16.35122915191486,0.012529456615447998,1.0
1257,0.7478821831570059,15.152304420805487,15.152304420805487,0.012366247177124024,1.0
1258,0.7574857365051751,16.593023042419876,16.593023042419876,0.012242519855499267,1.0
1259,0.7474292406479202,14.584911718074343,14.584911718074343,0.01191493272781372,1.0
1260,0.7282040962879375,16.63174465802689,16.63174465802689,0.012154006958007812,1.0
1261,0.7295887295307152,17.149465704842665,17.149465704842665,0.01210625171661377,1.0
1262,0.7358839649402161,16.995042465460994,16.995042465460994,0.012371385097503662,1.0
1263,0.7139327012098599,15.949598831504705,15.949598831504705,0.012276029586791993,1.0
1264,0.6487433604868249,14.913443383931735,14.993829551271316,0.011910831928253174,0.95
1265,0.721457755123623,14.174845549675293,14.174845549675293,0.012161028385162354,1.0
1266,0.4974001504972997,15.634970975083757,15.587662505551055,0.012239837646484375,0.85
1267,0.7451235019112399,13.923965768221857,13.923965768221857,0.012286055088043212,1.0
1268,0.7097559640148801,16.071490111071235,16.071490111071235,0.012237858772277833,1.0
1269,0.7263846442600185,15.568207714035008,15.568207714035008,0.012449491024017333,1.0
1270,0.4910951557776079,17.308199803392313,17.706594229089962,0.012064993381500244,0.85
1271,0.6809358640105876,16.378408298835758,16.54475800433732,0.012063980102539062,0.95
1272,0.7204244135312599,18.744478802926476,18.744478802926476,0.012138080596923829,1.0
1273,0.7373606453566919,14.23318366008867,14.23318366008867,0.012392520904541016,1.0
1274,0.7206470885057192,18.167853655208784,18.167853655208784,0.012307441234588623,1.0
1275,0.7513542542433089,16.229196118959443,16.229196118959443,0.012329411506652833,1.0
1276,0.7180464543521716,19.171508149944806,19.171508149944806,0.012191462516784667,1.0
1277,0.5785536847959435,17.370039333535505,17.02047856600667,0.012425363063812256,0.9
1278,0.7392037552403308,16.956182194026166,16.956182194026166,0.012111330032348632,1.0
1279,0.5496182451726676,13.797806724878626,13.269842142886917,0.012280774116516114,0.9
1280,0.5902695548326328,18.524099350755947,18.667678939162816,0.011990606784820557,0.9
1281,0.7090770857064418,18.227380228005153,18.227380228005153,0.012374603748321533,1.0
1282,0.6336772151601404,16.303046364896353,16.4597964421975,0.012336671352386475,0.95
1283,0.7567962285912889,15.78788368766873,15.78788368766873,0.012323009967803954,1.0
1284,0.5764653036354732,18.515858063885986,19.216544789450957,0.012337613105773925,0.9
1285,0.6715927684776573,16.220361989721575,16.347620276425886,0.012236666679382325,0.95
1286,0.6366271719603065,17.020930504063404,17.114186654469,0.012119925022125244,0.95
1287,0.6106743164766127,16.327237358452315,15.402862009541442,0.012260055541992188,0.9
1288,0.7348040031493906,15.776036906390164,15.776036906390164,0.012227630615234375,1.0
1289,0.7673782549445904,16.712082077332674,16.712082077332674,0.012189924716949463,1.0
1290,0.6749231294405104,18.79978052101728,19.255455201890914,0.012011313438415527,0.95
1291,0.5114755316524485,17.044322629001837,16.635459399761253,0.012050175666809082,0.85
1292,0.7512536693707053,15.024796809397577,15.024796809397577,0.012204599380493165,1.0
1293,0.6411438684021051,17.023643273278665,16.979316868042275,0.011994969844818116,0.95
1294,0.6481082700609218,17.397146650058186,16.69177579532837,0.012148416042327881,0.95
1295,0.6505542819798079,15.656511411973062,15.913182243124128,0.012308001518249512,0.95
1296,0.492359332772633,16.860221509020313,17.245486658830487,0.012174499034881592,0.85
1297,0.7030929484403361,16.102326604449352,16.102326604449352,0.011788666248321533,1.0
1298,0.7512439243574693,13.896329220582663,13.896329220582663,0.012240350246429443,1.0
1299,0.665232420736805,15.775164246541717,15.692350201418085,0.012423527240753175,0.95
1300,0.6342949822346483,16.09248070722216,16.241404534570705,0.012303650379180908,0.95
1301,0.6552444506186944,16.247309868783677,16.305802081867263,0.012239766120910645,0.95
1302,0.6695920483602879,14.837401883263748,14.845204748337613,0.012358009815216064,0.95
1303,0.5722998505618907,14.734962413575683,14.84241700960037,0.012166619300842285,0.9
1304,0.7367129145390199,16.94301457203623,16.94301457203623,0.012462878227233886,1.0
1305,0.7082978738969374,15.704793928846465,15.704793928846465,0.012451076507568359,1.0
1306,0.7239575276663375,17.507195678508225,17.507195678508225,0.012483274936676026,1.0
1307,0.7233367450271406,17.528688673897623,17.528688673897623,0.012566614151000976,1.0
1308,0.5753694792784831,18.63727836089224,18.173285772195545,0.01233581304550171,0.9
1309,0.6155756319067611,15.882916528860031,15.139220014697953,0.01223083734512329,0.9
1310,0.663477842239072,16.138764407147953,15.97027466233911,0.01224738359451294,0.95
1311,0.5883812975881859,16.02447652935509,16.58148932915462,0.01227189302444458,0.9
1312,0.7114174006304659,17.061331072939502,17.061331072939502,0.012446260452270508,1.0
1313,0.7521210885362323,14.726172858608502,14.726172858608502,0.012459588050842286,1.0
1314,0.4990613876344647,16.34977951571316,15.54993502059439,0.012429118156433105,0.85
1315,0.6541157633885012,15.43854395856495,15.619641407256498,0.012208366394042968,0.95
1316,0.6719339549328567,13.092748556339362,13.241736869348756,0.012073850631713868,0.95
1317,0.728709957024656,15.841784331990505,15.841784331990505,0.012274682521820068,1.0
1318,0.5910619736834747,16.796470892248884,15.989573539766006,0.012066340446472168,0.9
1319,0.6432780482022339,17.22973765116547,17.52686618637124,0.012255620956420899,0.95
1320,0.6710939411813526,15.435402424694962,15.708648705530685,0.012180602550506592,0.95
1321,0.5695252965474598,14.5627149128677,13.441149925066702,0.012185347080230714,0.9
1322,0.7556283220558708,16.318885383842137,16.318885383842137,0.012129294872283935,1.0
1323,0.6370507131800555,14.286137106695374,14.280345133336063,0.01210036277770996,0.95
1324,0.7318139861649339,15.695535460603605,15.695535460603605,0.012658953666687012,1.0
1325,0.6413598614075897,13.688513793800553,13.534392515766369,0.012366211414337159,0.95
1326,0.7546902752607998,15.997948584116495,15.997948584116495,0.012288546562194825,1.0
1327,0.6793351670253631,16.29195356560156,16.579952582657555,0.012409532070159912,0.95
1328,0.6449951938431856,16.25955226390915,16.57085009761234,0.012211966514587402,0.95
1329,0.7192599333544715,16.336927666216344,16.336927666216344,0.012542057037353515,1.0
1330,0.6507698851652367,15.507105891905848,14.447648745298215,0.012183356285095214,0.95
1331,0.7221255981501923,19.220345751130232,19.220345751130232,0.01230638027191162,1.0
1332,0.7275161153416796,16.231299345571614,16.231299345571614,0.0124306321144104,1.0
1333,0.5251409327111212,17.12302621270037,16.394867397552318,0.012496674060821533,0.85
1334,0.6256396348927546,16.991314217580356,17.31880330383637,0.012198150157928467,0.95
1335,0.5825280454050137,17.91366032716811,18.12989723227472,0.012237620353698731,0.9
1336,0.7226956950490323,17.007007223487886,17.007007223487886,0.012248539924621582,1.0
1337,0.5455873080267859,15.023419197343463,14.683199003752904,0.012181520462036133,0.85
1338,0.6521067204272277,14.826790517961303,14.944478987946074,0.012325441837310791,0.95
1339,0.7424212899049897,15.858156762912866,15.858156762912866,0.012121796607971191,1.0
1340,0.7632843889473542,15.502823632826765,15.502823632826765,0.012307846546173095,1.0
1341,0.5831627531868862,14.219985654347122,14.36816132469264,0.012166178226470948,0.9
1342,0.5402224520400156,17.225164618801927,17.537940774093325,0.012232029438018798,0.9
1343,0.7301172229229917,15.660543580505273,15.660543580505273,0.012195146083831787,1.0
1344,0.6419945742871999,15.868950942130692,15.990017973017359,0.012155652046203613,0.95
1345,0.6462058190097312,17.12476803814726,16.98602966438647,0.011778795719146728,0.95
1346,0.5608134528626019,15.45951827165718,14.704724364159054,0.012092530727386475,0.9
1347,0.6717386861174326,16.028817179077915,15.205135518534235,0.012120246887207031,0.95
1348,0.7146423847368782,14.566192303939502,14.566192303939502,0.012056255340576172,1.0
1349,0.574811793443455,18.6992406823447,19.342174907662937,0.01199953556060791,0.9
1350,0.5099058917446818,14.343003406409924,13.392548852954343,0.012156808376312256,0.85
1351,0.7086830299467961,15.427997843755643,15.427997843755643,0.011918556690216065,1.0
1352,0.5797054931294852,16.490726689414217,16.888102713459755,0.012123203277587891,0.9
1353,0.5880412582580614,14.214355998953717,13.36895103247236,0.012301409244537353,0.9
1354,0.580155396992996,12.488854432920622,12.230111346185808,0.011779248714447021,0.9
1355,0.6407606896008717,14.274158651214222,14.21054624317817,0.011773681640625,0.95
1356,0.6742375890326535,18.111907271261273,17.368339502507062,0.012207126617431641,0.95
1357,0.5840558344350818,15.4955614920626,15.652860454079736,0.012242841720581054,0.9
1358,0.7056479750787393,17.003021126784112,17.003021126784112,0.012179982662200928,1.0
1359,0.6598065412924188,14.724937306475805,14.512916197686751,0.012313568592071533,0.95
1360,0.7422689361868791,16.009699840243208,16.009699840243208,0.012312042713165283,1.0
1361,0.7081878876904678,13.810582613917887,13.810582613917887,0.012062454223632812,1.0
1362,0.5867343939786392,16.317164946029937,15.573479742653412,0.012104487419128418,0.9
1363,0.7422330323497425,18.002287013912465,18.002287013912465,0.01193927526473999,1.0
1364,0.5651953621484898,14.943388809803963,15.198787311221784,0.01208035945892334,0.9
1365,0.6704883208494345,17.651961841694632,18.050758242422884,0.012138617038726807,0.95
1366,0.4981016269626288,16.46246812696407,17.10470796219328,0.01241079568862915,0.85
1367,0.6069513183651983,15.652828770570931,16.183689164695792,0.012329590320587159,0.9
1368,0.6861987288929206,16.774403573889277,17.016323832372013,0.012715661525726318,0.95
1369,0.6407321757812563,16.570714557332558,16.79278552542488,0.012438333034515381,0.95
1370,0.5324942213210071,18.228377209625396,17.054922690749276,0.012376153469085693,0.85
1371,0.571271966562982,18.457122083327892,17.87809669127718,0.012416601181030273,0.9
1372,0.602006868328677,18.818170297782405,19.60325399536405,0.012272095680236817,0.9
1373,0.5078828685938822,13.356642520748329,13.664254885226208,0.012471139430999756,0.85
1374,0.7353099413039347,17.85763661191438,17.85763661191438,0.012294971942901611,1.0
1375,0.6589011305454819,17.750535787480413,18.009195144874884,0.012489390373229981,0.95
1376,0.6478238109005305,15.199358008046957,15.401310630945147,0.012343382835388184,0.95
1377,0.7617664664374313,16.40178411775694,16.40178411775694,0.012620985507965088,1.0
1378,0.6724397060964543,16.399714424094828,16.37099253792201,0.012189888954162597,0.95
1379,0.5722204562784708,16.46408586091827,15.84786151116321,0.0123038649559021,0.9
1380,0.63895877560782,17.928158106907247,18.299762504908454,0.012203824520111085,0.95
1381,0.7325398126479923,17.101613184487235,17.101613184487235,0.012247443199157715,1.0
1382,0.7177977869758326,17.582252853585416,17.582252853585416,0.011898565292358398,1.0
1383,0.6680817728013132,15.329156811840202,15.601867233202668,0.012278032302856446,0.95
1384,0.5697288571919409,16.200622121881363,16.297106099299498,0.012076902389526366,0.9
1385,0.7545877607646249,14.11805777134776,14.11805777134776,0.012118864059448241,1.0
1386,0.7600663061612701,17.314492080483394,17.314492080483394,0.0125327467918396,1.0
1387,0.4944686790285571,14.6879587305162,15.008538315757969,0.012273824214935303,0.85
1388,0.7486708235171305,16.28512076125976,16.28512076125976,0.011645305156707763,1.0
1389,0.6152360379859181,17.838216997734634,18.37967591648695,0.01182863712310791,0.9
1390,0.7243795257852275,17.62801390806626,17.62801390806626,0.011808967590332032,1.0
1391,0.5600772451837843,15.951093481464051,15.43166191038452,0.012006568908691406,0.9
1392,0.6881624149573585,17.06941897926821,17.171329423604714,0.01215827465057373,0.95
1393,0.6539212571727478,16.809290984876892,16.844908528039735,0.01186436414718628,0.95
1394,0.7337691317368368,16.32459990004664,16.32459990004664,0.012055063247680664,1.0
1395,0.6084932017193813,16.94578277381304,17.28890870188034,0.012002110481262207,0.9
1396,0.6804198257163023,16.03928916702428,16.116368955805672,0.011815595626831054,0.95
1397,0.6308266036184049,15.92433170912374,16.04580936306408,0.012014687061309814,0.95
1398,0.6553084607664836,16.77244416432751,17.043965488559245,0.012038719654083253,0.95
1399,0.7344630221991039,15.370982715998014,15.370982715998014,0.012037789821624756,1.0
1400,0.7254422647366969,16.575777668213348,16.575777668213348,0.01220792531967163,1.0
1401,0.7432240276725562,15.477721035613204,15.477721035613204,0.01217247247695923,1.0
1402,0.5949269673119735,17.107206952387493,17.59654362725458,0.012127947807312012,0.9
1403,0.44871575424437343,15.914124019098676,17.046157799914585,0.012081027030944824,0.8
1404,0.6508212325632532,16.71869336895505,16.784257294702766,0.012236189842224122,0.95
1405,0.597637511978302,16.843306047762532,17.13519495065708,0.011816656589508057,0.9
1406,0.6616208950819342,15.151603695466424,15.093172509437062,0.011911535263061523,0.95
1407,0.6692899728331536,15.633534339121969,15.6812678716219,0.012163007259368896,0.95
1408,0.6381582452706056,16.091561458008105,16.356022823682046,0.01231743097305298,0.95
1409,0.49488455670189796,13.669160183980244,13.394751657774053,0.011984908580780029,0.85
1410,0.586964469647959,14.212392840998126,14.672267799318043,0.012159335613250732,0.9
1411,0.7065218330191869,15.589226519830373,15.589226519830373,0.012105023860931397,1.0
1412,0.6849218816848472,17.01631334464909,17.335560638624504,0.011943519115447998,0.95
1413,0.7425095660719448,16.71432450761569,16.71432450761569,0.011798763275146484,1.0
1414,0.5955080138138829,16.26073651230889,16.731130302106596,0.011856400966644287,0.9
1415,0.6674409023824587,15.740093737590357,15.916737664268759,0.012020838260650635,0.95
1416,0.7113319666209794,16.105531756227396,16.105531756227396,0.011851656436920165,1.0
1417,0.5916464380921771,19.23937819348277,18.53745214533419,0.012099015712738036,0.9
1418,0.7485934375967304,17.580849816771714,17.580849816771714,0.012077665328979493,1.0
1419,0.6441649745742568,14.55491151089324,14.71961276037502,0.012002480030059815,0.95
1420,0.48508117888062896,14.635616402517368,14.516935077273935,0.012017774581909179,0.85
1421,0.6587633512026729,17.455711512574506,17.456553203317362,0.012088620662689209,0.95
1422,0.43877630806456197,16.473415516849947,16.995695715918984,0.012258219718933105,0.8
1423,0.6970712884243013,13.91576506477549,13.793939914744579,0.012067806720733643,0.95
1424,0.5789583843686359,18.17473153423497,17.804561980027806,0.012196624279022216,0.9
1425,0.6474339710305574,15.811391569655257,16.04911918289602,0.012064194679260254,0.95
1426,0.6461184870530035,12.792736258995557,12.823343772297209,0.012077593803405761,0.95
1427,0.6528369861504588,13.299084096663165,13.372154590962737,0.011944448947906494,0.95
1428,0.6163751393501355,15.904639784461192,16.15165277548293,0.01219165325164795,0.9
1429,0.6542757108713181,16.48921489744048,16.52284387682358,0.012227916717529297,0.95
1430,0.7397976250173267,15.836488264084085,15.836488264084085,0.012451815605163574,1.0
1431,0.4528816119636536,15.314784381852249,16.03464156695431,0.012128841876983643,0.8
1432,0.5429979210958265,16.61717157664678,15.690686492207078,0.012041068077087403,0.9
1433,0.5213635145943856,15.37195778153757,14.23267710547721,0.012098610401153564,0.85
1434,0.6957988281129317,17.167013423684573,17.167013423684573,0.01198432445526123,1.0
1435,0.6509417357511776,17.194998186405947,17.410109006848984,0.011875414848327636,0.95
1436,0.6772474276820606,17.523332173581224,17.882966830280584,0.012230849266052246,0.95
1437,0.5031163931776537,14.59904864869792,15.06301400832649,0.012093269824981689,0.85
1438,0.5906275166710052,17.935591643436858,18.701104749067795,0.012407231330871581,0.9
1439,0.6585808097692097,16.83455001473816,16.08456913140961,0.012348461151123046,0.95
1440,0.5731707411795773,17.390811363492578,16.631582801218556,0.012136006355285644,0.9
1441,0.6498953561186324,17.349467116086927,17.57793270385781,0.012382435798645019,0.95
1442,0.6833556766849342,18.05903558166678,18.39250234534247,0.01220933198928833,0.95
1443,0.7241244425612674,18.633225347232308,18.633225347232308,0.012422478199005127,1.0
1444,0.7448090604254263,16.65058600780511,16.65058600780511,0.012462449073791505,1.0
1445,0.7394070487565906,16.750879269307465,16.750879269307465,0.012325489521026611,1.0
1446,0.6827871606890527,17.231443915375372,17.598625605153494,0.012331151962280273,0.95
1447,0.6799581539109955,16.438954559560177,16.398809382837708,0.012129485607147217,0.95
1448,0.4964945983792258,17.662675072125516,17.458802810805334,0.012036359310150147,0.85
1449,0.7576249032094241,16.959949577580247,16.959949577580247,0.012231409549713135,1.0
1450,0.6937802489712623,15.88728490840597,15.923532269310439,0.012191331386566162,0.95
1451,0.747384410159184,18.72061513335112,18.72061513335112,0.012345564365386964,1.0
1452,0.7325146618980227,13.950112648188119,13.950112648188119,0.012487959861755372,1.0
1453,0.7474335552258289,15.685435426520922,15.685435426520922,0.012323307991027831,1.0
1454,0.7553093795881158,17.344896492974648,17.344896492974648,0.012176477909088134,1.0
1455,0.7118032122740712,19.916587939564685,19.916587939564685,0.01223505735397339,1.0
1456,0.5642722868607954,19.4338053875961,18.648212019243616,0.01209641695022583,0.9
1457,0.4882090682801229,16.670107776359586,17.22016587709086,0.012189972400665283,0.85
1458,0.5698534440588968,16.150172153526245,15.461362172042723,0.01231987476348877,0.9
1459,0.778100609842006,16.49462457734005,16.49462457734005,0.012109708786010743,1.0
1460,0.5208672354436688,15.771794279707345,15.085464695650645,0.012220931053161622,0.85
1461,0.6546278934018432,17.38987169292745,17.692198819205352,0.012389600276947021,0.95
1462,0.7303612077850875,16.32462704429217,16.32462704429217,0.012288296222686767,1.0
1463,0.7357431556097153,15.795096689807716,15.795096689807716,0.012149322032928466,1.0
1464,0.7266800497313409,18.026745745727453,18.026745745727453,0.011997354030609132,1.0
1465,0.6270663374220079,17.73363088679634,17.786774146513128,0.01227586269378662,0.95
1466,0.6592332856204777,16.330606446995503,16.357943895703634,0.011967527866363525,0.95
1467,0.63114912955282,15.442593176423557,15.245543804970174,0.012254166603088378,0.95
1468,0.7562283940417532,17.164043150153798,17.164043150153798,0.012234437465667724,1.0
1469,0.7338520321010182,18.04498970781332,18.04498970781332,0.012190806865692138,1.0
1470,0.6697042672076036,16.010411803016403,16.134382201435624,0.012127411365509034,0.95
1471,0.6530789132821293,17.51679776808683,17.8647370375299,0.012002623081207276,0.95
1472,0.7037571725254139,20.033928601207673,20.033928601207673,0.012169337272644043,1.0
1473,0.5564554476661907,17.422471475154644,17.937635203394123,0.012325406074523926,0.9
1474,0.6869315925629529,17.23889438729095,17.583606374717373,0.012497329711914062,0.95
1475,0.7315371463028993,17.87666078788242,17.87666078788242,0.012286579608917237,1.0
1476,0.6295153864769242,15.653962223486918,15.555748969130999,0.012129580974578858,0.95
1477,0.36468318444586545,17.746234482797398,18.00192520949658,0.012093579769134522,0.75
1478,0.7313714545709431,18.903544680445687,18.903544680445687,0.01217135190963745,1.0
1479,0.7280275417218653,13.965376286378685,13.965376286378685,0.012033545970916748,1.0
1480,0.6132065199533244,16.230518891636727,16.116824909594687,0.012088608741760255,0.95
1481,0.7328660744191946,19.337251695587423,19.337251695587423,0.012002301216125489,1.0
1482,0.6842061131413932,14.911880789176934,14.83429859338394,0.012264859676361085,0.95
1483,0.6640812848639224,17.33608866019928,17.519785717119028,0.012101101875305175,0.95
1484,0.6800893541621813,17.212265539957237,17.577121817758048,0.01229395866394043,0.95
1485,0.731161817570986,19.35625938496276,19.35625938496276,0.01212315559387207,1.0
1486,0.7418942189042779,18.68863932548648,18.68863932548648,0.012129569053649902,1.0
1487,0.6633244753262841,17.77345939058045,17.993203348281995,0.01222456693649292,0.95
1488,0.6570669258967143,16.7795891689749,17.084993889506006,0.012056076526641845,0.95
1489,0.5808287598443005,16.239128492205406,16.6368036689649,0.012272059917449951,0.9
1490,0.7167436022394479,16.067458781862147,16.067458781862147,0.012246489524841309,1.0
1491,0.7324476192565352,18.30141981592451,18.30141981592451,0.012207138538360595,1.0
1492,0.6006040793854549,17.66147951563617,17.978085154877824,0.01225374937057495,0.9
1493,0.733260690250601,14.94223974487735,14.94223974487735,0.012464165687561035,1.0
1494,0.6329219454853497,14.521687092182125,14.3772820621773,0.012403905391693115,0.95
1495,0.5575556131478294,18.296707140666424,17.49835441900202,0.01231304407119751,0.9
1496,0.5820434369701382,16.789935468972192,16.878707845567856,0.012117373943328857,0.9
1497,0.7271796621925846,17.096423464085397,17.096423464085397,0.0123205304145813,1.0
1498,0.6823761849635719,17.463949553205907,17.747351486904176,0.01216355562210083,0.95
1499,0.6327323146948316,16.16236094150475,16.33371020208603,0.012047815322875976,0.95
1500,0.6613095452809674,16.28735758630765,16.55276127825072,0.012122058868408203,0.95
1501,0.7129758268539548,14.980790733210288,14.980790733210288,0.011955702304840088,1.0
1502,0.6637065390013352,13.155026604865194,11.98316773898274,0.011852288246154785,0.95
1503,0.549258256763692,13.436559884840827,13.621487444046583,0.01242501735687256,0.9
1504,0.680307968396419,17.64276108482596,16.933920466940926,0.012364804744720459,0.95
1505,0.7414336680160873,15.379043170954642,15.379043170954642,0.012217915058135987,1.0
1506,0.7143595891988921,18.366992540213474,18.366992540213474,0.012080180644989013,1.0
1507,0.43665277338668423,18.06267917863137,17.767527982618702,0.012153911590576171,0.8
1508,0.6430423703149791,15.063668859238438,15.285906420720043,0.012303829193115234,0.95
1509,0.6653121518235212,15.225174225491852,15.225174225491852,0.012269914150238037,1.0
1510,0.7469835959634741,15.925985760115887,15.925985760115887,0.012332701683044433,1.0
1511,0.5787188056486555,16.727508811454335,17.177338269561684,0.012107908725738525,0.9
1512,0.5563606395762438,17.994409789717736,18.515391792401218,0.0121307373046875,0.9
1513,0.7416401611344179,15.4577391496267,15.4577391496267,0.01203467845916748,1.0
1514,0.7424470757494285,15.650550959275222,15.650550959275222,0.012746787071228028,1.0
1515,0.6000476754092332,14.76703425649246,14.502021856712755,0.012296080589294434,0.9
1516,0.7724277775038633,14.925392914885624,14.925392914885624,0.012407517433166504,1.0
1517,0.7616907019828413,16.510310224065815,16.510310224065815,0.012315511703491211,1.0
1518,0.7133345079335276,17.402384841053976,17.402384841053976,0.0122963547706604,1.0
1519,0.5836447425059472,18.178078853609684,17.39748652796549,0.012050378322601318,0.9
1520,0.5729800026460456,20.68944226894046,20.15724973816644,0.012010419368743896,0.9
1521,0.3027258812518073,18.60429418946035,18.693433647498804,0.011806631088256836,0.7
1522,0.6461889110699419,20.247988904944467,20.549291482244058,0.011729800701141357,0.95
1523,0.6784139708895808,18.21604854993325,18.319541175882602,0.012560927867889404,0.95
1524,0.5986713169996193,18.168236061861517,16.7774062937306,0.012247693538665772,0.9
1525,0.7345901701782368,16.280594282398123,16.280594282398123,0.012213778495788575,1.0
1526,0.669375926651177,16.315450432756965,16.645921483206322,0.011807441711425781,0.95
1527,0.6232281322029676,18.967259807993244,19.386227070232167,0.011879682540893555,0.95
1528,0.5671498829751269,16.719135266975307,16.488298446253495,0.012165451049804687,0.9
1529,0.590591352418752,19.83647521488292,19.762445942235143,0.012122046947479249,0.9
1530,0.7242446947299986,17.295339997325122,17.295339997325122,0.012366580963134765,1.0
1531,0.6785762172008454,15.06683351961795,15.06683351961795,0.012288594245910644,1.0
1532,0.5767269377665607,16.21757558152665,16.726651042137746,0.01247168779373169,0.9
1533,0.6619911609433295,14.840361637222918,14.787733799979287,0.012089383602142335,0.95
1534,0.5747254500443316,16.411881976901007,16.712889664049733,0.011883139610290527,0.9
1535,0.5831481869333597,15.883892100388575,16.121239744552547,0.011904799938201904,0.9
1536,0.7584342100533863,19.20293375164272,19.20293375164272,0.012183058261871337,1.0
1537,0.599936295155222,15.789386813917057,15.965009352792375,0.01230306625366211,0.9
1538,0.7252619224213107,18.3213237180846,18.3213237180846,0.012153267860412598,1.0
1539,0.7192571474951016,15.263376143762823,15.263376143762823,0.012158834934234619,1.0
1540,0.7183377005045963,18.788306019373586,18.788306019373586,0.0120513916015625,1.0
1541,0.734772124804279,18.12401285297868,18.12401285297868,0.012099742889404297,1.0
1542,0.3498115267780416,18.93064701668478,15.153254893596264,0.01193927526473999,0.75
1543,0.5781645663070638,15.876688422627893,16.18998369998379,0.012348437309265136,0.9
1544,0.5813437299633077,17.331543762492473,17.797418031551786,0.011983895301818847,0.9
1545,0.7464541679262232,18.677460833506906,18.677460833506906,0.012042701244354248,1.0
1546,0.7385685413067647,15.554169156169994,15.554169156169994,0.012062883377075196,1.0
1547,0.5996990351834066,17.038563933217837,16.640151557375717,0.011816883087158203,0.9
1548,0.5122968147130308,21.23034453069381,20.12706201235946,0.011937165260314941,0.85
1549,0.6854544800113478,17.83157349828526,18.0537977190656,0.012051880359649658,0.95
1550,0.6187639559328098,19.96214117884646,20.00423726150472,0.012279164791107178,0.95
1551,0.4956899518640506,15.555964683060296,15.099256912979827,0.012195253372192382,0.85
1552,0.6467484471526835,17.418431698772434,17.74111128084386,0.012054777145385743,0.95
1553,0.6614027633969424,19.735845835918276,19.033843882795782,0.012107038497924804,0.95
1554,0.7332666893982207,20.820382177819983,20.820382177819983,0.012156856060028077,1.0
1555,0.638139822245709,18.786494179347855,17.40014740270724,0.012052404880523681,0.95
1556,0.6713130543291698,18.99100321004062,19.211725394640837,0.012377691268920899,0.95
1557,0.7070285171492253,16.265300585879086,16.265300585879086,0.012289714813232423,1.0
1558,0.6760565686777597,15.5931946592728,15.87781229788884,0.012429189682006837,0.95
1559,0.6600071546301456,17.37025615940946,17.754830670162363,0.011952972412109375,0.95
1560,0.6990424191571804,17.187572594380406,17.187572594380406,0.012248468399047852,1.0
1561,0.6063713697511481,16.47359104121367,16.98717225713444,0.012089371681213379,0.9
1562,0.7141110540023928,16.506472941149205,16.506472941149205,0.01219923496246338,1.0
1563,0.5669753331468387,21.71946977137793,20.789214953295964,0.012058329582214356,0.9
1564,0.7266342553967785,15.763168779324422,15.763168779324422,0.012236034870147705,1.0
1565,0.5769265004130364,14.016458505362431,14.393215923443332,0.012375998497009277,0.9
1566,0.7185451527529376,15.350227183700937,15.350227183700937,0.01246347427368164,1.0
1567,0.6656915696940626,18.061953161473372,18.137251254248266,0.012099647521972656,0.95
1568,0.7246814637569327,17.445502093953813,17.445502093953813,0.012115013599395753,1.0
1569,0.7002788915847331,17.995275000194553,17.995275000194553,0.011968755722045898,1.0
1570,0.7011233594031808,15.043697679050414,15.043697679050414,0.011990702152252198,1.0
1571,0.7434248633803403,16.17777709281675,16.17777709281675,0.012487983703613282,1.0
1572,0.6499216992644744,17.35234372668341,17.693600661959657,0.012355482578277588,0.95
1573,0.5607546782282211,17.0953248728226,17.70208797015643,0.012248170375823975,0.9
1574,0.6662592631631743,18.45241490324593,18.790792187450908,0.012607169151306153,0.95
1575,0.7353972498027399,18.138909504125273,18.138909504125273,0.012246835231781005,1.0
1576,0.6446165939238776,17.784824347475496,18.02652689640502,0.011937105655670166,0.95
1577,0.7387977056395948,18.489503780269523,18.489503780269523,0.012322402000427246,1.0
1578,0.718666114404283,16.781459456787378,16.781459456787378,0.012293672561645508,1.0
1579,0.5762770390553119,16.902189810238475,17.277977344688658,0.012306463718414307,0.9
1580,0.6368428909473315,17.924186518160706,17.268152615921846,0.012236690521240235,0.95
1581,0.743823442270922,17.877595977442873,17.877595977442873,0.01210322380065918,1.0
1582,0.6702774984253477,17.423010311669863,17.611395357672755,0.011926853656768798,0.95
1583,0.6545708745431641,19.267375399409566,19.543965547995576,0.012271392345428466,0.95
1584,0.7378774700387647,18.163781827534667,18.163781827534667,0.011950337886810302,1.0
1585,0.6381410231255036,18.186361691850617,18.607301175822567,0.012280607223510742,0.95
1586,0.6350212972546745,19.094985248796878,19.56548709943218,0.012141859531402588,0.95
1587,0.6832248810823367,17.268255328382,17.36215332663747,0.011960387229919434,0.95
1588,0.7338378949196873,18.373118288567664,18.373118288567664,0.012154328823089599,1.0
1589,0.67245032980629,15.515212313752063,15.665145876794515,0.012107694149017334,0.95
1590,0.7205241618750123,14.738274245977825,14.738274245977825,0.012276053428649902,1.0
1591,0.650768618277578,14.805299714720348,14.941992844996085,0.012200355529785156,0.95
1592,0.7233080416063851,17.993895739378814,17.993895739378814,0.012178146839141845,1.0
1593,0.7469926133526775,14.982843382581766,14.982843382581766,0.011979508399963378,1.0
1594,0.49947137735975033,14.830987272481323,15.083167600298292,0.01190047264099121,0.85
1595,0.6475957220741765,16.00497289054104,15.205906916957128,0.01188199520111084,0.95
1596,0.6496461514739894,18.689525160162507,18.784602067611214,0.012321054935455322,0.95
1597,0.7466575876121866,16.585423858240567,16.585423858240567,0.012558829784393311,1.0
1598,0.7142797220889686,17.855676535062585,17.855676535062585,0.012158775329589843,1.0
1599,0.6628548025098463,16.317448147211863,16.59467518267237,0.012615501880645752,0.95
1600,0.5667063344543873,18.454338204967712,18.516628113530025,0.012374639511108398,0.9
1601,0.7491489165582438,16.24716542350115,16.24716542350115,0.012412691116333007,1.0
1602,0.6321289084409962,18.09083498413584,18.3437816959654,0.012433326244354248,0.95
1603,0.5602179448403065,16.604205981971134,16.898249550342303,0.012240135669708252,0.9
1604,0.7103469647739713,16.60996357432601,16.60996357432601,0.0121598482131958,1.0
1605,0.6790929147757859,18.841659784538173,19.21561161568648,0.012131333351135254,0.95
1606,0.7131918318748147,18.643191639418788,18.643191639418788,0.012197232246398926,1.0
1607,0.6231073502996163,16.015334046851713,16.177493044046933,0.012144005298614502,0.95
1608,0.7477953899573564,15.462829648101138,15.462829648101138,0.012115919589996338,1.0
1609,0.725257325232293,16.764642454504965,16.764642454504965,0.012154269218444824,1.0
1610,0.6630528411051629,16.227362154574646,16.47814513708937,0.01225529909133911,0.95
1611,0.5869779847748622,17.121273359906247,17.289843726234956,0.012175333499908448,0.9
1612,0.6887331159172687,15.959895986629476,15.959895986629476,0.012296128273010253,1.0
1613,0.6769472308882489,16.143589414767426,16.123787034086416,0.012445378303527831,0.95
1614,0.7109123044804877,15.551750137596196,15.551750137596196,0.01253575086593628,1.0
1615,0.7276231904928879,16.283269302500265,16.283269302500265,0.012022972106933594,1.0
1616,0.6197218939711305,19.973143394292304,20.362172582614,0.012398672103881837,0.95
1617,0.696732651185995,18.585118011140207,18.585118011140207,0.01215207576751709,1.0
1618,0.4984788636147545,17.58779373458947,17.650453678148708,0.012138283252716065,0.85
1619,0.7549649388092126,16.852983573508293,16.852983573508293,0.012204396724700927,1.0
1620,0.5053611171036423,17.05576837214408,17.682010462498077,0.012227118015289307,0.85
1621,0.7532422241881872,17.112667511932486,17.112667511932486,0.012340295314788818,1.0
1622,0.6474737707424337,14.908479215483478,15.049916462166838,0.012469291687011719,0.95
1623,0.7305043907880329,17.27962747414445,17.27962747414445,0.012268221378326416,1.0
1624,0.7328268805161797,18.483751596214827,18.483751596214827,0.012229216098785401,1.0
1625,0.646892205107237,15.939153635176032,16.125193867228305,0.012246429920196533,0.95
1626,0.7435692649958094,15.674868776014014,15.674868776014014,0.012210500240325928,1.0
1627,0.7333189897311622,14.5908101572499,14.5908101572499,0.012031400203704834,1.0
1628,0.664455395524632,16.867335679832358,17.10173034176562,0.012235474586486817,0.95
1629,0.5038635953226736,20.096251464844805,20.328927633438678,0.011941540241241454,0.85
1630,0.6379799022617363,16.84439334105616,15.958476713547833,0.012023603916168213,0.95
1631,0.6509190913705422,17.44752156209905,17.12780249681104,0.012096428871154785,0.95
1632,0.6996218987955763,17.313947973658625,17.313947973658625,0.01235889196395874,1.0
1633,0.6581843084848896,18.594636354816053,18.79515151183014,0.012134110927581787,0.95
1634,0.6650860562043286,16.163975330701827,16.205619490154675,0.012171924114227295,0.95
1635,0.7520583438495885,15.833396587564625,15.833396587564625,0.012027764320373535,1.0
1636,0.644220891235897,16.00211600467238,15.952620599869183,0.012400984764099121,0.95
1637,0.6541044592415968,16.282222232586573,15.443258185011093,0.01243060827255249,0.95
1638,0.7452750389811613,17.9229838786374,17.9229838786374,0.012526488304138184,1.0
1639,0.6450236801354362,16.62218693331196,15.619204613878352,0.012333226203918458,0.95
1640,0.5855596583453629,15.290925436848378,15.713962034310933,0.012061512470245362,0.9
1641,0.5626214733784983,18.98337252157319,17.99664672865724,0.012211239337921143,0.9
1642,0.4959588152069466,18.122863271395723,18.84685601704862,0.01214900016784668,0.85
1643,0.7181685357592844,13.113523974811304,13.113523974811304,0.012095022201538085,1.0
1644,0.42582268627817116,16.369966357313324,15.871226719832844,0.012102532386779784,0.8
1645,0.6425140773007375,16.368321638309457,16.683563395281922,0.012238526344299316,0.95
1646,0.7208659681486405,15.243317291554888,15.243317291554888,0.012295198440551759,1.0
1647,0.5734069309368788,17.94266433112236,18.32994330861904,0.012247812747955323,0.9
1648,0.7242907924222687,17.18818036543801,17.18818036543801,0.01238701343536377,1.0
1649,0.6368676912066217,17.070948348729274,17.363862551996693,0.012357878684997558,0.95
1650,0.728266583849518,14.245924771861405,14.245924771861405,0.012194085121154784,1.0
1651,0.5543350888171656,16.369273802018547,16.36245830406176,0.012294650077819824,0.9
1652,0.7198440079262519,15.35936316831877,15.35936316831877,0.012259984016418457,1.0
1653,0.5611183085650231,17.017454474102525,16.585666524008204,0.01196814775466919,0.9
1654,0.6967380007581764,16.62141229876733,16.700412172568665,0.0121368408203125,0.95
1655,0.5939539871258497,18.248110609508277,17.879712121686797,0.012219440937042237,0.9
1656,0.4841842148961636,17.426140691923475,17.851976867662103,0.011997008323669433,0.85
1657,0.6411010291428564,15.567565801215357,15.856438367983435,0.01237252950668335,0.95
1658,0.7245746892135536,16.17356595572295,16.17356595572295,0.012017834186553954,1.0
1659,0.6247744291425064,14.852354069277714,14.688541136779621,0.012079739570617675,0.95
1660,0.6318357972447612,14.72661908527967,14.686308409411732,0.01227349042892456,0.95
1661,0.6579184863248531,17.098897371510454,17.248484833085996,0.012188923358917237,0.95
1662,0.6440383635620369,14.995799604669392,14.973780471619163,0.012391579151153565,0.95
1663,0.7221954048126291,18.858085128730604,18.858085128730604,0.01216263771057129,1.0
1664,0.6364598455490865,13.396354587197056,13.312302422002634,0.01210784912109375,0.95
1665,0.588841966732841,14.268494088987092,14.37104343872336,0.012605237960815429,0.9
1666,0.718723897171927,17.074729073139164,17.074729073139164,0.012292826175689697,1.0
1667,0.4825936071187768,14.433753150347702,13.240833258297378,0.012445938587188721,0.85
1668,0.7438334803807383,17.544714063952092,17.544714063952092,0.012099909782409667,1.0
1669,0.6521884292754887,16.59778374992065,16.678836472581665,0.011987769603729248,0.95
1670,0.7316751586022581,14.256880738321707,14.256880738321707,0.012060654163360596,1.0
1671,0.7062864223500946,14.836253313719581,14.836253313719581,0.012175297737121582,1.0
1672,0.6447164428895763,16.45980938940634,16.673420842944925,0.01230868101119995,0.95
1673,0.5055166176008534,16.72604792388079,16.308663024986334,0.012309587001800537,0.85
1674,0.7212769716361497,15.076462129099715,15.076462129099715,0.012363779544830322,1.0
1675,0.7185791391157472,16.669155391669896,16.669155391669896,0.012104642391204835,1.0
1676,0.7201463247540373,15.856011691128398,15.856011691128398,0.012122666835784912,1.0
1677,0.6375920117020554,16.945510279318192,16.20259804816667,0.012164020538330078,0.95
1678,0.5108701379937527,15.539520840268796,15.648924753019685,0.012053740024566651,0.85
1679,0.6623212670997494,16.765390723994372,17.005560144780137,0.011920106410980225,0.95
1680,0.6366666046985419,18.35283971204011,18.783339677681198,0.01196136474609375,0.95
1681,0.7267092876591721,17.018469942574917,17.018469942574917,0.01205822229385376,1.0
1682,0.6388370026198823,14.638948672539936,14.686539772055722,0.01228410005569458,0.95
1683,0.6501466493574776,18.78974673942794,19.210630313033715,0.012219715118408202,0.95
1684,0.6188887670974224,17.194157892917435,17.041037095416158,0.012159490585327148,0.95
1685,0.56471643342708,19.24128406266373,20.106342590502113,0.011959505081176759,0.9
1686,0.6272530949450453,17.086936638447675,17.405964463163144,0.01197301149368286,0.95
1687,0.6613864541137634,15.226090567803027,15.496507063021943,0.012534475326538086,0.95
1688,0.4782316578101559,15.406945471046848,15.689570495038609,0.011902546882629395,0.85
1689,0.7223638628435183,17.359720989009496,17.359720989009496,0.012122893333435058,1.0
1690,0.6535640713395677,17.74878668796353,17.022224026905945,0.012159931659698486,0.95
1691,0.6295570455972739,15.442565450207109,14.530608530375915,0.012296581268310547,0.95
1692,0.6534380968021603,13.368495463391932,13.215405052812095,0.012165939807891846,0.95
1693,0.7260560693144724,14.089480396843637,14.089480396843637,0.012178659439086914,1.0
1694,0.6494996382532099,16.915511298849957,17.14816761323817,0.01238654851913452,0.95
1695,0.6259848058569427,14.91951107998356,13.971094924783882,0.012156188488006592,0.95
1696,0.6615387269762424,14.94513356879717,15.184918613002276,0.012042641639709473,0.95
1697,0.7379767913125076,14.617590494372104,14.617590494372104,0.012270402908325196,1.0
1698,0.6494188138621706,17.43189616448496,17.58744207872616,0.012417173385620118,0.95
1699,0.7305245703026217,17.659244939630334,17.659244939630334,0.012116587162017823,1.0
1700,0.6221515829193749,18.113860755887472,18.12719248649447,0.012291717529296874,0.95
1701,0.5602916203554451,15.406653490961151,14.086215490342711,0.012353968620300294,0.9
1702,0.5573171658213889,17.791551694045125,16.916815105989134,0.012111091613769531,0.9
1703,0.6015136191092176,16.295542761191008,16.51643588798079,0.012552797794342041,0.9
1704,0.7372166670724994,17.55935347831143,17.55935347831143,0.012665677070617675,1.0
1705,0.6687411272660146,16.292262134952413,15.536699156679006,0.01256263256072998,0.95
1706,0.7415540520209425,16.08112936141642,16.08112936141642,0.012373340129852296,1.0
1707,0.6426766780048803,17.298192076008988,16.49453058841409,0.012064576148986816,0.95
1708,0.6514245983248722,18.14330829495266,18.436789316771858,0.012323260307312012,0.95
1709,0.5737917923851543,15.994425731812242,16.211248584381245,0.012290108203887939,0.9
1710,0.6365932345551873,16.5509880850013,16.679042648828826,0.012167513370513916,0.95
1711,0.74135120387544,16.701429261200257,16.701429261200257,0.012307703495025635,1.0
1712,0.7262223460135072,13.485344301471036,13.485344301471036,0.012121427059173583,1.0
1713,0.746143035121082,14.739470855108518,14.739470855108518,0.012517571449279785,1.0
1714,0.644846086807031,14.649177257836167,14.592114779374416,0.012150716781616212,0.95
1715,0.7302667717885282,14.304294067119173,14.304294067119173,0.012355732917785644,1.0
1716,0.5840777513309359,14.036246111956718,14.220736081070463,0.012359809875488282,0.9
1717,0.6056910247892994,15.552197011775561,15.550616992414342,0.012340950965881347,0.95
1718,0.5592994362143772,16.87530769712907,16.99572937457594,0.012488746643066406,0.9
1719,0.7378165429061451,13.87519040981286,13.87519040981286,0.012517035007476807,1.0
1720,0.5023554980311795,16.905836399973104,16.56831953722041,0.012307381629943848,0.85
1721,0.6500314260133537,16.89966119914476,16.755803290047453,0.012089920043945313,0.95
1722,0.5635799402662511,15.67433851038482,15.974383584334147,0.01267070770263672,0.9
1723,0.6338386190161207,16.282000236377264,16.2486794708753,0.012335336208343506,0.95
1724,0.6878519075823655,15.104273756545428,15.104273756545428,0.011944293975830078,1.0
1725,0.6912028107820651,16.540722715085433,16.540722715085433,0.012494051456451416,1.0
1726,0.7347496172250831,17.069920445227556,17.069920445227556,0.012512779235839844,1.0
1727,0.4765635642505913,17.651490767742192,17.380998784549554,0.012292623519897461,0.85
1728,0.6934127523571896,15.868928665933945,15.868928665933945,0.012343657016754151,1.0
1729,0.6255895198440207,19.492185029492894,19.52074839499352,0.012236511707305909,0.95
1730,0.5652624134712305,16.49348979080723,16.708930822290313,0.012307834625244141,0.9
1731,0.6499720580535181,15.891654332272148,16.149109449571913,0.01228116750717163,0.95
1732,0.6680426052550005,16.21233287748287,16.263272692775217,0.012289559841156006,0.95
1733,0.6629975898176993,14.34139070042714,14.236131322058078,0.012297248840332032,0.95
1734,0.6728793566217706,15.1157760292614,14.957119877135028,0.012400317192077636,0.95
1735,0.524283167749492,14.767154398567687,13.980831312830688,0.012217748165130615,0.85
1736,0.6613560360588266,17.79865985172212,18.09912344885196,0.012393879890441894,0.95
1737,0.7461901826100927,17.45814031555114,17.45814031555114,0.012046253681182862,1.0
1738,0.7349279020340292,14.767970375184188,14.767970375184188,0.012187480926513672,1.0
1739,0.7312875044835054,17.829935074246837,17.829935074246837,0.012221813201904297,1.0
1740,0.7210480382249991,17.143884021363583,17.143884021363583,0.012206363677978515,1.0
1741,0.6435172872084243,16.00859342276275,16.098877641560343,0.012169623374938964,0.95
1742,0.5054058771073777,15.639593454169281,16.03337947753839,0.01226503849029541,0.85
1743,0.6722380095298667,15.219648822938726,15.375183849596322,0.012607371807098389,0.95
1744,0.5064239104883109,13.33145091976409,13.129726715543338,0.012175452709197999,0.85
1745,0.6398340897232474,15.293554536052124,15.381759452274785,0.012201786041259766,0.95
1746,0.7393019415983081,18.406395019635447,18.406395019635447,0.012072527408599853,1.0
1747,0.7491126778343952,16.915292541659024,16.915292541659024,0.012486839294433593,1.0
1748,0.7376163905033135,16.340416125476555,16.340416125476555,0.012431919574737549,1.0
1749,0.7332809200758672,15.25823418807982,15.25823418807982,0.012130773067474366,1.0
1750,0.6527201746446306,17.76598952458483,17.939425526456535,0.012222158908843993,0.95
1751,0.7123782029660976,17.83926539889533,17.83926539889533,0.012119078636169433,1.0
1752,0.5963014545044832,16.58123439332639,16.88859835195682,0.012172842025756836,0.95
1753,0.651837100902055,14.784366879022906,15.030119978500878,0.012117648124694824,0.95
1754,0.666877833829824,16.74286883769029,17.08159209131828,0.011946570873260499,0.95
1755,0.49678183645131957,14.757307791766076,14.814405387177507,0.01190934181213379,0.85
1756,0.7110412702400836,15.886284886799512,15.886284886799512,0.012405586242675782,1.0
1757,0.5721638670818527,17.816387298107557,18.430973453740283,0.011787223815917968,0.9
1758,0.4339309479117322,16.479762832597725,17.682573169950203,0.0119132399559021,0.8
1759,0.6276473803753762,16.96627689118742,17.30765270141256,0.012517726421356202,0.95
1760,0.6370297192567046,18.629312390839424,18.87045386939918,0.012052035331726075,0.95
1761,0.7155094756086682,16.31132386556167,16.31132386556167,0.01229313611984253,1.0
1762,0.7082412541170877,18.235899312188103,18.235899312188103,0.012467622756958008,1.0
1763,0.4804221832743984,15.740956334145224,16.026076144446563,0.011960840225219727,0.85
1764,0.5616232750794976,14.604367821021182,14.309243972985469,0.01222909688949585,0.9
1765,0.7128209409909333,14.740540498739572,14.740540498739572,0.012157046794891357,1.0
1766,0.5910670737792401,17.13153655470205,17.572663028553094,0.012101435661315918,0.9
1767,0.6394380822234206,19.234436376152026,19.52794526068262,0.012106680870056152,0.95
1768,0.6233098031690416,18.39579968579725,18.38349958552625,0.01220254898071289,0.95
1769,0.7123145828669918,18.493333647336264,18.493333647336264,0.011886322498321533,1.0
1770,0.5263564714209708,15.096516083267923,14.577982166825638,0.012233161926269531,0.85
1771,0.7342145405996001,16.150142022413768,16.150142022413768,0.012222194671630859,1.0
1772,0.7200691508350407,14.881013186678013,14.881013186678013,0.01202627420425415,1.0
1773,0.6423352235195393,16.53890273646061,16.593233654265166,0.012275004386901855,0.95
1774,0.6376507959028415,16.899750602444435,17.16927511890364,0.012417280673980713,0.95
1775,0.5152215169809249,15.760556422583672,15.489509451098087,0.012182295322418213,0.9
1776,0.6509686048536444,15.197686209534506,15.321344485170973,0.012121748924255372,0.95
1777,0.6391567517080332,18.793912221355694,19.15079863441214,0.012211835384368897,0.95
1778,0.7174186419386416,17.126099812349707,17.126099812349707,0.012094736099243164,1.0
1779,0.6318526917779749,16.364639338644572,16.634153505749147,0.012293481826782226,0.95
1780,0.611416110500461,16.5081712950113,16.80221013361107,0.012170076370239258,0.95
1781,0.7156953607412275,16.232816079128725,16.232816079128725,0.01216425895690918,1.0
1782,0.6447675167502214,17.585264635683075,16.668311559066723,0.012144887447357177,0.95
1783,0.6804389732858609,18.106641629542786,18.314639523517684,0.012228167057037354,0.95
1784,0.562948864625827,16.386298139639088,16.646133358515936,0.012331151962280273,0.9
1785,0.5731061615254005,14.363423843627277,14.276837100971553,0.012024211883544921,0.9
1786,0.691308881997417,19.71286167610446,19.71286167610446,0.012269353866577149,1.0
1787,0.6618893401064343,16.797683043859113,16.083686899002235,0.012267506122589112,0.95
1788,0.5131440325160412,13.954476115732167,13.232221536209286,0.012219905853271484,0.85
1789,0.7028855153251033,15.55177735468068,15.55177735468068,0.012372028827667237,1.0
1790,0.6428121865907664,19.281214874652076,19.433993015661212,0.012549781799316406,0.95
1791,0.6315144976587603,18.399130973922194,18.73199013074739,0.012570011615753173,0.95
1792,0.6119831067625384,19.15338081971741,19.56758878188556,0.012256860733032227,0.95
1793,0.6520662662884894,17.680223177313877,17.896142588142954,0.012388575077056884,0.95
1794,0.47644424307587696,16.042188177513026,16.261770195096084,0.012095654010772705,0.85
1795,0.6465498581772857,16.385585113137637,16.375608877904966,0.012402880191802978,0.95
1796,0.5118023620931005,15.066356604329759,15.282893501829285,0.012404131889343261,0.85
1797,0.535031786154469,15.269835240725666,15.436409041642044,0.01258176565170288,0.9
1798,0.6627645749597508,13.962318245356983,14.163825970538731,0.012178325653076172,0.95
1799,0.659922797439044,16.748212273512955,16.716247648810143,0.012126660346984864,0.95
1800,0.6991824408292026,15.745441998600223,15.745441998600223,0.011997926235198974,1.0
1801,0.7443299206937704,14.888791834376502,14.888791834376502,0.012309026718139649,1.0
1802,0.7264844467623289,12.643636290104098,12.643636290104098,0.012008869647979736,1.0
1803,0.6173867889824406,15.016197434160716,14.970039019263293,0.01228327751159668,0.95
1804,0.5908930514193614,17.751375448913738,18.084141117276644,0.012065744400024414,0.9
1805,0.7456144283733988,15.670458402079166,15.670458402079166,0.012263727188110352,1.0
1806,0.5683787510979297,16.60068919187875,17.163930702683423,0.012277829647064208,0.9
1807,0.6385970174029681,19.115039796982224,19.316238178890785,0.012256944179534912,0.95
1808,0.6108305357252981,16.467373883059857,16.232579265235444,0.011967837810516357,0.95
1809,0.6561378498874445,14.788251361720842,14.881277682903225,0.012036991119384766,0.95
1810,0.7345413108711403,16.509919255247745,16.509919255247745,0.012081742286682129,1.0
1811,0.6504732960766237,13.955317379490756,14.12367915188974,0.012005209922790527,0.95
1812,0.6382248625928244,16.056533900381503,15.9671904521476,0.011997032165527343,0.95
1813,0.7235640240134645,17.553920585504976,17.553920585504976,0.012024140357971192,1.0
1814,0.4840849005929472,17.258986447434022,16.640660688174517,0.012310564517974854,0.85
1815,0.7081677078905237,15.71248168109733,15.71248168109733,0.012024247646331787,1.0
1816,0.7086406078818233,14.834503488431963,14.834503488431963,0.012082183361053466,1.0
1817,0.7377092535775558,15.663157515671054,15.663157515671054,0.012021958827972412,1.0
1818,0.4722545684073065,17.328665356150328,17.92214900958292,0.011956489086151123,0.85
1819,0.7471539779455326,16.984740210526702,16.984740210526702,0.01214662790298462,1.0
1820,0.7196345042511629,14.293419765363756,14.293419765363756,0.012231338024139404,1.0
1821,0.5215365586451377,14.786924626868858,14.29105266139711,0.012226295471191407,0.9
1822,0.7053454346483454,16.20181449579801,16.20181449579801,0.012508952617645263,1.0
1823,0.7391263087550131,16.248819563835134,16.248819563835134,0.012339305877685548,1.0
1824,0.586430913600128,16.854178759693408,16.08088363484238,0.012488281726837159,0.9
1825,0.5715395217540596,17.367281343301645,17.990137376057145,0.012390518188476562,0.9
1826,0.638330223116055,15.105431168064223,15.066212653640525,0.012109649181365967,0.95
1827,0.7335120173681805,15.839329461549308,15.839329461549308,0.01221158504486084,1.0
1828,0.7441735509987286,15.759812155547696,15.759812155547696,0.012299621105194091,1.0
1829,0.6333133872035137,14.929551830183692,15.014443453640624,0.012008118629455566,0.95
1830,0.7099443595067586,17.29924033057993,17.29924033057993,0.012201523780822754,1.0
1831,0.642371867232157,17.454056711601364,17.806020579641107,0.01222059726715088,0.95
1832,0.7392580654881429,17.436790013638024,17.436790013638024,0.012223851680755616,1.0
1833,0.5706920978738761,18.64374846866466,18.94960173566004,0.012016189098358155,0.9
1834,0.5642357259003472,17.89012255191158,18.00371982634133,0.011990296840667724,0.9
1835,0.7258525866417764,18.53467791000545,18.53467791000545,0.0122933030128479,1.0
1836,0.7038418012994395,17.64022988362158,17.64022988362158,0.012133121490478516,1.0
1837,0.7130041267437097,16.40381792174673,16.40381792174673,0.012318658828735351,1.0
1838,0.7335602353165631,17.14461051373489,17.14461051373489,0.01228548288345337,1.0
1839,0.6507796173825098,17.022155430575374,17.216701497753213,0.012270963191986084,0.95
1840,0.6485323170475922,14.877131524167817,14.776076046860886,0.012483024597167968,0.95
1841,0.6521566948557634,15.430358688753689,15.392822501444003,0.012321710586547852,0.95
1842,0.65077587957993,13.81370954031325,13.682097414852807,0.012500524520874023,0.95
1843,0.5568004716385393,14.642375805733314,14.564815021863264,0.012449860572814941,0.9
1844,0.7098060324093971,19.32426751088074,19.32426751088074,0.012411165237426757,1.0
1845,0.5687244957190842,15.190336008113132,15.341713963273968,0.012535619735717773,0.9
1846,0.7493752221423776,13.62278020631204,13.62278020631204,0.012598669528961182,1.0
1847,0.6755109461527223,15.473930492179026,15.631335763729572,0.01250075101852417,0.95
1848,0.644817371279688,16.03863966273578,16.34646854257173,0.012347269058227538,0.95
1849,0.6803067271527249,14.595794451957179,14.595794451957179,0.012629425525665284,1.0
1850,0.647349938903,13.45909942013542,13.535317847056442,0.012547826766967774,0.95
1851,0.6973219848973237,15.113273360151387,15.113273360151387,0.012432396411895752,1.0
1852,0.6265781698597264,16.907582943471304,16.757584263682432,0.01251826286315918,0.95
1853,0.7154808276780656,19.608710410198874,19.608710410198874,0.012267613410949707,1.0
1854,0.6929636009803894,15.87642997469167,15.87642997469167,0.012346887588500976,1.0
1855,0.5762920313950761,16.574226661829446,16.484022091189487,0.012579071521759033,0.9
1856,0.4892007702253675,16.01074861340664,16.45279239392959,0.012264668941497803,0.85
1857,0.7107026677809809,16.990594347831067,16.990594347831067,0.012312090396881104,1.0
1858,0.5541457935428762,16.287319811667082,16.310203814842815,0.012411296367645264,0.9
1859,0.633609249477656,19.31986130604433,18.11130872849514,0.011958730220794678,0.95
1860,0.633709174117133,15.840870774297565,15.988936194512247,0.012031185626983642,0.95
1861,0.6377162301992927,14.673053698216469,14.77432528683767,0.012266695499420166,0.95
1862,0.5628869508061038,14.538916639013289,14.578367370503852,0.01225951910018921,0.9
1863,0.47146807219888787,16.55700961043171,16.79091948600979,0.012367677688598634,0.85
1864,0.6494509390636722,18.253809820856645,17.416909068873938,0.012152814865112304,0.95
1865,0.6952854830155284,18.33215903235151,18.33215903235151,0.01203535795211792,1.0
1866,0.7386170628534349,17.56027946683181,17.56027946683181,0.012359714508056641,1.0
1867,0.6700928654536475,17.30369441350131,17.592182969590056,0.01225578784942627,0.95
1868,0.6275811228196938,15.44331463609439,15.530085600170256,0.012292015552520751,0.95
1869,0.6474102725888424,19.493886610296347,19.776188305580188,0.011984753608703613,0.95
1870,0.7053073674292281,16.98711581131993,16.98711581131993,0.012181031703948974,1.0
1871,0.6226078746075894,16.62121381078744,15.665379518631683,0.011982154846191407,0.95
1872,0.6320208010284827,16.23320430059289,16.04640563126456,0.012799584865570068,0.95
1873,0.64532245879565,17.043818053426598,17.15811680384734,0.012101435661315918,0.95
1874,0.6938458142820914,12.84288419935928,12.84288419935928,0.012357938289642333,1.0
1875,0.6726528273931986,16.29032360224725,16.445636164283336,0.012312626838684082,0.95
1876,0.7209599136049689,18.35236441121696,18.35236441121696,0.012020242214202882,1.0
1877,0.7102095239814582,16.387376418969165,16.387376418969165,0.01218641996383667,1.0
1878,0.6017520215593712,14.803545125634855,15.052828295984924,0.012197756767272949,0.95
1879,0.6264713750075555,15.372857634179843,15.330374633697737,0.012452960014343262,0.95
1880,0.6170816552379608,16.079021014992204,15.995365943386144,0.012634491920471192,0.95
1881,0.6529878779090107,16.100194059198653,15.988336980275179,0.011939990520477294,0.95
1882,0.5990687952358004,16.600123970301375,16.58217710272626,0.01213088035583496,0.95
1883,0.5611887076426914,16.955040633089812,17.267663738281662,0.012275457382202148,0.9
1884,0.64847488627641,16.215985050932662,16.176700374072855,0.012164103984832763,0.95
1885,0.643977502926762,16.596859174293737,16.727976224588083,0.012241148948669433,0.95
1886,0.7129857152979329,17.422618273933494,17.422618273933494,0.012197411060333252,1.0
1887,0.664530283286529,15.379805388331226,15.379805388331226,0.012301397323608399,1.0
1888,0.7389350658021729,17.49316163349558,17.49316163349558,0.012183129787445068,1.0
1889,0.5266307929577513,17.782642913411614,17.96702213884323,0.012043821811676025,0.9
1890,0.5782012079767729,17.452951513821322,18.10292096847055,0.011925172805786134,0.9
1891,0.6474522973334433,16.224816242174263,16.378903957019332,0.012067687511444092,0.95
1892,0.6294685422850742,16.385471369069617,16.588154524300894,0.011969542503356934,0.95
1893,0.729244072493979,17.13337078690215,17.13337078690215,0.01208401918411255,1.0
1894,0.7251620017934406,15.934539719129095,15.934539719129095,0.012037622928619384,1.0
1895,0.7103774364577878,19.660173572871155,19.660173572871155,0.01201847791671753,1.0
1896,0.7175896446204173,18.980168363824117,18.980168363824117,0.01206732988357544,1.0
1897,0.4755461323622382,16.157902926836908,15.58022681396574,0.012051725387573242,0.85
1898,0.7058814540674978,18.22368953330906,18.22368953330906,0.01233314275741577,1.0
1899,0.6222483008001853,18.16389231001053,18.436371210339512,0.012034058570861816,0.95
1900,0.703539761620364,17.767987487651787,17.767987487651787,0.012067186832427978,1.0
1901,0.5086055011843127,15.721728057912333,16.116244852724762,0.012293374538421631,0.85
1902,0.45825815341041637,17.024824206029127,17.708877771102127,0.012246167659759522,0.85
1903,0.6401852467188209,16.71353269062695,16.86423686677979,0.012335968017578126,0.95
1904,0.7148879540377947,15.552193356065619,15.552193356065619,0.012538576126098632,1.0
1905,0.5079116033608853,14.354590259966027,14.666641870532082,0.011987149715423584,0.85
1906,0.6144549486647964,17.300766423195622,17.57635669689965,0.012125372886657715,0.95
1907,0.65311491637149,15.350076213207894,15.440737112201699,0.012001228332519532,0.95
1908,0.5711725606135111,16.5687366349843,16.7858620212621,0.011992931365966797,0.9
1909,0.6232393673789722,17.395406434010475,16.70935444285647,0.012485003471374512,0.95
1910,0.5703912233764246,13.130733490867286,12.831576434377029,0.012220335006713868,0.9
1911,0.6453730007731142,16.093935291832594,16.24353505618519,0.012126398086547852,0.95
1912,0.6334445791937189,17.676864205807085,16.426139872341384,0.012448751926422119,0.95
1913,0.6354065264735503,17.461755405349557,16.592820634330657,0.012151861190795898,0.95
1914,0.6139832600663463,17.650138109951946,17.53422636699667,0.012047481536865235,0.95
1915,0.5071526094216634,19.264991508735825,20.005954754597255,0.012131726741790772,0.85
1916,0.656795322266613,18.904114184094475,19.021370476758506,0.012114834785461426,0.95
1917,0.629284661882023,17.105120812990478,17.21499947891039,0.01232912540435791,0.95
1918,0.6875689227215066,17.183442666549734,17.183442666549734,0.012061476707458496,1.0
1919,0.5416451713299939,13.384118066904353,12.887218472306863,0.01228867769241333,0.9
1920,0.6646819519079545,17.607589409030048,17.607589409030048,0.012258791923522949,1.0
1921,0.5469039045625782,17.259700150322768,16.84673379063396,0.01207115650177002,0.9
1922,0.6985891068899842,16.605741787193796,16.605741787193796,0.011965644359588624,1.0
1923,0.6249444371828411,17.830885319954454,18.12797343606758,0.011967277526855469,0.95
1924,0.6407320986913354,15.76874052631997,15.966911312773828,0.012081468105316162,0.95
1925,0.6622419326309282,15.051850720664277,14.09259401100619,0.012248945236206055,0.95
1926,0.7454146363183979,17.503072804001373,17.503072804001373,0.011991596221923828,1.0
1927,0.6981414234500505,18.620150812843512,18.620150812843512,0.012207484245300293,1.0
1928,0.6852873145037761,19.178118017287197,19.178118017287197,0.01222604513168335,1.0
1929,0.6290088424397744,19.126124234321022,19.52222862968612,0.012163162231445312,0.95
1930,0.6315281082083868,16.525706165796993,15.804471578949277,0.01237947940826416,0.95
1931,0.5759160597820508,18.051974484761296,16.861283475123567,0.012324142456054687,0.95
1932,0.5670084023174826,18.812394935569497,18.057171894607162,0.0124068021774292,0.9
1933,0.5617701476397994,16.930322195970227,17.436391503890295,0.012124276161193848,0.9
1934,0.6575800235875114,17.222853714457866,17.408903031701836,0.012205839157104492,0.95
1935,0.5502749433502784,17.350372477322843,17.150169956647108,0.012204170227050781,0.9
1936,0.7143381159952769,18.908346125922016,18.908346125922016,0.012058103084564209,1.0
1937,0.6873007807560684,18.993366710939725,18.993366710939725,0.01235557794570923,1.0
1938,0.48125834854275257,15.731639531007858,16.019337553078245,0.012075257301330567,0.85
1939,0.6922207828908309,13.254590565801688,13.254590565801688,0.012161934375762939,1.0
1940,0.6372546128155279,17.599894420836517,17.97201015048564,0.012151956558227539,0.95
1941,0.6576229266290944,16.155650760444406,16.39624104192921,0.01212313175201416,0.95
1942,0.7315031121265104,16.84176920441537,16.84176920441537,0.011998891830444336,1.0
1943,0.6288002063713228,16.73687130560527,16.974704196121586,0.012135803699493408,0.95
1944,0.7206127113240937,16.646079639043556,16.646079639043556,0.011908721923828126,1.0
1945,0.6089624655879684,15.865031735675881,15.935636749919196,0.012051689624786376,0.95
1946,0.5506810251938922,16.569269660924082,16.612713408359934,0.012107884883880616,0.9
1947,0.6279762277500927,14.246050087568486,14.047686764062135,0.012160396575927735,0.95
1948,0.6848624328229233,17.472413037051215,17.472413037051215,0.012157714366912842,1.0
1949,0.6906771781294634,15.185135098866558,15.185135098866558,0.01228628158569336,1.0
1950,0.7305374191896045,15.569641067465767,15.569641067465767,0.012124192714691163,1.0
1951,0.7204095679866795,15.229419864536064,15.229419864536064,0.012230050563812257,1.0
1952,0.6217146137755055,16.556515167680327,16.587159034603975,0.012465310096740723,0.95
1953,0.5500352743134906,17.55032790767681,17.528710559819192,0.012261307239532471,0.9
1954,0.6655893862032717,16.657844090525636,15.946895115166097,0.012132346630096436,0.95
1955,0.6567410696790177,14.002113174371576,13.924726418240867,0.01228783130645752,0.95
1956,0.7145240171526335,13.75912536667783,13.75912536667783,0.012225866317749023,1.0
1957,0.7558429756122054,14.610579893535606,14.610579893535606,0.012047076225280761,1.0
1958,0.7279697565430427,15.734284679528685,15.734284679528685,0.011968564987182618,1.0
1959,0.6430124727851851,16.083964258817456,16.206259448335025,0.012002360820770264,0.95
1960,0.6325678682541898,13.263456582409594,13.368978719184387,0.012340974807739259,0.95
1961,0.652410115336379,13.555959310332778,13.626921715462949,0.012433290481567383,0.95
1962,0.4826383529593243,16.87087735459625,17.65106260168338,0.012242698669433593,0.85
1963,0.7360077069522311,14.27728107533667,14.27728107533667,0.012447547912597657,1.0
1964,0.7325641915225225,17.729987209340212,17.729987209340212,0.012430834770202636,1.0
1965,0.49107278895095785,14.783166727290109,15.024659910806308,0.01228724718093872,0.85
1966,0.5403518607689771,16.712004465394557,16.25165215923483,0.012578034400939941,0.9
1967,0.6307051924372322,17.0445782510512,17.109182746582142,0.012234795093536376,0.95
1968,0.6850411927008809,16.8714196600638,16.8714196600638,0.012210655212402343,1.0
1969,0.6383340842529034,14.725984743571678,14.854106536137154,0.012453532218933106,0.95
1970,0.48298600357790766,14.638689960346088,14.797477990088664,0.0121726393699646,0.85
1971,0.5851406961555353,17.536319235061715,17.163408362738533,0.012098276615142822,0.9
1972,0.7166269068234348,14.223858506865833,14.223858506865833,0.012006056308746339,1.0
1973,0.6391801876365576,15.408065423331237,15.601279807531307,0.012412118911743163,0.95
1974,0.6449807981873494,15.209735190708244,15.197648739360758,0.012205564975738525,0.95
1975,0.6446616622662101,15.481335003729507,15.33162181553306,0.012388741970062256,0.95
1976,0.7118171253492783,14.287752058792218,14.287752058792218,0.012285947799682617,1.0
1977,0.5685711140234582,16.853086358673966,17.1040903283832,0.012393796443939209,0.9
1978,0.693430923792551,21.517419010328524,21.517419010328524,0.012033355236053467,1.0
1979,0.646763461770694,18.443347156759184,18.79835064891088,0.012514257431030273,0.95
1980,0.6911187531702814,16.48339424060596,16.48339424060596,0.012050247192382813,1.0
1981,0.7262600434836564,14.676458405306946,14.676458405306946,0.012308657169342041,1.0
1982,0.6703944094398766,17.8746097660623,17.8746097660623,0.012233936786651611,1.0
1983,0.6210803208556887,19.788255116538057,20.15449670129811,0.012560546398162842,0.95
1984,0.6929629449217408,17.44873754720684,17.44873754720684,0.012335169315338134,1.0
1985,0.7004366400090978,17.46453256228331,17.46453256228331,0.01213759183883667,1.0
1986,0.7180513534678369,16.84314846521294,16.84314846521294,0.012133944034576415,1.0
1987,0.7077131548585934,17.799246344785036,17.799246344785036,0.012291550636291504,1.0
1988,0.6122668890171095,18.0103885336681,17.26997086682659,0.01217418909072876,0.95
1989,0.6657030155797761,17.72342741790339,17.99596024190113,0.01202017068862915,0.95
1990,0.7285737282081949,20.06326247799945,20.06326247799945,0.012278711795806885,1.0
1991,0.4761150083649134,20.09979978710935,20.171238208803224,0.012222385406494141,0.85
1992,0.6964251078672702,19.029676753891657,19.029676753891657,0.012313807010650634,1.0
1993,0.6009432377910744,19.557338699982715,19.79648908973927,0.012321579456329345,0.95
1994,0.5979847500067781,17.119155644520927,16.643376373412067,0.012405121326446533,0.9
1995,0.5505196236660568,20.122535273550945,20.745733314495528,0.012134945392608643,0.9
1996,0.6684203342120547,15.988076280023057,16.11787948408995,0.011762583255767822,0.95
1997,0.5704376586250345,14.68194693884636,15.028033233627914,0.012293052673339844,0.9
1998,0.7156798082724916,13.92924308382471,13.92924308382471,0.012215352058410645,1.0
1999,0.706248012916045,16.063874127018373,16.063874127018373,0.0122147798538208,1.0
2000,0.6242455396640618,16.409014335499524,16.49909015414119,0.012124359607696533,0.95
2001,0.6946593307845802,18.06602286770626,18.06602286770626,0.012152814865112304,1.0
2002,0.6971025387838768,15.854059452685826,15.854059452685826,0.012077999114990235,1.0
2003,0.7286388427278467,14.775112591344797,14.775112591344797,0.012150204181671143,1.0
2004,0.6304723466162538,17.57634832361809,17.957289396408083,0.012263047695159911,0.95
2005,0.5716363931907584,15.834351740603065,16.179556949284432,0.012203896045684814,0.9
2006,0.47339955942774586,16.92446387432287,17.16155747147731,0.012179076671600342,0.85
2007,0.7290629184932873,16.52568690637127,16.52568690637127,0.012330734729766845,1.0
2008,0.5638174459386315,15.855837165844648,16.124281533951667,0.012184369564056396,0.9
2009,0.7308709334875212,15.419413035358815,15.419413035358815,0.012283051013946533,1.0
2010,0.5047368990749257,17.101525411871894,16.33681253998601,0.012180793285369872,0.85
2011,0.6989651296332551,16.614276468291358,16.614276468291358,0.012274086475372314,1.0
2012,0.5597825672035667,15.884687062192711,16.356243175461707,0.012358582019805909,0.9
2013,0.6496649041203317,15.000031381748297,15.151819580466846,0.012450087070465087,0.95
2014,0.6491890347542695,17.56851812530251,17.805911756742933,0.012172210216522216,0.95
2015,0.48118625334221116,17.71764483815721,17.715246328282824,0.012176203727722167,0.85
2016,0.417881031155379,15.767878586698078,15.994745259672193,0.012119507789611817,0.8
2017,0.6359706814127208,18.513113118291763,18.947752532851798,0.012159287929534912,0.95
2018,0.5760243793612524,18.368525300313387,17.958133823099143,0.012102115154266357,0.9
2019,0.6505901132043144,14.272145442966297,14.404652131675661,0.012184345722198486,0.95
2020,0.7211474225231598,15.90091610299342,15.90091610299342,0.01229327917098999,1.0
2021,0.6637796215911638,14.637481043884463,14.691270010481508,0.012172102928161621,0.95
2022,0.6741207021992297,16.133344430161472,15.279796368167581,0.012082827091217042,0.95
2023,0.5849108748411989,14.107071427825094,14.012132940200583,0.012384593486785889,0.9
2024,0.6280920204910424,15.973824001457356,15.934255146990228,0.012405002117156982,0.95
2025,0.3355875501333147,16.548765058721973,17.125682739335115,0.012362217903137207,0.75
2026,0.665386439190763,15.175106454857248,15.229134360752898,0.01218118667602539,0.95
2027,0.6278107146262139,15.54771262261437,15.65220478633177,0.012220203876495361,0.95
2028,0.5825488474359272,14.812829555150353,14.754230860713486,0.012196874618530274,0.9
2029,0.7333989669723553,17.576064062953737,17.576064062953737,0.012414383888244628,1.0
2030,0.6645136304049599,15.415382678864754,15.430110069775747,0.012486279010772705,0.95
2031,0.6420016357636655,16.72493678337856,16.73632275508236,0.012344431877136231,0.95
2032,0.6452891311398392,14.574779667288567,14.75552036057352,0.011983489990234375,0.95
2033,0.7145964307588062,16.945603892742522,16.945603892742522,0.012180650234222412,1.0
2034,0.718048986313604,15.645274746558082,15.645274746558082,0.012123036384582519,1.0
2035,0.6371334079376774,16.43227225355007,15.626224601167971,0.012123489379882812,0.95
2036,0.5655241539922539,17.766440619681962,18.309269852400533,0.012585246562957763,0.9
2037,0.6194171706070495,17.280728482521234,17.541358802840954,0.011880147457122802,0.95
2038,0.6977512727872697,14.886763398314121,14.886763398314121,0.012209391593933106,1.0
2039,0.6398828261771996,17.048134337415977,17.38100818943593,0.011883413791656494,0.95
2040,0.6288457974637705,17.489866500269148,17.53528756187588,0.012020957469940186,0.95
2041,0.6150506710269602,17.134086775179348,17.161396007745687,0.011967337131500244,0.95
2042,0.5572812828125239,15.843258839108051,16.034345119328627,0.012204718589782716,0.9
2043,0.7217766392908026,15.809037082771287,15.809037082771287,0.012323570251464844,1.0
2044,0.4841129593952414,14.145906332707785,14.314230020857934,0.012240993976593017,0.85
2045,0.7131229653005833,18.259092719848518,18.259092719848518,0.012221336364746094,1.0
2046,0.71664344088057,16.236609088718104,16.236609088718104,0.012212800979614257,1.0
2047,0.5980710872204119,15.313544744377172,15.581217088598622,0.012064766883850098,0.95
2048,0.7313894278953638,17.03429947062954,17.03429947062954,0.012204980850219727,1.0
2049,0.6627788611345463,16.642917787621037,16.642917787621037,0.01208277940750122,1.0
2050,0.5521971121237985,16.208839584341703,15.409741293436298,0.012283778190612793,0.9
2051,0.5644794412729703,17.062131784087825,17.039785078426654,0.01221836805343628,0.9
2052,0.6141035502759772,15.61128066715715,15.740657019091929,0.01204909086227417,0.95
2053,0.6450108222096986,16.09015049246024,16.074268713925306,0.012066984176635742,0.95
2054,0.5769465988336812,13.981947706384375,14.361241878255262,0.012276577949523925,0.9
2055,0.6408659480160356,16.174286774660345,16.284174430652683,0.012437248229980468,0.95
2056,0.6910344110826233,15.253218605411195,15.253218605411195,0.012021994590759278,1.0
2057,0.4818416134750952,14.566752679329573,14.833737971313147,0.01210850477218628,0.85
2058,0.7053737481514886,16.931976192686747,16.931976192686747,0.01218041181564331,1.0
2059,0.6919318217880891,16.32749520436299,16.32749520436299,0.01211693286895752,1.0
2060,0.7208825267639868,18.489743507584365,18.489743507584365,0.012231314182281494,1.0
2061,0.5750758112303617,16.224195435575034,16.557457225585303,0.012347745895385741,0.9
2062,0.7256866642740938,16.792156429786694,16.792156429786694,0.012025403976440429,1.0
2063,0.6617465465150378,15.678155487267507,15.602295028625113,0.0121240496635437,0.95
2064,0.33459051065819767,16.274116861877065,17.683858978357044,0.011893999576568604,0.75
2065,0.6355875780950162,15.574803316843344,15.55921667690483,0.012038493156433105,0.95
2066,0.6850321491843807,17.59620429067163,17.59620429067163,0.011945319175720216,1.0
2067,0.654119737712234,14.910555325401267,14.885707555213283,0.012258005142211915,0.95
2068,0.49262281995609014,14.117704624163537,14.430846648793361,0.012205541133880615,0.85
2069,0.7183129097502959,16.02399829592711,16.02399829592711,0.012075722217559814,1.0
2070,0.7351836847972235,16.282971471499074,16.282971471499074,0.012073838710784912,1.0
2071,0.6421089737301113,16.2021959208586,16.516164487477017,0.012006652355194092,0.95
2072,0.5755962251070945,16.348656556846386,16.86064762021943,0.01227949857711792,0.9
2073,0.6308299194477818,13.979586933661588,13.802425424627748,0.012173616886138916,0.95
2074,0.7069666380307409,16.56336913584889,16.56336913584889,0.012207627296447754,1.0
2075,0.5608800290574365,15.91717876319031,16.161994873788366,0.01192547082901001,0.9
2076,0.5311537206605081,16.04964851456803,16.048953618450923,0.011865854263305664,0.9
2077,0.686649242091782,15.41017814266765,15.41017814266765,0.01201237440109253,1.0
2078,0.6373509409546321,14.22504061860137,14.017363828618251,0.011986207962036134,0.95
2079,0.6458130171034628,16.181310065684468,16.286769935201264,0.012069439888000489,0.95
2080,0.7159990073262457,15.290782484401154,15.290782484401154,0.012291169166564942,1.0
2081,0.7090262385314564,16.83174863339454,16.83174863339454,0.012256264686584473,1.0
2082,0.56923366489517,18.11157435483289,18.943572744245607,0.012338650226593018,0.9
2083,0.5187454943144058,17.279730402898746,17.86184021998806,0.012027609348297118,0.9
2084,0.6313276441790601,19.361528670130415,19.794071697529013,0.0119401216506958,0.95
2085,0.6873982082185427,18.367966286135367,18.367966286135367,0.012125778198242187,1.0
2086,0.7178615007637155,15.159405157305494,15.159405157305494,0.012016427516937257,1.0
2087,0.6524597083502325,14.364231845650327,14.50204306926513,0.012190425395965576,0.95
2088,0.7233878626724409,17.03626665409693,17.03626665409693,0.012199902534484863,1.0
2089,0.6957134026713961,16.027086052559373,16.027086052559373,0.011940336227416993,1.0
2090,0.7225318078583107,18.258975676729683,18.258975676729683,0.012028205394744872,1.0
2091,0.6492481852650455,18.373237794406585,17.715767371765903,0.01205958127975464,0.95
2092,0.6531871836795917,19.310010383546285,19.65063297464481,0.012082242965698242,0.95
2093,0.7064237902958158,16.798750874661174,16.798750874661174,0.012144517898559571,1.0
2094,0.5613590724409697,16.518373902042402,15.869929983649488,0.012193310260772704,0.9
2095,0.6398598542089026,15.715836583622053,15.864788801563032,0.012245798110961914,0.95
2096,0.5691402790700828,16.383406185881064,16.69435142493485,0.012238812446594239,0.9
2097,0.719041479075281,15.504192368647153,15.504192368647153,0.012027442455291748,1.0
2098,0.6457436696269021,16.170177376141076,16.24577098135082,0.012347018718719483,0.95
2099,0.4852930424564638,15.284983108256986,15.505444185490497,0.012005352973937988,0.85
2100,0.7104435320572294,14.923654442022638,14.923654442022638,0.01212778091430664,1.0
2101,0.6500275446401711,16.05621681064354,16.272783840261916,0.01217639446258545,0.95
2102,0.616664263469561,14.893978553365812,14.742928116140275,0.011964035034179688,0.95
2103,0.6358835109213339,15.228826660376319,15.04932232205061,0.01219717264175415,0.95
2104,0.6284877486081724,16.980263831247107,17.03804694889501,0.011982583999633789,0.95
2105,0.6205610418644323,17.51354715990602,17.754858816280954,0.012471795082092285,0.95
2106,0.6175250877854572,15.488193503013434,15.405175865040874,0.012375140190124511,0.95
2107,0.5706344912021342,13.951306357277304,14.339342252839113,0.012109637260437012,0.9
2108,0.5213450563891672,14.019924130637829,13.135923003861304,0.012379777431488038,0.85
2109,0.7299918725884078,16.85944319692476,16.85944319692476,0.012388503551483155,1.0
2110,0.5439757612595189,15.874111223274406,15.901705109076403,0.012223434448242188,0.9
2111,0.6333734010372614,15.615380907649259,15.762135120793008,0.011915647983551025,0.95
2112,0.5755113767208994,16.68802386196987,17.20933460705231,0.012170863151550294,0.9
2113,0.5642088176969118,15.470782776144654,15.503207033736386,0.012057769298553466,0.9
2114,0.6979966523491423,16.62268100032062,16.62268100032062,0.012146401405334472,1.0
2115,0.6919228945184072,16.516821600789562,16.516821600789562,0.012178993225097657,1.0
2116,0.6331207033978764,15.285127640088183,15.295422475423221,0.012251055240631104,0.95
2117,0.6944524899693331,14.804758316091315,14.804758316091315,0.012009251117706298,1.0
2118,0.6491720126877395,16.010061332395946,15.922275698395902,0.012225782871246338,0.95
2119,0.6044566284634192,13.41364973001017,13.67647439932014,0.012190616130828858,0.9
2120,0.7254394372859416,15.341161152184227,15.341161152184227,0.012129580974578858,1.0
2121,0.7048752775637317,18.543450894763488,18.543450894763488,0.011792790889739991,1.0
2122,0.5611287516405865,15.782924013270332,15.339556156850332,0.01225813627243042,0.9
2123,0.6895155056695482,17.071719012658185,17.071719012658185,0.012133288383483886,1.0
2124,0.6117696767014713,17.324669542701603,17.39852358752117,0.012086498737335204,0.95
2125,0.5471255028338924,16.410471578163015,16.504175070895048,0.012186861038208008,0.9
2126,0.618954966672364,14.544419663811102,14.447714816014681,0.011927282810211182,0.95
2127,0.6445289856541956,16.756314982880475,16.858358818768874,0.0121026873588562,0.95
2128,0.7248252858302122,16.6584215112674,16.6584215112674,0.012109267711639404,1.0
2129,0.7120301465119256,18.19139218200043,18.19139218200043,0.012347781658172607,1.0
2130,0.7007993843521185,16.210382323575402,16.210382323575402,0.012118136882781983,1.0
2131,0.6197655138774233,15.643068309026035,15.684064606042165,0.012003016471862794,0.95
2132,0.6384510963826865,16.258276241652435,16.458856369652608,0.012310338020324708,0.95
2133,0.5088470271779668,17.003014582866836,16.720750293420245,0.012057125568389893,0.85
2134,0.4615019236411129,16.490258309730685,16.96048608076423,0.01190345287322998,0.85
2135,0.4854813943305185,18.59950102122847,19.66296630438472,0.01191776990890503,0.85
2136,0.5040723576060258,15.190224009940602,15.473192037747046,0.011918234825134277,0.9
2137,0.7220189756217056,17.71139930849098,17.71139930849098,0.011923098564147949,1.0
2138,0.5667840713202578,18.960654304607747,19.477714117548828,0.01211613416671753,0.9
2139,0.5628407664481946,17.82584899987625,18.34575991573327,0.012431657314300537,0.9
2140,0.5492773443050445,16.731018722511607,16.159581127613023,0.012168180942535401,0.9
2141,0.708508776206983,16.02526832808276,16.02526832808276,0.012252402305603028,1.0
2142,0.5496561948106476,16.549381578871117,16.901445396975937,0.0120033860206604,0.9
2143,0.6232346761648773,17.67105467783984,17.787424823133325,0.011966514587402343,0.95
2144,0.6806619306270657,14.372466909538645,14.372466909538645,0.012171590328216552,1.0
2145,0.7075537956276989,15.48078271370755,15.48078271370755,0.01212315559387207,1.0
2146,0.6552859889609592,15.955187278344585,16.12766317543287,0.012135767936706543,0.95
2147,0.7132640192869676,15.247202305966734,15.247202305966734,0.011986207962036134,1.0
2148,0.5869928706523252,16.652860722915932,17.203030789885254,0.012014436721801757,0.9
2149,0.5548658400609712,16.905066612356595,17.24981157665044,0.012454140186309814,0.9
2150,0.6429282384041505,17.847848536258322,18.192514718501254,0.012003028392791748,0.95
2151,0.6238341801202607,16.66835788142151,16.7982898646535,0.011949598789215088,0.95
2152,0.6201621914287505,16.109558509269654,16.28338019119524,0.012413740158081055,0.95
2153,0.7377156934517946,15.773636942308798,15.773636942308798,0.01233987808227539,1.0
2154,0.7188609173428954,14.378259795620048,14.378259795620048,0.01207062005996704,1.0
2155,0.7334612390571792,16.28239307378099,16.28239307378099,0.011807942390441894,1.0
2156,0.7107322739076113,17.958623337433917,17.958623337433917,0.012258565425872803,1.0
2157,0.7155643985094857,18.68685794766416,18.68685794766416,0.012082457542419434,1.0
2158,0.6328290589618282,17.137311945534314,17.40483466324818,0.012064921855926513,0.95
2159,0.7050452142263561,16.59889939496761,16.59889939496761,0.012135577201843262,1.0
2160,0.5847631571583054,16.203454271663823,16.017284141682758,0.012270903587341309,0.9
2161,0.5621807980654387,13.800291351783574,13.856712346459274,0.012328088283538818,0.9
2162,0.6321436524942066,15.01911727614089,14.880218584856896,0.012661266326904296,0.95
2163,0.7302702666181702,13.695400041124884,13.695400041124884,0.012424850463867187,1.0
2164,0.644012124413281,12.976325206449896,12.72891017518232,0.012025213241577149,0.95
2165,0.7184749759359967,14.158686649688466,14.158686649688466,0.012294936180114745,1.0
2166,0.5873041239406523,16.332627288649277,16.975269443955323,0.012260675430297852,0.9
2167,0.5691435648485154,17.669037613999002,18.053718242613357,0.012137913703918457,0.9
2168,0.6287612144330121,15.698650315150763,15.71989610322296,0.01243497133255005,0.95
2169,0.7193582109382345,13.785468969705388,13.785468969705388,0.012482023239135743,1.0
2170,0.695615090344766,15.857859829944768,15.857859829944768,0.012269210815429688,1.0
2171,0.6168236877003149,16.752018957307627,17.101214807227812,0.012024879455566406,0.95
2172,0.6438635536295447,13.954848153939825,14.015018522121517,0.012259137630462647,0.95
2173,0.7114260696972496,13.005270336134597,13.005270336134597,0.012524402141571045,1.0
2174,0.6918722166554796,15.564576992316457,15.564576992316457,0.012425565719604492,1.0
2175,0.5795596240623101,17.61399140555058,17.746504758856098,0.01244666576385498,0.9
2176,0.7229243770346415,16.654876706752287,16.654876706752287,0.012286031246185302,1.0
2177,0.6003855108333875,16.038196548529502,15.437085900971717,0.012272810935974121,0.9
2178,0.6298606810212319,16.051955973280336,16.340784106444456,0.01235281229019165,0.95
2179,0.7323580659293787,17.610370755224572,17.610370755224572,0.012470924854278564,1.0
2180,0.7282984578121219,14.727749820343297,14.727749820343297,0.012414371967315674,1.0
2181,0.6526571179465848,14.161349014313984,14.089853049806011,0.012193536758422852,0.95
2182,0.5591145906756092,14.115338968596756,13.917952611825875,0.01206439733505249,0.9
2183,0.725150374531642,16.789851809695445,16.789851809695445,0.012017941474914551,1.0
2184,0.6523775234432118,15.839403462782348,14.941651802546152,0.01195617914199829,0.95
2185,0.5567666905422162,17.218024788476487,17.155407998611345,0.0119828462600708,0.9
2186,0.5494894463112037,13.512670926405928,13.759088899735852,0.012188875675201416,0.9
2187,0.7303736593672141,16.316751197658338,16.316751197658338,0.011927735805511475,1.0
2188,0.5643932830457266,14.207672501017239,14.000942346963596,0.011784636974334716,0.9
2189,0.6853594985929596,15.660403132615809,15.660403132615809,0.01204928159713745,1.0
2190,0.5713202332846977,13.315690596549743,13.536970276689415,0.012287414073944092,0.9
2191,0.5479449753257294,16.76239524047812,16.984763951390825,0.01221609115600586,0.9
2192,0.599827640048381,18.039166835587114,18.028008845122255,0.012075746059417724,0.95
2193,0.5535880180285785,17.76513080828216,18.493270939702857,0.012207186222076416,0.9
2194,0.5682044376283605,17.84236272499516,17.02071191280361,0.012237346172332764,0.9
2195,0.5156143296159013,16.091569024915543,15.138125399871361,0.011988425254821777,0.85
2196,0.6621330029399901,16.052518338621628,15.04351762949544,0.012012755870819092,0.95
2197,0.5443102119450638,17.54580163213985,17.86064814113289,0.01205739974975586,0.9
2198,0.5390024432941551,15.27081363682438,15.267764035757883,0.012071502208709717,0.9
2199,0.6275114904699515,16.623805066221404,16.75204599051285,0.01206049919128418,0.95
2200,0.7157161422891902,16.488877752063726,16.488877752063726,0.01225576400756836,1.0
2201,0.6493705724332745,16.8187817312082,16.987867432859133,0.012353754043579102,0.95
2202,0.6152685972383184,16.657529695471982,16.80006358024856,0.012331223487854004,0.95
2203,0.715940549126403,15.80593342692531,15.80593342692531,0.012043297290802002,1.0
2204,0.6572837464674633,14.960648969747576,14.898274087756857,0.012370312213897705,0.95
2205,0.7030580608514937,15.135770335702261,15.135770335702261,0.012104856967926025,1.0
2206,0.7029768556262809,16.512591915340575,16.512591915340575,0.012061226367950439,1.0
2207,0.6194037011494753,17.78399311312824,17.61342093586985,0.012008440494537354,0.95
2208,0.7345221323729377,17.723535574975365,17.723535574975365,0.01225353479385376,1.0
2209,0.6197017901698408,17.406532189314163,17.683013119485647,0.012111997604370118,0.95
2210,0.6945353608772116,16.67407150757807,16.67407150757807,0.012185871601104736,1.0
2211,0.7051762768522636,12.666292236402162,12.666292236402162,0.012364685535430908,1.0
2212,0.7171923468430547,16.937977612176603,16.937977612176603,0.012394559383392335,1.0
2213,0.6349160775472689,17.325901513428136,17.24693911665653,0.011997246742248535,0.95
2214,0.6521503075870584,15.011454819071261,15.274311152018806,0.01222909688949585,0.95
2215,0.6970840859820535,14.94334538338872,14.94334538338872,0.011970126628875732,1.0
2216,0.35917319349985644,15.721676559248428,14.185455026464261,0.012175512313842774,0.75
2217,0.7082980048323727,17.897940922736215,17.897940922736215,0.011837053298950195,1.0
2218,0.6139269659264823,16.541848699287648,15.689466595032513,0.011874532699584961,0.95
2219,0.6530569070442165,18.163189049052857,17.48598106914065,0.012016057968139648,0.95
2220,0.6411850999471356,16.497659822104396,16.68886811805046,0.012003278732299805,0.95
2221,0.7308569924448756,16.471410458867556,16.471410458867556,0.01185063123703003,1.0
2222,0.6996555042450294,18.167616657933248,18.167616657933248,0.012086319923400878,1.0
2223,0.6426450069223651,18.71471472179281,19.05783108216318,0.012018823623657226,0.95
2224,0.4924253166370204,18.36114593883068,18.057244907651246,0.012179970741271973,0.85
2225,0.6254281834172247,20.051469626392635,20.36890833391799,0.012075483798980713,0.95
2226,0.679695717352043,15.666980228733738,15.666980228733738,0.01211543083190918,1.0
2227,0.6306326846658593,16.146125534511704,16.26285571111514,0.012155401706695556,0.95
2228,0.6918445347423495,14.757278421561725,14.757278421561725,0.012183821201324463,1.0
2229,0.691055494606108,16.28089464222894,16.28089464222894,0.012387466430664063,1.0
2230,0.6524126362718303,15.628352321405501,15.653904253360395,0.012455987930297851,0.95
2231,0.690553303585227,18.014820705460412,18.014820705460412,0.012494468688964843,1.0
2232,0.7159013909201628,16.318454375290194,16.318454375290194,0.01240922212600708,1.0
2233,0.706442877163963,16.773700856911,16.773700856911,0.012314605712890624,1.0
2234,0.7274548484160379,16.626541871400228,16.626541871400228,0.012213480472564698,1.0
2235,0.6521187091263106,15.658185951120092,14.842454072356466,0.012288355827331543,0.95
2236,0.6088293656163916,15.373203115421376,15.514631071238984,0.01206510066986084,0.95
2237,0.7438860911545563,16.805531629850623,16.805531629850623,0.012025153636932373,1.0
2238,0.6890559799199572,16.991507537515307,16.991507537515307,0.012050044536590577,1.0
2239,0.735480649086654,14.431653938307525,14.431653938307525,0.011890065670013428,1.0
2240,0.6387845220150374,16.274463669718394,16.1376040781851,0.0120306134223938,0.95
2241,0.5492914802487008,13.31553765070648,13.106003788868156,0.012260520458221435,0.9
2242,0.7181323556761976,17.456437504328836,17.456437504328836,0.012292873859405518,1.0
2243,0.61865038331763,17.32218630619341,17.478035857232776,0.012186765670776367,0.95
2244,0.6594034238949508,15.472348040408724,15.633204039415721,0.01215672492980957,0.95
2245,0.6717012528681526,16.0248321031143,16.308757021886688,0.012023913860321044,0.95
2246,0.5471673675056425,15.765314137927106,16.100269514043067,0.012241828441619872,0.9
2247,0.6637517954397054,14.754451191316829,14.96033234367084,0.012249588966369629,0.95
2248,0.6360054742243774,14.132288974140428,14.347446187675608,0.012047171592712402,0.95
2249,0.7207370163767763,16.967133896427704,16.967133896427704,0.012240397930145263,1.0
2250,0.6346898784787454,15.227033473420168,15.059577925966165,0.012070739269256591,0.95
2251,0.7320627571619788,18.173457389130157,18.173457389130157,0.012118637561798096,1.0
2252,0.5807791088724971,15.588065282769339,15.995793959532628,0.01213449239730835,0.9
2253,0.6365757815994116,15.709685229114154,15.731403555778797,0.012087750434875488,0.95
2254,0.5125559592694657,16.618932152158987,16.30265042147759,0.012514448165893555,0.9
2255,0.569239312151923,15.974308649741706,15.870982064133248,0.012393295764923096,0.9
2256,0.5461394050008612,17.178270960087584,17.064156065203225,0.012022316455841064,0.9
2257,0.6174933837990499,17.68939520824041,17.74446727945459,0.012354433536529541,0.95
2258,0.4554705462021326,17.621184803292607,18.112197091707092,0.011946463584899902,0.85
2259,0.3915262561036344,18.477411244571098,16.661897893753725,0.011997401714324951,0.8
2260,0.6596429985213808,16.029734792643424,16.1472831356159,0.012255597114562988,0.95
2261,0.5673558171146069,15.62922742883714,15.882679007622913,0.012071216106414795,0.9
2262,0.694859203127215,15.828719163301315,15.828719163301315,0.012069308757781982,1.0
2263,0.7006316432773143,17.79305379430649,17.79305379430649,0.012237048149108887,1.0
2264,0.4945635454360275,17.306993429935524,16.685893481203923,0.012168800830841065,0.85
2265,0.7131967326252514,17.92290696992675,17.92290696992675,0.012413978576660156,1.0
2266,0.6222706894167201,15.464966338449909,15.73074471575692,0.01207808256149292,0.95
2267,0.6542622185642201,14.134164530154312,14.330783101780801,0.012244784832000732,0.95
2268,0.5973219216635093,13.33057331592263,13.327424644837457,0.012270355224609375,0.9
2269,0.7199442741191002,15.939311057327737,15.939311057327737,0.012090730667114257,1.0
2270,0.550221293690773,17.221005903620263,17.550255650887546,0.012246286869049073,0.9
2271,0.47156710698242854,14.036710255124808,14.026881210496681,0.012322652339935302,0.85
2272,0.5801513153795215,16.47784750592564,16.93066162683992,0.011916148662567138,0.9
2273,0.6542119871633387,15.051241473535132,15.109299978158754,0.012200665473937989,0.95
2274,0.4726173216129596,14.933388986140505,15.111365269678531,0.011848950386047363,0.85
2275,0.6383211637098216,16.514875381769997,16.693876575126342,0.011931824684143066,0.95
2276,0.7123673562236005,16.134790586325945,16.134790586325945,0.012426817417144775,1.0
2277,0.5431378639483871,17.13998392770092,17.55516756866962,0.012198698520660401,0.9
2278,0.5290985657321641,16.42859189875221,16.7590145572853,0.012140536308288574,0.9
2279,0.5629845196317921,16.679906983113586,16.999305931816902,0.012261033058166504,0.9
2280,0.6319901532590111,17.74019527705034,17.670346834671808,0.012075793743133546,0.95
2281,0.6299864414085593,16.018084685453324,15.695126708716675,0.012162387371063232,0.95
2282,0.5674121404928988,14.18485811570091,14.235903523984284,0.012114572525024413,0.9
2283,0.635951266848702,14.497574677826643,14.433717095656116,0.01231473684310913,0.95
2284,0.6971748856524529,18.016027601888275,18.016027601888275,0.012226152420043945,1.0
2285,0.7287051080130746,15.973906269588813,15.973906269588813,0.012063884735107422,1.0
2286,0.7154953208581197,16.694489758553125,16.694489758553125,0.012173295021057129,1.0
2287,0.6649963492008056,17.519860751291127,17.822525329161127,0.012064731121063233,0.95
2288,0.6309284194592121,17.338504425538606,17.628552303852477,0.012001383304595947,0.95
2289,0.6451557265788979,15.964889902620715,16.060489482627958,0.012019002437591552,0.95
2290,0.7081149313498496,15.181690511150512,15.181690511150512,0.012204182147979737,1.0
2291,0.7072501057299264,19.125791794099836,19.125791794099836,0.012230312824249268,1.0
2292,0.5363855020156557,19.535215581515995,19.179869777767415,0.012314534187316895,0.9
2293,0.7204892865312956,20.419740355593845,20.419740355593845,0.012409651279449463,1.0
2294,0.577068702731659,17.176181754150043,16.340191156597808,0.01209862232208252,0.9
2295,0.5558060366361977,16.29398820723859,16.596045561283404,0.012117934226989747,0.9
2296,0.5614559741522295,17.10274957286053,16.548293355137474,0.011958563327789306,0.9
2297,0.7201697915303746,16.272249251918204,16.272249251918204,0.012051594257354737,1.0
2298,0.6315493056749587,15.565380206859032,15.59022298989044,0.012158083915710449,0.95
2299,0.5554650786918787,18.195353802124522,18.699766723076422,0.012488889694213866,0.9
2300,0.626896368028312,17.103047733068358,17.335094362970043,0.012149059772491455,0.95
2301,0.6149561803182485,14.391281554728318,14.345513411186985,0.012131226062774659,0.95
2302,0.5424964424273778,16.476906835013384,16.879242596663303,0.01212611198425293,0.9
2303,0.6457742228291099,14.883692456078709,14.769482220034762,0.01217963695526123,0.95
2304,0.6402313418731109,16.403565448184587,16.723679209896126,0.01206597089767456,0.95
2305,0.7225649153447159,16.28047724259182,16.28047724259182,0.012115097045898438,1.0
2306,0.6241795362940645,17.032407863701202,17.40003267059953,0.012160813808441162,0.95
2307,0.6307663700370945,20.332576504539347,20.655253689934455,0.012652575969696045,0.95
2308,0.7182442358871869,17.21581701279495,17.21581701279495,0.012169969081878663,1.0
2309,0.6481995526414479,14.141093037642188,14.18555733467244,0.012316274642944335,0.95
2310,0.48116003553715,15.78151903549895,15.053212290938554,0.012143385410308839,0.85
2311,0.7260535245472017,16.816802135068723,16.816802135068723,0.012417078018188477,1.0
2312,0.7234818656677326,16.887665991655684,16.887665991655684,0.012168800830841065,1.0
2313,0.7203926746485702,18.738153942496226,18.738153942496226,0.012204647064208984,1.0
2314,0.7042175716457872,16.095204562258246,16.095204562258246,0.012228333950042724,1.0
2315,0.48765387239008834,17.299088594454794,17.95541643572818,0.012239158153533936,0.85
2316,0.57097635157501,15.79449429854993,16.190235164852954,0.012252235412597656,0.9
2317,0.6944867397360767,17.40563801846648,17.40563801846648,0.01244962215423584,1.0
2318,0.6126002155965018,13.071590043849977,13.014684883084849,0.012172520160675049,0.95
2319,0.6524805085456034,17.197028845607857,17.31210973535014,0.012174379825592042,0.95
2320,0.6567585294463362,15.787133363273426,15.871591075042135,0.012266707420349122,0.95
2321,0.7248576249774001,16.32235870631722,16.32235870631722,0.01231367588043213,1.0
2322,0.5780643055393874,14.91843524477874,14.814732143594009,0.01254035234451294,0.9
2323,0.6420195820280942,16.867188876078938,16.901283566286583,0.012565159797668457,0.95
2324,0.6243618412019583,16.709886300735416,16.75013248945554,0.012082338333129883,0.95
2325,0.6401215851624205,14.786699881104756,14.974673500377312,0.012092185020446778,0.95
2326,0.6249891333267348,16.514241783885716,16.418773340726215,0.011998748779296875,0.95
2327,0.7221149494909426,17.02258993456202,17.02258993456202,0.012201046943664551,1.0
2328,0.48039353669183626,15.829612634116558,16.095435981005473,0.012168359756469727,0.85
2329,0.5308659340232351,18.21410570480684,17.05909504100493,0.011940479278564453,0.85
2330,0.5401321595602152,13.365775106804666,13.414231889028423,0.01214284896850586,0.9
2331,0.6997277816207055,14.116020132076073,14.116020132076073,0.01215503215789795,1.0
2332,0.5723142337995422,14.208905362589354,14.11483378736159,0.011892390251159669,0.9
2333,0.7009819638423064,15.110530390665025,15.110530390665025,0.012256443500518799,1.0
2334,0.614126448690677,15.033957844976152,15.285341603293247,0.012239563465118408,0.95
2335,0.6547724493177057,17.04548269831293,17.39284726456151,0.012325239181518555,0.95
2336,0.5013907764895629,17.721692538855983,18.786506433320184,0.01218874454498291,0.85
2337,0.7125458464031592,14.958178742333448,14.958178742333448,0.012137043476104736,1.0
2338,0.7323438943221727,16.71619722173505,16.71619722173505,0.012161517143249511,1.0
2339,0.6273284206194517,14.54522700104583,14.733140875983054,0.012060439586639405,0.95
2340,0.5592533094279337,14.672382311776797,14.570725406807007,0.012198686599731445,0.9
2341,0.6285279435375059,18.50435484831938,18.644129669768642,0.012188911437988281,0.95
2342,0.6707442192632289,16.76153100381432,16.76153100381432,0.012330138683319091,1.0
2343,0.6380119802724141,13.844953217523976,13.747157838667178,0.012459790706634522,0.95
2344,0.6481609162418234,15.800459521646568,15.972416013756957,0.012286686897277832,0.95
2345,0.5832653115660646,14.997852702419914,14.318612400278214,0.01200706958770752,0.9
2346,0.5621524524902244,16.741409962170156,17.288180594817362,0.012274742126464844,0.9
2347,0.6836965540005657,18.625182049174867,18.625182049174867,0.012393367290496827,1.0
2348,0.625726294571262,18.921647184923938,19.200587637632886,0.012465572357177735,0.95
2349,0.7072601820979703,15.815138173830174,15.815138173830174,0.012156033515930175,1.0
2350,0.6152429726945805,16.25227818463501,16.579384892854108,0.012512338161468507,0.95
2351,0.6729434181713154,16.30201589113539,16.471651078291007,0.012311077117919922,0.95
2352,0.5814274874853574,17.62287315666345,18.06151283050095,0.012156426906585693,0.9
2353,0.7397923341516774,15.223846959346599,15.223846959346599,0.012092041969299316,1.0
2354,0.6348143711444029,16.542329959897135,16.766492928225972,0.01185990571975708,0.95
2355,0.7054270629887732,18.43591566504227,18.43591566504227,0.011918306350708008,1.0
2356,0.6001312102617016,18.39849168337811,18.722562970367893,0.01200486421585083,0.95
2357,0.6082239219193284,19.140130771367307,19.49689920825712,0.011958229541778564,0.95
2358,0.47261363113023036,14.591588866551728,14.374999221541128,0.012305355072021485,0.85
2359,0.6066719670429291,16.205476638568914,16.4207654213819,0.012196576595306397,0.95
2360,0.47153842579966315,13.971380215226507,13.8045221491809,0.012273061275482177,0.85
2361,0.6283875309282415,16.90471978461634,17.191029664887214,0.012388622760772705,0.95
2362,0.48587295476805376,15.768929305115453,16.053778024260243,0.012208425998687744,0.85
2363,0.6233210173142278,16.672208442551273,15.4021449784182,0.012203013896942139,0.95
2364,0.6003305568420098,18.950679779476012,18.582224649161997,0.012354826927185059,0.95
2365,0.5353900712938706,15.399863908766093,15.439769445932363,0.012234330177307129,0.9
2366,0.5755757767084784,14.066530549563694,14.224992921024873,0.012071835994720458,0.9
2367,0.7155715921049054,18.540207697583675,18.540207697583675,0.012116694450378418,1.0
2368,0.6449939572808074,16.990633659570754,17.108138347717514,0.012207710742950439,0.95
2369,0.7028525147788351,14.918294922788021,14.918294922788021,0.012117743492126465,1.0
2370,0.736844525939077,15.73896769130875,15.73896769130875,0.011891889572143554,1.0
2371,0.7111945171181807,15.681483721783039,15.681483721783039,0.0119384765625,1.0
2372,0.5744924725730497,16.229044669643834,15.500129024264178,0.012303924560546875,0.9
2373,0.6659019279232365,16.571814174857533,16.861100645389463,0.012334835529327393,0.95
2374,0.5921160043486565,13.242614862274053,13.23424141244082,0.01195167303085327,0.9
2375,0.5457462589436906,16.36273376658003,16.42217666026053,0.012197530269622803,0.9
2376,0.5590524211220226,13.783617167014473,13.528373378722293,0.012224245071411132,0.9
2377,0.6721224620104913,14.636004355447676,14.55158997572489,0.012053632736206054,0.95
2378,0.6220271790464194,11.291581867423094,11.305134069266364,0.012494003772735596,0.95
2379,0.7285275498856362,13.457180458140504,13.457180458140504,0.012081754207611085,1.0
2380,0.7081983069473103,14.48631781508388,14.48631781508388,0.0121260404586792,1.0
2381,0.6456468124866516,14.80198715957223,14.808348281972197,0.01219097375869751,0.95
2382,0.6630537018007732,17.30873597449049,17.207822353798573,0.012235498428344727,0.95
2383,0.5574075292572904,16.692128655755017,16.81769624699176,0.01204620599746704,0.9
2384,0.6286341246671878,16.66766711939257,15.881107918286986,0.012312376499176025,0.95
2385,0.7222098998120263,16.877692339873896,16.877692339873896,0.012249886989593506,1.0
2386,0.7212356212029027,15.216206417963946,15.216206417963946,0.012163329124450683,1.0
2387,0.7367505202203193,15.706331851586242,15.706331851586242,0.01245725154876709,1.0
2388,0.6491823573923118,20.0666476614108,20.480377802214235,0.011805903911590577,0.95
2389,0.7196161964175851,17.457136387382132,17.457136387382132,0.012279295921325683,1.0
2390,0.6972295163465229,14.543608929204131,14.543608929204131,0.01192241907119751,1.0
2391,0.6548822917333805,15.82711515972144,15.883096379637978,0.012018513679504395,0.95
2392,0.7107211164849285,15.486410991295193,15.486410991295193,0.012348484992980958,1.0
2393,0.6323024631889116,16.980096052439336,17.20875948030035,0.012272179126739502,0.95
2394,0.7463991982903143,16.74084395769185,16.74084395769185,0.012400317192077636,1.0
2395,0.6220106654562311,17.74117237444775,17.94417085977618,0.012149107456207276,0.95
2396,0.652713916597459,15.544203126127206,15.709163851595179,0.012304949760437011,0.95
2397,0.5637600147760042,15.7908308663911,15.839027131078694,0.01211777925491333,0.9
2398,0.7121289697329309,12.376807668290049,12.376807668290049,0.011973702907562256,1.0
2399,0.6273344263819738,15.405045914366946,15.645529344171004,0.01213977336883545,0.95
2400,0.7161114354340632,15.316342320764571,15.316342320764571,0.012034809589385987,1.0
2401,0.7121800346961374,15.257151842170568,15.257151842170568,0.01192936897277832,1.0
2402,0.6821112665591791,14.274052029620174,14.274052029620174,0.01206202507019043,1.0
2403,0.6322385938782614,16.23209300880981,15.325373258370659,0.012253999710083008,0.95
2404,0.6970945674462796,16.419145974822882,16.419145974822882,0.012041425704956055,1.0
2405,0.7082446961624234,16.251728935584005,16.251728935584005,0.012014985084533691,1.0
2406,0.7024149576899322,16.698210781780823,16.698210781780823,0.012154686450958251,1.0
2407,0.7198231601049561,17.088599434912737,17.088599434912737,0.012150537967681885,1.0
2408,0.5076129500661953,16.18149044407125,16.725795295723774,0.011963438987731934,0.85
2409,0.554604328394936,16.55998924193072,16.70093091114009,0.012210583686828614,0.9
2410,0.637695293250489,15.598705164850475,15.857891106261206,0.012350285053253173,0.95
2411,0.7374507991858539,17.239231400736,17.239231400736,0.012157487869262695,1.0
2412,0.6353557092633201,15.20298185001359,15.132914823552696,0.012151968479156495,0.95
2413,0.7443002898010243,13.999689443654635,13.999689443654635,0.012333440780639648,1.0
2414,0.6541604277639382,16.420165884887435,15.601327509116043,0.012190961837768554,0.95
2415,0.5767074769537384,14.119817804551122,14.207733753446554,0.012085723876953124,0.9
2416,0.5501180858276649,15.961602447280674,16.201509595490514,0.011895215511322022,0.9
2417,0.7315750832863099,16.452013294384138,16.452013294384138,0.012252449989318848,1.0
2418,0.5670321138187081,17.30645004974878,17.698910290143786,0.012255716323852538,0.9
2419,0.7301796871387783,16.18754314679179,16.18754314679179,0.012015175819396973,1.0
2420,0.6289148494954458,16.922980250294465,17.147050419718887,0.012450313568115235,0.95
2421,0.5887905669551227,18.930949930029936,19.233443341635724,0.012408864498138428,0.95
2422,0.6978026993536516,17.516777939754956,17.516777939754956,0.012230241298675537,1.0
2423,0.6426153088144573,18.301724539201665,18.66600294940333,0.012007415294647217,0.95
2424,0.6976671157389023,20.626732807092726,20.626732807092726,0.012171661853790284,1.0
2425,0.5424706310924294,15.657068993896548,15.621287554323702,0.012002313137054443,0.9
2426,0.6527343721224715,15.566133315581704,15.561031668827127,0.01213010549545288,0.95
2427,0.5650351241374034,18.239932017212052,18.842000799520196,0.012462234497070313,0.9
2428,0.66929527096141,16.273020832191214,16.46301505141403,0.011894702911376953,0.95
2429,0.6962324284850575,12.973359185103472,12.973359185103472,0.012152099609375,1.0
2430,0.7095315018054006,15.34102328014622,15.34102328014622,0.012069571018218993,1.0
2431,0.6372460848567525,14.858040371115797,14.824642964665491,0.012131166458129884,0.95
2432,0.713599148395045,13.73993820312683,13.73993820312683,0.011971855163574218,1.0
2433,0.7370201418790449,15.513449755061904,15.513449755061904,0.012353861331939697,1.0
2434,0.6498908736082621,16.46311200194602,16.463805022932696,0.012447512149810791,0.95
2435,0.5376212730802721,13.061447953785995,12.733968441029104,0.012193441390991211,0.9
2436,0.6923414266986821,13.509892784493946,13.509892784493946,0.012313807010650634,1.0
2437,0.7266935656123541,16.282589843981864,16.282589843981864,0.01210402250289917,1.0
2438,0.5527951022590376,16.786858298360123,17.293328881987986,0.012025141716003418,0.9
2439,0.5209174392912815,19.126889304256366,19.60057134875132,0.012210679054260255,0.9
2440,0.6509718669859133,15.624324168724035,14.762012216901576,0.011801052093505859,0.95
2441,0.7423321367759002,15.910129355711467,15.910129355711467,0.012435173988342286,1.0
2442,0.5052158370301838,16.79758765313642,17.527338761642266,0.012246203422546387,0.85
2443,0.6320336473414561,13.609038359056205,13.649809906969216,0.01210782527923584,0.95
2444,0.6479875832520909,14.43733306047885,13.577709253781123,0.012348127365112305,0.95
2445,0.5679816203003027,14.050020869267456,14.286089659807041,0.01218804121017456,0.9
2446,0.6647185001221995,13.87898327503162,13.985891398825865,0.01248108148574829,0.95
2447,0.7349813995939478,14.882887760783257,14.882887760783257,0.01229252815246582,1.0
2448,0.6365711640388596,17.484642853834977,17.766393606448833,0.012158739566802978,0.95
2449,0.6441327526065644,14.995272856228885,15.196763317813538,0.012400209903717041,0.95
2450,0.620216049364612,15.873950827740321,14.630108839707622,0.012407982349395752,0.95
2451,0.6302577726618394,15.556356290586749,15.788826508592408,0.012486433982849121,0.95
2452,0.5620995979099421,17.41533895311154,17.519582838602325,0.012624740600585938,0.9
2453,0.5674278099852049,16.456265318598504,16.45922566438544,0.012234318256378173,0.9
2454,0.572742685095447,16.203209895914014,16.54981994573916,0.012018895149230957,0.9
2455,0.6447632068141559,16.325945393903062,16.54603850394204,0.011852562427520752,0.95
2456,0.644902716366755,15.170505743487436,15.298864054415377,0.012381458282470703,0.95
2457,0.7117304350365579,14.538954867794626,14.538954867794626,0.012375438213348388,1.0
2458,0.7258970690821689,16.92357307428306,16.92357307428306,0.012202310562133788,1.0
2459,0.632897041671606,16.562050964026316,15.801439870033727,0.012079739570617675,0.95
2460,0.6526482737757878,13.642495710272971,12.64127768206067,0.012186264991760254,0.95
2461,0.554640999562532,14.407402497148738,14.11040229163103,0.012124204635620117,0.9
2462,0.7089229765361644,15.825307445987644,15.825307445987644,0.012485122680664063,1.0
2463,0.6077425940865286,17.13312445092357,17.037238589062287,0.01222926378250122,0.95
2464,0.6769962183486429,14.64881748712385,14.64881748712385,0.012501776218414307,1.0
2465,0.6198392383116356,18.121353391791942,18.20076765926254,0.01260920763015747,0.95
2466,0.5536036510067955,16.322754767653965,16.422020870628067,0.012828254699707031,0.9
2467,0.6460246382928649,16.849482145603215,16.86428775048573,0.012612760066986084,0.95
2468,0.5765029272599053,16.533365930111557,16.627379409634884,0.012869548797607423,0.9
2469,0.6609828038115687,15.716008750729094,15.974299698172572,0.01273730993270874,0.95
2470,0.715988449536648,18.554638318241057,18.554638318241057,0.012642717361450196,1.0
2471,0.5476190609818404,16.122418356144404,16.271503555471707,0.012831354141235351,0.9
2472,0.7124481487896238,17.583727565361976,17.583727565361976,0.012816250324249268,1.0
2473,0.6808986595496875,15.771149557505874,15.771149557505874,0.012721991539001465,1.0
2474,0.566669266784996,16.259311469849866,16.628182662641663,0.012693274021148681,0.9
2475,0.6893217608980134,18.85232296424606,18.85232296424606,0.01272146701812744,1.0
2476,0.6243683768742068,17.570331536664778,17.5802129895292,0.012884163856506347,0.95
2477,0.5511843711223327,18.225181939837526,17.488427397371144,0.012626147270202637,0.9
2478,0.6142620930899751,17.34248008300093,17.325024768525022,0.012553012371063233,0.95
2479,0.6187320607922178,18.0729896166468,17.297412769340678,0.012521767616271972,0.95
2480,0.6166726648865355,18.623996142825682,18.922834136051804,0.012555134296417237,0.95
2481,0.5240957291146476,18.587440911493456,17.611156476718055,0.012814164161682129,0.9
2482,0.47444741782187316,16.19095996878483,15.512103886848035,0.012666416168212891,0.85
2483,0.4902978810000354,16.383666171830164,16.642523107472623,0.01215578317642212,0.85
2484,0.3345056078722964,16.079184201893767,15.786510250610446,0.012140870094299316,0.75
2485,0.5443759259222826,17.374278261149133,17.330648700574116,0.012219369411468506,0.9
2486,0.7051905675188158,18.7810069178449,18.7810069178449,0.01221688985824585,1.0
2487,0.6317397243966888,16.161839509612303,16.001656180535793,0.012290310859680176,0.95
2488,0.6460357535302039,16.243509967610375,16.41411223503435,0.01224379539489746,0.95
2489,0.6579319041087465,15.555352575767765,15.691880992254928,0.012419486045837402,0.95
2490,0.7172805556634642,14.750277232325805,14.750277232325805,0.012099206447601318,1.0
2491,0.703930562838412,16.60296210116831,16.60296210116831,0.012331366539001465,1.0
2492,0.5626380711372014,17.63278005430501,18.03295776705997,0.012123572826385497,0.9
2493,0.6395632440838124,14.96688087475738,15.093668455958131,0.012259483337402344,0.95
2494,0.7194206291386842,16.14322114655831,16.14322114655831,0.01210695505142212,1.0
2495,0.6468230847129648,16.423140807773,16.457470162232333,0.012348592281341553,0.95
2496,0.6409767702438094,17.129863527475756,17.492051360680204,0.011940562725067138,0.95
2497,0.5844145515518544,16.773333019348758,17.02332594333308,0.012015390396118163,0.9
2498,0.638636467745024,16.34254823807033,16.64860466396577,0.012151777744293213,0.95
2499,0.7168313975340046,15.306059369059,15.306059369059,0.011988294124603272,1.0
2500,0.748767493546198,12.825765389380674,12.825765389380674,0.012079501152038574,1.0
2501,0.7159530715687306,16.53497936836477,16.53497936836477,0.012196695804595948,1.0
2502,0.7391173291192863,14.137048929737123,14.137048929737123,0.012209606170654298,1.0
2503,0.5979536513280886,15.49371010665437,15.94892537322527,0.012162578105926514,0.9
2504,0.5930792232014815,15.5257988405269,15.378616918964092,0.011848092079162598,0.9
2505,0.7428280172958271,17.913666092983824,17.913666092983824,0.012145960330963134,1.0
2506,0.5668231751311665,18.70673537936796,19.36017848877228,0.012115478515625,0.9
2507,0.6236330175045904,16.337562561601736,16.36138333293008,0.012517571449279785,0.95
2508,0.7138024843429764,13.273125873128274,13.273125873128274,0.012204945087432861,1.0
2509,0.727483845270062,14.24870259586543,14.24870259586543,0.012107837200164794,1.0
2510,0.6958255364397055,14.011003638741311,14.011003638741311,0.012207508087158203,1.0
2511,0.7099293939211091,16.188412017207572,16.188412017207572,0.012341117858886719,1.0
2512,0.5601266567633718,16.31369481851257,16.52044412059799,0.012524545192718506,0.9
2513,0.6422602703869684,16.919512589932804,17.180822880385445,0.012248742580413818,0.95
2514,0.7201476523699037,17.04263934092374,17.04263934092374,0.012360656261444091,1.0
2515,0.7123900535733301,14.835085393444578,14.835085393444578,0.012298882007598877,1.0
2516,0.647601140307883,15.494822486145832,15.473325514259324,0.012310075759887695,0.95
2517,0.6000732160172499,16.35221815562595,16.28301977371218,0.012391757965087891,0.95
2518,0.6162011812439925,17.54929767243413,17.89187170752186,0.012247800827026367,0.95
2519,0.7072087106832124,16.83992101261553,16.83992101261553,0.012329339981079102,1.0
2520,0.5776323111162929,16.52731144504602,16.54284622705296,0.012438547611236573,0.9
2521,0.7251802433550066,16.685963420263327,16.685963420263327,0.012295663356781006,1.0
2522,0.6130395988012352,16.188997265783485,16.216785307542878,0.012155711650848389,0.95
2523,0.4766307608522723,16.486399255381606,17.48865715279942,0.012672436237335206,0.85
2524,0.6469863270844743,15.376238771568543,15.647621108304406,0.012461256980895997,0.95
2525,0.7233140694998061,17.83516706945565,17.83516706945565,0.012386322021484375,1.0
2526,0.6422184071948343,18.64375281384438,18.024884087384276,0.012238860130310059,0.95
2527,0.4673491063686148,16.96863839583856,17.487667003260086,0.012203741073608398,0.85
2528,0.5405632712739877,17.730723549522338,17.980665903040407,0.011960649490356445,0.9
2529,0.6292397342890055,15.83674679450605,15.82822184944304,0.012151205539703369,0.95
2530,0.5509443132335928,16.488474216272596,16.526560235848088,0.01227409839630127,0.9
2531,0.6537130999455117,14.351777950892957,14.407466225952996,0.012319338321685792,0.95
2532,0.7204026295976741,16.326124842233924,16.326124842233924,0.012346994876861573,1.0
2533,0.6311384224409323,14.592104363049852,14.531286684703424,0.012334370613098144,0.95
2534,0.5438163032243932,17.690366977076017,17.622723758253223,0.012031316757202148,0.9
2535,0.5430122304878486,15.310626376208466,15.477001770117782,0.012152004241943359,0.9
2536,0.6955552117725193,15.560090818450002,15.560090818450002,0.012319362163543702,1.0
2537,0.6337272861171966,15.942624725580364,16.06079192236722,0.012013399600982666,0.95
2538,0.7225185781910476,16.068388932974933,16.068388932974933,0.011890614032745361,1.0
2539,0.4722550496622972,16.42728838678577,17.080972855693048,0.011926627159118653,0.85
2540,0.6414800640819662,16.702332134570746,16.88765183887913,0.01205040216445923,0.95
2541,0.5597845774468805,15.547112008700363,14.790759994999823,0.01206061840057373,0.9
2542,0.7026900184474602,14.96598565908721,14.96598565908721,0.012265920639038086,1.0
2543,0.6431169605209412,16.620537488652452,15.80469230154594,0.012153851985931396,0.95
2544,0.5527334333637255,15.536387154077037,15.875873515463857,0.012157881259918213,0.9
2545,0.6445828892099754,16.180400416964304,16.115817630469188,0.012206196784973145,0.95
2546,0.5668522208403765,14.913689657738107,14.670687968907503,0.01200350522994995,0.9
2547,0.5321670215535318,14.505391373635671,14.581982292586863,0.011996948719024658,0.9
2548,0.4711680732679612,14.17782155563333,13.826054867534012,0.012002718448638917,0.85
2549,0.639143824419705,16.937226322160843,17.2013696479754,0.012280821800231934,0.95
2550,0.5733009118261095,16.42058999537655,16.51264259669704,0.0122963547706604,0.9
2551,0.729867044152018,17.814072324923572,17.814072324923572,0.01223212480545044,1.0
2552,0.6277013011182463,19.259993194606615,19.495002125050885,0.012310516834259034,0.95
2553,0.5872797523351478,19.40441782658682,20.374425386282187,0.012190139293670655,0.9
2554,0.6203356576153036,17.873924850177215,18.04858152881426,0.012111318111419678,0.95
2555,0.7133218833634118,16.27976462935662,16.27976462935662,0.012254416942596436,1.0
2556,0.6405584313623521,15.601562874655468,14.81602335253646,0.01243736743927002,0.95
2557,0.6991109280990733,18.70865168911069,18.70865168911069,0.012033331394195556,1.0
2558,0.7290635702390103,15.853636900760677,15.853636900760677,0.012236762046813964,1.0
2559,0.6220329551382198,17.117783420882766,16.293532835944095,0.012229955196380616,0.95
2560,0.6401178266921659,16.07986534574087,16.36173361690187,0.012255477905273437,0.95
2561,0.5595115679214845,13.801117360613144,13.859380587560473,0.012447869777679444,0.9
2562,0.6865940283864183,16.027191081205068,16.027191081205068,0.012320590019226075,1.0
2563,0.592319973685864,14.952593121592367,15.150791944760003,0.012540078163146973,0.9
2564,0.6494214678973701,17.396162128936343,17.379408811257903,0.012462544441223144,0.95
2565,0.7425498060925955,15.856482759962859,15.856482759962859,0.011887812614440918,1.0
2566,0.6316475970305868,15.978464545101195,15.891414059205832,0.012099850177764892,0.95
2567,0.6707859060299962,17.481835816240356,17.535550119015884,0.012315571308135986,0.95
2568,0.6190692599930595,19.384101029760135,18.7686998778574,0.012386560440063477,0.95
2569,0.6772344535293092,17.95312966302216,17.95312966302216,0.01212693452835083,1.0
2570,0.4525391546268576,17.283352322013325,17.493639586307808,0.0123177170753479,0.85
2571,0.6484101829305815,17.818878312574462,17.84535709237426,0.012427306175231934,0.95
2572,0.624799781871231,16.574847668542706,16.910903854955322,0.012256336212158204,0.95
2573,0.6396243358568436,15.899991592414903,16.108166044222536,0.012478554248809814,0.95
2574,0.6372176186296743,16.03020228334952,16.257835556854246,0.012209558486938476,0.95
2575,0.6095049124701238,17.9365924745323,18.030292411557877,0.012209081649780273,0.95
2576,0.6998038171543718,16.383047561489626,16.383047561489626,0.011941123008728027,1.0
2577,0.6464696421528944,17.07921288433714,17.435183164401497,0.012114465236663818,0.95
2578,0.6137926995797854,17.64220747602224,17.42901222137843,0.011985445022583007,0.95
2579,0.713781840948584,16.79206424938728,16.79206424938728,0.012149310111999512,1.0
2580,0.709362962851933,16.85066250830786,16.85066250830786,0.012533032894134521,1.0
2581,0.5508159918258055,15.942088841225834,15.925770761522216,0.012156808376312256,0.9
2582,0.6805469144419429,16.95246673980018,16.95246673980018,0.012104034423828125,1.0
2583,0.6175753501128848,17.578423798792905,17.764604475757665,0.011942696571350098,0.95
2584,0.5655647993167308,16.683767671407917,17.06515331917658,0.012189352512359619,0.9
2585,0.7185813303161788,17.58740500961469,17.58740500961469,0.012337684631347656,1.0
2586,0.5522445197360841,17.25459918714933,17.505329354774577,0.01207587718963623,0.9
2587,0.6474026163354065,16.480409937793205,16.43784514316788,0.012250566482543945,0.95
2588,0.6634317092117403,17.256645543887412,17.61858733157027,0.012203359603881836,0.95
2589,0.6142428830648183,17.046101135988657,17.399871532983468,0.012355780601501465,0.95
2590,0.7206185514037955,16.243788358800295,16.243788358800295,0.012434923648834228,1.0
2591,0.7237555103971675,16.468287026000827,16.468287026000827,0.012243866920471191,1.0
2592,0.6363711909367554,17.46447174444306,17.36959035101405,0.011928927898406983,0.95
2593,0.7230683443681128,15.264261519851795,15.264261519851795,0.012110614776611328,1.0
2594,0.6437783646855093,18.94785378131692,19.198839852386186,0.012135171890258789,0.95
2595,0.6152287840192597,16.1942012430403,16.51745736878965,0.011935615539550781,0.95
2596,0.709158940277286,14.616134680176177,14.616134680176177,0.01215829849243164,1.0
2597,0.46577982793178296,15.63664164403804,16.083121930699093,0.012333559989929199,0.85
2598,0.7134988967134628,15.795676628814988,15.795676628814988,0.01213071346282959,1.0
2599,0.6213786944224401,15.422182216092164,15.630173009329745,0.01204245090484619,0.95
2600,0.7130139458200764,17.126597051770087,17.126597051770087,0.012345540523529052,1.0
2601,0.6599105841577098,13.757439728744378,13.775590699985733,0.012168729305267334,0.95
2602,0.6568328413549731,15.286651479538335,15.332847004858086,0.012096738815307618,0.95
2603,0.7376445733058126,14.67185416011516,14.67185416011516,0.012237811088562011,1.0
2604,0.5850983388270967,15.514190369732196,16.072558019712766,0.012326276302337647,0.9
2605,0.5905326012877044,15.441736965751167,14.678149938675716,0.012471580505371093,0.9
2606,0.7372226811173438,15.321135527343182,15.321135527343182,0.012180113792419433,1.0
2607,0.6387821086599312,19.72424094608556,19.77221621288232,0.012231564521789551,0.95
2608,0.7372686813079907,13.735732346697645,13.735732346697645,0.01219426393508911,1.0
2609,0.6932050381847216,17.101902597826868,17.101902597826868,0.012388801574707032,1.0
2610,0.7184185960318419,17.09888798717193,17.09888798717193,0.012276113033294678,1.0
2611,0.6409958575316457,17.77698692455503,17.828239903160778,0.011909139156341553,0.95
2612,0.6359048605980233,20.460233181616477,19.903533411686983,0.01212843656539917,0.95
2613,0.6266715205759184,16.484959762341727,15.701496970890302,0.011976969242095948,0.95
2614,0.5810694949966078,17.56420457835845,18.023928156377902,0.012248015403747559,0.9
2615,0.5316026612753875,16.110411522649432,16.06076609499052,0.012328433990478515,0.9
2616,0.629597296821332,14.781872710560483,14.701142063144513,0.012221038341522217,0.95
2617,0.5699605919932693,14.756141798789002,15.110502938463362,0.012479877471923828,0.9
2618,0.6177639287236864,15.811840114691805,15.792712946033795,0.012003171443939208,0.95
2619,0.6486640378638694,16.560454759310833,16.72297874254312,0.011980247497558594,0.95
2620,0.7092334207329971,18.357297131751302,18.357297131751302,0.012163245677947998,1.0
2621,0.7193608237216517,17.762994780786087,17.762994780786087,0.011898624897003173,1.0
2622,0.7011917547548713,15.77042880290332,15.77042880290332,0.012385547161102295,1.0
2623,0.7422593872583366,14.266720177138865,14.266720177138865,0.01235184669494629,1.0
2624,0.6509506212884565,14.329760576841537,14.280302176403154,0.012056958675384522,0.95
2625,0.5484230737754591,15.639608835553824,16.18179790242884,0.012063777446746827,0.9
2626,0.630818981703448,15.388575393267596,15.205163874151472,0.012050282955169678,0.95
2627,0.39555498935555844,14.853430790441289,14.876479531300165,0.011931729316711426,0.8
2628,0.6299024078987691,17.102509092802755,16.830606400764996,0.012198734283447265,0.95
2629,0.5634957034377226,15.296035342340355,15.468423198154934,0.012049567699432374,0.9
2630,0.6413827483018018,16.2296474775114,16.51547584252192,0.0123734712600708,0.95
2631,0.4850086878990261,15.315286519972332,15.11237911295594,0.01236180067062378,0.85
2632,0.6571943687710144,13.790527523698875,13.931276177455821,0.012091636657714844,0.95
2633,0.7433224076117034,14.23468182120177,14.23468182120177,0.011931824684143066,1.0
2634,0.6341243455738047,14.44947789001601,14.57646150774823,0.011963355541229247,0.95
2635,0.6338819720656074,14.491807455309523,14.614952376583343,0.012056064605712891,0.95
2636,0.70571513144321,14.440599567396902,14.440599567396902,0.011934447288513183,1.0
2637,0.5672419231319148,15.331480158032488,15.74658365029172,0.012264132499694824,0.9
2638,0.39646513601403377,16.644164792606638,17.087559200741993,0.012173783779144288,0.8
2639,0.5623728911436944,15.544024890574837,15.634668414863377,0.012164711952209473,0.9
2640,0.7102343488715895,14.652966173012748,14.652966173012748,0.012224078178405762,1.0
2641,0.7239966934233514,16.90495794076133,16.90495794076133,0.012035167217254639,1.0
2642,0.642659315840033,15.767626079650006,15.551399761830103,0.012062513828277588,0.95
2643,0.6447682213805541,13.845199991794663,14.011671570506511,0.012020397186279296,0.95
2644,0.7074436998507345,13.808735100726,13.808735100726,0.012016737461090088,1.0
2645,0.491407765822,16.37975213096003,17.01316760774239,0.012290871143341065,0.85
2646,0.5998581182957522,17.188005708073792,17.246760883365226,0.012489748001098634,0.95
2647,0.5923418751607088,16.348062805271216,16.65346702561006,0.012215852737426758,0.9
2648,0.6675644569818362,17.056400155715572,17.288404542310463,0.0121221661567688,0.95
2649,0.5649866332618962,17.642058407138382,17.977082870026052,0.011974632740020752,0.9
2650,0.5570863470281199,16.22885686422172,16.16407911718191,0.012099945545196533,0.9
2651,0.5880029193393026,17.042527588919,17.23925290332646,0.012003767490386962,0.9
2652,0.7117958215225593,16.62410426670903,16.62410426670903,0.012067031860351563,1.0
2653,0.6519662794230813,16.168852326131397,16.06745226170071,0.012106335163116455,0.95
2654,0.4811182790620613,15.51578905370313,16.146334377947156,0.012204134464263916,0.85
2655,0.7242925355979594,16.68928394632846,16.68928394632846,0.011922991275787354,1.0
2656,0.7196516788747529,15.291651136929053,15.291651136929053,0.012059998512268067,1.0
2657,0.7119662083587888,15.418230862770605,15.418230862770605,0.01225951910018921,1.0
2658,0.5804246150841443,15.692767141155496,15.650052495405435,0.012039053440093993,0.9
2659,0.5816164380747726,15.397328193642895,15.815198277400567,0.011863744258880616,0.9
2660,0.6650161680666475,14.78780547525,14.81086123755686,0.012102043628692627,0.95
2661,0.7224567341335291,15.736534582885827,15.736534582885827,0.012303972244262695,1.0
2662,0.5728694441025232,15.473322343887308,15.438078516276486,0.012358498573303223,0.9
2663,0.75567550088265,15.784359915956731,15.784359915956731,0.012337303161621094,1.0
2664,0.7360160053068115,15.924007932603752,15.924007932603752,0.012623393535614013,1.0
2665,0.6812659502880702,17.409761448232967,17.409761448232967,0.012368893623352051,1.0
2666,0.6553902566913784,16.817705691594853,16.817705691594853,0.01216360330581665,1.0
2667,0.6987507058335224,15.297079943222519,15.297079943222519,0.011912167072296143,1.0
2668,0.70936272823814,16.01923094116235,16.01923094116235,0.012073993682861328,1.0
2669,0.6615297582924009,16.911937839131497,17.241971336045186,0.011917293071746826,0.95
2670,0.6543790191501891,16.71350294679703,17.02701879270529,0.012140941619873048,0.95
2671,0.6273740526777692,17.14620242578248,16.98867134177662,0.01183081865310669,0.95
2672,0.6327585010464757,15.308329298585372,15.463927532440346,0.011985433101654053,0.95
2673,0.644476699288313,14.601527202757612,14.838263987296893,0.012241363525390625,0.95
2674,0.4869767242982649,17.714987388879347,17.10036214432513,0.012186861038208008,0.85
2675,0.6564563865741293,16.98717519169073,17.208191964370855,0.012391173839569091,0.95
2676,0.6268230095992899,18.063080076196343,18.37347445305839,0.01249239444732666,0.95
2677,0.5714879642601176,18.028621890946035,18.49093562686014,0.012570047378540039,0.9
2678,0.39487499271794946,17.878135122339113,17.188630037729034,0.012022876739501953,0.8
2679,0.7297277655885607,18.921009372705,18.921009372705,0.011961126327514648,1.0
2680,0.42119867829403945,16.38257135759891,16.799648971389015,0.012115669250488282,0.8
2681,0.4064075258333072,17.51024944548688,18.184061294004152,0.012289345264434814,0.8
2682,0.6327985472104511,17.375168327723745,16.66577010405674,0.012191379070281982,0.95
2683,0.6306206562110618,17.325524985421985,17.34094478001213,0.012355434894561767,0.95
2684,0.7092465231540344,16.153036238430236,16.153036238430236,0.012313365936279297,1.0
2685,0.6124388385891564,18.23576039342747,18.525137302691324,0.012243032455444336,0.95
2686,0.6812355835144742,15.904332651587566,15.904332651587566,0.012062287330627442,1.0
2687,0.6366074693373905,18.109065339513556,18.28094260197007,0.01193021535873413,0.95
2688,0.6809579883237256,18.870868167421925,18.870868167421925,0.011997854709625244,1.0
2689,0.549998802691838,16.284780130146476,16.65624236716171,0.011897635459899903,0.9
2690,0.6059471876960043,16.797185469642255,16.868830514382406,0.012295091152191162,0.95
2691,0.6454243507957323,14.729134740465048,14.716887642728576,0.011990654468536376,0.95
2692,0.43905704741782137,16.015045167770687,16.592291065074072,0.012329363822937011,0.8
2693,0.7067634090951371,17.10408569213828,17.10408569213828,0.012379682064056397,1.0
2694,0.6475262035855034,16.90622410555154,16.117889756902493,0.011942720413208008,0.95
2695,0.6864085606399808,20.62361504133137,20.62361504133137,0.012167239189147949,1.0
2696,0.6491450977913711,16.253080433656823,16.311061337031184,0.012317967414855958,0.95
2697,0.6539637186969034,15.389741858417704,15.59584670813519,0.012042641639709473,0.95
2698,0.7165219549500156,17.85118729664685,17.85118729664685,0.01238313913345337,1.0
2699,0.7164859499387044,16.16765041106981,16.16765041106981,0.012048125267028809,1.0
2700,0.6441185971954466,17.33820159180833,17.269958327358705,0.012171435356140136,0.95
2701,0.6204202776395579,18.737341926533123,18.806211536881502,0.012218773365020752,0.95
2702,0.7138211643554656,15.470954051363133,15.470954051363133,0.012142646312713622,1.0
2703,0.7051152049071707,15.001440449366024,15.001440449366024,0.012199044227600098,1.0
2704,0.656559622056099,16.88828001403222,16.044968572853964,0.01231820583343506,0.95
2705,0.5487443234194365,17.49701927036754,17.50690049133185,0.012049984931945801,0.9
2706,0.4761793983657666,16.541396556312872,16.604807860073826,0.012115132808685303,0.85
2707,0.5736261777954936,15.548187907367296,15.558901668934416,0.01204383373260498,0.9
2708,0.7362110778566295,17.733500987591377,17.733500987591377,0.012021327018737793,1.0
2709,0.4783933782080559,15.57752932695439,15.595485542247369,0.012328028678894043,0.85
2710,0.5941188766251553,14.645646008675092,14.825306828683836,0.012092769145965576,0.9
2711,0.7095216839721565,16.263118667661963,16.263118667661963,0.01224130392074585,1.0
2712,0.5729853244011858,17.499072961919666,16.912833451888687,0.01201246976852417,0.9
2713,0.6305775196681288,13.21436344009247,13.20720045750945,0.01212916374206543,0.95
2714,0.7332420397832305,17.613680357023515,17.613680357023515,0.01192929744720459,1.0
2715,0.6361675606359721,16.214332430433075,16.25842433291451,0.01187804937362671,0.95
2716,0.6876091042139676,17.469111005101677,17.469111005101677,0.012272250652313233,1.0
2717,0.7017991451171377,17.660222225804734,17.660222225804734,0.012297594547271728,1.0
2718,0.6981481473845865,16.01029194051908,16.01029194051908,0.012169849872589112,1.0
2719,0.692202414036835,12.993846150953738,12.993846150953738,0.01218585968017578,1.0
2720,0.5857578013415756,16.501188016286825,16.6358537748727,0.012256407737731933,0.9
2721,0.6755149396076352,17.9958817678047,17.246772135581743,0.012256133556365966,0.95
2722,0.6464479976929771,15.236954930441474,15.365389792092536,0.012156176567077636,0.95
2723,0.5540233893637526,19.530213350274572,19.966329450618773,0.012194323539733886,0.9
2724,0.6169975770441669,17.675322974804768,17.738221822899078,0.01213386058807373,0.95
2725,0.6555779123950981,17.95296407177316,18.263650614017777,0.012325549125671386,0.95
2726,0.7098779080933778,17.3432417793173,17.3432417793173,0.012435877323150634,1.0
2727,0.6370273841630648,16.735250358411133,16.799213216304537,0.012315189838409424,0.95
2728,0.6662029665567543,19.181010115292153,18.482611094684458,0.012294900417327882,0.95
2729,0.6627943873439425,19.141220282323587,19.3529398615258,0.01232820749282837,0.95
2730,0.7184140737782596,14.095880595506008,14.095880595506008,0.012102961540222168,1.0
2731,0.7240592143617717,17.496272542935415,17.496272542935415,0.012269461154937744,1.0
2732,0.6274351766148241,16.98435400830975,17.09521466172877,0.011916780471801757,0.95
2733,0.6866739989136235,17.204497999201223,17.204497999201223,0.012064611911773682,1.0
2734,0.7140727454415771,15.581539959326935,15.581539959326935,0.01210181713104248,1.0
2735,0.6258001903551057,15.32819830527339,15.527281013271878,0.011945021152496339,0.95
2736,0.5471568272856202,17.479532865371556,17.913423202779963,0.012163281440734863,0.9
2737,0.6153572747558455,17.847253161154455,17.093575757721513,0.01203160285949707,0.95
2738,0.6338743356148974,17.000129767650613,16.02614616874797,0.012159419059753419,0.95
2739,0.6437481608619644,17.55847157908789,16.74630225036949,0.012156569957733154,0.95
2740,0.6259808709515124,16.770750162905163,15.686636673905124,0.012085318565368652,0.95
2741,0.5607777733543722,18.254269363952453,17.33984952983933,0.012274682521820068,0.9
2742,0.5365698297316401,15.11453005556875,15.022849588271129,0.012045335769653321,0.9
2743,0.7081580431263383,16.548353059594582,16.548353059594582,0.011982321739196777,1.0
2744,0.6571014527399966,13.637297533649882,13.813119802375533,0.012242913246154785,0.95
2745,0.4986467243699284,16.91290024812724,17.45376568972141,0.011984848976135254,0.85
2746,0.6466067052639212,17.463201282987242,17.624640203884944,0.011893582344055176,0.95
2747,0.5641748444076168,19.23431659978197,19.667735401277284,0.011983859539031982,0.9
2748,0.6391421043622775,17.877555638398885,18.02576564949647,0.012298476696014405,0.95
2749,0.6831731744945827,16.66029970842768,16.66029970842768,0.01206268072128296,1.0
2750,0.6401976649440833,17.09670740112791,17.311640843587455,0.012084269523620605,0.95
2751,0.6300186408997426,18.821394319784517,18.846742423084777,0.012178552150726319,0.95
2752,0.7052790823395627,19.651153893222784,19.651153893222784,0.012276828289031982,1.0
2753,0.5916793182894792,15.935016791059974,15.866630893426375,0.01212841272354126,0.95
2754,0.6277086551521949,15.385770020130533,15.656078788288639,0.012113833427429199,0.95
2755,0.6407611952187501,15.558807076753862,15.440554852913223,0.012090909481048583,0.95
2756,0.7212578156069555,15.27243519622514,15.27243519622514,0.012068021297454833,1.0
2757,0.6975373876990194,15.52170722007519,15.52170722007519,0.01222745180130005,1.0
2758,0.7400012458232537,16.16793663556165,16.16793663556165,0.012119340896606445,1.0
2759,0.6537877685668712,15.482226591769614,15.40199861917119,0.01197425127029419,0.95
2760,0.5868598538321573,13.245591191650016,13.211413826462795,0.012387490272521973,0.9
2761,0.7221149649597491,15.171963889988472,15.171963889988472,0.01200881004333496,1.0
2762,0.6409917988709221,16.71086931164103,17.032034188791606,0.012183833122253417,0.95
2763,0.6184820615411694,15.764382332475927,15.827150603762552,0.012060415744781495,0.9
2764,0.7256131979822277,15.747609023837493,15.747609023837493,0.01184689998626709,1.0
2765,0.7493581798534191,17.756589386204926,17.756589386204926,0.012070906162261964,1.0
2766,0.7041958247396884,18.30994179232652,18.30994179232652,0.012038350105285645,1.0
2767,0.5533514765606317,17.434374864722702,16.39946800425081,0.012081563472747803,0.9
2768,0.5631149433669417,14.962797858195955,15.126524656157123,0.012145531177520753,0.9
2769,0.632578324606274,16.092658315554704,16.14274425652814,0.012540793418884278,0.95
2770,0.7305389614461946,17.206726911344354,17.206726911344354,0.012358999252319336,1.0
2771,0.6204685461027598,15.896389999335222,15.861186152745526,0.01202932596206665,0.95
2772,0.5610385773344001,15.390893228538868,15.547050811681004,0.012471807003021241,0.9
2773,0.6571538306275855,13.958759227274125,13.979018681460554,0.012358367443084717,0.95
2774,0.6509552209910534,15.219541585798861,15.160991191108929,0.012483310699462891,0.95
2775,0.5675967836625562,14.776032545692084,14.761624071977742,0.011981916427612305,0.9
2776,0.651735010870572,12.91430337702701,13.047766162565622,0.012256085872650146,0.95
2777,0.6536283058700567,12.732292081410801,12.750820434342268,0.01215749979019165,0.95
2778,0.7165391663990617,15.326527328200621,15.326527328200621,0.012268280982971192,1.0
2779,0.5021743437446282,15.447364972276958,16.138046883948356,0.01216799020767212,0.85
2780,0.7334916974117544,17.04302068523736,17.04302068523736,0.01202486753463745,1.0
2781,0.7106615255922553,15.686657475336707,15.686657475336707,0.012159490585327148,1.0
2782,0.6131085956742643,14.775961231205125,14.774606740239255,0.012035810947418213,0.95
2783,0.7507131279530602,15.308019238675922,15.308019238675922,0.012410807609558105,1.0
2784,0.6506822766798149,14.168013203661747,14.3544124906655,0.01201314926147461,0.95
2785,0.6587841435083684,14.479870005731106,14.427924710409558,0.012284111976623536,0.95
2786,0.7360729583235812,15.564875215381111,15.564875215381111,0.012377798557281494,1.0
2787,0.6539365136191508,18.30454171920885,18.412342230495486,0.012120294570922851,0.95
2788,0.7170251378885525,15.248851047221374,15.248851047221374,0.012245106697082519,1.0
2789,0.6189509485207926,14.827904421801028,14.889166573836905,0.012336361408233642,0.95
2790,0.5494318565966501,13.550888683556005,13.490886001231964,0.012435460090637207,0.9
2791,0.6305293560438028,16.158381350550165,16.347425883452143,0.011935293674468994,0.95
2792,0.6260156711652958,15.618631261150943,15.855838613083183,0.01206578016281128,0.95
2793,0.7075506433042972,17.189811046647666,17.189811046647666,0.012200307846069337,1.0
2794,0.7396787606627265,17.3454251293658,17.3454251293658,0.01212625503540039,1.0
2795,0.5720453458654687,15.29572113356669,15.76136779865921,0.01218724250793457,0.9
2796,0.7289713665408476,14.513618935237735,14.513618935237735,0.012138044834136963,1.0
2797,0.6442163407539135,16.094590762307337,16.20554118743394,0.01242833137512207,0.95
2798,0.7157731566528276,13.630469389337048,13.630469389337048,0.012036013603210449,1.0
2799,0.7334041740487144,15.185157866846353,15.185157866846353,0.012225425243377686,1.0
2800,0.7050186643267842,17.469481552036566,17.469481552036566,0.012302541732788086,1.0
2801,0.631077796398868,15.046308811527007,15.038514927265952,0.012061667442321778,0.95
2802,0.737938227322987,16.766635856371636,16.766635856371636,0.012276804447174073,1.0
2803,0.7245282583888112,18.537232850511735,18.537232850511735,0.011966383457183838,1.0
2804,0.694032219806071,18.58805861894863,18.58805861894863,0.012140011787414551,1.0
2805,0.7240876270225606,16.348441426186074,16.348441426186074,0.012428760528564453,1.0
2806,0.643581765550309,17.109990378307593,17.23153590111377,0.012123262882232666,0.95
2807,0.7651527286179276,16.733624842575036,16.733624842575036,0.012357974052429199,1.0
2808,0.6498698597607719,15.199592215248355,14.326316249892203,0.012350511550903321,0.95
2809,0.5659916395890557,18.600548046993737,18.828071233267092,0.011987006664276123,0.9
2810,0.6456398892083335,18.75434141626306,19.109267207405946,0.01238487958908081,0.95
2811,0.5816739691684533,16.378564467401347,16.78983497884004,0.012066197395324708,0.9
2812,0.5678437163018617,15.636545635923298,15.787309028991949,0.012157785892486572,0.9
2813,0.6014091073875942,16.493509743720686,16.766764546449515,0.012372195720672607,0.9
2814,0.664604383224656,16.215376216309462,16.245753342086644,0.012301552295684814,0.95
2815,0.7312367049767617,16.05692189798915,16.05692189798915,0.012236952781677246,1.0
2816,0.5637586387157143,17.147393286725958,17.273971262121336,0.011997544765472412,0.9
2817,0.4770643799408082,18.020315624246155,15.505902498066863,0.012478876113891601,0.85
2818,0.6459585636976981,14.997097005506324,14.983995168962409,0.01252204179763794,0.95
2819,0.711523030709027,17.336197729863375,17.336197729863375,0.012403440475463868,1.0
2820,0.6368960006255678,18.284376376448044,18.662324502244992,0.0122283935546875,0.95
2821,0.6277085188246319,15.084192292883378,15.29145753436882,0.012508058547973632,0.95
2822,0.7101567944054581,18.761425593232765,18.761425593232765,0.01255803108215332,1.0
2823,0.5551951736262696,14.123808938061462,13.886112467365715,0.012465095520019532,0.9
2824,0.6491500109453293,16.011840821636703,15.967672675153196,0.012162399291992188,0.95
2825,0.7283782832321114,14.52110713050475,14.52110713050475,0.012317609786987305,1.0
2826,0.6261523495493728,14.07058805415797,14.100908514544573,0.012305283546447754,0.95
2827,0.5617088943887621,17.249990355028537,16.556119623154668,0.012218081951141357,0.9
2828,0.7442809759666287,18.084655453210218,18.084655453210218,0.012553000450134277,1.0
2829,0.6289248612445226,16.67657551126549,16.893925228198874,0.012246835231781005,0.95
2830,0.7019225057935495,16.19809121011339,16.19809121011339,0.012312066555023194,1.0
2831,0.5215569892716065,14.922247229550573,15.649352368305097,0.012468206882476806,0.85
2832,0.6688094572354056,14.294459522563562,14.02885936090183,0.012421870231628418,0.95
2833,0.6410039160730487,15.928676143833775,15.977173693945833,0.012533771991729736,0.95
2834,0.6321887804014532,17.276371404973666,17.06369355648087,0.012421631813049316,0.95
2835,0.6451966011556719,16.667605646632477,16.86030451794948,0.01261063814163208,0.95
2836,0.6251077937435016,17.835532965786452,17.961101753506387,0.012105309963226318,0.95
2837,0.6618357403289324,17.010359994590527,16.30217831141523,0.012152814865112304,0.95
2838,0.7180625115351378,16.90559373006051,16.90559373006051,0.012304818630218506,1.0
2839,0.6293256635053927,18.068924571171884,18.299281539111224,0.012253737449645996,0.95
2840,0.6457354593773964,17.09637686564148,17.083086505429065,0.012321949005126953,0.95
2841,0.6433633695749562,15.569097390546172,15.542498489303647,0.012538504600524903,0.95
2842,0.7342381430214301,14.583193177962453,14.583193177962453,0.012512362003326416,1.0
2843,0.6297466650147603,16.06347058312731,16.084257587031097,0.012099766731262207,0.95
2844,0.6579275010817092,18.151483486518078,17.416673571220727,0.01219475269317627,0.95
2845,0.5675210350746045,14.361344243172127,14.463146024552787,0.012280106544494629,0.9
2846,0.5610692569009412,16.025586050876377,15.629702666393607,0.01230947971343994,0.9
2847,0.5616159778526583,18.640968511662148,19.167114633393158,0.012487196922302246,0.9
2848,0.5485536286959996,16.576735352594554,16.932496654230068,0.012232339382171631,0.9
2849,0.7002507057684048,15.770564568296445,15.770564568296445,0.012520527839660645,1.0
2850,0.5414348605030777,17.179169720032704,16.197591965128574,0.01241816282272339,0.9
2851,0.4847595633592552,16.382197807202974,17.118893047353403,0.012412631511688232,0.85
2852,0.7152812316293133,14.141038584597286,14.141038584597286,0.012369799613952636,1.0
2853,0.6848447784313004,16.992697637619425,16.992697637619425,0.011995697021484375,1.0
2854,0.678105650003621,17.195448155457505,17.571334500041228,0.011883914470672607,0.95
2855,0.5072284600150873,14.563372297699393,14.487775039635258,0.012175953388214112,0.85
2856,0.5616455445421977,16.39978169368814,16.565085551837775,0.012150287628173828,0.9
2857,0.746514413141429,17.305129712647837,17.305129712647837,0.012402236461639404,1.0
2858,0.6196481810379266,16.357038392630784,16.434256814295892,0.012427914142608642,0.95
2859,0.6352084672109342,14.891151467630824,14.913782953374563,0.012035584449768067,0.95
2860,0.617960601060722,14.801148657304779,14.707086074849512,0.01233752965927124,0.95
2861,0.6404553286039295,17.436949250675337,16.46098309940827,0.012253248691558838,0.95
2862,0.6728826258074437,18.439240794654886,18.7493468841484,0.012142634391784668,0.95
2863,0.6478740173952355,16.37501226794567,16.629647376992718,0.012321734428405761,0.95
2864,0.6869128949649345,15.176781401475841,15.176781401475841,0.012463390827178955,1.0
2865,0.6704439700909149,17.59459713592176,17.59459713592176,0.01227428913116455,1.0
2866,0.7104027918681981,16.18171115124347,16.18171115124347,0.01261202096939087,1.0
2867,0.7024786581664006,16.754628302362118,16.754628302362118,0.0125679612159729,1.0
2868,0.6902568008854153,14.809411045566923,14.809411045566923,0.012542331218719482,1.0
2869,0.5646778283389282,17.94618389317429,18.115219632805896,0.012972784042358399,0.9
2870,0.7329437826436381,17.230999286786783,17.230999286786783,0.012554526329040527,1.0
2871,0.6356781297104586,17.013985741995434,16.77466501755306,0.012298858165740967,0.95
2872,0.5795980910052847,16.02054002230243,16.517288022407985,0.01212000846862793,0.9
2873,0.5919134689707223,15.970641247430823,16.367249927901142,0.012346601486206055,0.9
2874,0.7062046722989619,17.615609021980173,17.615609021980173,0.012212371826171875,1.0
2875,0.5050304018959643,17.810820267402853,17.376333973381357,0.012070238590240479,0.85
2876,0.637407362074261,18.028973677713246,18.058425256006423,0.012250518798828125,0.95
2877,0.6886499676067227,15.479823598077385,15.479823598077385,0.012195062637329102,1.0
2878,0.6982506736444678,13.89913351408984,13.89913351408984,0.01229034662246704,1.0
2879,0.7291426067141021,16.964622987603533,16.964622987603533,0.011941790580749512,1.0
2880,0.7330370320362041,16.449238759291024,16.449238759291024,0.012241482734680176,1.0
2881,0.7188136245773087,14.97423105434454,14.97423105434454,0.012368464469909668,1.0
2882,0.6109640169814636,15.264996921680137,15.3387281057257,0.012336218357086181,0.9
2883,0.637741066702258,15.790292128698496,15.733504097195373,0.012077903747558594,0.95
2884,0.6406779875421587,16.623576347687557,16.901005983513368,0.012225282192230225,0.95
2885,0.7368047471301955,17.970568439200694,17.970568439200694,0.01203993558883667,1.0
2886,0.7202983730699815,16.744805814657433,16.744805814657433,0.01231464147567749,1.0
2887,0.5719439471536067,17.102180195488707,17.677396304171083,0.012044978141784669,0.9
2888,0.6390042295758921,17.44921405607317,17.78196509410307,0.012276792526245117,0.95
2889,0.5831585918450608,17.912874565569187,17.3547233769941,0.012182533740997314,0.9
2890,0.7215778568126806,18.086676287697237,18.086676287697237,0.01217637062072754,1.0
2891,0.7084127085914432,18.222123165052178,18.222123165052178,0.011915671825408935,1.0
2892,0.6283074920832519,19.669730929598497,19.067861647141616,0.012033343315124512,0.95
2893,0.6447061597460257,16.111675693917228,16.23647368670538,0.01244879961013794,0.95
2894,0.6458009728739555,15.578268809759383,15.869225941771848,0.0122062087059021,0.95
2895,0.6415663374304603,18.010717607336083,17.267223450714837,0.012025249004364014,0.95
2896,0.7322788986356922,16.713260151892626,16.713260151892626,0.012058389186859132,1.0
2897,0.7051210015803688,18.40065339722723,18.40065339722723,0.01226508617401123,1.0
2898,0.5577103020579713,15.147869094126047,15.03240308946427,0.012172436714172364,0.9
2899,0.5856433580563183,15.130061891443276,15.535527414114151,0.012115716934204102,0.9
2900,0.740942550176688,13.539162707448892,13.539162707448892,0.011888408660888672,1.0
2901,0.6826296668404561,18.972937184439907,18.972937184439907,0.012397694587707519,1.0
2902,0.6222801827904417,17.543388704505986,17.829115448075324,0.012545621395111084,0.95
2903,0.6252426206006151,13.870628114859386,13.765896230448103,0.012031614780426025,0.95
2904,0.6333459837393101,16.91071859276807,17.252910601237083,0.012071967124938965,0.95
2905,0.6202896690511853,18.013674345475664,18.40029936864074,0.012031543254852294,0.95
2906,0.5569353878565971,17.247836129435406,17.726777553943705,0.012175750732421876,0.9
2907,0.5508779680053204,15.605369041197298,15.646551806129537,0.012290477752685547,0.9
2908,0.6381811363520064,15.16970143990305,14.851125469819369,0.012269890308380127,0.95
2909,0.7201819851128556,14.89510371186339,14.89510371186339,0.012405037879943848,1.0
2910,0.6658700740687593,19.376916338117624,18.722813652372746,0.012090861797332764,0.95
2911,0.6967761933038062,15.677162167718631,15.677162167718631,0.012059640884399415,1.0
2912,0.48533087317805396,15.148710935800825,15.710745436882924,0.01260148286819458,0.85
2913,0.7371875185830958,15.973738017541683,15.973738017541683,0.012588238716125489,1.0
2914,0.6526361932351773,13.948407549630437,14.13058397928743,0.012434244155883789,0.95
2915,0.7029421226340734,15.719504198348108,15.719504198348108,0.012445640563964844,1.0
2916,0.5777035812451293,16.554332199618955,17.12472162435353,0.012119555473327636,0.9
2917,0.6652280344754878,16.37945685153023,16.363339519337984,0.012258434295654297,0.95
2918,0.725902017177146,17.725953878496803,17.725953878496803,0.01230090856552124,1.0
2919,0.7232478121416183,14.302295278684246,14.302295278684246,0.01228792667388916,1.0
2920,0.5714557984701385,15.663179648247183,16.00670130818667,0.012441599369049072,0.9
2921,0.6140832686786046,16.255335936764396,16.39479503802074,0.012354981899261475,0.95
2922,0.46957699140345194,16.36757221215989,16.92017479697279,0.011907529830932618,0.85
2923,0.7524608589724229,17.973381829806083,17.973381829806083,0.012374866008758544,1.0
2924,0.7430940199388837,16.763341324374522,16.763341324374522,0.012279367446899414,1.0
2925,0.48144676805880887,14.714769003204395,15.294321951305134,0.011813747882843017,0.85
2926,0.5764420740058107,14.818526661833994,14.952379592720279,0.012112081050872803,0.9
2927,0.6936843524464329,16.229498818080362,16.229498818080362,0.01240462064743042,1.0
2928,0.7097584457917219,16.640586866800383,16.640586866800383,0.011944258213043213,1.0
2929,0.6280413839986776,18.41490856245495,18.503469465576543,0.01202315092086792,0.95
2930,0.4863984300460139,19.080051505173692,18.136656217769776,0.012021052837371825,0.85
2931,0.7467934871342747,16.33891545191883,16.33891545191883,0.012169933319091797,1.0
2932,0.6432371075789777,17.944628655564888,17.085823370043713,0.012170279026031494,0.95
2933,0.5499605111413349,17.140623143933922,17.416234890077643,0.012143659591674804,0.9
2934,0.7009502314309993,17.501545703808496,17.501545703808496,0.012152862548828126,1.0
2935,0.7394001417492222,16.017321151331302,16.017321151331302,0.012172019481658936,1.0
2936,0.5585287402270924,16.525573163589208,16.45000840679998,0.01233048439025879,0.9
2937,0.6382070551651647,17.18272170456548,17.225931805535065,0.012187349796295165,0.95
2938,0.7113858508291832,16.49251675996945,16.49251675996945,0.012423574924468994,1.0
2939,0.578557138608708,17.24354263090319,17.65321028382632,0.011772835254669189,0.9
2940,0.7279138272333701,15.621757071563929,15.621757071563929,0.011934292316436768,1.0
2941,0.7085700101691822,14.752788519614302,14.752788519614302,0.01197599172592163,1.0
2942,0.4880575875466303,16.227405371329546,16.95713105229692,0.012357699871063232,0.85
2943,0.740664550799537,16.143596623068966,16.143596623068966,0.012423360347747802,1.0
2944,0.727785330138925,14.219095430552887,14.219095430552887,0.012309455871582031,1.0
2945,0.6167175986231006,14.486294551567008,14.390060039301323,0.011980807781219483,0.95
2946,0.6516404817553398,15.57652852441105,15.77214547816712,0.012308228015899658,0.95
2947,0.6960676889151456,17.02012697146146,17.02012697146146,0.011927592754364013,1.0
2948,0.6531215558003803,15.646703265770455,15.845863538555141,0.011989307403564454,0.95
2949,0.7323656931176041,16.870947306200126,16.870947306200126,0.012168776988983155,1.0
2950,0.6130244531923305,18.18700994192377,18.43044014855902,0.012480151653289796,0.95
2951,0.6223152635652591,14.316289513073698,14.397884222329125,0.012065505981445313,0.95
2952,0.7187870494731612,16.076905224630075,16.076905224630075,0.011995482444763183,1.0
2953,0.6335485653685923,16.570931789745135,16.30035585842855,0.012098705768585205,0.95
2954,0.705965700869861,18.81472169384383,18.81472169384383,0.012166690826416016,1.0
2955,0.5879409270415527,18.498964359379332,18.00170988891793,0.012068593502044677,0.9
2956,0.7365233156185245,17.195832231289103,17.195832231289103,0.012107765674591065,1.0
2957,0.7159748920298796,16.912798191397822,16.912798191397822,0.012204992771148681,1.0
2958,0.64371384619088,18.223644014748345,18.579459292287073,0.012258398532867431,0.95
2959,0.6298163100699642,18.428752746124438,18.36020979689908,0.012210273742675781,0.95
2960,0.632065051835834,14.703118258734653,14.582474105979875,0.01221681833267212,0.95
2961,0.7330346273830995,13.98145743278638,13.98145743278638,0.012098169326782227,1.0
2962,0.5770405179646876,16.928848157000036,17.403997699552587,0.012312161922454833,0.9
2963,0.6232867047199794,14.55119270413276,14.65854421739868,0.01210242509841919,0.95
2964,0.5596285844407839,16.222505895564677,16.31455923051874,0.01221029758453369,0.9
2965,0.633180851461052,14.679553519938427,14.863147083040687,0.011945605278015137,0.95
2966,0.6038720394997665,15.565178512214842,15.42228534780584,0.012257611751556397,0.95
2967,0.40916761584349715,15.81974942989127,16.609551543570454,0.01244359016418457,0.8
2968,0.6405726718218787,18.712974634320904,19.093301747094394,0.01253182888031006,0.95
2969,0.680246979467803,16.2932165606675,16.2932165606675,0.011924290657043457,1.0
2970,0.7045167945048061,15.961183088281908,15.961183088281908,0.011923742294311524,1.0
2971,0.5577629696143049,17.19703038523709,17.670857592823968,0.012091350555419923,0.9
2972,0.40629773168674055,16.48479852760483,17.56493386434154,0.01212153434753418,0.8
2973,0.5537358297262651,16.53347979987158,16.812115798884246,0.01203824281692505,0.9
2974,0.6393801823638328,15.815957409837191,16.068982457454304,0.012100648880004884,0.95
2975,0.7211627088194041,17.516654247618515,17.516654247618515,0.012001919746398925,1.0
2976,0.7445885483355872,18.659087064173494,18.659087064173494,0.012112164497375488,1.0
2977,0.6282656632434762,17.364954216795986,17.423246770166458,0.012126600742340088,0.95
2978,0.7301695138890929,15.517472821954692,15.517472821954692,0.011969304084777832,1.0
2979,0.7157754831256429,16.404776553770997,16.404776553770997,0.012070739269256591,1.0
2980,0.6457809626177341,12.485802131804723,12.326237530833248,0.012243473529815673,0.95
2981,0.727638868928154,16.534172830466453,16.534172830466453,0.012199676036834717,1.0
2982,0.7274172768761098,16.357374257919595,16.357374257919595,0.012105274200439452,1.0
2983,0.6221112792632786,17.513540535290055,17.58360722153054,0.012559735774993896,0.95
2984,0.6396919689867747,15.373146749081588,15.537947658892476,0.01198643445968628,0.95
2985,0.49589590211463985,15.73453501420435,16.172199510529186,0.012135839462280274,0.85
2986,0.6629728384324912,16.66292749191266,16.96471242564495,0.011779463291168213,0.95
2987,0.7282269216554085,16.189367394488517,16.189367394488517,0.012431585788726806,1.0
2988,0.7190793725202023,16.275567371080797,16.275567371080797,0.011954212188720703,1.0
2989,0.7375501194729751,16.367899648704274,16.367899648704274,0.012015283107757568,1.0
2990,0.7229783806015739,14.981997070584644,14.981997070584644,0.012150001525878907,1.0
2991,0.7451806335004061,17.135310266945734,17.135310266945734,0.0122933030128479,1.0
2992,0.6428992505455999,17.999399337213852,17.355087503030322,0.012419486045837402,0.95
2993,0.628136011764145,19.315723447755726,18.676621436878264,0.01215766668319702,0.95
2994,0.5489236224095609,15.461590728229476,14.769698465473331,0.011910676956176758,0.9
2995,0.7245899306458772,14.971535265330456,14.971535265330456,0.012088465690612792,1.0
2996,0.6253593359598597,18.361500944255116,18.347343084795963,0.012314367294311523,0.95
2997,0.6243852391516376,16.926339428088973,17.199536464716417,0.01202840805053711,0.95
2998,0.5851535559825767,18.717877242976506,18.825212146102963,0.012125849723815918,0.95
2999,0.5251264727247592,16.88879128029982,15.384995634255896,0.012128770351409912,0.9
3000,0.7222494207778608,16.647736996440862,16.647736996440862,0.012012505531311035,1.0
3001,0.714282321104584,18.253185711845724,18.253185711845724,0.012299048900604247,1.0
3002,0.7022632818952401,18.493478560316838,18.493478560316838,0.012208056449890137,1.0
3003,0.6254570252679328,16.67801172902967,16.54824851796622,0.011961865425109863,0.95
3004,0.6995482171170594,14.33083659912344,14.33083659912344,0.012011373043060302,1.0
3005,0.47579121435810867,17.92784573795111,17.30566977509889,0.012002170085906982,0.85
3006,0.5639092095660734,15.134128162483643,15.07906746363162,0.012241876125335694,0.9
3007,0.5823516387942842,15.831749245947558,15.877540528536603,0.012423670291900635,0.9
3008,0.6379962834691001,14.522521625291,14.407991147219201,0.012487578392028808,0.95
3009,0.5489559184991692,17.97190059964518,18.376751724761228,0.012225139141082763,0.9
3010,0.6461429754220895,17.623023564472426,18.02313835807809,0.012176156044006348,0.95
3011,0.7305423794037703,16.604087800068335,16.604087800068335,0.012471461296081543,1.0
3012,0.5381142938547854,17.599579475932597,17.800436934308177,0.012282466888427735,0.9
3013,0.6666366148174785,15.826514337831735,16.121516147358474,0.01235809326171875,0.95
3014,0.5161490042708248,14.99856828331762,14.547422272203358,0.01207432746887207,0.85
3015,0.6124560174636648,19.0199194849572,19.03179180064602,0.012444388866424561,0.95
3016,0.7311588090861473,16.928229284680988,16.928229284680988,0.012569940090179444,1.0
3017,0.6481105528209821,15.669378554013491,15.872119914177116,0.012311589717864991,0.95
3018,0.6219094111194534,14.701233071295547,14.777509092911163,0.012075090408325195,0.95
3019,0.7476173817097819,14.771794728873516,14.771794728873516,0.012106895446777344,1.0
3020,0.4990166929284575,14.903283329143505,15.258413090000662,0.012198925018310547,0.85
3021,0.7078725200396575,15.399513601978956,15.399513601978956,0.012260890007019043,1.0
3022,0.6511065132730194,15.016050332784971,15.061559116413772,0.012408232688903809,0.95
3023,0.6410793025548933,16.20870374096716,16.37758160902087,0.012316536903381348,0.95
3024,0.6435208163300383,14.84692432674655,15.00849948757984,0.011994552612304688,0.95
3025,0.7320335104454465,14.806027158261765,14.806027158261765,0.012222933769226074,1.0
3026,0.6395606542316046,14.066376598105032,13.918003466709619,0.0122977614402771,0.95
3027,0.7173641451611755,17.118597932564263,17.118597932564263,0.012482810020446777,1.0
3028,0.6646354763394382,16.928134861486672,17.206957337024452,0.012230098247528076,0.95
3029,0.7380769188580054,17.22216960299469,17.22216960299469,0.012021851539611817,1.0
3030,0.4939278402276067,16.317784296400895,17.267126753255546,0.012037312984466553,0.85
3031,0.7389741620997976,16.10591261374064,16.10591261374064,0.01236034631729126,1.0
3032,0.635322730140608,16.265789236958536,16.28867254034384,0.012258791923522949,0.95
3033,0.5481649413310518,15.344169744499514,15.075795739575941,0.01243821382522583,0.9
3034,0.598801669368408,17.51344146788802,18.122365184659017,0.012402689456939698,0.9
3035,0.6040060790817978,19.662568724346695,20.058140825781024,0.012533998489379883,0.95
3036,0.5584195234235734,15.10721514299357,15.472029884842057,0.012490344047546387,0.9
3037,0.7125370391402582,18.572639545413658,18.572639545413658,0.012252509593963623,1.0
3038,0.7256655622901673,16.771748129255876,16.771748129255876,0.012039709091186523,1.0
3039,0.588876171695312,16.34506456371955,15.687297677426045,0.012216734886169433,0.9
3040,0.7442738370759656,14.886845672580879,14.886845672580879,0.01244868040084839,1.0
3041,0.5727986384263263,15.812926999506283,15.95172635515261,0.012426793575286865,0.9
3042,0.7443875886694752,16.47867115238483,16.47867115238483,0.012182044982910156,1.0
3043,0.735921945101731,17.081442990707703,17.081442990707703,0.012210988998413086,1.0
3044,0.6453099073554062,15.361114760209324,15.232184619451283,0.01225121021270752,0.95
3045,0.6660913136631008,14.581382417690065,14.758471735645008,0.012128376960754394,0.95
3046,0.7161509730176066,14.174241401120188,14.174241401120188,0.01226370334625244,1.0
3047,0.5761427027836312,17.35364174933661,16.60732945159593,0.012010276317596436,0.9
3048,0.7232795584935605,16.31908388984572,16.31908388984572,0.01192786693572998,1.0
3049,0.6643588898141188,16.799909561645364,17.126968635035695,0.01235288381576538,0.95
3050,0.7097809343547887,16.001560956810017,16.001560956810017,0.011913418769836426,1.0
3051,0.5780651670044576,16.250591226236317,16.767938472964303,0.012082207202911376,0.9
3052,0.42428133350215563,16.291362937504818,16.258017993008544,0.012050700187683106,0.8
3053,0.7093849808864072,15.38841244393062,15.38841244393062,0.011978161334991456,1.0
3054,0.5686579325614256,16.227336243727937,16.825366391511572,0.012130987644195557,0.9
3055,0.7257375090931745,16.523436424839566,16.523436424839566,0.012076151371002198,1.0
3056,0.7239703455352295,14.77627703197984,14.77627703197984,0.01222388744354248,1.0
3057,0.6734792535533101,15.420245833412721,15.411233242943462,0.012257063388824463,0.95
3058,0.5614157053808426,14.163966957388288,14.36528536844327,0.011844837665557861,0.9
3059,0.722385880199209,16.720004463784843,16.720004463784843,0.01216033697128296,1.0
3060,0.6898042371663531,17.713358460555714,17.713358460555714,0.012006568908691406,1.0
3061,0.7375645763392933,18.27866267279348,18.27866267279348,0.012239348888397217,1.0
3062,0.7346142728142391,14.558599072908521,14.558599072908521,0.012116873264312744,1.0
3063,0.5695513922402302,19.535274517217392,20.14277338129747,0.01224595308303833,0.9
3064,0.7128061836217221,17.897430963982835,17.897430963982835,0.012484002113342284,1.0
3065,0.6289040138827231,16.820455702395282,16.886217455244495,0.012142109870910644,0.95
3066,0.6057576240627964,13.842126155554293,13.714413287309181,0.012128233909606934,0.95
3067,0.5455229404297718,16.282460104234318,15.689872765065697,0.012382853031158447,0.9
3068,0.5689737486530949,15.389379937875105,15.030766794761275,0.012408447265625,0.9
3069,0.6404594259006137,14.922549842065186,14.789943922687554,0.012046563625335693,0.95
3070,0.6469662205379885,15.796163392050238,15.603083383046028,0.012213575839996337,0.95
3071,0.6368029936162117,17.081456677186736,17.07453545479867,0.012484681606292725,0.95
3072,0.5469003177319455,15.776140286223185,16.26299371331302,0.012257206439971923,0.9
3073,0.7385822955882986,17.043989722400276,17.043989722400276,0.012318336963653564,1.0
3074,0.7805448583235697,13.835011909501617,13.835011909501617,0.012101805210113526,1.0
3075,0.7360922960232857,15.239997935943682,15.239997935943682,0.012065303325653077,1.0
3076,0.5868330159613311,14.097032858026603,14.10766902916224,0.012273120880126952,0.9
3077,0.7151193049458849,13.709002127565148,13.709002127565148,0.011896753311157226,1.0
3078,0.5974204129945087,15.426383766786426,15.54170544117278,0.011986780166625976,0.9
3079,0.6478938687597197,14.706509071706076,14.844408900411475,0.012364208698272705,0.95
3080,0.659700864595998,14.91982929844966,14.87718758559172,0.012188112735748291,0.95
3081,0.5109079383608831,14.117092315159061,14.09923284403549,0.012656843662261963,0.85
3082,0.5580639161920286,14.75786260498324,13.739825615968147,0.012429654598236084,0.9
3083,0.7175475848239012,16.34291321193948,16.34291321193948,0.012120509147644043,1.0
3084,0.6779948523801377,15.388196446409122,15.332641492873435,0.012455928325653075,0.95
3085,0.590450497809508,17.34467246784308,17.137960662309894,0.012041199207305908,0.95
3086,0.725841338256964,17.023230083851043,17.023230083851043,0.012185239791870117,1.0
3087,0.7185178862826586,17.29265209723491,17.29265209723491,0.012215363979339599,1.0
3088,0.6404848777755858,17.926455239261742,16.81011720834233,0.012405335903167725,0.95
3089,0.7112791902179123,16.74154694332291,16.74154694332291,0.012062370777130127,1.0
3090,0.7143182076829453,16.10002921992477,16.10002921992477,0.012412643432617188,1.0
3091,0.7178316449033277,16.343800880707924,16.343800880707924,0.012350690364837647,1.0
3092,0.5740580853394535,16.063097352791125,16.24393723180504,0.012189388275146484,0.9
3093,0.5558498928651978,19.18451263668832,19.01673773306384,0.012067174911499024,0.9
3094,0.6630572172678161,17.806029954894992,18.087404001711402,0.011995136737823486,0.95
3095,0.7274814970482658,14.931138231646244,14.931138231646244,0.012329161167144775,1.0
3096,0.7320457468447045,16.024244113022966,16.024244113022966,0.011973977088928223,1.0
3097,0.5000406644629837,17.44780461686565,15.575595270088225,0.012282645702362061,0.85
3098,0.7356973105330011,17.72444704229992,17.72444704229992,0.012116158008575439,1.0
3099,0.6563196593091118,16.98150752367553,16.143555984395146,0.012386906147003173,0.95
3100,0.5422771620739246,17.5914901079087,18.059303225217562,0.012187695503234864,0.9
3101,0.7015716839568101,16.428689487655504,16.428689487655504,0.011848533153533935,1.0
3102,0.7066943746125527,16.94463770902886,16.94463770902886,0.011958348751068115,1.0
3103,0.6500227323580955,19.62505618004797,19.736169912664796,0.011935877799987792,0.95
3104,0.6538876147480315,18.99522054463423,19.10561717479267,0.012071955204010009,0.95
3105,0.6266390868285067,17.28648391524832,17.6243898582644,0.01204986572265625,0.95
3106,0.5895170397043462,15.91858391115943,15.850286235692314,0.012123727798461914,0.9
3107,0.6794518035047727,17.32716498373947,16.63088233200524,0.01214897632598877,0.95
3108,0.7265350762995554,18.291495319816946,18.291495319816946,0.012038183212280274,1.0
3109,0.7149101467862506,16.02935412914491,16.02935412914491,0.011909711360931396,1.0
3110,0.6187132322802629,18.372647068095,18.496092954406237,0.011830782890319825,0.95
3111,0.6232003317682551,17.121961311954013,17.45773582144965,0.012293899059295654,0.95
3112,0.7181840830770856,17.16336522492815,17.16336522492815,0.012431609630584716,1.0
3113,0.6530979097165556,18.103328183542004,18.521955962655394,0.012069392204284667,0.95
3114,0.6478648828531511,19.15563560916231,19.0925486321736,0.012037277221679688,0.95
3115,0.7298342571750962,17.545499043599317,17.545499043599317,0.012169349193572997,1.0
3116,0.5719315404310806,16.894848425871782,17.013812401808295,0.01233590841293335,0.9
3117,0.6546929764453536,18.43088374556245,18.718077988974674,0.012460339069366454,0.95
3118,0.608050033832635,15.552714047457092,15.680091697505539,0.012028276920318604,0.9
3119,0.6165269610940307,15.708386301068378,15.967581654978714,0.011903822422027588,0.95
3120,0.66640458654428,17.51468328487321,17.70517562803365,0.01205986738204956,0.95
3121,0.744680304935127,13.844585084578018,13.844585084578018,0.012000656127929688,1.0
3122,0.5772017344222615,12.758572178344284,12.648577520865814,0.012121117115020752,0.9
3123,0.6619134112201253,17.00818898337881,17.153846589768108,0.011869633197784423,0.95
3124,0.6288370979850508,18.42572091824041,17.682442973628074,0.011833548545837402,0.95
3125,0.7603972955411726,16.258648444115288,16.258648444115288,0.0121751070022583,1.0
3126,0.7209393162430359,16.683688564199645,16.683688564199645,0.012110936641693115,1.0
3127,0.6582137889533758,15.273840657151151,15.509934250946966,0.011946022510528564,0.95
3128,0.6295642575510118,14.810461055344149,15.016944289144913,0.012066388130187988,0.95
3129,0.6946366558734991,15.990015138409689,15.990015138409689,0.012057411670684814,1.0
3130,0.709747184252939,17.72144522238558,17.72144522238558,0.0118574857711792,1.0
3131,0.6504945384170477,16.676228306037554,16.806956235216404,0.012007558345794677,0.95
3132,0.6491121475587358,15.78419312823053,15.902697397769032,0.012438356876373291,0.95
3133,0.6189606534857106,15.559214123975812,15.99992619706329,0.011822509765625,0.9
3134,0.43972761649629,15.449579245192885,15.630718595203085,0.011798477172851563,0.8
3135,0.37768962997193856,16.975244679395296,17.45926613222496,0.01228330135345459,0.8
3136,0.680356694878437,16.42002012598785,16.45396784168436,0.01223907470703125,0.95
3137,0.7302581250974014,13.84036052125253,13.84036052125253,0.012100732326507569,1.0
3138,0.6461061210972361,15.211819264230126,15.120812404264798,0.011865794658660889,0.95
3139,0.6542672301288841,13.230132850589689,13.072969598433748,0.012202048301696777,0.95
3140,0.6237339140111262,13.906383288651105,13.819047713706043,0.01231459379196167,0.9
3141,0.6915662285278934,15.39552778126164,15.592381726384195,0.012053871154785156,0.95
3142,0.719533595008224,16.707543520868047,16.707543520868047,0.012116539478302001,1.0
3143,0.6290127538150153,14.852333672373025,14.63766668584143,0.011859190464019776,0.95
3144,0.7385006400740382,17.204635360900575,17.204635360900575,0.011959350109100342,1.0
3145,0.6615374956080591,18.065691602603593,18.355620934948046,0.012056529521942139,0.95
3146,0.7346351169273879,17.45502096566912,17.45502096566912,0.012191462516784667,1.0
3147,0.40397786539942226,20.901131867272298,20.248121907218252,0.01238081455230713,0.8
3148,0.6130881721140563,19.899282922580046,20.04819664866332,0.012104737758636474,0.95
3149,0.5770649048719665,17.476573300342103,18.091328188601903,0.012066078186035157,0.9
3150,0.4755909238849642,15.990220915805258,16.357061719619804,0.012072432041168212,0.85
3151,0.7837544338258029,17.16819758246969,17.16819758246969,0.011913275718688965,1.0
3152,0.697186078792968,18.12147419767781,18.23820127925992,0.011998951435089111,0.95
3153,0.681135186097951,15.889402640224308,15.104927344901329,0.012182652950286865,0.95
3154,0.7446316613779936,16.865664874446644,16.865664874446644,0.01221466064453125,1.0
3155,0.6488575475439535,15.288722020265691,15.272190886224363,0.012126076221466064,0.95
3156,0.6451671995047022,15.62722788937381,15.629390347515582,0.012293708324432374,0.95
3157,0.6998753245975141,16.53657225913202,16.53657225913202,0.012150073051452636,1.0
3158,0.5606855137350608,15.69069162577865,15.838938826814585,0.012124443054199218,0.9
3159,0.6735856708043988,15.646880193795294,15.836746363123403,0.011897337436676026,0.95
3160,0.7486223657650817,14.425820559701089,14.425820559701089,0.011962819099426269,1.0
3161,0.7401716877532958,13.513449317327792,13.513449317327792,0.01229543685913086,1.0
3162,0.6453603035484672,16.12069510061277,16.386792953711463,0.012073874473571777,0.95
3163,0.5950826503381679,20.390242864805806,18.95253168260171,0.01225045919418335,0.9
3164,0.7546697252182427,19.566434856976713,19.566434856976713,0.011854326725006104,1.0
3165,0.6476930742470806,18.480337951875214,18.66196484567741,0.012222707271575928,0.95
3166,0.6656724225707279,15.926089485390511,16.096315601301306,0.012014472484588623,0.95
3167,0.6637181423429822,17.16392925147652,17.367601568871677,0.012219727039337158,0.95
3168,0.6366130918440873,18.542060088123044,17.442735892367995,0.012286937236785889,0.95
3169,0.5746999234980192,20.337003604318348,20.966052394259364,0.011820602416992187,0.9
3170,0.6466815814468646,16.075515442876082,16.23016101023262,0.012236082553863525,0.95
3171,0.7563571037596271,18.188302183507556,18.188302183507556,0.011961758136749268,1.0
3172,0.6444570672938352,13.485039440116287,13.644503438195162,0.012413573265075684,0.95
3173,0.7347328913404882,15.215273464209512,15.215273464209512,0.012133407592773437,1.0
3174,0.7216494712537047,13.957874123692084,13.957874123692084,0.012075185775756836,1.0
3175,0.6637817256075558,17.656447558752877,17.991763835603575,0.012086820602416993,0.95
3176,0.70153204852662,14.741476941118313,14.741476941118313,0.012124311923980714,1.0
3177,0.6807433439147977,15.920198234967046,15.928895208404967,0.0125174880027771,0.95
3178,0.5796004010052387,16.61866250920726,17.11471658645132,0.012194502353668212,0.9
3179,0.7275210725054462,17.85006271610602,17.85006271610602,0.012445008754730225,1.0
3180,0.7609078325505212,17.354015134863488,17.354015134863488,0.012002742290496827,1.0
3181,0.70364577311922,16.47835617644439,16.47835617644439,0.012181365489959716,1.0
3182,0.6595174064530457,17.34733432193919,17.63862259423312,0.012037694454193115,0.95
3183,0.7509013504220472,15.571553303040446,15.571553303040446,0.01183696985244751,1.0
3184,0.6821254453818714,16.411711554405127,16.589132654462944,0.012095379829406738,0.95
3185,0.6436748803021503,16.299895480997137,16.45123927816059,0.012012612819671632,0.95
3186,0.6366169457583484,19.99682614112971,19.28943807083049,0.01211378574371338,0.95
3187,0.7102119104076008,19.41723959592531,19.41723959592531,0.01201392412185669,1.0
3188,0.562767090788379,17.103489541825752,17.730443771507527,0.012011909484863281,0.9
3189,0.5462611509100903,18.956892021185872,19.267330570179972,0.012185347080230714,0.9
3190,0.6742899156435539,18.168266635950083,18.30977942734719,0.011960840225219727,0.95
3191,0.5811649958037403,17.85231283716387,18.181948524240575,0.012235188484191894,0.9
3192,0.7260462198767231,18.483483644589054,18.483483644589054,0.012115538120269775,1.0
3193,0.7356375634914574,17.753976777036065,17.753976777036065,0.012061071395874024,1.0
3194,0.7240619480445505,15.482471215914023,15.482471215914023,0.011920952796936035,1.0
3195,0.757364867512985,16.019275445987017,16.019275445987017,0.01200108528137207,1.0
3196,0.6451696041704926,14.427518580117617,13.589285627966525,0.012018048763275146,0.95
3197,0.5873416622010685,16.294236988421112,16.79645115337369,0.01195530891418457,0.9
3198,0.5865400201454067,15.493905939438648,15.780339908891847,0.012034809589385987,0.9
3199,0.6326848584777404,14.391878227958028,14.325571587422877,0.012095427513122559,0.95
3200,0.7412388046074913,17.394790669433714,17.394790669433714,0.012048566341400146,1.0
3201,0.6954521705501933,15.87083703912137,15.87083703912137,0.0122605562210083,1.0
3202,0.7062060500720735,16.280641208426072,16.280641208426072,0.011993110179901123,1.0
3203,0.732594810106454,16.939516764598505,16.939516764598505,0.01225050687789917,1.0
3204,0.6548785349337981,15.453740580605004,15.545787465874286,0.012401747703552245,0.95
3205,0.5982312900855677,15.840640579691604,15.995726965176921,0.012280809879302978,0.9
3206,0.7129507442176397,16.519643996503937,16.519643996503937,0.012346792221069335,1.0
3207,0.6700437761464502,16.225427965745073,16.35065629834803,0.012383985519409179,0.95
3208,0.7418811151494407,16.045561822088384,16.045561822088384,0.011967158317565918,1.0
3209,0.7560400544228448,16.527287936686513,16.527287936686513,0.012215173244476319,1.0
3210,0.6647605322208398,15.486506701047228,15.642728875505314,0.011910700798034668,0.95
3211,0.6566065420105832,15.637620833515124,15.797658644288557,0.012191176414489746,0.95
3212,0.4763965528261628,15.896570386073796,15.729503056882757,0.012140154838562012,0.85
3213,0.5224816690582421,15.05940208551199,15.751587877358284,0.012267982959747315,0.85
3214,0.5567929308422167,16.878953895938817,16.96079924828491,0.012390363216400146,0.9
3215,0.5681225503675508,19.529021855371106,18.893954262729466,0.011886703968048095,0.9
3216,0.6996318034586058,15.686567078322934,15.686567078322934,0.012077617645263671,1.0
3217,0.6499721910697736,15.009263947122623,15.12811004412466,0.011910700798034668,0.95
3218,0.5797675425655004,14.938740142823367,14.127833575205322,0.012071442604064942,0.9
3219,0.6792121304379082,17.99615987026414,17.224290739108326,0.012052106857299804,0.95
3220,0.6338369264523583,15.314988245930948,15.294141719830892,0.01218351125717163,0.95
3221,0.7244935225595922,16.236905004383104,16.236905004383104,0.01248152256011963,1.0
3222,0.6739726958396487,16.533779444745004,16.586357561965002,0.01202850341796875,0.95
3223,0.6589855441839619,16.27414254267078,16.492659604401705,0.01203615665435791,0.95
3224,0.7234463822771068,13.644905794729382,13.644905794729382,0.011997759342193604,1.0
3225,0.7323961890395304,16.258236765513537,16.258236765513537,0.01202319860458374,1.0
3226,0.5905603542650967,16.266666155217166,15.649184378343243,0.012029027938842774,0.9
3227,0.743805402760437,16.45871282417341,16.45871282417341,0.0120497465133667,1.0
3228,0.6028697946111788,15.856403525329052,16.301438291611326,0.012048876285552979,0.9
3229,0.7484331855178157,17.800820076050478,17.800820076050478,0.011905014514923096,1.0
3230,0.7063956059877199,17.427672555282847,17.427672555282847,0.011999619007110596,1.0
3231,0.6695878742516217,17.622007867112064,17.8804872805682,0.011880266666412353,0.95
3232,0.6279156078227175,15.809514741985907,15.724395116361874,0.012296640872955322,0.95
3233,0.5948829658482271,16.82313964307365,16.2226255392784,0.012206101417541504,0.9
3234,0.6699708870579322,15.431594476433563,15.308954317244426,0.012210369110107422,0.95
3235,0.5907585874742021,16.95661362810837,16.09660540810053,0.012103080749511719,0.9
3236,0.6725917059109059,13.378610146445217,13.129691672826866,0.012361860275268555,0.95
3237,0.6729680337151664,18.744602971549945,19.012663821759936,0.012370431423187256,0.95
3238,0.5726896073226958,20.760699267159787,19.392201976297713,0.012526142597198486,0.9
3239,0.7318212300640342,16.631418648432675,16.631418648432675,0.01214141845703125,1.0
3240,0.7232885738728572,17.669296436141817,17.669296436141817,0.012111592292785644,1.0
3241,0.7181218133517099,15.502149069325236,15.502149069325236,0.012194812297821045,1.0
3242,0.749511960870411,16.62636324500017,16.62636324500017,0.012611842155456543,1.0
3243,0.7290165187254731,16.583975764899996,16.583975764899996,0.01222541332244873,1.0
3244,0.5951469592203718,15.79482126327882,16.264210237272945,0.012334752082824706,0.9
3245,0.6737434588661049,15.816171271466889,15.827384195796373,0.012210631370544433,0.95
3246,0.6521197918088784,15.505719378693163,15.615657700451418,0.012230944633483887,0.95
3247,0.5786739470449266,14.513038870706785,14.756064931299303,0.012060403823852539,0.9
3248,0.7232133881263543,17.304371705399664,17.304371705399664,0.012011003494262696,1.0
3249,0.7249077853615897,17.661812037440647,17.661812037440647,0.011853206157684325,1.0
3250,0.5696734924304012,18.913443771104383,19.69246725732313,0.012315452098846436,0.9
3251,0.6365466617404201,15.88990526964962,15.972408857326819,0.012190032005310058,0.95
3252,0.565266983420684,16.874753867196585,16.236215178622714,0.012142360210418701,0.9
3253,0.42090491793744,19.289634584022103,20.130447416395363,0.012096798419952393,0.8
3254,0.6402918240252704,19.734647672264906,20.160009656740304,0.012109124660491943,0.95
3255,0.6649945500888629,15.962714590897528,16.154146417631633,0.012038946151733398,0.95
3256,0.7388817943145677,14.64153243574873,14.64153243574873,0.012163925170898437,1.0
3257,0.7318785091436464,19.224260842450626,19.224260842450626,0.011907732486724854,1.0
3258,0.6736315541597581,15.333920016558148,15.213030562730046,0.012222754955291747,0.95
3259,0.77006444201726,17.84129202290422,17.84129202290422,0.012328624725341797,1.0
3260,0.6822654202379104,18.802678563639326,18.199472269953798,0.012397611141204834,0.95
3261,0.5922197429369249,15.857738839269157,16.198136463736496,0.012395381927490234,0.9
3262,0.7230713132431628,18.89970240754714,18.89970240754714,0.012343502044677735,1.0
3263,0.7367782675774144,16.246219508089855,16.246219508089855,0.012371361255645752,1.0
3264,0.7085862136307541,16.725387440457528,16.725387440457528,0.0121077299118042,1.0
3265,0.48976570575137324,15.630408810009635,15.791977314325228,0.012152981758117676,0.85
3266,0.6720574887227182,15.528819821381266,15.713111955397052,0.012209284305572509,0.95
3267,0.618082423314071,15.415576457060812,15.723096580922238,0.012316286563873291,0.9
3268,0.5155502812874977,18.34734928317764,19.45657948659377,0.01213465929031372,0.85
3269,0.6057191157746349,15.604028199082506,15.79992176368147,0.012049591541290284,0.9
3270,0.5398187431768753,16.543480283841724,15.890106329768836,0.012151896953582764,0.85
3271,0.5996847255424543,14.268208850531348,14.396201539297952,0.012419342994689941,0.9
3272,0.7373342803811106,17.283025071102564,17.283025071102564,0.012235677242279053,1.0
3273,0.7440044067716591,18.594242609112584,18.594242609112584,0.011992323398590087,1.0
3274,0.7177485868529866,17.014484958093995,17.014484958093995,0.012076127529144286,1.0
3275,0.7434115376181379,16.447780598313436,16.447780598313436,0.012124240398406982,1.0
3276,0.5767466060624333,15.223490288867689,15.43074629171533,0.012251627445220948,0.9
3277,0.6382752771147711,16.47990394764857,16.63723844950627,0.012064659595489502,0.95
3278,0.7056649361753299,14.714745988618201,14.714745988618201,0.012122833728790283,1.0
3279,0.5103457792172301,17.236591236493577,17.957704218694712,0.01249932050704956,0.85
3280,0.6731621352420216,16.084895312015536,16.190760313220334,0.012395739555358887,0.95
3281,0.6319744255074442,17.221637295768538,17.484086028718615,0.012092387676239014,0.95
3282,0.7397237635326477,19.522949765138485,19.522949765138485,0.012098419666290283,1.0
3283,0.6001758539370263,16.73934445011145,17.21376714007009,0.012159645557403564,0.9
3284,0.6334347395600979,18.84194068305614,17.64012308374915,0.012156474590301513,0.95
3285,0.5159597833105751,19.13429112604173,18.29066881110901,0.012267088890075684,0.85
3286,0.7312085461930062,17.163346941780937,17.163346941780937,0.012567639350891113,1.0
3287,0.643213657976956,16.8652988207467,16.950118450249214,0.01252671480178833,0.95
3288,0.6933334348849037,18.215149401669017,17.382632329308024,0.012395322322845459,0.95
3289,0.7127874839080139,19.20210062953002,19.20210062953002,0.012278175354003907,1.0
3290,0.7228991293005871,16.94029688531824,16.94029688531824,0.012043774127960205,1.0
3291,0.72620748864377,18.428278654067093,18.428278654067093,0.012235450744628906,1.0
3292,0.7360425651587685,16.96117361603061,16.96117361603061,0.012227666378021241,1.0
3293,0.6727171502839289,14.599272791504728,14.547939588834,0.01239389181137085,0.95
3294,0.7405339159343136,16.39487488681832,16.39487488681832,0.012300372123718262,1.0
3295,0.6035105843062538,16.222773476942045,16.399401204734392,0.01222323179244995,0.9
3296,0.7650451671378915,17.78408100778705,17.78408100778705,0.01191399097442627,1.0
3297,0.6586525808395265,18.141056850766997,18.46744928689158,0.012481653690338134,0.95
3298,0.7414273830989998,17.02629712499499,17.02629712499499,0.012070155143737793,1.0
3299,0.7203021963039886,17.813263582948846,17.813263582948846,0.01195371150970459,1.0
3300,0.42123169710728636,16.975821545175716,16.89309959951671,0.012143945693969727,0.8
3301,0.640916211493025,18.639465279765787,17.91151345923936,0.012008571624755859,0.95
3302,0.6395848292099916,16.63216357378746,16.702392679833256,0.01220778226852417,0.95
3303,0.5664104865528169,16.41612992910416,16.629103256115467,0.012005376815795898,0.9
3304,0.6443412002799579,16.250172403322658,16.313715999971947,0.012132871150970458,0.95
3305,0.7134928717121205,19.533165838780455,19.533165838780455,0.012155616283416748,1.0
3306,0.6854724833426331,19.752894267160155,20.10733413368611,0.012323296070098877,0.95
3307,0.6396709534675187,15.677287237550996,15.919279599347442,0.012388777732849122,0.95
3308,0.6502845986633344,15.628928929817903,15.802138421501757,0.012126481533050537,0.95
3309,0.7575895080796237,14.315454435366672,14.315454435366672,0.01228327751159668,1.0
3310,0.6405496387886369,14.628154215157192,14.738375933113018,0.012248408794403077,0.95
3311,0.685568953170141,15.541574196736203,15.821640803527023,0.011967670917510987,0.95
3312,0.5064632172931477,13.466149333419352,13.807129575962259,0.012012064456939697,0.85
3313,0.6577707414350127,16.274639148004383,16.502818491306954,0.012181508541107177,0.95
3314,0.6308661633420121,16.975625429437184,16.897113032033506,0.01214151382446289,0.95
3315,0.5454485182285049,14.630210401594217,13.62801896188508,0.011941361427307128,0.9
3316,0.7043693454094331,15.489986334749338,15.489986334749338,0.01222527027130127,1.0
3317,0.7057387275243323,17.338308177274754,17.338308177274754,0.012233996391296386,1.0
3318,0.504739733723932,16.45355927938517,17.31341851862192,0.012233734130859375,0.85
3319,0.701274780588067,16.416486333917838,16.416486333917838,0.012202513217926026,1.0
3320,0.7187599122282733,14.520148505427239,14.520148505427239,0.01211404800415039,1.0
3321,0.7366034455721349,17.200351205669158,17.200351205669158,0.01173170804977417,1.0
3322,0.589239284329306,18.33763079103518,18.056933529813268,0.012264013290405273,0.9
3323,0.6477682675712788,17.147256857363864,17.397039160344775,0.012128806114196778,0.95
3324,0.7271464036805024,14.789692704822759,14.789692704822759,0.011895346641540527,1.0
3325,0.7390219316950225,17.166190454180725,17.166190454180725,0.012161219120025634,1.0
3326,0.6789358588551576,16.948829311637148,17.000918295151692,0.01214911937713623,0.95
3327,0.7167611541989439,16.345494264082287,16.345494264082287,0.012363076210021973,1.0
3328,0.6228467238049137,18.561005341633965,18.845667144349466,0.012321078777313232,0.95
3329,0.6678327934468359,16.43487525008442,16.625712928835956,0.01200636625289917,0.95
3330,0.6299520060303574,19.5748049119796,19.567275504958037,0.012067687511444092,0.95
3331,0.7207989338412,17.77241714889773,17.77241714889773,0.01171877384185791,1.0
3332,0.6481716458327538,19.13158650302811,19.205526478540236,0.011853790283203125,0.95
3333,0.5812217538856924,17.532071679125917,17.882114451103245,0.012038016319274902,0.9
3334,0.6996401695705203,16.178419245521678,15.440573097911619,0.01219567060470581,0.95
3335,0.7530651763337683,18.75512533284786,18.75512533284786,0.012188279628753662,1.0
3336,0.7222787819853919,16.906197781947085,16.906197781947085,0.012281405925750732,1.0
3337,0.6576204470748893,15.179850789140918,15.428650831103162,0.011974239349365234,0.95
3338,0.5235708945933816,15.59222733091172,16.36066949575984,0.012311077117919922,0.85
3339,0.486044332764239,15.484155669459124,15.67851832158398,0.01202162504196167,0.85
3340,0.7677315616144866,17.736672840073826,17.736672840073826,0.011791718006134034,1.0
3341,0.7502850279559421,15.499725835675202,15.499725835675202,0.012375092506408692,1.0
3342,0.6260581409226059,15.477009564925613,15.439637560277424,0.01235668659210205,0.95
3343,0.742980952904806,15.301732516156298,15.301732516156298,0.012026834487915038,1.0
3344,0.6908322163615258,17.546330759927567,17.791605698716186,0.012102901935577393,0.95
3345,0.5645767626813691,19.34704029082822,19.683566398934445,0.012264347076416016,0.9
3346,0.5708022317360875,19.039867710888338,18.780120005534727,0.012223875522613526,0.9
3347,0.5145466817312341,17.91941405669747,18.531229389716064,0.011933231353759765,0.85
3348,0.6576501081900279,18.13578920951469,18.399019879381854,0.011718976497650146,0.95
3349,0.5662622150475475,18.202862654369078,18.6301903114853,0.012329804897308349,0.9
3350,0.5511101769064433,16.600963389327198,17.17467497267468,0.012134242057800292,0.9
3351,0.6457319874737065,15.772618539877971,15.621935487588326,0.01197742223739624,0.95
3352,0.6372714729602884,16.785788054133832,17.12640295981474,0.01204601526260376,0.95
3353,0.665799463804791,16.90778315127406,16.9975499991182,0.012225234508514404,0.95
3354,0.7411798387926919,18.198380735594732,18.198380735594732,0.012061262130737304,1.0
3355,0.7468971869565462,17.306988188566404,17.306988188566404,0.012603235244750977,1.0
3356,0.7313386887660216,19.117579965415832,19.117579965415832,0.012261497974395751,1.0
3357,0.7432397572934091,16.815015990358,16.815015990358,0.012202799320220947,1.0
3358,0.7756831394847639,17.808958725203503,17.808958725203503,0.012285363674163819,1.0
3359,0.5633094579408502,18.66284593306883,18.775682439869886,0.011996185779571534,0.9
3360,0.5066521006496026,16.42770612247471,16.71994087676048,0.012229704856872558,0.85
3361,0.5135569524073569,18.325089787238184,19.07148099389154,0.011882185935974121,0.85
3362,0.7221072005310586,14.776458638103884,14.776458638103884,0.011862051486968995,1.0
3363,0.6598392152458955,14.641919208717775,14.865091657562687,0.01210038661956787,0.95
3364,0.45341008029214597,17.576133282096784,18.475262953919707,0.012101733684539795,0.8
3365,0.6267427599480258,18.233565157353432,17.39094032634581,0.012473750114440917,0.95
3366,0.39533211365679255,13.358846058027003,13.390168895406216,0.01230837106704712,0.8
3367,0.7146514220227539,18.144024380322573,18.144024380322573,0.01218947172164917,1.0
3368,0.577149661124278,16.604236180703072,16.115689614117006,0.012090587615966797,0.9
3369,0.67345887612979,17.948584200711803,17.16195132113658,0.012322115898132324,0.95
3370,0.5650669612250014,20.019316668323306,19.52769980778378,0.012293028831481933,0.9
3371,0.6630331769900258,18.743702982000176,18.871454249224197,0.01219083070755005,0.95
3372,0.6691112120093307,15.855713831016711,16.13778859596274,0.01209946870803833,0.95
3373,0.5159199992534825,15.531641979900424,14.624229336603154,0.011902153491973877,0.85
3374,0.7151742302034236,14.038046901700787,14.038046901700787,0.012085497379302979,1.0
3375,0.6565607877227648,17.270297755983506,17.358014167075826,0.01240692138671875,0.95
3376,0.6736378536982179,18.324575430646963,18.745024218876196,0.01243293285369873,0.95
3377,0.7358273913287612,17.31535116230684,17.31535116230684,0.012450265884399413,1.0
3378,0.5055897088534191,16.266435786111412,16.55973700082538,0.012260401248931884,0.85
3379,0.70196709164563,15.557446859218881,15.557446859218881,0.01222919225692749,1.0
3380,0.6502739592298015,16.41272764580636,16.48445155830352,0.012327802181243897,0.95
3381,0.7153842593638033,18.541333542579633,18.541333542579633,0.012384319305419922,1.0
3382,0.6091568919425876,18.38890119645707,18.57051936257989,0.012075400352478028,0.95
3383,0.5646980042150364,15.732920017111477,14.732833518652054,0.011898469924926759,0.9
3384,0.7267643814574761,18.080302290100846,18.080302290100846,0.011998867988586426,1.0
3385,0.5255632820394507,17.565666775822784,15.775360047035807,0.012041282653808594,0.85
3386,0.73939055815725,16.88350483555666,16.88350483555666,0.01234138011932373,1.0
3387,0.7038130124267453,16.346396457377036,16.346396457377036,0.012523210048675537,1.0
3388,0.583458638971109,18.32533874458472,18.8429644558364,0.012600767612457275,0.9
3389,0.6779463425770881,15.690193095280327,15.922657448256697,0.012238907814025878,0.95
3390,0.5858292217452029,16.882704949207806,17.189816592273157,0.012138438224792481,0.9
3391,0.7455794328170602,15.248545044753635,15.248545044753635,0.012057852745056153,1.0
3392,0.6361513414435822,18.106088796639376,18.342298780684526,0.012666678428649903,0.95
3393,0.7558714669161454,16.952534141533903,16.952534141533903,0.012058985233306885,1.0
3394,0.5954574200062857,14.781060085658371,14.038330348018073,0.01222463846206665,0.9
3395,0.7263788327159654,17.91632621159816,17.91632621159816,0.01213374137878418,1.0
3396,0.7191207116118401,17.821753086777935,17.821753086777935,0.012172496318817139,1.0
3397,0.6383569495792858,15.22985427499018,15.10128865408046,0.01193859577178955,0.95
3398,0.5930786251686995,16.28257954973531,16.62998444001265,0.012338149547576904,0.9
3399,0.716075425297088,17.894544404050315,17.894544404050315,0.012305057048797608,1.0
3400,0.6614920769559969,19.448178649338292,18.88400823288843,0.012162494659423827,0.95
3401,0.6714329321922073,16.99624703594949,17.07752849158651,0.01188056468963623,0.95
3402,0.6553807635873825,17.341323869486292,16.66791023733638,0.012259650230407714,0.95
3403,0.6293906896472525,17.64904595175206,16.708445547488708,0.01205284595489502,0.95
3404,0.7451318813811174,17.557569741736494,17.557569741736494,0.011978495121002197,1.0
3405,0.5778329053624095,20.44690832608925,20.32511980573204,0.012104499340057372,0.9
3406,0.56784802689886,18.41569348135217,17.77603018400525,0.012280035018920898,0.9
3407,0.5527247143014997,17.915292962246177,17.181255756102367,0.012119102478027343,0.9
3408,0.6316212579717102,13.893914734464849,14.057270705456718,0.012153911590576171,0.95
3409,0.5735698735733779,14.640933152385552,14.314249635176587,0.011869823932647705,0.9
3410,0.7036674471692905,16.555176211269053,16.555176211269053,0.012216126918792725,1.0
3411,0.7612511823025887,15.11639589986485,15.11639589986485,0.011934053897857667,1.0
3412,0.6033095948431437,15.195272010777384,15.282047121815815,0.011992537975311279,0.9
3413,0.6710346554959435,18.011824351235305,18.11260676032997,0.012070715427398682,0.95
3414,0.7043674645254201,16.35823851947205,16.35823851947205,0.01212904453277588,1.0
3415,0.7247803584970376,18.559876176687585,18.559876176687585,0.011974775791168213,1.0
3416,0.5208059576248385,15.769937452787676,16.016209872384206,0.012107694149017334,0.85
3417,0.6429751144354798,16.54276353939742,16.622680172952336,0.012252092361450195,0.95
3418,0.6470625162064997,16.199129461066292,16.411418949505688,0.012140429019927979,0.95
3419,0.7295420976512373,17.724606377139416,17.724606377139416,0.012126827239990234,1.0
3420,0.6713145308031593,16.206415769389103,16.273365840738705,0.012007451057434082,0.95
3421,0.641846797660596,16.89779291213238,17.163540073924477,0.011983633041381836,0.95
3422,0.5571885357171917,17.473954460632875,17.923622390881974,0.012016487121582032,0.9
3423,0.5958489512592164,18.325102888599492,18.25414500434453,0.011840903759002685,0.9
3424,0.5800568314011941,19.058156944383086,18.490583516278242,0.012050497531890868,0.9
3425,0.6399132739809783,18.802469856709724,19.136086938950424,0.012107110023498536,0.95
3426,0.627994081523189,17.567379771215396,17.920660690987326,0.012204253673553466,0.95
3427,0.7408562106832136,17.225821484895494,17.225821484895494,0.012166643142700195,1.0
3428,0.717168132301956,17.768684376742527,17.768684376742527,0.012268316745758057,1.0
3429,0.4941678237211984,16.904334671637827,16.476442695344055,0.01226043701171875,0.85
3430,0.4960736303357365,17.93168700425436,18.436467913471486,0.012280845642089843,0.85
3431,0.6386032085928182,13.784313634986209,13.775499387553955,0.012152540683746337,0.95
3432,0.6663987094830388,15.737415788703057,15.866232425788086,0.012096560001373291,0.95
3433,0.7403102394923351,16.332663385775266,16.332663385775266,0.012199699878692627,1.0
3434,0.6653312391002207,15.785547751873082,15.99739139852515,0.01224827766418457,0.95
3435,0.5557101433608647,17.322350727164,17.563981516094728,0.01232985258102417,0.9
3436,0.7329689988281229,17.42986969218504,17.42986969218504,0.011903810501098632,1.0
3437,0.6574619107614976,15.672111152415408,15.774547715226982,0.011970722675323486,0.95
3438,0.7500151191804211,13.39396721936526,13.39396721936526,0.01210935115814209,1.0
3439,0.7344664376820248,14.707857140936364,14.707857140936364,0.012280356884002686,1.0
3440,0.5691522182098893,15.499027921164009,14.94076424373619,0.012040853500366211,0.9
3441,0.7539474019309098,16.777382048033367,16.777382048033367,0.012011289596557617,1.0
3442,0.5679978122798671,18.189083690567035,18.523372680557472,0.011997926235198974,0.9
3443,0.7576211130077075,16.33804170152511,16.33804170152511,0.01215287446975708,1.0
3444,0.5192688508898053,16.594945207978434,16.04184514497799,0.01247948408126831,0.85
3445,0.6730634521018588,15.411156395132059,15.644713748050998,0.011994624137878418,0.95
3446,0.5672850480654066,18.010036635777404,18.61521934418818,0.012157845497131347,0.9
3447,0.6375656889234956,18.78437849719782,17.864333097647858,0.012008750438690185,0.95
3448,0.7174312995717338,16.59945937084884,16.59945937084884,0.011948859691619873,1.0
3449,0.7462843799765128,13.805338644095894,13.805338644095894,0.012085247039794921,1.0
3450,0.7291050776552103,17.421878556347192,17.421878556347192,0.012140226364135743,1.0
3451,0.7496918629875925,17.277985358111444,17.277985358111444,0.012171030044555664,1.0
3452,0.6634885674869297,18.613062474230826,18.728469130032018,0.01224597692489624,0.95
3453,0.7437217290612265,15.42511366094151,15.42511366094151,0.012189221382141114,1.0
3454,0.6387679813325328,17.943878197493547,18.275351744987965,0.01206878423690796,0.95
3455,0.663606270624293,16.9315937729959,17.194757763740856,0.012017774581909179,0.95
3456,0.6997946428139075,16.496498057609724,16.496498057609724,0.012214112281799316,1.0
3457,0.6830486618393808,16.250031845411662,16.250031845411662,0.012106430530548096,1.0
3458,0.5692221163462784,16.81460451172761,17.27356642299959,0.01224222183227539,0.9
3459,0.6215040341991039,15.856954656298665,15.589215523216122,0.0119803786277771,0.95
3460,0.7124687636406583,19.11984933750463,19.11984933750463,0.012024438381195069,1.0
3461,0.6658765653804771,15.796848276017275,15.903710119015514,0.012181544303894043,0.95
3462,0.7257619603920863,14.561385877667167,14.561385877667167,0.011987388134002686,1.0
3463,0.6736292068010908,14.620219678036335,14.86290771416456,0.01233370304107666,0.95
3464,0.5765147108881333,15.906560731178715,16.121453022310607,0.012180173397064209,0.9
3465,0.632891183782809,15.836087173769249,15.73816922661808,0.01253105401992798,0.95
3466,0.567482297196779,15.118716825863004,15.3597589796085,0.012245547771453858,0.9
3467,0.6245050397611597,16.81743237139842,16.881080603296954,0.012131881713867188,0.95
3468,0.6487342350066758,18.350510955202118,18.495697307944422,0.012211644649505615,0.95
3469,0.6575074382329794,14.375975541013236,14.495309205162362,0.01225435733795166,0.95
3470,0.5648040126146133,16.38952722387845,16.275736784171606,0.01202843189239502,0.9
3471,0.7275744330491343,16.753024777961766,16.753024777961766,0.011967289447784423,1.0
3472,0.5218239826430983,16.955297747696804,16.491363787919084,0.012182533740997314,0.85
3473,0.5392658443086018,14.524146469248123,14.716473388372627,0.012103140354156494,0.9
3474,0.7479524744494526,15.535907852211192,15.535907852211192,0.012146246433258057,1.0
3475,0.6607015904361104,17.704932022439372,16.976343633637395,0.012245547771453858,0.95
3476,0.72503211409116,16.00372625719713,16.00372625719713,0.01221153736114502,1.0
3477,0.7354401679376273,17.04516742203675,17.04516742203675,0.012442564964294434,1.0
3478,0.7021884450800162,17.041443002990654,17.041443002990654,0.011836433410644531,1.0
3479,0.7401379133147155,15.640381827192016,15.640381827192016,0.012038505077362061,1.0
3480,0.662635289449093,16.501136248768315,16.763016509374864,0.012085747718811036,0.95
3481,0.74124227085097,13.894607277110703,13.894607277110703,0.012022304534912109,1.0
3482,0.5577929871457986,14.598077459002221,14.757852368472065,0.012142109870910644,0.9
3483,0.43945734882937354,15.20024798744186,14.005435144556195,0.01216214895248413,0.8
3484,0.6424645006154751,16.22673086617505,16.37565303978541,0.012032115459442138,0.95
3485,0.5291787606446303,17.060954275775686,17.49307177623762,0.011998844146728516,0.9
3486,0.6406919826832735,19.009586822531475,19.38817383526635,0.012574601173400878,0.95
3487,0.6274867083196904,15.157511907658824,15.288968846956116,0.012058424949645995,0.95
3488,0.5645411739421542,20.309211670881812,19.746115412685906,0.01227877140045166,0.9
3489,0.5052609493321271,17.5529865302447,17.183848949351873,0.012277758121490479,0.85
3490,0.7166261092070874,14.421055325694846,14.421055325694846,0.012015247344970703,1.0
3491,0.7183426532728336,18.189118036115353,18.189118036115353,0.01210719347000122,1.0
3492,0.6417145090323431,15.167846686156684,14.893261394392722,0.01218332052230835,0.95
3493,0.7184472387293994,14.573666388534116,14.573666388534116,0.012202894687652588,1.0
