request_idx,reward,latency_all,latency_success,processing_time,success
30,0.5570638055025599,20.137306766778313,20.579166900288755,0.009350943565368652,0.85
31,0.4817176600640118,20.939917183574135,21.041560924936817,0.00922088623046875,0.8
32,0.7234815074929981,21.263525144699358,21.558194547096576,0.009219992160797118,0.95
33,0.6420683865638329,20.57411541128578,20.7620620213231,0.009187257289886475,0.9
34,0.3040761578968962,20.993442431226214,22.208431701802738,0.009142518043518066,0.7
35,0.44181337902013834,20.515145095972464,20.008885833279493,0.00904911756515503,0.8
36,0.4070846314386345,20.96282934933998,22.412122973420654,0.009357261657714843,0.75
37,0.5741686711445919,21.8371757309862,22.259632350672554,0.009095454216003418,0.85
38,0.13738135160477286,17.935781694687165,18.725748649351925,0.009353792667388916,0.6
39,0.5591500366949406,20.85606613075611,21.05559998329285,0.008812880516052246,0.85
40,0.22734910361292987,20.0764131748005,20.92512906590289,0.009583365917205811,0.65
41,0.5680422152211541,20.615935015790605,21.305677363476693,0.008805739879608154,0.85
42,0.6656594715230895,20.340127440084224,20.484268315529448,0.00913536548614502,0.9
43,0.6389112643037033,19.678526234029114,19.989441552390822,0.009153306484222412,0.9
44,0.7422982687325687,23.171471648237997,23.484643124773857,0.009316360950469971,0.95
45,0.3076447286209291,21.46037790845508,22.00088541582383,0.009028220176696777,0.7
46,0.7259872298621453,23.07976544766135,23.283201518550953,0.009151887893676759,0.95
47,0.45820400527434335,23.19940610671562,23.12173847924066,0.00945655107498169,0.8
48,0.5386728042586506,21.96631748227761,21.993759659650685,0.009225249290466309,0.85
49,0.48395400895467544,20.49915967926527,20.874540440611863,0.009228241443634034,0.8
50,0.22642139824345775,21.87772718372657,24.637652839549727,0.009479713439941407,0.65
51,0.36364064981205313,19.932885406084573,19.002677623908394,0.009517669677734375,0.75
52,0.808886149258185,20.987223869928187,20.987223869928187,0.009705805778503418,1.0
53,0.43219088412603507,26.61409615154663,22.177359819030137,0.0097275972366333,0.8
54,0.4402278966939305,21.060534844445975,21.902518822870576,0.009740936756134033,0.8
55,0.4416231415634136,25.219790286772078,19.770407783668492,0.009279632568359375,0.8
56,0.625402724006255,21.083233665161792,21.016786457928603,0.008853447437286378,0.9
57,0.29609057029288743,20.435287548139705,20.040417653106946,0.008689391613006591,0.7
58,0.4684774649039448,20.290115612654546,19.938842006044062,0.009082376956939697,0.8
59,0.45346255244221406,26.891155401378075,23.140779088592797,0.010267722606658935,0.8
60,0.2925049556400675,24.20586359088081,20.227186975920198,0.010215330123901366,0.7
61,0.7073215943284932,25.340188220371736,20.850371373134408,0.010379540920257568,0.95
62,0.6055913077668735,28.04216826429812,29.741874847813083,0.010774016380310059,0.9
63,0.663354818146867,22.347962996807702,22.65218106626138,0.010696184635162354,0.95
64,0.2602535676879187,30.929256118247757,21.360944509427984,0.010629355907440186,0.7
65,0.23599589686086145,25.088450555515006,20.993918341278178,0.01039663553237915,0.7
66,0.49934782088687724,19.59143179218221,19.296705897053435,0.01032506227493286,0.85
67,0.21309942509880297,24.380545467468405,20.752674804932436,0.009581339359283448,0.65
68,0.4871705180327912,37.87168627732894,30.16912089442481,0.009365880489349365,0.85
69,0.5702755182871767,22.514618919429275,17.326376830178862,0.009288060665130615,0.85
70,0.3263793267736865,32.46204936291214,30.21934786278177,0.009280145168304443,0.75
71,0.5943540954717734,27.444216350179175,28.77946141711856,0.009632480144500733,0.9
72,0.5494810425343044,34.23507228726596,35.76808750620209,0.009523582458496094,0.9
73,0.1786672599912666,38.58250574427861,27.585584680496726,0.00947742462158203,0.65
74,0.4259874197278834,36.07450035704851,21.25620193262862,0.009202063083648682,0.8
75,0.32541854040875706,37.73208564058278,24.877642404951896,0.009231436252593993,0.75
76,0.23273026369240357,37.70279918777216,40.42740088692614,0.009418237209320068,0.7
77,0.30744498005940557,42.903067288226765,38.35772024233814,0.009357166290283204,0.75
78,0.5262230643455037,35.99717148270828,27.140448878838672,0.009804987907409668,0.85
79,0.25721313125333906,39.24653442226115,26.585987926276825,0.009837746620178223,0.7
80,0.25720624526080094,36.85914295561839,22.94391875812018,0.009733617305755615,0.7
81,0.36451915520373956,44.07946296546218,37.67172113534013,0.009784448146820068,0.8
82,0.4881120837836992,34.21657522808006,31.613400469940856,0.008977711200714111,0.85
83,0.27064067932620045,48.15845062729498,38.28206121528836,0.009336984157562256,0.75
84,0.2183311957409176,48.920428989371786,49.430089602792485,0.009147906303405761,0.7
85,0.5063213035448545,31.327591988005395,27.656702770316723,0.009186458587646485,0.85
86,0.3454672492554618,32.465722021579595,31.260590804544922,0.00898815393447876,0.75
87,0.13244608931945842,47.74628478122898,42.321381486317364,0.00931922197341919,0.65
88,0.23963114199184798,37.44221693749825,32.20126711104784,0.009236490726470948,0.7
89,0.6683141159144625,34.932367626913354,30.854649831621934,0.009315836429595947,0.95
90,0.5535219360865121,30.47942488409949,26.764130169792754,0.010165393352508545,0.9
91,0.14744553182462974,43.66528575450537,36.09632680181901,0.010017931461334229,0.65
92,0.1833293257357585,51.299062761736955,37.89692693800974,0.009932112693786622,0.7
93,0.3465053949804705,33.12924188276273,31.17724620804524,0.00954951047897339,0.75
94,0.23138126965331973,35.424424856202116,21.757564257101155,0.009133625030517577,0.7
95,0.2301868262702838,38.28736042155383,32.93746517488275,0.009201490879058838,0.7
96,0.34724561036768153,33.35271994899419,17.89481978080463,0.009869527816772462,0.75
97,0.25449989307705734,39.5349970759545,39.39263430731956,0.008975493907928466,0.7
98,0.20864318148543606,44.516684081496216,25.48005897558117,0.009293341636657714,0.7
99,0.24744407292971485,52.77403939816996,37.4935838093022,0.00953080654144287,0.75
100,0.27788680159919155,48.7641951039321,39.38929446743391,0.009679722785949706,0.75
101,0.2784713430805129,27.548679717465205,18.904129237914525,0.00973902940750122,0.7
102,-0.18023044284385809,61.82709083324856,37.612914868170684,0.009927165508270264,0.5
103,0.283024920892188,49.64530156561667,34.91054639098514,0.009431779384613037,0.75
104,0.5013010057576557,28.8413393394083,24.98044495612849,0.009489035606384278,0.85
105,0.09576528696895967,32.96588039385077,26.53111262926178,0.00921865701675415,0.6
106,0.39693093407712576,39.75681273982648,33.329899586198984,0.009089827537536621,0.8
107,0.26192851639137105,52.78132068352966,57.97383137001254,0.00934971570968628,0.75
108,0.5068350610068846,30.186335924287953,32.23370340713499,0.009066617488861084,0.85
109,0.11710186465646548,72.90146992059691,61.31496458303001,0.009632754325866699,0.7
110,0.007270423164190742,59.04573465883995,51.745236306176785,0.009337544441223145,0.6
111,0.17179013532826548,52.537676393165746,52.619664417091165,0.00947960615158081,0.7
112,0.11121875818314356,54.541267623507295,43.217332123405626,0.00969778299331665,0.65
113,0.340346098348549,44.541924296562236,33.4682829777613,0.010114920139312745,0.75
114,0.3231914468398747,43.08455104963194,32.80185730170545,0.00986177921295166,0.75
115,0.10688906728113992,54.675196511974605,52.67033926429585,0.010123300552368163,0.65
116,0.20955794438333175,53.86761849103891,55.015586326618724,0.00989903211593628,0.7
117,0.040966801601136346,55.93583571730478,30.55220053703877,0.009999406337738038,0.6
118,0.47056223762791605,45.45280368798586,44.761087136972556,0.009430575370788574,0.85
119,0.20578245104057263,55.33102304293984,43.099642850744495,0.010315048694610595,0.7
120,-0.12957931460544683,53.60943796075403,29.537693450404213,0.009875237941741943,0.5
121,0.4143812060506765,43.261714301843554,31.736427827410687,0.010661840438842773,0.8
122,0.07067647028717486,47.514663359075385,26.156853729819503,0.009892380237579346,0.6
123,0.36539230008958923,37.00490310935034,31.162065687452802,0.009461867809295654,0.75
124,0.3642119618217735,37.72163017286485,24.71771581393331,0.009933793544769287,0.75
125,0.39261453823337344,41.22494386752885,28.973363115553614,0.01004331111907959,0.8
126,0.24653353515603812,48.10072970644499,33.838624177609425,0.009623897075653077,0.7
127,-0.06276632038968555,36.572175899808215,27.58833574595034,0.010022878646850586,0.5
128,0.13719389581650882,52.26071046788324,39.21350917190262,0.010048818588256837,0.65
129,0.3634313043785339,48.545911893745725,38.67123790564638,0.00956343412399292,0.8
130,0.2368879120780769,38.81009804433641,40.43931944161443,0.010404753684997558,0.7
131,0.19272312277544126,41.74995884208255,41.38549088464045,0.010829830169677734,0.65
132,0.1394067574834817,52.18868854953489,34.20895151801958,0.010546469688415527,0.65
133,-0.04773964958627895,45.26207225275734,16.083209167002465,0.010077905654907227,0.55
134,0.3079570902899088,51.44165176163666,37.58505318407124,0.010029923915863038,0.75
135,0.45692625676985577,37.497769674324616,29.983244373789912,0.009631383419036865,0.8
136,0.376346399291833,48.58706420659503,44.67541559123086,0.008832311630249024,0.8
137,0.31012209374571464,28.652213767297233,27.635910807259727,0.010011899471282958,0.7
138,0.259577179532578,51.798449474841185,37.08537705414703,0.009574878215789794,0.75
139,0.1084958897821084,32.32395083119631,22.7727465130836,0.009213221073150635,0.6
140,0.2222214126898602,27.545379001811114,15.65325136066486,0.010714471340179443,0.65
141,0.24010586851587115,41.64545491894238,24.368230590829285,0.00997333526611328,0.7
142,0.5281337674957498,38.026496951138014,41.549021757727424,0.009499835968017577,0.85
143,0.546482040788933,32.188451959956424,33.91731253684589,0.009524297714233399,0.85
144,0.6575525713240153,23.752352726888937,24.597102447664245,0.009781455993652344,0.9
145,0.6080107293276039,34.04635352137304,24.555287298695337,0.010245609283447265,0.9
146,0.6205890917327185,38.04292529259299,34.19275712552181,0.010274434089660644,0.9
147,0.48715259449416826,43.909359125025794,42.58033794541177,0.009842002391815185,0.85
148,0.33749764309804575,23.404709799604216,26.516592991518333,0.00976952314376831,0.7
149,0.4632634203713802,24.075956147160245,25.50514253192363,0.00898510217666626,0.8
150,0.41021181576560517,21.88833277755618,17.149101644485423,0.00956023931503296,0.75
151,0.5408657826427075,29.12806289874008,30.812069182053467,0.009816181659698487,0.85
152,0.49334025171258017,23.228259375393574,18.75751937221333,0.009396350383758545,0.8
153,0.4642110439660104,35.0013554910346,27.11982794598861,0.01028742790222168,0.8
154,0.6102725127057689,31.89427737375553,33.48917959281672,0.00949314832687378,0.9
155,0.5795732570210997,37.8131437390423,39.91829449986951,0.00951026678085327,0.9
156,0.3844042255445001,27.83490021334985,24.83210299249131,0.009532928466796875,0.75
157,0.18576007209992723,24.077035669512732,17.860094799584978,0.009134829044342041,0.65
158,0.3889123697177068,34.55744758835411,25.123560112176346,0.010092985630035401,0.8
159,0.25167934576006984,37.246031753839034,24.22619856293821,0.009411787986755371,0.7
160,0.4298250510392266,38.36541871502823,31.64073235069352,0.009488832950592042,0.8
161,0.5736226874255334,20.317911482013653,21.03047971742251,0.009670627117156983,0.85
162,0.2559846923968171,29.091358340940495,34.05873344112666,0.010061848163604736,0.7
163,0.5957431841470797,23.345040997095758,18.669587042243325,0.009681153297424316,0.85
164,0.5972708783659458,24.348506031988773,24.877656845241336,0.009073781967163085,0.85
165,0.215574893194527,20.095537166310596,21.28546042214784,0.009469473361968994,0.65
166,0.2432869680915449,21.692027476027185,17.11626618748253,0.009076404571533202,0.65
167,0.19706924631250816,28.158660291713215,25.285209160443944,0.00922544002532959,0.65
168,0.27956034102078986,33.85569169600937,26.032366598922202,0.009679889678955078,0.7
169,0.23849256381484082,25.886084567760054,21.442120457512853,0.009019565582275391,0.65
170,0.26244626139473864,39.736279465296874,34.0972232345921,0.009279024600982667,0.7
171,0.7692719135731371,17.36937404322997,17.359932736120683,0.008894598484039307,0.95
172,0.28570025375993724,41.90491278329915,32.573973843232714,0.009606599807739258,0.7
173,0.10247187626188263,36.00944019485707,25.054055652858395,0.010383105278015137,0.6
174,0.5092726703800761,22.833708963980563,17.56001241673306,0.010301768779754639,0.8
175,0.2810076235530983,34.209301441475844,19.96341383839479,0.010239946842193603,0.7
176,0.3483295170853347,22.694663537429722,24.760620115566724,0.010258805751800538,0.7
177,0.21494215575228,48.280011211895655,52.954454420020916,0.00971064567565918,0.7
178,0.49675336886276666,26.089040945831538,21.299526867776375,0.008739829063415527,0.8
179,0.4547099907253681,38.17963396072604,31.117119795955205,0.009134352207183838,0.8
180,0.4315849947623908,35.16527046427357,26.368061007287803,0.009568846225738526,0.8
181,0.4026069959525957,28.48061021439687,26.27081593892158,0.009334206581115723,0.75
182,0.39921587686977966,27.15529160209398,16.942988218567436,0.009477949142456055,0.75
183,0.6176586214173138,30.773402606304188,32.029396792481826,0.009063363075256348,0.9
184,0.5930938786833967,38.09159372327444,34.27984918506228,0.008813393115997315,0.9
185,0.13415801427020396,30.74309018692412,30.008625602968795,0.009232187271118164,0.6
186,0.3045664730757077,29.183439275402264,27.702804307732347,0.00989968776702881,0.7
187,0.4435054485481372,19.843000299720494,14.04673163265492,0.00955289602279663,0.75
188,0.3901503962947309,27.994262048352983,32.02020031636515,0.01030060052871704,0.75
189,0.3753906712449032,26.402490427530388,22.954953648831044,0.010003149509429932,0.75
190,0.5520620572140522,24.129602033381424,25.22425076462354,0.010235106945037842,0.85
191,0.6461286521894836,26.54300042587759,22.19383822346839,0.009851336479187012,0.9
192,0.5754081580967498,25.284150788365903,27.146914297129904,0.009366154670715332,0.85
193,0.6335283542880958,29.881601075072552,31.235088450242635,0.00938338041305542,0.9
194,0.33041103193536897,25.940720973898028,20.845361004406527,0.01006697416305542,0.7
195,0.41964937088756055,25.100771002726425,24.321870675508105,0.009667289257049561,0.75
196,0.7206001982028427,31.012224039775127,31.441617223138838,0.00920494794845581,0.95
197,0.2027996678329847,27.598922495394504,25.35727937867868,0.009389221668243408,0.65
198,0.644852157397124,29.458860874976097,25.46225136631889,0.009035921096801758,0.9
199,0.44183842006551827,24.114064964769792,18.471755413085464,0.009013664722442628,0.75
200,-0.031083436853175262,45.92881802634999,30.392522681848888,0.00938032865524292,0.55
201,0.424011669757358,28.1210754652031,24.160390091358103,0.009742236137390137,0.75
202,0.6040757711987627,23.73956500988179,24.700483769905404,0.008895909786224366,0.85
203,0.7205166915463174,30.038205674422272,30.723237359325953,0.009008347988128662,0.95
204,0.554809928611845,38.237411134271255,30.06402019789857,0.009007716178894043,0.85
205,0.253860996784477,22.793277226110934,17.237743943416685,0.00952305793762207,0.65
206,0.5312272096215477,19.95161211013466,20.417037338633506,0.009662950038909912,0.8
207,0.6088454084583161,17.24424207205253,17.34371947598701,0.009854936599731445,0.85
208,0.39388094914938165,34.8084959013447,20.25936712843371,0.008831334114074708,0.75
209,0.24178070840833019,37.73059697687632,42.85375615411933,0.008925306797027587,0.7
210,0.4582762346780849,32.67097514546114,29.304181607234625,0.009279727935791016,0.8
211,0.5296998943699636,37.635518572406895,34.90221314915908,0.009530246257781982,0.85
212,0.5242538285706233,35.48876962755334,27.19912212401864,0.010456681251525879,0.85
213,0.24600954849830775,28.84536859365543,27.57326994373475,0.01008756160736084,0.65
214,0.29777511598011547,34.739735245624956,35.80666098860991,0.00991758108139038,0.7
215,0.6108816232276812,19.35719133046257,18.498108342270402,0.009475862979888916,0.85
216,0.47782185205601985,27.665356744744543,24.153622570081932,0.010188913345336914,0.8
217,0.48805496365546547,33.36718723768891,31.127393181464207,0.00988997220993042,0.8
218,0.40965144918427737,29.48047035796484,20.328427705287027,0.009334933757781983,0.75
219,0.6428870862160927,31.185827839152132,27.281489418340918,0.009650659561157227,0.9
220,0.5564317597428875,31.553073517677053,28.06374803552115,0.008972513675689697,0.85
221,0.2925884097299674,35.52131630990077,19.914417234255694,0.009284567832946778,0.7
222,0.44041993450707384,37.62923298055376,42.21188914596591,0.009735453128814697,0.8
223,0.1897192736018021,34.299917172135295,27.93008856199876,0.009933960437774659,0.65
224,-0.003759505434195448,38.75431569267848,27.555835121451533,0.01004171371459961,0.55
225,0.4840662794706854,28.563515664243756,25.898894675597656,0.00946345329284668,0.8
226,0.7326003443287353,28.622714502165525,24.096130709671893,0.009767746925354004,0.95
227,0.4293434923873719,17.225768822785877,17.612233116435153,0.009907901287078857,0.75
228,0.032911735402261194,38.48190755708056,17.30160898087952,0.00967257022857666,0.55
229,0.438626514587016,33.51143034617022,31.56964532401284,0.009478104114532471,0.8
230,0.0954348013514417,33.95839010901116,25.350741955123393,0.009553349018096924,0.6
231,0.27987738845374033,33.922891946474195,33.60891117960206,0.009594142436981201,0.7
232,0.5559752197910275,24.49560485259529,25.411026690650434,0.00908522605895996,0.85
233,0.4223861335809843,20.597081169890284,21.803168632332813,0.009071660041809083,0.75
234,0.4493334240667643,30.79139936643824,21.869721529517086,0.009342539310455322,0.8
235,0.4037507091118808,27.79875816287579,25.190908501062733,0.008938777446746825,0.75
236,0.6743071484469169,23.96650440327763,24.42595560984286,0.009537279605865479,0.9
237,0.518610021948627,37.727409558150114,35.26418655666058,0.009851443767547607,0.85
238,0.19223508446964516,37.80523377389228,33.44970589290595,0.009296095371246338,0.65
239,0.2812918031365778,32.49950638194433,31.875892571057527,0.008962392807006836,0.7
240,0.2936161092677031,32.536702094666616,17.193417678668613,0.009390699863433837,0.7
241,0.4323425629773787,34.18160571301745,26.214343658543733,0.008933496475219727,0.8
242,0.3873804932373006,27.10646469815965,24.489031576268044,0.0093414306640625,0.75
243,0.5504455212121468,23.916030694362433,25.569201211158468,0.009484446048736573,0.85
244,0.565173796644661,19.894572000698556,19.064734606194282,0.00931720733642578,0.85
245,0.19689216793202471,36.00677406354494,24.077095374299066,0.009775400161743164,0.65
246,0.33083852448266593,44.5862248415033,28.023677893142153,0.009553956985473632,0.75
247,0.4675610039544072,35.42055867835741,22.27783371848081,0.009586632251739502,0.8
248,0.2545529421991515,40.03366147408673,27.616775384855192,0.009591019153594971,0.7
249,0.2627702812964884,34.67930946993965,20.43452038656267,0.009319555759429932,0.7
250,0.37878154908452594,36.05414936759765,33.85887792506341,0.009228718280792237,0.75
251,0.6098603020809623,39.970406759781625,31.386475328282863,0.009382641315460205,0.9
252,0.26499156861583745,34.43611178996045,33.70199613606362,0.009134352207183838,0.7
253,0.11034572091585426,41.979724647544074,27.748430654410686,0.009142470359802247,0.6
254,0.4691867732413167,22.657017268190856,23.96615534149914,0.008905518054962158,0.8
255,0.21852403901058529,32.17336056416033,25.582061689917168,0.009143149852752686,0.65
256,0.45257162011744745,34.140438881420394,31.12855678230811,0.009168875217437745,0.8
257,0.5488596932506649,29.23014628060227,31.01669287035847,0.008833098411560058,0.85
258,0.40830035246115254,24.744028271318687,25.748613008678372,0.008848249912261963,0.75
259,0.594456850482356,24.483178691313356,20.59403966034926,0.00935351848602295,0.85
260,0.42297964286422396,23.944437157825625,18.100542718694793,0.0092116117477417,0.75
261,0.45546500466636175,28.278816724456654,29.134478629111904,0.009016430377960205,0.8
262,0.15178116373176304,22.49996239355777,18.28225099388531,0.009781944751739501,0.6
263,0.5051327926066776,23.790512636221475,19.19773929434734,0.009781897068023682,0.8
264,0.4103167598984827,30.659439229790433,27.98109609227935,0.009390592575073242,0.75
265,0.5510961272935256,29.76825117646316,25.6004928743063,0.008942270278930664,0.85
266,0.5783602251417942,30.902974163772534,26.270602261959766,0.009191620349884033,0.85
267,0.48074668348768623,31.02599095253826,28.136453554727876,0.009692680835723878,0.8
268,0.37349023914370144,33.95438246098006,26.74707527840386,0.009946298599243165,0.75
269,0.6046961729120958,28.192474679586525,23.565839945485408,0.00995962619781494,0.85
270,0.539611143536838,33.070222106915345,35.30550651735666,0.008948397636413575,0.85
271,0.527038917308029,23.925566007425584,25.824487841947676,0.009138774871826173,0.8
272,0.2529731031029479,27.791235806655102,16.47897665187622,0.008865141868591308,0.65
273,0.26196244308126665,32.427021857484974,16.39180980375167,0.00903151035308838,0.7
274,0.5777089838460336,27.787523422212494,30.032775704231923,0.00941826105117798,0.85
275,0.37107776474319865,34.24847939205047,33.25223040475576,0.00936586856842041,0.75
276,0.5545371520162974,35.82853693362304,26.04335397865425,0.00902087688446045,0.85
277,0.36547698274156454,33.931890176568636,30.991173106483277,0.009608423709869385,0.75
278,0.15973296844223195,42.42111024060993,25.305812543341283,0.00978320837020874,0.65
279,0.4765845589902541,28.577899347777958,24.671660367122442,0.010074460506439209,0.8
280,0.39443812210723694,43.71457118533217,38.882168740246755,0.009491491317749023,0.8
281,0.19242242346957342,38.606952294759544,35.38742229329273,0.009518623352050781,0.65
282,0.2517471300513948,43.33797658787383,40.0094078133359,0.00997471809387207,0.7
283,0.39140138540652125,28.535743841764326,25.68725503941425,0.009826576709747315,0.75
284,0.5963272261076702,37.4234925614993,39.44222087720227,0.009769856929779053,0.9
285,0.15026445587695175,43.477376077242084,34.05524456321586,0.009299230575561524,0.65
286,0.535011931688209,24.175586367959625,25.459544086040697,0.009635818004608155,0.85
287,0.4506351143877236,37.47436780733399,24.031030843044064,0.009363889694213867,0.8
288,0.315376872792749,19.01991309582053,18.60042486684861,0.009209096431732178,0.7
289,0.5666335016775277,31.42171395589866,33.690276370206035,0.009378623962402344,0.85
290,0.46942772512219505,36.32567617434644,33.05824257994767,0.009155344963073731,0.8
291,0.45259414562887945,35.379616721302575,38.51373464508043,0.008753955364227295,0.8
292,0.3310841316651517,46.078018004392774,35.87401540010795,0.00991208553314209,0.75
293,-0.06255291929935229,41.08259878840095,18.262036800959326,0.010225284099578857,0.5
294,0.27633020442914785,43.413594216415184,17.807375907923937,0.010369360446929932,0.7
295,0.7263053687095109,29.60230924544438,30.180809664226018,0.010109281539916993,0.95
296,0.5155732715857002,39.205450207953376,31.491181482550928,0.010633766651153564,0.85
297,0.4187504894177042,39.178500142662315,26.193986941452877,0.009332525730133056,0.8
298,0.48501669263087893,28.852918566855173,19.607122342722167,0.00952214002609253,0.8
299,0.3782383233560012,39.30850463649493,32.44901842208126,0.009080064296722413,0.75
300,0.6082547568802525,23.445198425637432,18.1820311164947,0.008973491191864014,0.85
301,0.6745043133303816,28.909795627339896,25.002404005245747,0.009752118587493896,0.9
302,0.5594121242013685,30.10021588225352,32.32974188435107,0.009347629547119141,0.85
303,0.6624281034665346,22.673579028728618,23.33722580536252,0.009891378879547118,0.9
304,0.43470106788459545,38.14067695940315,25.1331470307751,0.010369312763214112,0.8
305,0.6109172138678607,35.31607067396844,37.299132190953756,0.01029442548751831,0.9
306,0.39825671774771193,34.022533925436534,19.02024626096297,0.009886455535888673,0.75
307,0.6771396193463438,29.980985538863376,25.50540147104762,0.009062838554382325,0.9
308,0.19029844342791707,42.76506342176634,35.394457182002164,0.009583079814910888,0.65
309,0.4996039512890954,23.579556568253672,24.951824101668592,0.009665894508361816,0.8
310,0.1762654220999995,44.75121990295519,21.23275959420734,0.00960007905960083,0.65
311,0.48256125356160184,48.82029212244068,36.718584014790345,0.009571945667266846,0.85
312,0.3162387695620527,33.60330771721267,32.904399684961916,0.009433484077453614,0.7
313,0.48811674422447693,27.742812454787988,24.631952648158858,0.009179496765136718,0.8
314,0.37417082324138506,26.437451799494436,23.37969445338441,0.009090006351470947,0.75
315,0.2954007612208502,29.66010472630406,26.34407748401914,0.009372186660766602,0.7
316,0.23402274199836892,45.811220440997815,42.294237546293274,0.009227633476257324,0.7
317,0.5107749943546549,35.31011579680845,30.659989525196867,0.009108734130859376,0.85
318,0.2817223289620439,43.412376533164775,19.082117835545642,0.009284985065460206,0.7
319,0.352917105107401,22.28676293202512,17.44158936221475,0.009713554382324218,0.7
320,0.2865551384360394,37.77143117490469,27.25719502609855,0.009660089015960693,0.7
321,0.5368119594144045,32.104227099067444,28.940437955008633,0.009955906867980957,0.85
322,0.4268105721963133,17.55231464993192,17.261806764861692,0.00946979522705078,0.75
323,0.39331707811505456,32.74797985851323,24.759376707234317,0.009245169162750245,0.75
324,0.3934158402524216,26.132823045360908,20.14906211620805,0.009372437000274658,0.75
325,0.18230036091281893,30.865933174034488,36.469115440664936,0.009367454051971435,0.65
326,0.5346675592154958,33.647587331212094,30.917586521598444,0.009696376323699952,0.85
327,0.5686274208469381,24.077138388286837,18.63546024785575,0.009691858291625976,0.85
328,0.7436655463753593,26.96917335998869,27.467410534891116,0.009466254711151123,0.95
329,0.1816535464855466,37.47357513056069,39.71466156064779,0.009362745285034179,0.65
330,0.29752060058297614,48.72291871117275,46.4948304834273,0.00939096212387085,0.75
331,0.5666047434645471,27.99924516695524,24.782573144382315,0.009066855907440186,0.85
332,0.3504439489672662,41.8707854643546,29.86170111750016,0.008839452266693115,0.75
333,0.5034876314218486,41.26670471117476,39.35768470561311,0.009967660903930664,0.85
334,0.7730562952747948,32.23312898082815,32.23312898082815,0.009268784523010254,1.0
335,0.5280535115924996,45.11488822142008,37.9242424299809,0.009967052936553955,0.85
336,0.31198265818316784,44.9913174160494,26.45104073215405,0.009439039230346679,0.75
337,0.3615629519085989,39.769654055890115,39.46603121817066,0.00910649299621582,0.75
338,0.4582113530383992,38.219726553811725,30.103372194311717,0.009057354927062989,0.8
339,0.4860864201917508,32.184079326706005,29.156482944776798,0.008924722671508789,0.8
340,0.24694068578770745,27.295430132788265,17.745130307412854,0.008521175384521485,0.65
341,0.6108886659177422,46.14523878124901,38.649863474879936,0.009142768383026124,0.9
342,0.2580147781000154,43.4628129396681,34.773421759683174,0.009029138088226318,0.7
343,0.4430697669334015,31.387655428056064,23.617530072922822,0.009494328498840332,0.8
344,0.40363305950528805,32.54764192751436,17.9948558966547,0.00974581241607666,0.75
345,0.30152437915077696,28.789562601646743,33.56675859941267,0.009665679931640626,0.7
346,0.20586122336123588,26.134961787924293,23.03813519816413,0.009076941013336181,0.65
347,0.7169238074673171,30.70500742815178,31.464511012253663,0.010196125507354737,0.95
348,0.4623842928870833,31.041835133695066,27.711500197408363,0.009350359439849854,0.8
349,0.4717600348981681,30.877211221061593,21.19259088975079,0.008677983283996582,0.8
350,0.5257295240699417,31.212525951134978,33.63233650038533,0.008800065517425537,0.85
351,0.45604720958562306,34.19068015701774,25.52047368928492,0.009183955192565919,0.8
352,0.6102386321017713,37.94987583953047,34.85200211663718,0.009484469890594482,0.9
353,0.4520382626984122,33.639057743841306,18.707083374903718,0.009054505825042724,0.8
354,0.2550698063123733,40.836763706156354,31.385193346873866,0.00891718864440918,0.7
355,0.38952088551647723,46.20434154874742,41.744285199762544,0.008859074115753174,0.8
356,0.15736207105724048,34.74390961138867,28.528079843056823,0.009303224086761475,0.65
357,0.5607052124510687,28.974474772512973,24.44865053430285,0.009060323238372803,0.85
358,0.2562941717160039,40.413696854085366,36.1089151859216,0.009020781517028809,0.7
359,0.12684475855812977,39.33030062504744,28.400345084878726,0.009808862209320068,0.6
360,0.28227930401387774,38.81675514640999,27.9598614871956,0.009871268272399902,0.7
361,0.5866359409320812,24.208937508920116,23.989787489518875,0.009705209732055664,0.85
362,0.23288224958632237,33.31246913903308,24.8201060330388,0.01029052734375,0.65
363,0.46014890809836323,31.13335416333461,23.07754901469643,0.00974496603012085,0.8
364,0.17693888318946457,32.95233306278806,40.80071840913423,0.009788787364959717,0.65
365,0.32792306021987216,28.61470584191354,19.840924038386976,0.00968393087387085,0.7
366,0.5021861275651525,27.038447923458733,17.325283214531915,0.009748339653015137,0.8
367,0.0016354524104163048,42.569153577150004,28.985925665408047,0.009170997142791747,0.55
368,0.558327175847631,33.34144751868122,30.84749357531798,0.00921865701675415,0.85
369,0.3012041754417651,23.755995215053712,19.08133054226797,0.009384632110595703,0.7
370,0.11687721534585085,36.99565295071261,26.120195626635763,0.008626115322113038,0.6
371,0.6654708468524035,18.49077388204912,18.489171415102838,0.008728885650634765,0.9
372,0.08946938699161286,42.63734789360974,26.712882741119927,0.009466087818145752,0.6
373,0.5313828915075796,37.98419029200544,35.64601409935935,0.009686791896820068,0.85
374,0.7146677166667107,40.10292671447347,36.351924469583174,0.009875929355621338,0.95
375,0.22679874337673467,32.62647544999904,25.920073729053662,0.01013045310974121,0.65
376,0.648074655272535,33.35523382586437,29.955669261893156,0.009098970890045166,0.9
377,0.6181626400215091,38.90712461681196,30.90993347885309,0.009101033210754395,0.9
378,0.43849813818653693,43.82035707820443,32.21473270973703,0.009493303298950196,0.8
379,0.3318433984658854,39.494135772653365,26.896227997297597,0.009920334815979004,0.75
380,0.5686475732883087,46.24595491811063,43.52620038035096,0.009315896034240722,0.9
381,0.02843844136428785,36.83151490113612,24.97113270096453,0.009437215328216553,0.55
382,0.67301649387527,22.317231983698186,23.186827450474574,0.009327173233032227,0.9
383,0.37263654067799373,33.54168948750845,26.486261316976286,0.009663128852844238,0.75
384,0.4726253545868101,33.2184942219153,31.13639258775752,0.009355497360229493,0.8
385,0.4980892193712455,28.239427603165478,23.29285743975287,0.009775161743164062,0.8
386,0.276123190982575,39.13956239115095,26.121958851572,0.009796404838562011,0.7
387,0.6004024390306225,19.61862637479059,20.21239905717075,0.00931771993637085,0.85
388,0.32641129937279156,39.728966508093826,33.73651441860662,0.008848452568054199,0.75
389,0.3994918088517803,46.744500357664364,41.922698079777476,0.008799540996551513,0.8
390,0.43422636294971434,41.347195902391846,40.675377373733156,0.00889601707458496,0.8
391,0.7064565495664817,22.825014082081218,23.236292198833787,0.00888047218322754,0.9
392,0.6988623787685152,18.234431296482608,18.06584096092303,0.009031867980957032,0.9
393,0.26903629664204,42.570067012632784,32.24989292861721,0.009120678901672364,0.7
394,0.24841679394996147,43.871540437332975,34.94396094167085,0.008862447738647462,0.7
395,0.5527962731963917,48.19850799590843,51.354140337284406,0.008734846115112304,0.9
396,0.3408313894313035,39.66354359339378,46.32009480144927,0.008740866184234619,0.75
397,0.5203077983512878,30.3278959275489,32.73719248734081,0.009230172634124756,0.85
398,0.2055361019738325,37.36417242496925,24.82788422086395,0.00928804874420166,0.65
399,0.39469391411069943,28.61966377650537,23.92477881330112,0.009868907928466796,0.75
400,0.2564425173699777,23.823561194816712,19.781641251556007,0.010604298114776612,0.65
401,0.5766088786416789,22.91360514895328,23.790415501498863,0.009753429889678955,0.85
402,0.45035708783233924,28.8841484307765,25.532372979474548,0.010267114639282227,0.8
403,0.501646659597132,23.60380444907525,24.917001737861995,0.009509050846099853,0.8
404,0.4001280986030212,39.97837080806469,38.60698187529603,0.009254014492034912,0.8
405,0.39846645167370653,28.143449646923436,25.608721610922952,0.009178519248962402,0.75
406,0.40597669925313407,43.37868874131199,37.36163421241366,0.009854781627655029,0.8
407,0.306461844847494,49.84624371755461,47.50754963397947,0.009791266918182374,0.75
408,0.3938790822540544,34.63210396752959,26.758244564883633,0.009565985202789307,0.75
409,0.4344428897445736,37.30035173618646,23.85983647203634,0.009733116626739502,0.8
410,0.29364235382562537,35.74780152626683,24.026453569023115,0.009398150444030761,0.7
411,0.3199325339768432,43.674854298833495,44.919190631193146,0.009403848648071289,0.75
412,0.30311742455860385,26.19930052864827,21.869071467567753,0.009290552139282227,0.7
413,0.34316425765208625,23.808102706229093,25.618079203158658,0.009233152866363526,0.7
414,0.18684612611473095,32.74318586852911,33.11199703857569,0.008842289447784424,0.65
415,0.0696951417542327,22.68663702259587,18.25437086633298,0.009154236316680909,0.55
416,0.7585147451052167,19.99315170860338,20.063192887863003,0.008750402927398681,0.95
417,0.47255018786284364,28.29481790523436,24.975600624486162,0.009188807010650635,0.8
418,0.5142552054485469,43.67880612699813,30.324678850762037,0.009646952152252197,0.85
419,0.5289741787603252,44.07751077394897,41.76252930538457,0.009271323680877686,0.9
420,0.513114305364271,39.740408584575924,37.286370954953384,0.009639358520507813,0.85
421,0.2883227339159394,52.788491466536435,39.87080224271927,0.009734034538269043,0.75
422,0.4898011331507222,39.93617574751706,38.28044349274976,0.009738409519195556,0.85
423,0.24032366077451153,45.12236981305712,41.82645318694319,0.009758234024047852,0.7
424,0.09838353504263646,39.28604856549136,28.64449789994943,0.009075868129730224,0.6
425,0.45454389154113317,30.63638224832378,22.166815865212754,0.009184944629669189,0.8
426,0.35585364166169664,38.1737275118168,32.584460812591416,0.009918808937072754,0.75
427,0.3743984197964747,27.15426671872808,17.347994275214255,0.010592222213745117,0.75
428,0.5086818267814505,44.45051369360112,43.157915588329026,0.010410726070404053,0.85
429,0.4486368207113179,33.973486427254265,20.040480881513012,0.010379838943481445,0.8
430,-0.3781683358543528,53.40515079525197,31.96289501643941,0.009562146663665772,0.35
431,0.37816226234033556,25.409056632566696,28.23501271770946,0.009038197994232177,0.75
432,0.3082388507642476,24.30149461181088,20.351511332967167,0.008985495567321778,0.7
433,0.44347570413778686,42.19995922395409,36.96413396907128,0.008871150016784669,0.8
434,0.6250769971072969,32.25514287971297,28.275914925238133,0.00898040533065796,0.9
435,0.47625736778400024,34.36120547774956,20.41227504070003,0.009117996692657471,0.8
436,0.11310082649908844,32.94411912070225,26.763690184514257,0.008947491645812988,0.6
437,0.4974491870745229,23.717085179950175,25.404628402272387,0.008739733695983886,0.8
438,0.4707558133458513,33.82208474417111,25.27908923514405,0.008965396881103515,0.8
439,0.4923110045531612,22.756994296208763,23.078811256010077,0.010071754455566406,0.8
440,0.5499079697671668,24.56470779549374,24.75655711216763,0.00972665548324585,0.85
441,0.1398784295604295,30.086621269323633,31.171439465128202,0.00951615571975708,0.6
442,0.6709568610289398,23.533622038983083,23.805923278812447,0.010248303413391113,0.9
443,0.27450992882107494,37.88940019667691,32.99112426551629,0.010040509700775146,0.7
444,0.4876783942271333,28.521822337035434,24.69650912077228,0.00975785255432129,0.8
445,0.5300601637540934,32.66230452075507,23.858151219813255,0.010023045539855956,0.85
446,0.6236308831453539,38.41751835595645,35.056685737212916,0.00961761474609375,0.9
447,0.6737628135225524,26.88127027082703,21.104793178507574,0.010341000556945801,0.9
448,0.29377711475057977,32.33132108143505,24.50228463387697,0.009564554691314698,0.7
449,0.4527643508336464,29.923826220254416,32.97328774518659,0.009292340278625489,0.8
450,0.5203552307836665,32.57598492210819,35.298046757242695,0.009389162063598633,0.85
451,0.22018834551260133,44.918688113897595,50.123504537252714,0.0101080060005188,0.7
452,0.3016939617239665,37.987237831806375,37.013749858539796,0.00923222303390503,0.75
453,0.5106611002739373,39.543404766464974,31.69460948633657,0.0099029541015625,0.85
454,0.6353445386025058,34.51805808160935,31.065337582606578,0.009437167644500732,0.9
455,0.5240637186463598,18.49106247576804,19.175766057853327,0.00951312780380249,0.8
456,0.26841561093325594,30.863998247891583,27.104773749558603,0.009981012344360352,0.7
457,0.2352007476106448,45.83178409108474,43.32664949423487,0.009313321113586426,0.7
458,0.5572550402927073,28.19902039317439,30.243416309418095,0.00929255485534668,0.85
459,0.4954034834983266,29.79470410457456,26.499192059815268,0.009268248081207275,0.8
460,0.4169989835400976,39.25124042167418,37.94297009843264,0.008916425704956054,0.8
461,0.4473935030110769,32.61191055344805,23.78816237250394,0.008846735954284668,0.8
462,0.5466715785440547,32.3274540347338,29.557066603543202,0.009013938903808593,0.85
463,-0.025391563448533865,43.01575292834325,44.73401473751279,0.008959519863128661,0.55
464,0.2901475947862373,33.023616748677554,25.64007792987403,0.008776581287384034,0.7
465,0.17016340623022194,37.255654563956476,32.56983786052401,0.009717762470245361,0.65
466,0.4337667771690654,38.513056130622914,37.48971663774097,0.009192371368408203,0.8
467,0.38517133251279295,29.025664198416614,25.22102669644517,0.009763920307159423,0.75
468,0.380307373687504,32.74101951168118,25.127002349276008,0.009301257133483887,0.75
469,0.45636193061955127,36.4620285471736,29.332490372337215,0.00872340202331543,0.8
470,0.536464280199433,39.64917676339358,38.34038172474937,0.008536863327026366,0.85
471,0.23562750981495043,27.762604483475137,26.41706636996666,0.008827435970306396,0.65
472,0.5928760797647519,24.52000446240004,26.082533621241215,0.008600139617919922,0.85
473,0.4749805792413886,31.02270133650287,27.21264136128098,0.008920347690582276,0.8
474,0.29942654310493966,31.509314907492474,23.73868327861663,0.009093594551086426,0.7
475,0.6124590341226466,38.04613609736319,35.07563052927755,0.009342241287231445,0.9
476,0.2231284782292235,44.682848308662976,33.916231266928975,0.009425902366638183,0.7
477,0.665713742688853,28.814737286691685,25.01195200269687,0.009847748279571533,0.9
478,0.24689772014567266,20.39642328396413,22.51638852569651,0.009022057056427002,0.65
479,0.3393699363529408,28.146074840131625,18.580919085336053,0.008821713924407958,0.7
480,0.3261113192901499,44.84399475827538,47.88167404630993,0.009307861328125,0.75
481,0.5003252618332762,27.879032311317285,24.88683963845839,0.009326207637786865,0.8
482,0.3574394525655185,38.73942740490375,25.764956268869085,0.009215438365936279,0.75
483,0.24303759333343847,42.06061862554987,37.87444512141591,0.009088099002838135,0.7
484,0.5973760944986157,24.594536812786174,19.421249854687428,0.00926588773727417,0.85
485,0.2791839931802495,34.57835574828151,27.736497418210117,0.00989842414855957,0.7
486,0.7079034911481085,32.715205821806826,33.3619351982849,0.009610259532928466,0.95
487,0.2046214143949662,31.60485657424462,30.762613146831516,0.009103071689605714,0.65
488,0.494651995924281,27.45056824690868,18.33667436627451,0.009633588790893554,0.8
489,0.6245549486720243,32.76035997579253,34.841658034782235,0.009835398197174073,0.9
490,0.5680284977922764,28.49889240898447,25.627405434710585,0.009635508060455322,0.85
491,0.04308350498939976,54.9276675094617,37.52281812602188,0.01023273468017578,0.6
492,0.4269412564749331,44.36319158035543,33.08403912535371,0.009630715847015381,0.8
493,0.43124113365148836,24.269909614972708,20.590604822838433,0.009386205673217773,0.75
494,0.406932217575943,25.701422941272902,16.207103422836585,0.009595692157745361,0.75
495,0.6931956703291678,32.92324296501131,28.779498943710102,0.009622061252593994,0.95
496,0.5929170556091808,28.888094706602278,24.591339729676772,0.00878763198852539,0.85
497,0.40510775503431856,47.927774776983966,37.23165433644286,0.009412050247192383,0.8
498,0.5206744096094532,43.50825601181931,37.07352632746634,0.00939323902130127,0.85
499,0.6603984633731393,26.652175302249837,22.668186487754937,0.00950608253479004,0.9
500,0.00971675266761588,36.780712606991294,18.086216688985406,0.009558749198913575,0.55
501,0.37855945675072983,49.463977848687236,39.54483378498305,0.009593093395233154,0.8
502,0.39587153776008654,32.19398278997578,30.0420789344159,0.010020923614501954,0.75
503,0.4925533370423688,31.48972718488388,28.934853595196646,0.010270154476165772,0.8
504,0.35702963899787354,33.42438299569226,24.359308013251123,0.010654604434967041,0.75
505,0.4343675360436629,20.339283254000218,20.527854383413498,0.01124187707901001,0.75
506,0.32006944088070133,23.884576171036066,27.17803193578457,0.009564292430877686,0.7
507,0.35802999314339734,23.154731843153087,24.247369817280564,0.009545159339904786,0.75
508,0.2972629442553536,27.59097049452536,19.01294618799212,0.009724462032318115,0.7
509,0.3895593851934101,29.53113538168022,20.144596621688713,0.010155367851257324,0.75
510,0.3746631823304827,33.83295009371286,31.52352673087076,0.009720349311828613,0.75
511,0.6984667949583887,20.309409045469074,19.863100428697223,0.010200798511505127,0.9
512,0.5564930080714205,19.339059149682086,19.333676364640183,0.009669661521911621,0.85
513,0.4252259898163211,23.803297174357812,17.715509845039296,0.009411585330963135,0.75
514,0.5745264827702119,30.797123904460626,21.646183409976718,0.008997654914855957,0.85
515,0.8233259724432713,25.054439682527416,25.054439682527416,0.009505486488342286,1.0
516,0.23225154905116224,33.91421661207835,16.96071561115386,0.009394359588623048,0.65
517,0.3436160386546933,38.000620955343884,42.551884019174956,0.00917513370513916,0.75
518,0.4367644593408856,41.69176973236294,34.56458315472807,0.009405422210693359,0.8
519,0.4409073315945694,33.02528552258966,30.079089048861753,0.00905439853668213,0.8
520,0.34397933142301185,41.46784042185041,40.610092747193306,0.008965766429901123,0.75
521,0.6533788916731987,27.087749653094313,22.51604303369318,0.009113931655883789,0.9
522,0.45345540088313446,38.27273211340186,37.55375657330108,0.008972609043121338,0.8
523,0.6225642066658922,38.50082948585632,30.15140052997238,0.009484004974365235,0.9
524,0.21259104257233402,32.7870747109332,26.761673866525648,0.009553730487823486,0.65
525,0.4437245499095093,34.644157249033526,31.434798419409432,0.009492599964141845,0.8
526,0.5268039710814019,34.325378384717396,25.852506182328188,0.00928032398223877,0.85
527,0.5892461753399213,27.63007263036867,29.436358319382837,0.00925675630569458,0.85
528,0.13216139683900519,29.362558546206127,26.20013626225577,0.009237253665924072,0.6
529,0.4882036019154069,22.46590132404024,23.254565093993225,0.009204995632171632,0.8
530,0.28728896079878796,27.656923205837064,18.472373672445876,0.009013080596923828,0.7
531,0.42329992393832133,23.512372287556573,25.79768993234636,0.009648668766021728,0.75
532,0.7174625217609747,26.943808802199868,22.208164189043888,0.009634530544281006,0.95
533,0.6595962579187875,18.137282623048023,18.090084018571552,0.009488582611083984,0.9
534,0.3621227757018591,20.000912491243046,21.259217284708406,0.009031832218170166,0.7
535,0.3737075220047705,29.147951246482137,25.57135554561174,0.008972525596618652,0.75
536,0.09284082937512343,39.03973329886482,20.214483690081,0.00928497314453125,0.6
537,0.4264474166405511,41.13414374804929,40.50818584801369,0.00926724672317505,0.8
538,0.3609744510005254,24.396168213328114,19.84216686927738,0.008955919742584228,0.75
539,0.5639831560182144,29.87357304038091,32.0629275666108,0.00863502025604248,0.85
540,0.27475493600228107,34.999506512809276,28.677891856295386,0.009639120101928711,0.7
541,0.1642763540812019,42.510736303214046,18.884588371923765,0.009359133243560792,0.65
542,0.7496024545297779,26.333415416355553,22.069327357206124,0.009267985820770264,0.95
543,0.46967441193323944,32.28476786441303,28.855128481683792,0.00981842279434204,0.8
544,0.27987342601268206,59.10356416329804,47.67447548554819,0.009762561321258545,0.75
545,0.23873167197950096,37.564486196518715,24.51495765508341,0.009408724308013917,0.7
546,0.4530223925832808,33.714998849009746,32.303119740857696,0.009863317012786865,0.8
547,0.5717972287427758,22.14718747138331,22.666810300426192,0.009494423866271973,0.85
548,0.5584088335136671,27.494024667486947,28.961100880451166,0.009926629066467286,0.85
549,0.39685665140934473,26.88531939832122,23.361243385060042,0.010462594032287598,0.75
550,0.23660062708757046,38.419838726308186,46.87683058892844,0.009531629085540772,0.7
551,0.1893980602154804,44.38746294632428,28.864822109367406,0.009376287460327148,0.65
552,0.12646878453894256,29.825713561049135,20.37539884079749,0.008825135231018067,0.6
553,0.46558550645565244,32.104859803938695,23.854536806144445,0.009178066253662109,0.8
554,0.5619913127046086,27.09849823005599,28.953371777146938,0.009594392776489259,0.85
555,0.2711589856153318,30.307958268019313,28.293757455191173,0.008754301071166991,0.7
556,0.6594176074162963,24.424666896900828,25.059047879580756,0.009101080894470214,0.9
557,0.325810993952331,30.12186450428905,21.175459613578038,0.009026587009429932,0.7
558,0.4643663113145422,24.278051146455233,24.50459121987629,0.008652043342590333,0.8
559,0.0098898723688074,38.261686698010195,35.98919104158994,0.009846389293670654,0.55
560,0.4129955684767407,38.99593986832683,25.43823558529919,0.010585546493530273,0.8
561,0.5669837965340958,31.51994998847723,28.59062920981539,0.009968900680541992,0.85
562,0.30114664884458825,33.88200323927956,18.68635892448727,0.010139811038970947,0.7
563,0.13969507114311866,48.29547209262858,27.5593926682051,0.009152746200561524,0.65
564,0.17605839933320705,40.66250996534908,29.70728543053245,0.00920259952545166,0.65
565,0.2598521647702298,35.58983845251971,21.89833469185996,0.009144985675811767,0.7
566,0.7170748913779859,26.618752731490105,27.013658824841944,0.008868372440338135,0.95
567,0.6039702072270088,35.61694753930472,31.7884982292094,0.008950126171112061,0.9
568,0.264618415697013,34.35366447560715,41.18977023098809,0.009389710426330567,0.7
569,0.13880741346694692,51.47555101833433,40.20823528236653,0.009581410884857177,0.65
570,0.7198424244453477,33.392940788456045,34.15145916619874,0.009842514991760254,0.95
571,0.2725826525016582,32.97370282686611,33.01411344970182,0.010570359230041505,0.7
572,0.43428914215185915,41.27627916858606,29.51818846141414,0.00982961654663086,0.8
573,0.5359031851856914,35.64586694886647,27.792021796434796,0.009444749355316162,0.85
574,0.34469586622741655,29.466543406030915,33.032289333197845,0.009972286224365235,0.75
575,0.6141928378876698,37.39069404755594,34.39871101422182,0.009636831283569337,0.9
576,0.3036068149804968,39.72176364063277,33.77634067521162,0.009509527683258056,0.75
577,0.27645009491455064,39.25999987994616,41.576621214936914,0.009325683116912842,0.7
578,-0.004021877833981957,29.58045673592776,22.445685207021462,0.010008668899536133,0.5
579,0.2335010345476641,42.43895578178448,38.00930180416975,0.010036635398864745,0.7
580,0.32256961787241145,24.942466928357724,27.218997242450545,0.010067641735076904,0.7
581,0.1931726350187704,39.07502093424621,36.09167843411645,0.01046438217163086,0.65
582,0.17979418088771953,35.3348886361768,27.75021716538706,0.009694314002990723,0.65
583,0.5711334135120846,20.24507636583906,20.86031072856817,0.009067869186401368,0.85
584,0.21588064035553925,24.46593367299379,20.6762651820514,0.008716094493865966,0.65
585,0.1574373997450032,23.666719655331924,26.402105145250772,0.00932852029800415,0.6
586,0.18546885419072331,31.33427539295301,22.69256047233998,0.010448265075683593,0.65
587,0.508422226941677,25.55466452970702,20.26112359141642,0.009693121910095215,0.8
588,0.37827668078878046,33.93626986122514,26.059944534705252,0.009553623199462891,0.75
589,0.5608622751430696,27.93602514662046,29.845879351535494,0.009309828281402588,0.85
590,0.4734549745256304,33.15010499630179,31.293031324400047,0.009700000286102295,0.8
591,0.4302894960863227,32.90979603547102,24.83943419685622,0.010262727737426758,0.8
592,0.5578133429693252,30.137622761302577,26.200147344034818,0.010323452949523925,0.85
593,0.3221718472709876,44.00172419471082,32.84554994084524,0.009917962551116943,0.75
594,0.5207633333630072,34.39129649781797,26.27797861385168,0.009339964389801026,0.85
595,0.13621478421745267,48.26251041356048,41.88970172752765,0.00927588939666748,0.65
596,0.4637843985067124,31.938046126030798,27.880052344992258,0.009494256973266602,0.8
597,0.5331398672991062,38.756004991672825,37.02612157611748,0.009412896633148194,0.85
598,0.3253560800864831,17.92548186821167,18.430754868102657,0.009266889095306397,0.7
599,0.5428459875294273,33.43959502877597,36.402160550851264,0.009258735179901122,0.85
600,0.5664127660105599,28.890544389900924,25.288616883065302,0.009047865867614746,0.85
601,0.6536503365966025,25.348717639122487,26.25032394469379,0.00884699821472168,0.9
602,0.46651179133829335,30.62481146357794,26.81174290025746,0.010166490077972412,0.8
603,0.4159648416105911,38.64224912601172,31.34084507461496,0.009094882011413574,0.8
604,0.23351947307106266,27.956169393287354,18.853462712591096,0.008885324001312256,0.65
605,0.4806478922471489,29.211469263763103,31.597802799751065,0.009497582912445068,0.8
606,0.4756161202967479,21.784313417983295,17.36024810094035,0.009656023979187012,0.8
607,0.2784270487946397,37.41953442489255,32.14898228695632,0.009062051773071289,0.7
608,-0.04292995116469313,20.376878325185753,21.120492860378434,0.010035741329193115,0.5
609,0.2715374754466231,37.32445037578803,17.140054199690653,0.009990954399108886,0.7
610,0.5355202257150966,25.16939546192565,20.58666040749801,0.010206353664398194,0.85
611,0.617870236948653,18.536812126677038,17.60153378628854,0.009165191650390625,0.85
612,0.46728196872364264,28.510727236066764,19.01950953000215,0.009750950336456298,0.8
613,0.5671653031424067,34.310285731290776,31.24220333375468,0.00916130542755127,0.85
614,0.5605938977385454,30.681984062160986,27.439325295072347,0.010040628910064697,0.85
615,0.18208108481285024,38.25766091519421,26.871807990723383,0.00987931489944458,0.65
616,0.45364952979306966,30.082878980396156,32.361534696069185,0.01007704734802246,0.8
617,0.47009340821792556,33.201781903783036,29.430959225808166,0.00948021411895752,0.8
618,0.5881454902563291,22.396697684476976,16.889968995753883,0.00976417064666748,0.85
619,0.3756833041849262,26.814903223161416,16.862547246160787,0.00949019193649292,0.75
620,0.5393745696233745,27.289682892212348,28.202424451792893,0.009444653987884521,0.85
621,0.5679592024468716,28.061310369256226,24.64338433558834,0.009247052669525146,0.85
622,0.6178559191675723,38.822492804553995,36.18239069638625,0.00899754762649536,0.9
623,0.5585286081402066,28.30986739436156,23.47181918698547,0.00934445858001709,0.85
624,0.3280954183279111,21.897320484716296,17.2175986226216,0.009194254875183105,0.7
625,0.5015392441835279,25.41539800351633,21.227490614939505,0.009279298782348632,0.8
626,0.2836430988717437,30.305401354464397,28.98302619825773,0.009692239761352538,0.7
627,0.23080939376820025,34.52705938336611,20.14696151579131,0.009718167781829833,0.65
628,0.5459268205256858,38.43574076355842,35.15853868017669,0.00947742462158203,0.85
629,0.08835137969547033,33.414795367051696,28.071221080854155,0.0089988112449646,0.6
630,0.0033563086982102753,41.4015319228625,25.632016058075102,0.008936595916748048,0.55
631,0.1903293838268459,52.49770966352977,46.77512836437042,0.008751606941223145,0.7
632,0.41906484392019117,48.2409362917898,43.770850730115576,0.00895315408706665,0.8
633,0.5927823573228108,37.86733964654435,40.04356793091245,0.008934009075164794,0.9
634,0.6188325226940842,29.233043647033668,24.930897227445847,0.009314584732055663,0.9
635,0.3547793052669791,29.60820916253906,19.490208069888233,0.009321796894073486,0.7
636,0.722116153355622,30.12225641354151,25.27442763225826,0.00916229486465454,0.95
637,0.46830475205660926,28.948172758806955,19.38689012931868,0.009057533740997315,0.8
638,0.4404506839002164,39.089013248689916,26.172340763991787,0.009314799308776855,0.8
639,-0.01377928224365112,47.86692976322614,27.701461798794856,0.008678507804870606,0.55
640,0.44552909086138826,29.554331744537272,32.431046675663126,0.00934537649154663,0.8
641,0.2813000388212502,28.492075804400685,18.920141958829742,0.009674584865570069,0.7
642,0.2869994382331672,27.842322560057692,25.715032096435788,0.009579265117645263,0.7
643,-0.0738800245390436,57.89044986467428,46.928989986579204,0.009807956218719483,0.55
644,0.03612775815810814,32.56979715943736,16.81929168748817,0.010130846500396728,0.55
645,0.3245871983700787,24.012761857564527,19.024635583968738,0.009934186935424805,0.7
646,0.2837526546075574,25.903125784827402,21.29937648739772,0.009584498405456544,0.7
647,0.6003008180089046,38.26348252989949,40.25644298960222,0.009716951847076416,0.9
648,0.4717881905064999,32.46115715991492,29.419847735976205,0.009655392169952393,0.8
649,0.42367700360420946,28.47775245763082,20.466379203862125,0.010077214241027832,0.75
650,0.008305261382258993,33.745869308091514,20.53849587884264,0.009737825393676758,0.55
651,0.49007637929882203,44.22118446399587,37.25792303952948,0.009222602844238282,0.85
652,0.31723869235833363,29.806846314063925,35.160940964052216,0.009140706062316895,0.7
653,0.24166655838356924,44.46271107929948,35.47596170087929,0.009581995010375977,0.7
654,0.10724939603858515,33.1428099708573,18.519286344591723,0.010194146633148193,0.6
655,0.2675991196134855,39.70189573139881,26.282280812674912,0.009621369838714599,0.7
656,0.358186894159637,32.433517926283,31.593482948823965,0.009795928001403808,0.75
657,0.6762179257307185,26.61234596227992,22.329431601449002,0.009419822692871093,0.9
658,0.3671825299365505,29.488269562140204,33.15680018566541,0.009784817695617676,0.75
659,0.3956640671982292,34.0206903786508,19.803349114807524,0.009134626388549805,0.75
660,0.49788390996772575,44.503219203294286,37.47022910927553,0.009253203868865967,0.85
661,0.3994667876462935,28.017614886635545,25.008867088072645,0.009415745735168457,0.75
662,0.387356795833849,28.798014955874585,31.809850088405273,0.008738446235656738,0.75
663,0.22256650840103065,27.31316016034959,18.60191432459654,0.009346914291381837,0.65
664,0.379897117596012,23.510880947381462,18.322581642553754,0.009567439556121826,0.75
665,0.5099294612139998,23.175284565441846,18.535487605474668,0.009373795986175538,0.8
666,0.29354870118744136,38.76305423837915,25.83060941057295,0.00969468355178833,0.7
667,0.5797205771175076,39.869088202858464,36.83484410966145,0.009692251682281494,0.9
668,0.39685739037220935,40.90233396674778,34.40938481170834,0.00984196662902832,0.8
669,0.49967113890928366,47.927407316972115,36.89324584336538,0.00950620174407959,0.85
670,0.295991707092275,25.67026023823493,28.594885248572915,0.009908521175384521,0.7
671,0.24635457487226722,45.332539232820764,29.473308814182303,0.00960451364517212,0.7
672,0.562923208688578,28.239899567226463,30.17929280170472,0.010308098793029786,0.85
673,0.4528747233568701,33.4303840381069,31.26117050186255,0.009679174423217774,0.8
674,0.37744148867247407,35.20842246037087,34.41567371428808,0.009508955478668212,0.75
675,0.7223597327760803,32.81072276254258,33.4847245358689,0.009446299076080323,0.95
676,0.5314995705423342,30.48620282134011,32.23668462540667,0.009189450740814209,0.85
677,0.25494316722352,30.198975811356245,28.623881037365514,0.009707903861999512,0.7
678,0.6485883256221225,28.183825755957447,24.25166526016703,0.009837973117828368,0.9
679,0.6268942316763322,25.18602064618236,24.991317295323302,0.009770810604095459,0.9
680,0.21474494882306477,28.456002909676933,25.406603240008714,0.009174907207489013,0.65
681,0.7473015168450441,23.361406884811803,23.753321864203187,0.00936737060546875,0.95
682,0.607520583607888,17.382856827494315,17.36555105029401,0.010360467433929443,0.85
683,0.651510007881452,28.73519319313497,29.214051787069057,0.009360229969024659,0.9
684,0.29417846339577947,33.537065511458714,32.836554912832035,0.009851396083831787,0.7
685,0.4936209550315307,20.051503459157566,19.973430132593293,0.010549890995025634,0.8
686,0.39756880197246336,23.703574353489078,25.176844229277133,0.010127663612365723,0.75
687,0.3680843167782746,28.411719198839204,25.32980282967065,0.00972137451171875,0.75
688,0.28301834305235285,28.29765455603872,19.14954676475681,0.010529816150665283,0.7
689,0.5683247884541323,29.077979390229977,25.034840038475032,0.008886277675628662,0.85
690,0.47141794307086304,28.46022619664705,30.942394488006187,0.00931398868560791,0.8
691,0.48389912076712216,28.921095758633406,25.71388551835645,0.00927189588546753,0.8
692,0.6586315301045295,18.70769711759546,17.90907578345832,0.009015285968780517,0.9
693,0.561804069191491,29.983295571855628,26.20706974999182,0.009533345699310303,0.85
694,0.5456270578471804,31.07213357753816,26.522208136436152,0.009690201282501221,0.85
695,0.34426886239186466,36.6171741537186,36.54937181711627,0.009276986122131348,0.75
696,0.3721954880252746,31.653892091111622,29.584347339180834,0.008991646766662597,0.75
697,0.5305929012971691,28.260312615211962,24.092777982043188,0.008845829963684082,0.85
698,0.4489593691293269,26.495035026597282,22.3351560783109,0.00982600450515747,0.8
699,0.3995709847653336,29.33459032543329,26.245042352898977,0.008626115322113038,0.75
700,0.6958805210434178,34.803033105661555,35.57781492886861,0.00836712121963501,0.95
701,0.4159420519668993,24.027425588019078,26.64071832442977,0.008609652519226074,0.75
702,0.6774950837992387,19.13787306138526,19.565626148164053,0.008797919750213623,0.9
703,0.7160474109540589,26.07986869750881,26.45337357814338,0.009464752674102784,0.95
704,0.33594935298735124,28.99603293677123,19.11059011106948,0.00952599048614502,0.7
705,0.40867481631556013,25.37451469765262,19.58917114310181,0.009198427200317383,0.75
706,0.402344158754185,24.843511530637418,26.865926172291932,0.009305024147033691,0.75
707,0.47996560123112353,28.839253720034197,25.801535336960157,0.009394586086273193,0.8
708,0.2994166620233984,30.100239724379712,21.337018702035788,0.009555232524871827,0.7
709,0.46704107334801126,34.34788783358157,31.436816927140917,0.009990370273590088,0.8
710,0.6759273784781555,31.539205976184643,33.23347523031539,0.009908044338226318,0.9
711,0.490847147828082,23.65153188535411,25.638748946138925,0.009769785404205322,0.8
712,0.4647871306643322,34.509681812923034,32.08138333750006,0.009194374084472656,0.8
713,0.2988429397109044,26.29499520000673,23.121367045173592,0.009172403812408447,0.7
714,0.42181677552487445,23.990485938515697,18.739637827827625,0.009356367588043212,0.75
715,0.49490100097063594,24.499240070830588,26.20949951339402,0.009418749809265136,0.8
716,0.5753148503233728,27.870525441124393,23.27737700738148,0.00950005054473877,0.85
717,0.6418587509029597,34.1504106327463,30.201433753524082,0.008956146240234376,0.9
718,0.46139056610357854,28.850456185547852,25.445969083875692,0.009679615497589111,0.8
719,0.6673776847708284,23.024560323053727,23.661874370164178,0.009407925605773925,0.9
720,0.4824403094974067,24.991811332693985,25.070368169239003,0.009338796138763428,0.8
721,0.5094769075614891,25.049397841194025,25.68159611123243,0.009528183937072754,0.8
722,0.8453578249359944,21.449645598252037,21.449645598252037,0.009966385364532471,1.0
723,0.5997591220909766,23.624474494802563,19.44168413745885,0.010628283023834229,0.85
724,0.6502205607408277,26.356193735452802,22.02420825639289,0.010341572761535644,0.9
725,0.29231180236256904,28.936269129028176,26.80999989827048,0.009527230262756347,0.7
726,0.4357986536793942,40.045345768001724,33.47009510773108,0.010180366039276124,0.8
727,0.26731978058456524,43.25033674397036,34.18801140696452,0.009548807144165039,0.7
728,0.40431938480444113,22.519209165319904,18.16391207265222,0.008612751960754395,0.75
729,0.17980026864545132,37.01880683178403,25.94526095127694,0.009277784824371338,0.65
730,0.40496618586038097,24.816502513791026,19.885603735074646,0.010118412971496581,0.75
731,0.023184289163295436,47.70628423028815,18.376511735801138,0.010304474830627441,0.6
732,0.49394823122856935,28.20457975949892,19.194486517843515,0.010963904857635497,0.8
733,0.5879350806380985,23.982968170738964,24.594036140338922,0.010889863967895508,0.85
734,0.40037446948828465,22.2273641041905,17.64600300375309,0.010365021228790284,0.75
735,0.653169026492429,28.113321734442614,24.4065888960895,0.009400880336761475,0.9
736,0.1956288669105046,33.12410636548649,26.785270202223042,0.008939731121063232,0.65
737,0.3132722218056332,23.579023530475315,19.66200513009336,0.009014773368835449,0.7
738,0.7081671553816092,29.21857292813552,24.048983820525144,0.009632408618927002,0.95
739,0.7047714180949207,32.106108907714884,32.97813817549341,0.009074437618255615,0.95
740,0.23281669439883093,42.715324309192155,25.95383552689257,0.008983492851257324,0.7
741,0.6973731824870437,17.165664191105986,17.359177128479825,0.009469437599182128,0.9
742,0.45106155328993536,30.302483588893374,20.991309475062728,0.00969322919845581,0.8
743,0.5552096717637888,23.631942876055696,24.449387590955133,0.010099399089813232,0.85
744,0.2735146374267056,32.70615960682986,25.16688563396617,0.010013055801391602,0.7
745,0.4799814836610703,28.98672135160997,26.378722391252015,0.009690201282501221,0.8
746,0.4725639201371924,24.65674225065495,19.62106929377108,0.008929049968719483,0.8
747,0.2795968160956302,30.211042457434047,27.828615834367117,0.008956062793731689,0.7
748,0.570391350832299,35.13822503684145,26.66622153377584,0.009007501602172851,0.85
749,0.3546209672455211,34.70842894808781,31.797859322982923,0.009341371059417725,0.75
750,0.5604493736557515,27.720322497564165,24.110491797514452,0.009063804149627685,0.85
751,0.6563717100918438,29.578008602045493,25.60449101496266,0.009628760814666747,0.9
752,0.23321791362136426,43.909601696275296,26.763721262113897,0.00890207290649414,0.7
753,-0.002282207715783258,49.130693474364435,21.606020421954163,0.00863194465637207,0.55
754,0.2402727574530487,38.701737570008916,33.05952940907166,0.008490121364593506,0.7
755,0.6207041518327632,24.540541991362897,19.72799259848665,0.008708858489990234,0.9
756,0.6476980531970148,38.41027683168852,39.436910042225634,0.009275400638580322,0.95
757,0.6264868355587829,33.25278012524727,34.38549197395197,0.009532010555267334,0.9
758,0.20072908324804545,35.278052532201514,36.13168018442107,0.009155464172363282,0.65
759,0.18579164654636102,28.671793258981676,27.395715688149814,0.008944177627563476,0.65
760,0.29390182970268564,28.911368636244458,25.364350292240953,0.00935148000717163,0.7
761,0.256860597296487,39.49743205625374,48.73024114046512,0.009104835987091064,0.7
762,0.322382691603488,33.35929040267637,24.68256771757841,0.009117031097412109,0.7
763,0.38549123245846756,35.954197131786614,22.021825956791975,0.009361863136291504,0.75
764,0.40725643934193795,25.188196147946968,26.052757992244654,0.009039473533630372,0.75
765,0.7047687821898353,22.712129174449164,22.534572092491988,0.008922219276428223,0.95
766,0.3893867672718675,29.061091807972332,31.719496078327364,0.009251809120178223,0.75
767,0.2943904008531319,27.854682851775266,19.00666819122435,0.008893215656280517,0.7
768,0.5727968065624296,28.62442859547872,25.38056278753883,0.009565401077270507,0.85
769,0.47746398070863394,25.553192903407037,21.8871699347516,0.009635508060455322,0.8
770,0.3662136967903545,35.88305477337177,24.795544009705146,0.009442245960235596,0.75
771,0.522908679974615,35.8444593538051,33.58530087354213,0.009623467922210693,0.85
772,0.5615672406008555,28.44682666592892,28.901969702138118,0.00933842658996582,0.85
773,0.4530088792306885,31.687815298264326,34.66860074640633,0.00857924222946167,0.8
774,0.6395753903804329,24.184324514031935,24.887325822700156,0.00871044397354126,0.9
775,0.600644117724616,38.982146190142835,35.23965281891793,0.009020376205444335,0.9
776,0.4651732360121745,26.73880716320201,21.828081498400046,0.009418654441833495,0.8
777,0.4611820330876948,31.839916285168663,35.593758804477105,0.009201908111572265,0.8
778,0.40219695897821206,28.78535977434712,19.74183314080367,0.0096879243850708,0.75
779,0.1278127840972614,28.77803852361388,36.70342081772739,0.00946669578552246,0.6
780,0.22333551539452579,23.346311446930198,18.951838657055195,0.009715878963470459,0.65
781,0.4744884837676742,22.99420604902293,24.817730625886696,0.009355437755584717,0.8
782,0.533171302627551,29.102989050716047,24.929395999641102,0.010146737098693848,0.85
783,0.36881650730155163,31.103403733318174,21.439647115022986,0.009506523609161377,0.75
784,0.31991772730477325,39.239611897187395,32.50361589664332,0.009571635723114013,0.75
785,0.3998468007298219,27.6598443922074,24.96115562284813,0.00961916446685791,0.75
786,0.18778164110028572,38.47625961236845,35.3463080607839,0.00945906639099121,0.65
787,0.33204154811436526,22.13878316886322,17.120607774643556,0.00936514139175415,0.7
788,0.21722844116079068,19.567747671481445,20.631750433979867,0.00941532850265503,0.65
789,0.07336183345425354,38.309665328850805,27.172906390343098,0.009370982646942139,0.6
790,0.2389911021230368,22.673750656793167,18.486927940511457,0.00963050127029419,0.65
791,0.6184112285013675,37.44286011914334,34.233066122418386,0.009112262725830078,0.9
792,0.38840461925755865,33.072638830484465,25.803793654439122,0.009538614749908447,0.75
793,0.5494576215604968,27.59984618408119,23.55791110694409,0.009700322151184082,0.85
794,0.6766816458078205,25.134768202672042,20.589067554092154,0.009557068347930908,0.9
795,0.6314894226071806,25.23253219447479,25.682334481964105,0.01065840721130371,0.9
796,0.5521088831886227,29.75738703291956,31.7003754645264,0.01052699089050293,0.85
797,0.386272879800723,23.122442467748538,18.368410649269872,0.009796929359436036,0.75
798,0.2778420277345154,37.32929961536924,17.583666791198574,0.009365928173065186,0.7
799,0.27175124439320725,43.28034204183492,26.0951862492352,0.009495198726654053,0.7
800,0.5397197070623798,33.189139698514595,24.143894056030405,0.0092887282371521,0.85
801,0.39535250001555344,46.79332969061103,42.430357876630794,0.00938720703125,0.8
802,0.4237001345259279,37.42478074008694,30.007759918543112,0.0095802903175354,0.8
803,0.6718815550823327,24.81234073715016,24.79535592530463,0.009350085258483886,0.9
804,0.039237100892969654,46.65293655973913,32.86999552143838,0.00954139232635498,0.6
805,0.36941072576104816,37.09179470166957,31.058825199723188,0.00968327522277832,0.75
806,0.5317639010037342,40.037491872888054,26.95588986016124,0.009610629081726075,0.85
807,0.32286496653429997,37.99323169516103,32.002746714415395,0.009930181503295898,0.75
808,0.4240070556111615,35.40272919580031,34.346605347201724,0.009681153297424316,0.8
809,0.48399390508060647,43.18640874050355,41.76330705041226,0.009493803977966309,0.85
810,0.41299467606200996,44.25240652713731,39.01155947125052,0.00949639081954956,0.8
811,0.44827596409678083,37.00063047532457,17.444857516241044,0.009598827362060547,0.8
812,0.6901020567604201,33.90598805516643,29.699188351599577,0.00977029800415039,0.95
813,0.483404725254985,31.756184014324667,29.142546053214687,0.010105407238006592,0.8
814,0.2792451421208702,39.684100403240706,34.10208407802248,0.01020904779434204,0.7
815,0.5766187409511095,32.75426248288552,17.892397146304827,0.009184730052947999,0.85
816,0.3713814408975518,32.72708136641624,38.04035216737976,0.009885847568511963,0.75
817,0.2189350307006615,41.83500411723756,25.135806734369236,0.010479402542114259,0.7
818,0.22057804490544317,52.454743427862624,39.981930113387605,0.009813594818115234,0.7
819,0.35430554876359616,31.902869898950065,23.714862823936798,0.009313035011291503,0.75
820,0.4721007169384811,34.861676520842465,26.123217610698944,0.009230577945709228,0.8
821,0.41585641785432587,35.25369535684221,39.65045125011394,0.009731459617614745,0.8
822,0.5531131077312568,23.767144689015105,18.933336161209414,0.009408140182495117,0.85
823,0.37731303343460004,29.641857239170253,26.220726563229007,0.009141206741333008,0.75
824,0.5479113786834079,32.884694723038656,29.69075138195283,0.009178781509399414,0.85
825,0.18998589658534643,43.778975206542775,32.40349624427753,0.009279930591583252,0.65
826,0.20541506727607767,31.08837701687162,31.000425862147953,0.009183120727539063,0.65
827,0.619124100735662,27.382210464085496,28.482943652324455,0.009469199180603027,0.9
828,0.42990791500992814,34.35053677319429,38.777837217432065,0.00969926118850708,0.8
829,0.3069253832935874,33.41463790632239,17.738940332739165,0.00918419361114502,0.7
830,0.29026185791052034,31.633055044357484,20.91842929771745,0.009155082702636718,0.7
831,0.2930030400783733,27.352186482394266,31.742116414617374,0.010229015350341797,0.7
832,0.43613578828581545,32.6490343850741,24.6800674335817,0.010062325000762939,0.8
833,0.3499647988211292,39.020332638940275,25.903863689349727,0.010017895698547363,0.75
834,0.739427315114512,27.797603838747857,28.70919546282157,0.009660732746124268,0.95
835,0.308530066690429,46.543138070483636,42.843244450740414,0.009291338920593261,0.75
836,0.3957046201100935,42.78972823214502,36.80846349181167,0.009019315242767334,0.8
837,-0.017936835668862023,48.432254997856234,48.515677838741915,0.009647738933563233,0.55
838,0.5457980042366632,28.89193408536359,25.323043950455673,0.009387922286987305,0.85
839,0.36288441879141264,28.627174354284875,19.261405951493128,0.009154784679412841,0.75
840,0.3372748593228175,37.42635266101184,31.10031966951495,0.009576261043548584,0.75
841,0.6007541266154812,19.6462921735546,19.91084126177652,0.009316170215606689,0.85
842,0.22189429414794604,24.864127145679504,27.71246587213073,0.00940920114517212,0.65
843,0.593924384324962,25.749014634522563,26.211820120974664,0.009215211868286133,0.85
844,0.4269198669772014,26.9151775777014,27.441078318437683,0.00877676010131836,0.75
845,0.22057422496846263,29.318224228311237,19.711631155498026,0.009218704700469971,0.65
846,0.5293406979237567,37.28376405457929,40.794898925519036,0.009141802787780762,0.85
847,0.4767517625112136,27.779910325513004,29.942956354667523,0.009576475620269776,0.8
848,0.18290321906677912,29.659650778434006,27.124125118969914,0.009126639366149903,0.65
849,0.786816903129337,29.67106422117279,29.67106422117279,0.008887541294097901,1.0
850,0.477058335325275,28.84084975286679,23.876504009291722,0.009216117858886718,0.8
851,0.5160404074510975,39.58455525785433,43.390259639722906,0.009410369396209716,0.85
852,0.0603607595577826,22.825788743052506,15.925327398847246,0.009181785583496093,0.55
853,0.423046940780538,38.62221718746784,37.7121685884252,0.009402918815612792,0.8
854,0.2803266379008483,28.59330185880546,26.258580302583024,0.00948570966720581,0.7
855,0.18803790002086593,39.16016931683987,43.318808799399044,0.009038126468658448,0.65
856,0.44056163267255216,37.79273296055179,42.70584616078234,0.008968484401702882,0.8
857,0.4083317435732985,27.9226314584411,31.18795556331763,0.008909392356872558,0.75
858,0.478527308119003,28.438406053941293,24.928020530228803,0.009245491027832032,0.8
859,0.573017931676284,28.089839826025944,19.20943616540282,0.009415102005004884,0.85
860,0.2977596940997434,23.440804338924252,20.405560096746758,0.010097908973693847,0.7
861,0.5453514371547931,28.789684908951706,25.215544405447318,0.009621667861938476,0.85
862,0.5515188931503413,29.653505255905724,25.39441192860564,0.009448564052581787,0.85
863,0.5326638669324993,30.480503062667175,32.49662485274521,0.009092366695404053,0.85
864,0.5613930256882508,40.71602690345724,43.155818252558454,0.009078514575958253,0.9
865,0.37323802749782375,28.86228769889319,26.240516528359883,0.008924317359924317,0.75
866,0.3654101055461989,27.309601101050635,24.266555530304984,0.009101200103759765,0.75
867,0.5007051693915306,43.36767371396026,30.8405846643148,0.009073197841644287,0.85
868,0.5245936358836947,39.079315693114175,25.57036719979343,0.008840990066528321,0.85
869,0.3459666441859942,33.868238411534776,25.748957255529582,0.009471142292022705,0.75
870,0.39372993190000505,24.996531000437017,19.161600794388853,0.009179186820983887,0.75
871,0.27896083462638244,36.67296025052347,23.670571679301823,0.008897709846496581,0.7
872,0.45322074508556637,29.898350741866306,26.68553966618954,0.008908486366271973,0.8
873,0.14386811963080012,25.14509616132512,30.42554407000607,0.009492933750152588,0.6
874,0.15843035780600384,25.593422653956907,21.919722200681793,0.009404730796813966,0.6
875,0.4986999063367725,20.934940433588828,21.973708742906283,0.00943911075592041,0.8
876,0.6772735347960399,23.866112123213416,24.834815375449356,0.009157955646514893,0.9
877,0.3693108649681077,36.88300621429626,36.49449043111024,0.009422433376312257,0.75
878,0.4867586918298965,26.62104947109011,17.223944722763424,0.009247815608978272,0.8
879,0.38946791001967895,24.050082108604272,18.04813949575092,0.009434866905212402,0.75
880,0.6701838264603168,19.51705983202454,19.99151481091093,0.009121787548065186,0.9
881,0.49825226085030083,27.77824279663377,18.815393737456223,0.008971261978149413,0.8
882,0.6367386606387566,28.228526207820558,24.43099959323446,0.009041988849639892,0.9
883,0.6605722067701878,26.527348049987786,17.277474746093457,0.009196209907531738,0.9
884,0.5602408656370796,29.164348591228997,31.25828269733234,0.00940035581588745,0.85
885,0.24570244975559657,39.21482351959212,34.25294128414752,0.008809185028076172,0.7
886,0.4045401654153288,22.91699399122119,18.430910086947275,0.009294354915618896,0.75
887,0.5439100207988311,29.071908069680887,25.107914380875602,0.009576022624969482,0.85
888,0.36885357157661103,38.4240378174639,38.428490651421676,0.009972321987152099,0.75
889,0.4062313179987284,32.16418820570105,29.616210297934003,0.010060858726501466,0.75
890,0.17411482170818426,33.59308095057862,26.87169809368248,0.009895241260528565,0.65
891,0.05609193198140048,39.86905229152414,44.581844536873085,0.009650337696075439,0.6
892,0.4622291043845122,34.26259572683185,31.070714674524677,0.00942525863647461,0.8
893,0.6172066142142324,33.526604882810986,35.760331173011224,0.008905434608459472,0.9
894,0.327825576527642,41.155797687736374,36.19084408826872,0.008838474750518799,0.75
895,0.6735463847974662,27.71826019048705,29.185569118349715,0.00909879207611084,0.9
896,0.3940335874432275,27.32035404662223,31.277279845023333,0.009345149993896485,0.75
897,0.27969144799421186,34.443855018382166,18.238807765836675,0.009656214714050293,0.7
898,0.22086564437605047,50.03935981572244,50.07579324155169,0.009992110729217529,0.7
899,0.5147599907087437,23.366397696843258,24.249080725220484,0.009755146503448487,0.8
900,0.4831704320402177,23.650119194629596,25.467713790702973,0.009511721134185792,0.8
901,0.6021514950584178,23.357394265417206,24.112069439154414,0.009579193592071534,0.85
902,0.4662208196302102,26.536523894896124,27.36846478507445,0.009548389911651611,0.8
903,0.24767483926727882,39.64680727129418,27.83806563692153,0.00946183204650879,0.7
904,0.1894042367013411,41.04845778019112,30.903337643867392,0.009197282791137695,0.65
905,0.6479677976879828,30.933739353048754,25.78673156360289,0.009720432758331298,0.9
906,0.3847945314517049,30.268444674646027,27.7544581633773,0.00903923511505127,0.75
907,0.19222665492721436,33.761099051251506,27.252231481754272,0.008623993396759034,0.65
908,0.49167990642931647,21.941317451050278,17.217132368169295,0.008770978450775147,0.8
909,0.23188076185285628,52.08151485357663,40.0055810859122,0.008797693252563476,0.7
910,0.44217092516834555,38.57871158112391,36.622300721787575,0.009495103359222412,0.8
911,0.16995197970803622,33.77000651005102,19.830204034976052,0.008943796157836914,0.65
912,0.5446800790054669,30.054931941529077,20.162676712767556,0.0094199538230896,0.85
913,0.8328207895878175,25.909541128230053,25.909541128230053,0.009190571308135987,1.0
914,0.486229428022281,28.398794482147327,25.840989672684294,0.009459567070007325,0.8
915,0.17402953561374682,38.32761767480162,34.680405190850664,0.009518146514892578,0.65
916,0.4354605308415732,39.29402560902351,32.37251445767378,0.00899125337600708,0.8
917,0.5251480056361547,30.047332998389134,26.096311212221472,0.00915682315826416,0.85
918,0.3152029178959418,22.28250911410995,16.86218985166722,0.009424638748168946,0.7
919,0.49366025624536763,22.824970089178315,17.97342410386092,0.00930800437927246,0.8
920,0.624719393253759,32.6506269058965,28.91875685079314,0.009484350681304932,0.9
921,0.2279341879759132,44.54796881452634,34.68557409269288,0.009151601791381836,0.7
922,0.17009197865660103,37.34816679874915,33.98969931107718,0.009160256385803223,0.65
923,0.483037773571885,29.041000886809076,25.9493653541242,0.008570241928100585,0.8
924,0.5953604431983883,36.7655213414125,32.13776680213159,0.00881345272064209,0.9
925,0.33852810551693663,24.08680981819024,19.26992315000188,0.009066152572631835,0.7
926,-0.034131665545323674,49.514227561067315,37.8251667165432,0.009303605556488037,0.55
927,0.05929086596673853,47.77845043817116,33.244212240023835,0.009274399280548096,0.6
928,0.3000840664612243,33.99803597049335,26.132616577118664,0.009367001056671143,0.7
929,0.30024053303802234,29.71308034173889,27.984767441565396,0.009315407276153565,0.7
930,0.34352238508992594,22.360023998119704,17.799914685757148,0.009914004802703857,0.7
931,0.5260465338799474,18.778295200601736,19.466218171501012,0.009433960914611817,0.8
932,0.6474761602080383,28.18363108845312,29.660262898398702,0.009137916564941406,0.9
933,0.565069328908111,28.99615530640566,18.671148059116586,0.009477174282073975,0.85
934,0.27982219034980266,23.22457523325374,18.489630684120602,0.009947729110717774,0.7
935,0.2681550981778142,34.493252538379686,26.875124563979742,0.009771144390106202,0.7
936,0.5628689524216778,32.32113920843482,28.15594453947796,0.009812271595001221,0.85
937,0.19366032657242715,38.30804016725412,25.98076607311429,0.009432244300842284,0.65
938,0.6011676186450875,36.47957916235704,33.19645680401974,0.009597539901733398,0.9
939,0.2623579933170949,38.02449090960737,25.225299605080483,0.009216523170471192,0.7
940,0.3438018903543771,32.98315279411469,24.618879886216902,0.009597015380859376,0.75
941,0.28904916149995186,33.18963995205566,25.927838309913874,0.009639930725097657,0.7
942,0.26559604584426355,28.591312925062248,26.402400198132728,0.009299087524414062,0.7
943,0.20527888595981253,29.11685071852861,21.30032523927104,0.009144556522369385,0.65
944,0.3702607789894637,37.17462426721737,37.20273142147509,0.012300968170166016,0.75
945,0.5159170250242936,37.9994083644621,36.11939125034992,0.0095314621925354,0.85
946,0.25039367378492977,24.333785439479723,20.387115216723146,0.009662973880767822,0.65
947,0.5368683556190695,40.6994257310793,32.27160342484331,0.009275174140930176,0.85
948,0.36071229629005364,33.755556970927785,39.75873013778212,0.010258710384368897,0.75
949,0.49176243022919025,28.24252568402909,17.566786061815222,0.009874522686004639,0.8
950,0.33300217050645686,38.62715402949566,32.04161568141354,0.009341824054718017,0.75
951,0.36533805174515,34.199521938633445,24.87557861984362,0.009453463554382324,0.75
952,0.23405733960686823,29.6943803786181,30.216953624164127,0.009125292301177979,0.65
953,0.5056572234042807,42.70751058621128,29.815640481040504,0.009081399440765381,0.85
954,0.5026389008795816,21.31410230791706,16.704314128279847,0.009642255306243897,0.8
955,-0.09885277831196351,51.46719051558235,38.2581981404869,0.00944814682006836,0.5
956,0.32945503439555923,49.474622249204536,52.2017795639523,0.009439194202423095,0.75
957,0.007936192487785826,40.260416850872275,28.104032250694214,0.009589612483978271,0.55
958,0.30186463148211296,33.42233543127581,19.13690559231132,0.009702956676483155,0.7
959,0.2908082737441822,32.14905058786891,31.749164558657927,0.010158240795135498,0.7
960,0.48614930971553266,28.904009453364637,25.82161802520744,0.009806203842163085,0.8
961,0.6140013445331265,41.26344941462673,32.676514618316574,0.009595263004302978,0.9
962,0.3639768006103807,33.463351786107815,31.98514259918692,0.009940814971923829,0.75
963,0.3994172664851272,32.26222764962345,25.208107917669523,0.009404182434082031,0.75
964,0.4095010855504115,24.63825399514313,20.556170585153062,0.009356427192687988,0.75
965,0.23499635091102222,34.288597744218634,21.77371883411002,0.009333264827728272,0.65
966,0.5555444387198017,31.782798773802057,28.552667199685427,0.009587836265563966,0.85
967,0.679155041943625,23.03280693492124,18.30763261159744,0.009510970115661621,0.9
968,0.41982419152041694,22.631139090681547,22.95068924817692,0.009859812259674073,0.75
969,0.5239704080940796,38.497730317836684,30.59792994473074,0.010671210289001466,0.85
970,0.4739319503291193,32.522155564817034,23.67093813829801,0.01089770793914795,0.8
971,0.5162960697219828,37.84386712547611,29.824023952181335,0.009864127635955811,0.85
972,0.36282981985354035,41.304101114316936,23.80493681042339,0.009463953971862792,0.75
973,0.39564038435290616,44.17764959142868,33.3122596171339,0.010173368453979491,0.8
974,0.24542796000668274,37.071781197951864,32.498697210493305,0.009447169303894044,0.7
975,0.3671660086732209,32.06798176631135,29.613821962849993,0.009567523002624511,0.75
976,0.2903802506303311,38.381268371575175,26.280050749510885,0.009575414657592773,0.7
977,0.17669458872600144,29.67919326361588,29.12501498993063,0.009831774234771728,0.65
978,0.6060248151246588,24.284217843416954,19.394494971281603,0.0095289945602417,0.85
979,0.2965178612684608,31.635368150256557,30.329980782140133,0.009474587440490723,0.7
980,0.3767022059122881,33.68122948442128,25.736079586780377,0.009772145748138427,0.75
981,0.49806346934153256,32.9798642714163,35.35888258375445,0.00943291187286377,0.85
982,0.8283138221276808,24.218958801799634,24.218958801799634,0.009552109241485595,1.0
983,0.41995460284177516,18.175813484136825,18.801654700035687,0.009201788902282714,0.75
984,0.5411058938105212,24.18494653759928,19.872341794401045,0.00923703908920288,0.85
985,0.597163078095369,34.84537092024992,30.344976934346292,0.009319806098937988,0.9
986,0.4694306742677451,29.283377099934683,20.92265661705499,0.009317684173583984,0.8
987,0.28423687249855845,28.672175402795308,33.73510891044826,0.008995795249938964,0.7
988,0.3623466326189865,33.77614896992229,26.143447828415734,0.009154486656188964,0.75
989,0.34151607590218586,33.8961160235223,24.201766035076673,0.009768390655517578,0.75
990,0.27649563923930737,25.56180581366584,20.835290731113172,0.00944361686706543,0.7
991,0.4617986304365972,29.49865375575381,20.457412093971463,0.009049725532531739,0.8
992,0.36181066200064343,32.61990778804401,25.51281093024984,0.008820533752441406,0.75
993,0.20282580924558183,35.316723901873566,23.182466616943053,0.00955437421798706,0.65
994,0.28558349770255076,22.893000045661648,25.28207893515264,0.009753203392028809,0.7
995,0.5387362267116891,24.567698343002082,26.026126560015097,0.009411144256591796,0.85
996,0.48676144290347034,34.75626186703164,31.626470315531392,0.009214842319488525,0.8
997,0.3980568340451627,32.64586559938464,23.742668060218534,0.00923748016357422,0.75
998,0.6967396026272684,34.64045845645528,30.502464650493074,0.00951293706893921,0.95
999,0.26788153577235685,35.95011894364168,27.966820486988304,0.009443414211273194,0.7
1000,0.25724961063943097,39.43797134765461,40.276548229984705,0.009998071193695068,0.7
1001,0.6401543002094571,22.304727187359227,16.706018311719387,0.010108101367950439,0.9
1002,0.15275089286210558,25.51962652670614,19.700808403091052,0.00961132049560547,0.6
1003,0.38130089730694056,37.12371855202216,23.421492263204257,0.00965040922164917,0.8
1004,0.2874921976710454,27.050566293143998,24.443790455111643,0.009220659732818604,0.7
1005,0.597938721520037,23.110265421956427,24.13295117746449,0.009382474422454833,0.85
1006,0.5447882190548341,29.74334387214326,25.55262722174974,0.009688782691955566,0.85
1007,0.027125248412782306,37.86160813692713,26.809845845695577,0.008894824981689453,0.55
1008,0.45130561783682044,38.00332707492069,43.152377406002245,0.009336555004119873,0.8
1009,0.4745582810782153,33.45994871955485,25.03626680679113,0.009162819385528565,0.8
1010,0.41754610015572774,49.77899509695642,40.05576409759227,0.00928957462310791,0.8
1011,0.35435931521809777,30.015929815480554,27.712718358962874,0.009879720211029053,0.75
1012,0.3522194918301688,33.618992078436854,31.88903614199305,0.009694135189056397,0.75
1013,0.512598439931139,38.08128089943942,36.29354888393471,0.00981590747833252,0.85
1014,0.64848507981012,30.00287859232023,31.254049631755485,0.009963929653167725,0.9
1015,0.25185676336301976,39.5892727686069,33.140572006402536,0.00954660177230835,0.7
1016,0.5109358466864363,18.59333219937818,17.624269590305417,0.009499788284301758,0.8
1017,0.3536328032224806,38.6122125573525,32.98506034128503,0.010759484767913819,0.75
1018,0.47670343511316016,27.458618443559885,23.29832511194707,0.009717202186584473,0.8
1019,0.24527599685397652,37.4408774522404,25.45659955741496,0.009633219242095948,0.7
1020,0.2890482260515887,28.58199565369491,27.4042784809991,0.010309207439422607,0.7
1021,0.6274307620338817,30.651495866239912,31.471656330702142,0.010368609428405761,0.9
1022,0.1363848350122055,34.72731800898983,27.30319807991958,0.009177815914154053,0.6
1023,0.49958463185389845,26.689172260844174,26.430947142048296,0.00927349328994751,0.8
1024,0.499641463093406,23.990993137030962,19.59555377017538,0.009352421760559082,0.8
1025,0.5494575679753979,34.159902309071455,26.227500265971937,0.009175360202789307,0.85
1026,0.4011187856991746,48.82961984835292,38.198202635134635,0.009475600719451905,0.8
1027,0.45911420343302056,25.452147548724234,26.751822592290555,0.010235118865966796,0.8
1028,0.0649313444908187,35.348060107922535,38.185287609227416,0.00993725061416626,0.6
1029,0.3632328093968561,37.740700660007114,31.120067598363047,0.00989598035812378,0.75
1030,0.22756487323800476,25.897248117891035,14.67298274376647,0.009291744232177735,0.65
1031,0.199402393201614,31.99929778127635,17.229899129870763,0.009297168254852295,0.65
1032,0.41715859440743575,46.847563072032294,42.52784966688292,0.009090268611907959,0.8
1033,0.21334489383240932,27.933911254613065,18.343730948891185,0.009071445465087891,0.65
1034,0.45850757003483994,26.608147797325262,22.36028340007834,0.009160339832305908,0.8
1035,0.23130918702497674,21.234697045323106,13.858757140540376,0.009813356399536132,0.65
1036,0.7051503806626652,36.93902908815454,32.992640462774965,0.009277749061584472,0.95
1037,0.537128790472435,33.22603262136661,24.108115131162123,0.00927121639251709,0.85
1038,0.2871206519394386,47.43607116997012,37.62729881591156,0.009777665138244629,0.75
1039,0.27703457049735514,28.268031671802294,24.538258795361877,0.009720885753631591,0.7
1040,0.6576699755529799,29.31739935866013,25.07224180983196,0.009581553936004638,0.9
1041,0.38905213422659507,29.256986096985003,33.1015975523525,0.00866868495941162,0.75
1042,0.5836977594245549,23.681725571635116,17.572774188233865,0.008992516994476318,0.85
1043,0.5163758830488359,33.37374348521288,24.72683528674338,0.00932760238647461,0.85
1044,0.35018384419884196,30.20554315968935,21.069624743968507,0.009243309497833252,0.75
1045,0.6843022685364804,35.31043292072765,35.9606220700641,0.009495532512664795,0.95
1046,0.3990852402749803,39.121069463134944,38.99733268389217,0.00966787338256836,0.8
1047,0.4391287742829667,38.79708759546466,38.221860208224115,0.009311115741729737,0.8
1048,0.5355550186469517,32.34607473249228,23.29792962045397,0.009574568271636963,0.85
1049,0.1534751499357891,38.72522060033257,42.55069549491017,0.010155045986175537,0.65
1050,0.3264417629739792,39.20261268351903,32.37858431468024,0.00991683006286621,0.75
1051,0.20219079435323012,35.40096021838324,38.111481551113904,0.00975269079208374,0.65
1052,0.4707663844559531,22.98341462485358,19.434231042867445,0.009467554092407227,0.8
1053,0.5682484602042851,43.315280752698506,46.21203817079165,0.009252476692199706,0.9
1054,0.3675386355756875,28.66739871092428,32.16074157747441,0.00897810459136963,0.75
1055,0.013595572513799309,33.08006945101938,18.859375235243302,0.009457969665527343,0.55
1056,0.492091418321869,29.300418846086707,25.985367898412665,0.0094651460647583,0.8
1057,0.38998171930951137,31.262791451567683,28.468408789336888,0.010244917869567872,0.75
1058,0.657923182355156,29.445575320579707,30.930173194744228,0.010181188583374023,0.9
1059,0.27490958160768353,27.696351356317713,23.174969099242766,0.009375262260437011,0.7
1060,0.6139011179947518,23.908271452018564,16.939665583517982,0.009193623065948486,0.85
1061,0.048562498911626215,27.801365574620224,36.588462935020964,0.009541821479797364,0.55
1062,0.48934074769374564,32.67634839468008,24.426109378756323,0.008978688716888427,0.8
1063,0.7408122552481589,24.38700687563004,24.705146895481626,0.008979594707489014,0.95
1064,0.18422226892177312,34.58593095333852,27.905758591344483,0.00957925319671631,0.65
1065,0.5123188605558839,33.049150984030106,34.77565327712165,0.00991835594177246,0.85
1066,0.4815525977946102,33.10652459465972,30.104593270285676,0.0097389817237854,0.8
1067,0.6908817332957501,35.0290393030446,30.258646256400645,0.010270392894744873,0.95
1068,0.5580673951778663,31.061332246870755,32.550606912765886,0.010009026527404786,0.85
1069,0.5389404142640051,29.398867942563935,19.941167739928588,0.011090707778930665,0.85
1070,0.1827275362910796,42.5805347016176,34.22967662430496,0.010313296318054199,0.65
1071,0.454335742359688,35.697001313019456,27.382162779445572,0.010195541381835937,0.8
1072,0.23317731445051065,44.689243951437135,34.91228254216334,0.009599924087524414,0.7
1073,0.5233007896767449,33.76999136106066,36.443492463440585,0.00941704511642456,0.85
1074,0.7359280876066723,25.786732958547663,20.99469417285279,0.009941315650939942,0.95
1075,0.6173193567067251,33.305245276804484,24.75831139935166,0.010794246196746826,0.9
1076,0.1958431684512686,37.025278593751366,34.698163466790625,0.0100075364112854,0.65
1077,0.19467594554219517,30.933497282336752,30.794692765533917,0.01015533208847046,0.65
1078,0.45812536726921244,35.31595759558813,27.752375105071266,0.009915244579315186,0.8
1079,0.43605756153765335,39.439673758789226,32.96669766555547,0.009302747249603272,0.8
1080,0.547371328148724,27.91428809165105,29.130694807425705,0.009164345264434815,0.85
1081,0.5488464590729364,23.999794103577038,19.659397786134825,0.009115910530090332,0.85
1082,0.4776431963393434,31.529678006038115,23.319164480385155,0.009489655494689941,0.8
1083,0.30199164790475935,33.332360117908856,25.623076583260346,0.009428155422210694,0.7
1084,0.23066969720506414,28.357542762587407,27.014670002178963,0.008755111694335937,0.65
1085,0.11045863314340662,38.105055466429164,27.109384557528273,0.009187769889831544,0.6
1086,0.4746775758929559,32.82118432695877,30.041267272297418,0.010587012767791748,0.8
1087,0.3909056820853665,47.13513934127707,36.56079677397682,0.010206961631774902,0.8
1088,0.0990924998064564,46.740751725050316,26.910461037714313,0.010100030899047851,0.6
1089,0.36798314105533353,32.7079230617283,18.485274666650806,0.010068941116333007,0.75
1090,0.3674640714593537,34.15136336610961,25.778810515464624,0.009779834747314453,0.75
1091,0.1869010977289541,39.30309120290816,34.86358138990159,0.00998375415802002,0.65
1092,0.5179938375851734,34.373560210828664,37.451197731797485,0.010104227066040038,0.85
1093,0.5140259966241224,28.184677095657158,24.051159635964115,0.010088515281677247,0.8
1094,0.5111652639680904,39.17941022481959,37.305484831203245,0.009798109531402588,0.85
1095,0.11831366016493514,28.708266968469626,27.55257141606403,0.009232711791992188,0.6
1096,0.4699752204411216,22.811971495622583,23.770701308831455,0.008986496925354004,0.8
1097,0.36924454194264866,29.033202941372803,32.373763185190306,0.009163463115692138,0.75
1098,0.49611575401875535,23.315969251467315,24.69735372366728,0.00884702205657959,0.8
1099,0.49013916153208487,31.73020985238876,22.454567294507797,0.008842182159423829,0.8
1100,0.3940266808492512,32.26467976584725,23.984884494055787,0.008984112739562988,0.75
1101,0.18552082900771372,34.85965563280423,21.61024975424027,0.009163856506347656,0.65
1102,0.6938534934826988,31.62154420826162,32.48243496794811,0.008841252326965332,0.95
1103,0.4777877444463652,46.18786783136702,45.97630686803542,0.008974754810333252,0.85
1104,0.4389181347274512,29.263063449120136,18.98818643289374,0.008748972415924072,0.8
1105,0.20294501390890723,38.88370006550066,19.956728695635828,0.009526216983795166,0.65
1106,0.33925536871093315,35.791422072551676,41.46306023322037,0.010073208808898925,0.75
1107,0.5882566340829143,49.09633532470803,41.203347730192306,0.0093206524848938,0.9
1108,0.3937489463565776,29.254861759014908,32.69469624049258,0.009352350234985351,0.75
1109,0.38443411006298905,32.59104955766723,25.100219529206406,0.009402775764465332,0.75
1110,0.23004944930889354,45.33637340561643,29.51758703297398,0.009777379035949708,0.7
1111,0.19135302859927159,31.920208100361283,21.05310269899288,0.010182762145996093,0.65
1112,0.4506145413698719,29.463356477066174,25.48335692294425,0.010136020183563233,0.8
1113,0.3507705596660563,38.9900480353018,19.023306325831992,0.009785795211791992,0.75
1114,0.5441816255566192,28.86424922792956,24.351384587983098,0.01023181676864624,0.85
1115,0.4160146397208167,25.31990047196027,27.825986583197178,0.009609150886535644,0.75
1116,0.7561249943141412,18.241690875525165,18.081361780129512,0.009572649002075195,0.95
1117,0.6834164528267304,25.567849479028293,20.944983961062352,0.009880256652832032,0.9
1118,0.10005113375165675,38.13455969459741,36.57706524054451,0.010509490966796875,0.6
1119,0.38614344766108777,35.924425539003316,23.0915518464461,0.009618067741394043,0.75
1120,0.44140544770121776,23.757604016554904,24.862157882885455,0.009428095817565919,0.8
1121,0.4492122821290878,28.834327884495053,25.846830998614845,0.009507524967193603,0.8
1122,0.37523274367387854,40.19204662626057,34.31657567805124,0.009688031673431397,0.75
1123,0.480270003264046,27.884127995190795,23.070667228345393,0.009421896934509278,0.8
1124,0.2907849390743088,29.859700387811785,26.375048148198687,0.009601187705993653,0.7
1125,0.3965596493004573,25.028233661832115,19.127776661538167,0.009438920021057128,0.75
1126,0.6279568230257058,33.158284994047065,29.648518947719303,0.009178507328033447,0.9
1127,0.283384935044416,27.07987386792768,24.94390413607414,0.009617090225219727,0.7
1128,0.5240683902324264,17.03498557067839,17.292149366547385,0.008989441394805908,0.8
1129,0.3910891371367487,27.530154066492962,23.60225060015256,0.009877967834472656,0.75
1130,0.5228834664081852,20.355117268612357,15.213007157918538,0.009096527099609375,0.8
1131,0.549878563030697,33.3737512663429,30.70816063797025,0.009203565120697022,0.85
1132,0.6235408756780734,27.860139812594678,23.07633947778733,0.009611248970031738,0.9
1133,0.630504213291833,25.005765031223152,25.543347975361037,0.009716033935546875,0.9
1134,0.27001729521684636,31.94391766226628,16.420809200193567,0.009868168830871582,0.7
1135,0.5008477705654808,17.697719881801945,17.926046814466268,0.010222983360290528,0.8
1136,0.577748983755901,27.43129345758286,28.832007480093967,0.008791923522949219,0.85
1137,0.36633785421958015,28.2618614687788,18.577269228395277,0.009262871742248536,0.75
1138,0.5257507495375122,33.82481422702964,30.476856478356574,0.009139978885650634,0.85
1139,0.7316397649220832,30.580812621565606,31.43839702959042,0.009228777885437012,0.95
1140,0.4776843447883148,32.88900376021038,24.370105476927357,0.009008181095123292,0.8
1141,-0.18902631668747202,43.48063044383018,18.903832377401464,0.01017601490020752,0.45
1142,0.3312800091699103,24.60583102530463,20.236288140551093,0.010254669189453124,0.7
1143,0.45203616729710855,40.1624457219795,33.67629273490527,0.009940636157989503,0.8
1144,0.39851560920681883,39.47205197932657,31.08976657454442,0.010000264644622803,0.8
1145,0.14936671393286421,45.86499048575901,29.369509023807293,0.009473681449890137,0.65
1146,0.05478088835371035,38.993694202577274,28.416433981617317,0.009280538558959961,0.6
1147,0.23106563794025675,46.122541090119626,29.648565275819895,0.009123289585113525,0.7
1148,0.40616218977233326,24.801034106809425,19.958618235674603,0.009116888046264648,0.75
1149,0.45019066712983963,38.243442356506016,37.481268304030074,0.008802580833435058,0.8
1150,0.58303144132618,23.930083905468173,19.159874863388445,0.008640289306640625,0.85
1151,0.3960645003643445,49.48952896440751,38.870834112407636,0.008862650394439698,0.8
1152,0.21734504042770214,29.002244222105798,20.05543734680839,0.008939802646636963,0.65
1153,0.2041144330368298,48.721044046962646,34.94227769768779,0.009357452392578125,0.7
1154,0.39266505708212046,38.02497060274541,25.872433030230365,0.010168540477752685,0.75
1155,0.6214124118546127,38.544071067285174,30.223940421705176,0.010243546962738038,0.9
1156,0.6800720267202236,39.87266570536235,36.29905424023415,0.009771513938903808,0.95
1157,0.5427224620164851,34.62839348844047,30.819811785712545,0.009913909435272216,0.85
1158,0.450069831605543,24.951218156427167,20.698674614713905,0.00983424186706543,0.8
1159,0.43009931736624313,31.0685656251905,27.19634144598455,0.00955275297164917,0.8
1160,0.3997047623200184,43.56304852487531,42.36408803829829,0.010600841045379639,0.8
1161,0.5650504091830219,25.408384830676336,26.428006582665343,0.010334885120391846,0.85
1162,0.3856919175045142,40.76716329938342,39.56569424112324,0.00945640802383423,0.8
1163,0.4612628800813231,29.026154864237583,19.35568674931354,0.009522366523742675,0.8
1164,0.3485948763802711,38.31096080859679,32.807908845823775,0.009394431114196777,0.75
1165,0.38899655528426064,29.496482486017918,26.504601323463604,0.009517371654510498,0.75
1166,0.46820600377584665,28.5700836999758,24.55911814614278,0.008875870704650879,0.8
1167,0.4851309780667704,26.8509517761399,23.42974499004343,0.008555305004119874,0.8
1168,0.5567133589225163,27.95318276259538,23.625837027962923,0.00865488052368164,0.85
1169,0.4910398981263472,20.95573182006115,21.811674028261823,0.008935225009918214,0.8
1170,0.5427182371451368,28.080606235964275,23.436243629944546,0.00935816764831543,0.85
1171,0.21638014055198673,31.17099455978364,28.432689414634826,0.00923839807510376,0.65
1172,0.27110724247347534,34.2428025464046,26.70076468184811,0.009459185600280761,0.7
1173,0.4656964402080127,32.39629953400279,23.323900699053688,0.009359490871429444,0.8
1174,0.3324136736767044,39.60492703693728,26.816374310598896,0.009217548370361327,0.75
1175,0.4749881320356263,42.1062137115326,40.69136020051911,0.008934009075164794,0.85
1176,0.4458151937302818,29.262985638467903,19.262873885998673,0.008980846405029297,0.8
1177,0.4222637186628554,40.70494502459804,38.76852582083289,0.009390413761138916,0.8
1178,0.38606552694995844,46.21791222741086,40.82047083724213,0.009516000747680664,0.8
1179,0.2075206979647807,29.818668130746538,36.48458410685282,0.009664201736450195,0.65
1180,0.5340171182974072,39.133459424331356,24.77524502330989,0.009111547470092773,0.85
1181,0.32877378282037606,42.24897519298743,28.332180523093598,0.00900801420211792,0.75
1182,0.4889447391816325,24.427885159627525,19.67009842353596,0.009241652488708497,0.8
1183,0.20711943811205585,35.53915159884649,30.22573025965306,0.01041477918624878,0.65
1184,0.5621255805895349,30.02599213040682,20.409562181320798,0.009528779983520507,0.85
1185,0.5658673389900073,34.51045592233679,25.893926157218935,0.009299135208129883,0.85
1186,0.34410797971596985,43.31591609226474,38.51258360859075,0.009190678596496582,0.75
1187,0.17793328852996598,39.9619121779816,21.594729715179856,0.009768271446228027,0.65
1188,0.45721598901712734,34.422952928116636,31.380677010677914,0.00924755334854126,0.8
1189,0.322976448138522,43.639970632985595,26.681750514381367,0.009631848335266114,0.75
1190,0.04489566263019033,54.978794720447205,44.394395846909674,0.009699690341949462,0.6
1191,0.2822814234967011,36.82152293035819,31.224179720210355,0.009532642364501954,0.7
1192,0.2371792836142347,43.546259730699745,19.237015814937966,0.009883522987365723,0.7
1193,0.1757547511043634,41.843432075693855,26.400584580437567,0.009716856479644775,0.65
1194,0.33096132694256936,58.639032672320354,56.415878402241795,0.009612441062927246,0.8
1195,0.18129229662342278,37.94681948981592,26.856859384237637,0.009657299518585205,0.65
1196,0.5499625607554188,34.375262591216185,31.44934507092362,0.009596407413482666,0.85
1197,0.2642329997967151,37.31752591595857,32.27111419696873,0.010100650787353515,0.7
1198,0.4421092578650848,37.59089352890156,30.576310197993685,0.009736061096191406,0.8
1199,0.4175377697174327,18.405558519870166,18.69871438459148,0.009839856624603271,0.75
1200,0.6087813354605198,32.97474429622944,24.258197705420468,0.009445500373840333,0.9
1201,0.42823701622643034,30.70966177563695,28.618501484638116,0.009778523445129394,0.8
1202,0.25249607875666713,35.95877417585693,28.942813655476147,0.009804737567901612,0.7
1203,0.5691326118108093,19.804937223268333,20.468157453233463,0.009346091747283935,0.85
1204,0.19742639103489082,28.720437638410242,19.933947304531316,0.00958160161972046,0.65
1205,0.5041218316776412,23.25502912219539,19.500667532437213,0.009417414665222168,0.8
1206,0.41499457325270334,38.956166539482744,38.280261693466656,0.008919239044189453,0.8
1207,0.510115123591825,39.45213599417495,32.17149259456448,0.00875622034072876,0.85
1208,0.24798815280477388,43.075462950374096,33.7624859360777,0.009531927108764649,0.7
1209,0.20134992447773556,28.303626168657644,25.605368532574552,0.009938764572143554,0.65
1210,0.6232285837538848,33.84652858429732,30.436805281173285,0.010051095485687256,0.9
1211,0.5363788009879434,22.149632316570838,18.03599157190759,0.009574270248413086,0.8
1212,0.5440134318976578,36.71229760088363,34.21315872504539,0.009605836868286134,0.85
1213,0.4233536429955994,18.691736574655142,18.938344694497065,0.009132158756256104,0.75
1214,0.09590226148600542,34.27811398565085,20.519516087992702,0.009032154083251953,0.6
1215,0.28590185729174644,31.18725259381788,30.989603029742284,0.00894324779510498,0.7
1216,0.3910444495855354,28.029899933984467,17.240496521995194,0.009088194370269776,0.75
1217,0.4249963722636519,25.704999665743053,21.750956585603625,0.00966343879699707,0.75
1218,0.5498480558500884,29.40009194994078,26.10274649542508,0.010419046878814698,0.85
1219,0.48491818824887306,27.387888268313997,18.14699042991539,0.01036369800567627,0.8
1220,0.5327650650546544,31.78791839394675,17.222935499392438,0.009970533847808837,0.85
1221,0.3246548507912765,39.33432619847798,31.571682753884552,0.010413551330566406,0.75
1222,0.6455947897998489,24.220713119142847,25.18140267794523,0.010047626495361329,0.9
1223,0.31914431916689323,30.536232279996177,21.122443485774987,0.009144473075866699,0.7
1224,0.5330128529854383,27.276354454211848,23.256146663727673,0.009083390235900879,0.85
1225,0.5220764601302224,30.733888127260776,31.963552677665938,0.009343993663787842,0.85
1226,0.4610432379068102,25.747052600716508,26.484088482462575,0.009043228626251221,0.8
1227,0.6649892228750458,26.874538469001912,22.670837510642443,0.008685636520385741,0.9
1228,0.09625719079257096,38.520816830927785,19.582587465626514,0.009001815319061279,0.6
1229,0.658810932915815,21.20730291105611,21.691928683636807,0.009501791000366211,0.9
1230,0.5512817924408986,23.872200410255353,22.20630208831502,0.00913541316986084,0.85
1231,0.284105261065711,38.89798684954957,25.810766494324906,0.009013330936431885,0.7
1232,0.48600041082040574,43.34001363964214,35.90365321936077,0.009529030323028565,0.85
1233,0.6569235436735277,23.785055787424675,24.370405073213114,0.010561764240264893,0.9
1234,0.5237263790220826,35.304211790598785,26.354868328612664,0.010610556602478028,0.85
1235,0.544428905083956,33.72314030304203,24.7530982492862,0.009893667697906495,0.85
1236,0.4033179416404341,40.56794769407141,46.551894841711956,0.009711158275604249,0.8
1237,0.2931724455912911,28.296551199560234,18.839349032660692,0.009408032894134522,0.7
1238,0.09532787546491277,33.521924215084006,20.8597690054491,0.009272897243499756,0.6
1239,0.2678260083363877,36.20098403169061,22.29693918461016,0.009053456783294677,0.7
1240,0.43502053345885516,40.65537113466688,40.18836276644763,0.00956953763961792,0.8
1241,0.24992333169940376,38.68355258335971,19.423217985032004,0.010085213184356689,0.7
1242,0.6956378034848036,34.44886968594421,30.428287899161493,0.009299206733703613,0.95
1243,0.5334738282453308,32.62744908650494,29.99967054214062,0.00936046838760376,0.85
1244,0.26661402471789236,44.767563760794744,42.139327695906054,0.00992647409439087,0.7
1245,0.40881305583434707,24.56613715366884,19.986839972862004,0.010162842273712159,0.75
1246,0.29835931841023927,28.297438958283852,17.59479209567547,0.010537862777709961,0.7
1247,0.4288457602107874,34.10319178143571,25.81744597977746,0.010064959526062012,0.8
1248,0.3705123165027813,33.807078971261156,19.321163770872793,0.010126066207885743,0.75
1249,0.3664022417776144,35.12006916184932,27.413740445792502,0.00955294370651245,0.75
1250,0.3169060094248807,48.913915691294946,40.148485460180645,0.009297823905944825,0.75
1251,0.49967061874404645,38.136752192741575,24.553787383398213,0.009368801116943359,0.85
1252,0.5536970835561352,31.332628427444178,22.6551165699209,0.009356987476348878,0.85
1253,0.26129356760776645,42.62976107594969,33.96769509751955,0.009065282344818116,0.7
1254,0.3461695441645588,33.07453107642225,24.60084693762536,0.010097312927246093,0.75
1255,0.7369605283123764,27.73148914381226,28.524017747321427,0.00917801856994629,0.95
1256,0.33441704513685355,21.819626301341238,16.77887013338373,0.008787548542022705,0.7
1257,0.20969165279570384,34.103483528118375,19.797832741583616,0.009442555904388427,0.65
1258,0.29155957550918876,32.82482043875579,24.858499066140734,0.009032034873962402,0.7
1259,0.36348424424937725,35.1442014730509,20.240138759507666,0.009247875213623047,0.75
1260,0.17394219767656982,29.70270258739699,27.935184698426195,0.009750843048095703,0.65
1261,0.19572911307639243,36.784859831409705,24.801033534426836,0.01001831293106079,0.65
1262,0.3532437334369988,32.48243977199021,25.045686124456676,0.010218262672424316,0.75
1263,0.3227641699559876,39.14264546061134,39.99368546821194,0.00967942476272583,0.75
1264,0.5301393720337633,32.517582709799214,35.19449257237592,0.009935116767883301,0.85
1265,0.3585628780670839,39.76954719739074,28.88391476165827,0.009672737121582032,0.75
1266,0.5149263919994145,31.96180518443697,28.49712469602651,0.009407031536102294,0.85
1267,0.5977175254710614,27.03931503609919,23.422983244247284,0.009614217281341552,0.85
1268,0.4907638995262837,24.54025610411973,18.278461861410005,0.009251034259796143,0.8
1269,0.6260020483785399,28.3558044314849,23.75349390610433,0.009315717220306396,0.9
1270,0.5304179090795211,35.05934505278894,31.88352984796885,0.009895431995391845,0.85
1271,0.4691874373056312,30.95326956942888,27.93108525089137,0.009904253482818603,0.8
1272,0.7676933433614055,21.152222505774237,21.294533723795677,0.009673166275024413,0.95
1273,0.6291997287886856,30.667324232493637,31.461056433366927,0.009284877777099609,0.9
1274,0.5437133088156428,30.11204677315958,32.324604593263,0.009329414367675782,0.85
1275,0.20278854224967208,29.492844496557098,27.113238635186576,0.008993315696716308,0.65
1276,0.18158221781191317,39.729139659827375,28.192750258172207,0.008949375152587891,0.65
1277,0.5515804398732753,29.20499426724349,24.76996400612205,0.00965503454208374,0.85
1278,0.5082840648774674,19.47291575347218,20.640415896524438,0.009316635131835938,0.8
1279,0.49702789004297543,37.441067462118056,28.583901531529886,0.009173810482025146,0.85
1280,0.4692074375651871,29.85326769954101,19.57819569202315,0.008876633644104005,0.8
1281,0.24435398220140764,40.14666585711224,26.749919941255083,0.008886826038360596,0.7
1282,0.4591096739130416,32.46319338099928,27.247397107113272,0.008915674686431885,0.8
1283,0.5844857311036259,25.847382290922788,20.929129781435083,0.008983445167541505,0.85
1284,0.4607222192528466,30.31577389902422,27.77091238169084,0.00926969051361084,0.8
1285,0.5791103878410522,28.08840090426537,23.951667357294863,0.009328389167785644,0.85
1286,0.7061108226393171,32.487738169776335,28.087911774921963,0.009793996810913086,0.95
1287,0.5794235896968292,29.267491132446054,30.3230154466608,0.010417747497558593,0.85
1288,0.5743934197189668,21.977080334323027,22.97131033215466,0.009350800514221191,0.85
1289,0.634863973516898,28.25783789649474,29.49203816033558,0.009028208255767823,0.9
1290,0.46371906468132423,31.028438974702738,20.61276718149845,0.009565901756286622,0.8
1291,0.42129986284098,33.268491488803235,37.13488127750462,0.00981452465057373,0.8
1292,0.6889733249292588,35.21590191285137,31.03770693275437,0.009009158611297608,0.95
1293,0.6658233189742458,19.487091137829925,19.764594861027042,0.00939723253250122,0.9
1294,0.17924709926811302,35.36769470194953,31.015447814862345,0.00885850191116333,0.65
1295,0.4741979005973153,27.699580067180015,24.478746234086323,0.008886480331420898,0.8
1296,0.36787888122802775,36.20034096628811,29.89030186422081,0.008978724479675293,0.75
1297,0.3511924621794626,33.053109406793546,37.53939096973644,0.009314918518066406,0.75
1298,0.33037206992304713,42.02251968075015,30.495333675286734,0.009184300899505615,0.75
1299,0.5510314898033478,32.5060563047676,23.52479217136322,0.009160304069519043,0.85
1300,0.23075355140456727,28.63901108039559,26.527551456759014,0.008740842342376709,0.65
1301,0.5067978771897276,25.323311843114453,26.318961911343358,0.008836734294891357,0.8
1302,0.560594266956935,25.94967318570763,27.24986252961313,0.008809387683868408,0.85
1303,0.5472713712853708,24.78582863456483,25.75371457236361,0.008763813972473144,0.85
1304,0.6030712335962797,41.225309887130564,32.832761337777995,0.008767783641815186,0.9
1305,0.5271818955608508,39.68112318442682,31.992688924792173,0.00938011407852173,0.85
1306,0.2353450497299066,23.92422344297048,19.34814421683346,0.009272599220275879,0.65
1307,0.2952960759915041,28.265159401462974,33.46771001929639,0.00899733304977417,0.7
1308,0.3057038249165559,33.7040306840477,27.895530698588342,0.008676815032958984,0.7
1309,0.21025710242444595,43.35981477386021,33.38690773319471,0.00868072509765625,0.7
1310,0.5677203291296392,23.853576505512557,19.514053299052563,0.009449505805969238,0.85
1311,0.18293976969801853,37.10330644386996,32.953455958428606,0.009986817836761475,0.65
1312,0.07993981722675916,46.78509784655118,34.756582059119566,0.00985780954360962,0.6
1313,0.5773331893958542,28.297826370162642,24.39429855322359,0.009334290027618408,0.85
1314,0.20560405897043976,36.562850182927185,39.90475024362387,0.00997859239578247,0.65
1315,0.18281227317303594,42.97174765705832,34.62504451293806,0.0095605731010437,0.65
1316,0.04684852368140221,36.85571877366398,15.731572201782383,0.009395170211791991,0.55
1317,0.466228636369234,33.098397828930885,25.225017647426125,0.00981985330581665,0.8
1318,0.2918036339169285,38.434259972572576,26.881125743863375,0.009655261039733886,0.7
1319,0.6696509764269974,24.72779321997762,25.68140318788105,0.009811770915985108,0.9
1320,0.3719724552802057,34.39826165360408,20.6681773142972,0.01027071475982666,0.75
1321,0.5003453969344197,33.23457705780101,35.63593990642151,0.009752678871154784,0.85
1322,0.5049323660017863,29.872626122134996,26.048357509335325,0.009331083297729493,0.85
1323,0.302624070087015,31.749759375161325,16.807047069764135,0.00950465202331543,0.7
1324,0.467635033931965,31.586993286564525,29.475119056020063,0.009327852725982666,0.8
1325,0.5330541710218699,34.65256581510557,26.78001409151859,0.009233307838439942,0.85
1326,0.2749411634806099,31.23914732769133,37.730508483756516,0.008816516399383545,0.7
1327,0.44396969026624833,33.84104908794579,32.6484038091695,0.01030125617980957,0.8
1328,0.5882129313194205,21.672977067395244,22.507477278290704,0.009605300426483155,0.85
1329,0.3834333592744684,27.484990925512015,24.219254061751315,0.009663927555084228,0.75
1330,0.3609055499444263,29.796670360250925,27.072904931004484,0.00939192771911621,0.75
1331,0.30975429414966715,21.11225003288967,21.470141362652544,0.008965349197387696,0.7
1332,0.1506194296471558,22.52589729395708,15.702809842132593,0.008983790874481201,0.6
1333,0.4386065437711645,30.90300447814867,28.05375338009199,0.008534395694732666,0.8
1334,0.19702353972782977,35.722930314221074,30.730981797233767,0.008743369579315185,0.65
1335,0.6141376566568635,29.70939067933935,31.019179225107955,0.009473788738250732,0.9
1336,0.172131849587021,36.334155529477194,21.13209580507087,0.00938100814819336,0.65
1337,0.5041684418035383,27.217769432236725,27.03757582079691,0.009284353256225586,0.8
1338,0.6557839984922689,25.97190313192143,25.91454218332196,0.00927283763885498,0.9
1339,0.22513486777620254,41.059958939004694,36.20553979237249,0.010178947448730468,0.7
1340,0.3932196144248487,49.45853918080155,44.14974103175537,0.010004830360412598,0.8
1341,0.23802505516674613,43.517661948722164,27.020943555388957,0.01047297716140747,0.7
1342,0.45150082104506933,33.012492730628296,24.421986570244126,0.01014416217803955,0.8
1343,0.312902039991534,25.382218319953854,22.347948678585247,0.009387028217315675,0.7
1344,0.021119090592966037,38.49918481368555,26.383845286495923,0.009729206562042236,0.55
1345,0.530333223867796,38.945123195141335,31.03862302516138,0.00940169095993042,0.85
1346,0.3909335862623975,26.704975070144997,16.03431111806737,0.009873950481414795,0.75
1347,0.06927005153062481,37.47733673917154,25.180963384103794,0.009364378452301026,0.6
1348,0.6318912106457285,27.693702595725096,23.544976498732172,0.009380090236663818,0.9
1349,0.5292304443390782,26.316766075374453,27.582282480523503,0.00917196273803711,0.85
1350,0.6828670154874901,34.20589857823268,35.21412132321856,0.008912253379821777,0.95
1351,0.5684366431765878,30.006443028969652,20.334821137199363,0.008929479122161865,0.85
1352,0.5456088485912827,18.22325883755409,18.49738788806068,0.008940565586090087,0.8
1353,0.5590045241343016,28.483127837987258,30.239688990433685,0.0091070294380188,0.85
1354,0.2611411735283432,38.60353109867883,25.916495739029255,0.008771908283233643,0.7
1355,0.27490771761810195,26.88549415846531,23.45499472736691,0.008877885341644288,0.7
1356,0.5602265744585417,23.92479214035348,25.306738782016517,0.009660470485687255,0.85
1357,0.4861286389641314,24.255977654553796,19.851250554599158,0.008894431591033935,0.8
1358,0.09656029142829584,38.546882969385784,26.707245264516178,0.008810722827911377,0.6
1359,0.5965277356868179,39.56565875748511,36.01753776219407,0.008871519565582275,0.9
1360,0.6536750702746332,25.096373683761712,20.646508222729096,0.009402477741241455,0.9
1361,0.8277762344788965,29.348709654130893,29.348709654130893,0.00968543291091919,1.0
1362,0.39896432375037383,29.867857515176375,21.709309590375046,0.010261845588684083,0.75
1363,0.38959264378082553,43.454347270567816,43.260562197550726,0.009443390369415283,0.8
1364,0.2704849860839617,29.614845952800387,26.75581216615991,0.009404146671295166,0.7
1365,0.31481302928989063,28.34402286609219,25.51496158028117,0.009431004524230957,0.7
1366,0.2644756438691081,37.58077144474188,32.997557394733306,0.009343504905700684,0.7
1367,0.21285694881502723,52.50413122511647,45.356647973020635,0.009737491607666016,0.7
1368,0.07406387546819504,46.97057502020118,25.901128731857074,0.009749329090118409,0.6
1369,0.3689594529027741,37.3869019215576,30.748221723995172,0.009572815895080567,0.75
1370,0.5589063208127545,34.50593886613802,25.7780548515622,0.009840524196624756,0.85
1371,0.7598960903535865,29.108751439213044,29.03189190637393,0.00959993600845337,0.95
1372,0.6230877923503954,34.90827858365164,36.71111187464113,0.009493768215179443,0.9
1373,0.28901472800308897,30.163186360563593,21.251944957828904,0.00952214002609253,0.7
1374,0.6566588810035755,23.32696705604553,18.38545721009264,0.009582269191741943,0.9
1375,0.35292280655784125,30.608392893494244,21.657984108722044,0.009567511081695557,0.75
1376,0.353953235641255,28.772257195191553,25.539898825664253,0.010026335716247559,0.75
1377,0.26278044637992715,40.359474906718916,34.65163013606773,0.009773063659667968,0.7
1378,0.40269171513367824,27.319624804116632,23.460567133309667,0.009571707248687744,0.75
1379,0.16665139056315,40.21575511765486,37.25592052330023,0.009934055805206298,0.65
1380,0.4159683401507615,41.27680423699852,46.472703663522424,0.009520721435546876,0.8
1381,0.2903156814586888,27.89887750999967,17.51668618388182,0.009185898303985595,0.7
1382,0.4502205694778693,33.647939236210235,19.743604874306605,0.009048867225646972,0.8
1383,0.5832016031707503,41.59441780177263,38.65353265243622,0.008858573436737061,0.9
1384,0.30984910253249126,43.907578362266335,39.345422900947824,0.008833968639373779,0.75
1385,0.48199231161316475,24.453475599525763,18.28747590923097,0.008665060997009278,0.8
1386,0.3281190191884216,16.725559399177662,16.48465875737379,0.009333372116088867,0.7
1387,0.35033285260167535,34.50530422109567,27.185642498417128,0.009356510639190675,0.75
1388,0.5823307335723293,15.622884486209719,15.404589036493249,0.008890211582183838,0.85
1389,0.369162999624337,36.42493704058637,23.495587768151854,0.008765494823455811,0.75
1390,-0.03232158039946827,40.91020060833153,30.763730084012,0.0092596173286438,0.55
1391,0.1366960958363955,41.422406905251044,45.946515033872394,0.009968197345733643,0.65
1392,0.8128070251514774,28.393989043534237,28.393989043534237,0.008979535102844239,1.0
1393,0.16561861261541055,46.43397554180602,33.234419985114705,0.009499704837799073,0.65
1394,0.5632691324236412,27.02304025668561,28.630453214566785,0.00966784954071045,0.85
1395,0.3571990641895385,31.125769525928995,22.455066951353704,0.009493744373321534,0.75
1396,0.44458439152005463,34.58195307798947,32.97407280245476,0.009758782386779786,0.8
1397,0.5135862794000101,31.90802081708017,27.696469125105928,0.009491205215454102,0.85
1398,0.4163976264043396,40.46378261548689,33.99603528863783,0.009362351894378663,0.8
1399,0.6110167835840374,35.88066509606257,37.92371744248123,0.009849762916564942,0.9
1400,0.4801474538561032,29.149014061267604,25.23270628275564,0.009064292907714844,0.8
1401,0.5266104949575873,32.70023791950769,29.687157821267554,0.009050965309143066,0.85
1402,0.5203126852687717,35.117297492720574,32.33851039546475,0.00975717306137085,0.85
1403,0.38642203483993304,33.452690519700305,19.26987102448801,0.009681296348571778,0.75
1404,0.20505855244482865,28.13174057862249,25.397145994616356,0.009394323825836182,0.65
1405,0.4985894831266087,39.5202838808916,31.87472248075622,0.009468793869018555,0.85
1406,0.1955211275764453,29.788810863130532,18.751517228277166,0.009702587127685547,0.65
1407,0.3081463880902239,29.008491983999853,18.39350697642134,0.00986100435256958,0.7
1408,0.3575419314497294,38.882196740496006,31.41396401785818,0.009840166568756104,0.75
1409,0.5065786306234898,17.26562507793077,17.488139756309735,0.009387588500976563,0.8
1410,0.6684909771763978,18.35233604612509,18.70565865392602,0.009129190444946289,0.9
1411,0.47759770690369824,27.927595336796507,18.359917791017956,0.009112560749053955,0.8
1412,0.4941013781533705,34.23577656393799,25.857640152661627,0.009220480918884277,0.85
1413,0.6042125402882308,42.08369810217922,39.65228751846129,0.008877086639404296,0.9
1414,0.252916887767551,41.03438409249985,36.51297849491483,0.010252857208251953,0.7
1415,0.23169813465299072,40.24583951588396,34.58033534060716,0.010002040863037109,0.7
1416,0.565088000457333,29.927304331972106,21.303698856558235,0.009449374675750733,0.85
1417,0.46403160991076264,27.62560496414404,29.715983078712746,0.00931999683380127,0.8
1418,0.4958576722932997,32.93224267630772,29.30798066582447,0.009278953075408936,0.85
1419,0.3570450540691674,34.02467139388365,25.677354873749756,0.008950614929199218,0.75
1420,0.6537961617507828,23.40686857091955,24.00878239054643,0.009540283679962158,0.9
1421,0.5358516261289563,29.54413092481346,25.355523022375497,0.009472370147705078,0.85
1422,0.36377014133435837,28.68018342524971,25.091328396371487,0.009054791927337647,0.75
1423,0.6542970915509851,41.54274984974297,42.716910857042286,0.009052586555480958,0.95
1424,0.34491639728803986,40.794148584969975,40.123581188690665,0.009099650382995605,0.75
1425,0.22016932589356464,29.985903087398803,19.520985156099602,0.009921538829803466,0.65
1426,0.5021923376265505,22.939029918522564,16.870809192921264,0.009862768650054931,0.8
1427,0.5447550510625457,19.92144253908092,20.67786921480279,0.00945969820022583,0.8
1428,0.40911494908284773,23.776541255762957,26.089092706896782,0.00957552194595337,0.75
1429,0.21114171817500704,33.30644791599947,28.255166538536688,0.009131848812103271,0.65
1430,0.4614476525292699,27.123144763709597,24.37825729002351,0.009380936622619629,0.8
1431,0.33798833195569766,41.270293747601684,36.89968650675462,0.009238934516906739,0.75
1432,0.6155380852790842,34.83803970161902,31.31635453029602,0.010261929035186768,0.9
1433,0.4745862363740322,29.95849269083171,27.16840441144938,0.010135579109191894,0.8
1434,0.543069048792675,29.31927687727491,25.485252134542705,0.009459865093231202,0.85
1435,0.5443666711459583,31.423324037899533,32.962895357468796,0.009515118598937989,0.85
1436,0.28309928251539035,35.37800891731534,28.78941927487508,0.009255409240722656,0.7
1437,0.5440326580976644,31.22883691467741,34.230503720224185,0.009877073764801025,0.85
1438,0.777710983525972,35.25177476377674,35.25177476377674,0.00995851755142212,1.0
1439,0.599699160179566,30.23371448148752,30.593229289068965,0.010401606559753418,0.9
1440,0.27177770257944445,30.104905402728498,34.11371742367891,0.010179698467254639,0.7
1441,0.38501402819158703,27.39138890587151,23.32893820194966,0.010174405574798585,0.75
1442,0.4459168420129426,34.522923476756716,26.038819728534214,0.009701108932495118,0.8
1443,0.5016224150665413,18.65530596098114,18.65736703658558,0.009355676174163819,0.8
1444,0.45425854342019045,28.103731886625333,25.021851412685763,0.009232926368713378,0.8
1445,0.4784959370256628,27.18009118628608,22.385808783293278,0.00934140682220459,0.8
1446,0.47302870915697054,30.69899707584397,25.486998070126425,0.009299719333648681,0.8
1447,0.2460106728813513,43.582502151705214,27.404992247165183,0.009705698490142823,0.7
1448,0.17931615512363544,35.00148525666826,20.633719260864623,0.009770810604095459,0.65
1449,0.2843073584150798,34.74907488592162,34.70242822989493,0.009968149662017822,0.7
1450,0.7986006872760903,31.922348655069186,31.922348655069186,0.00945894718170166,1.0
1451,0.3660655726139614,33.446551207317164,32.76984896614578,0.009617412090301513,0.75
1452,0.39459933979090367,38.49562451412408,31.137693634194278,0.00955057144165039,0.8
1453,0.3951316421604934,26.674468095207487,16.885630348156237,0.009285449981689453,0.75
1454,0.48526665078588077,47.934171158678986,41.84418272249503,0.009181833267211914,0.85
1455,0.616904982233154,18.09871176519166,18.633116806382603,0.009107625484466553,0.85
1456,0.15176104967826426,41.68960498176287,31.79955881071199,0.008693039417266846,0.65
1457,0.580397432447103,22.729315127514035,23.465763885410563,0.009870505332946778,0.85
1458,0.4551889079121242,28.992357744759545,18.972487564556324,0.009285473823547363,0.8
1459,0.1509835467712343,42.96395732731602,41.64030003920663,0.008823192119598389,0.65
1460,0.5639300249378423,34.723841717791586,24.84316087915818,0.009480047225952148,0.85
1461,0.5385827251110312,32.83148471458462,23.938723458118343,0.009263348579406739,0.85
1462,0.3580975564850023,34.50891493874866,25.2733408781305,0.0090765118598938,0.75
1463,0.2995060339498949,49.314166332025636,46.76753123769614,0.009146964550018311,0.75
1464,0.7359384899160514,26.855786513723796,22.36069341298586,0.009355521202087403,0.95
1465,0.6655529454946022,24.926837901154354,25.567810855929935,0.009198033809661865,0.9
1466,0.37808343572512987,34.00633035708046,33.095857963627836,0.00909363031387329,0.75
1467,0.2683171940451633,35.79255362279939,37.52817620417137,0.00900193452835083,0.7
1468,0.582734223049862,30.76052505801805,26.763145371529433,0.009290671348571778,0.85
1469,0.48630735550953547,25.252413529587617,25.38180507981217,0.009940874576568604,0.8
1470,0.41640541478642285,29.202734051555023,30.979765952596228,0.009971821308135986,0.8
1471,0.16180351724165926,38.92048670033897,26.558469220564536,0.009476089477539062,0.65
1472,0.41702569434532455,40.04234860559532,38.75232678549997,0.009299647808074952,0.8
1473,0.30074148731354444,28.6460058488346,19.211443898805026,0.009580135345458984,0.7
1474,0.4689311345976007,34.453067994460206,19.605570788366524,0.010035479068756103,0.8
1475,0.403263821773439,39.032181249390604,31.889877817011932,0.00967637300491333,0.8
1476,0.4871284661186744,45.15298078934667,37.807274131054285,0.009168291091918945,0.85
1477,0.4393721606216979,35.69137748513607,27.783700436136254,0.009253966808319091,0.8
1478,0.1384272623818464,22.343713752901785,16.80551052225293,0.009252095222473144,0.6
1479,0.44528452573003474,31.178651773453634,28.10821854081246,0.009473538398742676,0.8
1480,0.7355529180725858,26.250993540136342,25.8461627759116,0.010124051570892334,0.95
1481,0.6048269801446772,23.15904641485868,24.74475548187332,0.009202158451080323,0.85
1482,0.6791114273448308,21.94083224940152,16.223913906530463,0.008853375911712646,0.9
1483,0.6475046042590469,25.194214572795605,26.178534634915504,0.00927267074584961,0.9
1484,0.49002498459609434,23.804485346932456,25.60262574635944,0.009561800956726074,0.8
1485,0.44274426337828376,32.021085715950015,24.101498541145695,0.009893929958343506,0.8
1486,0.5242711157480487,37.56089112644312,30.00425934292475,0.009924018383026123,0.85
1487,0.6768827357571877,20.97228825390362,21.295715395119526,0.009662485122680664,0.9
1488,0.26496615858524,41.32748208777644,31.505885196772972,0.009590220451354981,0.7
1489,0.4977736468233337,24.63051656255527,20.044490158496846,0.009375977516174316,0.8
1490,0.6275993809268064,27.148065203402943,27.36209138444282,0.009612512588500977,0.9
1491,0.17527095396836453,35.7101942358115,28.416755943322723,0.009801387786865234,0.65
1492,0.5373571422150618,28.515637529468087,24.24949288127626,0.009135496616363526,0.85
1493,0.35676632865810404,28.684896318557463,25.117156780201768,0.00894625186920166,0.75
1494,0.35792823880899166,38.40238830471525,32.22866362591587,0.008787846565246582,0.75
1495,0.43991477128173234,33.061364322730626,30.658020138555344,0.00920649766921997,0.8
1496,0.5962218091336311,22.589835399846216,18.54643764535803,0.00868384838104248,0.85
1497,0.47400250302156105,32.346449469218314,24.119293045350084,0.009336459636688232,0.8
1498,0.4614967084871603,27.230613088408216,17.47473615665149,0.008973026275634765,0.8
1499,0.4541919270970281,31.57533608936206,27.331768942134484,0.009127604961395263,0.8
1500,0.5814100792994161,27.749376050803363,23.06824333710108,0.008651340007781982,0.85
1501,0.27571760439713555,30.818791656141524,27.969815578891488,0.008900964260101318,0.7
1502,0.5572663558280126,29.658712813049704,25.693405653347888,0.008798110485076904,0.85
1503,0.637428834429835,29.322145969074352,24.817650447398638,0.00871729850769043,0.9
1504,0.41996027675658515,34.75645423373813,32.661091074739495,0.00888807773590088,0.8
1505,0.20747820942508238,28.0458252868211,32.40569718315952,0.009525597095489502,0.65
1506,0.5806730549146618,18.791126975088112,19.279344716002196,0.009326434135437012,0.85
1507,0.48183328578042445,25.29569852748067,27.262408638433776,0.009244084358215332,0.8
1508,0.3837721965206262,29.193917689184822,26.146043725196698,0.009153437614440919,0.75
1509,0.19749345709564264,32.26080172578435,25.950292133259016,0.009146010875701905,0.65
1510,0.2956130599559116,28.289182648132407,26.086407649765107,0.009301745891571045,0.7
1511,0.3726197723668532,30.661473602957074,34.91330109188837,0.00966188907623291,0.75
1512,0.40452285826988393,40.68132047575922,39.80222112428319,0.009834730625152588,0.8
1513,0.1343546168790702,24.31889229584567,19.454601084973287,0.009387814998626709,0.6
1514,0.42099045745614727,40.80713160747809,33.3694313104138,0.00910259485244751,0.8
1515,0.585625906860695,18.584396793217586,18.63778986540942,0.00968623161315918,0.85
1516,0.849396720564445,18.644748170900925,18.644748170900925,0.009465575218200684,1.0
1517,0.16091481696564255,42.023367641539444,24.58269972409342,0.009206056594848633,0.65
1518,0.27451916300233503,40.76738289615546,26.374058488754027,0.00931851863861084,0.7
1519,0.3101132900988723,31.712266728639538,24.30696396901368,0.009020674228668212,0.7
1520,0.26819319851757994,34.487541962616206,27.175165230522914,0.009264731407165527,0.7
1521,0.4473898936767924,26.643213438749807,27.158613049555356,0.0090279221534729,0.8
1522,0.3651331602177263,31.118534711864733,33.89207495553873,0.0090842604637146,0.75
1523,0.2634654202463336,21.98132572220151,22.040182375958562,0.009556233882904053,0.65
1524,0.44470169816765315,37.38783575033885,35.01148409931124,0.009321630001068115,0.8
1525,0.22192355580914386,50.48957485940878,39.68760962468158,0.008544492721557616,0.7
1526,0.5061850238366387,37.738610566881434,33.81348966457084,0.008782565593719482,0.85
1527,0.4508098656757971,27.43203794223091,23.75784922928148,0.008825159072875977,0.8
1528,0.3534456819034526,34.895319235738285,34.81509984919624,0.00953909158706665,0.75
1529,0.2317710567339161,38.46606816055578,39.509245477173245,0.009220027923583984,0.7
1530,0.38800159196376127,33.467866418484505,26.29906042234262,0.009382951259613036,0.75
1531,0.47726056746062334,30.073539972469405,32.039412078660405,0.008801186084747314,0.8
1532,0.41558147661979117,39.385967461246395,39.24209779482208,0.011024284362792968,0.8
1533,0.5548468848727983,33.71463289352705,29.89982392554823,0.011840224266052246,0.85
1534,0.5919840044217277,35.89276528757372,32.46132905622248,0.010669898986816407,0.9
1535,0.42195507451809117,38.096651147226304,31.655495709311268,0.009878551959991455,0.8
1536,0.3390486089331629,23.30413590822242,17.527394131407636,0.010244381427764893,0.7
1537,0.3797271021894404,28.032428176741785,24.838241617244943,0.009528005123138427,0.75
1538,0.5144246998507453,18.93244158333186,19.60805103904451,0.009405243396759033,0.8
1539,0.38173120897023216,27.89204527389189,31.625140190501572,0.008941268920898438,0.75
1540,0.4556518980040455,28.754459326613834,31.505024927857463,0.009054100513458252,0.8
1541,0.16600656095622102,39.68962669635029,48.62993778835869,0.009577667713165284,0.65
1542,0.2299804860590668,49.36076768168442,45.567575503480946,0.008833634853363036,0.7
1543,0.5579053866035424,26.888179588194276,16.944163001662787,0.008747303485870361,0.85
1544,0.659291565291544,27.537943512992076,23.515756058490496,0.00921037197113037,0.9
1545,0.4180564378110125,41.43475023861511,29.119306412651245,0.00985732078552246,0.8
1546,0.4473819529902349,38.13433940655301,31.46904803882159,0.009735429286956787,0.8
1547,0.2050031577509066,31.677709139826334,17.33189447316871,0.009478509426116943,0.65
1548,0.5051720205584826,19.903420353941666,20.45076666047291,0.008974361419677734,0.8
1549,0.6461834357531161,29.935230939141764,26.033362718618182,0.009456849098205567,0.9
1550,0.42606902081085496,18.266460467539666,17.76029586012777,0.009126377105712891,0.75
1551,0.461575777079934,32.729335196056795,30.711563850411313,0.009788334369659424,0.8
1552,0.6453575538178351,31.5449866769387,22.18739604310315,0.009929847717285157,0.9
1553,0.21096695307411992,30.27741235624385,27.22156089744037,0.009695327281951905,0.65
1554,0.20322387784629056,32.55946727794806,18.308996281781834,0.01014646291732788,0.65
1555,0.3813168733436144,50.608699599691725,46.115797829163526,0.010068368911743165,0.8
1556,0.34558165194077783,38.347739348955145,25.508283757643298,0.010120177268981933,0.75
1557,0.5368827963554627,32.64523552880064,35.13323689096076,0.010960233211517335,0.85
1558,0.6323123854811009,26.977509656887527,22.734761044209606,0.009837746620178223,0.9
1559,0.28240247098912685,40.29216297604251,34.968837767285414,0.009636783599853515,0.7
1560,0.24220861961571685,44.46310767756525,42.548318528432574,0.009665429592132568,0.7
1561,0.30791162292960683,49.0755146539604,46.37596806356404,0.009855830669403076,0.75
1562,0.24451732958174732,38.724138788741755,34.23268088522603,0.009662306308746338,0.7
1563,0.33799075100801923,37.862717143508505,30.333129434176975,0.009765553474426269,0.75
1564,0.2932635032244425,32.783477969278955,25.966348062450997,0.009534049034118652,0.7
1565,0.3632949018302882,32.45447832542761,29.75910767146319,0.00939040184020996,0.75
1566,0.3191526979716582,43.1539432388787,38.44840156204294,0.009388065338134766,0.75
1567,0.6469656108070015,40.075344614449946,41.36234222382123,0.009404790401458741,0.95
1568,0.2953191296041583,30.51570635308915,27.943627330573264,0.009914028644561767,0.7
1569,0.473674840149755,31.120092276876516,21.87300325296183,0.00973576307296753,0.8
1570,0.5849622437620352,36.924600650574725,33.83396385683482,0.009473752975463868,0.9
1571,0.3074824575218194,29.773794739603908,28.37258178264124,0.009411144256591796,0.7
1572,0.46282033727942845,34.54751092659414,32.45122832160335,0.009519493579864502,0.8
1573,0.3521725260498031,37.17838613076468,23.821891366509952,0.00924307107925415,0.75
1574,0.5885018485819116,29.160210766128493,24.51500506116868,0.009384191036224366,0.9
1575,0.19995685426227705,29.274145610616976,21.68973482777981,0.009553837776184081,0.65
1576,0.712270823622726,28.954999382678864,29.613759340884897,0.009521377086639405,0.95
1577,0.24554423514458718,39.77970423278968,35.33283284351453,0.009658122062683105,0.7
1578,0.3883909779188237,31.379085366153213,22.707856185336528,0.009948432445526123,0.75
1579,0.34190301641528,22.518334769675302,17.533694960619616,0.010023987293243409,0.7
1580,0.3665072141627505,34.40456957732779,33.008172776798055,0.009901678562164307,0.75
1581,0.5788142342604308,23.216287582406387,24.27338211865131,0.00948338508605957,0.85
1582,0.4986653141293889,24.74996956870061,21.030349932668717,0.009433555603027343,0.8
1583,0.6143193854119644,35.63799163281469,32.19473633638881,0.009668385982513428,0.9
1584,0.4956870861569227,19.565329174091538,20.279327722156484,0.009798669815063476,0.8
1585,0.4722647537688804,24.78919185836666,20.078840782104443,0.009322059154510499,0.8
1586,0.15987743433708576,33.58904508773977,25.447605905070873,0.009555351734161378,0.65
1587,0.39203886615633665,25.409107326492173,21.102055125866002,0.009780204296112061,0.75
1588,0.29732993832971644,54.262128563512945,39.40489981274481,0.009535670280456543,0.75
1589,0.7876453819211275,35.41976927279195,35.41976927279195,0.009519505500793456,1.0
1590,0.2523183427983339,49.60106057801973,39.27028123554014,0.00972684621810913,0.7
1591,0.29054944800405424,34.716978845220105,26.88871937825242,0.009389245510101318,0.7
1592,0.45958695272699623,29.660514275681532,32.59007613537628,0.010205936431884766,0.8
1593,0.3104362562910127,27.552900873361388,24.95186721787497,0.010348248481750488,0.7
1594,0.6668802207657758,20.193939396489373,15.079519266258911,0.009890520572662353,0.9
1595,0.3603560251325666,29.348615038075998,21.026151335291225,0.009938371181488038,0.75
1596,0.3198453865612717,38.80954723126921,32.19488430847297,0.009986555576324463,0.75
1597,0.44406003116004944,37.17922338270215,30.231160931019815,0.009267580509185792,0.8
1598,0.7736946263888707,22.381470572594218,22.515498233735105,0.009518647193908691,0.95
1599,0.4035663278002236,25.337262059643322,21.280098721108775,0.00943385362625122,0.75
1600,0.21922088705738826,33.81777074964674,19.455254711965594,0.009428906440734863,0.65
1601,0.3935081808310796,19.81539096550643,18.9193490767374,0.009618568420410156,0.75
1602,0.3472598688631458,47.45134173301109,32.27097911862348,0.009743404388427735,0.75
1603,0.5082319177561466,22.811493943044375,18.063332456106927,0.009229767322540283,0.8
1604,0.6662185108588836,42.72387192540936,38.82684168391568,0.00982307195663452,0.95
1605,0.45825286086820965,23.773108983357666,18.855878156575635,0.009884417057037354,0.8
1606,0.31637692599373834,29.845504206395645,28.06989861520663,0.009270143508911134,0.7
1607,0.7279303609632394,29.765615168203414,25.220662011833124,0.009033000469207764,0.95
1608,0.5255784845194559,34.07908134382011,31.76939348087695,0.008537185192108155,0.85
1609,0.6709644864512528,42.77271118224601,44.064943239016266,0.008576548099517823,0.95
1610,0.2898373461278963,31.360561483185144,28.39827787001341,0.008930599689483643,0.7
1611,0.19290718571303964,39.00760537769479,33.61417548003544,0.008984839916229248,0.65
1612,0.2785272659599066,34.63503546801423,21.343861789774166,0.008844685554504395,0.7
1613,0.2701122404518907,36.88892583312095,31.615407686631777,0.009211671352386475,0.7
1614,0.39605916789576495,33.51694149110487,25.59210866315716,0.009378910064697266,0.75
1615,0.553146763249263,37.324951652171066,35.64757708029368,0.00906292200088501,0.85
1616,0.17028892192642717,39.479640846820075,27.752393397605267,0.00908125638961792,0.65
1617,0.5516237512491882,29.41429235299039,31.515373675846217,0.00916820764541626,0.85
1618,0.4742183536034851,23.394229193175104,24.73166823066626,0.009361815452575684,0.8
1619,0.25704315926536025,38.20385312072441,24.578916036718002,0.009076082706451416,0.7
1620,0.3667326314782043,50.01763063186791,45.990705869251435,0.009600520133972168,0.8
1621,0.5959855637591664,44.97453379386479,48.101761103753034,0.009615635871887207,0.9
1622,0.25113027203246296,67.3354739879738,51.06030296509386,0.009212040901184082,0.75
1623,0.23584620534405404,39.571551428839776,32.96190891728308,0.00894230604171753,0.7
1624,0.21802489774639677,40.78694669928636,29.49939761379793,0.009113609790802002,0.65
1625,0.19035318825156217,39.683210374857694,34.86484063805753,0.009206259250640869,0.65
1626,0.2713897507615413,39.79762428116724,40.747351702458836,0.00921027660369873,0.7
1627,0.3751745211473309,35.597653979641365,28.681803360475662,0.00936424732208252,0.75
1628,0.4431525989570349,24.674044529647404,26.57453245518717,0.010095596313476562,0.75
1629,0.19863573973217363,38.671409174094954,21.183342951885223,0.009657752513885499,0.65
1630,0.3471137800809373,32.761006590326936,25.636909568609827,0.009566926956176757,0.75
1631,0.18609355954794365,35.11379084863917,20.881864599498183,0.009507906436920167,0.65
1632,0.4805677673391965,25.216073846755727,20.806755256866033,0.0092903733253479,0.8
1633,0.5551320581530187,28.726253757341958,30.593272825789896,0.009076929092407227,0.85
1634,0.23169626790709552,48.16022745857496,40.022754254156,0.009427094459533691,0.7
1635,0.3921503337190685,34.19835092793942,26.686928031458503,0.009164214134216309,0.75
1636,0.26007565473977484,40.02069827883371,26.851421564855197,0.009729719161987305,0.7
1637,0.5918036895721528,19.91020882124555,20.48246434674447,0.009115588665008546,0.85
1638,0.43561798044317923,37.991612572526634,31.031471106334138,0.009121835231781006,0.8
1639,0.46624779450705817,27.73999381051403,17.70924717717802,0.00925673246383667,0.8
1640,0.7082129762329381,36.349378842339846,37.235233076188194,0.009376251697540283,0.95
1641,0.12061962786180025,48.786142907799515,36.06115322977626,0.010057425498962403,0.65
1642,0.6045569123913619,24.318976092446604,19.58447790236309,0.009598815441131591,0.85
1643,0.2538905483226983,43.85221854005071,28.017428849631138,0.009254515171051025,0.7
1644,0.24446483697493507,39.15324470667326,27.290195958417144,0.009251117706298828,0.7
1645,0.2665797443972432,39.72097588895444,35.98738944188913,0.00880211591720581,0.7
1646,0.6463590387384721,23.986451614594724,18.62768495059915,0.009019780158996581,0.9
1647,0.27600187547633287,39.75376188030208,27.549339591638937,0.009133517742156982,0.7
1648,0.7030776590768186,29.63767125507895,30.185921358025745,0.00991835594177246,0.95
1649,0.5566146405998627,28.81712991198962,24.81660254213643,0.009752154350280762,0.85
1650,0.5578680733175263,29.210908113122542,26.363759715796206,0.009678208827972412,0.85
1651,0.36849732214763337,35.78235904761828,27.929748832146462,0.009610283374786376,0.75
1652,0.4403840296003588,33.34185848978634,24.985378146285292,0.009244132041931152,0.8
1653,0.6707542269147002,37.5532941175972,38.25844443130671,0.009108662605285645,0.95
1654,0.5793717980486829,28.16586119779391,30.534887196723865,0.009682571887969971,0.85
1655,0.2649957983073562,27.50265894047206,31.043633201894007,0.009400534629821777,0.7
1656,0.5657428843746701,23.687426054154315,24.516833297491566,0.009510552883148194,0.85
1657,0.5472710227081538,33.75742005013831,31.485935880285933,0.00938931703567505,0.85
1658,0.24459561767818,38.76018908785481,33.29621110421829,0.009178054332733155,0.7
1659,0.2363499340167116,43.273779341129405,32.547938203821325,0.009388291835784912,0.7
1660,0.5321163983908488,38.58058885359708,31.05896703475141,0.009196579456329346,0.85
1661,0.3252164403941769,18.585687277324368,18.768147787940137,0.00942995548248291,0.7
1662,0.3650567133666533,25.635570691807423,27.774983916737046,0.008981931209564208,0.75
1663,0.387206765474059,33.440206347229214,25.83457913619033,0.008783459663391113,0.75
1664,0.25868138848336,34.835200928529716,33.79672560784391,0.008800113201141357,0.7
1665,0.4425279304852122,29.836930455385406,19.04707178712288,0.008871710300445557,0.8
1666,0.6420892462290145,29.849797710802875,31.00590241066476,0.008852016925811768,0.9
1667,0.33978927440086854,22.55279637425236,18.540535600331996,0.009157395362854004,0.7
1668,0.18805332017374288,26.48555873624387,22.946061052534482,0.009629297256469726,0.65
1669,0.4665977660472113,29.01722596765917,26.43020384734626,0.0092063307762146,0.8
1670,0.06913950292367596,22.837402831641658,18.249457357764484,0.008820152282714844,0.55
1671,0.3868587377075642,24.81977184170219,26.63432003922629,0.008840084075927734,0.75
1672,0.3778377208054165,33.484904960128354,24.8054886267817,0.009161281585693359,0.75
1673,0.38758749271732895,30.849835931845394,28.333221294487554,0.009719300270080566,0.75
1674,0.24192473616925922,42.83081823474241,40.18250069556584,0.010010981559753418,0.7
1675,0.568714715281056,27.649373102499975,23.463091250269603,0.01023019552230835,0.85
1676,0.45373124608326415,33.75066884331395,25.110365957462083,0.0096946120262146,0.8
1677,-0.05242216954672837,39.60341051813144,20.72316341744412,0.009696424007415771,0.5
1678,0.5414270069986477,34.02951509190265,37.47920251058892,0.00899355411529541,0.85
1679,0.4650781659491721,28.7489333055889,24.813942670880955,0.008866870403289795,0.8
1680,0.5263705887950085,40.751242127490954,44.111698655628096,0.00928642749786377,0.85
1681,0.6615392172878929,28.293100304484664,23.96173958158129,0.009482908248901366,0.9
1682,0.5318680396909012,32.64049641420979,35.20510254405322,0.009631943702697755,0.85
1683,0.3879414899554233,27.850286988311193,18.603327191020004,0.009442877769470216,0.75
1684,0.2244924932506022,30.27283359810493,18.28990401757358,0.009713983535766602,0.65
1685,0.6231161937193483,31.11418822615109,20.741307036164752,0.009681832790374757,0.9
1686,0.30781878950746183,30.06627940357999,27.130940391565442,0.009892618656158448,0.7
1687,0.26008559936100456,37.37266532955622,24.40261204959839,0.00955188274383545,0.7
1688,0.6693022075156775,16.910700955438198,16.512532591798667,0.009183144569396973,0.9
1689,0.3899937064450171,47.088660474457114,30.1245675167509,0.009176957607269286,0.8
1690,0.7336623735027807,28.589492408287736,29.117115040313962,0.009146642684936524,0.95
1691,0.21204432138238632,45.81357901947756,42.61947287714439,0.008989834785461425,0.7
1692,0.23710150206283237,26.48556771673112,15.143867835796092,0.008867692947387696,0.65
1693,0.4926676071115785,24.920914027323327,20.61516378880085,0.009463679790496827,0.8
1694,0.49466257671825675,38.4089309970815,36.04937159231204,0.009568846225738526,0.85
1695,0.338093446079596,44.354274066639334,30.811414899280734,0.009364080429077149,0.75
1696,0.5420854879373153,19.293697852918786,19.542898162192113,0.009076964855194092,0.85
1697,0.2682788181712814,29.77558328345429,26.724158895299475,0.00924137830734253,0.7
1698,0.36594795290554355,32.37647906114968,23.83330637641559,0.009383451938629151,0.75
1699,0.26618793368422067,30.450227444401683,22.41556717688891,0.009578990936279296,0.7
1700,0.3734643148994622,33.11646162954865,25.216359322777034,0.008895301818847656,0.75
1701,0.635523617294809,29.837673570276557,25.713115302363413,0.009396839141845702,0.9
1702,0.5794546291396306,22.024304676061973,17.45047130106733,0.010512781143188477,0.85
1703,0.4737958477264397,27.43184036289903,29.613158198117738,0.010026872158050537,0.8
1704,0.7180858231171281,27.368513829997426,27.777077990219116,0.010640668869018554,0.95
1705,0.48520324724630787,27.98293462515724,24.745852587712214,0.010117602348327637,0.8
1706,0.2614795034127921,28.083065828526685,24.341710901199882,0.009298229217529297,0.7
1707,-0.07099498506860023,24.743706864194696,21.50619397690892,0.010035359859466552,0.5
1708,0.35710886876759795,30.17621343820254,20.745621591043673,0.0103645920753479,0.75
1709,0.4870304380724644,40.903599686058776,44.73240529615274,0.009611999988555909,0.85
1710,0.3530371834786187,35.36014206479332,34.335535206164835,0.009462070465087891,0.75
1711,0.2658981825251302,34.29200606281148,28.573228849386346,0.009850990772247315,0.7
1712,0.24497486956598946,38.16393564424059,40.42365680419198,0.009835255146026612,0.7
1713,0.3461330055001052,39.59898559867535,40.702010304038915,0.00999915599822998,0.75
1714,0.35968828103082223,28.595891060270844,26.159261943801177,0.009991538524627686,0.75
1715,0.33781124800748064,23.733800333814802,18.900125108776386,0.00955427885055542,0.7
1716,0.5665703080032716,30.24373074908018,26.16610534094043,0.009763205051422119,0.85
1717,0.7199916389785679,28.08045231906353,23.606288870481464,0.009540927410125733,0.95
1718,0.6541351495385113,23.80156358633808,18.89976051502553,0.009559667110443116,0.9
1719,0.4728031975086604,24.791817399117296,25.457059092525036,0.009185802936553956,0.8
1720,0.38432986496431204,29.170898303293633,33.65259152558566,0.009272575378417969,0.75
1721,0.540950946926825,33.67654365915489,25.03039832417104,0.009344863891601562,0.85
1722,0.38960544285324883,28.041615557824297,31.75377641801255,0.009474551677703858,0.75
1723,0.33969125063336686,33.55812007692344,32.054676158562245,0.00930008888244629,0.75
1724,0.403448192415978,28.082180862986387,19.58364715938907,0.009651744365692138,0.75
1725,0.4724236766403025,29.062597732279688,24.82814512892856,0.010043561458587646,0.8
1726,0.4009251423845267,28.82450851981138,25.75621315737842,0.009701848030090332,0.75
1727,0.3164247247623585,32.52114508129932,18.107020743709622,0.00956289768218994,0.7
1728,0.5018741155763466,22.326629222651956,17.683419093472587,0.010318553447723389,0.8
1729,0.029364247394990918,37.79396661074586,18.393662671615818,0.010123753547668457,0.55
1730,0.16407109219653174,17.370382325979612,18.790528768969754,0.010037744045257568,0.6
1731,0.3093950280640546,32.66179550076681,32.14028918038058,0.00963137149810791,0.7
1732,0.48571643538674436,26.863479001068136,29.677460615038946,0.010117089748382569,0.8
1733,0.5839386449726053,20.729642901036012,21.512832637310613,0.009513318538665771,0.85
1734,0.5647332639152113,26.326148936857102,22.171458406216786,0.009735989570617675,0.85
1735,0.5887869426551501,20.31973718640692,20.675862722175815,0.008730137348175048,0.85
1736,-0.03836183283562209,30.8075452695847,32.311650802879086,0.009414982795715333,0.5
1737,0.5801686713217552,25.17085986580576,20.338646468156345,0.009708237648010255,0.85
1738,0.38031082545614986,29.182143484319248,25.2510145866099,0.009340786933898925,0.75
1739,0.6016350201733146,30.131087095367167,25.623979690968806,0.009462118148803711,0.9
1740,0.16942564919795364,36.13288319892391,36.843124104666565,0.00903385877609253,0.65
1741,0.38844366965643734,49.13395686220311,43.849778094021445,0.00914093255996704,0.8
1742,0.3913937448129811,24.696313762247193,27.463852717405643,0.0098219633102417,0.75
1743,0.45959254995142285,21.335958337148217,15.95568763836992,0.009428453445434571,0.8
1744,0.15365061640067973,22.723014406584543,26.324814475039346,0.00932776927947998,0.6
1745,0.43976119656910395,38.46162631537405,37.73083180757938,0.009880137443542481,0.8
1746,0.5366228134844571,37.97629304435953,30.05376139206258,0.009764206409454346,0.85
1747,0.35240617200288216,38.805198027594244,32.57213457136215,0.009356582164764404,0.75
1748,0.320933840594263,22.927312131580116,18.51239673350012,0.009250962734222412,0.7
1749,0.22956263596244159,33.18547081368226,28.015262422883133,0.009713971614837646,0.65
1750,0.4179719775168881,28.793291556990567,19.31954901505608,0.009441232681274414,0.75
1751,0.31794772009286876,22.913868164917776,18.288155705728972,0.00924590826034546,0.7
1752,0.44902816066778223,33.9581836069769,26.161546356265003,0.009333503246307374,0.8
1753,0.06766103174830147,42.80859035503805,33.8996037600716,0.009291791915893554,0.6
1754,0.45115728346454587,25.08066176001795,26.654300368806993,0.009348762035369874,0.8
1755,0.30171631731924275,28.551973081100755,17.289877644506245,0.009588277339935303,0.7
1756,0.4573121868409391,30.049839753736812,27.300148681163932,0.009633493423461915,0.8
1757,0.1720581517267391,39.103823812701556,27.96084384633572,0.01022043228149414,0.65
1758,0.29426122981935343,34.630095425134414,35.19329680869207,0.009739518165588379,0.7
1759,0.4558801318007154,29.7373664165114,32.536852461764674,0.009461581707000732,0.8
1760,0.2891096436030572,31.99846305795105,24.273573961102905,0.009240317344665527,0.7
1761,0.5653701010824308,30.637067654004102,20.73792333568488,0.009317946434020997,0.85
1762,0.17533968557659688,39.16675608083421,21.28009704247355,0.009410452842712403,0.65
1763,0.569447870633297,28.300782803845486,28.42089210456866,0.009424173831939697,0.85
1764,0.6276790661214136,37.55828321070123,34.57771211030156,0.009380745887756347,0.9
1765,0.23534359652443398,47.77830679105007,36.66228933863845,0.009741246700286865,0.7
1766,0.47467574342522545,32.960398505084264,21.732360279309386,0.009263753890991211,0.8
1767,0.3674233463258127,38.50107860526367,32.72615568028822,0.00924685001373291,0.75
1768,0.25116366807818996,44.35730466510941,26.158941426409484,0.010153985023498536,0.7
1769,0.29555828615558294,51.136313652441615,42.817427701405606,0.010053873062133789,0.75
1770,0.23629602491853002,44.07114044599017,19.865467381406624,0.009178674221038819,0.7
1771,0.3186312299413493,39.12231872739706,39.16782363098492,0.009424304962158203,0.75
1772,0.4457298406660602,34.98556668593376,32.45703768445968,0.00915372371673584,0.8
1773,0.34836356726597095,38.113814970842256,31.252016252433393,0.009589445590972901,0.75
1774,0.07293736772909809,22.952852572978962,26.875574819542354,0.009997868537902832,0.55
1775,0.5806796624682355,23.094922045339,18.27083568597006,0.009406840801239014,0.85
1776,0.5400833393242764,17.76547630004799,17.15014577723073,0.009547615051269531,0.85
1777,0.3631613481967616,42.53748179755228,42.857536037137926,0.010180008411407471,0.75
1778,0.36006951776604684,36.789372294880586,17.19770620956411,0.009139919281005859,0.75
1779,0.6300236808565961,17.517802784900738,17.09411904121527,0.009270644187927246,0.85
1780,0.5417509624556452,33.12079395778918,25.123156956611275,0.009047484397888184,0.85
1781,0.7253984586813361,24.667040159570387,24.927851126175963,0.009781169891357421,0.95
1782,0.5502056663942099,33.81005094023364,30.70155583482509,0.01050797700881958,0.85
1783,0.37425637406266105,30.347233478714127,25.627577111789783,0.010313141345977783,0.75
1784,0.336688915771523,42.291559981759555,37.313862410506836,0.010347437858581544,0.75
1785,0.1810142292698934,36.40436328824123,30.058128288089357,0.010144317150115966,0.65
1786,0.30511192765692396,24.909921650030544,27.65840062662185,0.009879541397094727,0.7
1787,0.013410494964522335,34.372267964277384,34.79368452025849,0.009631431102752686,0.55
1788,0.4831802059888807,29.954454772227518,30.932014382578718,0.009133899211883545,0.8
1789,0.5660021142681894,29.283307782382217,30.349548452382084,0.009456419944763183,0.85
1790,0.08655044463554515,48.92043262192422,27.88217891641494,0.00937657356262207,0.6
1791,0.45710061006433056,55.80840758722221,44.94721941906077,0.009298586845397949,0.85
1792,0.45584575538559075,35.820655622808474,21.91996610767533,0.009209203720092773,0.8
1793,0.11694080600963486,48.718709204858385,50.1807918947789,0.009338200092315674,0.65
1794,0.2886840424722593,38.55663122743264,27.375526899093447,0.009747755527496339,0.7
1795,0.256228349702034,38.37902601182955,26.39492499960253,0.00955958366394043,0.7
1796,0.18980465002474475,31.82042925974009,23.67297708693554,0.009345817565917968,0.65
1797,0.07725713398705483,53.599886324556884,29.559245434319696,0.009541165828704835,0.6
1798,0.1701357664655414,38.50561248122692,19.517969684508913,0.009425735473632813,0.65
1799,0.5159822874657075,39.705065559903595,31.24108781898658,0.009914886951446534,0.85
1800,0.24085603682283185,43.574472109868296,39.98855298603707,0.010113537311553955,0.7
1801,0.384360790861621,29.60078092907832,19.419809297755553,0.010237288475036622,0.75
1802,0.2773016469498419,38.091376144858636,38.880843808605604,0.009981167316436768,0.7
1803,0.30939477106071667,24.203660124918486,19.593064715119564,0.009904897212982178,0.7
1804,0.07395450141330394,27.677944765519847,26.02643512720391,0.009981048107147217,0.6
1805,0.48330014602535154,27.38907777789496,30.200225400024152,0.010206794738769532,0.8
1806,0.6763957359355194,24.348681413266416,19.396087444508098,0.010373353958129883,0.9
1807,0.43344734537962387,40.541992876444475,28.51091007074924,0.009654784202575683,0.8
1808,0.4978171247556962,43.96155438558,42.551046208536114,0.009857487678527833,0.85
1809,0.7118433245644767,32.70981669353858,33.60181267030678,0.010107195377349854,0.95
1810,0.6773706211165735,18.87039648982856,18.882056819435036,0.009780073165893554,0.9
1811,0.3588689086594572,36.47587842631899,36.74215577004874,0.009677577018737792,0.75
1812,0.353344044791725,43.13014758874285,31.38720885075465,0.009467995166778565,0.75
1813,0.6600903163802511,33.06758843583072,29.18984485638107,0.009432756900787353,0.9
1814,0.37621656422769445,31.08973604216063,28.690706939349244,0.009516596794128418,0.75
1815,0.5510114787128518,31.243595151029524,33.645063805008725,0.009814596176147461,0.85
1816,0.6664621034272064,22.841997704669343,23.86173851703318,0.009449613094329835,0.9
1817,0.63699039267021,24.857644039790667,25.148605997417448,0.010053658485412597,0.9
1818,0.31893556902117626,24.7577270102089,27.337495061381514,0.010205626487731934,0.7
1819,0.4164673336932013,18.99824559473566,18.844149750537685,0.010045850276947021,0.75
1820,0.5508126837457148,25.695035361415023,26.60649928166315,0.009476041793823243,0.85
1821,0.5506544147909438,25.70896169773592,21.4000389461368,0.009355056285858154,0.85
1822,0.4402002145041939,25.33844565904699,27.260760846416183,0.009091842174530029,0.8
1823,0.47523148423453876,34.312780450046496,37.25056775907493,0.009188675880432129,0.85
1824,0.35257192181619884,33.74310517036103,31.33906995619541,0.009109878540039062,0.75
1825,0.4384297243138051,33.47631277056371,25.36404273212426,0.009350013732910157,0.8
1826,0.3603860506035843,39.72694755436382,31.7815013716207,0.009796178340911866,0.75
1827,0.40067754344519557,36.0865898245979,33.52855559752142,0.009541678428649902,0.8
1828,0.519240485048853,33.57934835052399,30.75499285822388,0.009848368167877198,0.85
1829,0.6095874153334517,22.427181844808008,23.943727820114436,0.010178172588348388,0.85
1830,0.465752831722987,31.96949055154804,23.69926346926554,0.00997161865234375,0.8
1831,0.7374200781063479,27.941374373443324,27.112593340267154,0.00981823205947876,0.95
1832,0.3895836040861417,32.55545390267487,18.866482835780392,0.009392631053924561,0.75
1833,0.3866368776821095,31.28491170795714,23.215598574655637,0.009180712699890136,0.75
1834,-0.04861875603177465,56.83616329839684,26.00961699265179,0.009098029136657715,0.55
1835,0.17387855017015905,36.7155070926557,24.587804932079614,0.0095811128616333,0.65
1836,0.5215167494228028,33.672478399928806,36.11306347740554,0.009442567825317383,0.85
1837,0.3866108036781772,28.75746470421103,25.221205643276853,0.009222102165222169,0.75
1838,0.47564189562727366,30.218479618550496,26.83349833350048,0.009725046157836915,0.8
1839,0.2898057833291501,29.80983368917981,21.826244471038137,0.009348154067993164,0.7
1840,0.4055310739080123,46.37745855157565,45.46702229671488,0.009288203716278077,0.8
1841,0.26717189394853186,35.5332336319636,35.21501128240791,0.009066855907440186,0.7
1842,0.36109077465172146,34.35714689315081,26.08564352880222,0.010605239868164062,0.75
1843,0.5771949756169943,26.137528716692845,22.31115213535182,0.009593486785888672,0.85
1844,0.4411108281749859,30.999743645865614,27.820787134711605,0.009892046451568604,0.8
1845,0.4583319821056264,28.243979833443376,24.54753151027174,0.009488391876220702,0.8
1846,0.0016311036656378453,57.42010999266181,43.53668202125314,0.009500563144683838,0.6
1847,0.2921556387545273,26.90467575360958,24.033792013850597,0.009848237037658691,0.7
1848,0.5865346201489674,25.49222909772663,20.904682752786016,0.00966113805770874,0.85
1849,0.6738640610750888,24.575671227278765,20.26638427952566,0.00969918966293335,0.9
1850,0.4744996791064791,28.243445403050014,30.988699829748818,0.009495830535888672,0.8
1851,0.4300264280301954,41.5851782752598,29.604916270120956,0.009577667713165284,0.8
1852,0.4049107954000455,35.33202494452334,33.36349117795313,0.00987100601196289,0.8
1853,0.7102281671701514,24.338120885720777,18.457526249666998,0.010434949398040771,0.95
1854,0.27213940243670415,34.21486728644223,26.782618699843038,0.010101115703582764,0.7
1855,0.6319619348478838,23.705593295788425,24.236025457069783,0.009771239757537842,0.9
1856,0.1074015224606614,36.53653290978978,25.75920216877202,0.009609675407409668,0.6
1857,0.4829347360156479,24.96886455482317,24.496697829655712,0.009497630596160888,0.8
1858,0.5631926797884915,20.06567545404897,20.372834646787524,0.009794223308563232,0.85
1859,0.34727424818460834,39.35802579596857,39.33919956407846,0.009494400024414063,0.75
1860,0.4514252844137573,22.013839407589362,16.68829448278791,0.009702765941619873,0.8
1861,0.3507169494379636,38.73814195863082,33.23366913308065,0.00961148738861084,0.75
1862,0.3560812419614324,36.48503187938004,23.24830238997974,0.009923386573791503,0.75
1863,0.4935736166538384,23.35948489131552,24.840636973611346,0.009816324710845948,0.8
1864,0.10437846258740442,33.127881424961444,24.067372732433668,0.009467768669128417,0.6
1865,0.2988356404940839,22.023307576897352,16.977420526864332,0.009158658981323241,0.7
1866,-0.07126448070459931,37.69849491165588,37.711882290308544,0.009426546096801759,0.5
1867,0.2439379241574994,19.71906027297857,19.2271523624057,0.009612858295440674,0.65
1868,0.4511489034276882,28.689514711651793,20.283585019446328,0.009638547897338867,0.8
1869,0.7706274369649764,23.60219776022423,23.86690223846804,0.010096991062164306,0.95
1870,0.3764018804054495,30.14201599420749,35.24869081180159,0.009466302394866944,0.75
1871,0.14525247953485984,31.179793751848848,31.30820166650626,0.009634912014007568,0.6
1872,0.5593898383038147,29.765957558882388,24.261397919173643,0.009364116191864013,0.85
1873,0.48119244432207464,23.911533653018942,25.151888871342265,0.009395074844360352,0.8
1874,0.36633429651307775,28.649306814437985,25.980261191167628,0.009925603866577148,0.75
1875,0.3066665256979701,29.082075791980383,20.12778182626112,0.009356987476348878,0.7
1876,0.5626793846420081,28.145104372518215,19.13445152264441,0.009566164016723633,0.85
1877,0.4700149177119696,28.310546277015675,18.959285869683377,0.009267640113830567,0.8
1878,0.15517289943264126,24.044559991838515,19.72559569671613,0.009877192974090575,0.6
1879,0.3850476588315506,29.20953041285039,25.324146238061207,0.009859609603881835,0.75
1880,0.4920312246530772,23.808495487318257,25.703703342401717,0.009809935092926025,0.8
1881,0.5605074167580941,24.895430642984618,24.903396302201827,0.009204220771789551,0.85
1882,0.5746315468858403,24.95216523151768,26.004235317960692,0.009713375568389892,0.85
1883,0.289521278185696,34.09192374061867,27.61630754168568,0.009132170677185058,0.7
1884,0.6529225710280062,24.337576492600117,18.657894219863095,0.009427165985107422,0.9
1885,0.3891379886405571,20.872425891766518,20.101356138883656,0.00914982557296753,0.75
1886,0.48960908692802746,17.81322561681867,17.577907819421554,0.009396505355834962,0.8
1887,0.35925836946295864,25.34456408221039,27.55172342067053,0.00982980728149414,0.75
1888,0.6495778940708424,22.35571498560403,22.788969901447224,0.009458374977111817,0.9
1889,0.291032517245768,25.562199841813197,21.52977831710179,0.01024268865585327,0.7
1890,0.3853256655638235,24.0501878484763,19.244046829008035,0.010741651058197021,0.75
1891,0.43678928470274736,22.818214502756,24.830574150948465,0.010318684577941894,0.75
1892,0.16145358947158053,19.615586695067844,21.56152023501338,0.009617280960083009,0.6
1893,0.45885353607404983,35.06942121662053,38.659470811005704,0.009029483795166016,0.8
1894,0.4844827265819439,23.687745796859026,25.230222574188478,0.008909881114959717,0.8
1895,0.7617555650026742,19.6889329885023,19.812740477305482,0.009184467792510986,0.95
1896,0.42662985660246855,33.55946464859699,25.336599402637663,0.009184598922729492,0.8
1897,0.34077366655323865,17.02897597476852,17.220859471606513,0.008937370777130128,0.7
1898,0.39669197780278104,28.08207535129028,32.27729232575139,0.00985347032546997,0.75
1899,0.6761278100109541,19.14849273631526,19.122070665680535,0.00936131477355957,0.9
1900,0.5814185508555432,23.300192793811785,18.05710613448346,0.00932246446609497,0.85
1901,0.6578531425147641,24.269762906134662,24.771804152630473,0.009114706516265869,0.9
1902,0.7397339301361585,25.831799229463655,26.41533584964914,0.009029805660247803,0.95
1903,0.558361603407663,26.54542785009342,22.552789425321215,0.009009993076324463,0.85
1904,0.35345504127305616,33.73064130726594,31.56770825102707,0.009178340435028076,0.75
1905,0.3150475540772443,32.43623716889344,30.135034989202303,0.00948864221572876,0.7
1906,0.39336303524628047,24.345809371239774,17.300871982568594,0.009486401081085205,0.75
1907,0.6761018478744895,18.97473979555612,18.734932027117324,0.00963907241821289,0.9
1908,0.8496298400313597,22.93213217541566,22.93213217541566,0.009718918800354004,1.0
1909,0.6388687964090367,24.743900079060335,25.66255778605759,0.00962998867034912,0.9
1910,0.42084006516083594,20.885424304280317,20.947579744789724,0.010081744194030762,0.75
1911,0.3992968808418996,27.038757169838334,23.84768927327193,0.009408056735992432,0.75
1912,0.3747534721535817,25.140434725799317,26.431247525112,0.0093916654586792,0.75
1913,0.5756773035967833,29.8567735080599,32.17309076256193,0.009679591655731202,0.85
1914,0.22544199226982892,21.002997814014087,20.17452883423634,0.009266698360443115,0.65
1915,0.4883634190327144,24.34101917298154,25.867733376539807,0.00932222604751587,0.8
1916,0.5635392488099984,28.984456112757414,25.12592795707465,0.009469354152679443,0.85
1917,0.42376370843372835,40.062939018850784,39.293364425254495,0.010074806213378907,0.8
1918,0.5821091850345438,18.76515880491994,18.87725893831827,0.010138130187988282,0.85
1919,0.4431103028717656,28.594809162225886,24.90535880590329,0.00979006290435791,0.8
1920,0.05330163802337131,44.30835720041054,29.11419525483636,0.009896481037139892,0.6
1921,0.5566193406291563,28.3693596201591,24.66513266785311,0.009774482250213623,0.85
1922,0.43630966535097937,33.83579868710616,31.376541760389713,0.00969463586807251,0.8
1923,0.6592943996834031,17.335993185712216,17.211713282868164,0.009115207195281982,0.9
1924,0.19852286399827196,38.13224433228966,19.09401531548819,0.009258997440338135,0.65
1925,0.24030237346848837,47.590668829261475,33.90915592020925,0.009242844581604005,0.7
1926,0.3700591598128568,26.765686202045508,16.348084362881483,0.009333992004394531,0.75
1927,0.18274947823078075,34.57972204548488,34.18809153101742,0.008729171752929688,0.65
1928,0.4464986944505184,25.25865836773133,19.730093521975334,0.00846482515335083,0.8
1929,0.24356681780789585,52.593987890779474,31.11088956109292,0.008647549152374267,0.7
1930,0.13196485911684502,53.171239405009125,25.679817466287094,0.008859336376190186,0.65
1931,0.5201893931531071,37.629497291209894,34.68930333226997,0.009076070785522462,0.85
1932,0.484456751279131,29.91973431621222,27.328654620885267,0.008958745002746581,0.8
1933,0.4639020613354923,23.05723830775451,18.32714851637926,0.009177577495574952,0.8
1934,0.4008384327442279,32.164961397096285,24.457089761542,0.009345722198486329,0.75
1935,0.414640279546964,26.212549475632517,20.67127861951489,0.009466767311096191,0.75
1936,0.3675362426318772,28.067938793144073,18.973816182604203,0.010442543029785156,0.75
1937,0.39063339325597407,28.025756994960346,31.347034559116462,0.010328364372253419,0.75
1938,0.22268795855978474,31.761065805096866,40.51965912670185,0.009404432773590089,0.65
1939,0.3968627344613059,28.469401618922724,25.104209410607055,0.009817969799041749,0.75
1940,0.45667282640798523,33.82219930732127,31.99468077279869,0.009215939044952392,0.8
1941,0.6070307021190756,26.105078983861745,26.782994455968687,0.009026038646697997,0.9
1942,0.3779814396187139,33.0677949849841,31.99289791147974,0.009710240364074706,0.75
1943,0.5344780900941736,29.377338285648783,29.933475480020068,0.009834396839141845,0.85
1944,0.14941313420630647,44.20101897056634,27.590283026550914,0.009658110141754151,0.65
1945,0.71293497537984,34.52731731920401,30.546828650379464,0.009436988830566406,0.95
1946,0.4197281866568992,45.66250360952745,33.56657395303074,0.010229241847991944,0.8
1947,0.35814991644027466,39.69950175259091,19.749407970918817,0.009196794033050537,0.75
1948,0.43706727389326766,39.91804541317784,39.54975878875007,0.008857536315917968,0.8
1949,0.5574363060911095,31.08466017112778,25.90314892743811,0.009208166599273681,0.85
1950,0.3738591666370326,30.542653051210447,21.52602489448708,0.009046328067779542,0.75
1951,0.3502071418871363,33.34666743369928,26.048434607149098,0.008794116973876952,0.75
1952,0.4161492775818548,38.10406610562502,36.04942686716667,0.009133863449096679,0.8
1953,0.25378943605640913,36.82045247053795,31.584476182481616,0.008775651454925537,0.7
1954,0.39403756515262767,24.55286031302455,19.02194589791753,0.009038293361663818,0.75
1955,0.1938648198092131,32.45978542862504,33.87310689216294,0.009322869777679443,0.65
1956,0.46494931851263815,36.68811322523358,29.275970037009863,0.009448587894439697,0.8
1957,0.38116682699162047,29.50072244687899,20.40647335807997,0.009230601787567138,0.75
1958,0.6095951820173603,26.72783987840384,22.05551055914735,0.008541595935821534,0.9
1959,0.5316948876212269,26.788610150869935,21.45819478792508,0.00854032039642334,0.85
1960,0.5318185404573269,37.3620820379993,34.86212636592127,0.008998095989227295,0.85
1961,0.4571854463412864,29.43601907453492,20.211329488254975,0.009194564819335938,0.8
1962,0.5022240093497329,39.70019320029632,37.83852902799199,0.00951242446899414,0.85
1963,0.5206974105466207,34.40708081594207,31.826631772016093,0.0095939040184021,0.85
1964,0.5465441216635594,33.44362260582832,29.985904886976975,0.009612274169921876,0.85
1965,0.45094410356400116,37.48028600563843,22.7648671702493,0.009458863735198974,0.8
1966,0.591848661401707,38.917505842432355,35.020723158393416,0.009330391883850098,0.9
1967,0.5178396532131755,50.886177757972014,53.99681098980764,0.010009956359863282,0.9
1968,0.617440225169524,29.516929622030727,25.20805403999272,0.010298013687133789,0.9
1969,0.5225191048891317,32.94135135368642,24.753664562048932,0.010174214839935303,0.85
1970,0.4457603683303005,31.19796072746139,22.467969709679302,0.00981743335723877,0.8
1971,0.5540464732096322,29.125573098698872,25.410216013813624,0.009713065624237061,0.85
1972,0.5181228953300523,30.101810865198978,26.646180723390554,0.009499442577362061,0.85
1973,0.2745243713043281,37.50202634640953,18.619200252673636,0.009278488159179688,0.7
1974,0.3505724758544155,43.82120505800483,32.275741595639644,0.009434890747070313,0.75
1975,0.3465033924120278,31.713725492205715,22.21427452782543,0.010112273693084716,0.75
1976,0.5274093709032355,33.720031714226074,30.74499813348538,0.0094490647315979,0.85
1977,0.3211830449026534,36.59359754080303,28.956339666485324,0.010057711601257324,0.75
1978,0.310820097904882,31.970166389254494,22.85587024682405,0.01011430025100708,0.7
1979,0.2059195672540735,26.16066151204695,24.242725523767927,0.010059988498687744,0.65
1980,0.39769888112067886,32.637111598127476,18.76492450805388,0.010009205341339112,0.75
1981,0.5773621566037522,21.287724489102025,20.62943176494155,0.009632742404937744,0.85
1982,0.04850554452715326,48.59765796561531,37.593487138353716,0.009501707553863526,0.6
1983,0.23462244920946254,26.467319644348173,24.538388829249108,0.010095691680908203,0.65
1984,0.3256037349531248,44.19643669414827,39.91267812417054,0.009516501426696777,0.75
1985,0.5348305897376946,29.25722398935948,30.83022966906114,0.009196817874908447,0.85
1986,0.3062815501700996,53.776996628463266,45.90855758492238,0.009247386455535888,0.75
1987,0.49556850091928706,30.67203082265607,27.51444775153051,0.009498810768127442,0.8
1988,0.403681699434628,28.81596459699248,18.798936321983987,0.009513449668884278,0.75
1989,0.46310032895833303,24.764891115568798,18.820218603711705,0.00941840410232544,0.8
1990,0.5296169712034802,31.39058165985236,22.264321615180442,0.009107184410095216,0.85
1991,0.5326024586205496,40.60719916541912,37.33765987402493,0.00898897647857666,0.85
1992,0.18890332969607876,30.55779189723841,25.391156079466764,0.009209668636322022,0.65
1993,0.36611044292324474,31.827811934675005,28.831592919700384,0.008930003643035889,0.75
1994,0.3874111057706154,31.214003678182728,32.97863244547871,0.00910559892654419,0.75
1995,0.3131636344740571,23.499291637131368,21.972634347618108,0.00924149751663208,0.7
1996,0.4899589030453882,30.367861558719824,28.320262852168355,0.009396016597747803,0.8
1997,0.3978770473235496,20.0418238180336,19.619598367021084,0.009851479530334472,0.75
1998,0.6361679290400781,29.019186436151607,25.26568171986763,0.009115421772003173,0.9
1999,0.08660458316718288,38.12430791935108,34.72220922166859,0.009054255485534669,0.6
2000,0.448768978516137,30.764507202234757,28.62422642313709,0.009170472621917725,0.8
2001,0.4935655610959889,28.22074790185381,18.467779317002268,0.00945127010345459,0.8
2002,0.12577690412362488,34.97796370316394,30.14685912815474,0.009656333923339843,0.6
2003,0.4499226147252452,30.5967908459639,26.301978624503974,0.009598612785339355,0.8
2004,0.42707652607388535,39.06358830463389,37.34426067053515,0.009671318531036376,0.8
2005,0.36158407517315716,33.9202458586961,26.593260676025384,0.010304701328277589,0.75
2006,0.640434033433409,27.939112526460054,23.63704120700426,0.009961843490600586,0.9
2007,0.46238437661577353,37.98555754281746,31.282594999448726,0.009354758262634277,0.8
2008,0.37963512774528757,28.14181247980547,25.161504387860916,0.00858241319656372,0.75
2009,0.3596055197636842,25.198487810283083,27.593845815557582,0.008900606632232666,0.75
2010,0.5330116827982752,28.719646718099916,19.046842495883595,0.009694552421569825,0.85
2011,0.44243087885926335,38.84548885765335,26.242728360690307,0.009562885761260987,0.8
2012,0.21244534052460642,42.44484134135461,31.069623549430926,0.009642910957336426,0.7
2013,0.46549722723354225,43.38148068380876,41.71351969170835,0.009661638736724853,0.85
2014,0.2688118115773761,39.87597191896802,36.12583026613943,0.009697794914245605,0.7
2015,-0.11798871041260664,52.21935748332504,38.28823044851552,0.009752655029296875,0.5
2016,0.4533731695062774,32.28102440827307,34.575682047599734,0.010242509841918945,0.8
2017,0.44543674803898015,32.664225641566226,24.188941906739366,0.010028719902038574,0.8
2018,0.43248305115146424,19.047997121200755,19.47359818107301,0.00953843593597412,0.75
2019,0.45147781758222366,32.70772114202322,25.325036836459304,0.009969592094421387,0.8
2020,0.447482836013248,27.70572657857273,23.569756430865027,0.009296417236328125,0.8
2021,0.29958549003573404,47.5554730659091,45.529619748221215,0.009040701389312743,0.75
2022,0.1797631887091461,60.681821167259,43.643113157531786,0.008977949619293213,0.7
2023,0.446654818235363,36.861998469589096,23.967959313950544,0.009102535247802735,0.8
2024,0.5590897867245227,22.900913296553185,18.14943171116083,0.008919739723205566,0.85
2025,0.3766588876958693,32.034207735220605,30.578545339451605,0.008946049213409423,0.75
2026,0.3320126613516824,40.22750507077871,34.57514936370261,0.00982823371887207,0.75
2027,0.48619802517414223,23.629535998777335,25.755523258648637,0.009731900691986085,0.8
2028,0.3653661216292957,28.244811027491078,22.99667074419989,0.008993732929229736,0.75
2029,0.30457750357128843,43.713972224929314,32.04345037567902,0.00915367603302002,0.75
2030,0.35071728954478276,40.446162729726254,36.26249212901088,0.00927037000656128,0.75
2031,0.47037906919009814,29.24550332527857,26.169576498408883,0.009401547908782958,0.8
2032,0.5247220740932581,34.45727507255256,36.645213434559665,0.009343290328979492,0.85
2033,0.3407838190442869,18.942073298042303,18.755416205650395,0.0089441180229187,0.7
2034,0.6691687677734737,25.602933008012165,21.449079332898368,0.008847355842590332,0.9
2035,0.48323376738120993,27.857757680050526,29.838283020307806,0.008733046054840089,0.8
2036,0.3971589314499414,24.35564735298434,17.944431941152818,0.008415281772613525,0.75
2037,0.47866992266637726,27.126428313943556,23.390892856127927,0.008707261085510254,0.8
2038,0.22693995249202487,40.27884857464893,21.01869478347545,0.008619916439056397,0.7
2039,0.22228566627746166,27.05836970340983,22.209226701473977,0.008929431438446045,0.65
2040,0.5839305335535554,21.157058141173174,21.763603479397144,0.00916604995727539,0.85
2041,0.3345710552439836,21.14682914523243,21.96686052745943,0.009303009510040284,0.7
2042,0.60623475135233,39.11033528228672,31.227885020434623,0.009310376644134522,0.9
2043,0.3353038547193353,49.874242727540036,34.26922293753917,0.009764540195465087,0.75
2044,0.31912534259991643,39.407521146731014,26.091581816755056,0.00973682403564453,0.75
2045,0.5635691502539344,28.123344345298676,18.956820684934883,0.009277641773223877,0.85
2046,0.37717483805004837,27.701363034806263,18.076846848275828,0.00906435251235962,0.75
2047,-0.02982892244161626,52.90190635767012,52.53744900415879,0.00916118621826172,0.55
2048,0.6915188188159463,33.233298301867535,34.14762770032246,0.00993332862854004,0.95
2049,0.2036944064330471,35.91496454306698,23.42680274856501,0.010110700130462646,0.65
2050,0.535829908615872,32.997677387574036,29.76714863079,0.00945953130722046,0.85
2051,0.45474407496366254,35.94233254025472,28.27331771959034,0.009606719017028809,0.8
2052,0.46651740988045887,38.02717164754388,31.34598317606656,0.009402692317962646,0.8
2053,0.44153497452154866,25.14198329508966,25.657250357708822,0.010103166103363037,0.8
2054,0.23314319174535486,34.507569701554914,27.794070234424378,0.009617269039154053,0.7
2055,0.36300887076902094,30.306842568266525,21.501487361019937,0.009728777408599853,0.75
2056,0.27781845679648426,35.29217001167591,28.414909603359146,0.009780991077423095,0.7
2057,0.27226521757940175,32.95738936874723,24.848564814797815,0.010606515407562255,0.7
2058,0.19594287878581634,39.8150497324673,28.263216814835726,0.010397624969482423,0.65
2059,0.5328917717955536,26.09363889371756,27.770018915520733,0.009305977821350097,0.85
2060,0.26102695806390247,42.23199422268607,24.919025525952957,0.009179174900054932,0.7
2061,0.18414623220577075,39.64912141786646,21.56121168744464,0.009306955337524413,0.65
2062,0.2032835513613293,33.57057564218233,27.095734259575824,0.009290981292724609,0.65
2063,0.4432897628201646,35.19433431343337,33.8106701488943,0.009090721607208252,0.8
2064,0.47713874747776347,26.741943842564392,22.996149795858667,0.009514832496643066,0.8
2065,0.25478432530968564,17.945191561481675,19.40241493118258,0.009393060207366943,0.65
2066,0.30114646367021336,32.77915604015999,31.989143090811385,0.009713959693908692,0.7
2067,0.21140433647780665,41.49511351535686,45.09575163044668,0.009061384201049804,0.7
2068,0.3165821740487741,29.342154884808377,16.840701691173486,0.009295141696929932,0.7
2069,0.7441003157957977,28.465075681307592,24.290956384965543,0.00959407091140747,0.95
2070,0.5688966747232493,33.612341617246216,30.749858260006498,0.009114205837249756,0.85
2071,0.346164291328875,40.073186558465814,26.492082470229185,0.009863626956939698,0.75
2072,0.423764822125462,40.05910988938429,33.5410640368103,0.010115396976470948,0.8
2073,0.48313611185691696,33.518858216015985,25.45330243938802,0.00975114107131958,0.8
2074,0.3661944126500431,34.73871264944029,27.037155473746015,0.008809292316436767,0.75
2075,0.32997934291795966,39.43661891004928,26.67839320473987,0.009247756004333496,0.75
2076,0.33467195261300703,39.0255120468626,25.52148337905254,0.009088778495788574,0.75
2077,0.6409703279076904,29.268204419433555,30.44087966616633,0.009091639518737793,0.9
2078,0.47237204172101654,31.564767063034765,23.354319779191165,0.00908445119857788,0.8
2079,0.18184947153425,34.219755044281314,35.61882376396794,0.00868983268737793,0.65
2080,0.4153176778489917,39.44254268561196,21.275173485745725,0.00898972749710083,0.8
2081,0.5400559292266423,26.17270743083868,27.97596675457589,0.010164928436279298,0.85
2082,0.272853505937334,33.58092182023226,32.064807256657346,0.010102951526641845,0.7
2083,0.1829284739652382,30.842540787034004,15.51694091423108,0.008806335926055908,0.65
2084,0.5820947030279918,24.52382251725434,19.591374143981035,0.00879441499710083,0.85
2085,0.3978732263361982,19.06033928249426,17.990369054682514,0.009380137920379639,0.75
2086,0.30886957023245765,28.10056668740841,25.174218292728735,0.009729373455047607,0.7
2087,0.4286326454320106,31.8345266814154,29.2883564005687,0.009441757202148437,0.8
2088,0.37625844562580746,38.84737411549102,25.601065246836722,0.008907771110534668,0.75
2089,0.38645224943776635,23.603629282901196,19.238278106526117,0.0087851881980896,0.75
2090,0.6977919392016572,26.959132890510933,22.206614796734634,0.008857357501983642,0.95
2091,0.36475449850112096,33.708402871133366,26.0417403759688,0.00889418125152588,0.75
2092,0.5868203576811906,26.061639573006925,25.491496410642494,0.008661115169525146,0.85
2093,0.6762449627693321,28.66601575796753,24.53912787076076,0.008844459056854248,0.9
2094,0.31872631150244096,24.308348676455267,19.418726404761163,0.009137916564941406,0.7
2095,0.4270129613965249,21.473061425636462,21.091520438102645,0.009125852584838867,0.75
2096,0.2516029988416729,32.99620332963547,33.29067396938758,0.009305870532989502,0.7
2097,0.19448438571675247,33.023082728849076,18.35745221219795,0.009870624542236328,0.65
2098,0.4168978373651573,20.492081556214075,14.569999437753125,0.009782052040100098,0.75
2099,0.5196541696915198,36.01793636775211,39.95298410375114,0.00936112403869629,0.85
2100,0.6100180914969674,35.71128225114349,31.737319955726903,0.009307944774627685,0.9
2101,0.5462762506767611,51.15061603272654,49.4053831727519,0.009459078311920166,0.9
2102,0.2782811899723405,29.79296647948279,27.895868090351108,0.009138333797454833,0.7
2103,0.583235368480691,24.43632663536512,20.13514144921899,0.009265697002410889,0.85
2104,0.2769098764059586,33.76152187876421,27.20299186642901,0.00990593433380127,0.7
2105,0.4764259396929262,28.912751313325238,20.08406633551018,0.009456157684326172,0.8
2106,0.4652790770735672,24.644138154631644,20.01180997992929,0.009259331226348876,0.8
2107,0.4985926485235789,42.55866354713838,35.94036291532042,0.009717798233032227,0.85
2108,0.3397559948801088,41.17612723634688,35.083240989085894,0.009580755233764648,0.75
2109,0.03828289915233573,24.382714387411088,18.592367103900887,0.009558510780334473,0.55
2110,0.32160173481499316,22.703787229978428,18.59597675860913,0.009925830364227294,0.7
2111,0.23472216715407113,43.04475769425442,32.927885986639936,0.009325146675109863,0.7
2112,0.4922026103626681,24.05254914675485,19.06824593991937,0.009428024291992188,0.8
2113,0.4730884479873353,32.787161067615514,23.580393712571386,0.00939476490020752,0.8
2114,0.29145841862598487,30.344293629542143,21.351126585976143,0.00940086841583252,0.7
2115,0.008158951844412177,36.88429364230435,25.669873906226055,0.009331762790679932,0.55
2116,0.6113922062583649,36.88414355161712,33.221577972708104,0.009784090518951415,0.9
2117,0.5479555340725546,29.152072145558474,25.695951180274218,0.010209906101226806,0.85
2118,0.3354541296007879,27.384325606210695,25.14222686501686,0.009420716762542724,0.7
2119,0.4610359391943761,29.010975306773265,18.043104928032438,0.00954422950744629,0.8
2120,0.32569733341815066,28.74057679330043,31.968026073456993,0.01045818328857422,0.75
2121,0.7299026447247537,28.748416010694303,29.457059913267727,0.009259402751922607,0.95
2122,0.6649236935905986,21.367793099391797,21.39024671504691,0.009186661243438721,0.9
2123,0.40952221378324144,29.085527582479017,26.41805205611738,0.008882868289947509,0.75
2124,0.34970224195725663,18.518888294736623,19.326757537122855,0.009256350994110107,0.7
2125,0.3676431800987271,34.96290988888835,27.30763769751459,0.009129679203033448,0.75
2126,0.5520243067006956,34.33538128199985,30.174730974066705,0.00985558032989502,0.85
2127,0.27060376432085487,39.326831024598334,42.15082665446271,0.009605300426483155,0.7
2128,0.35263581311434233,38.84310890515683,38.63405063656842,0.008942270278930664,0.75
2129,0.33529446348896613,17.412117938521103,16.539605842874433,0.009219634532928466,0.7
2130,0.5428209060069096,35.79792618148783,27.762192940411285,0.00987105369567871,0.85
2131,0.45831740527917103,38.626007971994895,31.358796614670013,0.009857535362243652,0.8
2132,0.37850742321197745,32.17709138261637,24.587268615030805,0.009361624717712402,0.75
2133,0.5314043500474266,17.927187924888873,19.314963936274246,0.009446442127227783,0.8
2134,0.44429474415191905,31.610227656285275,21.69736763630932,0.009413111209869384,0.8
2135,0.30769588949784804,24.824310878638553,19.759317108250226,0.008933174610137939,0.7
2136,0.41097195355902166,23.240629977244375,18.531725973462393,0.010333991050720215,0.75
2137,0.48594476615386595,23.616560611090335,19.012435382345323,0.010245096683502198,0.8
2138,0.39410621387410905,24.987189133979616,14.879194849131181,0.010212552547454835,0.75
2139,0.2899672765991427,33.07436102256425,18.84607611921823,0.009904003143310547,0.7
2140,0.589095034935694,25.645242507078706,21.170772005324736,0.009810698032379151,0.85
2141,0.6148920692529755,32.641752092590075,34.43804142927312,0.009141433238983154,0.9
2142,0.5081532119812888,40.715418573076306,33.01393970370069,0.009103977680206298,0.85
2143,0.5179954669538229,37.436570359223126,29.436265680938316,0.009360742568969727,0.85
2144,0.45106705959238447,33.47872102769047,30.947794996514588,0.00945267677307129,0.8
2145,0.07919740974760872,39.24043420091367,28.95406377666326,0.009797823429107667,0.6
2146,0.20548211590198226,38.82785509154883,35.8820110262896,0.009496891498565673,0.65
2147,0.14209889519665014,45.24449914775921,45.92698492905878,0.009769773483276368,0.65
2148,0.10138563917629025,38.66078554835739,29.270994641945567,0.009322404861450195,0.6
2149,0.39602811211041933,23.838367785706957,26.412169770789053,0.009411990642547607,0.75
2150,0.32718623230924576,37.32290956978444,29.575657070989717,0.010312998294830322,0.75
2151,0.5296760645060722,36.55416727313376,28.031932463124296,0.01008455753326416,0.85
2152,0.5259963342032534,25.183694706638384,25.863118324142196,0.01100538969039917,0.85
2153,0.437054169278703,39.69791043779678,33.011738791029956,0.009891557693481445,0.8
2154,0.5055802864116125,33.61488147481421,30.878155213870293,0.010858881473541259,0.85
2155,0.21576356855603765,33.4333540043622,17.71515431366988,0.01095592975616455,0.65
2156,0.4297402128266411,20.99351780945937,15.20304405884777,0.00971146821975708,0.75
2157,0.35357552376394946,39.22246132173883,37.99808276008273,0.009561371803283692,0.75
2158,0.3709906016427602,34.51685672602853,39.847889069181974,0.009602248668670654,0.75
2159,0.3763759173643047,27.707097676943732,24.732579504600558,0.009235727787017822,0.75
2160,0.28616310635650555,27.940239648931716,32.60105657056788,0.009467756748199463,0.7
2161,0.5811163086266686,27.20858892259764,23.893892241469654,0.009178173542022706,0.85
2162,0.10846951577156574,36.970987840624716,25.967590971767397,0.009545433521270751,0.6
2163,0.5708164282804722,23.459733807515526,24.414313166922877,0.009472203254699708,0.85
2164,0.43658205387817767,35.32236137937518,34.38990775928692,0.009806513786315918,0.8
2165,0.47988875526255137,24.49404749316878,25.905800317875112,0.0102059006690979,0.8
2166,0.42462477675733723,38.83887525077405,32.15189048034613,0.009799349308013915,0.8
2167,0.46739581220609094,30.214879952602168,20.15241019879748,0.008971202373504638,0.8
2168,0.38161814741452443,23.141505414834402,18.715367405325253,0.009631085395812988,0.75
2169,0.38760949003897727,23.442834182203335,25.330586326067042,0.009544920921325684,0.75
2170,0.4905367447138314,16.455645979906567,16.465407601963513,0.009549319744110107,0.8
2171,0.6373871792674713,29.21285658818251,25.26814551425885,0.009137201309204101,0.9
2172,0.43018423043200443,34.61136187087631,32.599049422808974,0.009582984447479247,0.8
2173,0.2670235419481555,32.420233650633485,31.92399941277073,0.009745502471923828,0.7
2174,0.3771721163031489,29.624537416381052,26.63574941610204,0.00956350564956665,0.75
2175,0.5528039329001249,33.908353209180476,36.67830197062811,0.009584319591522217,0.85
2176,0.46910881638706237,32.34068144990421,29.56459456950439,0.009917712211608887,0.8
2177,0.5756993121221881,24.491573453230995,19.909823261951203,0.009451615810394286,0.85
2178,0.595457097100303,23.43210143120293,18.684285736086167,0.009306800365447999,0.85
2179,0.48946454633428826,25.183211179064898,19.75729217432383,0.009138858318328858,0.8
2180,0.7442128035176638,25.09446908553884,20.14684385400794,0.00907524824142456,0.95
2181,0.5056391545703915,25.276598317303357,20.003405981848417,0.009059369564056396,0.8
2182,0.8146048414967295,28.866875822767987,28.866875822767987,0.00915616750717163,1.0
2183,0.5477032700808768,25.939830708607495,27.05321682584286,0.009052884578704835,0.85
2184,0.2278029454931591,25.039040032312876,20.025316436102813,0.009098470211029053,0.65
2185,0.17951922884246801,32.19262436958666,40.036362283647286,0.00940721035003662,0.65
2186,0.12676107997966463,26.80378652977148,16.73638046720996,0.009236133098602295,0.6
2187,0.461230642510188,24.395114673149685,25.912432608608125,0.009104061126708984,0.8
2188,0.6997745325572788,29.304089209573327,29.752532479942595,0.009242582321166991,0.95
2189,0.38258993115552486,27.80633870264537,31.27203674598,0.009524869918823241,0.75
2190,0.4413081036130734,33.37212001930972,19.91937599035354,0.009415209293365479,0.8
2191,0.3991825110802243,30.832651247650524,20.84982100144325,0.009496951103210449,0.75
2192,0.38591431267538734,25.59344740074159,28.59984673643162,0.010772252082824707,0.75
2193,0.6474404548622287,34.571287218730795,30.740785220407556,0.010205543041229248,0.9
2194,0.20082722660317046,28.97358510798579,28.587664651301512,0.009987330436706543,0.65
2195,0.28782533874899446,43.76276297029203,32.67303193146849,0.009921348094940186,0.75
2196,0.36408531610439815,34.188570679828345,24.483496465765462,0.010131168365478515,0.75
2197,0.4561821734461985,29.79674468964169,20.116814593125255,0.009716033935546875,0.8
2198,0.45383934490137506,34.45666246457971,26.513757617695262,0.009820330142974853,0.8
2199,0.34617554189996336,29.259991801387237,20.670201153976517,0.008981311321258545,0.75
2200,0.2463603472418642,40.984851374897644,37.036456978803514,0.009518778324127198,0.7
2201,0.658631797567966,21.028188493220235,21.500523773244538,0.00907273292541504,0.9
2202,0.582189308901744,20.75734617919629,16.253641414809557,0.009019339084625244,0.85
2203,0.46922626386227895,24.417775666757258,19.823140538665836,0.009036898612976074,0.8
2204,0.39592672880021856,39.64475694904643,44.91324048734678,0.009173583984375,0.8
2205,0.015777320265857504,38.30897578363546,20.07112465759345,0.009270679950714112,0.55
2206,0.44364947646503816,30.915668248879882,27.947252579059853,0.009994995594024659,0.8
2207,0.4815058211235169,24.60564709325655,20.04128138859846,0.009536051750183105,0.8
2208,0.6620277018885177,20.423333029733787,20.286224836711877,0.009585309028625488,0.9
2209,0.49806462064105006,35.98933474223003,26.275752786496035,0.009454572200775146,0.85
2210,0.4916439201350973,34.314189768333925,25.067045608640925,0.009121572971343994,0.85
2211,0.4701996670180086,24.976231039121817,19.115295361972947,0.008809685707092285,0.8
2212,0.24760192959167354,38.413664737097406,40.65795696173281,0.009663856029510498,0.7
2213,0.1330140431463977,42.90870237221617,33.25193409022018,0.009210848808288574,0.65
2214,0.19491354794376609,39.12169331695408,27.37225292837479,0.009275054931640625,0.65
2215,0.4699209735038873,31.70258205948885,22.75548323544696,0.009963560104370116,0.8
2216,0.42019502577765666,22.86576401007458,25.28894116144125,0.010121691226959228,0.75
2217,0.3746246099417517,30.309635664369956,27.077267358954167,0.010013484954833984,0.75
2218,0.3506973926583691,39.59015997843743,26.481154406058543,0.010162138938903808,0.75
2219,0.44019715357253464,33.85935411611315,32.42765637356584,0.009262430667877197,0.8
2220,0.2382459789769637,24.684784188387233,27.62404708594374,0.009204888343811035,0.65
2221,0.372263875635842,34.63465748913805,26.30296130080776,0.009313321113586426,0.75
2222,0.40054916224717363,21.86818126024525,24.052931242941124,0.00949392318725586,0.75
2223,0.552873088112791,32.505563124869596,30.279709505652683,0.009445512294769287,0.85
2224,0.22032585376741123,29.17605402933217,26.71256053402686,0.009306252002716064,0.65
2225,0.47106241149275874,25.55665137879614,26.524040861516113,0.009356796741485596,0.8
2226,0.4061035611326904,29.07806978179595,19.930726718012284,0.009615778923034668,0.75
2227,0.582563400289699,22.550557791399925,18.26036399966382,0.010619819164276123,0.85
2228,0.5153781004990331,39.040477061562584,36.55908146492822,0.010137379169464111,0.85
2229,0.3243878463290443,26.426716342486912,20.499938067295982,0.00973823070526123,0.7
2230,0.5317547356590008,38.07051228204831,24.36597467750258,0.009801733493804931,0.85
2231,0.605774363711536,40.232937501204304,31.628735252916684,0.009657466411590576,0.9
2232,0.2643410418394937,35.025085010401064,32.99733444971268,0.009444451332092286,0.7
2233,0.3405168163856832,40.69369090020713,35.0454714031034,0.009746873378753662,0.75
2234,-0.006932730581305441,49.602970155849285,56.196033617482605,0.009203433990478516,0.55
2235,0.3211874056527074,24.07301020436523,19.81764785097995,0.00910947322845459,0.7
2236,0.05614859168422466,45.36955117090851,32.31460667269988,0.009162557125091553,0.6
2237,0.15524512909256985,28.10001983225992,18.33495031831782,0.009708034992218017,0.6
2238,0.3817534471925836,32.73154314676106,31.10488137092681,0.00903167724609375,0.75
2239,0.6468617942927488,28.272492833137186,24.312662179113612,0.009383857250213623,0.9
2240,0.41578263574384505,45.61899153532016,39.12000388133444,0.009607696533203125,0.8
2241,0.5397854346846402,35.69859592629563,33.336043227797084,0.009598708152770996,0.85
2242,0.49326953142599644,37.223508886029265,35.04370298953415,0.00984363555908203,0.85
2243,0.5392480333329325,34.83029082197723,32.51001435115171,0.009502208232879639,0.85
2244,0.22654338777053779,36.650553704134936,15.325366351669402,0.009331929683685302,0.65
2245,0.6195427972658007,32.085133438901174,28.43705436959039,0.009874939918518066,0.9
2246,0.7336496482687276,25.153615820662626,20.66021737167602,0.009047019481658935,0.95
2247,0.3526726113624635,31.565645021982068,28.60024373780768,0.008992981910705567,0.75
2248,0.3554311774418232,40.41460468858038,28.67978958747184,0.008978521823883057,0.75
2249,0.318484353853365,49.079618175079624,33.40373001937823,0.00875915288925171,0.75
2250,0.11847357044258897,32.74307255852149,24.385771530187128,0.009118890762329102,0.6
2251,0.4177109541508276,43.976868539246844,37.304414110941295,0.00951089859008789,0.8
2252,0.32756916680330384,41.94904584172052,30.80791391164451,0.009119045734405518,0.75
2253,0.618122034491397,29.046806525560136,30.30933717288988,0.009079384803771972,0.9
2254,0.2529794038012046,40.535763696271815,44.27803619015716,0.009804677963256837,0.7
2255,0.0934172984481176,37.62651132813407,25.544244880987932,0.009689342975616456,0.6
2256,0.3269806334044686,32.81475286888503,24.140706990466068,0.009563469886779785,0.75
2257,0.3947343470723289,31.96077587867701,17.61918894908884,0.009190785884857177,0.75
2258,0.4583845473261251,37.37444474968453,24.253662024151637,0.0094404935836792,0.8
2259,0.3157507260302935,41.01788374716303,28.93275994008229,0.009268760681152344,0.75
2260,0.7018286725173215,29.023039442217716,29.571517097315134,0.009023928642272949,0.95
2261,0.19220161233940541,34.491218893039495,35.000408526122406,0.009075021743774414,0.65
2262,0.28398019583284834,34.99262342459342,28.755388820547825,0.00904078483581543,0.7
2263,0.3071100980785993,28.47420764479786,18.649349911871575,0.009498345851898193,0.7
2264,0.5305198611807752,34.853148382199414,31.734876603976165,0.009332942962646484,0.85
2265,0.40889223367781885,41.106054390512725,40.687864283624215,0.009161055088043213,0.8
2266,0.49463382280224844,26.093513155485436,20.69134722562184,0.009736371040344239,0.8
2267,0.45672079168204804,32.90579108922595,25.58166700530272,0.009683966636657715,0.8
2268,0.3506569287349269,32.71950775091944,24.922291113540332,0.009503626823425293,0.75
2269,0.6495226009399595,22.568294863887807,23.010110913227976,0.0094490647315979,0.9
2270,0.4248385725063373,16.614555955278963,16.838025361743348,0.00936051607131958,0.75
2271,0.5384420113488539,24.835799071156455,20.979993806587885,0.00911729335784912,0.85
2272,0.3976617914831495,29.380920921801966,20.848118122599075,0.008648121356964111,0.75
2273,0.434992051811174,33.64789852934048,31.687669124675175,0.008891427516937256,0.8
2274,0.6669739186716555,28.074355723074905,23.329406360013344,0.009114444255828857,0.9
2275,0.5124963565064651,35.12469516049451,32.88698889516151,0.009564149379730224,0.85
2276,0.052419517659496505,29.758032335777557,18.9451346388294,0.008916223049163818,0.55
2277,0.364648830649503,34.694611339924236,21.949295236641845,0.008997154235839844,0.75
2278,0.45264351143637943,34.88806437515326,27.650625074300073,0.009584927558898925,0.8
2279,0.35177479720957705,34.78552312091,34.07520139491671,0.009566259384155274,0.75
2280,0.42561314760445895,32.84607228540893,18.263612229504574,0.009586548805236817,0.8
2281,0.6389725483927544,33.043723843417496,24.348227410409983,0.009154772758483887,0.9
2282,0.4660993941889684,30.14164188989688,27.561345633214188,0.008801555633544922,0.8
2283,0.19686622266317116,29.601305822767358,28.596653372327825,0.00932621955871582,0.65
2284,0.4622546123708512,28.677312214099466,24.845976812726597,0.00888524055480957,0.8
2285,0.6448505041481868,28.087893636133515,24.164145641745822,0.009115862846374511,0.9
2286,0.6828961957675841,29.735717089699243,30.32828473630498,0.008982813358306885,0.95
2287,0.2717554772114258,38.69414645132921,34.112091436027356,0.009031856060028076,0.7
2288,0.4705527411905531,28.68142121084444,18.670446332052975,0.00893700122833252,0.8
2289,0.6199199176099992,33.97493429516334,30.371304752352323,0.009337902069091797,0.9
2290,0.3646756132876796,29.08896409576635,25.906484400779593,0.008886504173278808,0.75
2291,0.2675961618025192,40.36327624161167,36.062796702112,0.00915607213973999,0.7
2292,0.5517639303438108,30.367052090186455,26.210918158485786,0.009139013290405274,0.85
2293,0.5267330315776341,30.809819218978397,26.624577973011025,0.009682035446166993,0.85
2294,0.20487372904040507,31.87188621418424,24.212188213896827,0.010020685195922852,0.65
2295,0.08712328589549583,34.69119914805621,30.208847359879115,0.009992682933807373,0.6
2296,0.3630740233339058,39.24283376484926,40.02818898140313,0.009994125366210938,0.75
2297,0.649110749448436,28.01661911064079,22.20516409860612,0.00968935489654541,0.9
2298,0.46309130722354147,27.453628956671302,18.377480563296867,0.009898710250854491,0.8
2299,0.4199545874924623,28.100693146721852,18.299178728605607,0.009902799129486084,0.75
2300,0.39078107834014,27.416096836714427,17.882843819660824,0.009860873222351074,0.75
2301,0.2659647526965697,34.70571636945565,27.88690161667269,0.010401487350463867,0.7
2302,0.3742808673823557,47.82189629432638,43.057459127727,0.009903860092163087,0.8
2303,0.5210254266078886,35.269196676922476,24.861978765008523,0.009002327919006348,0.85
2304,0.4635770784408912,33.69321809313489,25.413063025747086,0.008672523498535156,0.8
2305,0.6273180649598309,29.224303620645323,30.540467890427877,0.008737015724182128,0.9
2306,0.6090060756841874,39.15519556259991,30.726278848865483,0.009585821628570556,0.9
2307,0.4781557987931081,34.87021183055729,27.308002305004898,0.009974014759063721,0.8
2308,0.5648686263010565,27.6105615529515,24.471222530571662,0.009146022796630859,0.85
2309,0.37708966213989104,24.835639053146057,26.583461338267327,0.008993303775787354,0.75
2310,0.6071193320979995,23.954790018964754,18.274058791624856,0.008885180950164795,0.85
2311,0.09705284450359117,55.00007111776806,44.51724328175467,0.009445750713348388,0.65
2312,0.37220322881455237,39.92517403388667,33.56333504948821,0.009470117092132569,0.75
2313,0.5592132464736219,25.33884176968824,20.346522391184376,0.009773993492126464,0.85
2314,0.31432757079885754,32.25778723315302,17.85148496594128,0.009593832492828368,0.7
2315,0.455805484648833,34.37857656904333,31.353434776829715,0.009743893146514892,0.8
2316,0.44126171811460874,34.154850947215444,30.825260976846334,0.010235941410064698,0.8
2317,0.6308907594994744,32.47444509606257,23.352685785403658,0.00989992618560791,0.9
2318,0.14827903864465655,45.60816159428451,36.62765478037942,0.0096640944480896,0.65
2319,0.5943839285666933,34.583213867059136,31.709999726044355,0.00973893404006958,0.9
2320,0.5370684412311657,38.97739614490738,24.61939389435389,0.009859597682952881,0.85
2321,0.4544984822437105,28.98163912588841,31.57588928703539,0.009417355060577393,0.8
2322,0.2734277464925981,29.254928712676794,20.894302293967108,0.009744715690612794,0.7
2323,0.3731816637919261,38.60772166313278,25.47761565388257,0.009522175788879395,0.75
2324,0.3361196612022783,44.05077865181566,39.487470821058,0.009184837341308594,0.75
2325,0.24236777948646643,35.40009849252416,35.61716436076012,0.00888829231262207,0.7
2326,0.08938977216589608,35.622307890773136,30.989670538566102,0.009675920009613037,0.6
2327,0.28254225869964095,36.64962330784039,17.826097438907286,0.009670257568359375,0.7
2328,0.36010264204148956,27.23630838330115,30.797582298972888,0.009731698036193847,0.75
2329,0.2797676910818937,33.639066072013875,25.937402754136798,0.009441041946411132,0.7
2330,0.3867970669030796,37.45925751035522,23.808876872303376,0.009315085411071778,0.75
2331,0.4640377209912431,32.006062321879355,23.297783398175355,0.009782850742340088,0.8
2332,0.28585187788037125,23.789067475561787,19.13856419452709,0.009206342697143554,0.7
2333,0.5390428028719856,38.16160054699495,30.53845526226765,0.010113894939422607,0.85
2334,0.42868259194328207,32.730944134309894,18.973813045431,0.009521722793579102,0.8
2335,0.4262816323074671,42.631721257743195,37.382395860075846,0.009006774425506592,0.8
2336,0.5462907174086346,26.333872340026055,19.763735006993745,0.009479951858520509,0.85
2337,0.35231370294478714,38.48421878933875,26.266460518795363,0.009559118747711181,0.75
2338,0.4388663517664758,25.36309574532161,19.67039978183307,0.009588658809661865,0.8
2339,0.7461001543559396,24.308003340493972,24.317573940940186,0.009332394599914551,0.95
2340,-0.09971328804930221,43.22810791168537,20.821439585275947,0.009186172485351562,0.5
2341,0.45988871836849887,32.714469105704175,30.252273877883347,0.009052813053131104,0.8
2342,0.29027053612844805,29.033728340653617,34.236495166092936,0.009844374656677247,0.7
2343,0.1761396201256909,39.21878825219774,35.818416529141004,0.009139466285705566,0.65
2344,0.3915329900119911,43.990337518476316,38.688354630083424,0.009508943557739258,0.8
2345,0.08980706956577578,40.35858633923946,28.316384360229435,0.009387874603271484,0.6
2346,0.4103728982106086,45.602990540546394,39.68896973808482,0.009859573841094971,0.8
2347,0.47963474906538855,31.76580658002418,23.333613092516842,0.009768009185791016,0.8
2348,0.499256931051051,20.69045566150724,21.29009807966797,0.009523439407348632,0.8
2349,0.3926656663734165,54.03391688731864,50.76366271536307,0.009960353374481201,0.8
2350,0.6307462697096172,28.182934520690942,29.417131752107448,0.008794617652893067,0.9
2351,0.5199843132856674,32.101956176635184,34.157463898115275,0.009002840518951416,0.85
2352,0.4272050511961473,37.171406216711475,30.03655391520627,0.009342050552368164,0.8
2353,0.6508158681761516,29.981079761607305,25.387084443218917,0.009289145469665527,0.9
2354,0.5585020387552622,31.577326644888977,33.732980260125366,0.009673988819122315,0.85
2355,0.5736638401486602,21.159069551767676,20.76570715150819,0.00943295955657959,0.85
2356,0.5281788175598079,37.05147327534661,28.626808740464526,0.00972902774810791,0.85
2357,0.290324044671804,38.68633574700449,33.21634985009676,0.00944051742553711,0.7
2358,0.7005576906063609,37.96707131929123,33.793183678769935,0.009367668628692627,0.95
2359,0.1440974852739928,48.563565335817074,27.141252715513893,0.009289467334747314,0.65
2360,0.240715238596578,45.173785317772804,27.88663693153398,0.0091552734375,0.7
2361,0.24736122263224997,38.48836369437067,33.989490369243406,0.009312021732330322,0.7
2362,0.32245483769666367,49.85757896391051,39.424780255737474,0.009566426277160645,0.75
2363,0.4649698001610439,33.287470406745186,18.96905281616143,0.009377598762512207,0.8
2364,0.38330002997068185,30.269901192311494,27.198890814808966,0.009472084045410157,0.75
2365,0.5220072880500829,35.27415279689921,26.69454017907513,0.009156715869903565,0.85
2366,0.12826911275155833,48.46156657633473,25.83170519036202,0.00913691520690918,0.65
2367,0.5087077492638226,42.92847516135033,35.345879041940286,0.009101104736328126,0.85
2368,0.5956738703844066,40.181122648435284,37.54039575586415,0.00888291597366333,0.9
2369,0.3086863311631932,30.236104988215214,20.701053857675593,0.009340202808380127,0.7
2370,0.07026894226294983,39.67134194777611,22.286334642833992,0.00930880308151245,0.6
2371,0.6530635328015842,28.36464834526863,30.068324294690928,0.009264910221099853,0.9
2372,0.36427338607972504,34.47757860866954,27.449221862367192,0.009060275554656983,0.75
2373,0.14822178287444507,39.28904146845135,27.988925033299076,0.00908883810043335,0.65
2374,0.5296177257952495,32.28823571785075,29.340537846151282,0.009457874298095702,0.85
2375,0.42258254507455595,37.47169294492829,29.920672014564975,0.00890885591506958,0.8
2376,0.4180260988665788,39.01146579328736,38.108259388457704,0.00846879482269287,0.8
2377,0.3372887983401203,45.27548273617129,28.620995536499926,0.008640968799591064,0.75
2378,0.45852573705240224,35.41537759633842,34.402973690652956,0.008598828315734863,0.8
2379,0.39926992325799615,43.58755877486813,31.914403809653088,0.00981128215789795,0.8
2380,0.2289968793083217,43.028983250191104,26.21052327276846,0.01011272668838501,0.7
2381,0.3100755387536193,44.61300225766848,34.574577553515084,0.009604048728942872,0.75
2382,0.5149992441473803,37.02444505312989,28.165330837092654,0.009863340854644775,0.85
2383,0.4623602348022418,36.13475608477665,35.411009707530795,0.010205483436584473,0.8
2384,0.2983144257043644,42.98119727417522,51.20924268796205,0.009422791004180909,0.75
2385,-0.05681102212724275,32.23378949930575,27.38628579893043,0.009369742870330811,0.5
2386,0.32059215380411127,26.623659323423414,30.436464021391778,0.009047353267669677,0.7
2387,0.3929578169574587,25.06286977430205,21.179836806708433,0.009663534164428712,0.75
2388,0.35838040788971653,35.99920511760072,22.174901074459907,0.00994781255722046,0.75
2389,0.20061402326616648,32.894541046487106,18.865191500635323,0.009337949752807616,0.65
2390,0.42379858168416773,37.299501661287536,34.74423547375087,0.009018397331237793,0.8
2391,0.5751371662850256,40.39377067762136,43.190785123572724,0.00878223180770874,0.9
2392,0.4089447633162212,25.94261841679572,21.591193680237403,0.009134316444396972,0.75
2393,0.5893658141406197,40.43592751379343,37.777801851946684,0.009529972076416015,0.9
2394,0.1155513758290037,28.907592754949093,28.04512478961959,0.009221136569976807,0.6
2395,0.45927720199276933,29.833169008181848,26.13473312717016,0.008903312683105468,0.8
2396,0.36756397510639066,23.868578484380937,25.01455423219547,0.009431982040405273,0.75
2397,0.010549790906227846,38.74487813777999,28.788118984660358,0.008875977993011475,0.55
2398,0.4834508760653729,40.8538557550751,38.543310337528006,0.008631527423858643,0.85
2399,0.16447475057179234,28.52878535766472,17.3629144722655,0.008682191371917725,0.6
2400,0.05597485180597774,48.67031048623939,36.85858552611344,0.009223675727844239,0.6
2401,0.45031090502942117,33.25219060901202,25.457214330801484,0.008825170993804931,0.8
2402,0.38249008739366525,31.54581006298187,29.558136902218433,0.009230542182922363,0.75
2403,0.4211980955076851,37.7545049739285,31.36623794220924,0.009184169769287109,0.8
2404,0.3562374691741848,31.933343004696194,17.230507365561905,0.009665536880493163,0.75
2405,0.023000096868406462,33.87641650976628,20.38423103583747,0.009276926517486572,0.55
2406,0.2878864896122892,37.88131354450958,32.00964869801126,0.00925835371017456,0.7
2407,0.13393749178958086,30.86092638073012,21.989439712080536,0.00925053358078003,0.6
2408,0.1813076244468085,31.668006782888206,23.236115098980058,0.008974003791809081,0.65
2409,0.3819727181003308,33.774360556854944,25.46711167505881,0.009221434593200684,0.75
2410,0.5536730546265617,29.483623847047717,24.41956212089175,0.009128940105438233,0.85
2411,0.32539160825355457,39.06593598510999,26.99269342319781,0.009178364276885986,0.75
2412,0.41775163213629335,42.79201720671167,42.793018001637776,0.009116113185882568,0.8
2413,0.34192066732176707,18.54144793289094,19.45070415092007,0.009138882160186768,0.7
2414,0.5381718947760954,27.714394505182774,29.544766136482632,0.009308421611785888,0.85
2415,0.4518019367207481,28.66313717301559,25.189541638933832,0.008782994747161866,0.8
2416,0.39678075718870676,32.30334836746782,23.745838528611525,0.008899295330047607,0.75
2417,0.2631303033450103,34.00302048359009,25.942021033320998,0.008591318130493164,0.7
2418,0.2144580150353776,32.69650688240573,26.553260166560662,0.008637237548828124,0.65
2419,0.532282011108929,27.755773871116855,29.880101237251388,0.008863162994384766,0.85
2420,0.44098316049840136,28.918438972891614,25.236452599544307,0.009501802921295165,0.8
2421,0.05779294596103888,39.93114388930155,36.36891372125978,0.010008227825164796,0.6
2422,0.450403345087774,31.598189937162026,28.429547354749836,0.010312104225158691,0.8
2423,0.35918186774252303,22.948071996582208,24.956257642017064,0.01015164852142334,0.75
2424,0.4822906855565166,48.00716201368705,42.18291109671139,0.009870445728302002,0.85
2425,0.46652960485765227,29.74880995392082,27.047778303082513,0.00943601131439209,0.8
2426,0.603829129937713,40.00050042669507,37.48263434759962,0.010109436511993409,0.9
2427,0.6310827064316518,31.324687583630634,32.629053462210976,0.009923183917999267,0.9
2428,0.5011837051050125,19.29290024584096,19.962440063100164,0.010027933120727538,0.8
2429,0.5415973814005859,36.55633748182371,38.89675545011002,0.009609413146972657,0.85
2430,0.4829254610821673,21.52353852505934,15.79913882496007,0.00877152681350708,0.8
2431,0.40936528660144517,27.93650831083692,23.92242963553597,0.009041178226470947,0.75
2432,0.4778895098175003,38.729421477097404,30.96514551892262,0.00911414623260498,0.8
2433,0.7525209379261135,21.07357906123874,21.337791456918755,0.008782219886779786,0.95
2434,0.4767930974799464,44.982881817465675,44.309150351275036,0.008804559707641602,0.85
2435,0.386447567791513,30.850911164163627,27.84137535228207,0.008919847011566163,0.75
2436,0.5615182233130285,28.344638744393755,24.77454877581432,0.008787012100219727,0.85
2437,0.5439751466039093,35.148566588247334,38.67974493816926,0.008824169635772705,0.85
2438,0.3801024238380627,25.40525224866706,27.77459511904104,0.009219396114349365,0.75
2439,0.5865236248854263,18.67340805013337,18.82391554438735,0.009347677230834961,0.85
2440,0.47699899616275443,29.139053504616406,19.06908463409977,0.00907583236694336,0.8
2441,0.27774825876496345,37.65852692425212,39.54737017007277,0.009398126602172851,0.7
2442,0.4147028231973466,35.2706642101489,34.08950711980626,0.00923464298248291,0.8
2443,0.08343191512811753,37.71649112944801,25.738516669262694,0.009218156337738037,0.6
2444,0.19361146381006278,32.84124812422079,24.60408396070141,0.009795331954956054,0.65
2445,0.34119994768981543,34.224109221339816,26.309466387669485,0.009836089611053467,0.75
2446,0.43057956934063657,39.89380021582494,32.70345084141155,0.010315954685211182,0.8
2447,0.6590839618715878,24.93096497015795,25.953396688386448,0.009768855571746827,0.9
2448,0.5679908817474905,24.15923163091275,25.655123454919146,0.009578680992126465,0.85
2449,0.7688072693491794,23.738504661533497,24.015339720801435,0.009572279453277589,0.95
2450,0.3752248711949653,29.37392079485128,25.40882923781794,0.009953081607818604,0.75
2451,0.21076708926529975,30.016991932920014,18.93924541371661,0.009479391574859618,0.65
2452,0.37010865995145126,25.432915182402546,21.73023658595672,0.009348797798156738,0.75
2453,0.44759852117005916,28.03005288918253,30.879040856981682,0.009909093379974365,0.8
2454,0.4622257351793236,29.3494922180253,20.059780543360354,0.009773504734039307,0.8
2455,0.47658551144120154,28.49534800747187,25.566907809948386,0.009452152252197265,0.8
2456,0.520388206198885,34.32418810871355,37.101903951854574,0.009440851211547852,0.85
2457,0.5477708111273472,33.86244849830832,30.78133731546839,0.009530317783355714,0.85
2458,0.702036038435715,34.19877744563634,34.32280973548176,0.008759796619415283,0.95
2459,0.504915828697721,37.23441529883444,34.676650873395594,0.008942008018493652,0.85
2460,0.15379791427420958,38.98453936099179,26.66464368891428,0.009707725048065186,0.65
2461,0.4796034509141533,44.7603211040712,37.721736332817116,0.009303879737854005,0.85
2462,0.30557825384813697,38.913552718251296,25.701466414009055,0.010233354568481446,0.75
2463,-0.05097713474576413,45.83372504395211,32.12314352111779,0.009628653526306152,0.55
2464,0.30195947273317714,35.48743247386453,26.376137016774315,0.009590840339660645,0.75
2465,0.1607058378750458,42.55102866441966,26.61779346984105,0.0092445969581604,0.65
2466,0.47998118856908756,42.34674424864333,35.33824920153701,0.009115028381347656,0.85
2467,0.2888947999030078,32.456328699822805,18.421174042811263,0.009316205978393555,0.7
2468,0.6922656069336762,20.295729851924456,20.85923318569873,0.009140944480895996,0.9
2469,0.29348935895439565,30.987259583101583,21.05385948629496,0.009247994422912598,0.7
2470,0.5427703109880211,35.501081259688064,31.56218433538555,0.008803915977478028,0.85
2471,0.5718956745391901,24.905578338031763,25.947289062966696,0.008877170085906983,0.85
2472,0.3822446966393652,29.33144316684823,27.3080614199975,0.00885993242263794,0.75
2473,0.4645177300928598,29.223462222775787,25.768982722443443,0.009315454959869384,0.8
2474,0.276400746610108,39.594817639442894,35.16262469388956,0.009327995777130126,0.7
2475,0.1951721912751439,36.747732172722365,29.34439674326746,0.009532785415649414,0.65
2476,0.20536380636370266,34.04093057763685,28.613308231374916,0.00930488109588623,0.65
2477,0.16458029394632268,42.96834572897069,27.16550061953416,0.009723258018493653,0.65
2478,0.23678788254218053,42.18415214852162,31.67932543860926,0.010730719566345215,0.7
2479,0.37449915630181796,32.01323551591345,23.4402417424187,0.010783898830413818,0.75
2480,0.5861344488862706,22.36063031384007,17.385074023863936,0.009651780128479004,0.85
2481,0.5635294897866556,26.50602509985479,27.041955087628107,0.009448421001434327,0.85
2482,0.34920816827383366,35.423833315606046,31.818887195600528,0.009669005870819092,0.75
2483,0.4219302834220189,23.92989798447013,19.400825133372503,0.009669899940490723,0.75
2484,0.30252793224087654,29.39062946619821,21.52319831635851,0.009745931625366211,0.7
2485,0.5511246402172477,29.51542622054445,25.772173422927576,0.00918811559677124,0.85
2486,0.4571042914709901,34.34265551302747,26.548077711734717,0.008632445335388183,0.8
2487,0.34558286301093954,24.42987962428722,18.906532885504273,0.008556008338928223,0.7
2488,0.4487672763537235,39.36191461800554,37.09853964178126,0.008846986293792724,0.8
2489,0.5496589503807775,27.781868706786703,23.855321920624128,0.009068000316619872,0.85
2490,0.20227157693205317,30.132980168114994,27.913108499252438,0.009623348712921143,0.65
2491,0.5274169168632243,36.50625632456741,28.393086391992398,0.009319233894348144,0.85
2492,0.44222671215656195,38.66131822950537,31.24861264630573,0.009358453750610351,0.8
2493,0.3757863371008905,29.872821253078865,33.717465087891966,0.0093794584274292,0.75
2494,0.4288526530628444,35.004396847487484,26.897168839035512,0.009131276607513427,0.8
2495,0.6218849352828317,29.455146635551905,30.897373577073875,0.009419882297515869,0.9
2496,0.49075822707791295,33.740824949684935,25.28400817010715,0.009691965579986573,0.8
2497,0.3644716216799927,34.68012512004819,33.4081869843518,0.009229516983032227,0.75
2498,0.3040714815070541,31.366558025554394,23.70924475147881,0.010162901878356934,0.7
2499,0.5162726221173448,32.91929194947389,35.31898544428314,0.009164714813232422,0.85
2500,0.3723936956613406,33.01084419010562,32.01714018764816,0.00919346809387207,0.75
2501,0.3160686875121964,43.552874608048725,33.381923298120185,0.009165036678314208,0.75
2502,0.4244296382790848,43.61946082543991,37.729639176677274,0.009394645690917969,0.8
2503,0.4452908391435856,25.242893624806182,21.479129187147297,0.00974416732788086,0.8
2504,0.27718999185726734,43.3984798664145,34.80434758851003,0.010074889659881592,0.7
2505,0.42047782221997,38.0364849259595,25.06112323637214,0.009777975082397462,0.8
2506,0.44199343229897703,34.14462869444165,32.33813183562051,0.009702062606811524,0.8
2507,0.4251752644145153,45.009542974023084,46.41548406022243,0.009874403476715088,0.8
2508,0.23365106841722447,18.249432230801954,16.92754323865265,0.009460747241973877,0.65
2509,0.2683393721304299,29.687652994761994,26.224432741016756,0.009175050258636474,0.7
2510,0.31004125622914047,39.05425046738423,32.266212215427934,0.009618544578552246,0.75
2511,0.36445854110677633,28.890176167205585,25.9840636391457,0.009854841232299804,0.75
2512,0.5098623584846912,40.02732723851541,43.01351427513833,0.009329092502593995,0.85
2513,0.38157671512052205,27.563072060382826,24.366182205811466,0.009335815906524658,0.75
2514,0.6287632549184593,37.595787248024735,28.574155405545962,0.009761369228363037,0.9
2515,0.6675009135038936,23.04411982554032,23.70020860585257,0.009743881225585938,0.9
2516,0.5619693260686154,25.172994835846154,20.628160509397162,0.00961291790008545,0.85
2517,0.4770605448253839,30.548453697350197,26.175503024730872,0.0094221830368042,0.8
2518,0.7018819981905708,24.126851137877356,24.463827104166935,0.009212911128997803,0.95
2519,0.25952735647126646,41.58658416925649,31.38164632693351,0.009093034267425536,0.7
2520,0.39986648192635926,24.184332535238816,19.592710402981947,0.00958470106124878,0.75
2521,0.3373143169399951,41.34200063618667,43.24434154442845,0.009354901313781739,0.75
2522,0.36880513195281195,36.197424169612354,29.33917236587069,0.009301233291625976,0.75
2523,0.20953720169602025,34.04460968869034,18.078819605507377,0.00921851396560669,0.65
2524,0.6878674195631014,36.47927704521141,37.2524859890326,0.00916365385055542,0.95
2525,0.3488524830783328,33.77673902343043,26.77570283234769,0.00915217399597168,0.75
2526,0.22024511731535604,27.170649299047092,16.557303687822746,0.008928120136260986,0.65
2527,0.4775093332521377,29.105784682625313,19.610410338854354,0.00919715166091919,0.8
2528,0.5547995434970561,33.25534676111443,24.397492699792416,0.009533417224884034,0.85
2529,0.4183693068441367,24.258415350063423,20.08175169373714,0.009298110008239746,0.75
2530,0.18799286709165808,35.829762181293965,22.427449226758775,0.009193992614746094,0.65
2531,0.4979549045973772,29.63522383818068,30.795868815835654,0.009233522415161132,0.85
2532,0.5386850606548839,34.578659762633194,32.01471123189883,0.009344756603240967,0.85
2533,0.4650821081972497,28.83719165931271,24.300736197122404,0.009161746501922608,0.8
2534,0.54317144919758,29.230543775580607,31.570593070453477,0.009621345996856689,0.85
2535,0.2540767565187735,49.77617316153015,27.84523130676219,0.009390854835510254,0.7
2536,0.2340065589759175,24.02406514787993,19.55676587883824,0.009064769744873047,0.65
2537,0.09191054580650153,40.4156820897781,30.385242685337563,0.008590996265411377,0.6
2538,0.28506317113282525,29.159997795661305,25.734172023974626,0.00888969898223877,0.7
2539,0.4424863136683997,22.590763104183033,18.24433988746353,0.009403502941131592,0.75
2540,0.3518040412734078,38.65555084745618,32.74722809980486,0.009572505950927734,0.75
2541,0.1699216953235611,38.35958243192113,34.378405110196525,0.009280920028686523,0.65
2542,0.49370066269898494,34.393850294643634,25.3206071073999,0.00872645378112793,0.8
2543,0.34125260026359666,44.902741322536215,27.703829491547346,0.008830118179321288,0.75
2544,0.2573238120258901,37.81746949854299,32.254627578360235,0.00928889513015747,0.7
2545,0.12563831190038494,36.89308211916072,16.357920338087457,0.009742152690887452,0.6
2546,0.36452917526344686,37.7372539100303,25.31490087456349,0.009711503982543945,0.75
2547,0.15007123952524715,52.43184066678384,40.85200929949466,0.009415721893310547,0.65
2548,0.40736064691410406,28.366211732565738,25.556001057093155,0.01001412868499756,0.75
2549,0.29612670616078246,31.833400224692895,31.24675978492334,0.009362077713012696,0.7
2550,0.2815697643551467,28.16425316023655,18.636663531719083,0.009108078479766846,0.7
2551,0.4126170168388457,26.16401160365907,22.521272207094537,0.009053707122802734,0.75
2552,0.49374704237371436,21.510974497420104,22.242823979943918,0.00885089635848999,0.8
2553,0.6617534896451478,20.968321654231904,21.1633814295537,0.009534311294555665,0.9
2554,0.1540215896243909,23.475805517100014,27.268064794620216,0.009062635898590087,0.6
2555,0.4807879415249833,28.480682527857045,25.27801166207002,0.009996247291564942,0.8
2556,0.5315439900356714,34.54096666820464,32.19192666098155,0.00913485288619995,0.85
2557,0.26869668962512255,39.998704671403445,36.13935032494728,0.008958196640014649,0.7
2558,0.46338028511223905,29.21553498082405,31.755540628562677,0.009481692314147949,0.8
2559,0.5053075468639289,44.320166181668924,37.33526514314025,0.00953131914138794,0.85
2560,0.46112476624060195,29.285076048629577,25.845181968904363,0.009046983718872071,0.8
2561,0.6206011982907563,26.624806689757133,27.34381933533886,0.00942072868347168,0.9
2562,0.24575251872472426,28.288305871143773,18.17390194010609,0.009422194957733155,0.65
2563,0.4526257932841113,36.21489478698355,22.604302319234428,0.00956035852432251,0.8
2564,0.5074313626174863,18.373823899790565,18.09383691270649,0.009859347343444824,0.8
2565,0.538279233106649,33.31509459081884,36.552205235242134,0.009909260272979736,0.85
2566,0.5217659360619102,35.51424737812566,26.68778624977203,0.009350967407226563,0.85
2567,0.2544019630438064,33.27877636744919,25.76038222138869,0.009847557544708252,0.7
2568,0.4340442433917522,38.4324708403953,44.18705957900956,0.01002424955368042,0.8
2569,0.07355317241388648,35.305343071800635,21.222003142585617,0.009775948524475098,0.6
2570,-0.01819525534560351,36.4619286936528,32.26864920024281,0.009584808349609375,0.55
2571,0.26776528154436674,36.74681593286328,23.34384964999325,0.009480202198028564,0.7
2572,0.7401011853833543,18.343087325738626,18.37674963300146,0.009653043746948243,0.95
2573,0.2984979646770374,26.903569958072904,15.368867944162428,0.009267973899841308,0.7
2574,0.5528718477768388,24.620077222952258,20.60474869594893,0.009648311138153075,0.85
2575,0.5515889854265852,29.028779804404156,19.269012952779626,0.009298503398895264,0.85
2576,0.40743942341163863,25.591427245079792,28.08464823360208,0.009017980098724366,0.75
2577,0.4278845792189706,32.768217365277835,24.020105391268434,0.009455239772796631,0.8
2578,0.3854910138273624,28.258616883449427,25.94786072064253,0.009571361541748046,0.75
2579,0.339946138149921,23.104080583257094,18.36379837589333,0.01000075340270996,0.7
2580,0.5274825911189998,31.85189356239036,28.918598281201874,0.010971653461456298,0.85
2581,0.5285944853240176,37.661460425104565,29.542520674328976,0.009855473041534423,0.85
2582,0.8156408880233134,29.394953902201525,29.394953902201525,0.009784412384033204,1.0
2583,0.34100235246702154,40.918935288434966,29.146761721992174,0.010034775733947754,0.75
2584,0.5781827661161021,44.323906110829945,36.671326674301405,0.010455465316772461,0.9
2585,0.5475303860037669,22.869599373050868,23.83152111356947,0.010193455219268798,0.85
2586,0.22417502345282822,40.17252210801028,35.547148787654955,0.009815990924835205,0.7
2587,0.5440063776522969,28.51906974113397,24.708316361035486,0.009373831748962402,0.85
2588,0.5619834437255293,25.426641220989886,20.521922958357354,0.009164643287658692,0.85
2589,0.41112743470058266,27.800791248992446,25.28586474213184,0.009689712524414062,0.75
2590,0.4939051802724652,26.9279001879866,23.46577617144664,0.009815430641174317,0.8
2591,0.32625031842475455,39.35931244217057,33.87625708848905,0.009611892700195312,0.75
2592,0.3808143419342925,27.524322230720106,17.684164879023744,0.00921691656112671,0.75
2593,0.4262261416488121,24.104147230651584,26.09322780629423,0.009687662124633789,0.75
2594,0.5105798830644894,20.408377193878035,20.43553071974638,0.009603297710418702,0.8
2595,0.4496488377210823,33.50537072655584,31.734868406617355,0.009204256534576415,0.8
2596,0.621735078595209,32.81050603749961,28.95651026599876,0.009247672557830811,0.9
2597,0.7459131068510128,30.509077901834132,31.527909636038675,0.008873748779296874,0.95
2598,0.49870846059815505,31.48832162654163,33.45035622140499,0.00890730619430542,0.85
2599,0.5291010495259626,31.619453627874446,31.988103223984687,0.00897732973098755,0.85
2600,0.3920890800354185,45.65558908403293,39.06541374625641,0.009141016006469726,0.8
2601,0.1816579676379546,28.470961099160224,34.33712630524542,0.009055304527282714,0.65
2602,0.35483860421847463,40.309777040801336,26.75038844316903,0.009063589572906493,0.75
2603,0.3423959706446239,35.09849517769457,26.992476482692283,0.009258711338043213,0.75
2604,0.27751116377498564,30.31278441678402,19.946287700241857,0.009180927276611328,0.7
2605,0.462282936227985,35.27151154709389,32.6407325635581,0.008781623840332032,0.8
2606,0.6667406464923435,37.6498532228703,33.68447157955762,0.008964347839355468,0.95
2607,0.5483904929856457,36.227836326165324,27.982724634033186,0.009407663345336914,0.85
2608,0.4245303696092738,41.32396530269907,33.917329408891625,0.009101498126983642,0.8
2609,0.467579232646355,33.42790572257381,31.431347975062163,0.009587061405181885,0.8
2610,0.1794665112612264,23.39505122877241,17.766448570986718,0.009231472015380859,0.65
2611,0.768256351424726,22.52982952115788,22.841862805945926,0.009245812892913818,0.95
2612,0.4305837718830417,36.96472256515418,29.62182839057532,0.009197580814361572,0.8
2613,0.44040666785154886,41.91303310994378,41.746935748540324,0.009583532810211182,0.8
2614,0.43377570556510053,30.008453180757066,32.985184846692675,0.00936979055404663,0.8
2615,0.38730911456706135,27.149903270283808,17.416323066534417,0.010281229019165039,0.75
2616,0.4392663339362247,30.343949514959796,27.042889764898607,0.010502171516418458,0.8
2617,0.6295362329363234,34.39602092652967,30.999133209087876,0.010828232765197754,0.9
2618,0.2621896387310447,39.42291489372747,46.64809215506342,0.010165560245513915,0.7
2619,0.24722951004649163,40.21544480219515,20.71208169612938,0.009945058822631836,0.7
2620,0.50922090613424,44.488533083393506,30.355658958529403,0.009935247898101806,0.85
2621,0.40551169115688596,44.804783009595766,39.31742179271551,0.010081052780151367,0.8
2622,0.26170359744171634,40.552503703426325,28.91231147746083,0.010261547565460206,0.7
2623,0.6893811156158451,18.91281932128329,18.775769024510225,0.009682810306549073,0.9
2624,0.20920653052060173,31.08381949506449,29.544104127627786,0.00972810983657837,0.65
2625,0.32549314592536804,38.55552896029732,31.55966249236824,0.0093697190284729,0.75
2626,0.24705468049457613,39.04682881581347,46.60823206397295,0.009501397609710693,0.7
2627,0.40266157616903503,23.77417275023514,24.35657076115246,0.009454643726348877,0.75
2628,0.43803036391607125,38.187733250831975,30.959913704570873,0.009608960151672364,0.8
2629,0.49202103433379396,19.13889328070641,19.18722690303658,0.009286558628082276,0.8
2630,0.18209055413532735,28.0078831170323,18.43417900413512,0.009199762344360351,0.65
2631,0.46097254534414633,29.170709466114907,25.489875108754937,0.00953824520111084,0.8
2632,0.7225093267350724,29.835206491580294,30.525428311389295,0.009361016750335693,0.95
2633,0.3038973935117474,49.52787368858556,46.707892065708556,0.009094560146331787,0.75
2634,0.29179711373662237,27.950206414561784,25.40090291159476,0.008895421028137207,0.7
2635,0.3019905301155378,29.584277555827118,27.594836706981106,0.009255993366241454,0.7
2636,0.6129906913308139,31.55051898026044,26.99705952080916,0.00957242250442505,0.9
2637,0.4346022144773677,29.19888967681667,26.283327268938002,0.009578955173492432,0.8
2638,0.7164810605661549,25.532773894324084,26.041528928702043,0.009464550018310546,0.95
2639,0.23028675639844667,27.667333475579188,25.21740746012777,0.009058153629302979,0.65
2640,0.4636887773943631,29.32478058342271,26.561889352185204,0.008974003791809081,0.8
2641,0.5265509469594125,47.844108518730295,41.25703636891722,0.00919036865234375,0.85
2642,0.5290591714464872,30.66214524023373,26.66131851072179,0.009500515460968018,0.85
2643,0.41978453669129284,28.942357964315278,26.01696760576448,0.00894179344177246,0.75
2644,0.6597497629607221,28.688892228697437,24.797077573649663,0.008690786361694337,0.9
2645,0.4183432231711414,42.49904502891572,36.444116771608996,0.008759510517120362,0.8
2646,0.38623566767263373,44.65156139654577,44.98740800185384,0.008920121192932128,0.8
2647,0.39144695324740686,32.43601091502376,18.153732542016186,0.009395325183868408,0.75
2648,0.5030213342331105,29.11398868773731,19.151684869503505,0.009016013145446778,0.8
2649,0.3170926546026645,39.53652947794056,34.524590213818634,0.009081315994262696,0.75
2650,0.39384162504157283,27.70324137972271,23.102735197808954,0.009695649147033691,0.75
2651,0.4253233200307151,44.270367904823196,38.921520762857625,0.009086811542510986,0.8
2652,0.6360957347999895,29.767057403722525,25.907622410998417,0.009135544300079346,0.9
2653,0.20822309483666374,48.47295785582532,47.59352777739907,0.00899735689163208,0.7
2654,0.2768865746422059,34.90046700383789,28.794780792594278,0.009182131290435791,0.7
2655,-0.008049892794740398,44.390257621302474,27.648685721037452,0.008880460262298584,0.55
2656,0.45242218803955525,29.061277603794252,18.449755836435926,0.009053552150726318,0.8
2657,0.17925918703381033,40.36718471548941,21.9709790315819,0.008654773235321045,0.65
2658,0.37796257006412975,38.41677771290802,26.685554131786017,0.008946597576141357,0.75
2659,0.45478087611905293,38.01768451072338,30.49933103867342,0.00975128412246704,0.8
2660,0.5174928428787997,34.315140137322956,36.98897137697634,0.009203910827636719,0.85
2661,0.29686276421043734,33.174009617154944,33.396794929139524,0.009065020084381103,0.7
2662,0.5562763375217828,34.4438292962691,37.20590017916103,0.009341871738433838,0.85
2663,-0.08899259215104924,37.43565681390688,36.08732155736108,0.009157490730285645,0.5
2664,0.4275549908630801,34.3644272754875,26.236064299297,0.008924996852874756,0.8
2665,0.6411235325111349,24.155181754305673,24.665697528961523,0.008947408199310303,0.9
2666,0.5291640950728566,23.996430915025712,24.948817108764416,0.009079575538635254,0.85
2667,0.5217407376110985,35.50479786981958,27.261266569632948,0.00939406156539917,0.85
2668,0.5698348066585688,23.464399856216154,24.179906816649748,0.009226524829864502,0.85
2669,0.207437014169296,28.84483860864335,20.789531784274796,0.00874173641204834,0.65
2670,0.3446215524215762,27.743445341725923,18.098264448962823,0.008643603324890137,0.75
2671,0.4976622162844513,22.733135922186055,24.10938856944058,0.009536266326904297,0.8
2672,0.37447975153275453,33.98723974381351,27.245446683059455,0.00985347032546997,0.75
2673,0.23497519375774073,37.341039240666184,45.42271187956082,0.00957956314086914,0.7
2674,0.13678115983521794,24.58684386706222,22.390210402621804,0.009158027172088624,0.6
2675,0.26382251930481204,37.58193528588591,24.037235122712087,0.009378445148468018,0.7
2676,0.28742452817840874,33.027702307600826,26.818025203649636,0.010086965560913087,0.7
2677,0.11353560876246294,53.56827333372945,49.613486534038685,0.010188078880310059,0.65
2678,0.5697963943174285,27.567528225880114,18.193404271613264,0.010897588729858399,0.85
2679,0.7380819370669482,24.027869633389656,24.35485641391075,0.010196995735168458,0.95
2680,0.5550335804864638,25.2449068805038,20.836460752643095,0.00980907678604126,0.85
2681,0.2655229626201404,27.767726886594765,17.688582513427463,0.009060215950012208,0.7
2682,0.7303250729176117,21.139159681901884,21.44950523424077,0.0090798020362854,0.95
2683,0.2776695142590212,38.99061850668694,40.90573253717785,0.009698903560638428,0.7
2684,0.42906177662680667,29.411101479645538,32.24672755666439,0.009363067150115967,0.8
2685,0.45639795621575524,34.72136228886514,33.82090420285793,0.009488344192504883,0.8
2686,0.588122082118175,43.517974570171624,35.387884516114696,0.008961904048919677,0.9
2687,0.45451137723825497,19.22911434889867,19.317852287411696,0.009457564353942871,0.8
2688,0.6337552692754536,27.008506282329627,27.47023144830781,0.009579885005950927,0.9
2689,0.12370738538587486,48.220365834326984,50.2850335548965,0.009327578544616699,0.65
2690,0.565948623357678,27.866189512301066,18.016458947590912,0.009659385681152344,0.85
2691,0.13532442994209845,22.097402006224247,17.42762814511887,0.009121513366699219,0.6
2692,0.3708447450783502,24.323400174416843,24.561482577878255,0.00941108465194702,0.75
2693,0.4968413922692064,26.142044452839137,26.85445482127045,0.010033321380615235,0.8
2694,0.6321452856334704,34.04654483385485,29.79803828960781,0.009806156158447266,0.9
2695,0.7241790486676918,27.68799989947061,28.097324208763833,0.009152495861053466,0.95
2696,0.5140746685668214,22.86116957595901,18.324463899003934,0.009092581272125245,0.8
2697,0.4409118980085819,35.85165747547571,34.01712023890145,0.008954048156738281,0.8
2698,0.1975326672881454,22.547014423441556,24.97919161171535,0.008993828296661377,0.65
2699,0.41754760025998705,21.889061324125798,22.35435879589553,0.00935359001159668,0.75
2700,0.4461888585724581,17.999498248224455,17.493461938710006,0.008966588973999023,0.75
2701,0.6728753001996048,35.18921174005821,35.93037411172376,0.009260594844818115,0.95
2702,0.40690884399433874,39.28735817823217,31.43499136758112,0.009354066848754884,0.8
2703,0.32185735937019816,36.01893363537799,28.903959444578966,0.009316647052764892,0.75
2704,0.23625936357082944,29.606972124688827,20.103290180501066,0.010391926765441895,0.65
2705,0.30476052932382836,43.11966933026591,37.90043606947936,0.009253382682800293,0.75
2706,0.5998337439885912,39.03231830498068,36.15436785645992,0.008781123161315917,0.9
2707,0.489479678318751,24.624896761110268,20.786617057193546,0.009930503368377686,0.8
2708,-0.053275089277195244,34.92073554712838,21.551272425517904,0.010323572158813476,0.5
2709,0.20471663170184526,27.87705241185528,24.67522286835181,0.009901249408721923,0.65
2710,0.39100893531460557,27.564748767741754,22.849083134786216,0.009119629859924316,0.75
2711,0.6667883433401848,31.228387849973377,31.781979862544404,0.00915975570678711,0.95
2712,0.5490928188545888,33.441999458259154,30.582126322800512,0.009183228015899658,0.85
2713,0.18378298056801443,29.71091766685563,26.62811875333227,0.009473621845245361,0.65
2714,0.6450048738858585,24.260219658321944,25.13176109381873,0.008915245532989502,0.9
2715,0.17553027775258834,34.89820122579307,28.08769175804465,0.00913165807723999,0.65
2716,0.6161820535211361,39.1326026742741,30.949314474391414,0.00928666591644287,0.9
2717,0.45334983365996323,32.210780923997774,22.963658552672513,0.009452593326568604,0.8
2718,0.5653525217345388,24.54065049045871,20.127171062306626,0.008773589134216308,0.85
2719,0.5499364518997484,26.835581710922547,28.265307305014854,0.009114134311676025,0.85
2720,0.4302002165467293,36.54504228230672,29.24050117171452,0.009693944454193115,0.8
2721,0.474508514247328,24.724725930084162,26.413288974989754,0.009180891513824462,0.8
2722,0.4515353268963495,31.76898768066899,29.324790625281196,0.008822298049926758,0.8
2723,0.4350823504195483,34.44053594571253,32.81568244241942,0.009278392791748047,0.8
2724,0.2873528806657354,30.50353514131246,34.93954890651683,0.009374403953552246,0.7
2725,0.5220510609063513,39.91383972723253,42.75889939172718,0.009390926361083985,0.85
2726,0.4092806821173894,39.17930312876098,32.20953107173407,0.00986872911453247,0.8
2727,0.36836582533098045,45.716907836773586,40.23632533664891,0.009204840660095215,0.8
2728,0.5005384641598849,36.5336501724596,39.514716831181374,0.00883026123046875,0.85
2729,0.5993016896878054,39.042026786871396,35.559090758283475,0.009217047691345214,0.9
2730,0.3019477940060949,18.962315809126554,19.805949381695196,0.00916738510131836,0.7
2731,0.532588416011729,28.434760820994192,30.026331182181814,0.010159695148468017,0.85
2732,0.558277714253222,27.19431768292403,23.30793578940009,0.01017155647277832,0.85
2733,0.7095666853406953,27.667322892544423,28.24799606896042,0.009260201454162597,0.95
2734,0.4372701825889752,34.82291540661832,32.812332226514,0.008991658687591553,0.8
2735,0.47761573666795964,44.53360560492616,31.269680601575516,0.00919485092163086,0.85
2736,0.4814054197529023,38.63061271138207,36.413601341239364,0.009795045852661133,0.85
2737,0.2911241114482931,27.88823993494595,24.93241729775821,0.009295976161956787,0.7
2738,0.6430452669339728,27.918255664796202,23.929667075732777,0.009166431427001954,0.9
2739,0.18239268751202276,37.13057417935867,39.85091506038613,0.008955025672912597,0.65
2740,0.21489027274483083,22.279689202664237,20.40587953114219,0.009077155590057373,0.65
2741,0.4043083940541323,25.097008344332444,21.348647282027436,0.009171736240386964,0.75
2742,0.5672628789024848,26.65338716426674,20.817704129304268,0.008864140510559082,0.85
2743,0.5108734451526692,37.271752476439005,29.216697729996458,0.008880293369293213,0.85
2744,0.36263063006006147,39.15008110202371,25.329832243119473,0.008516526222229004,0.75
2745,0.33367406503976427,43.694088742580526,38.35068589611257,0.008611714839935303,0.75
2746,0.40742829354612764,37.92580138764352,36.484592172119356,0.008990621566772461,0.8
2747,0.47078963253624695,22.20278804709203,16.921073956538358,0.008676135540008545,0.8
2748,0.3536529631561599,38.62183175073278,24.683347783660295,0.008707022666931153,0.75
2749,0.2439347295278531,45.07923888204208,42.25157972435682,0.008987236022949218,0.7
2750,0.5488609143990665,29.336995823868126,30.64438952082765,0.009881031513214112,0.85
2751,0.18980551311081145,38.97188197532815,27.413354079425634,0.00955108404159546,0.65
2752,0.48609346225613104,48.741951975452736,43.27017824960067,0.008939993381500245,0.85
2753,0.4125324987396085,43.35092664427669,44.32473722498494,0.009169960021972656,0.8
2754,0.18873918558057645,29.392879241913413,33.88151190002532,0.00911104679107666,0.65
2755,0.3093750978206101,29.229879644586553,20.955624630852963,0.009487366676330567,0.7
2756,0.4805528307995804,49.10887841287952,42.38570995009872,0.009481441974639893,0.85
2757,0.5869338362131272,18.9358210509986,19.367116205395874,0.009254992008209229,0.85
2758,0.13665053871953736,41.08157665681655,36.966290565011235,0.00927884578704834,0.65
2759,0.3821114051755419,48.47287529970856,38.12142731406222,0.010078728199005127,0.8
2760,0.08532054562171544,32.18360644188979,25.852161810686436,0.010383379459381104,0.6
2761,0.16080228987748807,42.498137561985665,25.548725920557324,0.010539090633392334,0.65
2762,0.33569393909362194,37.49157333144424,38.57316243012706,0.009553122520446777,0.75
2763,0.3720938468472496,32.49354292965533,25.198104800661017,0.009483122825622558,0.75
2764,0.258023173920929,37.238652781066506,39.41070308640951,0.009005498886108399,0.7
2765,0.37278482192258233,39.21344124823929,26.89876609077488,0.008683097362518311,0.75
2766,0.3686363629674208,25.35513437832929,20.02802478941682,0.009059560298919678,0.75
2767,0.6948389527343208,25.020423650146714,25.372616017633394,0.009018218517303467,0.95
2768,0.4291567054670805,35.617494406318635,27.891951254012632,0.008887434005737304,0.8
2769,0.27293341836440554,37.49656439991591,32.781163013529095,0.009109783172607421,0.7
2770,0.5480958292632537,22.43888654706018,23.19977846812445,0.008875489234924316,0.85
2771,0.5073134308205909,20.01574398460985,19.489004938654375,0.00940157175064087,0.8
2772,0.32921793040453495,36.223240247252775,28.77023419400248,0.00984441041946411,0.75
2773,0.4418756136458426,33.96768626115619,26.29712292983116,0.009229016304016114,0.8
2774,0.6037145935628374,19.002778856176135,18.95073796500992,0.00924074649810791,0.85
2775,0.6081570810183,31.42529105675294,27.92969094366116,0.009354090690612793,0.9
2776,0.4193687300680291,38.44984797103235,37.362420935958255,0.00946124792098999,0.8
2777,0.45281572023353966,33.02832059950023,24.999066524594976,0.009418070316314697,0.8
2778,0.5338565646563139,32.13482269664431,23.329100843725374,0.009529328346252442,0.85
2779,0.13193862473274082,39.409018440813554,27.821715679898578,0.009740340709686279,0.65
2780,0.41612970605107147,39.702910910799325,26.781648395128272,0.009636163711547852,0.8
2781,0.2790954376449321,29.408986176365325,26.47013004560467,0.009788334369659424,0.7
2782,0.6018083957308803,35.54042995718208,30.554630543754783,0.009681546688079834,0.9
2783,0.48034553142100817,31.05543952352092,28.104486734358687,0.009426939487457275,0.8
2784,0.6653104110656941,22.436966470141947,22.200704521794773,0.009500420093536377,0.9
2785,0.28454919376436366,33.41365747154161,25.547500135725873,0.009019887447357178,0.7
2786,0.41386878636562685,22.649280065902143,18.598899668703393,0.009868621826171875,0.75
2787,0.5460999133383375,32.25081762226622,35.12192269843112,0.010299873352050782,0.85
2788,0.5651264527321632,27.776530219546338,18.674091671452892,0.009697747230529786,0.85
2789,0.5732144608341755,22.68784875275354,23.553679634043903,0.008945393562316894,0.85
2790,0.35411594802189134,44.81438020018651,34.425544801751855,0.009578990936279296,0.75
2791,0.41143091506403257,49.29971666842967,44.30981048431221,0.00924215316772461,0.8
2792,0.4772474624271177,45.08606106006884,43.011500848896574,0.009029662609100342,0.85
2793,0.5301654719619379,39.36804087780281,43.54189185590975,0.009183979034423828,0.85
2794,0.48722003457317464,22.13696753438426,23.24915278896903,0.009484195709228515,0.8
2795,0.43446176480512627,39.43350332305841,26.646632320197163,0.009274923801422119,0.8
2796,0.16900268710443322,34.24749147166413,27.65202924963787,0.008999717235565186,0.65
2797,0.2047363307633198,38.61964194413723,27.00708657378139,0.00917353630065918,0.65
2798,0.551096358793856,32.00397906888777,23.567919583011093,0.009727728366851807,0.85
2799,0.4541958338218121,32.00428727602524,29.5464710156903,0.010350918769836426,0.8
2800,0.41703386505414486,41.255226343718235,29.060503749418324,0.010037708282470702,0.8
2801,0.35847472703951044,36.08158320487951,42.27187141813517,0.010035789012908936,0.75
2802,0.2477579983169468,31.181103924571367,36.413506699413716,0.009517717361450195,0.7
2803,0.3809375383385278,27.345840687475356,29.606135028260255,0.009927868843078613,0.75
2804,0.38002334793724935,33.22937842493762,31.90549370149496,0.009336614608764648,0.75
2805,0.6504544529294114,22.452338946099317,17.590162601151995,0.009433877468109132,0.9
2806,0.49513918130779266,41.63099675274104,40.50159512093998,0.009582746028900146,0.85
2807,0.34958784409309374,38.03171065802995,32.19673938509743,0.008903956413269043,0.75
2808,0.21724038666763335,34.70645204146017,30.1647025258168,0.009000396728515625,0.65
2809,0.35679162840576417,39.721886839654886,40.405188808554136,0.008793234825134277,0.75
2810,0.27968365173359844,42.25015906274146,17.247342777562036,0.008722376823425294,0.7
2811,0.659109476545693,24.88355761503899,20.6058947731775,0.009474313259124756,0.9
2812,0.4441082254660206,38.031466891880264,31.073470007726378,0.008991241455078125,0.8
2813,0.18449138638966883,32.34803920625676,25.074072650740558,0.009140598773956298,0.65
2814,0.47926242911923705,22.21435439453332,23.657011570679963,0.009495127201080322,0.8
2815,0.5446046758112287,33.5307757406493,24.418051574692814,0.008970940113067627,0.85
2816,0.25245157416638103,43.05227511023784,47.33905860959437,0.009404170513153075,0.7
2817,0.3323567161792592,35.168322446873006,40.69446282975501,0.008963859081268311,0.75
2818,0.3935891888137285,21.556358895183198,22.22426771429898,0.009216272830963134,0.75
2819,0.26560128389292464,43.30956053435313,26.542337660721447,0.009194481372833251,0.7
2820,0.13603334801343064,43.98959559441741,35.30696383565694,0.009173059463500976,0.65
2821,0.4353537728869806,32.33559074664099,24.078589309474495,0.00945671796798706,0.8
2822,0.5691105627072679,29.18832921699351,20.209104684085936,0.009465336799621582,0.85
2823,0.3698669249568572,27.16891422706208,17.811885192132188,0.009781074523925782,0.75
2824,0.4756065620420019,29.74122059845839,26.760591937313727,0.010034000873565674,0.8
2825,0.442278901046842,27.623715753994226,28.477041348833993,0.009887266159057616,0.8
2826,0.4199005981578569,23.224205279942417,17.48349768787893,0.009898519515991211,0.75
2827,0.30494784301483546,27.757208095066165,24.004077672607593,0.009579527378082275,0.7
2828,0.44075281858467835,36.19594295043086,35.193466028593654,0.009192907810211181,0.8
2829,0.42727916942573685,44.367156375136126,32.96348956813916,0.009309172630310059,0.8
2830,0.45957573160541987,32.203521019688836,30.0091546671991,0.009058225154876708,0.8
2831,0.5149581262877947,38.138953275836684,36.19997729503653,0.009122323989868165,0.85
2832,0.500759628844034,45.039434023108434,38.04013445422267,0.009018468856811523,0.85
2833,0.5608576333467885,30.09027058578665,26.48743855093227,0.008681750297546387,0.85
2834,0.24342474544980247,24.039670663514425,20.75581890786706,0.009219622611999512,0.65
2835,0.3721926562193998,33.66987420892592,31.950013621160217,0.009330308437347412,0.75
2836,0.37361733348946485,28.99101584083248,26.378478599878893,0.009391701221466065,0.75
2837,0.356339979122468,19.01642195494488,19.239980784650857,0.009509515762329102,0.7
2838,0.3383387550979547,42.80646274500417,28.943006347403866,0.00984179973602295,0.75
2839,0.26650213494757147,36.25597265598414,27.132626678125117,0.00981590747833252,0.7
2840,0.36964936878503835,38.114769138765766,30.813116564434804,0.009239470958709717,0.75
2841,0.5600800255694895,33.932116256339285,24.330659027718138,0.01028292179107666,0.85
2842,0.31896712595985954,23.796453492989265,27.188337913643828,0.009804785251617432,0.7
2843,0.2674957220370362,34.0551492989157,32.74411098505552,0.009087944030761718,0.7
2844,0.49143275675783576,27.786603399361553,17.994338430216764,0.008790206909179688,0.8
2845,0.46260766537645087,28.380236476139515,31.74272152997068,0.008944034576416016,0.8
2846,0.6956665441157563,28.70740903221685,29.188874925470575,0.009194886684417725,0.95
2847,0.49792672204887445,31.348451894213326,28.267096807213242,0.009042644500732422,0.85
2848,0.20800374355262563,44.053200684585384,40.897867078038075,0.009025251865386963,0.7
2849,0.4654380065568745,25.980923333899835,21.646884102559092,0.009235250949859618,0.8
2850,0.27627039018339244,35.206095432708935,28.31096706968401,0.008735525608062743,0.7
2851,0.4230899233696494,34.42818443717263,37.47556328870373,0.009023261070251466,0.8
2852,0.32629651556397127,33.89736874285397,38.36735864416126,0.009840607643127441,0.75
2853,0.4208504090395282,23.241819031731396,25.828638466904884,0.009794819355010986,0.75
2854,0.5370886886042847,35.98996980888033,38.14591649141269,0.010180974006652832,0.85
2855,0.3967218071405415,42.98737968094684,29.89199372581028,0.010331809520721436,0.8
2856,0.5311042489713932,39.685606676403154,25.644840814064686,0.00996178388595581,0.85
2857,0.6158929010327373,22.997378922352507,23.45346411490294,0.009417259693145752,0.9
2858,0.35100250556672197,37.377026831927026,30.89617978068166,0.009861934185028075,0.75
2859,0.44832925247202854,38.56935229825485,38.30174712316783,0.009576261043548584,0.8
2860,0.48861730356861727,28.98000006378826,19.948769139638703,0.009176790714263916,0.8
2861,0.238711488888095,41.9571506909913,45.732792666695836,0.009525537490844727,0.7
2862,0.437839044722771,35.34470470626725,27.797910149211933,0.009552669525146485,0.8
2863,0.4491407971481731,43.13035343599566,37.10032068062956,0.009724342823028564,0.8
2864,0.3633683007878028,35.086021234443244,27.34704202848313,0.009717738628387452,0.75
2865,0.5263463579422892,38.456239247018914,31.07221399684254,0.009215092658996582,0.85
2866,0.4516313890594277,23.380861212142626,24.966573684557453,0.009119844436645508,0.8
2867,0.16615807860759654,47.87988226587739,34.23776099616775,0.010267174243927002,0.65
2868,0.46073532215782154,32.949538314962254,24.478649633723883,0.010034763813018798,0.8
2869,0.4577044959319583,34.46844991630344,32.899104481229536,0.00920865535736084,0.8
2870,0.5436092797804051,34.46522040696392,36.76765842757001,0.009635603427886963,0.85
2871,0.6909264071160159,18.129031579884867,18.040159185351122,0.009886372089385986,0.9
2872,0.3209016941231845,23.136290816534107,19.002936537802093,0.009754049777984618,0.7
2873,0.4570306438684435,28.603355689581747,18.513525759887017,0.008926403522491456,0.8
2874,0.36362319499178264,32.65449406275341,17.56735073797331,0.008962810039520264,0.75
2875,0.31195869986160596,44.44835807774821,40.08676567137696,0.008921074867248534,0.75
2876,0.11590914282973593,33.685790847257906,17.858455710129906,0.008949780464172363,0.6
2877,0.49748647250450373,33.64840470114058,29.43870861098882,0.008948838710784912,0.85
2878,0.5359832337253663,32.33888193681714,23.899502086921217,0.009184837341308594,0.85
2879,0.2214585669321872,47.453218946844686,39.88852213689552,0.009003710746765137,0.7
2880,0.5667444604846084,32.67377923837148,24.14282996695037,0.008933627605438232,0.85
2881,0.4179718381783525,41.22770691373945,34.96120036834146,0.00970768928527832,0.8
2882,0.3622969341624328,26.582822531905855,22.923743871718564,0.010376882553100587,0.75
2883,0.2085821533855548,38.00068599785819,24.59624865142624,0.009452664852142334,0.65
2884,0.5837283557022048,38.497407277404236,30.09740508522198,0.009151613712310791,0.9
2885,0.228520535220908,43.86208500368134,40.22780057105609,0.009375929832458496,0.7
2886,-0.09436085125362667,37.986000611501154,27.066437496985493,0.009067046642303466,0.5
2887,0.3652258900299076,35.12177499011558,28.068238375667438,0.009059274196624756,0.75
2888,0.2919682495167718,27.03433899031076,17.19734994137398,0.009282338619232177,0.7
2889,0.34005438614621836,38.03205983948724,31.214480411019554,0.008926844596862793,0.75
2890,0.5002552899099356,43.65517032514711,30.262937210295505,0.009216272830963134,0.85
2891,0.3238372026120591,42.95679337776631,31.759407458079043,0.008972561359405518,0.75
2892,0.15621991758474815,46.0894722854742,35.46870469462021,0.009714925289154052,0.65
2893,0.37966540957763384,28.819844398061655,26.18617160359371,0.009645450115203857,0.75
2894,0.2907440274515393,32.776349745542944,24.697746482277342,0.009386003017425537,0.7
2895,0.14098656460349995,24.677853125004724,20.556021386267165,0.009509658813476563,0.6
2896,0.41798081982453245,35.989743354688144,21.264391954881027,0.009196829795837403,0.8
2897,0.3777401463002362,30.213173987858898,27.55971736767369,0.00929337739944458,0.75
2898,0.4927738070555862,22.470071560829528,17.790430995878182,0.009357523918151856,0.8
2899,0.51650823568863,34.4492760585424,37.706029252239865,0.009825348854064941,0.85
2900,0.21218508937924008,33.84351271918437,27.386327155162668,0.009613585472106934,0.65
2901,0.5803504100196424,26.297680296161126,27.252832079184845,0.009377121925354004,0.85
2902,0.3334807227177269,38.783505826009474,32.425752753178514,0.009427738189697266,0.75
2903,0.37712548792933603,34.505558583984794,26.816379962280344,0.00938272476196289,0.75
2904,0.46471695527962653,32.2116100122951,23.3283064550867,0.008910393714904786,0.8
2905,0.49730617193949855,22.557625119735555,17.531511723375964,0.008854842185974121,0.8
2906,0.24540858791798809,24.306889161369316,17.79310311949764,0.009383118152618409,0.65
2907,0.8066117410059268,25.904236753260044,25.904236753260044,0.009211015701293946,1.0
2908,0.6523332420489132,25.21497961172863,26.221196217933162,0.00901327133178711,0.9
2909,0.2983224890785926,32.54675220588098,18.940938390617266,0.009240102767944337,0.7
2910,0.4438716071950382,34.06199045939694,32.00804161348964,0.009416913986206055,0.8
2911,0.40980360710861496,24.160412967494178,19.326053913538885,0.009562110900878907,0.75
2912,0.42064041947374314,34.45917163159879,32.688855859107264,0.009652209281921387,0.8
2913,0.571030356150367,28.632451153397334,23.94280938223382,0.009770190715789795,0.85
2914,0.410177956318622,38.23551942424508,43.84021721211033,0.009272706508636475,0.8
2915,0.20231690666399924,29.00773115492251,19.358252183199404,0.009447157382965088,0.65
2916,0.4567866663560339,32.08240496992771,29.88271545333501,0.009446096420288087,0.8
2917,0.16740764010826986,34.79801427466607,27.551403487509802,0.009373748302459716,0.65
2918,0.4037178542538376,24.746941073446415,25.003533868131047,0.009928643703460693,0.75
2919,0.1483309413011083,49.495348269460884,43.610068763741474,0.009564554691314698,0.65
2920,0.2642676160889669,28.437283570099925,19.742519319390855,0.00959315299987793,0.7
2921,0.36109293500891987,33.638977092570805,38.784176330066515,0.009511601924896241,0.75
2922,0.5795871975768395,36.49516764532088,28.63715858976222,0.009461319446563721,0.85
2923,0.27125527816566936,35.83592133833619,27.583983539727836,0.009853053092956542,0.7
2924,0.5346810519805633,25.15501355752054,20.994808882674754,0.010136151313781738,0.85
2925,0.28795069945768487,22.990441152867618,24.352900796830966,0.009324908256530762,0.7
2926,0.48205784884901454,27.470209853812854,30.11032421584348,0.009650826454162598,0.8
2927,0.02946206992098362,29.85591902541203,19.971748535759364,0.01022498607635498,0.55
2928,0.7376058774512829,31.636683581673033,26.946311193225625,0.009473848342895507,0.95
2929,0.18243522088344308,34.021947682103374,19.19021073915138,0.009247970581054688,0.65
2930,0.5359353979843435,30.46087888354635,27.089736983733673,0.009754633903503418,0.85
2931,0.36332540209737024,38.12203275251691,25.940028911415645,0.009555912017822266,0.75
2932,0.30815769326114756,26.708735878883562,30.501738699866245,0.009301209449768066,0.7
2933,0.3821123595600272,23.36250055960183,25.145402817797763,0.009310674667358399,0.75
2934,0.5345243058223087,31.460756105208112,22.578792955853338,0.009678161144256592,0.85
2935,0.3598731870207622,35.286789022300205,34.66624277056554,0.009379744529724121,0.75
2936,0.3683909819809724,34.34113499615485,26.335007436785776,0.009038448333740234,0.75
2937,0.5330440246620258,33.485262312921144,28.405641187989573,0.009355890750885009,0.85
2938,0.4181599328706552,32.3838623361479,29.35082989252777,0.009714722633361816,0.8
2939,0.4316181879123497,37.346461232048746,36.32640004687718,0.009571254253387451,0.8
2940,0.4657749564264284,31.60386019187208,21.679131057954645,0.009349489212036132,0.8
2941,0.24535958007347508,29.456368333173316,26.351248357264403,0.009315812587738037,0.65
2942,0.3378536456757133,33.352833436086755,25.60026823468976,0.009411776065826416,0.75
2943,0.5107407214150708,19.159552015652153,19.6898476720988,0.009527230262756347,0.8
2944,0.31103040788299036,23.374553366310614,19.388162704466477,0.009987223148345947,0.7
2945,0.49942351521573636,22.830130457087396,18.1298905975681,0.009596383571624756,0.8
2946,0.5434488954452058,34.04941395707796,34.05817155000691,0.009847724437713623,0.85
2947,0.5483870105085871,34.276559770175155,25.471354145108474,0.009254896640777588,0.85
2948,0.5077406880380195,35.277601517806275,31.161023589795104,0.009322011470794677,0.85
2949,0.26475470732722994,37.01181195061529,29.573608802645285,0.009440755844116211,0.7
2950,-0.05566103067773124,63.95835957290412,39.32828563996381,0.00961238145828247,0.55
2951,0.7337137085259586,29.83205165638867,25.263781054792037,0.0095467209815979,0.95
2952,0.31463660206766403,30.245807622575636,23.771886039051115,0.009424352645874023,0.7
2953,0.35125595037774454,29.91410938896568,24.864700319398693,0.009211480617523193,0.75
2954,0.3184246967054931,48.447511012378456,39.41478828019536,0.009489262104034423,0.75
2955,0.5133161229313054,37.055098517038765,29.023459764690895,0.010317027568817139,0.85
2956,0.15490353255874692,37.49608919422377,17.275840183202522,0.009774744510650635,0.65
2957,0.2295253399554639,24.10826749017607,17.980436276668662,0.010060179233551025,0.65
2958,0.5370428327700922,30.169779021401258,31.112192448265233,0.009783077239990234,0.85
2959,0.8086190048866537,29.149258623562833,29.149258623562833,0.009908342361450195,1.0
2960,0.2996850150116434,23.854223145419652,19.154734437203953,0.00971083641052246,0.7
2961,0.36501357932243345,28.574893320783012,25.200775820118512,0.009424412250518798,0.75
2962,-0.039299243365649356,24.878049000500432,18.834912010474774,0.009262001514434815,0.5
2963,0.565721774632616,29.21624603662251,19.01479104045428,0.010359668731689453,0.85
2964,0.39680325774423664,29.819566175631053,21.248513109701527,0.00986166000366211,0.75
2965,0.6776333935852173,40.007011283167884,36.134409745779564,0.010305058956146241,0.95
2966,0.4474958303899005,48.32621606138827,46.90257230749722,0.009981727600097657,0.85
2967,0.34236847014546623,29.00435832230379,19.826726858035844,0.009821832180023193,0.7
2968,0.3698984595006161,30.051580943720012,27.878991422063397,0.009694814682006836,0.75
2969,0.15766977252286063,28.46756617862121,18.026664331097695,0.008919155597686768,0.6
2970,0.5331880241277687,25.284382812107037,24.947973818421485,0.009844887256622314,0.85
2971,0.38372804104661024,53.44839425814657,48.305505701554424,0.009469640254974366,0.8
2972,0.4418895679911752,35.76878741945738,31.652149683977438,0.009535610675811768,0.8
2973,0.6409247307105914,30.210219829182563,25.04340162436283,0.009345746040344239,0.9
2974,0.1774044124659548,39.14492636434373,28.660605647012062,0.009119009971618653,0.65
2975,0.4243434751520249,43.68080339318322,31.225266486503934,0.008978271484375,0.8
2976,0.3393499591298971,39.29869171413718,40.268495829975215,0.009288430213928223,0.75
2977,0.18610812667655835,33.26653672537924,26.12783994571968,0.009176933765411377,0.65
2978,0.3923165235720162,34.34907744422943,20.78572172105103,0.009248304367065429,0.75
2979,0.33289931160961117,47.72082652508147,32.200050056926756,0.00942530632019043,0.75
2980,0.4111987923289021,17.43481237015887,17.391683853201528,0.009092259407043456,0.75
2981,0.38976017271394825,25.67271099469786,28.18481042452511,0.009067213535308838,0.75
2982,0.4872234293674092,25.3794817644684,20.756871816918828,0.009053230285644531,0.8
2983,0.601829171288142,28.441882388048384,24.266353764459176,0.008982670307159425,0.9
2984,0.44759891800800344,30.084213042556378,25.864442792998496,0.009447634220123291,0.8
2985,0.43848345553550355,36.682269474374905,23.662627176377327,0.00985640287399292,0.8
2986,0.2665674017692449,37.519094485283304,24.88487718770798,0.00915699005126953,0.7
2987,0.6573163923739441,23.57636513499387,24.244994023433023,0.00910733938217163,0.9
2988,0.37825394338225793,33.17892882005465,19.438291658203745,0.009189128875732422,0.75
2989,0.31443044348191873,28.83272966990391,26.57796165788799,0.009374630451202393,0.7
2990,0.22928862876427553,31.75184148543422,16.7349107308306,0.009805119037628174,0.65
2991,0.33688190738390167,39.332409058257845,25.794446131994246,0.009365379810333252,0.75
2992,0.3004084708636355,28.73641558110508,19.816551128813575,0.009798562526702881,0.7
2993,0.451424497533967,30.738339187042364,34.04797145644487,0.00929807424545288,0.8
2994,0.47251454314606967,23.894461700747502,17.566371239146857,0.009017276763916015,0.8
2995,0.3271460642046975,46.72316870513853,37.225683943031434,0.009624063968658447,0.75
2996,0.25587729184168106,40.467285119295525,35.86048781808198,0.009767293930053711,0.7
2997,0.6043994084411619,25.600088838485767,26.431314067147454,0.009355473518371581,0.9
2998,0.5877893925338114,24.963171915045997,17.99155886912665,0.009751462936401367,0.85
2999,0.4618828362307504,28.14669784614002,18.65051208356529,0.010306453704833985,0.8
3000,0.522785588831507,25.973676746514638,21.24621634229701,0.009882402420043946,0.85
3001,0.3038843972249607,33.03365427108453,26.22248441543213,0.010189831256866455,0.7
3002,0.34607000348259265,37.41714541349531,38.124819291446514,0.01043015718460083,0.75
3003,0.5061887981774483,23.08846050236583,18.096304690802267,0.010289371013641357,0.8
3004,0.13959091011208255,38.043832385251726,34.06325543006692,0.009672248363494873,0.65
3005,0.3258666046035243,43.32643578380644,46.12342109848461,0.010328459739685058,0.75
3006,0.3974789054881372,31.53031122964837,30.309017334172538,0.009480738639831543,0.75
3007,0.3993573438456683,29.043279386528855,25.920271695581544,0.010184812545776366,0.75
3008,0.6946517942910669,33.10280230915606,33.83614009222599,0.009948182106018066,0.95
3009,0.3844012677542534,33.04691997800127,25.196867442734824,0.00938481092453003,0.75
3010,0.4631334261360271,34.05389967659269,26.06120164024107,0.010035419464111328,0.8
3011,0.4437901831401062,31.369408909180304,27.007784707309945,0.01001356840133667,0.8
3012,0.1917169372714339,35.69045922517513,29.899589304836258,0.010202360153198243,0.65
3013,0.7161706449726288,26.344609141985416,21.356529619813674,0.010907602310180665,0.95
3014,0.3394264759163537,42.29309435454741,37.75886956127389,0.010450804233551025,0.75
3015,0.26152568942056154,48.733667371352176,34.480850291837264,0.010421419143676757,0.7
3016,0.2658360621603783,37.535789579475264,25.66093910309337,0.01092376708984375,0.7
3017,0.5658720645657789,23.647814028298267,18.375814914964682,0.010713160037994385,0.85
3018,0.47904592586369743,23.044366533988395,18.587503812041312,0.010269451141357421,0.8
3019,0.2299572610615943,26.46244678388414,24.022691816285963,0.010195958614349365,0.65
3020,0.5667760583184634,28.096471988035102,18.30996758814144,0.00962669849395752,0.85
3021,0.21893191104645812,27.518579882136073,17.781726994954322,0.00945744514465332,0.65
3022,0.6772953600485183,27.142917818195798,22.852287386667363,0.00932316780090332,0.9
3023,0.3302835452428064,29.759621398084402,21.39328842019285,0.009332644939422607,0.7
3024,0.12791944199648833,37.363948034223085,33.72968366105656,0.009336698055267333,0.6
3025,0.4733108181943201,25.063415958910888,20.716428635024286,0.009452712535858155,0.8
3026,0.4932913278622637,25.944788784789722,28.3788691076367,0.009622907638549805,0.8
3027,0.5988572986462443,26.050573206652654,21.46141450637524,0.009499120712280273,0.85
3028,0.27756981781166373,30.664172826863116,27.715906716968593,0.009842300415039062,0.7
3029,0.26902427318566713,36.61276458224368,36.26232804795298,0.009399712085723877,0.7
3030,0.4318749754134708,34.79939359109294,26.324818656381147,0.009934020042419434,0.8
3031,0.16093369470924615,29.710242351678165,29.008894276574456,0.009841716289520264,0.65
3032,0.4333292376248923,38.926910950229136,32.123803735959726,0.009102058410644532,0.8
3033,0.5287424979331896,30.56949553032144,25.051627143379996,0.010181987285614013,0.85
3034,0.33907594852036793,46.194251664256676,42.727598849761314,0.00959792137145996,0.75
3035,0.5397260709974411,24.04903828901194,24.739164717266426,0.009565937519073486,0.85
3036,0.22490717378133546,26.93074364512949,25.93852619703623,0.009346401691436768,0.65
3037,0.3996249100757754,42.59445654642822,24.994689906614468,0.009787940979003906,0.8
3038,0.5539012652531656,36.45136535563134,28.108350580030002,0.00988166332244873,0.85
3039,0.3715166654137886,34.1177394075747,23.339701708180012,0.009880197048187257,0.75
3040,0.17120087565599068,36.714711764446754,41.99072279432938,0.010569262504577636,0.65
3041,0.27715144942301967,25.258703475607554,28.449786699377672,0.010415589809417725,0.7
3042,0.372167409999742,24.11586765260611,25.348498352211003,0.009446501731872559,0.75
3043,0.6036207122937804,39.985493838245915,36.848346614915435,0.009341561794281006,0.9
3044,0.5117577588641192,31.88986917508666,34.817560044940876,0.009285295009613037,0.85
3045,0.6536626726071232,30.761020599813417,32.52077220093891,0.00927431583404541,0.9
3046,0.7546964144609193,29.19183837043702,29.88530909904995,0.009764957427978515,0.95
3047,0.3287844485423844,39.628205627108585,38.354178914488884,0.009017813205718993,0.75
3048,0.3796381666007739,33.01918227964609,31.465751207461253,0.009770512580871582,0.75
3049,0.272758971415055,39.61069063525471,41.422139237456335,0.01001734733581543,0.7
3050,0.528896568432801,29.899965642190427,31.779948022650956,0.010440289974212646,0.85
3051,0.35248837460467963,35.68710548686094,28.53786157305057,0.009547221660614013,0.75
3052,0.6192680587529129,36.284740061589055,37.63285867325237,0.009672510623931884,0.9
3053,0.11347065363305467,61.60172517904141,55.293940656262635,0.009338760375976562,0.65
3054,0.3691585053219931,29.114152240307487,27.2362481877142,0.009499704837799073,0.75
3055,0.4011375659419933,33.05521453142795,31.049102615274023,0.00915355682373047,0.75
3056,0.6475915024300092,22.05344608435844,22.51094535627309,0.009258651733398437,0.9
3057,0.26629586409752803,30.79208062234219,23.580842189588,0.009369421005249023,0.7
3058,0.42852968512532064,36.951901164625895,23.330504269883146,0.008945298194885255,0.8
3059,0.44273737788275974,27.705167179313868,24.05347267965052,0.009317493438720703,0.8
3060,0.5658967640555895,24.687508695889886,20.09105875427574,0.009055769443511963,0.85
3061,0.43262327671745815,35.30896938185577,26.26511623917597,0.009875595569610596,0.8
3062,0.5165666505792279,33.5071561498914,30.832871085798963,0.009689319133758544,0.85
3063,0.3491154289828018,30.16226528519261,21.591161422509618,0.01002269983291626,0.75
3064,0.46900232755391114,37.637975996742504,29.47842865733178,0.009814536571502686,0.8
3065,0.25743691937924146,41.22127536751895,24.225107525841903,0.009304869174957275,0.7
3066,0.28747204105117385,51.61959125641855,50.30039731207569,0.009314978122711181,0.75
3067,0.25297997755223356,43.5718869055314,26.35926658403466,0.009341347217559814,0.7
3068,0.16868912024298793,50.95894031703207,29.789693834291583,0.008963942527770996,0.65
3069,0.32296057489995894,40.14181496363534,33.047769901365015,0.009319961071014404,0.75
3070,0.0773982800037494,45.193427676095915,31.333605880138276,0.009245240688323974,0.6
3071,0.18548736309856578,36.51126159550949,18.31654229575147,0.009432733058929443,0.65
3072,0.5205883010215716,37.87307853813069,35.63128473259394,0.009367001056671143,0.85
3073,0.5117343812849207,37.67351585575591,29.999279010557753,0.009398674964904786,0.85
3074,0.5511508861781191,28.774303149966567,25.20409949856189,0.009285223484039307,0.85
3075,0.5432451027562598,35.384323758901616,27.427148538189037,0.009583914279937744,0.85
3076,0.4417550404247361,33.461445616492526,31.203365139136363,0.009471845626831055,0.8
3077,0.21475954650087847,28.534704407095887,27.45703785838703,0.009245502948760986,0.65
3078,0.45085632772510237,37.062351169172416,36.07552737249155,0.00938558578491211,0.8
3079,0.5303455219579108,29.772257329967225,26.49424656427081,0.009429466724395753,0.85
3080,0.4282286960834498,35.958518445187,34.83147984091137,0.009186851978302001,0.8
3081,0.47331348459866945,23.03224103042792,18.626511240519918,0.009089040756225585,0.8
3082,0.19832504686748856,39.01124754499882,40.127004519665014,0.009306299686431884,0.7
3083,0.5889343429108018,43.874247252520135,40.91450221907219,0.008939981460571289,0.9
3084,0.3568456321288586,39.490681746023945,26.752743210715142,0.009407055377960206,0.75
3085,0.2948566122555603,35.83156261029828,29.41886908978648,0.00926969051361084,0.7
3086,0.4212504746289828,44.195466823106464,45.058134447541704,0.0097894549369812,0.8
3087,0.4733865503792186,27.3754093172821,29.566495772833424,0.009842336177825928,0.8
3088,0.4946525365827205,47.12286539960839,35.7164026942637,0.009848785400390626,0.85
3089,0.22944787289500151,47.298381810759636,31.73270958374872,0.010171651840209961,0.7
3090,0.15913635241032248,43.730909630326906,33.315832744138625,0.010241687297821045,0.65
3091,0.06363575830181648,40.891240686922444,30.260430977311287,0.009879636764526366,0.6
3092,0.4267390691058509,38.95885888540931,25.797587044371376,0.010749971866607666,0.8
3093,-0.13545648475208444,47.02027510184393,25.40799648882366,0.010245215892791749,0.5
3094,0.5427306664104499,31.702398110044776,28.097635155450227,0.01013188362121582,0.85
3095,0.07053242781846669,42.80770069054292,20.439779326674103,0.00975346565246582,0.6
3096,-0.07832869487780203,41.33703593284894,26.91428180405875,0.009366631507873535,0.5
3097,0.4991020201522841,43.85902256918954,42.367393173690296,0.009587836265563966,0.85
3098,0.4897852319399624,44.52565024086895,38.43218312813647,0.009907948970794677,0.85
3099,0.17090017600437551,37.91935354599891,25.32268648491623,0.009347224235534668,0.65
3100,0.23181346954205911,23.34025019219277,18.504541794242268,0.009346508979797363,0.65
3101,0.4508044382132452,31.759757696360907,23.206851148690745,0.009420466423034669,0.8
3102,0.314045757987257,42.562395021275066,37.67668397550545,0.009295058250427247,0.75
3103,0.7275299524842644,24.686990192852182,24.947599787780618,0.009383296966552735,0.95
3104,0.8091131992375772,25.222336669187847,25.222336669187847,0.008778393268585205,1.0
3105,0.3761462885401553,30.722392983638706,27.33274943984206,0.009113740921020509,0.75
3106,0.2907172496413936,33.36891883750467,18.55236941631473,0.009156417846679688,0.7
3107,0.2854749257954766,28.754341649139814,26.565793694264492,0.008858180046081543,0.7
3108,0.29170315411485037,32.707972958713086,23.598156900286025,0.009300553798675537,0.7
3109,0.44184029334657693,30.857963582136147,27.652306271467488,0.009171617031097413,0.8
3110,0.38547035387670847,25.805161178578306,21.986205887874952,0.009387218952178955,0.75
3111,0.3557932630737292,34.672046347361054,32.33784484111813,0.009874534606933594,0.75
3112,0.07509788963087569,35.10792250729772,37.58127935129886,0.010256743431091309,0.6
3113,0.4475120006334308,30.43862640500415,25.724115457384713,0.009803414344787598,0.8
3114,0.4326490903343775,26.545299736175146,24.12194004417778,0.009575891494750976,0.75
3115,0.2789727597805701,37.47621020928706,32.06429594522729,0.009557700157165528,0.7
3116,0.41090685347478983,37.331498592340715,35.40451708258689,0.009697830677032471,0.8
3117,0.5079137111114328,42.52925507675839,41.238882727663345,0.009919047355651855,0.85
3118,0.5813418968286574,21.30507811891196,15.93435877586155,0.00932328701019287,0.85
3119,0.28171883352361277,27.946825647860226,17.649268737486146,0.009405577182769775,0.7
3120,0.20776663611920934,33.582676408137054,27.08790460667607,0.0094169020652771,0.65
3121,0.1284213643671957,33.95220931251747,27.37410282802531,0.00950871706008911,0.6
3122,0.46865965697951345,36.2060368724093,33.6161996941502,0.009279489517211914,0.8
3123,0.5021769695742836,24.332749897689286,19.721035215911844,0.009248721599578857,0.8
3124,0.0993546453673696,37.30089599955055,26.38752974038915,0.009983694553375244,0.6
3125,0.5056628281558772,22.40500795550411,23.91944714147349,0.009893572330474854,0.8
3126,0.1604555752270959,22.602469130437473,17.923441812424805,0.010038089752197266,0.6
3127,0.559816825274212,30.061534652679807,25.26114527489308,0.009208965301513671,0.85
3128,0.1877188810141847,27.773587353068613,19.003886107236255,0.008683598041534424,0.65
3129,0.19780017808460765,30.441715639546423,19.572186443047908,0.008763480186462402,0.65
3130,0.40942808700639033,23.265157797558082,25.444213024732882,0.009191906452178955,0.75
3131,0.41545454279014304,23.680037390121107,18.415429018284332,0.009121227264404296,0.75
3132,0.42948585322259597,34.6821347672734,27.192495810543218,0.009514546394348145,0.8
3133,0.47222972273585223,29.756361346261464,20.968381762457202,0.00913022756576538,0.8
3134,0.2192381786102655,25.057318722951685,19.629085355223598,0.009234368801116943,0.65
3135,0.6345872040371279,31.703810253667694,28.06303349606673,0.009251677989959716,0.9
3136,0.3721019720816835,30.874567875175977,23.18758838665194,0.009985888004302978,0.75
3137,0.3841280307505297,38.360874553132035,31.722131842316703,0.009599030017852783,0.75
3138,0.3253232365092882,29.139112614504693,24.940238041978734,0.009965646266937255,0.7
3139,0.36194627056702855,34.9921204866818,40.74055306563842,0.009319281578063965,0.75
3140,0.18559423853593998,43.026740812995,33.594131491149746,0.009712934494018555,0.65
3141,0.16666279673084256,35.74655150152858,30.4614601016511,0.009772968292236329,0.65
3142,0.6028369990624283,29.36906611407361,25.228110637274565,0.00926588773727417,0.9
3143,0.5424206082118666,30.735396018483407,32.685903867792064,0.008587408065795898,0.85
3144,0.3146754457065605,28.17799764482451,25.946545535064754,0.008935964107513428,0.7
3145,0.28127975383443343,27.94208786760432,32.93869442418905,0.00989452600479126,0.7
3146,0.5720746204710593,25.434246090387962,19.026006486449948,0.009733259677886963,0.85
3147,0.3445416133158907,35.663864809601996,29.03144086177193,0.010069584846496582,0.75
3148,0.1726076250948234,21.99479084696936,17.97996580248805,0.009575355052947997,0.6
3149,0.6107423522362875,28.568952885668757,29.41389316279806,0.009502863883972168,0.9
3150,0.4793646261869876,24.409984343386036,19.217765573594882,0.009076070785522462,0.8
3151,0.33768848078737024,40.60810826410076,34.23956142003933,0.009404253959655762,0.75
3152,0.3092848457542302,25.591473395700216,22.428671008664036,0.009540283679962158,0.7
3153,0.4022200117808774,23.282392362814967,22.609808137803142,0.009679710865020752,0.75
3154,0.4377114392729511,37.220639780647836,34.61808548055106,0.009291672706604004,0.8
3155,0.655381580470622,27.688771412363145,27.529646408336106,0.009902620315551757,0.9
3156,0.730925082560189,27.276458564292483,27.569807341230696,0.009191763401031495,0.95
3157,0.5027518419392664,41.98281497137374,46.466683492795745,0.008826744556427003,0.85
3158,0.11888381233568981,23.518075354253718,27.25236427460655,0.009249079227447509,0.6
3159,0.1371843903121202,28.910555276715506,34.93865549266071,0.009348678588867187,0.6
3160,0.18971007356048394,31.121411657530437,24.1142213803904,0.009135115146636962,0.65
3161,0.2304907724638548,27.14240449247069,32.400765527966556,0.008812487125396729,0.65
3162,0.29663307305972586,32.83523650804562,33.34301931369337,0.009499275684356689,0.7
3163,0.6700812072589685,23.042314774806233,18.267423326195882,0.00919346809387207,0.9
3164,0.5678234071924988,24.48094647447266,25.42932393234616,0.009281063079833984,0.85
3165,0.530807529904634,32.79017377040309,35.30152022932077,0.009462738037109375,0.85
3166,0.4402044527903903,40.015352993766875,32.23272175034437,0.008914315700531006,0.8
3167,0.4267441059560757,31.67860942562988,33.69564516957029,0.009598064422607421,0.8
3168,0.4998864801646864,25.295543023865893,21.683203528659682,0.009383583068847656,0.8
3169,0.41409813028694237,23.92450799341986,18.082579967612222,0.009394967555999756,0.75
3170,0.3902965620737801,26.322399042049433,21.83341377900139,0.010051679611206055,0.75
3171,0.45477689603369476,28.548469384854364,25.084289341227148,0.009655940532684325,0.8
3172,0.10225444958343813,33.85929105348093,21.685424826576817,0.008867371082305908,0.6
3173,0.33312713346228745,41.077591162066184,27.86974689958091,0.00971081256866455,0.75
3174,0.516076756361534,35.69916772194436,39.168837264307,0.009784281253814697,0.85
3175,0.6771742821274696,22.726670067594142,23.587175810501062,0.009493327140808106,0.9
3176,0.5542290485472842,28.30479225171549,30.38921917465357,0.009416627883911132,0.85
3177,0.4204574746435421,34.705744571792586,39.316010071963355,0.00936189889907837,0.8
3178,0.5581610333053456,38.77414422485832,35.946539232349195,0.009148740768432617,0.9
3179,0.37899455568673546,29.926154556780478,34.213640284501295,0.00958406925201416,0.75
3180,0.6003500935128818,20.0860412979408,21.01918507004669,0.009653329849243164,0.85
3181,0.5742878031865322,26.51090159942911,22.60488183265099,0.009477543830871581,0.85
3182,0.5910909831433218,26.627091254238838,27.554565567708078,0.009571051597595215,0.9
3183,0.27074978025697727,27.80423506905397,18.24345030074696,0.009238684177398681,0.7
3184,0.5171595075575778,31.1276483121992,27.322823864204196,0.009534323215484619,0.85
3185,0.5823664749571069,19.02132143092573,19.546787620474984,0.009929633140563965,0.85
3186,0.6631841630007169,25.312616097769297,26.066534926888444,0.009080302715301514,0.9
3187,0.3253038708130619,43.34026992133633,38.35180575485732,0.00913923978805542,0.75
3188,0.13528288843547168,24.808521720178025,28.92876839924727,0.009667980670928954,0.6
3189,0.6023664089395135,24.791715021916325,25.870084648549685,0.009266507625579835,0.85
3190,0.31100073936614764,26.774113484503925,29.146652878403437,0.008771729469299317,0.7
3191,0.5838362616912357,20.660816838059027,20.394148775887757,0.008945083618164063,0.85
3192,0.46609111482502524,26.14216167527257,28.250029993629166,0.009144675731658936,0.8
3193,0.4824739706650498,24.594344143494162,25.061787185925255,0.009184765815734863,0.8
3194,0.49890187839227346,24.90133232611078,27.003195528782612,0.00955137014389038,0.8
3195,0.16961774216926542,38.128934385040196,30.78951929024311,0.009594035148620606,0.65
3196,0.683445509904978,35.220054770570876,30.779756418197053,0.009915602207183839,0.95
3197,0.5430344123085498,26.910800734973115,22.84379815050154,0.010102272033691406,0.85
3198,0.38461029516420686,29.10278915908534,32.96860005797924,0.009825599193572999,0.75
3199,0.6587663365354686,23.97578558116853,24.917665354221803,0.009253108501434326,0.9
3200,0.27986868902169226,28.728850613035092,25.8873485549495,0.009355413913726806,0.7
3201,0.2087021455645003,29.030777447644788,27.3852071361074,0.0096998929977417,0.65
3202,0.2960619581966345,33.161452607523515,33.262451801110295,0.010011696815490722,0.7
3203,0.27691011284491884,33.16394076227811,39.73277884355274,0.009576618671417236,0.7
3204,0.6843404227528713,24.934902505430674,20.03765977673457,0.009279346466064453,0.9
3205,0.48824550058346416,29.035297194530823,31.16046101376924,0.008647358417510987,0.8
3206,0.3776463035889831,28.356409243511756,25.33961669310829,0.009221279621124267,0.75
3207,0.6423277808077658,33.937495008092085,36.12465594200084,0.009365224838256836,0.9
3208,0.42722886037427,18.762287033114784,19.605502930745903,0.009400391578674316,0.75
3209,0.2951748021754534,40.07235076457644,40.75962517708443,0.00917987823486328,0.75
3210,0.47028899658649614,29.040939154453536,31.862569765900844,0.00932549238204956,0.8
3211,0.5832673735111895,16.797362952928697,16.431266356988456,0.009603655338287354,0.85
3212,0.16524737441594817,40.91363426195398,30.471869005397892,0.009915590286254883,0.65
3213,0.653871787183612,25.621493708683055,21.375748433236062,0.010118663311004639,0.9
3214,0.3670091910727956,33.44090513603583,20.131065626584878,0.010131847858428956,0.75
3215,0.5948083421609445,25.584200035101496,26.050988773144148,0.00982273817062378,0.85
3216,0.03455751167724942,33.15008004596925,26.051599273884666,0.009550106525421143,0.55
3217,0.16133911201097384,35.004667728703424,35.937447288042534,0.00977787971496582,0.65
3218,0.30220123485793043,26.519527494771573,31.30489151661049,0.009923017024993897,0.7
3219,0.38194431319412986,38.8530911402063,36.28996820040092,0.0096413254737854,0.8
3220,0.3992199443678051,24.288819598880576,18.18061314762266,0.009288489818572998,0.75
3221,0.5285171654281257,24.982884618593598,25.692233537271694,0.00952528715133667,0.85
3222,0.537166289087731,31.972049333623023,28.616747487861915,0.009300470352172852,0.85
3223,0.5239375309021831,33.29895281514248,30.29110704105865,0.009157240390777588,0.85
3224,0.09501035014683559,42.234454767972544,34.80777831747951,0.008999812602996825,0.6
3225,0.303341359854688,27.131707140262893,24.14826623002622,0.009386229515075683,0.7
3226,0.5428361438449558,33.353583233520496,30.38248050236206,0.009575986862182617,0.85
3227,0.4559821500592311,24.676959179045248,20.362578602838262,0.009519195556640625,0.8
3228,0.5676190632741821,28.927304155456447,24.724979732308544,0.009691178798675537,0.85
3229,0.5126468176548302,30.604470992617962,27.225489438394817,0.010117805004119873,0.85
3230,0.34988166623490224,24.533061761521957,21.55163394172873,0.00977323055267334,0.7
3231,0.557750646972932,31.81040081479395,34.84473749227493,0.00979069471359253,0.85
3232,0.7012981964987157,34.46696073837921,35.45836116372847,0.00953831672668457,0.95
3233,0.5484585199194066,34.40024276166635,31.082937513917553,0.009539985656738281,0.85
3234,0.5362464769092973,33.93571226623489,31.149298704859294,0.009650588035583496,0.85
3235,0.35181371274371315,42.893592183575706,31.64605622593347,0.009914970397949219,0.75
3236,0.36473043858444515,33.77803486928834,26.04270764970727,0.009530282020568848,0.75
3237,0.4812198720595223,27.049741889296577,23.436160890985416,0.010430967807769776,0.8
3238,0.6580717192969346,19.267703146698768,19.31887860867186,0.010691559314727784,0.9
3239,-0.12856584130579896,49.92755141476652,41.30096184893394,0.010783004760742187,0.5
3240,0.47347092564599513,41.240892183595484,45.78211972717482,0.00982365608215332,0.85
3241,0.4263132879568118,35.20894178196952,26.560480854008123,0.009833383560180663,0.8
3242,0.5062538710572547,43.594089569094926,37.1752811311559,0.009987878799438476,0.85
3243,0.433829635035799,40.062251191703105,39.97022907198843,0.009616637229919433,0.8
3244,0.35969623385150984,28.955610297382794,25.445996898539217,0.009627199172973633,0.75
3245,0.17623490610677733,32.87870474785247,34.27976075083433,0.009368705749511718,0.65
3246,0.6146519044739871,36.26632218696757,27.638726377395788,0.009227442741394042,0.9
3247,0.2512634504726118,42.1366510358436,38.55719958117574,0.009096169471740722,0.7
3248,0.31986232797934194,26.168024681805758,24.398244627640146,0.009073030948638917,0.7
3249,0.42641146401022273,39.558033073651586,33.234593126491845,0.009152305126190186,0.8
3250,0.4936899108480087,46.53586736496673,39.52941785177721,0.009073197841644287,0.85
3251,0.20915805018767078,43.784067162361374,32.83091717332997,0.009579110145568847,0.7
3252,0.0953105703022108,33.30272986334317,27.20952755910388,0.009322667121887207,0.6
3253,0.4387494206126,34.89769998950288,26.88567425531522,0.00955803394317627,0.8
3254,0.43550627167288436,31.0928917632234,27.5328562361378,0.009497714042663575,0.8
3255,0.42518656100820185,43.125444987979975,31.814409451144115,0.009343624114990234,0.8
3256,0.41810241726796543,35.85972040644354,40.19943461469166,0.009505367279052735,0.8
3257,0.22967074370563184,47.596591833113884,39.64297118177724,0.00989859104156494,0.7
3258,0.21500017597837423,29.18763052490658,19.31508059123832,0.009757542610168457,0.65
3259,0.5272294013003915,24.62020068520415,20.0830139139708,0.009681379795074463,0.8
3260,0.5334243504106294,34.62691089097444,25.74235114610993,0.009590828418731689,0.85
3261,0.30777543511127986,29.23946038669326,20.672927493549768,0.009812772274017334,0.7
3262,0.42411561595381686,38.96230698867676,37.95510647264123,0.009803283214569091,0.8
3263,0.2941136364010828,33.62490428328474,25.761962208846878,0.010282647609710694,0.7
3264,0.1775110098692825,38.81754050460823,20.09564264957892,0.00964663028717041,0.65
3265,0.2980850046329736,34.11941748472762,20.318366786482592,0.009972357749938964,0.7
3266,0.6297659723411492,27.267948784974863,28.344374685393213,0.009656691551208496,0.9
3267,0.338681511984133,38.33738346762583,37.480129688796545,0.009088146686553954,0.75
3268,0.7245867997897962,29.432470854733275,30.093248061430298,0.009244382381439209,0.95
3269,0.26178245106205944,34.89035464763835,28.936899033463607,0.00915607213973999,0.7
3270,0.33808536934050415,41.22321804364082,36.15748362815054,0.009285533428192138,0.75
3271,0.66320448101876,23.82676871278617,24.738817425107467,0.008761739730834961,0.9
3272,0.3846424567907694,28.134236554683962,25.165925194189608,0.008679521083831788,0.75
3273,0.653317782752084,25.085070343500515,25.626951206326126,0.009465503692626952,0.9
3274,0.5330888198503502,33.894912173494944,25.26682582756464,0.009363400936126708,0.85
3275,0.33415862016610626,40.3507839273572,42.52521381467418,0.009153008460998535,0.75
3276,0.19532598846200414,46.986570647434704,39.803560970554905,0.009566819667816162,0.7
3277,0.3108986403207365,32.08310352261152,17.12994931551022,0.009156394004821777,0.7
3278,0.4236669864530218,32.918395491881995,30.564462445319567,0.009347033500671387,0.8
3279,0.307968284470744,27.92493274992616,24.670592991039932,0.009970498085021973,0.7
3280,0.4722073383795701,27.12326144313736,29.417442599834537,0.009854531288146973,0.8
3281,0.5822603693979573,21.943269325546787,16.668084893856356,0.010210037231445312,0.85
3282,0.507374219915439,23.838172954551737,18.579081802884602,0.009487688541412354,0.8
3283,0.5666362069410272,24.526582191867284,25.841157888920552,0.009684908390045165,0.85
3284,0.2487767388079904,36.100984233926106,36.09840862749419,0.009339344501495362,0.7
3285,0.14761794818744392,23.66491043912203,27.756288443804156,0.009306025505065919,0.6
3286,0.48591515615795416,34.37045469635608,32.40120885517757,0.009248793125152588,0.8
3287,0.5693798306451255,17.912713437616326,17.650222710045927,0.009273648262023926,0.85
3288,0.5787082704181783,25.44916942183939,20.550012070690364,0.009252214431762695,0.85
3289,0.6818262211108957,24.45170127739626,25.49924767964604,0.008920657634735107,0.9
3290,0.2547463614917246,46.7402777041598,29.494661313286336,0.00908752679824829,0.7
3291,0.02475082755898046,29.352715615101566,28.993010940486922,0.009276318550109863,0.55
3292,0.452831191293654,34.78627316039822,32.82166350873279,0.008882105350494385,0.8
3293,0.2740056910139339,39.238679448871004,34.50916038907278,0.009336709976196289,0.7
3294,0.34851096230117456,33.09955030151921,32.40612068743776,0.009460711479187011,0.75
3295,0.597733496217878,24.390468276494552,19.893367191199644,0.009282577037811279,0.85
3296,0.084736314092222,20.979206329326463,15.35027943225303,0.009551119804382325,0.55
3297,0.4927331597056203,27.048998990525593,17.396167972666795,0.009589910507202148,0.8
3298,0.22049706400095698,28.850722069830926,20.819027622733422,0.00961850881576538,0.65
3299,0.4891456607471813,42.826480579838446,41.723101550782665,0.009241139888763428,0.85
3300,0.6671488361457655,27.137812285899468,28.12044954375492,0.009518086910247803,0.9
3301,0.4633225588164807,32.627456639417275,30.328985322063076,0.009639596939086914,0.8
3302,0.16828794796407365,42.64581389846716,34.86207269894649,0.009330570697784424,0.65
3303,0.46966506190232504,33.29984955908132,31.063687510933853,0.009109091758728028,0.8
3304,0.3043892692071526,28.144336412151183,26.847526644964837,0.009116530418395996,0.7
3305,0.4007585682571779,31.46882266419842,37.41390520759479,0.00926048755645752,0.75
3306,0.48499387048519305,21.748218026677105,16.646832501397416,0.009826338291168213,0.8
3307,0.6741985255458223,18.81687072126359,18.660182363450215,0.00958014726638794,0.9
3308,0.3652226809449789,29.676971549684545,32.54027055767189,0.00931532382965088,0.75
3309,0.45419060689986956,39.09768872411834,32.49941275907262,0.009849846363067627,0.8
3310,0.41035429404687473,39.047997944516034,38.17985118206841,0.009656846523284912,0.8
3311,0.32631324957847346,27.257709615579643,25.241399395557277,0.009036850929260255,0.7
3312,0.36287316130911895,25.43980270302685,21.298160222167805,0.009378397464752197,0.75
3313,0.15864313039932731,23.098566366325397,19.419727007559445,0.00980546474456787,0.6
3314,0.24254493893025447,35.098203386965494,34.83631759937914,0.009938955307006836,0.7
3315,0.7902552211487998,26.130550771163996,26.130550771163996,0.009480810165405274,1.0
3316,0.6092664328746855,34.69260931239241,30.7285084651111,0.009120166301727295,0.9
3317,0.1775031082162418,24.889644203021497,28.441079921014268,0.009327578544616699,0.65
3318,0.34541586534891344,34.04929107137038,33.46662229504423,0.009276938438415528,0.75
3319,0.6340264260523045,30.513867834379084,25.851876295713044,0.009901189804077148,0.9
3320,0.4412815802921461,28.415659789248366,18.627414550280093,0.009652328491210938,0.8
3321,0.45993281891252025,30.544479692573674,20.801454078248348,0.009094679355621338,0.8
3322,0.20813735665437755,32.74341968379904,24.32508741411446,0.009271979331970215,0.65
3323,0.5569200412844937,29.87588631369665,26.194999257661607,0.009119713306427002,0.85
3324,0.5528595419448428,19.773734683388867,19.65574842206319,0.009671676158905029,0.85
3325,0.4058474578254215,29.577591629764548,27.047811691560064,0.009231185913085938,0.75
3326,0.6210870983082077,29.54238003839575,30.93126319536916,0.008779466152191162,0.9
3327,0.5022031008124834,36.37298558044636,28.15461634222453,0.00927438735961914,0.85
3328,0.44063996578741305,35.96493438652249,34.92705584071517,0.009434092044830322,0.8
3329,0.3567756136368272,36.31188780334345,23.673627103727863,0.009297728538513184,0.75
3330,0.5314069419680381,34.72474640994291,25.951868883109313,0.008737015724182128,0.85
3331,0.522651557360154,27.21409686425934,17.71376287946133,0.008711123466491699,0.85
3332,0.4130152849715568,31.867321860898773,24.015223556901,0.008671426773071289,0.75
3333,0.46019175249829775,30.258574055944926,26.82847883387648,0.009094250202178956,0.8
3334,0.14640348773819287,28.05968061083009,18.03303522208746,0.009105706214904785,0.6
3335,0.29280103797173124,32.37758992671586,25.743942134561074,0.009234404563903809,0.7
3336,0.645096367070407,28.777708327914524,30.04042149243558,0.009546256065368653,0.9
3337,0.6221235494994907,29.91128755748967,31.048745472113815,0.009781086444854736,0.9
3338,0.6091950765346572,33.39163201133641,35.20001584370824,0.009850144386291504,0.9
3339,0.5105649637100024,28.89277716458281,25.979699422037424,0.010365021228790284,0.8
3340,0.39888466954154067,23.425837033227264,19.71469404889477,0.009820199012756348,0.75
3341,0.1718744171333491,37.045853982548024,24.391326515752404,0.00962522029876709,0.65
3342,0.5077245125857222,34.318591374096684,37.045174621760054,0.009292781352996826,0.85
3343,0.402170130802574,41.482634605114676,23.51601647349998,0.008899283409118653,0.8
3344,0.27562535142532063,32.42706848802486,25.247778179808442,0.008796989917755127,0.7
3345,0.4291221640283407,34.7571538516174,38.641694969856864,0.009664356708526611,0.8
3346,0.3210445937526165,45.996918954600055,36.42184527295512,0.008929181098937988,0.75
3347,0.1972636730392691,33.16319798652181,26.315884980743302,0.009063410758972167,0.65
3348,0.3331464091194194,43.75302051058581,32.95197070123351,0.0103668212890625,0.75
3349,0.16472340169670135,30.93862622185393,25.083759622847197,0.009974241256713867,0.6
3350,0.28936872133022395,29.803269271279113,27.618495015012563,0.008903658390045166,0.7
3351,0.43824841243966645,39.75335995392077,36.537945226551976,0.009146618843078613,0.8
3352,0.12895600801183696,29.58804988406908,30.613316452853866,0.010049092769622802,0.6
3353,0.38530506881043813,25.48599536359684,21.270962911410248,0.009927284717559815,0.75
3354,0.6201338890156468,28.44643813330335,23.96324646012432,0.00942157506942749,0.9
3355,0.3896205289939697,29.596788912065534,18.92523246300016,0.009352731704711913,0.75
3356,0.5640989857209716,26.454489891469194,27.492018036150288,0.009853005409240723,0.85
3357,0.512031221974298,40.21406975027225,32.169731638634566,0.009717869758605956,0.85
3358,0.2643744368204592,35.19342401266642,28.056206135425477,0.010336697101593018,0.7
3359,0.2554544383968284,44.31266393890101,42.000191611155046,0.009796607494354247,0.7
3360,0.5590027641234137,24.59408347950438,20.228715608955326,0.009579503536224365,0.85
3361,0.4262339181315625,33.38968655037089,31.40396230874962,0.009329819679260254,0.8
3362,0.011195260560573739,66.8727600124455,50.88428723796202,0.009237527847290039,0.6
3363,0.6166439976924377,40.59840985765933,32.480481642787865,0.009127926826477051,0.9
3364,0.4255938164711216,40.49215258796441,40.24451761817979,0.009435999393463134,0.8
3365,0.13226423953649252,48.62307543437979,35.676110898904724,0.009325158596038819,0.65
3366,0.3957706777352989,27.33681571752088,17.366378878249165,0.00941314697265625,0.75
3367,0.22875858546345346,44.79391629147614,35.27092284130621,0.010388803482055665,0.7
3368,0.4258498886761305,34.35389676510627,24.873585684670758,0.009916603565216064,0.8
3369,0.2574853624450649,39.27135071968969,25.64561413854729,0.009722864627838135,0.7
3370,0.2704915236987545,35.23297687018307,29.248604874667556,0.009508311748504639,0.7
3371,0.5367474954507563,30.007264015757336,32.1699351167839,0.009242713451385498,0.85
3372,0.08708918892901041,43.815239542513766,27.412539720140874,0.009362971782684327,0.6
3373,0.26777409745181,33.67953993942061,32.910846576488886,0.010020971298217773,0.7
3374,0.41138618111758135,27.708403216201315,17.701660979355196,0.009832930564880372,0.75
3375,0.550518994949686,25.94601730206831,22.060085729867655,0.00938349962234497,0.85
3376,0.5261886748334011,36.14134973632149,34.008771494154225,0.01000964641571045,0.85
3377,0.5513782316993856,27.139944434796767,23.40558291339817,0.010189318656921386,0.85
3378,0.45438402127444516,22.869408764385703,23.883144962274798,0.010066652297973632,0.75
3379,0.5397429828835858,34.54037006961115,37.37932087427926,0.009398937225341797,0.85
3380,0.505285754169953,45.43393750050455,44.514740757086564,0.010198688507080078,0.85
3381,0.41874638218394844,44.085803718129036,38.16485723270859,0.009751880168914795,0.8
3382,0.4459693660450553,34.180941735104405,32.0808555148127,0.010033178329467773,0.8
3383,0.34217920230378607,33.29585750970659,25.31929858426456,0.00934760570526123,0.75
3384,0.3339779512985352,37.780752402362104,31.41939702706263,0.009070301055908203,0.75
3385,0.5637692029267245,27.57500814263808,23.791814343992023,0.009340488910675048,0.85
3386,0.15993976618693947,44.415032104932486,23.584530124314274,0.009316718578338623,0.65
3387,0.28774881476263603,33.377665404653385,26.303013398578376,0.009638631343841552,0.7
3388,0.6155777601190403,35.12635220575465,31.817300675199363,0.009788823127746583,0.9
3389,0.09737471806634386,39.69354360938503,27.704341796238293,0.009812688827514649,0.6
3390,0.3228953015559824,44.53727679227135,34.53878409059801,0.009428143501281738,0.75
3391,0.4087557980194266,49.28167066243466,32.219942687688665,0.009711647033691406,0.8
3392,0.17915042011639015,38.468681522825555,25.814892102567338,0.009932076930999756,0.65
3393,0.335615286181817,39.262876289523874,40.434717034290394,0.009575974941253663,0.75
3394,0.45465391709731556,33.18569717779114,37.22666729974749,0.00988084077835083,0.8
3395,0.48899980593675807,25.35713565508003,21.51024497348981,0.010228621959686279,0.8
3396,0.31655267975499257,26.919462721244827,23.97363254422718,0.009915399551391601,0.7
3397,0.4444867410576151,37.528703288941585,23.932558151433724,0.009436368942260742,0.8
3398,0.2468669060077288,46.61097886779336,38.638797297104546,0.009396719932556152,0.7
3399,0.5036419501692498,24.95249203202973,21.192764728163795,0.009600293636322022,0.8
3400,0.4638033113130998,31.60735227643508,28.922106419899798,0.009662187099456787,0.8
3401,0.5524887745889024,30.074046392601037,31.368799640933595,0.009288215637207031,0.85
3402,0.2712517241932058,38.700158093593316,27.530886416807128,0.008854889869689941,0.7
3403,0.035964418563540726,48.8214862780117,38.03666239481827,0.00967344045639038,0.6
3404,0.5123126035599805,35.391424590242565,27.773915413619815,0.009744358062744141,0.85
3405,0.3731381365944501,55.84930838735264,52.90602486276927,0.009699738025665284,0.8
3406,0.6235080866457929,30.53421032746233,26.957016718025674,0.009526312351226807,0.9
3407,0.4854335402955611,27.572960632399212,23.122854124041943,0.009525454044342041,0.8
3408,0.5084968092609745,22.371451460541348,22.87115731353459,0.009599077701568603,0.8
3409,0.8486012664106166,19.307388871510312,19.307388871510312,0.009853267669677734,1.0
3410,-0.06355204854765309,36.1526585843934,33.973526764324774,0.009341025352478027,0.5
3411,0.5045944260950289,38.011673985561785,41.45978764101403,0.009826731681823731,0.85
3412,0.606300741460564,39.03378745212939,35.450965657735146,0.010041403770446777,0.9
3413,0.3513556283993145,30.671315832783165,27.612741861683382,0.010181701183319092,0.75
3414,0.4974264580965488,43.88522236776279,42.798708886786685,0.01063687801361084,0.85
3415,0.5129333529703178,40.08108857283641,37.114385264818345,0.009868979454040527,0.85
3416,0.008995783190216178,48.9633142382661,41.73965336620453,0.010057961940765381,0.6
3417,0.5847367410014954,29.22004535485894,20.563785364085348,0.009969305992126466,0.85
3418,0.34670114933534746,38.38841893521808,26.391607307704568,0.009235095977783204,0.75
3419,0.4673586693425702,30.501018027576485,22.15179570226711,0.009299266338348388,0.8
3420,0.551669985457446,26.176289708413357,22.533648212882515,0.010097301006317139,0.85
3421,0.7307575464931727,33.53552195971835,29.18060979005222,0.009568285942077637,0.95
3422,0.3683364563622005,33.23767882146272,30.440143448532698,0.009764575958251953,0.75
3423,0.3377771183347545,37.36409616911381,30.556199124548066,0.00969163179397583,0.75
3424,0.20873138635817332,33.46299975031814,25.756526660873217,0.010587358474731445,0.65
3425,0.4432189239791898,31.485029362907607,27.370507213301977,0.009431707859039306,0.8
3426,0.46110833884615554,35.582506389085616,32.57548872837222,0.009147858619689942,0.8
3427,0.5384169518926202,27.51433269453174,24.2323584199136,0.00986180305480957,0.85
3428,0.555603243445691,34.53540303402853,31.41934225023092,0.009678900241851807,0.85
3429,0.30074412921655286,30.552006343295396,28.50724990255474,0.009703469276428223,0.7
3430,0.5381071304080798,34.726613154266865,37.81861990423498,0.009779512882232666,0.85
3431,0.28018182588164775,31.665521541526278,25.362779656245298,0.009764909744262695,0.7
3432,0.3180162350739705,28.370533667723418,25.176813264222336,0.009816193580627441,0.7
3433,0.267869426318577,35.984106632920046,30.527094115112853,0.009714603424072266,0.7
3434,0.37396332753855627,29.389214920811717,33.06938111372823,0.009406328201293945,0.75
3435,0.15374622706113056,43.39561315728978,34.3417037878494,0.009250688552856445,0.65
3436,0.7094707948687572,32.72373175266819,33.370630897504185,0.010030341148376466,0.95
3437,0.28086317701277214,32.71037487767782,25.673898800699458,0.010094392299652099,0.7
3438,0.4150703271721413,33.94934324754434,32.40717137593494,0.010664939880371094,0.75
3439,0.32199245985288844,45.02204655750694,47.8450269509208,0.010399138927459717,0.75
3440,0.4468648035062529,34.77382218049492,33.48605967852164,0.009244823455810547,0.8
3441,0.4510929498221811,29.516966868258436,32.25961066806953,0.009419441223144531,0.8
3442,0.5462096705260601,30.591579433460424,32.65513100475885,0.009286844730377197,0.85
3443,0.39112974824125496,31.611297251562814,23.151221218156994,0.009718918800354004,0.75
3444,0.192904248553097,33.389534855265225,17.488262890629155,0.009958803653717041,0.65
3445,0.4740339230976337,29.322173944423263,25.47848269897124,0.01041785478591919,0.8
3446,0.5299315625761674,36.308742885667925,36.463261761833465,0.011240708827972411,0.85
3447,0.38829170417619857,31.447563669558342,19.301526043984047,0.010677051544189454,0.75
3448,0.20323190425869947,34.29186330297404,32.86138398485113,0.00976635217666626,0.65
3449,0.10208618763476855,41.8278078286521,30.422538536678193,0.010628128051757812,0.6
3450,0.08813836515108851,32.851135301858946,25.92412469208371,0.01006772518157959,0.6
3451,0.44356588329562374,28.976094448213246,32.28085531157835,0.009569108486175537,0.8
3452,0.6456552155556132,25.14243766055915,25.68576657452073,0.009408938884735107,0.9
3453,0.6273629317275726,26.195176893037008,26.91693725448152,0.009102153778076171,0.9
3454,0.5068130804859937,34.54508943739452,25.954191462770947,0.009321475028991699,0.85
3455,0.31005139723399144,38.887576163638805,31.672984515144716,0.009103548526763917,0.75
3456,0.16358786048442442,34.97320529651971,27.496974912628275,0.009209203720092773,0.65
3457,0.4143135379327985,47.017008644423846,35.65194226466175,0.009290015697479248,0.8
3458,0.1385079194145539,51.0398811847928,25.970026062279317,0.010175478458404542,0.65
3459,0.5117890267850325,33.376038090222096,30.50735793957073,0.010276448726654053,0.85
3460,0.10790593256889518,28.52627552594645,17.910276363312207,0.010038435459136963,0.6
3461,0.30416863185941223,33.85188279161463,25.655551566892218,0.009600424766540527,0.7
3462,0.45706782071392976,27.931250112768303,18.192941566815144,0.009328031539916992,0.8
3463,0.21075645274116478,26.825498533502234,17.11691612285526,0.009924089908599854,0.65
3464,0.6209370502440708,33.41648839523474,29.354714829534405,0.009864592552185058,0.9
3465,0.17967022557621415,37.84288673757873,24.814524564097386,0.009197938442230224,0.65
3466,0.43299336894315765,28.01715504809324,16.566017523904048,0.009899556636810303,0.8
3467,0.4965463156083594,21.7770178275913,22.21250432217301,0.009688973426818848,0.8
3468,0.6056553841710113,16.65385919579747,16.822777922489067,0.009363138675689697,0.85
3469,0.2865456459251116,37.568537915572215,32.52399659221147,0.0089302659034729,0.7
3470,0.355875985200914,31.869357378541697,23.70886731268376,0.009700167179107665,0.75
3471,0.44655142726576696,33.313938940819995,23.803812237625237,0.009857237339019775,0.8
3472,0.49600086449365755,28.29586193340837,31.683326465117396,0.00962686538696289,0.8
3473,0.23494602993282987,27.74106959207087,18.740292086106216,0.009306979179382325,0.65
3474,0.5205109050541565,33.899085079166454,24.91634017019667,0.009237539768218995,0.85
3475,0.7103498971850735,27.10372231096926,22.58070095537226,0.010066509246826172,0.95
3476,0.555720515718296,29.05852583888568,24.03683308488325,0.010321080684661865,0.85
3477,0.2929430057340686,28.732609580175318,26.146638406318893,0.009926581382751464,0.7
3478,0.7816440849278945,31.650312833404808,31.650312833404808,0.00939788818359375,1.0
3479,0.14358161660476992,34.764019783140995,19.429993658389034,0.01009911298751831,0.6
3480,0.3463260943343254,40.16926735712994,46.525898196143025,0.01006612777709961,0.75
3481,0.43413084884725717,30.410388766961187,31.187032593003856,0.010403025150299072,0.8
3482,0.3354844803692678,40.74522748125643,27.674399049729594,0.010445809364318848,0.75
3483,0.566607963897769,25.867636640536944,21.441354395594526,0.00974050760269165,0.85
3484,0.4445143726004095,28.775500813709563,24.672513817222065,0.008824706077575684,0.8
3485,0.6713859295117428,21.930905844114772,22.07594009879364,0.009217989444732667,0.9
3486,0.5916067268664648,37.98130618814587,34.60145269431859,0.009569776058197022,0.9
3487,0.706500348334017,32.87340192817647,33.65654476917983,0.010241365432739258,0.95
3488,0.3655008120362502,28.6740596939176,25.579136732535027,0.0096979022026062,0.75
3489,0.2796970480185238,37.601660181296374,25.589388966864124,0.009572803974151611,0.7
3490,0.3662069210675082,34.52393528435074,26.87692159894674,0.009389197826385498,0.75
3491,0.5820510175275214,23.238625318554057,23.964042391604075,0.009354674816131591,0.85
3492,0.4645158550871981,28.69225861650263,24.989954379287287,0.009361588954925537,0.8
3493,0.45246437236178594,34.606541548412864,25.848886475087717,0.008943307399749755,0.8
3494,0.1780795214336456,40.599124442311265,35.353260652583785,0.008727562427520753,0.65
3495,0.5042435066483054,40.54651281931673,26.469627986696775,0.008777689933776856,0.85
3496,0.5682789084467704,26.879447224841073,22.638682715234278,0.008923351764678955,0.85
3497,0.16539240084229018,40.87552140486055,27.669315296753965,0.00862126350402832,0.65
3498,0.4148209582755193,31.400121235105303,22.498510549197462,0.009387123584747314,0.8
3499,0.48061872202644207,30.0969433143019,26.802343803178076,0.009052908420562744,0.8
3500,0.5535309025297347,30.974956616401066,27.16384117801659,0.008837008476257324,0.85
3501,0.5327113938380361,39.52914474413758,32.45149016459293,0.009393954277038574,0.85
3502,0.35393240464206216,28.781609149154498,25.471052051407753,0.009745824337005615,0.75
3503,0.5954751981490305,29.053838362676277,30.572361275748133,0.00993269681930542,0.9
3504,0.5491042462868547,25.115793291624616,20.450156574900614,0.01039903163909912,0.85
3505,0.7264887488863351,29.234229317757478,24.22760925970461,0.009408307075500489,0.95
3506,0.5954599009149102,33.97853206956449,35.99804492636724,0.009846460819244385,0.9
3507,0.24430406956691847,42.71511889320336,25.974164583487788,0.009950375556945801,0.7
3508,0.6795517360041634,34.32153513353202,34.8963492310547,0.009984326362609864,0.95
3509,0.32233552364349694,42.90029090953017,32.647501890120026,0.009901630878448486,0.75
3510,0.5490152402646101,23.623212855499823,24.89909162658019,0.008770596981048585,0.85
3511,0.6221180434504296,36.63230985816132,37.4003670340548,0.009109461307525634,0.9
3512,0.43194751417875904,37.22728364539377,35.00518688400995,0.009543871879577637,0.8
3513,0.5415776523687781,33.226002054202446,36.082379700780955,0.009223580360412598,0.85
3514,0.5237124536247688,42.10363564401177,39.728904244237484,0.009422230720520019,0.85
3515,0.0744421284241743,30.399502755458506,22.009025578759637,0.00995030403137207,0.6
3516,0.6542605883590837,24.066778627038467,25.35770155875614,0.009879541397094727,0.9
3517,0.6437309380228298,35.57167624506552,30.955619122611907,0.008956563472747803,0.9
3518,0.3607765707601439,29.04895498842554,24.96353390423208,0.00997333526611328,0.75
3519,0.3746531108827318,47.05332223483702,41.60866852712965,0.00961453914642334,0.8
3520,0.44491934477832507,33.727252317726304,31.96818874374591,0.00987476110458374,0.8
3521,0.4626980573251694,26.2519301850121,22.583245917540197,0.010291981697082519,0.8
3522,0.4983241796986186,23.987234973718166,24.546721903125615,0.00949631929397583,0.8
3523,0.25305253610083345,34.14801224862931,33.14559225200496,0.009220898151397705,0.7
3524,0.5609264000192051,18.736849174738307,18.82505788761329,0.009292733669281007,0.85
3525,0.7674395560687832,19.22551610072698,19.285451474707596,0.01037440299987793,0.95
3526,0.6117485563699181,34.769891336164356,31.672941678679308,0.009953320026397705,0.9
3527,0.4030280754135493,28.333144506196838,32.57697057209334,0.009457290172576904,0.75
3528,0.5576941605477362,30.93274958108656,28.026974651714262,0.00900660753250122,0.85
3529,0.1877925880619436,36.972725255290506,33.10574673108604,0.009186255931854247,0.65
3530,0.48243452914176094,24.02533680659463,25.828291649870465,0.009252202510833741,0.8
3531,0.21501500665536413,26.326154264105423,16.53548598161212,0.009497129917144775,0.65
3532,0.24128082560656408,42.13513630868245,31.215329057583425,0.0101423978805542,0.7
3533,0.5547493688544578,30.66544452442387,27.70888341464956,0.009352660179138184,0.85
3534,0.5418454060533646,30.430351762656947,33.1548416578758,0.009687185287475586,0.85
3535,0.49034905874905127,25.12296895469597,19.891424660863123,0.009801244735717774,0.8
3536,0.29446949220727275,38.74010065178696,38.218461105021184,0.009324729442596436,0.75
3537,0.4938112829908281,37.26536171954562,40.57065415091605,0.00976269245147705,0.85
3538,0.49913739409477625,29.114541813739955,26.163369016156288,0.009634864330291749,0.8
3539,0.3457650024645028,38.18199465086653,18.86281569598741,0.009679007530212402,0.75
3540,0.2703158909599048,38.83907704917131,31.01697181517965,0.00968838930130005,0.7
3541,0.5551838545955328,24.84757144071348,24.915540340591203,0.010176932811737061,0.85
3542,0.4630075358840685,28.472564661604554,23.540177797759398,0.009789204597473145,0.8
3543,0.3211556285886564,29.224280443888812,34.84018399135643,0.009242331981658936,0.7
3544,0.10607213378485139,44.394084898917484,20.764734655145197,0.009443187713623047,0.6
3545,0.34206914960301826,41.86394440776313,36.80168366001712,0.009272122383117675,0.75
3546,0.39008478482922304,24.930681670238705,26.979716632735915,0.009446179866790772,0.75
3547,0.3309850043137646,27.819771705575988,25.28903924112006,0.010323035717010497,0.75
3548,0.6415629816074409,29.03090232331552,30.58904771381181,0.00938553810119629,0.9
3549,0.7285783808072057,27.49961105123656,28.128118047884612,0.00939551591873169,0.95
3550,0.4608599622784567,29.396386438716103,26.400536874024077,0.010086262226104736,0.8
3551,0.3229961146080659,42.667358641066855,38.09190896141272,0.009741854667663575,0.75
3552,0.6525404959436935,24.868120861911684,19.995053449721507,0.009327268600463868,0.9
3553,0.39992415231755746,34.71351292571183,20.054668808006898,0.009620726108551025,0.8
3554,0.7099935318042225,34.430738086414166,35.191687808128464,0.009045183658599854,0.95
3555,0.46510915526207164,36.65378881505194,29.22657885727339,0.008976149559020995,0.8
3556,0.5542600439168528,28.219237338830823,18.97872402110113,0.009392821788787841,0.85
3557,0.3252837970750043,22.26172998242541,24.07155744266932,0.010019099712371827,0.7
3558,0.15843335583448243,35.587472412111495,37.913408620264946,0.009721267223358154,0.65
3559,0.1953082009197157,33.959441277666,34.01771377766865,0.010277974605560302,0.65
3560,0.43317107936720606,41.254743872846674,34.36112712715253,0.009396576881408691,0.8
3561,0.6811646084476625,41.623869894709074,37.83294768012068,0.009698855876922607,0.95
3562,0.3655252043804049,34.283640677723106,25.29305004540278,0.009281468391418458,0.75
3563,0.7667422367309574,22.936167132633813,23.24667909623532,0.009544050693511963,0.95
3564,0.4872345835212287,24.582582906126284,26.44580894027138,0.010008227825164796,0.8
3565,0.25982551094037437,34.428166364279164,25.23329218937779,0.009964048862457275,0.7
3566,0.4443544729573974,30.174134784283893,26.12945567669228,0.010009551048278808,0.8
3567,0.2612356968594058,32.40567660886751,17.57535916077462,0.010150349140167237,0.7
3568,0.4382787935122564,39.028854324384554,38.2402673013238,0.00970686674118042,0.8
3569,0.5989919394415145,30.140787308492065,31.4738113637156,0.009918117523193359,0.9
3570,0.2856053170551152,30.626440451830312,28.840348812309198,0.009785127639770509,0.7
3571,0.10000492028803945,34.00407102406259,37.303675015838046,0.008973181247711182,0.6
3572,0.3999736007133301,23.678158183881756,19.555433954856653,0.009343338012695313,0.75
3573,0.34031399523384975,29.086797304874874,26.49024317387244,0.00970315933227539,0.75
3574,0.45579251986858244,30.080738634888554,26.917824960245923,0.00949770212173462,0.8
3575,0.20224249715746226,50.88244337136093,49.21600257262549,0.009858763217926026,0.7
3576,0.40060175218588306,41.37629188401859,33.907672282707075,0.009095776081085204,0.8
3577,0.017782356227627062,24.30718195480756,21.259394822820703,0.008645153045654297,0.55
3578,0.30597017809456356,24.230344165881895,18.683120840095295,0.00885854959487915,0.7
3579,0.5700772531264592,29.61360150937437,26.39146694294369,0.008809876441955567,0.85
3580,0.30565809915064973,26.955278126897223,23.962894399080334,0.009581553936004638,0.7
3581,0.4547109069930265,31.571981437531207,29.527563262672388,0.009284114837646485,0.8
3582,0.43424638701057683,38.292643938363454,31.36959567230273,0.009419965744018554,0.8
3583,0.49899331709382067,24.211957825003772,24.54268960869772,0.009503281116485596,0.8
3584,0.6024807787919109,33.19750472766762,29.832752884007302,0.009686243534088135,0.9
3585,0.36878274971445346,33.31334169072438,30.482629920601507,0.009182000160217285,0.75
3586,0.5208188030950547,37.37512866574183,34.26843478285497,0.009025800228118896,0.85
3587,0.13228450535913788,56.690954722001706,32.989813903897584,0.009147429466247558,0.65
3588,0.4983853191806216,17.57862359566951,17.519259230791096,0.009547781944274903,0.8
3589,-0.06812302881834648,41.50135541446558,27.043385992947897,0.009591817855834961,0.5
3590,0.5455462619797131,27.95632612892024,30.087486298251036,0.010165226459503175,0.85
3591,0.353669054664043,32.748621270400136,30.364166975820506,0.009987926483154297,0.75
3592,0.2703668279456464,52.34896685662888,51.28429539313509,0.009547507762908936,0.75
3593,0.36286700228284346,38.8846436871213,39.05876367021416,0.009640038013458252,0.75
3594,0.29801238997501434,43.9900671531105,33.38999082967976,0.008962798118591308,0.75
3595,0.24307409764356297,43.965137708028614,26.36904845340495,0.00940558910369873,0.7
3596,0.10091014483093455,32.73248005630852,26.462659432768216,0.010228598117828369,0.6
3597,0.3209263343460869,48.64462364397605,45.00457688760089,0.010371255874633788,0.75
3598,0.5308510107713122,33.68613382611221,35.72773487260921,0.009699702262878418,0.85
3599,0.4791003499187486,26.98274256963191,29.77566796911673,0.009500432014465331,0.8
3600,0.5313647441394238,40.15856094552197,32.961592286736064,0.00959010124206543,0.85
3601,0.5759790528734965,22.194195626628296,23.230320485614758,0.00922001600265503,0.85
3602,0.7328954184071214,28.13251029962678,28.658796215193057,0.009564840793609619,0.95
3603,0.6625177344401931,22.974773800495328,17.806229509154768,0.01025388240814209,0.9
3604,0.6565677069288658,43.399753616204556,43.895735171221304,0.010304665565490723,0.95
3605,0.44597843666276393,33.58978828725877,31.740276784976167,0.00948350429534912,0.8
3606,0.4910685165191288,24.52542142386728,26.502476817132717,0.0097686767578125,0.8
3607,0.45151711363407115,34.47760743518254,18.9034508220162,0.009629011154174805,0.8
3608,0.6415229717467386,24.529436428839585,25.141717572707428,0.009053874015808105,0.9
3609,0.7229740727961321,30.359684204587545,31.12109865418715,0.008952951431274414,0.95
3610,0.38336490834791015,33.41610138704758,32.291134085118976,0.009571731090545654,0.75
3611,0.7270453003334449,30.457702008108804,31.095006016338697,0.009370195865631103,0.95
3612,0.4633314269746192,29.76630167229633,20.69096563032356,0.009600949287414551,0.8
3613,0.5785184312393985,19.980962003396016,20.540941273849555,0.009432840347290038,0.85
3614,0.47718810427152336,45.32458548774489,49.7815927481592,0.008931624889373779,0.85
3615,0.3718290277922968,28.355365987678805,25.217907623787926,0.008851230144500732,0.75
3616,0.5371889255564145,31.34751443623882,28.029034322789947,0.009176576137542724,0.85
3617,0.24644762723900362,43.2078823018838,26.178187055460324,0.009235358238220215,0.7
3618,0.5585530315899319,32.97292283565128,23.55179285972863,0.009212160110473632,0.85
3619,0.34685236693469434,33.51216368987117,31.86249421580417,0.009957659244537353,0.75
3620,0.6290070601707227,25.85999810235429,24.583188352812357,0.009943962097167969,0.9
3621,0.31016315396147953,44.818478541676285,33.52914730456685,0.009117531776428222,0.75
3622,0.5312904600499773,34.07549886567601,30.948760564945673,0.01022878885269165,0.85
3623,0.6609296866905838,20.345130685049995,20.349806918183152,0.009826385974884033,0.9
3624,0.47181168893855296,27.751535038911147,29.652759020074136,0.00930798053741455,0.8
3625,0.23550662694165955,44.68080632003511,48.32136157793669,0.009185564517974854,0.7
3626,0.35817157724081217,34.09432416743609,25.862615763721653,0.00891578197479248,0.75
3627,0.35485725203403334,38.32588622738593,38.49996602469652,0.008921122550964356,0.75
3628,0.266981840227959,37.627099150377546,18.645815108610062,0.0089377760887146,0.7
3629,0.4713450510672697,32.35354907458525,23.604163526843024,0.009030425548553466,0.8
3630,0.5966788931810048,33.89875303492887,30.605065324939215,0.00899965763092041,0.9
3631,0.6508131033474202,24.296702746048744,24.48004922158863,0.00904320478439331,0.9
3632,0.19809886888945988,30.88552684133328,29.351602909522704,0.008993911743164062,0.65
3633,0.35219174069398024,44.100140559935504,27.8791121388229,0.009378302097320556,0.75
3634,0.5448576090425712,36.98009677987663,27.80486672441301,0.009488296508789063,0.85
3635,0.7021462474214424,37.09855933001781,31.668748983006505,0.008959794044494629,0.95
3636,0.6603747831734794,30.594865593711184,26.831153195412003,0.008767986297607422,0.9
3637,0.27797896422936386,31.120180820262057,35.75621168031452,0.008556509017944336,0.7
3638,0.30996709003535494,31.059656317565736,36.8360846858748,0.009142780303955078,0.7
3639,0.5800827673719664,25.38704601495362,20.401505647269907,0.009300220012664794,0.85
3640,0.4735664014278747,44.412210259031355,43.73419431928608,0.009416437149047852,0.85
3641,0.17387958565655232,39.44500210262314,36.5954137918091,0.009203088283538819,0.65
3642,0.43368535018332544,34.824643990704935,26.270741178549855,0.009192287921905518,0.8
3643,0.5751997245677108,21.354547297980123,22.64130094020799,0.009226524829864502,0.85
3644,0.6235620817623306,29.85030784910284,31.65118537170927,0.009261620044708253,0.9
3645,0.4407339496063775,29.916347501298866,33.01916783788614,0.009661471843719483,0.8
3646,0.2962994638484312,16.134290492952136,15.44600822453238,0.01023792028427124,0.7
3647,0.5034130261305652,39.06915685734829,31.130816598929332,0.010489535331726075,0.85
3648,0.4647603913602046,33.616051365700244,26.221305861477273,0.010007834434509278,0.8
3649,0.37203190905244404,34.50400614628822,32.47772234057594,0.010586488246917724,0.75
3650,0.2584390024514879,41.28042270593272,30.8180002409429,0.009242856502532959,0.7
3651,0.5501774508361313,31.77277439624047,28.71539220797435,0.009122216701507568,0.85
3652,0.5271337820845368,28.991281017451975,25.54181163487233,0.009365272521972657,0.85
3653,0.4898379018527496,41.151320355699866,32.124462521331736,0.010125064849853515,0.85
3654,0.14067038757298453,45.50734151656887,20.818337882102334,0.009397947788238525,0.65
3655,0.47443932615025136,28.613728292472643,31.773386948996524,0.009889578819274903,0.8
3656,0.21472056944631085,33.68395319912132,34.40679417267755,0.00936373472213745,0.65
3657,0.42718219296078813,38.00967353996403,37.1133856751284,0.009194540977478027,0.8
3658,0.5032449143131754,41.979525816428726,40.71929854635757,0.009343993663787842,0.85
3659,0.4689885470191385,32.5173951317967,24.03096969966343,0.009788727760314942,0.8
3660,0.5645024565898781,34.755220078313336,32.452391265756404,0.010060656070709228,0.85
3661,0.24845537939571413,33.93262527641231,32.9079156233043,0.00986640453338623,0.7
3662,0.5012037958296023,23.62115726207179,24.14511962907944,0.009019839763641357,0.8
3663,0.27868225498384,27.869083703084215,24.094331801382044,0.009161686897277832,0.7
3664,0.19840455839094967,32.5210787936734,17.395405301488893,0.009213495254516601,0.65
3665,0.40909535816359544,24.79501331070859,20.336155955007246,0.009459733963012695,0.75
3666,0.46335402642205403,23.27104783765986,19.078529504033042,0.009066307544708252,0.8
3667,0.12080906387609067,27.536361430099902,17.477801166690337,0.009209060668945312,0.6
3668,0.5028394586207572,19.145880719672586,19.787581435538666,0.009083306789398194,0.8
3669,0.5422059482834516,24.792130586305948,20.44413166789742,0.009045076370239259,0.85
3670,0.5398547526823554,33.528012531309216,30.798240162234585,0.009150457382202149,0.85
3671,0.26298323076138347,33.141776252715886,32.09642653192332,0.009248471260070801,0.7
3672,0.5513250617720991,23.430097813410367,24.855371616621028,0.009350204467773437,0.85
3673,0.28585434990632513,42.911981047170606,25.006539092273883,0.009268951416015626,0.75
3674,0.2698881373159988,30.13923616181225,32.71819861954132,0.009546077251434327,0.7
3675,0.7700566901380388,23.19039951861958,18.071555901261224,0.009913206100463867,0.95
3676,0.5283283117947354,35.21299505171621,32.48786557609783,0.009919857978820801,0.85
3677,0.5652538814431742,28.372308352212407,23.050308745557718,0.009377217292785645,0.85
3678,0.44248953160328564,29.54607766540301,25.060086538151253,0.009668374061584472,0.8
3679,0.26596693486067224,42.01905715698751,40.14058095843604,0.009661877155303955,0.7
3680,0.285092017471139,30.130537464646146,28.443600560577668,0.00956343412399292,0.7
3681,0.47758487081618994,29.12996316544912,25.96276099369681,0.009960246086120606,0.8
3682,0.46362240450763326,34.27631849103609,31.72858813828388,0.009997391700744629,0.8
3683,0.5159115304287527,35.85518159016412,32.90052198838734,0.010392498970031739,0.85
3684,0.27014682252594463,32.9427900335758,32.35991338096834,0.00997241735458374,0.7
3685,0.3075511489367071,49.098979602567354,26.997142423144787,0.009355032444000244,0.75
3686,0.24759393008940583,17.265819970375535,17.362509981391867,0.009134483337402344,0.65
3687,0.43651432527237954,27.941499851268656,30.420373057340818,0.009373021125793458,0.8
3688,0.40342839448565104,24.460016110597884,26.764129733585136,0.009092175960540771,0.75
3689,0.408534617564641,27.898425047554962,18.481502933305702,0.008898723125457763,0.75
3690,0.4820590434372841,29.612922633646484,32.53928299403304,0.008994865417480468,0.8
3691,0.5554621488675499,32.93033548321521,30.25138095088713,0.009133565425872802,0.85
3692,0.29633872524232696,22.563766099213883,17.32239282130399,0.009421539306640626,0.7
3693,0.626186878627529,23.569538301700696,18.365992037232786,0.009671533107757568,0.9
3694,0.2987200166979089,48.88982019992005,46.881785181578145,0.009162044525146485,0.75
3695,0.45989776685296,28.124699529684374,31.00699672561268,0.009115374088287354,0.8
3696,0.28358819217198594,28.72064546303468,26.387893734393696,0.009157514572143555,0.7
3697,0.49022274560421336,17.723488575800992,17.968584543429678,0.009070920944213866,0.8
3698,0.37696167715938234,41.64215889924172,40.217943652357135,0.00942612886428833,0.8
3699,0.5566981543467749,26.670445173402555,22.90762525493405,0.009367084503173828,0.85
3700,0.6307186280070944,27.753405468956487,28.767228015665214,0.008897662162780762,0.9
3701,0.15231894387313008,21.738405619805246,23.57945843877843,0.008828055858612061,0.6
3702,0.5521753070264024,22.11403039898663,23.03059963752711,0.009079825878143311,0.85
3703,0.5340205802616528,30.613790252236402,27.202794275859475,0.00895754098892212,0.85
3704,0.33197481220912806,45.057304449820805,34.4889041757102,0.00942540168762207,0.75
3705,0.49096608690547994,39.80998895803293,38.14253394554453,0.009838759899139404,0.85
3706,0.4441611494372559,37.70806175770121,24.59991105869286,0.0094277024269104,0.8
3707,0.32449237621628446,44.695093500350225,25.86130314162724,0.009251642227172851,0.75
3708,0.3417942580974208,32.71603508961143,24.49650417808129,0.009449756145477295,0.75
3709,0.5568021580143292,28.37226582120838,24.084661261404744,0.009888482093811036,0.85
3710,0.4440185514880768,32.2128491553832,30.082369919780383,0.00943911075592041,0.8
3711,0.4701563958844055,28.819105686053206,26.219732997020774,0.009524059295654298,0.8
3712,0.07350091907723202,22.534049704013082,17.574157021289178,0.009670817852020263,0.55
3713,0.4241121400170072,24.21958701114974,19.3883765344781,0.009853434562683106,0.75
3714,0.4465366708975508,28.844077214609577,25.429165461045173,0.009934461116790772,0.8
3715,0.4156466449642074,44.15900329956104,32.82417365656436,0.009564507007598876,0.8
3716,0.49026837660636835,46.099617778121385,50.09720557393119,0.009545493125915527,0.85
3717,0.6077196053261602,28.388991682162178,24.672563133647092,0.009453654289245605,0.9
3718,0.5228250927461268,31.57560378777773,22.944081862089313,0.009202969074249268,0.85
3719,0.30660232683882727,51.05487034582005,43.06259976745965,0.009261226654052735,0.75
3720,0.12286391222576867,37.58353361735111,35.55751677275159,0.00953364372253418,0.6
3721,0.35921964589589434,26.97846044949489,24.544513084240307,0.008913958072662353,0.75
3722,0.5054563865469894,44.41781937624911,42.68466676241602,0.009668517112731933,0.85
3723,0.20085627922592003,33.100037849387746,17.732085405381962,0.009613895416259765,0.65
3724,0.47019357845733467,38.07784365699372,24.30888194873364,0.010014748573303223,0.8
3725,0.17606218476584323,33.765661633921454,34.62449869016527,0.009103751182556153,0.65
3726,0.29962121386637525,31.90725526141822,24.214333677699983,0.009136152267456055,0.7
3727,0.4722463417678783,24.478476716685872,19.471876880649088,0.01010984182357788,0.8
3728,0.33877704597768943,28.242663807436422,24.97422411847477,0.010157763957977295,0.7
3729,0.5448854137364627,32.6359940444046,23.605854028536026,0.009968256950378418,0.85
3730,0.5458185598109341,25.89947950814024,26.93927415749209,0.009509360790252686,0.85
3731,0.46501023611948256,34.27897064708966,25.587525257131716,0.009283792972564698,0.8
3732,0.4683511348611301,21.823429176738923,22.624763417967756,0.00953831672668457,0.8
3733,0.12341874659613283,36.50047269495189,24.560784496424407,0.009630227088928222,0.6
3734,0.5680865686543783,17.580038325941366,17.4167809016738,0.009779417514801025,0.85
3735,0.6957043862929604,32.21573061482034,32.99378210557245,0.009762632846832275,0.95
3736,0.5808332719334832,25.74687274629601,20.898145718858807,0.009506440162658692,0.85
3737,0.3356945520928404,36.69087806626391,41.43585773057316,0.00949563980102539,0.75
3738,0.5006169820980237,23.32307380750405,24.556304634325347,0.010004055500030518,0.8
3739,0.5270863606553683,34.60957823870082,32.03450872059537,0.00991199016571045,0.85
3740,0.20595903411955008,23.66108111259583,17.89550232096838,0.009925878047943116,0.65
3741,0.6839236683472327,34.16875672003313,34.78992085197236,0.010025084018707275,0.95
3742,0.6495180628201795,34.10743059657019,24.872806562897825,0.010678637027740478,0.9
3743,0.38514232848058716,24.619407848718016,20.340481041809998,0.009428024291992188,0.75
3744,0.47793466705042154,24.564771360175616,20.19214551112615,0.010173213481903077,0.8
3745,0.8230599532342293,26.34554056446969,26.34554056446969,0.009729695320129395,1.0
3746,0.47888751756225795,20.434521149924457,19.133299865953667,0.009351241588592529,0.8
3747,0.1909216970456002,26.618611389624384,23.69828702677677,0.009418857097625733,0.65
3748,0.6783901158641071,17.1681430862212,17.27373733220266,0.009611594676971435,0.9
3749,0.3891276031642035,22.88320880466392,18.205806194011462,0.009569168090820312,0.75
3750,0.5562425700786059,20.700044303620746,21.25872095254392,0.009996795654296875,0.85
3751,0.46058489483335807,34.061045906482995,25.9645159591618,0.009716475009918213,0.8
3752,0.7268087970681469,24.70465356541818,19.993488622723145,0.009663796424865723,0.95
3753,0.5328680737022128,27.72660468045716,29.649998182868128,0.008986747264862061,0.85
3754,0.37544249484712167,25.971018067490167,15.484016909306929,0.008949613571166993,0.75
3755,0.6718089841219866,22.23688251981736,17.27983564558362,0.00924222469329834,0.9
3756,0.09667435330202236,32.163178409019395,41.57267093240934,0.009247696399688721,0.6
3757,0.3141923462810349,28.735909295308517,19.717751487393873,0.009113144874572755,0.7
3758,0.6368275408853037,25.3792485648921,25.895440477495594,0.008964872360229493,0.9
3759,0.3532891567140456,35.69523361539313,35.9737155987383,0.009789884090423584,0.75
3760,-0.02162894368095663,43.41046332900888,45.48376561032292,0.010314106941223145,0.55
3761,0.13004780394632284,32.52870024556265,17.771555542768272,0.01036008596420288,0.6
3762,0.06626071643417471,31.300431105601497,21.891834710571825,0.010157549381256103,0.55
3763,0.14032957066746848,50.21291404677767,44.9397310588903,0.0096954345703125,0.65
3764,0.39965519411081846,23.857689138791326,19.1160195241059,0.00960170030593872,0.75
3765,0.3387274574496155,42.64680574084544,31.468048451254937,0.009343576431274415,0.75
3766,0.15324069271403135,42.26158522435026,40.31282458946642,0.009290170669555665,0.65
3767,0.25551398586217217,39.45538263665783,33.09834671356803,0.00977013111114502,0.7
3768,0.4235371465570165,35.844799303547056,22.587139177132595,0.009016883373260499,0.8
3769,0.5733470368063311,17.80180664431456,18.021878758523712,0.009166598320007324,0.85
3770,0.012459814437139404,35.17028131596912,39.61482016306363,0.009045851230621339,0.55
3771,-0.10704144605148588,35.04669069228443,50.6699816571683,0.009126091003417968,0.5
3772,0.5819506819111581,21.9593888361721,22.688493413009354,0.0092010498046875,0.85
3773,0.7574347612106324,16.82835626940002,16.99857311235589,0.00954657793045044,0.95
3774,0.37540287530855043,39.28146396137067,26.69130475953972,0.009888970851898193,0.75
3775,0.5797434418474516,24.626572063581328,20.176893916640225,0.009153270721435547,0.85
3776,0.34154906524954043,42.39054507988554,37.31744982713464,0.009040045738220214,0.75
3777,0.07865218558336992,38.938438081669254,28.176946442008827,0.009591460227966309,0.6
3778,0.5821773573210083,24.124660947188843,24.14951162535201,0.009444677829742431,0.85
3779,0.38200398999914187,49.87341278468589,39.63616860332249,0.009385275840759277,0.8
3780,0.3475384335385355,38.1064731890365,31.03594709854124,0.009317660331726074,0.75
3781,0.19568981115859213,58.9518477584371,32.46804688604398,0.009184658527374268,0.7
3782,0.49865189757214373,39.74079466236595,25.79775255864257,0.009257519245147705,0.85
3783,0.4008838311331542,28.717747072715774,25.99930262501705,0.00922999382019043,0.75
3784,0.5833458652745486,27.957123255495283,29.237506619187215,0.009648406505584716,0.85
3785,0.5863394577474907,41.273712405297545,38.559026773553356,0.010306739807128906,0.9
3786,0.4983285509174241,40.2401853248099,26.244998246318332,0.009752964973449707,0.85
3787,0.22388625055240463,33.687008680567644,18.629947292779494,0.009527230262756347,0.65
3788,0.3891754972945375,39.40872622073388,38.08446184912289,0.009398627281188964,0.8
3789,0.0861925558826523,33.81601296247281,37.47185277557112,0.009198975563049317,0.6
3790,0.3900665120488485,23.609563794143988,18.38192032161752,0.009163463115692138,0.75
3791,0.5861559924997091,27.035942826543724,23.57777868862351,0.009480106830596923,0.85
3792,0.43702175180701375,37.123946638264314,30.38113658830291,0.010012161731719971,0.8
3793,0.7491397622837348,28.563245965187388,29.26307221958954,0.009387218952178955,0.95
3794,0.3002547091387854,43.685431484765495,46.144183620438255,0.009145617485046387,0.75
3795,0.4326727156134851,23.753791332437594,24.063251128988743,0.009367012977600097,0.8
3796,0.49598268823608327,41.172055290956465,45.22560577658857,0.009294676780700683,0.85
3797,0.5784771332013706,24.731682240704277,26.05001162479072,0.009097075462341309,0.85
3798,0.5018956019267421,44.96238388425195,50.01257120280878,0.009691894054412842,0.85
3799,0.40624496301207635,43.88078107302995,38.00742191252409,0.009187304973602295,0.8
3800,0.43300706574630465,42.83243456110347,42.78069756929808,0.009516477584838867,0.8
3801,0.3463616572440523,38.55859318646061,31.64941282775603,0.00910259485244751,0.75
3802,0.4161233472558715,21.591166557498155,17.200720740445764,0.00912712812423706,0.75
3803,0.5896776563962808,30.206919248577947,20.170203560784053,0.010129940509796143,0.85
3804,0.5764411282312027,27.665932651152154,17.900373750360718,0.010718929767608642,0.85
3805,0.19224767688032854,37.78493277286165,34.42278325183962,0.009988439083099366,0.65
3806,0.6179759765129589,38.252150629664456,35.44263978182558,0.009807801246643067,0.9
3807,0.15876671532487263,48.35668412960646,27.291346055274175,0.00919029712677002,0.65
3808,0.36588860834156756,34.04246877007698,26.805793119528463,0.008858180046081543,0.75
3809,0.30458226053157017,30.789888692253857,36.82049885676809,0.00918484926223755,0.7
3810,0.6365422679601982,23.807924118615382,19.012555893178156,0.009509897232055664,0.9
3811,0.8022919905318975,22.18180266298392,22.18180266298392,0.009580898284912109,1.0
3812,0.5130255605458584,21.83907444583715,23.260640284234064,0.009953165054321289,0.8
3813,0.7105141986159897,27.79151401793485,23.48043291888373,0.00983893871307373,0.95
3814,0.6263247803109444,27.66833603101125,22.89685111486442,0.009315383434295655,0.9
3815,0.5307322964280499,37.89918906547377,29.649761296708814,0.008847618103027343,0.85
3816,0.5275512443985902,29.922705098197895,26.16013608624448,0.009306740760803223,0.85
3817,0.07495721410189818,38.69420888546467,26.9220836103256,0.008913326263427734,0.6
3818,0.42846794357096235,37.91989290734816,36.53991995654774,0.008910870552062989,0.8
3819,0.544621542842459,33.987668152572084,25.412092592933185,0.009221899509429931,0.85
3820,0.3588358676360216,28.312584326258087,24.565275511540886,0.009564518928527832,0.75
3821,0.7771721606791674,21.399897753025083,20.389227331142468,0.009061145782470702,0.95
3822,0.4501602377335939,33.59547984276843,25.443592109980983,0.009022974967956543,0.8
3823,0.3300117227011656,23.74777471294001,18.655966338196155,0.008952045440673828,0.7
3824,0.4420577849484541,39.441469806289966,32.69906642089187,0.009555447101593017,0.8
3825,0.38324194071867124,27.74864990355342,32.12944188017572,0.009762072563171386,0.75
3826,0.27548163640932033,29.484857955790723,19.843277816430675,0.010105013847351074,0.7
3827,0.32633214838480507,37.558677927114815,31.6067796932528,0.009690237045288087,0.75
3828,0.6120433524159069,32.627801833462605,29.406214600862434,0.009573185443878173,0.9
3829,0.20790547912039084,31.996329828275087,31.540059941660196,0.00903937816619873,0.65
3830,-0.05568604465918429,28.077389277539975,19.455738616579126,0.009810400009155274,0.5
3831,0.4678033256332951,29.435953347924123,25.964049138567518,0.009948813915252685,0.8
3832,0.5647903597585582,29.176819518220395,25.110530118124927,0.00990678071975708,0.85
3833,0.6168756083456002,34.034327554811114,30.75235757850518,0.010146260261535645,0.9
3834,0.3368778564280131,23.7062422623141,26.42684075384593,0.009804916381835938,0.7
3835,0.47107622845222863,34.930329217005756,33.58283014262564,0.01013413667678833,0.8
3836,0.603155182650554,35.20616484823105,25.048217958092984,0.009410202503204346,0.9
3837,0.7016940710527384,35.81320657005823,31.636049557318685,0.00899507999420166,0.95
3838,0.4088815991101894,24.34984195480717,26.758436020276886,0.009205317497253418,0.75
3839,0.46606652857491887,27.506377611587823,24.055593998647474,0.009093201160430909,0.8
3840,0.3119019443248031,27.132014696874002,25.30669973296518,0.009338927268981934,0.7
3841,0.547369256589427,33.368945463912546,29.79130984146681,0.009202170372009277,0.85
3842,0.49814216369152764,39.65909768920879,31.817295687794307,0.009233975410461425,0.85
3843,0.4063810355740241,23.22227464495404,17.905647460742376,0.009985053539276123,0.75
3844,0.5761979198767284,25.25886844124251,20.252764619919812,0.009825968742370605,0.85
3845,0.3254919809107412,26.271624977824267,28.0524281709606,0.01033935546875,0.7
3846,0.32440907134817587,41.58022495635179,36.80419339086397,0.009581804275512695,0.75
3847,0.4763255372491396,22.802891650367428,18.28799059881912,0.00977938175201416,0.8
3848,0.1970500267113932,31.20971608237121,24.962901990517235,0.009326291084289551,0.65
3849,0.3922042668863537,29.241141639496856,26.204611854666627,0.009532952308654785,0.75
3850,0.31342020628595285,37.35997386769888,34.08194007117511,0.010059511661529541,0.75
3851,0.5066517048797785,43.86170452881002,31.52255762942303,0.01012948751449585,0.85
3852,0.13175666669193617,52.706524405454594,33.4001161620915,0.010806012153625488,0.65
3853,0.29985599239851557,32.95245410117431,18.937149153079336,0.010001277923583985,0.7
3854,0.6571901138604914,26.430273816207734,27.459658755953694,0.00929105281829834,0.9
3855,0.2764784494836042,29.77572808963513,27.155249186160212,0.009028184413909911,0.7
3856,0.139724080805611,39.70936479597036,33.61214872907445,0.009095561504364014,0.65
3857,0.3107153842195485,28.80162769419362,18.46090556017327,0.009933578968048095,0.7
3858,0.37019958186970975,32.256412804514284,17.166123188479904,0.009126484394073486,0.75
3859,0.5181590912606007,34.99354594367137,26.55384239780588,0.008799350261688233,0.85
3860,0.42236323186798075,35.45743815662081,21.06271704788632,0.008721864223480225,0.8
3861,0.3701307452861834,27.669355833807145,24.386405454161785,0.009159159660339356,0.75
3862,0.4858256604427444,24.060063850643605,17.630669924936836,0.009954047203063966,0.8
3863,0.5641050677707631,27.467041547673926,29.47166318599399,0.009154772758483887,0.85
3864,0.5897016648892959,34.18473776493976,30.844479052404395,0.00998389720916748,0.9
3865,0.35293833841223055,28.580751151327085,32.41353136367563,0.01000354290008545,0.75
3866,0.5380636094518552,24.541214244357523,19.532466650298204,0.009007513523101807,0.85
3867,0.5279373565683944,52.20576182883865,45.30766192614509,0.009230732917785645,0.9
3868,0.22286606798649702,41.798339723981954,29.99856863728392,0.009101736545562743,0.7
3869,0.25566571258643955,34.20705792062229,25.59969561404722,0.008927059173583985,0.7
3870,0.07557131349035402,43.77518041503776,34.658900543160954,0.008942925930023193,0.6
3871,0.3772160262042824,33.49227676678453,29.82380195773208,0.009703469276428223,0.75
3872,0.3932249978995738,25.242787916445433,21.75830947444941,0.009308397769927979,0.75
3873,0.2917043300061176,28.63174943492728,25.962369654471097,0.009278464317321777,0.7
3874,0.4434681918352312,38.60978602553537,31.1092478638719,0.009340548515319824,0.8
3875,0.11082828480784532,34.41494336015745,19.915227900685245,0.010174810886383057,0.6
3876,0.3765309953239001,49.93082656627055,51.46561226217305,0.009914088249206542,0.8
3877,0.46223108460089773,31.830877581869355,22.04355053688517,0.01005333662033081,0.8
3878,0.6488295413824827,24.652343331529643,25.71794836899991,0.010167264938354492,0.9
3879,0.6159688183058859,30.567509530092686,25.83404527392183,0.00988147258758545,0.9
3880,0.5844160679896102,30.02066930595056,21.150119084753957,0.009535574913024902,0.85
3881,0.3010700363177421,28.65263065205366,26.712257436629915,0.009400606155395508,0.7
3882,0.4482649125750486,29.565573094708885,32.27419412878204,0.00942072868347168,0.8
3883,0.22580649369293693,24.24905103329748,21.620288240787296,0.009281361103057861,0.65
3884,0.5533237719762524,30.504920464325284,26.884857989049703,0.00976501703262329,0.85
3885,0.3703143931663436,35.59998351656721,35.53139261729011,0.010209834575653077,0.75
3886,0.27022068345940864,42.35188108188122,24.726928287232063,0.009746384620666505,0.7
3887,0.3830071433846266,28.168100753897306,19.032356972092234,0.009945642948150635,0.75
3888,0.17199066820341113,35.54968022005099,43.77283534496783,0.009367871284484863,0.65
3889,0.35290190227277746,36.960274488857884,36.623261177452626,0.00931190252304077,0.75
3890,0.24193651547586753,39.27751582779942,32.64624947316559,0.009464526176452636,0.7
3891,0.36674672505000616,34.86860923925812,27.389479638295118,0.00918874740600586,0.75
3892,0.4949761303005088,44.11912718759987,42.97146997792788,0.00899803638458252,0.85
3893,-0.010689364919721233,42.81731361138208,27.830543774575325,0.009476697444915772,0.55
3894,0.3816514816145503,35.74335486262173,28.49388845659275,0.009767115116119385,0.75
3895,0.4570458270320958,22.92408205884707,18.341197526348697,0.009451401233673096,0.8
3896,0.37854831725961363,34.872408713452245,27.845840343973133,0.009464383125305176,0.75
3897,0.25626295774891295,27.67148828464998,25.49012330211027,0.00961397886276245,0.7
3898,0.15121606597564008,38.1962003776335,33.623950070419006,0.009420537948608398,0.65
3899,0.20034909923820873,34.380614272178356,18.827707606930087,0.008983922004699708,0.65
3900,0.4378643323507749,34.682816309429754,31.93672680063531,0.0096449613571167,0.8
3901,0.23913311364270834,46.66667275794718,27.14130077366414,0.010287415981292725,0.7
3902,0.28948879105008063,35.01992190791758,19.94293481089331,0.009602010250091553,0.7
3903,0.012445831968665066,36.13564336995591,40.40672881305191,0.009739482402801513,0.55
3904,0.6690970173542145,23.79496999939585,19.673677287408662,0.009462714195251465,0.9
3905,0.48460279733377043,24.7315561128172,25.254308813441142,0.009174048900604248,0.8
3906,0.40531136705029275,47.94664551949525,36.27056562161575,0.009009265899658203,0.8
3907,0.4834044431581213,28.199974820126435,17.839056759210678,0.008644199371337891,0.8
3908,-0.24937238347108912,30.105450979745626,25.639205104927548,0.008717238903045654,0.4
3909,0.5532602090720145,27.678472019308742,23.752163009546123,0.008900201320648194,0.85
3910,0.4088349907744749,17.186843750658944,17.618683879020185,0.00952906608581543,0.75
3911,0.25624484706360856,29.108574059796222,24.993862773259334,0.009250175952911378,0.7
3912,0.2377429227348929,47.89309976601094,36.973704244620215,0.009026408195495605,0.7
3913,0.15328850641738895,49.59624288075837,44.69535691907239,0.009009528160095214,0.65
3914,0.5220719036769158,38.83466509670402,36.98337150795817,0.0091042160987854,0.85
3915,0.31592974691223663,25.733422590479897,22.4395853892611,0.009801256656646728,0.7
3916,0.47622698764012955,18.002599946634433,18.549716816484285,0.009474849700927735,0.8
3917,0.2987662364961929,34.50091502323882,20.796915714954196,0.009502196311950683,0.7
3918,0.16193431036922482,44.6193819912316,27.66481401675774,0.009876739978790284,0.65
3919,0.046472623628205104,34.5876058999723,31.65510985477466,0.009274828433990478,0.55
3920,0.3542546796248742,28.073951190807872,31.164853716651763,0.009135353565216064,0.75
3921,0.45314566446788873,34.490317812605824,26.111770487803632,0.009860742092132568,0.8
3922,0.5788955201359492,35.21737061283942,31.41799669821607,0.009509694576263428,0.9
3923,0.44602767695957113,35.67601745679233,26.658488295707304,0.009454441070556641,0.8
3924,0.6978352385776587,20.75437172990632,21.514300580668234,0.009999310970306397,0.9
3925,0.40640978247069687,45.21392572750524,46.001630748027736,0.009974777698516846,0.8
3926,0.4686463621701857,31.261684209736124,27.607791786031218,0.009278452396392823,0.8
3927,0.24969073247117768,21.179715630192938,20.99960135859881,0.009477818012237548,0.65
3928,0.4624143136305355,51.87285344518788,57.843129745509884,0.009974682331085205,0.85
3929,0.6314588645087507,35.354172647280414,37.39052938139656,0.009072697162628174,0.9
3930,0.43667884068126545,32.567084678770286,31.030724752253796,0.009305799007415771,0.8
3931,0.440200108824553,30.871004980594467,33.5382171836538,0.009740793704986572,0.8
3932,0.31998038034727533,37.36319663310848,24.219718057348864,0.008963370323181152,0.75
3933,0.6268218272509005,28.286321683162253,29.313723627506803,0.009492623805999755,0.9
3934,0.5512794462062652,28.86335540492007,30.489070256494028,0.00914229154586792,0.85
3935,0.30148895614277066,33.327811929326664,40.229068366749,0.009737062454223632,0.7
3936,0.521618511443897,30.218834200386084,21.02528679491843,0.010235297679901122,0.85
3937,0.666651362364538,19.840482484539432,19.968580275345758,0.009827673435211182,0.9
3938,0.29637189664849034,31.06259639413168,36.026201915852546,0.010169684886932373,0.7
3939,0.3011812184221,40.99031698426771,41.22455327355281,0.010349225997924805,0.75
3940,0.34824066215414257,39.905887620022234,34.08493267780926,0.010217976570129395,0.75
3941,0.32728525953249765,39.50567591274195,31.832862947541432,0.009616398811340332,0.75
3942,0.45058104987724396,29.66383905308938,25.308059002319332,0.01009993553161621,0.8
3943,0.621291946728031,32.40517891425409,29.103681797806207,0.010180008411407471,0.9
3944,0.5112962751504868,27.66576728478221,24.067735904089176,0.00951927900314331,0.8
3945,0.4682336020965178,33.681770668651815,31.874168988723923,0.009456491470336914,0.8
3946,0.26276068849176715,35.46977014738333,28.342014494152213,0.009298503398895264,0.7
3947,0.647628745671853,29.067033682659535,29.9939632450479,0.009817564487457275,0.9
3948,0.08193194271186721,51.10581206410494,39.681640241293444,0.009966528415679932,0.65
3949,0.4504763090013661,31.21923389568878,28.756072421949902,0.009492254257202149,0.8
3950,0.18569565842193375,38.35392180410058,26.87800405363538,0.009757924079895019,0.65
3951,0.6465295244570217,24.599395710542844,20.22597337499119,0.009632694721221923,0.9
3952,0.5067128129391596,33.437361234816755,29.906694699968988,0.009812510013580323,0.85
3953,0.6865073376349763,31.96462741934797,27.712330370736936,0.009753477573394776,0.95
3954,0.295971460365948,32.302795696250364,31.45605966167425,0.009747087955474854,0.7
3955,0.14894010251924164,37.23128564615815,24.170484647781723,0.009521675109863282,0.6
3956,0.5518116573257817,32.34593205295725,34.25202499440919,0.009425103664398193,0.85
3957,0.32013866747500114,38.38668010006788,30.842177073796385,0.008996212482452392,0.75
3958,0.48161679649203276,25.296954497683142,26.493703502751437,0.00897388458251953,0.8
3959,0.7053925682403148,29.02289243451899,29.656847649638213,0.009046602249145507,0.95
3960,0.16912117114746522,41.75802846158424,24.47851734609331,0.009904110431671142,0.65
3961,0.30726087008291936,54.16399002715751,46.05473132397005,0.009614098072052001,0.75
3962,0.08927212264007152,37.59257318644652,25.043193248748427,0.009652137756347656,0.6
3963,0.19554147932401914,24.267736302873445,26.996171513536186,0.009432685375213624,0.65
3964,0.1437926792707552,18.92307969053353,19.840505965709948,0.00912398099899292,0.6
3965,0.19475219605956534,26.45355669220401,15.826787429024336,0.009176623821258546,0.65
3966,0.4985994160374439,18.638615422477883,18.937650979745932,0.010068058967590332,0.8
3967,0.5847327140514011,18.610288402730433,19.212170310684876,0.009798026084899903,0.85
3968,0.7162025959152523,39.178169847939515,35.32228361024557,0.008900392055511474,0.95
3969,0.29510345442731883,31.997833357304124,17.623946572086734,0.008890485763549805,0.7
3970,0.7964192345496588,29.460028557114345,29.460028557114345,0.00944828987121582,1.0
3971,0.09366490925308718,28.612361058888315,18.923218157361788,0.009479904174804687,0.6
3972,0.5556060039350872,38.52868143668405,31.09093647470391,0.009313416481018067,0.85
3973,0.6412363501103265,21.303487631918784,21.43282496287705,0.00947432518005371,0.9
3974,0.6130588369500702,31.461968933674097,21.760531151510747,0.00989835262298584,0.9
3975,0.30085193519866893,24.695674938317143,20.461428594518136,0.009344816207885742,0.7
3976,0.7309276363292738,29.660314958727646,30.247228164715406,0.009184455871582032,0.95
3977,0.2809003310474273,31.21325214054653,29.92448289001637,0.009024727344512939,0.7
3978,0.2980451795191982,34.57503823501195,19.790217617856662,0.009316182136535645,0.7
3979,0.38812673379971324,35.867153083391166,35.07865214628927,0.009296464920043945,0.75
3980,0.6357907524717715,33.53574889495441,29.86625885746775,0.009595215320587158,0.9
3981,0.31826912024915305,43.37125205098586,38.51046664515723,0.010250306129455567,0.75
3982,0.3870915679162575,32.43535952768016,17.78480428329781,0.009294474124908447,0.75
3983,0.4465880418879656,32.2797159826379,24.461325296283164,0.009142625331878661,0.8
3984,0.5643798438853237,28.389866591260237,24.652225912082955,0.009102654457092286,0.85
3985,0.32085912234413994,48.14326280568874,46.49905431690188,0.008940792083740235,0.75
3986,0.28711074712023266,38.66460649633655,37.330845503456274,0.009007060527801513,0.7
3987,0.2527969303758468,34.6412171111698,34.634711281598726,0.008983659744262695,0.7
3988,0.36953589222499394,30.449234066606927,35.1768684356688,0.009360921382904053,0.75
3989,0.18432287108228332,44.3817514696482,27.199265487400638,0.009044694900512695,0.65
3990,0.3870889765662522,27.836846282797694,30.3299947809114,0.00860501527786255,0.75
3991,0.36471214519038064,31.155677983319737,28.44029691720607,0.008868098258972168,0.75
3992,0.27744161151043545,30.863395756633203,34.74950351348439,0.008996498584747315,0.7
3993,0.36155532433691073,28.695591719999946,19.58600199170822,0.009429502487182616,0.75
3994,0.21568390469022902,30.747806649177505,36.58837184078551,0.009154784679412841,0.65
3995,0.47461639171085973,33.5335690486866,31.54698485963337,0.008776819705963135,0.8
3996,0.4991422357941306,44.771973937297034,42.75462650705308,0.008957183361053467,0.85
3997,0.3127580169355414,29.45884028047925,27.294847203583146,0.009514188766479493,0.7
3998,0.18752705137445508,28.65335518659374,34.40593950516428,0.01067444086074829,0.65
3999,0.41786780947809393,18.495635441983712,19.21129488638692,0.010486936569213868,0.75
4000,0.45986133918339567,31.2954260166006,34.032258475825714,0.009889733791351319,0.8
4001,0.6333461481329434,28.29994953291968,23.982199637620496,0.010133183002471924,0.9
4002,0.2773050717560497,41.92384112570505,29.716511571903823,0.009703516960144043,0.75
4003,0.3878793121599859,24.820354724347403,20.03548253425868,0.008865463733673095,0.75
4004,0.3411542719373878,35.53583488862353,32.138453849099434,0.008719408512115478,0.75
4005,0.26975559725678583,35.25233783540508,25.397838953792586,0.009212005138397216,0.7
4006,0.2542076325020678,38.86293075194167,34.998432787507085,0.009478127956390381,0.7
4007,0.24405352325395496,48.147531705658764,26.790544680190276,0.009435558319091797,0.7
4008,0.4165605856498031,42.707844127481756,30.831070802960674,0.009203565120697022,0.8
4009,0.6712418859150281,17.9278035199197,18.048049990724234,0.008987581729888916,0.9
4010,0.3304262835058277,42.24901074256775,31.075178254296286,0.009291493892669677,0.75
4011,0.4026203675674857,34.11007440493074,26.608850839096228,0.008928704261779784,0.75
4012,0.29825766254884517,30.14740766470581,35.07975308410246,0.00926976203918457,0.7
4013,0.296422692309537,28.04713397997951,25.722057655067488,0.008743929862976074,0.7
4014,0.07723040230710107,39.636990253240015,27.656360200527985,0.009184777736663818,0.6
4015,0.4084240314521933,45.30428290280242,32.938292011760225,0.008863162994384766,0.8
4016,0.445791710669386,34.296923055529746,27.098225918524353,0.008767819404602051,0.8
4017,0.2898768023594658,23.386473225185433,18.877835015125704,0.009405481815338134,0.7
4018,0.4352191913960689,32.64635777218329,36.00917198946066,0.008676671981811523,0.8
4019,0.4598358413527125,32.80956975759189,30.70097884108294,0.009171223640441895,0.8
4020,-0.08142887588863242,24.12168502721833,20.1023240013291,0.009050869941711425,0.5
4021,0.27627875261876406,38.62168362117289,26.315747266528525,0.010030293464660644,0.7
4022,0.6923764382121373,29.476643402314938,24.328203109649312,0.009618890285491944,0.95
4023,0.07868496143231649,42.37093106504558,26.95572593841364,0.009368610382080079,0.6
4024,0.5531397351908378,29.543042537346004,25.4974470547492,0.010064148902893066,0.85
4025,0.31558325504153395,44.298520888541404,39.36513069006221,0.009877753257751466,0.75
4026,0.040473384278373846,49.78093476585621,37.495620612990585,0.009582483768463134,0.6
4027,-0.01181597668612223,35.24320983198878,30.126647231035587,0.009743738174438476,0.55
4028,0.3247800448663913,33.37715941570649,20.16970676704065,0.009965658187866211,0.7
4029,0.42925847515876925,37.608037125106435,37.08118437231417,0.00960136651992798,0.8
4030,0.5413664504584895,28.42475180980538,18.665083094309026,0.009682834148406982,0.85
4031,0.3932782800873073,24.60755000646815,20.913310042306975,0.009926021099090576,0.75
4032,0.48971034119335605,24.772526783755573,26.766058507030223,0.009485888481140136,0.8
4033,0.5397898938376424,27.483421175362587,23.5572985587108,0.00986102819442749,0.85
4034,0.45448997093171783,33.79817555547366,38.062480794879065,0.009344148635864257,0.8
4035,0.6266300907609608,27.588643079218002,23.304269390880194,0.010147321224212646,0.9
4036,0.45022082921875983,40.5020683342749,34.607568907278754,0.009366893768310547,0.8
4037,0.47881755648209146,29.298709067487163,25.543498383465025,0.009534871578216553,0.8
4038,0.25134404505257857,33.19628375525768,33.46439469096148,0.010097885131835937,0.7
4039,0.1103730683047242,48.29851647154389,34.53461958971108,0.009270858764648438,0.65
4040,0.4033417259886594,23.751695612891133,18.631305037464546,0.009886181354522705,0.75
4041,0.37303885884000554,33.37977617489319,19.698697428842664,0.009650743007659912,0.75
4042,0.6101953093607675,23.926017601256888,24.02991635971219,0.009341955184936523,0.9
4043,0.06385292663293682,42.5464854776604,26.91916467294662,0.00920044183731079,0.6
4044,0.5346344234407696,32.88148533876201,35.20969408616094,0.009084415435791016,0.85
4045,0.7500891199799786,19.374235839812627,19.718194418846704,0.009298491477966308,0.95
4046,0.7236731326471012,24.262177851140958,24.833175453787007,0.008895468711853028,0.95
4047,0.5527505511631077,29.68962593298856,20.324029603278415,0.008990871906280517,0.85
4048,0.06847404050625906,41.54716590360077,26.456327960155182,0.009107851982116699,0.6
4049,0.4831187312861405,43.58055014933642,31.12056180691165,0.008842921257019043,0.85
4050,0.10610936146307112,37.832356478251455,27.85975658095094,0.009011054039001464,0.6
4051,0.549253267821127,38.93510900130551,31.37997466610115,0.009472060203552245,0.85
4052,0.6285294638071084,21.704144109575747,16.66880910134144,0.009329962730407714,0.9
4053,0.1912462290503572,38.208412482200245,27.616807465310977,0.009519040584564209,0.65
4054,0.6987579914245947,36.134697205736614,32.11410035863195,0.009674501419067384,0.95
4055,0.2881183065413158,29.227001451762447,26.836823163663134,0.009710943698883057,0.7
4056,0.0281781847888977,53.65387885418902,61.71748650922232,0.009093594551086426,0.6
4057,0.32765778811509105,43.153863377127344,45.56018517323623,0.009475409984588623,0.75
4058,0.3164566045536716,43.40869464847801,44.302394546056995,0.009664344787597656,0.75
4059,0.4693726841313016,28.994167632229427,19.74564680297707,0.009390127658843995,0.8
4060,0.07009193065469219,38.059600209659315,35.2146503662782,0.009612679481506348,0.6
4061,0.4561508296152034,23.797920730873837,19.421157670380055,0.009192574024200439,0.8
4062,0.6323674698166911,32.95091752418516,29.61764443603306,0.009652674198150635,0.9
4063,0.684416490769638,24.94411329913739,14.850905793822006,0.009013044834136962,0.9
4064,0.4087801096053358,38.09476635152086,37.0992757734263,0.008984565734863281,0.8
4065,0.3539899945968878,36.80745498239729,37.062010660294895,0.009493517875671386,0.75
4066,0.3714075289535971,24.045521780617698,19.330653916476574,0.009946286678314209,0.75
4067,0.5472469298055146,28.083233671573716,30.40270375936938,0.009255075454711914,0.85
4068,0.3010189223854728,33.094702581981835,19.53790784104914,0.009085607528686524,0.7
4069,0.4642619349336682,31.664023203075136,22.576590122560923,0.009555459022521973,0.8
4070,0.4805978798869761,21.050784581661297,16.264994229689815,0.009420132637023926,0.8
4071,0.47872413108617906,27.822349356877577,30.415947783382926,0.00941685438156128,0.8
4072,0.2473290289482158,40.69742042448682,35.97741022023991,0.0099562406539917,0.7
4073,0.46299775235346113,32.46301807939609,17.253868674344574,0.009575700759887696,0.8
4074,0.6546199260564523,24.34918167203645,25.000265451474473,0.009157514572143555,0.9
4075,0.18749542294314672,33.500514985762834,18.053608854349054,0.00939270257949829,0.65
4076,0.21888811269538416,34.0444737435248,27.808795959640694,0.009616398811340332,0.65
4077,0.5675700998502208,23.242844293869005,24.359826607910506,0.009556317329406738,0.85
4078,0.37871505369603675,35.663182127852686,22.188741542688984,0.009744346141815186,0.75
4079,0.39433230093786864,26.0119265365437,22.407270467786052,0.01035236120223999,0.75
4080,0.35476046109130766,22.987602610222286,17.476227554908757,0.009614372253417968,0.75
4081,0.4147091894168436,34.71927204746805,26.44939712626243,0.009369266033172608,0.8
4082,0.353034713124244,34.42506299752795,33.57839855804836,0.009735643863677979,0.75
4083,0.5224720952727939,35.248837514581524,31.890627528748944,0.00953819751739502,0.85
4084,0.28837919555878394,29.117642908421608,20.51412173798942,0.009323346614837646,0.7
4085,0.5891254962068939,21.190802904988836,21.85737181841272,0.008763086795806885,0.85
4086,0.5481907436986033,20.40354356162778,20.632279964470836,0.009365379810333252,0.85
4087,0.5891301200830731,35.34079192029779,31.41015218434315,0.009937679767608643,0.9
4088,0.4673062306356761,24.74021019485246,19.94280899068959,0.009314358234405518,0.8
4089,0.5692259231287871,35.59996762137466,37.2431166734572,0.009792923927307129,0.9
4090,0.6672910536922327,24.791507420808035,20.530800978027514,0.01014479398727417,0.9
4091,0.18275534965386894,34.189076913708504,21.097346772703908,0.009637248516082764,0.65
4092,0.24126745750731607,21.518825045781757,16.154469399342474,0.009464621543884277,0.65
4093,0.5607164471227342,25.58203735411605,26.026311980364614,0.009807848930358886,0.85
4094,0.4580362445743719,21.249787888540315,20.883459076552363,0.009767496585845947,0.8
4095,0.15822534107992584,40.40752331341253,29.11773597806883,0.00900949239730835,0.65
4096,0.5453839058945953,31.406185963987262,28.151458558161313,0.009138655662536622,0.85
4097,0.09181661510203104,41.395784107321205,37.4502583750776,0.009331464767456055,0.6
4098,0.6943835618925492,30.269407490227117,30.80590042909635,0.009378087520599366,0.95
4099,0.434869332072865,46.23365618711232,35.318143374046045,0.009437894821166993,0.8
4100,0.3851583442929579,25.62657886191149,22.261181003859473,0.009034943580627442,0.75
4101,0.35484096373597795,24.464315958144145,26.01129646522208,0.009067749977111817,0.75
4102,0.4125288698926938,24.094944703553928,26.30742200981833,0.009139335155487061,0.75
4103,0.6362322438925234,18.05213179451662,17.674983275259198,0.009271550178527831,0.9
4104,0.8446864136576883,22.25780423565805,22.25780423565805,0.009899604320526122,1.0
4105,0.29853013400985706,26.208128961451752,28.71848618940737,0.00949709415435791,0.7
4106,0.7410629995686743,23.88962080387606,24.116692504694306,0.009946298599243165,0.95
4107,0.6641127880208997,21.394466705254537,21.51246033272412,0.009844982624053955,0.9
4108,0.7519010902174776,27.047226068788348,22.540016312107408,0.009424662590026856,0.95
4109,0.58283329083343,30.149980850111678,27.04021130396888,0.009279012680053711,0.85
4110,0.6570713165095723,21.367806671697554,21.42902440185281,0.009327983856201172,0.9
4111,0.45065872566021226,36.21304488741408,34.169459858283254,0.009306752681732177,0.8
4112,0.21326043995714022,29.384520486335912,25.325423067531233,0.009112739562988281,0.65
4113,0.323892616294568,29.371101272676736,27.271162560893078,0.009010279178619384,0.7
4114,0.5630169884735227,28.222268220738123,24.615742369296985,0.009081900119781494,0.85
4115,0.5550829054789049,28.73453984640026,30.3974576977323,0.008957910537719726,0.85
4116,0.27672869279824297,31.566071739471056,21.374264942552255,0.00900038480758667,0.7
4117,0.5694501462204674,29.776992609120423,20.261293316677058,0.009977638721466064,0.85
4118,0.34128989124670545,41.51406971326776,36.295867636694766,0.00915013551712036,0.75
4119,0.5492440758289792,30.49792720535587,27.24556699604887,0.01005382537841797,0.85
4120,0.31350315751371316,35.64512745537011,34.344144474591005,0.010779380798339844,0.75
4121,0.5912575779392981,39.96115682001331,37.03523364580055,0.009856629371643066,0.9
4122,0.5120485972813926,38.34952507057692,36.18706365775008,0.00929807424545288,0.85
4123,0.4309191768428427,37.28444159404442,41.40738809426198,0.009108161926269532,0.8
4124,-0.012285420078276271,35.62761894590487,40.07595969888559,0.009134030342102051,0.55
4125,0.07677270832724284,39.82236892974668,30.298469046453476,0.009298336505889893,0.6
4126,0.49814077372812704,45.413033875629445,37.57243005082059,0.009704780578613282,0.85
4127,0.2743153844154399,35.51890498717505,26.806016242328628,0.009429514408111572,0.7
4128,0.19110150264226627,55.605818765875654,50.008433114863145,0.0088242769241333,0.7
4129,0.3944793811060077,45.157126973489206,34.186813898258706,0.008785045146942139,0.8
4130,0.04701822748403379,39.758112845244476,31.761262266496303,0.009108352661132812,0.55
4131,0.22458456984344286,34.730882613350246,27.818648022784444,0.009641540050506592,0.65
4132,0.49411934527641377,48.38467744383027,36.494790159252354,0.009258115291595459,0.85
4133,0.6193366852885029,30.398653453328723,31.740968208847505,0.009820699691772461,0.9
4134,0.5436108571609485,29.560657510972362,31.108067271659625,0.009680986404418945,0.85
4135,0.1666880159227765,37.20514153397275,18.684395958604206,0.009608709812164306,0.65
4136,0.4179253526281432,43.77872720669328,26.6470372363409,0.009584355354309081,0.8
4137,0.21015582000694727,35.99965427911926,31.570606168268053,0.009033513069152833,0.65
4138,0.19022701827152616,33.35354896525716,18.38774606320973,0.009393930435180664,0.65
4139,0.7147303511545389,28.532340380672444,24.044247048855684,0.009154844284057616,0.95
4140,0.34718764871264796,33.65220159427424,32.67324754777457,0.009506845474243164,0.75
4141,0.4962690646294094,46.27246903723254,35.03706060019531,0.009480893611907959,0.85
4142,0.5650209954505888,43.06368636299801,45.868123899051994,0.01004786491394043,0.9
4143,0.34757515443103226,33.40898800502881,25.814435169511217,0.009304940700531006,0.75
4144,0.2950335153222588,26.413297730818943,16.39869428591792,0.00949324369430542,0.7
4145,0.35445375022260406,35.420108281625865,26.306416587921778,0.00949622392654419,0.75
4146,0.521688314757392,33.82168373852347,24.477430226720724,0.009203076362609863,0.85
4147,0.3973754451939415,46.119824127244364,40.6985981490781,0.009504365921020507,0.8
4148,0.4214957950316303,32.547115010317754,23.26279419470569,0.009646642208099365,0.8
4149,0.5284911434713633,33.36261273919321,30.565082093052403,0.009858977794647217,0.85
4150,0.37864495086247,25.380706361654248,21.747108088815683,0.010253894329071044,0.75
4151,0.14191425196989854,43.63372380413411,33.70723391782558,0.009856688976287841,0.65
4152,0.6131806150159671,24.849960146503232,25.728417963295616,0.00957629680633545,0.9
4153,0.37693385743141344,32.09733628884475,22.79065015159459,0.009640383720397949,0.75
4154,0.16769304850873856,33.195735799089796,34.63606755225303,0.009426534175872803,0.65
4155,0.42173116277785266,32.91144771007106,30.238255109998292,0.00964047908782959,0.8
4156,0.36764728450860956,27.626283560065428,23.659170413936145,0.009825313091278076,0.75
4157,0.478738893190107,25.407854153509916,21.659836995270897,0.009952986240386963,0.8
4158,0.4231785161127949,33.39074961452811,37.24406026476357,0.010366833209991455,0.8
4159,0.15905639830782436,37.73138857882109,32.83915142182697,0.010612165927886963,0.65
4160,0.4709691617911279,28.194487953890967,24.155193388445625,0.010567140579223634,0.8
4161,0.5289374859345752,34.53752181298006,37.41540313691152,0.01030869483947754,0.85
4162,0.5265562701031292,29.708557504243647,31.822475188866452,0.009839236736297607,0.85
4163,0.3891180796037664,20.03545746328481,18.89515594491511,0.010231125354766845,0.75
4164,0.44729017802976545,37.50906396896464,29.73436535306226,0.009732770919799804,0.8
4165,0.3448305622160159,18.649447577046605,19.8132547009561,0.010487103462219238,0.7
4166,0.3577577930325564,34.07175599497388,38.94373637913534,0.009860563278198241,0.75
4167,0.41594418952846174,27.301871172303606,23.57586990156443,0.009937477111816407,0.75
4168,0.283784609628498,37.709068608057535,40.01458123813849,0.009340000152587891,0.7
4169,0.578978567955338,16.816395794470157,16.66832588625674,0.008797955513000489,0.85
4170,0.5655564653852581,24.44982353632675,19.487753806242544,0.009174394607543945,0.85
4171,0.4090802211819888,22.451843231397387,17.042787771160743,0.009344732761383057,0.75
4172,0.3866555690474916,23.585047669529793,26.121678486537675,0.009443342685699463,0.75
4173,0.23352085664275907,24.2786640637602,19.39554314715881,0.009618008136749267,0.65
4174,0.17330226366574514,34.742405488809894,28.82376090174227,0.009710371494293213,0.65
4175,0.10943887126637393,35.27958329062473,21.07195183466104,0.009180903434753418,0.6
4176,0.5815792019767712,22.343973499953695,17.842776649034775,0.009019911289215088,0.85
4177,0.1550816689591139,37.545759919152985,32.88643595192921,0.009553086757659913,0.65
4178,0.46207657645521794,30.84728308082258,26.73554615918799,0.00923837423324585,0.8
4179,0.7165824867116218,25.173725761579266,24.326772480229764,0.009296178817749023,0.95
4180,0.3024397651389342,28.156766657088923,32.640436324676145,0.009425914287567139,0.7
4181,0.7175608351275391,28.003056048609942,28.37085216624327,0.009261202812194825,0.95
4182,0.4567499471870466,29.60228234574395,19.993849609355742,0.009141492843627929,0.8
4183,0.16048301634110268,28.23638536323208,25.850603235608247,0.00975877046585083,0.6
4184,0.43419231355676297,37.81873982714411,24.515987856914457,0.010079073905944824,0.8
4185,0.567018494980824,20.837947781284367,21.46695538187097,0.009497570991516113,0.85
4186,0.48815812460697605,42.837446897852644,41.92295167787556,0.010226523876190186,0.85
4187,0.4649261340088729,27.356410870667798,23.548672807036013,0.010553181171417236,0.8
4188,0.5026452679941441,35.0876065851059,32.76969016328474,0.00945608615875244,0.85
4189,0.3463950408383935,16.42941388665208,16.749970036098784,0.008924508094787597,0.7
4190,0.2061785821025806,32.94649468084849,26.012640029805592,0.00966019630432129,0.65
4191,0.26614790051364573,27.472379022444066,24.111654845583054,0.00970851182937622,0.7
4192,0.24762154173066123,33.22392481948675,40.00446939646697,0.009464383125305176,0.7
4193,0.5215854626922241,40.6764038908905,33.568285135642924,0.009189438819885255,0.85
4194,0.5185521770118846,26.789873519832547,23.077337523313233,0.008962202072143554,0.85
4195,0.20029320313215732,37.2182324022364,18.29823181870474,0.00906984806060791,0.65
4196,0.8038254955765642,29.99074877159574,29.99074877159574,0.009313452243804931,1.0
4197,0.6497010298719796,22.98631797955454,23.48687685087496,0.009734237194061279,0.9
4198,0.8543174223937371,18.762352708633266,18.762352708633266,0.010008347034454346,1.0
4199,0.27271693027027477,37.30593256362938,38.97457201711823,0.0094146728515625,0.7
4200,0.5206544560859108,29.248868161562648,31.61533947877089,0.00949951410293579,0.85
4201,0.7503628376519852,30.399199360200935,25.615283061051528,0.009359943866729736,0.95
4202,0.3988764108469931,43.491754903981544,37.56334911295863,0.009337687492370605,0.8
4203,0.3085081951539621,31.880579474070128,23.936284881302566,0.009353649616241456,0.7
4204,0.4027215459805392,46.87171782579488,42.29896351950412,0.009298861026763916,0.8
4205,0.3604934529290106,32.00851766700192,24.17588112216728,0.009252142906188966,0.75
4206,0.09269676508885728,42.73462112396762,17.5960608269214,0.009494924545288086,0.6
4207,0.5668754394737976,32.732642405878195,29.709270304695934,0.010024750232696533,0.85
4208,0.5643902299960857,29.313800539305777,26.388052468841448,0.00982978343963623,0.85
4209,0.38486854937652215,28.79097717701468,26.40988205987578,0.009243929386138916,0.75
4210,0.14183426920522094,27.63492932331344,25.397184181115332,0.009481346607208252,0.6
4211,0.3982502779145049,19.042285849736082,18.889512739259285,0.009232246875762939,0.75
4212,0.4046290832897516,40.619312587792926,33.89289621634697,0.009070312976837159,0.8
4213,0.28374037327557267,31.414571320748614,21.951291535590485,0.009348344802856446,0.7
4214,0.39719723253588135,26.492609160036032,21.34660605230822,0.00892941951751709,0.75
4215,0.3532492496521328,34.521441979579,33.93587531500491,0.008787596225738525,0.75
4216,0.5117944942577368,38.772636018232035,42.47154408535066,0.009249186515808106,0.85
4217,0.5347945078390643,35.03403405850785,32.27073445124334,0.00920931100845337,0.85
4218,0.45252261155271667,28.306710320460006,30.76421028129884,0.009135282039642334,0.8
4219,0.17219633695166675,42.542209341783845,25.076017711938103,0.009293675422668457,0.65
4220,0.38756443635868315,22.772330369081793,17.64455881232618,0.010680687427520753,0.75
4221,0.4910116795857613,22.021007067538704,23.563541764777487,0.009328091144561767,0.8
4222,0.5599601814573948,30.7559931480047,32.9059943137266,0.009530258178710938,0.85
4223,0.5465836503374635,26.462596504342535,27.861425658576774,0.009491288661956787,0.85
4224,0.6050324305125917,23.83337514532426,25.385096545786375,0.008894205093383789,0.85
4225,0.5961535162231794,16.849407921363316,16.632388008315207,0.009321904182434082,0.85
4226,0.5231728480589132,18.877726568157282,18.915412191984288,0.00914372205734253,0.8
4227,0.41899268446455784,34.27307728674304,31.965959820862714,0.009335243701934814,0.8
4228,0.3538149487945404,35.87151757274772,34.30961683201121,0.009270060062408447,0.75
4229,0.7571856728159825,35.00956879878991,35.00956879878991,0.00949854850769043,1.0
4230,0.4846029362395061,23.717739383968297,19.952732099931847,0.009783792495727538,0.8
4231,0.335268362341844,21.863253713962695,15.22554507481432,0.010087144374847413,0.7
4232,0.49445635968891344,27.880044162378397,18.023364086581037,0.010058963298797607,0.8
4233,0.5606273216214013,28.66986365845552,30.217679823525078,0.009104657173156738,0.85
4234,0.6539283847533965,30.26632991583037,26.392037530769752,0.009082663059234618,0.9
4235,0.2616279330656089,40.60363535341454,29.611832118044337,0.009158515930175781,0.7
4236,0.7904312606583265,31.762952923867754,31.762952923867754,0.009267044067382813,1.0
4237,0.2658728459505705,44.83676021311824,27.748156262158975,0.009650146961212159,0.7
4238,0.30655755276018576,47.94108824003731,45.44250026033867,0.009167098999023437,0.75
4239,0.4322339777401436,32.931735761545525,24.88068827488192,0.00927736759185791,0.8
4240,0.17673500239830475,42.94543714569106,49.091525675526206,0.009269630908966065,0.65
4241,0.4520891347747355,36.732270197479,35.963170791877126,0.009356915950775146,0.8
4242,0.5794537205971738,23.96255273510346,24.571121506370257,0.009290921688079833,0.85
4243,0.5477317321744468,28.349790544768712,18.95794890975993,0.008925712108612061,0.85
4244,0.03754501489815292,27.206193413682975,17.57008020090494,0.009150612354278564,0.55
4245,0.484940235780649,27.852732555538502,23.69889997357445,0.009199035167694092,0.8
4246,0.1348695531574932,36.23181741037507,32.7710533496897,0.008951735496520997,0.6
4247,0.28905022959098703,26.690100787240986,23.64403781762649,0.008820044994354247,0.7
4248,0.43425078597241573,18.65003569501422,19.092075300221936,0.009469377994537353,0.75
4249,0.4633753453529558,29.595608441461387,19.45822143797755,0.008810067176818847,0.8
4250,0.3964887946749154,24.63272528721914,21.63515908178425,0.008847332000732422,0.75
4251,0.4395396953490585,26.31919311393177,22.143361848468096,0.009339821338653565,0.8
4252,0.3468390862156509,37.99288154819875,37.98974029285216,0.010084438323974609,0.75
4253,0.38222441872972934,28.814945226124262,26.89454832603847,0.009539973735809327,0.75
4254,0.6677009429724825,34.61999197578639,30.295332451370342,0.009372127056121827,0.95
4255,0.3998084237668793,30.758844497581,27.903412450843685,0.009312665462493897,0.75
4256,0.6264604995107426,28.650088665280634,24.71197697702429,0.01034233570098877,0.9
4257,0.25840355780861246,29.941796657520438,28.473086064071218,0.009443986415863036,0.65
4258,0.5492638471877942,32.342741514490584,27.933318815879247,0.009120416641235352,0.85
4259,0.3505644417829016,28.69955525967028,25.10542678769495,0.00916604995727539,0.75
4260,0.2599870505895798,44.16345455392949,32.8903093504944,0.009064769744873047,0.7
4261,0.3685892940249202,34.46006766084362,20.484377924422798,0.00954132080078125,0.75
4262,0.4482719029991542,18.24087365552633,18.48153437801049,0.009367609024047851,0.75
4263,0.46425039621945874,33.75418923073806,31.977743435771366,0.00972287654876709,0.8
4264,0.42086480015600214,35.36767072805337,33.75196379511272,0.009951698780059814,0.8
4265,0.4657146221374644,28.05586084569085,22.732115368960915,0.009378981590270997,0.8
4266,0.5162827634350629,39.48930441144842,31.774582304860512,0.008974826335906983,0.85
4267,0.5888204703701965,39.25647156625688,35.06587597541315,0.009136664867401122,0.9
4268,0.46954857989604326,29.748134375552844,24.83079118319621,0.009399676322937011,0.8
4269,0.13814113884811596,44.071178355171746,37.00763830941805,0.00957571268081665,0.65
4270,0.5616359162945135,34.757767921958454,26.393221742672374,0.009151113033294678,0.85
4271,0.3545302579056793,43.38586620292112,38.44829214324797,0.009714770317077636,0.75
4272,0.42425462662087554,29.446530560380126,18.471751516054034,0.009975707530975342,0.75
4273,0.44787470821666514,38.73201123657735,37.65346637700944,0.009949207305908203,0.8
4274,0.2705788072560679,38.46064600336277,33.992777257152724,0.01018613576889038,0.7
4275,0.45595247031626585,29.6512367412249,26.45692494375541,0.009457767009735107,0.8
4276,0.4934824901250788,24.977535506545788,20.544444516713884,0.00899258852005005,0.8
4277,0.4493649974638544,27.45630897201981,23.154628266153264,0.009155917167663574,0.8
4278,0.34395534133543954,30.490976566769973,21.02835782257865,0.009650087356567383,0.75
4279,0.47521086471863133,26.387207607846495,20.28481868721587,0.009505414962768554,0.8
4280,0.5861445355135126,36.71853817745145,27.511784489761666,0.009057247638702392,0.9
4281,0.5658387956110886,23.144803808197857,24.326101325559314,0.009147143363952637,0.85
4282,0.47324139742324,25.322422130769425,27.118802607214135,0.009205043315887451,0.8
4283,0.32921458510218693,26.9298381463934,16.911874218311105,0.009358155727386474,0.7
4284,0.45538392756006496,35.15280711279025,33.133184612936546,0.009425199031829834,0.8
4285,0.4221769053761502,39.116137672962886,38.41199223756594,0.009773063659667968,0.8
4286,0.4742200775398365,29.960590937732213,25.969007367703227,0.009838712215423585,0.8
4287,0.3700010519847807,23.194177343730583,18.445631179507828,0.0096321702003479,0.75
4288,0.7133702136695805,35.44806144755083,35.7175623542041,0.009401214122772217,0.95
4289,0.48461301257318745,26.77099692957744,29.33247149656397,0.009115803241729736,0.8
4290,0.7041563172948336,34.463390706819666,30.52039974345886,0.009257495403289795,0.95
4291,0.6194911566560374,28.003690524504872,23.970542308896665,0.008975481986999512,0.9
4292,0.554158172724379,21.762824919662247,17.283213304762604,0.009002351760864257,0.85
4293,0.4052775678483017,25.080791589821075,15.292192879561869,0.009071254730224609,0.75
4294,0.18810325503616707,36.523016663768566,17.88371321042931,0.010103273391723632,0.65
4295,0.37491116896838933,37.845547738853114,24.99497820785748,0.010203301906585693,0.75
4296,0.5473396082633093,31.719980460214753,28.969269498631256,0.010481858253479004,0.85
4297,0.4516034724723819,26.604256154347286,16.872857764111036,0.009947991371154786,0.8
4298,0.14817586327173746,37.70275177322996,32.41900771358661,0.009912586212158203,0.65
4299,0.4823536776951679,44.72324875690716,37.16007603018675,0.009656059741973876,0.85
4300,0.5779514990941568,47.12100015768845,39.40272114746201,0.009485197067260743,0.9
4301,0.2751611084036749,40.11963308865405,33.7372222779555,0.009337508678436279,0.7
4302,0.44473819741039844,32.677968098849284,30.116859714984866,0.00892106294631958,0.8
4303,0.46824192849649415,31.92447678573107,24.148196834475335,0.008835268020629884,0.8
4304,0.44170723341428897,36.95664304522345,23.825886702959018,0.008914422988891602,0.8
4305,0.3998854447337309,30.852448674697904,16.550916329332345,0.009197187423706055,0.75
4306,0.6551536047308166,29.155237064488734,30.158447683863912,0.009794044494628906,0.9
4307,0.21262834977915174,26.26301012638057,16.23491777023132,0.009855866432189941,0.65
4308,0.5473577163402658,29.032820842294797,25.233254998122668,0.009546077251434327,0.85
4309,0.4323455089156595,35.08311191005656,27.260803752245963,0.009109604358673095,0.8
4310,0.48676459169308905,28.931756485869037,26.08544551816516,0.009204864501953125,0.8
4311,-0.021867808282099756,48.93190501562445,28.165232369878098,0.00907726287841797,0.55
4312,0.5414785560938867,35.634707513271216,33.025910385596404,0.009494960308074951,0.85
4313,0.13511504702816082,27.847134660481952,18.364485815357412,0.009230613708496094,0.6
4314,0.4431445151968504,38.63085544394961,38.4983027795813,0.009222114086151123,0.8
4315,0.3323845313805819,33.95450763809866,32.971959549676846,0.009243190288543701,0.75
4316,0.4358281605510734,32.71164754216759,30.063688532383853,0.008927273750305175,0.8
4317,0.2338821175366388,22.59351444477701,18.44531554098466,0.009536457061767579,0.65
4318,0.47629619468927525,28.65212015664418,19.29880692520834,0.009385025501251221,0.8
4319,0.614831219467155,36.38235483823479,32.4198398065456,0.00905381441116333,0.9
4320,0.5391762936410867,23.28962758364712,24.32890642043399,0.008954095840454101,0.85
4321,0.6440244758604716,28.19409313493214,29.246546583950717,0.00965726375579834,0.9
4322,0.18624671255664405,45.146705055503745,35.79974080632397,0.009704387187957764,0.65
4323,0.3828657944678995,25.6935318470977,25.558941358292138,0.009925830364227294,0.75
4324,0.28900524538464106,22.416141090980794,17.316182036210403,0.009654724597930908,0.7
4325,0.36303325544545506,21.907944356747073,16.777816102298853,0.009119462966918946,0.75
4326,0.28048539220623037,27.96117323536107,25.106554688675875,0.009498810768127442,0.7
4327,0.17812233251436585,35.98972728549984,22.000211172114838,0.009314346313476562,0.65
4328,0.2718645689757004,38.619085588547776,26.393270379237528,0.009008550643920898,0.7
4329,0.449692635555898,28.126575782783153,30.91577240525826,0.009148335456848145,0.8
4330,0.4519709105194189,36.3235574630179,33.78696155217212,0.009322035312652587,0.8
4331,0.414487357683855,29.823851432942213,20.220507542873982,0.00914541482925415,0.75
4332,0.2657523976342592,18.977473312726808,19.735434679630746,0.009101665019989014,0.65
4333,0.7270169687558004,26.958900969080002,27.505003363703857,0.00920562744140625,0.95
4334,0.5425753102272295,25.170158180468427,26.489682373901594,0.009244048595428466,0.85
4335,0.4917452302137878,24.20591284899959,26.248490817506053,0.010230958461761475,0.8
4336,0.6033923946068043,43.55773389237416,36.1523948644186,0.009137964248657227,0.9
4337,0.31610837015455834,21.520176784523166,21.515426475858387,0.008741140365600586,0.7
4338,0.6391686085811086,29.83658566453645,31.008827211191324,0.008788728713989257,0.9
4339,0.1937579049466849,33.14536575843566,34.980920944034445,0.008726513385772705,0.65
4340,0.518275210256295,30.577059670489753,27.367072528656823,0.008976733684539795,0.85
4341,0.29471539950621867,23.894798632256233,19.326608903490676,0.009938418865203857,0.7
4342,0.5818993873534066,21.505734839073135,16.30160153481021,0.009781277179718018,0.85
4343,0.4928822743137317,24.89702261011714,26.76363201833261,0.010263204574584961,0.8
4344,0.650707145568117,28.254964688080445,23.54609040253893,0.009917640686035156,0.9
4345,0.11721277881027241,29.923379960631998,20.12760140497362,0.009446978569030762,0.6
4346,0.5657058081869173,29.85380144123375,25.51362291273902,0.009985911846160888,0.85
4347,0.5592488640398063,29.700687851533736,32.15384190165954,0.009686541557312012,0.85
4348,0.5660474346818429,27.67819536815003,23.370586141548536,0.009057700634002686,0.85
4349,0.28553808236954475,28.835057086663927,33.01421105717018,0.009072661399841309,0.7
4350,0.7243115202318352,20.893760227058426,20.975800892633703,0.008958208560943603,0.95
4351,0.4429433579843051,25.045092694394555,26.916381832550503,0.008843338489532471,0.8
4352,0.24739342434777853,31.455476862349986,37.03597882831413,0.009378552436828613,0.7
4353,0.3715395289342548,28.330604047744878,18.49203543539551,0.009240353107452392,0.75
4354,0.3700199739243713,28.10203209075912,24.737647073415435,0.009185683727264405,0.75
4355,0.48485423135499445,24.278281353017746,25.827725391599877,0.009404599666595459,0.8
4356,0.19231187032212926,28.739239821009438,27.20570140209841,0.00956956148147583,0.65
4357,0.3677422885180572,27.02764696197366,21.934392922228167,0.009364640712738037,0.75
4358,0.4886863169126133,16.906005095444065,16.238843195910842,0.009741175174713134,0.8
4359,0.22984588570788395,23.420477434839142,26.36117597871606,0.01015334129333496,0.65
4360,0.6205771082520244,34.67607841772273,36.56200785702285,0.01011672019958496,0.9
4361,0.6377874757446482,32.36341480355286,28.6587659272956,0.009660494327545167,0.9
4362,0.14618149906008746,32.63689069974026,25.292281756266537,0.009072351455688476,0.65
4363,0.42058648847551394,22.828471644018606,18.40249295817064,0.00929182767868042,0.75
4364,0.42288702139722545,23.50296978161861,19.113984137940825,0.010209012031555175,0.75
4365,0.5026618944076419,24.102737150473374,25.582757821789485,0.009925639629364014,0.8
4366,0.10397000436097863,33.61189658141136,29.003011802144886,0.00993802547454834,0.6
4367,0.37066036207725317,24.381493393983583,25.18825408087345,0.00990157127380371,0.75
4368,0.508627306860188,33.15947123197126,29.92173664689679,0.009604084491729736,0.85
4369,0.5078878927555369,34.023647998007334,30.783268156894305,0.00935351848602295,0.85
4370,0.29159177151878357,28.10120385812335,16.89276358600072,0.009823954105377198,0.7
4371,0.3394118190557287,18.81733445024476,17.374706417073515,0.009651243686676025,0.7
4372,0.1679956228773601,40.484467102331756,36.002330838217006,0.009464025497436523,0.65
4373,0.5735517738891567,29.07645043261312,31.008236761139536,0.009260356426239014,0.85
4374,0.2908359832017906,33.69945874314947,26.438750879284164,0.009495508670806885,0.7
4375,0.6343108311613765,32.30445213996713,33.88175878762104,0.009282934665679931,0.9
4376,0.3671339948532439,34.11191622125531,33.12886542586134,0.009672367572784423,0.75
4377,0.1448781608961581,38.049304959955556,25.575028388162142,0.008834493160247803,0.65
4378,0.5918871385547317,30.26279899319197,31.21394523953616,0.009308016300201416,0.9
4379,0.29575615070209854,48.56899555672492,38.67505248355981,0.008957147598266602,0.75
4380,0.6044377003894309,40.088462905743555,31.49273387248904,0.008616650104522705,0.9
4381,0.5998199365664015,19.18397027225772,18.31992972647864,0.009007275104522705,0.85
4382,0.3375932652087186,37.60015813796625,31.41071540745454,0.008977854251861572,0.75
4383,0.27239624078749264,38.89725432924074,26.319898356921755,0.009132754802703858,0.7
4384,0.05937906320432097,52.19569941391369,18.143934156924765,0.010029542446136474,0.6
4385,0.4223837299518321,34.50988086463177,26.808560432549655,0.009730446338653564,0.8
4386,0.36492435834136794,33.67009335283776,32.197663127137,0.009009957313537598,0.75
4387,0.49809676463832336,39.079258946539184,31.78230828688858,0.008610391616821289,0.85
4388,0.1977958511144045,39.440421466889724,34.72240774368797,0.008811795711517334,0.65
4389,0.6170588954375397,37.887840482788825,35.03203527180287,0.009122991561889648,0.9
4390,0.3458552173853681,38.02573594816248,25.84773821897865,0.00979548692703247,0.75
4391,0.1000187567304737,37.26740617746469,17.938210316938676,0.008950936794281005,0.6
4392,0.5166550134398677,42.95186558614626,41.2194931853384,0.009754681587219238,0.85
4393,0.20802073128596024,51.39512634535142,43.112401610486764,0.00920644998550415,0.7
4394,0.1726750236111466,42.20440790066145,29.153639036482243,0.00891348123550415,0.65
4395,0.4755703999532198,25.43067863802701,27.151821525178505,0.009073805809020997,0.8
4396,0.1808996438308886,43.54528722860223,34.333502145683184,0.009520983695983887,0.65
4397,0.30880636561937097,45.24706370669659,52.81304427654063,0.009851181507110595,0.75
4398,0.30999660421770087,25.492773227540898,19.73256842745448,0.009487569332122803,0.7
4399,0.2081283289506012,37.53120088478593,31.53631596059955,0.009355199337005616,0.65
4400,0.482413071101197,35.5147319902535,21.661866933892124,0.009846043586730958,0.8
4401,0.48128537010327443,21.746856637964097,22.58010885489457,0.00958791971206665,0.8
4402,0.2877478047702759,27.969208544513272,31.2168828918493,0.009800803661346436,0.7
4403,0.28024659164618665,34.8943240402929,35.94809144318738,0.008976233005523682,0.7
4404,0.2804008955682882,30.470445073720164,27.577544014247298,0.009212875366210937,0.7
4405,0.6463512319172032,19.937916949156662,19.999161599372446,0.00969085693359375,0.9
4406,0.48044652343939054,23.421587795657704,18.390938535236987,0.0090981125831604,0.8
4407,0.48222062773826435,28.96916350550515,25.92621777183876,0.009714961051940918,0.8
4408,0.2905884719352018,28.755614021685908,26.432942498328117,0.009574532508850098,0.7
4409,0.31915528530182125,34.21769607666607,26.543040717115073,0.009379470348358154,0.7
4410,0.3500068965043571,17.89674790723847,17.164111184221664,0.009340155124664306,0.7
4411,0.7298063350435444,25.419757996303524,25.814295644931573,0.009269845485687257,0.95
4412,0.2622740087668686,32.869068801646094,25.933627531445456,0.00995854139328003,0.7
4413,0.5729811444952209,27.936221878058404,30.357179309980264,0.009759724140167236,0.85
4414,0.3792579417381464,38.56801573644508,25.423446540887184,0.010254192352294921,0.75
4415,0.6321933941984743,34.67541130562707,25.400137700315113,0.009743201732635497,0.9
4416,0.3282904055683845,38.393256838561975,40.12541051844699,0.009785807132720948,0.75
4417,0.42309939647266104,33.0117449190394,36.097657595013615,0.009343445301055908,0.8
4418,0.5047469829992862,28.56655963363192,24.573464496480124,0.009342527389526368,0.8
4419,0.2531672880352529,40.75319334719209,35.39425786250238,0.009402573108673096,0.7
4420,0.59824995929454,30.70780856153494,26.31490011253232,0.010071492195129395,0.9
4421,0.4410912125587295,31.056947262250088,33.922592309804884,0.009366190433502198,0.8
4422,0.45439290608262156,30.526658900331114,32.278876421490686,0.008996689319610595,0.8
4423,0.6371023461477975,35.18075587140379,31.58121108747281,0.009132874011993409,0.9
4424,0.7610212652976752,23.64674512541749,19.03733484438925,0.009299230575561524,0.95
4425,0.5767938171422202,29.093132257455075,31.17398431656259,0.009264731407165527,0.85
4426,0.49195835361246854,40.25209700875,31.503653020315635,0.008967137336730957,0.85
4427,0.20688703229805044,31.538069559832557,37.10751113851312,0.00901339054107666,0.65
4428,0.2288398435144102,50.114116638082145,50.19663414306141,0.009162402153015137,0.7
4429,0.5187717733582135,44.15648979367624,36.60326877095216,0.009594297409057618,0.85
4430,0.4306160488751388,35.27843085792317,32.33565654357679,0.00945981740951538,0.8
4431,0.29981798345206123,24.239531652043347,20.42413957229243,0.009592032432556153,0.7
4432,0.5759632592566276,23.076680541538003,18.398280049483247,0.009148848056793214,0.85
4433,0.25801395302171604,43.213844646982,40.67709412478029,0.008941519260406493,0.7
4434,0.38033733174872225,24.636824978255685,19.832127443827293,0.009015440940856934,0.75
4435,0.4685186637408587,28.70371773087017,25.39001134381827,0.00987539291381836,0.8
4436,0.2150149117769334,28.54441093252754,26.21929625649612,0.009509074687957763,0.65
4437,0.28532549637327465,36.16977611417805,30.584220836691106,0.009191370010375977,0.7
4438,0.3704963033692683,34.528128264953,26.279120423920816,0.008810472488403321,0.75
4439,0.21819705657954608,31.08303304324457,27.474713015555583,0.009090697765350342,0.65
4440,0.34893347440326333,40.08397780797351,27.704696501571483,0.009106719493865966,0.75
4441,0.46978262505436524,33.89457723590958,31.676306462766664,0.009308099746704102,0.8
4442,0.5002582853441941,43.122390360312764,41.938880562518975,0.0101204514503479,0.85
4443,0.5931866793608298,21.705116221357777,16.880625078863822,0.009931516647338868,0.85
4444,0.5503243370912536,32.25365609713742,23.74422437788612,0.009723734855651856,0.85
4445,0.6224427149470563,32.92941297148463,34.756690024867126,0.009456241130828857,0.9
4446,0.7023591395145483,27.74326433879807,28.185132957226045,0.009185385704040528,0.95
4447,0.0813828196421652,38.75242875680702,35.81267117144296,0.009755492210388184,0.6
4448,0.6263605027095307,35.975288195354366,37.06735588335425,0.008751404285430909,0.9
4449,0.5791438596880826,24.034386462193233,25.591184154335913,0.009045124053955078,0.85
4450,0.3732167302044441,34.44210688556065,26.704876091075327,0.00937950611114502,0.75
4451,0.18278089669468034,58.16857037027796,54.89395119605216,0.009414124488830566,0.7
4452,0.43572044244675734,34.68868598434946,32.895666904399114,0.009223854541778565,0.8
4453,0.29651276012834893,29.936559631376902,28.547877536494365,0.009599363803863526,0.7
4454,0.6091574193360867,37.816199168666785,34.66346488907308,0.009086215496063232,0.9
4455,0.45668486874627534,33.542076296840115,37.48127096088153,0.008951365947723389,0.8
4456,0.34900183928389533,27.394026489448954,23.724346281822697,0.008919274806976319,0.75
4457,0.32934226065995975,30.746913036482653,21.283824589044446,0.009017503261566162,0.7
4458,0.3622844256759409,38.02873329932622,25.362419571704734,0.009557998180389405,0.75
4459,0.5367834709793124,33.35591726874409,24.356554191826746,0.008882236480712891,0.85
4460,0.5586025077277637,39.89311542086325,41.99283231325267,0.009201717376708985,0.9
4461,-0.1583381824214487,37.52273949948368,30.708161923933282,0.008507478237152099,0.45
4462,0.17681364166886612,42.982407872177845,31.816570110527813,0.00913233757019043,0.65
4463,0.42296810445526967,32.2901151585486,23.1529855642949,0.00938565731048584,0.8
4464,0.3026127052900064,48.404734975266656,31.720901425077717,0.009829521179199219,0.75
4465,0.4982435334954475,36.15052689790262,27.596540914351483,0.010101115703582764,0.85
4466,0.4381722544899399,39.17727907620797,38.24639711863267,0.009528791904449463,0.8
4467,0.5385442822881994,35.99038098899929,33.87694317208147,0.009258925914764404,0.85
4468,-0.11535450399700328,43.23708584250851,39.619380326132934,0.00927506685256958,0.5
4469,0.06153154445362411,38.64541886638777,34.514566976764264,0.009443545341491699,0.6
4470,0.6035470208864309,37.98961470184962,34.15308921687749,0.009358417987823487,0.9
4471,0.4009343556263289,43.40005821585718,30.673441671538434,0.009397578239440919,0.8
4472,0.4785729309907176,33.556195483971386,23.87147192123404,0.0101593017578125,0.8
4473,0.48998385455383,27.937206723206838,23.484482179504333,0.010895454883575439,0.8
4474,0.07422231508249932,40.40040505884745,29.192053291208126,0.010786736011505127,0.6
4475,0.6978052283376507,30.258201126478845,25.570256677570203,0.010191774368286133,0.95
4476,0.5514282791374049,35.68187276791791,32.253236902315045,0.009287798404693603,0.85
4477,0.5202783853034965,39.72365329410766,26.96231628380672,0.009441423416137695,0.85
4478,0.3366207016921223,41.51698134298991,34.74450832700778,0.009079992771148682,0.75
4479,0.5507199487756064,36.38590300849718,28.19144467543211,0.009692740440368653,0.85
4480,0.5270745945544694,27.55031956999399,24.007677077995208,0.010174262523651122,0.85
4481,0.4759157438379763,24.641408109654456,25.889800577574988,0.009868383407592773,0.8
4482,0.3998429966040925,18.823027344917,19.41450050650174,0.009368669986724854,0.75
4483,0.2408888312329796,22.29411533947011,17.62289914625188,0.009893441200256347,0.65
4484,0.5162985552123752,37.8061417837463,34.642480801480026,0.009915220737457275,0.85
4485,0.4546365792527798,25.665594061180332,21.168274658905975,0.009505999088287354,0.8
4486,0.6106663278718407,33.86060988880438,29.528514613679437,0.009604191780090332,0.9
4487,0.4718378126178654,21.67997756696238,16.309973105149176,0.010126805305480957,0.8
4488,0.3576505474360005,39.484898338251504,32.98924219775031,0.009855544567108155,0.75
4489,0.4116229298068985,34.68500390666,26.436644506566225,0.00868678092956543,0.8
4490,0.6064088525975141,28.167102749825652,23.36778663356586,0.008573949337005615,0.9
4491,0.6126107955858374,27.37466448732336,23.12221877675468,0.008724689483642578,0.9
4492,0.22032751954337973,34.92215111601554,28.894982760714008,0.008824312686920166,0.65
4493,0.24985762460496774,36.449660667889766,31.8858497835823,0.008871626853942872,0.7
4494,0.5037389272086867,25.7477239945171,15.759621142542652,0.009233152866363526,0.8
4495,0.5642225851584269,29.651779595516295,19.784610273003544,0.009242641925811767,0.85
4496,0.4042301678287643,31.117576526911712,35.56760614007937,0.009277915954589844,0.75
4497,0.43881948620919387,35.72988129873109,33.807652801138246,0.009725677967071533,0.8
4498,0.18350840649239916,39.46454842916416,29.080895135648323,0.009751403331756591,0.65
4499,0.548273612452627,27.754712891800636,22.57796364725572,0.0094779372215271,0.85
4500,0.4213716040161282,46.378715160781965,41.35010149877338,0.009298717975616455,0.8
4501,0.6034375799554281,36.99737245253987,27.855239470682207,0.00976022481918335,0.9
4502,0.43054208338986566,39.776012736624935,33.10635102092306,0.010362446308135986,0.8
4503,0.45293059976980965,35.873798737899904,29.21308410192694,0.009441041946411132,0.8
4504,0.45451778179499885,29.87383924795366,26.495881620931915,0.009443879127502441,0.8
4505,0.4456752980192773,38.140837311225816,31.335330244879216,0.009073877334594726,0.8
4506,0.43908275741639813,42.992839739121266,31.337808304899117,0.009708726406097412,0.8
4507,0.641098754206984,32.77042660302206,34.527197768918626,0.01015908718109131,0.9
4508,0.35618191660777887,39.20660074042924,26.83080527600494,0.00984330177307129,0.75
4509,0.684440947923213,28.926977391291018,29.39028326499377,0.01005094051361084,0.95
4510,0.44055516446150234,37.847104062266716,37.34831874168543,0.009317326545715331,0.8
4511,0.5201782702075757,36.5833816692715,34.66403886016703,0.009949493408203124,0.85
4512,0.7076753057473063,30.97289234521519,25.926466700000077,0.00971912145614624,0.95
4513,0.6241223279020093,31.166344985279714,32.123460160716114,0.009198141098022462,0.9
4514,0.5525643847348147,29.75315853014099,25.80991591109277,0.00929727554321289,0.85
4515,0.4433125082923861,30.04498791005661,21.755444710420107,0.009761357307434082,0.8
4516,0.3561041804675133,26.48132511026065,17.159722788396948,0.009214866161346435,0.75
4517,0.08444152508524035,39.78822560994833,38.048516160686475,0.009352374076843261,0.6
4518,0.302568175239902,37.86077824355385,37.274318411863945,0.00918130874633789,0.75
4519,0.5155932778622971,39.45207165422552,31.82964180439654,0.009477782249450683,0.85
4520,0.3512321063718332,29.264899596874596,27.018680979932586,0.009908330440521241,0.75
4521,0.6344677159230222,29.95642009974366,25.49011873887683,0.010009896755218507,0.9
4522,0.7395076962868272,22.84661619542205,23.036251802776963,0.010089051723480225,0.95
4523,0.5621109520822217,26.96354092096437,22.147777592443386,0.010266005992889404,0.85
4524,0.5280726176788714,34.637911898827845,32.31156026973889,0.010048782825469971,0.85
4525,0.46006408639030444,34.262981524280775,25.956260254693994,0.009746336936950683,0.8
4526,0.2222985638285057,30.69930868118941,21.859161035879232,0.009350061416625977,0.65
4527,0.13908948508968555,50.843735707814496,31.54070616299521,0.009756386280059814,0.65
4528,0.5209927302396057,22.05476055076121,24.12866824529002,0.00987337827682495,0.8
4529,0.3077517966872629,22.173535630340883,17.6075229265793,0.009822380542755128,0.7
4530,0.369677500515734,32.10111842287118,30.66186342151515,0.009335923194885253,0.75
4531,0.1779578387544314,33.6982797125108,33.78804001964508,0.00972900390625,0.65
4532,0.44354024055728186,39.03236033079332,19.875299776671387,0.009760570526123048,0.8
4533,0.47388235783869376,28.206945307951184,24.527485568927354,0.009875845909118653,0.8
4534,0.2601139602763357,37.346632709515,16.98057571993391,0.00968315601348877,0.7
4535,0.34218402618476534,16.709293334521483,17.57638994765086,0.00958501100540161,0.7
4536,0.38343194053873403,28.255598676721252,18.700271466574847,0.010142993927001954,0.75
4537,0.5592905957730148,26.186013877274785,21.613960555069234,0.009829962253570556,0.85
4538,0.34535551953050925,38.81952516700146,25.860008109712844,0.009510040283203125,0.75
4539,0.22719285360973673,45.81649808726603,28.832317503727957,0.00962536334991455,0.7
4540,0.2308711391962041,44.85597194226637,41.50366120938886,0.0093980073928833,0.7
4541,0.650498427495003,30.425818670265038,26.722270726171743,0.00888230800628662,0.9
4542,0.27202402651404495,35.71021451287927,29.45295798773241,0.009154915809631348,0.7
4543,0.5572040898471547,30.39025436267358,25.579440424254994,0.00924057960510254,0.85
4544,0.5690333796862704,27.16601130768372,27.94900671790166,0.009687626361846923,0.85
4545,0.18355581003367655,43.669768650363885,38.62093299911825,0.010054779052734376,0.65
4546,0.6161045723877024,29.55845788947578,30.193065892499305,0.009705328941345214,0.9
4547,0.4063401568132514,33.04309680274153,36.85422716775142,0.009910011291503906,0.8
4548,0.36084783634173023,28.75604716808874,25.55801591706721,0.009761655330657959,0.75
4549,0.17058171894773141,39.78980735320121,28.00544634786121,0.009560060501098634,0.65
4550,0.6038689039645894,40.364210079640074,31.67669089756754,0.010132050514221192,0.9
4551,0.30503493219995387,32.43116782380091,17.914426650086618,0.010009670257568359,0.7
4552,0.48214452416049464,22.729562900723064,24.84821836314442,0.01013432741165161,0.8
4553,0.1186857149597443,33.76857709062321,28.247646882260778,0.00975550413131714,0.6
4554,0.6306703237479927,28.658872677203117,23.81942015090274,0.009638667106628418,0.9
4555,0.3559149169912949,29.05150205731052,19.94834246658861,0.009456884860992432,0.75
4556,0.5920346229549194,38.18272926519593,35.14834760176249,0.009440445899963379,0.9
4557,0.5258697748509196,38.476552378173366,24.51106353209706,0.00963815450668335,0.85
4558,0.3679796675825319,34.39243422351693,27.21106403633604,0.009602606296539307,0.75
4559,0.31952186151447937,27.277359016075746,17.456519083007418,0.009761178493499756,0.7
4560,0.4636870196364562,25.268605935597563,20.252852188740594,0.009471321105957031,0.8
4561,0.03170197614579418,44.820273675243236,37.650624216634476,0.009791123867034911,0.6
4562,0.17162126046585918,45.772231689607175,36.746049078794826,0.009814512729644776,0.65
4563,0.522921550602242,24.093084279590805,19.464096208505186,0.010169541835784912,0.8
4564,0.3925987582180881,29.510602904663074,19.794243997886646,0.009423506259918214,0.75
4565,0.35128823803473247,43.618562792648596,24.908152977848864,0.009147858619689942,0.75
4566,0.4821935123864298,28.542725863135907,26.021238066115487,0.009181046485900879,0.8
4567,0.45718483074610383,28.11122776939513,18.437426064461143,0.00940544605255127,0.8
4568,0.2743665161397483,34.06293053129842,26.595157826735882,0.009603142738342285,0.7
4569,0.5713708072027927,23.719620278072675,24.79067348163805,0.009250760078430176,0.85
4570,0.5147866355513726,34.55013718070016,32.050625491363235,0.009363412857055664,0.85
4571,0.26936767661934624,34.78895287571848,27.964465087332048,0.009884321689605713,0.7
4572,0.44552034387820527,35.12990400496312,33.05310045915375,0.009892106056213379,0.8
4573,0.4785064382985659,23.0151716340166,24.399528095509815,0.00963575839996338,0.8
4574,0.18373625219740083,34.94350033038604,44.6367633560824,0.009196674823760987,0.65
4575,0.3179691916508541,29.62321465184174,26.80840231544724,0.009452724456787109,0.7
4576,0.5014721582325966,23.62338150762827,19.06026381880197,0.01004432439804077,0.8
4577,0.362365079058398,38.47654276021317,25.619791409437408,0.009141206741333008,0.75
4578,0.6619968535726011,24.745718985354507,25.452030410147607,0.009237122535705567,0.9
4579,0.5331078606338535,35.64725956010671,32.45439837438929,0.009145748615264893,0.85
4580,0.37912006419672906,28.58765396830366,19.59498707782923,0.010063862800598145,0.75
4581,0.42850052805337857,31.947912693288306,29.112817803661326,0.010240888595581055,0.8
4582,0.5111294675082231,29.4603676929073,25.820320749253415,0.009414637088775634,0.85
4583,0.48740833858687005,33.12854307321597,24.55716889748674,0.009103143215179443,0.8
4584,-0.0036880346807118937,42.838655156617925,44.10075194876317,0.009198462963104248,0.55
4585,0.3065949986210746,42.09338991481856,37.347475372998815,0.00936981439590454,0.75
4586,0.5894217632461928,21.952510103248287,16.515170814900603,0.009526050090789795,0.85
4587,0.5581067082683941,29.98679085982198,31.14161310846726,0.009081840515136719,0.85
4588,0.5454412460226503,34.75244823897308,31.710589733238095,0.009225404262542725,0.85
4589,0.18883886996350477,33.99616837594768,33.516593255598295,0.009120428562164306,0.65
4590,0.4728801856331829,23.850028603710797,25.257041844693298,0.010074341297149658,0.8
4591,0.2063852039013025,33.06885155234106,26.594513149636246,0.0094579815864563,0.65
4592,0.5210236413606342,23.13775806696895,18.28321188492314,0.009198927879333496,0.8
4593,0.37265678060337215,24.791542477678046,26.51322813838674,0.010038030147552491,0.75
4594,0.44115385329232487,32.92443367428943,30.236401976602046,0.009860789775848389,0.8
4595,0.3950910584308297,16.80641516191532,16.87765101643743,0.009131157398223877,0.75
4596,0.600806908311251,20.59957739907447,19.85141538192,0.009219992160797118,0.85
4597,0.33486309051441115,36.97124591985805,43.74947348903013,0.009815680980682372,0.75
4598,0.5781687690114199,26.75788159962217,28.708821193892437,0.00939415693283081,0.85
4599,0.5476510967161394,27.598140784648812,23.19072337257152,0.008787012100219727,0.85
4600,0.4392063216257971,35.73670956317462,26.616510532121303,0.009149682521820069,0.8
4601,0.6035860616742861,28.362650531958394,24.942075378322208,0.008676981925964356,0.85
4602,0.48975703075941623,25.306980585709354,25.656808840044384,0.008677315711975098,0.8
4603,0.42852844012731284,29.220511215319686,26.54886906906041,0.008826017379760742,0.8
4604,0.1624255523368073,32.09387288960994,17.349402694980707,0.00922178030014038,0.65
4605,0.3290491877445733,36.910898273260266,29.939626097628093,0.009175217151641846,0.75
4606,0.3028241279980695,26.840144558717384,16.617351315452684,0.009025800228118896,0.7
4607,0.48966033567625733,22.15756530819858,23.056710467360347,0.00945662260055542,0.8
4608,0.6194070170746627,28.810828126954057,24.929984538945195,0.008825445175170898,0.9
4609,0.5343388322213993,24.50509525293635,18.625687208647093,0.008776283264160157,0.85
4610,0.6883326670165143,36.06308662363069,36.99167674775235,0.00883779525756836,0.95
4611,0.4763188251178736,35.723202297384,27.12301665932081,0.008727347850799561,0.85
4612,0.5595779991257777,23.622372037540252,18.763736102860612,0.008523023128509522,0.85
4613,0.4297041759819121,31.595160844741326,28.66603151750592,0.009023141860961915,0.8
4614,0.354892980768183,34.80816493448854,34.21303898733806,0.008638644218444824,0.75
4615,0.5830472619954408,35.408093420237556,31.765977424346218,0.008720695972442627,0.9
4616,0.5433400921613176,34.01048822428909,24.66822809030088,0.009402382373809814,0.85
4617,0.5410654492079131,39.17338081776789,31.00714506172059,0.008964610099792481,0.85
4618,0.39995677026366633,43.37016459417498,36.613459874462805,0.00905386209487915,0.8
4619,0.09406609944140536,38.74690542941727,28.119675660688703,0.0095392107963562,0.6
4620,0.3479817028033839,43.29122910429881,46.03630678745185,0.008961176872253418,0.75
4621,0.4387194470146526,37.95646944598797,31.16956076758157,0.009277534484863282,0.8
4622,0.1169189035191482,34.795377690228634,32.65981001309423,0.009384846687316895,0.65
4623,0.3851169832145659,26.362871331137644,21.44335609300598,0.008949053287506104,0.75
4624,0.2493752070191781,29.52580206151945,32.58664842587046,0.00952845811843872,0.7
4625,0.1758178795911093,30.380579279850128,15.808258546278978,0.009354305267333985,0.65
4626,0.1888536015785522,31.302441154721738,24.23727254800669,0.009080088138580323,0.65
4627,0.5319497078869497,16.287356186951264,16.80855428599979,0.00881708860397339,0.8
4628,0.5626275907818099,24.45947492871003,25.47294555483546,0.009122228622436524,0.85
4629,0.5294308073542507,25.519670461783278,26.2318758608685,0.009163486957550048,0.85
4630,0.10885198918898316,35.756532796184345,26.707664773044044,0.00921536684036255,0.6
4631,0.3151161615602561,31.776327053411382,24.203137095896572,0.009278655052185059,0.7
4632,0.48150852446164716,31.36501401824478,22.877634590244917,0.009128808975219727,0.8
4633,0.4979355590703903,25.988677463924198,22.555298630680422,0.009522533416748047,0.8
4634,0.08526738571609671,37.279953705404715,18.06387848320836,0.00972672700881958,0.6
4635,0.4686432856517227,52.14630554513077,52.52025516912255,0.009337317943572999,0.85
4636,0.18812981624023858,38.37656510304653,49.519928917399284,0.00874251127243042,0.65
4637,0.25852631869736603,42.451350410296705,25.775994143730156,0.008667373657226562,0.7
4638,0.508417397842736,37.47595766486999,29.370019676297485,0.00992501974105835,0.85
4639,0.6364615946058307,32.875252556509096,28.92859257035247,0.010419416427612304,0.9
4640,0.24785850145614555,41.04977105174788,27.561825855400254,0.009651899337768555,0.7
4641,0.4021980610536703,30.13988671288762,25.868679045124214,0.0093192458152771,0.75
4642,0.26514779538850103,37.65922964383076,24.641594385030775,0.008975410461425781,0.7
4643,0.703250919836606,35.81665995240756,36.93663789468354,0.009200012683868409,0.95
4644,0.716834347210798,27.408206305612588,22.80384550288651,0.009144461154937744,0.95
4645,0.6138838420372866,29.715939279856002,20.236469407340966,0.009130573272705078,0.9
4646,0.4135830291206116,44.34343792563804,39.04197770025502,0.008887577056884765,0.8
4647,0.3006043096091356,26.390186583769427,21.494029414812527,0.009275245666503906,0.7
4648,0.20093184916786094,33.31682585098317,18.60598317961779,0.008618450164794922,0.65
4649,0.39262982021028225,44.415866732610915,37.79143533773343,0.00927584171295166,0.8
4650,0.4210373244117546,35.22231165292668,34.20671196937718,0.009284496307373047,0.8
4651,0.6662714335890421,19.254989585951904,19.416447971691735,0.009195661544799805,0.9
4652,0.512824047878196,35.14430748056377,32.25793187845066,0.00922318696975708,0.85
4653,0.2674279055505622,25.60018802580197,19.992299043004795,0.008740806579589843,0.7
4654,0.33888692975546403,32.908738355323344,24.99828518139557,0.008628034591674804,0.75
4655,0.20946354064508563,33.06948802585939,26.005193899191188,0.008950960636138917,0.65
4656,0.4933666852132024,27.65876257018963,23.658514981403734,0.00884549617767334,0.8
4657,0.43938844247039166,36.47295430742075,27.758814042268227,0.008574426174163818,0.8
4658,0.5359925591947446,36.44983179068652,38.304635696477646,0.009045946598052978,0.85
4659,0.25602393789251404,34.229424723047394,34.28781555783596,0.009020328521728516,0.7
4660,0.10818685111614272,36.67026190129309,39.75759957464338,0.008977162837982177,0.6
4661,0.34175645452455516,23.34571298026966,19.506075631733204,0.008506214618682862,0.7
4662,0.2988622927810714,33.30588439912383,26.97136555194811,0.008726012706756592,0.7
4663,0.47047117752456397,28.51312657863171,25.712528671763557,0.008724045753479005,0.8
4664,0.45811154984588465,32.585357813758904,30.716131485248965,0.008793973922729492,0.8
4665,0.3713987364890174,32.403693185197554,24.538352995690612,0.008698201179504395,0.75
4666,0.5581206491163736,24.13618038937384,25.84783679903856,0.008751440048217773,0.85
4667,0.6535131092996516,19.85599265133256,19.99998476919107,0.009109723567962646,0.9
4668,0.5234410418654957,33.82320163885768,30.53257507091583,0.009222781658172608,0.85
4669,0.44643526220460894,24.18361507738083,26.121779119291652,0.009272217750549316,0.8
4670,0.5520446239676564,24.121892152955517,24.789737516260068,0.009011423587799073,0.85
4671,0.560155406808883,34.55912553031928,26.570319174730653,0.008604800701141358,0.85
4672,0.3240251577327449,37.198330875795726,36.45062291731204,0.009535419940948486,0.75
4673,0.3287918337062677,29.561636692771106,35.63985552167485,0.009812581539154052,0.7
4674,0.08773965506573116,39.86407462714625,29.86304153551639,0.009530794620513917,0.6
4675,0.5697359023226898,29.688322670842403,19.886565002480136,0.009228026866912842,0.85
4676,-0.1360442381518018,38.479357398968716,20.460632563066966,0.009768843650817871,0.45
4677,0.5145704210553083,20.340351521339176,21.036338611574905,0.009584903717041016,0.8
4678,0.4646163832972071,32.64857288749692,29.946922089070952,0.009202861785888672,0.8
4679,0.42557562699376594,18.901359339052114,18.18441460626091,0.009761488437652588,0.75
4680,0.4038339653360138,45.46747536570339,33.12047763965324,0.008891570568084716,0.8
4681,0.6866643515728947,21.91758484536924,22.560410392859218,0.008739602565765382,0.9
4682,0.2457346643201767,29.87154667121028,27.689964970860217,0.008823490142822266,0.7
4683,0.17306821931157274,33.50214779043518,27.2229162552753,0.008899164199829102,0.65
4684,0.35126409827033633,32.88812079520408,31.862144872504416,0.008858859539031982,0.75
4685,0.4698871648921563,31.503842545768492,28.813374244607417,0.009552395343780518,0.8
4686,0.3488386935464674,32.768351419708495,30.57262872002052,0.009111583232879639,0.75
4687,0.3894378262802069,21.204196137670728,21.603685246658525,0.010176634788513184,0.75
4688,0.4728961841724386,24.981096872955963,21.21656589060982,0.009462666511535645,0.8
4689,0.4516071359920704,36.38689223755056,22.39749585164962,0.008859312534332276,0.8
4690,-0.0027952813576434697,32.50702067626766,45.334843597137564,0.008956527709960938,0.55
4691,0.33941827117423784,37.692817458972755,31.239681678216943,0.009056949615478515,0.75
4692,0.4631770630261992,37.9844210470374,35.749547590193075,0.009113955497741699,0.85
4693,0.6027510894248195,37.80842384213235,40.33924289206632,0.009258556365966796,0.9
4694,0.5061446322239045,40.65903212061624,33.457501244347505,0.00884760618209839,0.85
4695,0.33689649312909853,50.33685469972256,39.52686782154548,0.008607602119445801,0.75
4696,0.43079221003158263,56.265054755483256,56.87005293813,0.00910121202468872,0.85
4697,0.03343727936835992,51.96992581551476,37.62224600752106,0.009523344039916993,0.6
4698,0.4454988072556886,32.29395075691856,35.04639951592698,0.009005331993103027,0.8
4699,0.34828781949088095,29.555836091626094,32.016792921987665,0.009212112426757813,0.75
4700,0.2984175131420707,28.961171177573352,27.043683906475287,0.00890580415725708,0.7
4701,0.2934144237447798,32.59721563924198,24.75982565436687,0.009039616584777832,0.7
4702,0.3814022960424569,26.692801547261865,17.036672984122,0.008620405197143554,0.75
4703,0.46638310199014105,19.25183592268746,18.494557166680735,0.00858989953994751,0.8
4704,0.03482290574492588,33.151215681078114,20.615745243351203,0.009136569499969483,0.55
4705,0.004795477099569423,57.603849563529366,59.71302518974068,0.008635461330413818,0.6
4706,0.47964194884460865,27.771792621751775,23.93870714736576,0.009493672847747802,0.8
4707,0.7075514638607064,35.417549339806,31.103399887505763,0.0094146728515625,0.95
4708,0.30913409891100807,29.205455891762682,20.8525954159266,0.009450137615203857,0.7
4709,0.23634311396518876,45.89943298709684,29.042151679332367,0.009472262859344483,0.7
4710,0.16332694645056528,34.48705894562683,36.17228981380279,0.009290897846221923,0.65
4711,0.27217345717689445,33.47448014018525,32.74531362327563,0.00919715166091919,0.7
4712,0.44569329709634237,29.494086506396904,32.919074289786245,0.009183883666992188,0.8
4713,0.44250397725092494,38.994227777220395,24.267676368042466,0.009090697765350342,0.8
4714,0.3615682646230325,30.28522662810861,20.54954983279642,0.009032499790191651,0.75
4715,0.6439582377394797,23.340717461187573,23.7103434056586,0.009379971027374267,0.9
4716,0.5256056183015281,34.44723331770104,31.65970545365477,0.009527254104614257,0.85
4717,0.3026523957287405,23.99581915182123,26.674353038501927,0.009527492523193359,0.7
4718,0.38681064901693807,34.60574367613866,19.59052280665487,0.009259569644927978,0.75
4719,0.13292215604487642,35.37470668004086,37.34251987703982,0.00935955047607422,0.6
4720,0.16401426232365465,35.30858070515781,36.0465590679999,0.00934816598892212,0.65
4721,0.4893377903346215,23.24139263427381,17.94288217091789,0.009086680412292481,0.8
4722,0.4176968169089865,38.14470984955843,31.262889924863657,0.009764778614044189,0.8
4723,0.12763286199039284,33.896082374428495,19.26119694923594,0.009359312057495118,0.6
4724,0.40208499463536507,26.270142257871072,15.912038790127886,0.009152662754058839,0.75
4725,0.5637489273953287,28.45249025936165,23.932577142630635,0.008931660652160644,0.85
4726,0.4710755616567314,23.020886400513636,18.386707746529932,0.00929715633392334,0.8
4727,0.12103910787149923,34.991819724069316,26.344036362393748,0.009099233150482177,0.6
4728,0.6361347426594486,23.790685795238574,18.63924452353793,0.009172427654266357,0.9
4729,0.5770237641457825,21.850321510783196,22.94423254298217,0.009365653991699219,0.85
4730,0.42792720256049516,43.201205631664266,35.555881451099054,0.00890260934829712,0.8
4731,0.5233787650602688,40.756723831052035,38.092710840550815,0.009041345119476319,0.85
4732,0.14300133050940309,49.46376135488738,33.02483019399247,0.009184610843658448,0.65
4733,0.39008325734719035,52.2302673188795,47.780731312748756,0.009060561656951904,0.8
4734,0.06743887885975172,43.111002162384224,33.249293332231275,0.00899568796157837,0.6
4735,0.6098074558639535,31.040475421345036,27.212233089091438,0.008953773975372314,0.9
4736,0.3045857308040275,27.286895390604393,29.89692383277724,0.009190249443054199,0.7
4737,0.34194017762390927,34.031787965228744,31.321195445763866,0.009199118614196778,0.75
4738,0.2548966163816538,23.947959225688635,19.111118127387176,0.009572339057922364,0.65
4739,0.08752403016811564,39.46774793704162,18.363753013375362,0.009469521045684815,0.6
4740,0.48590711507138795,28.006164590194224,24.77093576278232,0.009656155109405517,0.8
4741,0.45285843540198034,27.04130354466407,29.316379409453017,0.009735417366027833,0.8
4742,0.6416848194608114,30.057094009429665,26.11608336750944,0.009463143348693848,0.9
4743,0.4616041802615939,32.3837727339158,24.12616888556802,0.008989942073822022,0.8
4744,0.40538687037398047,38.08613156662783,37.325850919830984,0.008968555927276611,0.8
4745,0.396685147681739,47.8355265049972,43.3131116117363,0.009543001651763916,0.8
4746,0.20080238875475667,37.62198652337046,25.788345680631096,0.010181808471679687,0.65
4747,0.40919251182393596,18.88350870783635,18.160705720053432,0.01004103422164917,0.75
4748,0.5795658275700929,22.701088889831446,23.645034811014845,0.009315145015716553,0.85
4749,0.5472077413827094,29.422936115483417,25.654539964804457,0.009385144710540772,0.85
4750,0.5434457408171031,32.14489475873812,28.969115176426605,0.009484183788299561,0.85
4751,0.46858884037343895,22.85922847343929,24.18653436860176,0.0091988205909729,0.8
4752,0.2257063858904486,21.719081225029502,24.348050476531917,0.008831441402435303,0.65
4753,0.14020135291334554,28.442904172740356,18.783270521457194,0.009210658073425294,0.6
4754,0.13262443764483994,23.093962910200965,18.36022566671355,0.009538817405700683,0.6
4755,0.5714868085792186,22.74786417651167,18.23859952572821,0.009737038612365722,0.85
4756,0.5230621958804862,36.9971102966623,23.333249991099795,0.009673607349395753,0.85
4757,0.3898567213740805,31.732028015239074,31.45476918395487,0.009731078147888183,0.75
4758,0.5886847524205883,38.018406764207455,34.71120154275949,0.009564709663391114,0.9
4759,0.6988925132403003,20.08884329239368,20.61538819077833,0.009594321250915527,0.9
4760,0.4676101402564618,28.11307802383402,24.663493631288617,0.009597706794738769,0.8
4761,0.5226831788550402,30.848273061833464,20.09482264674062,0.009802865982055663,0.85
4762,0.27235902743535806,29.742847437183862,21.516499784690062,0.009856414794921876,0.7
4763,0.44987814893149763,32.19995187120445,18.058643930177347,0.009635210037231445,0.8
4764,0.34072186902056456,42.93879862400151,37.78049804840967,0.009535527229309082,0.75
4765,0.47298051406443903,33.46764988034835,31.25204627655571,0.009622108936309815,0.8
4766,0.6084901189630402,37.93927919712369,30.017078985128517,0.009688115119934082,0.9
4767,0.23537723190239151,23.254800501385372,18.460381915588258,0.009102749824523925,0.65
4768,0.4237071966338582,31.707156881541767,28.748592819853314,0.00902416706085205,0.8
4769,0.18021376364559197,35.611614006047645,30.052749503793912,0.008875751495361328,0.65
4770,0.5553061143897892,23.751220938524586,24.279939858695702,0.009522449970245362,0.85
4771,0.45752373978022154,33.22035065887487,31.19274566454299,0.009011030197143555,0.8
4772,0.4871614564251982,46.55215080543412,34.45018670124176,0.009297120571136474,0.85
4773,0.09295592517720772,38.332504193989536,17.345683859170155,0.008920156955718994,0.6
4774,0.5248237871457649,39.213436448797594,31.05178602698467,0.008994686603546142,0.85
4775,0.24552347602444788,34.022877736011026,33.61613580121057,0.009458112716674804,0.7
4776,0.47333503867727833,42.86857448735424,46.240093369321954,0.008921647071838379,0.85
4777,0.5023280786919292,39.71729708130232,38.03939432558611,0.009121084213256836,0.85
4778,0.07860633477498499,36.52395334304057,24.526899106023336,0.009779846668243409,0.6
4779,0.5208421546023436,44.99453322420062,43.611011245583505,0.009214699268341064,0.85
4780,0.38102491092241164,30.053766651517236,26.015955849106568,0.008986139297485351,0.75
4781,0.4993060784190595,23.332179627012557,18.972321999960307,0.0090462327003479,0.8
4782,0.3578303944898532,39.663979768952586,44.351154531246245,0.009322929382324218,0.75
4783,0.304217035900311,25.034416180229844,27.633954247121142,0.009591984748840331,0.7
4784,0.32105246786513,25.19453618397117,20.169885885830926,0.009089469909667969,0.7
4785,0.24739371064442017,37.97732656548176,40.62560459043437,0.009294688701629639,0.7
4786,0.11849851806989013,47.64260946051048,41.39849853688796,0.008755838871002198,0.65
4787,0.4716047608915269,27.562058008311585,23.701654295862355,0.009915804862976075,0.8
4788,0.42785799595265905,37.74463934359228,30.451762787014655,0.008819186687469482,0.8
4789,0.37569082963102546,33.10554736927267,25.39452452902026,0.009581553936004638,0.75
4790,0.6506423787339564,28.199408931393986,29.306999002653654,0.009352684020996094,0.9
4791,0.49630020867681673,32.33293718272326,22.943972052263412,0.009556424617767335,0.8
4792,0.37763321915309034,26.551716106499462,16.222511865919426,0.008980917930603027,0.75
4793,0.4860826711688301,37.84692937368907,41.30801204183652,0.008790338039398193,0.85
4794,0.677615455674777,37.76043355449055,38.15771065938306,0.00934981107711792,0.95
4795,0.26507749352821713,42.114348607662734,31.18680190594021,0.008909666538238525,0.7
4796,0.2816421138442735,31.83664537784648,28.272640749301157,0.009175074100494385,0.7
4797,0.07884137106077102,52.809019539706355,40.47237325889143,0.009173917770385741,0.6
4798,0.29140790707164127,36.09605022915182,28.563661646984013,0.009630870819091798,0.75
4799,0.443956358105288,33.8675978724238,31.482945029558913,0.009314131736755372,0.8
4800,0.43860094380044,29.42517642588631,25.99002729051815,0.00897965431213379,0.8
4801,0.4647490858702711,29.064867945766697,30.667248977505373,0.008608484268188476,0.8
4802,0.31992133043115295,29.120513591365103,19.752571232943875,0.009120595455169678,0.7
4803,0.702999039170376,32.89090762661843,33.9085614288843,0.009427523612976075,0.95
4804,0.37338092125418165,28.4997848878066,31.853306030366166,0.00923699140548706,0.75
4805,0.3001188781158487,33.01489932870311,25.971095595410166,0.009440135955810548,0.7
4806,0.1608927384649234,41.9776355806258,40.85516035952878,0.00967048406600952,0.65
4807,0.03968573375725202,32.10125286150688,16.616452280691817,0.008971357345581054,0.55
4808,0.17752259011581084,49.27531411227783,35.47085392150502,0.008819842338562011,0.65
4809,0.47413784793271263,26.584590942554136,17.168812803627514,0.008901858329772949,0.8
4810,0.21900077707655594,42.25448364826492,52.27846215728361,0.008811140060424804,0.7
4811,0.1709477115174955,33.11299147338541,26.844841281260763,0.009171974658966065,0.65
4812,0.2924835935792557,30.687054806867273,18.410830755639406,0.00908278226852417,0.7
4813,0.48508524106199813,49.231266080179935,43.786413671705255,0.009119653701782226,0.85
4814,0.11056674539009728,45.656160987392056,37.12630065057833,0.009168541431427002,0.65
4815,0.13640792971647886,42.838956190754296,31.69901341845652,0.009332728385925294,0.65
4816,0.20062796190551646,28.689525942972516,24.084682435949656,0.00906764268875122,0.65
4817,0.4036921338570723,24.1507194773853,18.226352742870123,0.008973205089569091,0.75
4818,0.2769889554246122,39.68342376824465,36.1637390250738,0.009163355827331543,0.7
4819,0.5987239815711487,16.517870081927935,16.61395155629323,0.009048891067504884,0.85
4820,0.29205914739439587,32.94779021514123,38.679344988314575,0.009094643592834472,0.7
4821,0.2865558943618326,32.268766193809505,38.56905181260481,0.009301137924194337,0.7
4822,0.2946005097318531,29.26190626804539,21.03634667555561,0.00959399938583374,0.7
4823,0.15467457510592786,34.159633805539514,20.176441179818667,0.009812080860137939,0.65
4824,0.4113877832929683,44.13235879846759,31.682423864270138,0.010030007362365723,0.8
4825,0.6237530381047931,32.75656433370963,34.059479834278655,0.010366261005401611,0.9
4826,0.06710299782413623,39.26776863398977,45.68344687211979,0.009989643096923828,0.6
4827,0.1934136861176061,29.250492328574772,34.064550594102535,0.00954965353012085,0.65
4828,0.2925491042857794,20.464948842030562,15.141533739288457,0.008979237079620362,0.7
4829,0.7034805782711119,28.89176824243571,24.174058125187244,0.009448480606079102,0.95
4830,0.39130704113056375,23.92172221644089,19.537742272005836,0.009601902961730958,0.75
4831,0.3720216446931611,28.06368947088484,31.670335963630592,0.00957019329071045,0.75
4832,0.40124583242270545,29.525755449353834,25.64798011423,0.00934380292892456,0.75
4833,0.4414729240002405,29.551557841747048,26.435051047121323,0.009618246555328369,0.8
4834,0.4568426714899957,23.456440018333815,24.66413973832917,0.01042236089706421,0.8
4835,0.48899719256826224,21.110488880392158,21.92362937732215,0.009567511081695557,0.8
4836,0.5622161327558833,19.44511685356821,19.432615623617327,0.009705328941345214,0.85
4837,0.47927577388936593,20.47479400479249,21.061376541980852,0.009538030624389649,0.8
4838,0.0498096896301534,20.472694714439395,21.4926879223902,0.009185051918029786,0.55
4839,0.46478420401555154,24.87967598481159,26.603036660448495,0.008919429779052735,0.8
4840,0.3371112732698874,27.879333807734092,23.898474117620236,0.008890485763549805,0.7
4841,0.711117730428773,20.140371551624234,21.047782690603736,0.009440267086029052,0.9
4842,0.28353755594094066,33.796669033895164,24.516955816473857,0.009491443634033203,0.7
4843,0.2921968557691493,29.45131978742174,28.562524950205045,0.009456264972686767,0.7
4844,0.4586313836607049,25.516855102725355,21.341558771859006,0.009547853469848632,0.8
4845,0.4681528638689521,30.354598441846683,26.70023364047669,0.00955195426940918,0.8
4846,0.4039443926553319,35.748325455416605,40.02282153988106,0.00919950008392334,0.8
4847,0.35726954355629376,30.43316285960779,28.423849879060242,0.009083330631256104,0.75
4848,0.5523294918872358,29.661733275753484,32.163256574189866,0.00910276174545288,0.85
4849,0.22771728727977783,27.725007954986904,25.02162811360204,0.009519577026367188,0.65
4850,0.5960890119601879,30.969620521273402,32.49530245024099,0.009611558914184571,0.9
4851,0.4135986244113982,41.25488594281517,38.723398003665224,0.009507405757904052,0.8
4852,0.5274699447601578,34.33747021645514,37.31887048594251,0.009346461296081543,0.85
4853,0.3348488372084121,38.55333723161903,37.412897801279506,0.00932760238647461,0.75
4854,0.5402101128729198,30.553523015040906,27.07333153821325,0.009577298164367675,0.85
4855,0.3159778884445523,22.30320645839218,22.257413431872916,0.009648656845092774,0.7
4856,0.35521314685345023,31.719720866054473,21.56014089474405,0.010042405128479004,0.75
4857,0.48135826964891415,32.83490681786101,29.245110558660386,0.010015523433685303,0.8
4858,0.3483977072909052,28.99583442662353,24.50601264303464,0.009313786029815673,0.75
4859,-0.04387816357984559,29.238795218195293,28.819309736899346,0.00926368236541748,0.5
4860,0.44422742877517507,35.26907920225965,33.47185835606407,0.008788609504699707,0.8
4861,0.2877258319409501,31.983059078869342,24.32352623882155,0.008870792388916016,0.7
4862,0.6182024082011849,30.356386848664794,25.035728597954048,0.009193503856658935,0.9
4863,0.18124074827617234,32.454806838282174,32.18769149959154,0.009107375144958496,0.65
4864,0.2889506440989928,37.62737914070637,24.750029291264884,0.00929586887359619,0.7
4865,0.41310538011157244,43.55206988427451,31.860918238881773,0.009224247932434083,0.8
4866,0.31765531853348505,45.04678211378337,33.90337665627177,0.008888137340545655,0.75
4867,0.614057414836924,28.44669640276671,24.048605266379784,0.009729325771331787,0.9
4868,0.6446386275264379,28.721376861634155,24.677599326680305,0.009857964515686036,0.9
4869,0.3701001427840924,28.616729164785266,31.4327001281102,0.009462153911590577,0.75
4870,0.3681781438019941,33.141408174835114,31.73689576942742,0.009788429737091065,0.75
4871,0.24147647313776152,23.19481081752091,19.020547170411074,0.010427522659301757,0.65
4872,0.30343988714090936,34.81250247631628,28.862430462162802,0.010140347480773925,0.7
4873,0.665291406161574,20.75255018403299,21.261446779865498,0.010389506816864014,0.9
4874,0.5617546156890547,29.16944443645797,25.29321119812476,0.010086286067962646,0.85
4875,0.26405313634945465,18.604039671708968,18.263119079381912,0.009911060333251953,0.65
4876,0.37370962755073284,36.028043322484784,28.78925576406992,0.009463369846343994,0.75
4877,0.32717548996686097,40.089984701717796,20.2843967851127,0.010167288780212402,0.75
4878,0.24719666895875547,37.0980383680718,30.72892437426983,0.009684920310974121,0.7
4879,0.6662633738365304,24.549121573661647,18.715208926169993,0.009292149543762207,0.9
4880,0.5251266809346624,23.880067487734475,20.161430541663112,0.00864952802658081,0.8
4881,0.6468091305691575,28.967323767600334,24.31892269725201,0.008768510818481446,0.9
4882,0.22267657702487248,31.962295839256917,24.30406145032452,0.009317803382873534,0.65
4883,0.23991846411212844,23.028573178415424,19.11853942179506,0.009503841400146484,0.65
4884,0.5567833668923579,24.783628957382025,25.806387366719804,0.008967840671539306,0.85
4885,0.5123144091842311,20.64667701392974,20.85050778098892,0.009080743789672852,0.8
4886,0.6736021294870513,22.46823837929864,17.616613705152062,0.009231972694396972,0.9
4887,0.2857092968167964,36.0195937473209,23.515381392255456,0.009823310375213622,0.7
4888,0.11420306491888517,24.68029261741556,19.842956093431983,0.009889662265777588,0.6
4889,0.3769519041064668,35.10138358481771,28.561991260951853,0.009444630146026612,0.75
4890,0.36167208020609953,34.45734626737142,18.014121451508057,0.00947868824005127,0.75
4891,0.2011500057178778,29.463523451629158,26.897744901654676,0.009202325344085693,0.65
4892,0.4010538575116428,28.188878586563135,26.301785430588062,0.00890510082244873,0.75
4893,0.27467302908631686,34.44678432292405,35.08360021911804,0.009560704231262207,0.7
4894,0.5468416321374994,34.248775176495975,26.023862667992585,0.009264934062957763,0.85
4895,0.5332668159702485,36.82655289621002,23.112362116085613,0.009718191623687745,0.85
4896,0.5545594712315136,21.544517835454993,21.582276716031338,0.010373544692993165,0.85
4897,0.23872851793726238,27.15776496867644,16.8998148580527,0.009674572944641113,0.65
4898,0.625292898232832,28.529007166376044,29.026766092341195,0.009180188179016113,0.9
4899,0.48802323718486784,35.494156997368734,31.653831652815782,0.008883750438690186,0.8
4900,0.44541403780996075,29.877257846096388,26.656107346677956,0.00945587158203125,0.8
4901,0.4933883280301982,24.15832661868152,19.839992554456153,0.009804856777191163,0.8
4902,0.11441292661888944,50.47264610621586,43.14221487718101,0.009539103507995606,0.65
4903,0.27412286881576725,44.541341471507245,27.076487497454973,0.008932757377624511,0.7
4904,0.11055037239274106,36.40504880352604,30.995561669188557,0.008897531032562255,0.6
4905,0.014795023170877691,54.29704248431358,45.12939551466699,0.009378015995025635,0.6
4906,0.22418859363187987,23.801451198015663,20.609148079403653,0.00960773229598999,0.65
4907,0.6786307237019035,39.22074206490851,40.55556583941049,0.00937960147857666,0.95
4908,0.511085441449465,34.029744591072266,37.44240596949013,0.00896456241607666,0.85
4909,0.3638818716293977,32.99562711634611,18.65661436911889,0.009127485752105712,0.75
4910,0.4181332779956569,42.63241486133679,37.00350293014198,0.009028923511505128,0.8
4911,0.14000921045138942,48.11320491639695,25.80568748413614,0.008971714973449707,0.65
4912,0.6472425699547425,24.389583132756947,24.80245412810676,0.009565460681915283,0.9
4913,0.3992460148449803,27.518469112671852,17.117932355732236,0.009067916870117187,0.75
4914,0.44910811609898704,36.668501072242684,26.897718332647585,0.009428369998931884,0.8
4915,0.5682124080283153,23.71761088295905,23.898473392577813,0.009366583824157716,0.85
4916,0.3818325911597737,28.378898742890453,25.873682899509536,0.010114717483520507,0.75
4917,0.2745845116406188,33.409420429918924,20.3704858459412,0.009617412090301513,0.7
4918,0.33822891278200107,34.09184945633025,32.61899213875461,0.009675240516662598,0.75
4919,0.5427977083041025,31.984294100938286,28.666965729526865,0.010195064544677734,0.85
4920,0.6524340349146902,21.938740740595758,22.237850611582047,0.01025468111038208,0.9
4921,0.404399885187844,28.65133579239595,18.24787658478026,0.00902477502822876,0.75
4922,0.24577641538414685,36.6736965575915,27.928082333883204,0.010254406929016113,0.7
4923,0.4913638643772041,26.556006452550882,27.106560066137956,0.010333335399627686,0.8
4924,0.23693998122622362,39.01047000880296,34.17014141945494,0.010169827938079834,0.7
4925,0.3897317338599393,23.791788398270093,23.66703115395211,0.011103951930999756,0.75
4926,0.5479409631221795,35.18647229544982,32.87261941954694,0.010196518898010255,0.85
4927,0.5428657844261789,31.90707480236374,28.71919147340146,0.009624171257019042,0.85
4928,0.36986000125217705,33.9578408290363,32.183897260195515,0.009666228294372558,0.75
4929,0.2583253939185395,37.07226795966267,24.80131377656094,0.01002969741821289,0.7
4930,0.7547543536103298,27.35099707226467,22.732671183162925,0.009722888469696045,0.95
4931,0.47760964014035895,27.481634842738845,24.00867642087343,0.009486520290374756,0.8
4932,0.5696739634849367,19.374343290170508,19.7314791731661,0.009153461456298828,0.85
4933,0.4953876410423376,18.660196075273014,18.186126865298654,0.009246146678924561,0.8
4934,0.4336602393863174,29.403476791721385,32.18737738753469,0.009070646762847901,0.8
4935,0.07600508220260281,39.40066665100258,36.94556036700984,0.009053730964660644,0.6
4936,0.13478943278098843,33.06532795851136,26.233797408294084,0.009117770195007324,0.6
4937,0.640250159990704,31.050746060906455,27.081024142836608,0.00913987159729004,0.9
4938,0.33009041941158973,47.585119948193004,29.403984976580485,0.0095855712890625,0.75
4939,0.24470412040816342,39.15831293173952,32.53151099990517,0.009127569198608399,0.7
4940,0.5142900532182331,42.89326463290847,35.73169578522281,0.009866952896118164,0.85
4941,0.2727015376749852,41.0652361111679,28.228599176256086,0.009260892868041992,0.7
4942,0.28554658092447993,37.524481860718325,32.29093314484641,0.009879672527313232,0.7
4943,0.592735393122078,31.464861733060957,33.17451965081899,0.009602606296539307,0.9
4944,0.4575096427921982,28.90738555103125,32.191635289423296,0.00922408103942871,0.8
4945,0.42066938298493783,37.3647884734434,30.764737646661843,0.009201335906982421,0.8
4946,0.606299102433645,39.561831670933366,36.5402852270229,0.00910201072692871,0.9
4947,0.526136221555214,50.01058006789955,43.10871662718522,0.009122705459594727,0.9
4948,0.34193171170862224,33.07141744185378,24.984732806579807,0.00878598690032959,0.75
4949,0.2670745222170495,38.328902641835676,27.117889700622047,0.009168696403503419,0.7
4950,0.3293485301615135,39.29063200842622,38.841929878803406,0.009180879592895508,0.75
4951,0.4276001462700907,37.50294030190444,42.52848376540774,0.009094822406768798,0.8
4952,0.2990381945774863,42.86384419579922,32.123740223797725,0.00896984338760376,0.75
4953,0.30198558951516913,32.357656922186905,18.23125195954843,0.008793306350708009,0.7
4954,0.4681764527326634,27.608127412895925,23.285217158919473,0.008969569206237793,0.8
4955,0.5390640078985566,36.78058659372389,28.886931219457377,0.008894753456115723,0.85
4956,0.6242852643156518,31.782996195205538,33.37704921822362,0.00917515754699707,0.9
4957,0.20057678469001794,37.1676715163403,24.114918664525344,0.008859634399414062,0.65
4958,0.6147534170005748,21.58901135683563,22.260099728403706,0.009014725685119629,0.85
4959,0.23910457799761436,43.06005778567251,26.300418139828626,0.009618008136749267,0.7
4960,0.39577162211961336,27.926387947192914,24.196236029830647,0.00997474193572998,0.75
4961,0.3240975500789765,27.39286453768583,17.848450086720906,0.009604179859161377,0.7
4962,0.27964647351371885,37.05798913693498,24.00401757802053,0.009398674964904786,0.7
4963,0.5367827992469911,32.3537042802401,29.46137434305149,0.00924609899520874,0.85
4964,0.29173194119462553,33.92191747744154,33.91939798581067,0.0093680739402771,0.7
4965,0.6490833092754533,24.0462616001824,24.562532902858077,0.008991682529449463,0.9
4966,0.5685025140601632,23.05544638701392,23.694931996504934,0.009447300434112548,0.85
4967,0.4168013183079082,37.712719830428185,31.294715706297566,0.009899842739105224,0.8
4968,0.6728741589068941,34.420813472211826,35.003751369919144,0.010425806045532227,0.95
4969,0.4673835743200231,27.286447195772023,30.29521467457242,0.009867215156555175,0.8
4970,0.5009832094611113,23.68562545579551,25.83501012367185,0.00973869562149048,0.8
4971,0.5227237128913209,33.54868002548639,25.03776807605221,0.009366822242736817,0.85
4972,0.5353608388931913,30.91890146317416,27.06665682090673,0.01010352373123169,0.85
4973,0.28474311041245415,32.044842223945004,29.009698989718363,0.009084689617156982,0.7
4974,0.3722691115065029,30.64552574728384,21.34285071576027,0.009714460372924805,0.75
4975,0.001827022527490052,40.283031141877125,39.33803886741374,0.009921109676361084,0.55
4976,0.15063429090520972,45.55602139336215,37.85085967763637,0.009427976608276368,0.65
4977,0.39173298955478175,23.564800439380203,19.46128125314502,0.009317576885223389,0.75
4978,0.46786049376853633,36.38657943501692,22.418133811994505,0.009245216846466064,0.8
4979,0.47426661125807473,31.52546718041408,27.83359134278148,0.009553897380828857,0.8
4980,0.5559229825125211,23.074753220639906,23.863424837532342,0.00933002233505249,0.85
4981,0.3850621438654579,32.5376616378059,24.40414214914274,0.009277820587158203,0.75
4982,0.1887942006418506,35.324040355908195,28.426940895649746,0.009682965278625489,0.65
4983,0.2869738935080316,29.415284379127637,19.792378162257016,0.009248864650726319,0.7
4984,-0.13778864409124442,59.524946325575414,48.663683372267165,0.00885075330734253,0.5
4985,0.17791348317839767,36.95860332359504,25.566211303203964,0.00916428565979004,0.65
4986,0.5540392964767908,28.796547355605362,30.79160320140735,0.00942373275756836,0.85
4987,0.47745712320363465,28.85220258412461,19.594743078112256,0.009277904033660888,0.8
4988,0.0939967124794179,34.47602555932314,29.828807298176628,0.008992242813110351,0.6
4989,0.5623677504651681,28.77130813397622,25.50477303586075,0.00945500135421753,0.85
4990,0.5109017837844675,39.99566623293486,32.4105611496749,0.009541916847229003,0.85
4991,0.17464535975738374,38.11177243676492,41.5389133090018,0.009744930267333984,0.65
4992,0.7065339660192153,32.581073690418336,32.57995957238918,0.009486567974090577,0.95
4993,0.4333679295231401,37.90529209342463,30.883674122099453,0.010495638847351075,0.8
4994,0.3063889629169423,42.91197211800109,44.57685358994163,0.009754538536071777,0.75
4995,0.6078707577147637,28.616337373778116,24.936514463524645,0.009521925449371338,0.9
4996,0.37838643769615615,26.632503720346143,17.074629947864157,0.010148024559020996,0.75
4997,0.6072794501811999,38.40492364408742,33.82001721853496,0.009950411319732667,0.9
4998,0.7685367626894982,17.144970035343107,16.842208735302588,0.009851932525634766,0.95
4999,0.6461344894886875,22.08469240252411,17.285540200549143,0.010029268264770509,0.9
5000,0.20406306672639704,32.69957558572186,34.33044574458402,0.009586167335510255,0.65
5001,0.44475939337023435,32.59971044030282,24.600303367758467,0.009968292713165284,0.8
5002,0.45547319034405664,30.564937576685725,27.67402886543382,0.009649074077606202,0.8
5003,0.378754683351326,31.969573177577615,17.107358203104198,0.009997308254241943,0.75
5004,0.6339298493379979,33.64702979511002,29.901298169757304,0.00976496934890747,0.9
5005,0.3443686660533889,37.747975791337424,31.337373979049744,0.009764862060546876,0.75
5006,0.5202488303959194,34.22701686103099,37.42700610390631,0.00997689962387085,0.85
5007,0.34850970732439096,33.774739933018274,38.91797588678568,0.01066892147064209,0.75
5008,0.3669838380344733,31.864181583364875,24.786966796915014,0.01018911600112915,0.75
5009,0.6480037987028582,27.229617653890386,23.058249001401194,0.010332489013671875,0.9
5010,0.6583017856356874,27.398924030329038,22.647496987149108,0.01026012897491455,0.9
5011,0.6442050060141238,28.161098068277077,23.56700860748328,0.00987626314163208,0.9
5012,0.47855721755218683,30.200644964116464,20.75471391602897,0.009712135791778565,0.8
5013,0.3442271646860773,41.6555369699677,36.74634842359717,0.009306693077087402,0.75
5014,-0.04191876850203522,26.15606998864783,15.514478210845619,0.009038996696472169,0.5
5015,0.21324849048161837,28.37782771677708,33.46798765732595,0.009220373630523682,0.65
5016,0.43744674719180504,20.018684138409494,20.665436899885194,0.009709930419921875,0.75
5017,0.41296871810820335,35.91383063656086,27.00100774420075,0.010000693798065185,0.8
5018,0.5173392028123389,30.206468858895143,32.81770211689709,0.009904801845550537,0.85
5019,0.6224717297047845,34.906292314819105,31.722051768114365,0.009866619110107422,0.9
5020,0.33997950188673975,34.66419291327521,26.214719898751415,0.009627628326416015,0.75
5021,0.06604647305965453,41.37737658718801,48.42086451895896,0.00921492576599121,0.6
5022,0.3995971128128368,24.092536547724244,19.646091110286942,0.009125173091888428,0.75
5023,0.36313906640418275,29.38883181218702,25.6719649608818,0.008971476554870605,0.75
5024,0.2543979139454748,35.01915277097516,27.486538677519686,0.00981297492980957,0.7
5025,0.5972785569752419,24.143784033152997,19.499468817232763,0.009486126899719238,0.85
5026,0.24696051218632667,42.15045342421996,29.457148931314823,0.00885007381439209,0.7
5027,0.335494593327055,32.77589111526349,31.285221314858294,0.00892573595046997,0.75
5028,0.63373399527935,22.81565820708235,17.446997663188995,0.009070312976837159,0.9
5029,0.6369700812529944,32.29471720762133,34.074361007256506,0.008935368061065674,0.9
5030,0.44451918087984454,29.281723680059123,26.341518657115884,0.008809554576873779,0.8
5031,0.5431735402358477,26.33459610814715,22.429168663692995,0.009111905097961425,0.85
5032,0.3715450440294978,29.091898595164366,25.04135314483186,0.008988392353057862,0.75
5033,0.4753719022123173,31.0780664064796,20.49216460230723,0.009155499935150146,0.8
5034,0.4542589032544694,31.320560382963873,28.893956978930014,0.009194445610046387,0.8
5035,0.2888147793915646,32.771118931538524,32.06972034434219,0.009370386600494385,0.7
5036,0.4544654329049318,35.33644925833043,27.678471615762593,0.009177172183990478,0.8
5037,0.5560005583667836,35.9126708716772,27.36138677706656,0.008989381790161132,0.85
5038,0.3596994913426341,39.5813583426487,34.508224368727575,0.009282302856445313,0.75
5039,0.013276177905921028,35.191938129899725,31.13839342153658,0.009444928169250489,0.55
5040,0.10387297809659746,29.342309576404965,28.960021030797474,0.009228777885437012,0.6
5041,0.4064006874461926,40.3098061862605,34.03027357405889,0.009202563762664795,0.8
5042,0.45779311244481596,29.750716388337914,26.821038099469575,0.009009552001953126,0.8
5043,0.6155533504485837,31.719606910714255,27.83565015608743,0.008812510967254638,0.9
5044,0.4699682582197922,32.26137151783045,28.79905942849221,0.008949315547943116,0.8
5045,0.5569702143385116,36.43690215259984,28.27094720794462,0.009210145473480225,0.85
5046,0.756577134799143,26.504832705623546,22.126985564897844,0.009809696674346923,0.95
5047,0.5576305476686546,19.151365487589587,19.33170825700897,0.009536480903625489,0.85
5048,0.3977443710427035,38.689094921552986,37.167317439429,0.009342026710510255,0.8
5049,0.49926360315112595,39.33544227197188,37.55630802532428,0.009662055969238281,0.85
5050,0.5411820676710014,29.884665402530818,26.36712361694086,0.01024174690246582,0.85
5051,0.31968861906851387,28.765942157101705,18.130816035500494,0.009491539001464844,0.7
5052,0.4560006930311098,37.433146595463135,24.56441502714938,0.009902191162109376,0.8
5053,0.17305042662459696,43.233261112560236,35.57225603348147,0.010164237022399903,0.65
5054,0.3719396196984979,36.95231452347455,17.175905395831172,0.009849166870117188,0.75
5055,0.24769429365145018,34.579936295321986,26.206586527384246,0.009547078609466552,0.7
5056,0.09546393342798581,34.38072682960049,27.15584960369615,0.009732067584991455,0.6
5057,0.537563077359035,36.392870142655745,33.87141079824213,0.010177540779113769,0.85
5058,0.5866022845866683,21.755469332311357,22.28470232327536,0.01001131534576416,0.85
5059,0.5615072222779253,28.400764866707398,30.402738580190363,0.009497749805450439,0.85
5060,0.34186489389656133,24.510277357231416,20.191032971826644,0.009543204307556152,0.7
5061,0.6894067265000287,33.874037590733465,29.776828470624167,0.009789884090423584,0.95
5062,0.7561516836808855,26.413369476807134,26.868308130795548,0.009619104862213134,0.95
5063,0.5252199990268563,29.439488898807742,31.685764009194568,0.009669089317321777,0.85
5064,0.3841762236056011,34.63057844560573,26.422546825255594,0.009747481346130371,0.75
5065,0.446204874250392,39.3570292602763,26.36178170763802,0.009408819675445556,0.8
5066,0.5182208204977398,37.81965917170571,35.1719168020864,0.008971571922302246,0.85
5067,0.17878488470621726,39.24495622020224,28.716055112293756,0.009248220920562744,0.65
5068,0.468431516282603,33.6787274111853,30.42229238700743,0.009653782844543457,0.8
5069,0.3835752140085796,22.931661341843416,24.17566862042337,0.009325408935546875,0.75
5070,0.5823369552334141,28.02962554178946,18.78742474288677,0.009147346019744873,0.85
5071,0.4432398314942117,16.528400621659195,16.669061277262273,0.009226596355438233,0.75
5072,0.3109739624657463,25.88506473530585,21.06902739036965,0.009469985961914062,0.7
5073,0.34088909456478056,42.61813646086477,31.9853707446224,0.009655940532684325,0.75
5074,0.3926922463211557,24.070162334731016,25.30769495360388,0.009765970706939697,0.75
5075,0.3841411146596901,31.82281269475451,20.737499578036402,0.008950817584991454,0.75
5076,0.24289074113776246,18.964726444051742,18.984650514803455,0.009381461143493652,0.65
5077,0.14074866562273614,29.613860143644807,22.188207097245726,0.009471511840820313,0.6
5078,0.39107001428641863,25.088783803908328,21.003803691930457,0.009762132167816162,0.75
5079,0.6362464969964294,29.662415951309043,25.688924359727608,0.009089159965515136,0.9
5080,0.2760264977145664,35.0460541352689,28.752058492819437,0.009227705001831055,0.7
5081,0.48272420828651663,26.730431050102528,17.475512080050937,0.00920337438583374,0.8
5082,0.4993745542899708,43.799160683375845,35.89595358242124,0.009276127815246582,0.85
5083,0.46316729859641803,48.57099420734338,41.7458819697274,0.009784376621246338,0.85
5084,0.3449390992615233,39.81058626616127,33.59757162103536,0.00972902774810791,0.75
5085,0.24103355926047368,29.157396148880007,26.205032584207533,0.010182857513427734,0.7
5086,0.5244035911536542,31.7518341765993,34.52467983168908,0.010168957710266113,0.85
5087,0.3003000596813362,27.91683489556352,25.622042864765756,0.010510110855102539,0.7
5088,0.557107559504632,28.773730625578576,19.14566941734964,0.009559786319732666,0.85
5089,0.3247736368091466,37.3684547931412,25.357975210439058,0.009767067432403565,0.75
5090,0.2210359300498431,28.090896467724207,17.29036998417326,0.009946775436401368,0.65
5091,0.6048601522984229,23.566982414791955,24.00030439938829,0.009237170219421387,0.85
5092,0.47155303746356736,26.354044824017585,21.163479239001163,0.008794641494750977,0.8
5093,0.49244295691822926,22.486205097598777,17.987549445651467,0.008725392818450927,0.8
5094,0.6413667446803392,29.32366168780078,30.57853976188897,0.00887596607208252,0.9
5095,0.6646043919969682,27.081844037083066,28.35143464646316,0.009109592437744141,0.9
5096,0.26411115790119544,35.32812154793065,35.94985548486897,0.009237205982208252,0.7
5097,0.4899562665097405,23.00107491370084,18.55272550685776,0.009513330459594727,0.8
5098,0.4696414550955784,29.074288704663605,20.317053640674402,0.008860921859741211,0.8
5099,0.28310295041372335,35.229852974485226,35.866314314072866,0.00876789093017578,0.7
5100,0.4926244118838829,24.92184892619573,21.467640656266035,0.009753191471099853,0.8
5101,0.2864441346205516,35.094398774264434,22.182118491624014,0.009585201740264893,0.7
5102,0.3493241074616914,35.166362764723715,33.768961146392705,0.009607315063476562,0.75
5103,0.5404971945027952,31.907301131294822,33.5513846207363,0.009770452976226807,0.85
5104,0.22674867528572787,29.859553082013257,28.49998345215746,0.009734892845153808,0.65
5105,0.6619983755173349,33.864354498046836,24.265522069418708,0.009625911712646484,0.9
5106,0.4560530310272862,35.28161818706589,27.956964179750077,0.00944669246673584,0.8
5107,0.3965135575447708,43.693879637695254,44.42673200059852,0.009398770332336426,0.8
5108,0.48460638658871036,24.871332253534987,27.522195777570456,0.009132397174835206,0.8
5109,0.07572768457655303,46.58568124984639,33.46310314997732,0.00938793420791626,0.6
5110,0.38055077020071915,32.579206398071065,24.450644402117238,0.009816992282867431,0.75
5111,0.3059047323495697,29.435934751710967,27.434273357778554,0.010271811485290527,0.7
5112,0.36401972335842386,30.853272718712283,28.60433050565409,0.01032726764678955,0.75
5113,0.2033137543880143,50.27875748459813,35.373688855541964,0.009181356430053711,0.7
5114,0.06318825159490948,37.77068758017,35.0808365134808,0.009649956226348877,0.6
5115,0.08214519789177142,43.10582944633028,19.367978931703988,0.009346497058868409,0.6
5116,0.5044108859525022,33.37949633743982,36.0571590144198,0.00928950309753418,0.85
5117,0.019584410225124534,34.45856230535457,20.7780985625634,0.00880725383758545,0.55
5118,0.38180613786889134,24.00490890378009,20.14647769010855,0.008588480949401855,0.75
5119,0.2967365467896407,52.359437812392024,44.792421250774645,0.008484232425689697,0.75
5120,0.4876367351042977,42.5329653775227,35.92864811284557,0.00917489528656006,0.85
5121,0.2075119191355454,22.316618071745538,25.61663684483514,0.008880019187927246,0.65
5122,0.4999522607101343,37.93249600565514,30.687493602190525,0.008666658401489257,0.85
5123,0.5538189323876304,30.321250848201338,32.771484217440154,0.008933007717132568,0.85
5124,0.15975654965051342,44.27588165396763,35.583667746592084,0.008603048324584962,0.65
5125,0.23333065297044878,45.91267151891996,29.71459899399995,0.008777642250061035,0.7
5126,0.4433957909293012,33.48927515310018,25.663218520022795,0.009035181999206544,0.8
5127,0.40167843484627497,25.992246735417297,16.181611356777097,0.008866167068481446,0.75
5128,0.20004033611727925,29.590745234437907,27.779696967862773,0.009056830406188964,0.65
5129,0.3207031525452578,24.110039371427455,20.288868854793403,0.00926584005355835,0.7
5130,0.7321855986907754,24.511511607419642,23.394551249397736,0.009737992286682129,0.95
5131,0.6290837624619379,30.382984056584455,31.516285417797704,0.010299932956695557,0.9
5132,0.5231935470686955,28.064053498957726,29.88089100434873,0.009581840038299561,0.85
5133,0.453122453970891,26.67647940350537,21.455545153928206,0.00920490026473999,0.8
5134,0.14176059059537266,44.54549967083393,44.42793040299266,0.00953049659729004,0.65
5135,0.46363406229565324,30.465605677692402,20.248256609699673,0.009399104118347167,0.8
5136,0.5588117045406711,29.705947346498192,26.553738732192684,0.009367859363555909,0.85
5137,0.4028663193888777,39.45964857183874,31.001614159001814,0.009578192234039306,0.8
5138,0.3674540575046771,16.064266327211197,16.901202288026287,0.009934961795806885,0.7
5139,0.1864990553621715,32.45862612250703,25.704390780177718,0.009599363803863526,0.65
5140,0.37295816780913266,28.960649853479236,25.2730480428299,0.010026657581329345,0.75
5141,0.601861160212209,33.9257783737691,25.6147447687809,0.009137368202209473,0.9
5142,0.21624509612677825,49.65049950984658,33.03699977670573,0.009516072273254395,0.7
5143,0.7370104372046061,32.77158094631305,28.60327431801492,0.010096824169158936,0.95
5144,0.08655707000124203,43.89881255070047,28.650774908173986,0.010218441486358643,0.6
5145,0.17935323975099973,34.799867988911856,36.841029072417896,0.009951722621917725,0.65
5146,0.16263274789809296,43.17331287503232,42.24337705788352,0.010270130634307862,0.65
5147,0.4188993235811981,43.440773144655694,50.20309795722096,0.009590160846710206,0.8
5148,0.4118416372489196,23.4299835478408,19.066725829895127,0.009678530693054199,0.75
5149,0.36319305646340705,29.823315744799537,33.52995218355718,0.009571051597595215,0.75
5150,0.3104169795559814,23.30012055209456,25.892191991862678,0.00956186056137085,0.7
5151,0.19441594729900075,33.281690917541766,27.36014312879806,0.009712636470794678,0.65
5152,0.4623822732216998,33.37234594382595,24.83816678259659,0.008956623077392579,0.8
5153,0.5172154143775426,32.66244670276113,35.0453864000378,0.00910654067993164,0.85
5154,0.18080167054731558,30.50516484008441,29.78616119772577,0.009808647632598876,0.65
5155,0.19471464890263232,26.18058081117747,23.434080729853534,0.009407615661621094,0.65
5156,0.4610685988685793,29.06141765977162,31.303515052933584,0.010043466091156006,0.8
5157,0.32566520034804625,35.6302327984328,20.71445343979585,0.009652507305145264,0.75
5158,0.3399525845635324,33.08492887589129,25.485781646800824,0.009608602523803711,0.75
5159,0.5185846512117622,39.62085716604291,37.83736324757563,0.009816443920135498,0.85
5160,0.2606725862736147,39.060297790354696,26.423064286317885,0.009775161743164062,0.7
5161,0.5746008178019781,23.914049545770517,24.9666408974717,0.009680020809173583,0.85
5162,0.4682982722118904,25.261808338557074,19.093268352830957,0.010317182540893555,0.8
5163,0.5177389425703615,38.06107663297966,30.225220462191018,0.009660446643829345,0.85
5164,0.39162835873337054,28.844929164927066,26.468648089030065,0.009311366081237792,0.75
5165,0.470917971635897,30.519866954763557,21.06570460720264,0.009382045269012452,0.8
5166,0.3904022060994279,30.465962664588318,27.26842178699387,0.009935951232910157,0.75
5167,0.5622241991003032,23.74704795468378,19.181959900153814,0.009789979457855225,0.85
5168,0.6108181014844509,18.378762154481404,19.020453361301808,0.010070598125457764,0.85
5169,0.21625166567172444,34.62800609556321,22.44884385287329,0.009785735607147216,0.65
5170,0.5584741991839708,25.166620300577062,26.063223586717392,0.010294485092163085,0.85
5171,0.18287995086721043,38.728881531277544,41.60047053034294,0.010550582408905029,0.65
5172,0.4860345427685299,21.973270715422082,23.52105491711762,0.00977919101715088,0.8
5173,0.5379126904538469,32.60484660641709,29.404370311633752,0.010097968578338622,0.85
5174,0.18246552491387547,33.313633939390016,18.873153710255504,0.009620463848114014,0.65
5175,0.4804452539753393,24.895833261751278,20.597498460166804,0.009094250202178956,0.8
5176,0.3810220970504123,32.680517257107134,24.603086346655797,0.009079051017761231,0.75
5177,0.5501359060921636,27.66242194196779,23.728622510971938,0.008682000637054443,0.85
5178,0.1190051082253353,29.086864954817905,20.09713421720686,0.009350526332855224,0.6
5179,0.4777320828704945,23.34650242071155,25.530481728985684,0.009921574592590332,0.8
5180,0.2346075224018751,28.37913736035219,19.981487678043536,0.009632468223571777,0.65
5181,0.18150964466635663,36.778950070380475,39.12957173796994,0.009271490573883056,0.65
5182,0.30936616455653787,22.479523795422395,24.406524646101264,0.008947157859802246,0.7
5183,0.6244866486733607,30.25098023818841,31.583386551396163,0.008913826942443848,0.9
5184,0.7653878972259729,30.90431896955796,30.90431896955796,0.00932828187942505,1.0
5185,0.22536880313044919,24.71216892606919,21.31809419755774,0.009500992298126221,0.65
5186,0.515675524383769,29.04592356091577,24.90916472269298,0.009956490993499757,0.85
5187,0.6520913436147198,28.757201825716457,29.85631802183686,0.009401381015777588,0.9
5188,0.4655629888147971,25.19897877920225,27.29782107010076,0.009933066368103028,0.8
5189,0.24145412294727767,39.203262883428664,33.403688365339946,0.00995253324508667,0.7
5190,0.5411740230937612,32.13509808376422,28.578475182389838,0.009427618980407716,0.85
5191,-0.02749256422525407,38.663490150407,37.5991411825586,0.009677016735076904,0.55
5192,0.1726425527602014,31.828079001747973,39.724699344715496,0.009333670139312744,0.65
5193,0.4850719295922702,27.672478460835045,23.277225455991637,0.009992992877960205,0.8
5194,0.389628829493988,28.095653604724646,24.949241355885476,0.009802114963531495,0.75
5195,0.563888953104182,32.603502701570704,23.538426816866114,0.009604990482330322,0.85
5196,0.4652865060984273,24.861241523781203,20.077448194972273,0.0093774676322937,0.8
5197,0.37669540902075294,25.59786969736905,27.855156226796257,0.009069204330444336,0.75
5198,0.6177610146701092,19.088546371373067,19.353227868888922,0.009130561351776123,0.85
5199,0.6137909916117629,34.28208112790869,30.861820514993813,0.009349679946899414,0.9
5200,0.5697596289028914,30.74030601433692,26.798312796156278,0.009264075756072998,0.85
5201,0.4348546638048143,37.40519386420099,23.89004337317769,0.009666705131530761,0.8
5202,0.5513871113635987,33.97867875841713,31.621630788458873,0.009548580646514893,0.85
5203,0.3241365870667464,19.84800957889357,21.216149234663863,0.009036219120025635,0.7
5204,0.6034117037918726,34.01435101124417,36.03121862339742,0.009434127807617187,0.9
5205,0.33727726433251154,44.358944159153495,26.741070810274575,0.009350860118865966,0.75
5206,0.5917189904988375,21.881707384149305,23.1898579626683,0.009194040298461914,0.85
5207,0.5528087251632205,32.64503682409516,35.526951830952186,0.008988106250762939,0.85
5208,0.32432762824590766,40.420704211827285,28.122289356714347,0.008967161178588867,0.75
5209,0.4782111713718499,29.475724645978623,27.34550119324504,0.009365546703338622,0.8
5210,0.41877339973386185,27.624271592883623,24.525852313774102,0.009733283519744873,0.75
5211,0.4096547152093999,43.072016246236295,37.12130720945672,0.00977761745452881,0.8
5212,0.19185889130207812,38.53261876020453,18.379962796300383,0.009196209907531738,0.65
5213,0.532539037177518,33.3916901186803,29.854960615321787,0.00974818468093872,0.85
5214,0.31315315205815564,40.36893876261165,39.38675082260592,0.008987021446228028,0.75
5215,0.39238568358205644,50.43460175365807,33.2490146251645,0.00911118984222412,0.8
5216,0.6861686228875388,33.40028798167773,34.49729213088701,0.009418368339538574,0.95
5217,0.36912051270766943,37.431454119613875,24.532863402507374,0.009267199039459228,0.75
5218,0.35662100975197963,38.41657749213997,33.16988425424631,0.009472966194152832,0.75
5219,0.568066772929708,41.335655230698926,39.11858012915762,0.009505915641784667,0.9
5220,0.4354119977411763,54.33961596346425,48.350558663665446,0.00899507999420166,0.85
5221,0.27317601991092955,43.53388659128284,41.817569440039904,0.009412658214569092,0.7
5222,0.30440330362954704,44.79426733957896,27.630097519999048,0.00927431583404541,0.75
5223,0.47293599176758994,29.106725651318403,19.21354076986246,0.00943533182144165,0.8
5224,0.2545170043068593,37.059584175914665,30.29857124488802,0.009174787998199463,0.7
5225,0.253863192422574,43.49650834320067,32.886228276067214,0.009854590892791748,0.7
5226,0.21078971630906979,33.26969616463544,26.37470742167489,0.009927284717559815,0.65
5227,0.12722274565661457,29.133284191702064,19.196959312095995,0.010786890983581543,0.6
5228,0.2497128082305277,37.53080349830714,32.52796675429094,0.0106439471244812,0.7
5229,0.35495213938546566,27.99054210638039,16.917982014277648,0.010399842262268066,0.75
5230,0.25834000619565306,25.573147972460678,15.47089283278467,0.01024644374847412,0.65
5231,0.8411885365093775,22.771506275017654,22.771506275017654,0.010261738300323486,1.0
5232,0.30891548272124847,48.40389829404255,44.56073499221406,0.010383522510528565,0.75
5233,0.15533472759109573,47.889404447507005,41.17835707260274,0.009960973262786865,0.65
5234,0.1939213319556104,39.76285615317422,20.786909567930245,0.009764754772186279,0.65
5235,0.4268326603268483,38.99334747116248,38.12439132974648,0.009632408618927002,0.8
5236,0.5973757851483096,39.308945847064386,30.565217586036447,0.01052839756011963,0.9
5237,0.3295529326421783,34.3355689953089,40.40655444153117,0.00985945463180542,0.75
5238,0.6256771654671283,35.128907426961696,32.02525714196426,0.009481143951416016,0.9
5239,0.18079929018353758,52.19094089782468,39.681704176942866,0.010071253776550293,0.7
5240,0.5473521805801865,33.18584537460917,36.20688449934137,0.010179233551025391,0.85
5241,0.3598958619365663,34.67260517203646,32.66254527147359,0.009498119354248047,0.75
5242,0.424689396584155,40.118631950467986,39.90252084247004,0.009091973304748535,0.8
5243,0.12079844416080636,34.148640735591016,21.4236064173389,0.009107661247253419,0.6
5244,0.30882511112919764,33.114333722689565,26.423837152927497,0.008791005611419678,0.7
5245,0.3686405655803534,28.248405288309307,23.330143153761178,0.009684741497039795,0.75
5246,0.2956509659692022,29.42225050070354,26.61233994016714,0.0095633864402771,0.7
5247,-0.05545821658758239,34.66697268844604,19.297366149431433,0.009191751480102539,0.5
5248,0.4942140744059104,43.48775170861623,36.76328628070235,0.008877384662628173,0.85
5249,0.38013215644968346,33.75673081081583,24.212061712988483,0.009512591361999511,0.75
5250,0.07066164748455396,34.26350000467446,38.17286984211989,0.009550786018371582,0.6
5251,0.5127657975933742,33.79030456847556,30.303035989414926,0.009373867511749267,0.85
5252,0.27650806145706447,25.64948893300239,28.57249083695339,0.010096371173858643,0.7
5253,0.6177648300717133,18.49421566402384,18.652227769862485,0.009117341041564942,0.85
5254,0.6299436115394819,33.89106519986791,30.257371220658683,0.00913536548614502,0.9
5255,0.3854708927755598,23.74498126790432,25.887493132631054,0.0091505765914917,0.75
5256,0.5925416833332295,21.19881847344901,20.467892421597238,0.009105873107910157,0.85
5257,0.46991976783685585,27.345919519288895,22.504177971470533,0.0091042160987854,0.8
5258,0.17835358643338237,35.121159774687705,29.25337470438228,0.0095953106880188,0.65
5259,0.4407629188626685,25.006917473653665,19.648170627194997,0.009500265121459961,0.8
5260,0.6080850173358127,22.19047926333427,23.09018433993996,0.009537446498870849,0.85
5261,0.49850641731649203,18.509236177088784,19.044453795539727,0.009818696975708007,0.8
5262,0.7620217614675938,18.73146880991178,18.81124998755238,0.009473049640655517,0.95
5263,0.35659407990307024,34.86122910125288,20.416030373543716,0.009546589851379395,0.75
5264,0.7841373116871575,29.10146797610207,29.10146797610207,0.009527075290679931,1.0
5265,0.3917933178680792,28.54445402593037,31.467385470907736,0.00980980396270752,0.75
5266,0.716171059125355,26.41839140630543,21.274815642937057,0.00992361307144165,0.95
5267,0.27485572838417177,31.674157927030144,31.228936806597204,0.01010425090789795,0.7
5268,0.2922648446024194,29.114695801097277,26.28738819266327,0.009236228466033936,0.7
5269,0.39669491278603497,28.054091887680805,17.75467301884031,0.009720468521118164,0.75
5270,0.5516285282909907,29.009724725993998,24.474760788606666,0.010000252723693847,0.85
5271,0.29869550974257847,30.195919791910985,21.565563181317277,0.01036757230758667,0.7
5272,0.4647653891275998,23.001762413020156,24.13063365967305,0.009955954551696778,0.8
5273,0.5013086250473684,24.456579478601945,19.547318259094272,0.009868884086608886,0.8
5274,0.5707261402805381,20.088560777665414,20.589655040968317,0.008992218971252441,0.85
5275,0.5726439542679433,37.996380343214646,29.829993174563477,0.009108030796051025,0.9
5276,0.3861509283097312,24.33189948936296,19.33517322921903,0.008733546733856202,0.75
5277,0.4611346413853507,28.88772351554008,31.520991098786617,0.009080290794372559,0.8
5278,0.2327491495262913,44.52800232685877,33.96497445356686,0.009228575229644775,0.7
5279,0.5330138267005052,36.68329899961807,28.730835278958523,0.009824752807617188,0.85
5280,0.5136328605158496,34.69507339212834,26.869802307996643,0.009353315830230713,0.85
5281,0.16030338756176735,43.53499672927941,27.222644124568998,0.008990168571472168,0.65
5282,0.13662613850949923,26.62792497729435,23.07755588909033,0.009327948093414307,0.6
5283,0.2658247141089877,33.1676587678937,31.80063912302949,0.009815526008605958,0.7
5284,0.36113866274024486,32.327069543401144,23.990728280579724,0.009323978424072265,0.75
5285,0.4523653801419264,36.475191830635644,29.03854473162034,0.009174156188964843,0.8
5286,0.38112042866532275,31.810908345874612,23.260573136031567,0.009550881385803223,0.75
5287,0.014015437379892165,35.16778260857276,39.64232147394213,0.009843134880065918,0.55
5288,0.3681010264718618,32.45298129664579,24.601533015008844,0.010713541507720947,0.75
5289,0.6191207447436057,33.706031326900074,35.69208155007106,0.010061955451965332,0.9
5290,0.3236574809588698,42.94788853988338,38.4036150750632,0.009683835506439208,0.75
5291,0.44947030426942175,25.59688492484211,26.92354954281454,0.009563946723937988,0.8
5292,0.38729446645786914,34.454018634100436,19.421824846553054,0.009537231922149659,0.75
5293,0.4050860450222384,34.142402622164994,26.204375922689334,0.009942293167114258,0.75
5294,0.5636435637763266,27.869449481619377,23.786385865531003,0.009632539749145509,0.85
5295,0.45123030791831076,33.610024990960866,31.665952095325345,0.009489262104034423,0.8
5296,0.13298796431399643,47.2202155472983,25.998431782618226,0.0093680739402771,0.65
5297,0.2733720114753806,37.59938779903412,25.035199617091784,0.009533429145812988,0.7
5298,0.32720816677057574,47.584417936826405,45.4774082716175,0.00958791971206665,0.75
5299,0.215513476883073,26.855968630325425,25.317527768123778,0.009290361404418945,0.65
5300,0.36163907908657583,38.78762058732534,43.66468084817746,0.00941915512084961,0.75
5301,0.7564149058581435,18.452588174595085,18.40570619506816,0.009893226623535156,0.95
5302,0.4615768117752313,28.265024463235967,30.340948749959303,0.009515333175659179,0.8
5303,0.6484201530100997,27.292202706426586,28.155743197875594,0.009926927089691163,0.9
5304,0.5348623252174638,27.438468113631632,29.69331036878246,0.010242855548858643,0.85
5305,0.44514142823460456,28.148822105629886,25.055455361058375,0.010161495208740235,0.8
5306,0.37406482926138607,34.15401681289496,19.597393019553955,0.01037367582321167,0.75
5307,0.3246587956695304,36.39941261647873,33.63328838712416,0.01033928394317627,0.75
5308,0.35410134185848274,55.871370237187115,51.68689642643965,0.009453153610229493,0.8
5309,0.3376524266570472,39.69153575401813,27.92550512574118,0.009846341609954835,0.75
5310,-0.005109200595501439,40.216649885527,27.389540344514593,0.010051918029785157,0.55
5311,0.3564761221389965,36.39581981021553,34.45341186432556,0.009589815139770507,0.75
5312,0.17922112554403352,31.882053041056974,21.923557208121228,0.009644222259521485,0.65
5313,0.4418986705001786,39.55574109757656,32.31473951572608,0.01047424077987671,0.8
5314,0.05336767133257851,41.16792018434323,39.401202899666984,0.009987056255340576,0.6
5315,0.4329894138242776,35.61791494784943,33.94352384349263,0.009820044040679932,0.8
5316,0.21628453119812,44.80454690212942,34.02792111052628,0.009377706050872802,0.7
5317,0.377759766543304,38.93414982043925,32.979159654374556,0.008893084526062012,0.75
5318,0.39031118554037336,27.091208475342235,16.948093764912194,0.008996284008026123,0.75
5319,0.37315498415517556,29.099476227440356,25.876351502609605,0.009358620643615723,0.75
5320,0.47185790611548617,19.213086237585742,19.892646658635414,0.010048377513885497,0.8
5321,0.4480366636995428,34.88286895931446,26.060440603480913,0.009511613845825195,0.8
5322,0.37830438177452247,34.370825486034654,21.67402802873015,0.009456467628479005,0.75
5323,0.21001028387118828,29.436955412387295,20.36947531856027,0.009587287902832031,0.65
5324,-0.061555818792214875,32.791027488544636,27.026906606923525,0.009102141857147217,0.5
5325,0.49145203101955437,39.08488065882936,37.499864296324525,0.009569120407104493,0.85
5326,0.4846318669815505,30.911918605143107,21.19818315851067,0.009374868869781495,0.8
5327,0.2484521138669625,40.07526851895485,27.59412858508805,0.01013418436050415,0.7
5328,0.23865972022080267,25.30776397514255,28.921267662173662,0.01011803150177002,0.65
5329,0.5261758556584144,25.33345648971636,26.528107601109422,0.010269999504089355,0.85
5330,0.30679169555324814,31.45885390468761,16.435297398109743,0.010024654865264892,0.7
5331,0.360566490355252,34.143698578619166,33.16506447472649,0.009837651252746582,0.75
5332,0.5642919705037583,22.680226881173525,18.452917172867284,0.009788155555725098,0.85
5333,0.49265232964383754,23.619916981412423,18.907945652184235,0.009405362606048583,0.8
5334,0.4228569131496652,30.278343413980487,27.123891412133744,0.009456515312194824,0.8
5335,0.26698511075748205,39.25087652688709,26.73892124208906,0.009849059581756591,0.7
5336,0.2041607098833725,39.467703219402765,26.522747994909782,0.010269522666931152,0.65
5337,0.3791868469074583,32.18262573768818,31.031366381328155,0.01053314208984375,0.75
5338,0.4217480557794315,40.59089785397187,38.35179212287839,0.01041804552078247,0.8
5339,0.36078727799597854,30.61069411583413,22.131158910544038,0.010412228107452393,0.75
5340,0.4832829938934028,27.70579557978811,24.847631668024796,0.010248184204101562,0.8
5341,0.2479503937866186,39.84922954820036,28.18504500777065,0.010316061973571777,0.7
5342,0.43578869512402046,34.02541129302035,25.78899150740523,0.009961175918579101,0.8
5343,0.6416334295725192,27.215203673850453,28.237971995643687,0.009628784656524659,0.9
5344,0.5055100889902484,27.40220144048242,18.061619228295946,0.010474276542663575,0.8
5345,0.25159402009237264,44.035775288688896,34.2132523007513,0.009657073020935058,0.7
5346,0.25469132058821053,23.59851592518286,19.53575660960093,0.010034298896789551,0.65
5347,0.27804042862711337,33.98097205963223,26.875903902640868,0.010111212730407715,0.7
5348,0.6083728933705407,37.966394398585564,29.982332399075524,0.01003044843673706,0.9
5349,0.1554060436876829,45.718837645137995,31.411097154620254,0.010809326171875,0.65
5350,0.4499920322822678,31.960359777907847,28.66680103442652,0.010429167747497558,0.8
5351,0.26553875807381644,38.48216907058647,26.095449664378304,0.0093841552734375,0.7
5352,0.3315723143540754,39.960781769992835,40.28144124689238,0.00930114984512329,0.75
5353,0.6050071989731529,16.726108498833167,17.058121238290635,0.009631812572479248,0.85
5354,0.4550765706679317,47.862316773177014,40.962365100035335,0.009796178340911866,0.85
5355,0.19556742597502735,34.7017765868901,26.664673667354347,0.009827733039855957,0.65
5356,0.1341471840149814,23.567807129741468,17.82971585543928,0.009051597118377686,0.6
5357,0.3119904680238831,25.646075691749637,20.975084768050383,0.009160983562469482,0.7
5358,0.3445197869618803,34.642463385914276,26.696587195684423,0.009892487525939941,0.75
5359,0.5190867169827091,41.57502912004926,34.080959607363006,0.009961950778961181,0.85
5360,0.29890913360277105,43.12410879373097,38.082960014466046,0.010269057750701905,0.75
5361,0.6209168842712371,25.056386751645604,25.519486670024026,0.010637056827545167,0.9
5362,0.13476597391771894,54.5886623683982,26.28541112251515,0.009460318088531493,0.65
5363,0.2720682697041397,45.89154988605814,35.81591207057456,0.009089720249176026,0.7
5364,0.371343447997846,31.414709475672453,30.36819288208575,0.010083937644958496,0.75
5365,0.3414565116635052,58.911702137125666,55.956793926969354,0.009438621997833251,0.8
5366,-0.05936574028258042,45.47956017089219,49.380566971251504,0.009589684009552003,0.55
5367,0.4777561963015368,40.07267630025548,38.50153962833718,0.00949404239654541,0.85
5368,0.5074819009214026,39.228426731528714,26.15134446179268,0.009255790710449218,0.85
5369,0.21820355629344151,32.28904315202596,16.867503425080287,0.00941249132156372,0.65
5370,0.368250729267441,27.87374981666999,24.286879971474644,0.009096825122833252,0.75
5371,0.6184738798304108,33.35058074056239,35.17770677252863,0.00865093469619751,0.9
5372,0.28332580130899354,38.55854090288215,25.682123874265233,0.008773207664489746,0.7
5373,0.45207951339434055,31.91489317063476,23.285580775986983,0.00932995080947876,0.8
5374,0.7552805797640313,36.78509927059469,36.78509927059469,0.009318363666534425,1.0
5375,0.49840919012287027,44.1999703538233,36.33447347130941,0.009866714477539062,0.85
5376,0.32327362887619887,29.14075734836471,26.00576571220628,0.009467852115631104,0.7
5377,0.7502436996905251,20.193689542668587,20.322941427075904,0.008766961097717286,0.95
5378,0.2047565625579732,40.81093439346082,36.61693629576283,0.008491528034210206,0.65
5379,0.36515603582216954,33.62575805906974,30.802757900758838,0.008844363689422607,0.75
5380,0.08681394632685056,27.025088144913713,24.76845653487743,0.009052908420562744,0.55
5381,0.2047699499979465,23.966313750985826,24.573867938286526,0.00879586935043335,0.65
5382,0.5423772000093174,34.76562258883987,30.535287350775963,0.008831191062927245,0.85
5383,0.6393567460108021,25.466872073009803,18.986370545247382,0.00921006202697754,0.9
5384,0.34962125922527887,36.29364038840594,27.807045797241397,0.008854937553405762,0.75
5385,0.3916715263028947,27.007095585605725,20.98277743611133,0.009110748767852783,0.75
5386,0.528045342404043,29.554193397943227,19.327093979438413,0.009426021575927734,0.85
5387,0.4362028594154522,40.649984987979515,34.57591934135958,0.009396743774414063,0.8
5388,0.35404302258812226,33.03195779317066,25.23691386462453,0.009538054466247559,0.75
5389,0.32741796869465406,37.95112149970399,25.472381033209963,0.009446442127227783,0.75
5390,0.3308916131986217,25.20014062893364,21.95134673156247,0.009591937065124512,0.7
5391,0.4805230840754918,20.701278376541435,15.560962820661867,0.009429228305816651,0.8
5392,0.5911291117964935,34.07879140468441,25.82415487499092,0.009823751449584962,0.9
5393,0.48272183397518403,29.895695590367723,31.72827386709491,0.00985807180404663,0.8
5394,0.5726401806647907,29.986470830467844,26.30198846611399,0.009827280044555664,0.85
5395,0.6967840068161937,37.041742261211375,33.02986371453627,0.009675943851470947,0.95
5396,0.5279861406106339,39.88252880269542,37.21331521142119,0.010184717178344727,0.85
5397,0.46081666782404573,30.870564120063925,28.144961792592433,0.009888112545013428,0.8
5398,0.3947502205586329,34.2361725589708,26.309797253974974,0.009990346431732178,0.75
5399,0.6113520649955264,26.655962924095945,22.190860969205694,0.009310615062713624,0.9
5400,0.008924674680746947,38.055834743979545,26.781571446221673,0.009235823154449463,0.55
5401,0.26276958038292564,39.01937694507393,33.67506553052629,0.009147822856903076,0.7
5402,0.4360660281068288,35.06329478904617,32.054673229343685,0.008620238304138184,0.8
5403,0.374606247154578,33.06560023131236,26.40080135286496,0.01004420518875122,0.75
5404,0.3342792301819904,39.061329314954236,33.122200004790535,0.009648513793945313,0.75
5405,-0.010964732828993207,24.386910926979418,18.971654285728732,0.00935070514678955,0.5
5406,0.3306418508624411,38.80871912109891,26.899557979433723,0.009790802001953125,0.75
5407,0.5470103688735988,33.77043252363539,31.355394388568826,0.010361671447753906,0.85
5408,0.3553746715654759,34.54851658589193,40.42310949177993,0.010021054744720459,0.75
5409,0.700761944475171,33.07478830356059,33.87539348134603,0.009908199310302734,0.95
5410,0.17635363702133472,40.603614881788374,37.86569291572165,0.010348987579345704,0.65
5411,0.528461213051376,25.61039647463063,20.77719510342942,0.009852945804595947,0.8
5412,0.3503866874051532,34.24995919091559,39.654942514768415,0.009543991088867188,0.75
5413,0.42269723505552664,41.22197240237619,35.25772261689398,0.009275674819946289,0.8
5414,0.3120947957020276,24.161167163806276,18.608138956012052,0.009110176563262939,0.7
5415,0.5154599262694051,25.0243603297887,19.748228350566578,0.009072065353393555,0.8
5416,0.6267493243937224,28.011989262667804,29.19976747563897,0.008887779712677003,0.9
5417,0.2556243511879594,29.49537442257506,26.114031304206748,0.008761060237884522,0.7
5418,0.1933708115119496,35.49891641309841,28.946703503023286,0.009329283237457275,0.65
5419,0.4459730370259446,39.22972761920361,32.48079131593737,0.00882863998413086,0.8
5420,0.3654668266363575,28.65484687920677,25.83117613082687,0.00866018533706665,0.75
5421,0.31791050655854447,38.940016098586554,39.71213241268296,0.008925688266754151,0.75
5422,0.18989784597238196,34.47956790251522,28.62524054305531,0.00915219783782959,0.65
5423,0.4388388052159356,31.384567078347533,28.24274726586648,0.009595918655395507,0.8
5424,0.37893376111417826,40.64440484350979,33.76955338704157,0.009274590015411376,0.8
5425,0.23175085091788156,39.441530347223896,26.58291988194644,0.008971631526947021,0.7
5426,0.597715521066427,38.59740796378369,35.637590840429056,0.00939706563949585,0.9
5427,0.16143992417931782,63.054162449706496,60.71504806977943,0.009812843799591065,0.7
5428,0.08245933765205625,38.58307966600903,36.035470105274236,0.010532081127166748,0.6
5429,0.6810141901082405,17.67935126152488,18.184213634923555,0.010619640350341797,0.9
5430,0.6009499481300697,33.5066861109769,34.91761511508265,0.010159814357757568,0.9
5431,0.5316651745216068,30.21488123979558,21.271451440429093,0.009606146812438964,0.85
5432,0.1863053251223255,31.054128533427047,15.446943057786156,0.00957798957824707,0.65
5433,0.40664791861692134,38.508479492619465,31.985482763951083,0.009481680393218995,0.8
5434,0.4001314007104174,37.37382464412765,28.849412436051857,0.008919179439544678,0.8
5435,0.27393434261948607,33.18432776909432,20.252351821930024,0.009040522575378417,0.7
5436,0.3556923423170106,34.74637972359028,26.428886603093442,0.00865100622177124,0.75
5437,0.48760051535320886,26.9684762855335,17.246429214061642,0.00868239402770996,0.8
5438,0.25816560430837204,48.219317376566245,32.9640217831924,0.009011352062225341,0.7
5439,0.39671896916002236,21.80025004802109,16.622206141360373,0.009810721874237061,0.75
5440,0.450082864889521,32.910192106880295,24.970653409217675,0.009191811084747314,0.8
5441,0.43800584106876556,38.51977066588125,25.363497418279117,0.009030461311340332,0.8
5442,0.7103472169757507,33.67318789475043,29.41382112788151,0.009866750240325928,0.95
5443,0.2891600633261858,23.17368897685457,24.99341070116574,0.009266042709350586,0.7
5444,0.5489125228484057,34.894147586651144,30.979330082648644,0.00911698341369629,0.85
5445,0.3320706266486874,34.16208511679001,25.68743910787493,0.009685242176055908,0.75
5446,0.3805375600696413,47.43807848246797,36.68403961728902,0.00964500904083252,0.8
5447,0.06893162722722532,42.86712238781192,43.15188156143421,0.009353113174438477,0.6
5448,0.2602528592266365,37.63984715992146,31.792601730540667,0.009142589569091798,0.7
5449,0.4077876467326867,28.056088382989373,18.64500278099555,0.009391570091247558,0.75
5450,0.36457616878440013,38.77489661993128,26.24077081581515,0.009698426723480225,0.75
5451,0.644454414689006,29.279864662880545,25.145643451263638,0.009818804264068604,0.9
5452,0.3322808550147361,38.98005492209625,33.15734537698447,0.009372448921203614,0.75
5453,0.31833174876077774,23.366522455420043,19.155223238290088,0.009796404838562011,0.7
5454,0.523056054713166,33.44374811522402,24.55858780893189,0.009224641323089599,0.85
5455,0.6604759213399506,24.282975599350976,24.81572662566,0.009186172485351562,0.9
5456,0.23557739558356844,37.863176168204255,25.11479290349749,0.009071433544158935,0.7
5457,0.5780412361728879,22.759309625423928,18.605563338451674,0.009135079383850098,0.85
5458,0.43006170489141526,30.03160029084694,32.2080060765219,0.009374892711639405,0.8
5459,0.45089479983189956,28.446522755283905,19.185458446867663,0.009175324440002441,0.8
5460,0.38180703521764936,27.00876840065726,23.94666310686291,0.008949184417724609,0.75
5461,-0.01672107309698006,46.5621545519379,27.476679001723053,0.00887380838394165,0.55
5462,0.3247736447976142,39.47899422377126,38.90773622060112,0.009556424617767335,0.75
5463,0.23808803440484522,39.06965801391762,26.72498817957992,0.00961146354675293,0.7
5464,0.5557929625381877,28.834131351900318,31.32554604513357,0.009527647495269775,0.85
5465,0.38520369695569634,28.226632363179966,18.564298034934062,0.009097981452941894,0.75
5466,0.37490250173001327,28.27577122942119,18.30014572954921,0.00891638994216919,0.75
5467,0.6617355707985018,26.84717491578483,22.583837320551027,0.009034836292266845,0.9
5468,0.33139037688233464,39.6591952457757,27.46069323192232,0.00973602533340454,0.75
5469,0.26111435059031934,28.892350055357554,26.671547038689205,0.00969914197921753,0.7
5470,0.5128607389384006,34.725700121141344,38.04353988028561,0.009757685661315917,0.85
5471,0.7070894762602576,19.80105771522239,20.234276107439545,0.009492909908294678,0.9
5472,0.43238874417009676,32.89473441363042,30.650193278196276,0.00932004451751709,0.8
5473,0.3331577109065781,33.381022037209995,25.54360703617106,0.008974885940551758,0.75
5474,0.5103881099111073,24.586104037247285,25.372295564050248,0.009911549091339112,0.8
5475,0.6801635988648582,36.24074092343437,31.862264217184617,0.009712159633636475,0.95
5476,0.37352115919693657,27.363905931936387,22.586078913335964,0.00903247594833374,0.75
5477,0.6224840413207112,29.262601556340094,30.37276659941617,0.009476590156555175,0.9
5478,0.540080905583294,31.392607667466457,22.690492437541067,0.009444117546081543,0.85
5479,0.5267231250995311,33.223850518739525,29.705387026314256,0.009429681301116943,0.85
5480,0.26016684727030287,29.308173460914798,26.92075810635269,0.009632515907287597,0.7
5481,0.6372182853531754,27.512950907768364,28.778645235886756,0.00919945240020752,0.9
5482,0.7578270565978533,22.815511889119914,23.368756907278062,0.00936276912689209,0.95
5483,0.47403725708925404,28.167363595829737,24.389877203748185,0.009828424453735352,0.8
5484,0.4143626691854404,34.91122574226624,26.42279704287261,0.00943676233291626,0.8
5485,0.45873348521343543,34.03144985584767,32.28709781871821,0.009002184867858887,0.8
5486,0.11658570641580637,24.761318538037834,18.132515355754308,0.009472489356994629,0.6
5487,0.34328118353201015,35.11522650728866,34.74576421044642,0.009919393062591552,0.75
5488,0.47342404714405706,28.825037729680485,25.833043662516243,0.009782707691192627,0.8
5489,0.42128336424013674,36.58833780784101,29.228654847643515,0.009536480903625489,0.8
5490,0.33287332192354335,43.50455662338387,26.43660344195658,0.009516644477844238,0.75
5491,0.4700579395783716,29.577166071032174,20.141988495335553,0.009949922561645508,0.8
5492,0.3030807526653302,33.786502534194724,33.16064972885124,0.009542322158813477,0.7
5493,0.44434018108552104,18.181842438267765,18.305324070904916,0.009167122840881347,0.75
5494,0.5729449479117565,21.78018654296464,22.25560378246577,0.009549582004547119,0.85
5495,0.3417792871637904,24.04809140280931,27.745164813366564,0.009158587455749512,0.7
5496,0.27164606072910163,33.45034056023293,33.95242581345379,0.009094655513763428,0.7
5497,0.49072697951143207,19.283292576782518,20.394338210422497,0.009094476699829102,0.8
5498,0.6364150833388967,28.752329962699246,30.151364458563933,0.00921088457107544,0.9
5499,0.5676134785868969,24.027822596973518,18.88541844450306,0.009463346004486084,0.85
5500,0.7398744838799401,18.254292412523938,18.054220660542608,0.009248065948486327,0.95
5501,0.46511244636133553,23.87532970681468,25.198477190281583,0.009141659736633301,0.8
5502,0.3113675533771091,33.92838096978669,33.16748516103112,0.009788000583648681,0.7
5503,0.620231900703684,33.94110446749046,35.96347073403998,0.00866919755935669,0.9
5504,-0.1388987802414226,43.45696422428094,46.184862877728975,0.0087418794631958,0.5
5505,0.3834754130906072,35.19543397210893,26.40978304642869,0.009317386150360107,0.75
5506,0.07950242379729518,31.94804788625475,29.297126174931652,0.009024095535278321,0.6
5507,0.15562304916916034,43.963912573756986,42.983769621689774,0.009417378902435302,0.65
5508,0.29889685889287665,32.690118018167915,19.012213812502015,0.009923195838928223,0.7
5509,0.5162683356167068,30.621313669463643,32.721692275213826,0.009460055828094482,0.85
5510,0.4496021146824579,28.566829848572706,31.391080597078666,0.009307777881622315,0.8
5511,0.5688683929555898,26.801063962397713,26.97100772490877,0.011116099357604981,0.85
5512,0.19873004189746873,28.76565030501804,27.3474085434654,0.010189950466156006,0.65
5513,0.617104671337017,34.21238525115438,25.89815363114519,0.00973433256149292,0.9
5514,0.6535770632101874,27.830765146407252,29.15329525454684,0.009484732151031494,0.9
5515,0.45745073102693395,27.44127329356467,23.394097590681046,0.009457206726074219,0.8
5516,0.518190100172165,33.404823449463436,30.407351322384837,0.009244239330291748,0.85
5517,0.45162063657948986,29.40567107569417,24.740450762745247,0.010372543334960937,0.8
5518,0.42506628387771495,25.629927829494534,24.567908930990072,0.00996631383895874,0.75
5519,0.4509427820852676,32.45038184215992,30.062844063094566,0.00947883129119873,0.8
5520,0.1643175987022349,38.09628445195627,33.851468017993376,0.009310722351074219,0.65
5521,0.5786305212531859,22.525379338732513,23.315915005433432,0.008989715576171875,0.85
5522,0.26992852157096936,30.023433566214173,34.55998534214613,0.009415149688720703,0.7
5523,0.6272296423553055,29.871425342029028,30.292227140517216,0.009074175357818603,0.9
5524,0.37950175384480844,30.71633411396773,20.22767323317323,0.009257817268371582,0.75
5525,0.42772192333585835,41.26078671568605,26.98570097414864,0.00921555757522583,0.8
5526,0.16552538265399427,43.210556338257945,32.39601345073338,0.008937156200408936,0.65
5527,0.7258200614592304,25.60376520369104,20.919685607309408,0.00992051362991333,0.95
5528,0.5202154495501986,32.63788252693054,29.658490633108695,0.010056769847869873,0.85
5529,0.23967992252210174,47.82733906697831,38.826608589593114,0.009894847869873047,0.7
5530,0.3057467855563655,31.09978418747853,37.86915388706344,0.009400522708892823,0.7
5531,0.4594505677689134,43.454091149530896,35.90180682563863,0.009525573253631592,0.85
5532,0.46671518138486795,35.936453574666174,33.63189734628704,0.009577012062072754,0.8
5533,0.466700778489909,31.876024334492808,29.098129518013213,0.009625017642974854,0.8
5534,0.3359824337086274,40.16351037650052,27.318991571867986,0.009477567672729493,0.75
5535,0.22963218991226358,49.15043152427381,55.04511028959241,0.009886109828948974,0.7
5536,0.372451623707131,25.13036718479056,27.630707220678143,0.009131038188934326,0.75
5537,0.5117977575856336,40.21103944671188,43.72892442326361,0.009813237190246581,0.85
5538,0.429290821585527,41.669570770377454,41.426262277664584,0.009782421588897704,0.8
5539,0.03679389539541349,29.407453657506665,36.12139223270094,0.009821772575378418,0.55
5540,0.06477219997096388,35.204632416451474,37.945386712936816,0.008931207656860351,0.6
5541,0.6407323123673891,32.22947248094168,33.66243518493473,0.008831512928009034,0.9
5542,0.2791199673997011,39.11482586124767,27.01404774812897,0.009303057193756103,0.7
5543,0.4327936504265876,34.88855879822323,26.990552128997948,0.009023714065551757,0.8
5544,0.5365016914146824,33.4713278543163,36.32678379538359,0.009169948101043702,0.85
5545,0.21659461020908263,27.28879782829204,25.5377542311813,0.009121084213256836,0.65
5546,0.22508980232244954,27.817118109262356,25.50670036043971,0.00938631296157837,0.65
5547,0.12265841111435243,34.436435288900896,19.49416828106717,0.009378576278686523,0.6
5548,0.501169271777137,25.011018704862018,20.70091418952685,0.009620106220245362,0.8
5549,0.4635801033244379,34.00031916419204,31.888806237803806,0.009258627891540527,0.8
5550,0.38814332374471133,29.46278733191354,20.66082133496264,0.008964502811431884,0.75
5551,0.6782744117154598,25.41394410727046,21.23010824357264,0.009092509746551514,0.9
5552,0.7615645313347589,25.606049842397674,20.356655696338063,0.009239375591278076,0.95
5553,0.4405704803836306,33.68861821854195,31.95585894262652,0.008958542346954345,0.8
5554,0.4625993544811169,30.299677904298868,26.620692892070856,0.009308230876922608,0.8
5555,0.17483245700465722,44.315167995306204,28.777996874694814,0.009372329711914063,0.65
5556,0.6063789531710876,32.6332260761679,28.350836338100095,0.009232687950134277,0.9
5557,0.5896921434059714,22.687354518436074,17.948748353353025,0.010051190853118896,0.85
5558,0.43468543530913595,41.361831825456846,34.32154207386925,0.009778344631195068,0.8
5559,0.13980613115358853,49.879619196773746,44.865819033140234,0.009872567653656007,0.65
5560,0.6359540111572687,26.80631358586521,27.728602867189537,0.010021340847015382,0.9
5561,0.6652135022270523,29.120364937691146,30.546342751946966,0.009593319892883301,0.9
5562,0.3344048586830525,40.16770100238145,26.909844422277658,0.01025063991546631,0.75
5563,0.2664862229264263,28.441511529356813,33.57432844184898,0.010231828689575196,0.7
5564,0.4817722753602977,18.23809086800273,17.850029649178772,0.010540521144866944,0.8
5565,0.4862592210711075,21.720994000583396,23.222609584716174,0.01030716896057129,0.8
5566,0.21235781542257595,42.15702664896687,37.95988135632418,0.010030698776245118,0.7
5567,0.6277456006373906,33.16963565309472,29.507517136145022,0.010104668140411378,0.9
5568,0.29572950866137,29.440714898883396,33.83926367679679,0.009441804885864259,0.7
5569,0.6138753772392165,37.47025042535268,28.847212206964816,0.00933997631072998,0.9
5570,0.6498973805160129,26.103457129310424,21.592761941192585,0.009666526317596435,0.9
5571,0.10982441167986372,49.36650644959153,36.20133068953979,0.009343171119689941,0.65
5572,0.40909887029080716,45.0862776469845,32.023961953508106,0.009188175201416016,0.8
5573,0.4798993470757676,44.33283116437997,43.27118008786672,0.00929182767868042,0.85
5574,0.11050385821802725,48.75233673837016,42.55015747090661,0.009724998474121093,0.65
5575,0.352477576785143,32.14272923827597,17.569369828643712,0.009519588947296143,0.75
5576,0.2461743347043856,39.206382371049514,26.633005023051957,0.009472513198852539,0.7
5577,0.38068267328384203,33.68670597116456,33.248349969319996,0.009274041652679444,0.75
5578,0.29240363274028625,30.035465794790507,28.10767786510394,0.00918065309524536,0.7
5579,0.19876036439962247,32.83009103574578,25.162110191033754,0.009445106983184815,0.65
5580,0.38389727949843727,32.084438443270464,23.303731435592546,0.009811508655548095,0.75
5581,0.1921511054124215,35.765569391750084,30.334371309144974,0.009375107288360596,0.65
5582,0.44969092717130915,25.48854848764043,27.698057376559944,0.009610140323638916,0.8
5583,0.4833741912482942,51.34338598114191,40.379122425822516,0.009890329837799073,0.85
5584,0.044487192178217484,37.728303795999395,26.30278744121649,0.009854865074157716,0.6
5585,0.5324555564512655,27.11074025623214,27.39828448459657,0.010115516185760499,0.85
5586,0.22524131186827132,58.809665027321145,47.93845062947927,0.009518682956695557,0.7
5587,0.46667005444324544,44.122949139118056,32.56964700357014,0.009097874164581299,0.85
5588,0.2844124838632804,29.011078585396792,24.91424524798964,0.0093164324760437,0.7
5589,0.34766706691333743,35.17226740698247,27.686136908291168,0.009341919422149658,0.75
5590,0.1947880683564945,39.05156911936298,26.183763588920588,0.009958386421203613,0.65
5591,0.36320120259166033,28.793460988687634,25.051968346540306,0.009203410148620606,0.75
5592,0.41934329169331724,18.607978626137815,19.222251547918184,0.008980095386505127,0.75
5593,0.30108891935127263,28.684821748056237,26.804017703398614,0.009231913089752197,0.7
5594,0.37281550931095647,24.76855566608472,26.124085924223646,0.009234321117401124,0.75
5595,0.5552856389172628,28.909387424388292,19.394084293161725,0.009309780597686768,0.85
5596,0.3821148311018324,32.85550926469684,17.758200544064817,0.00911787748336792,0.75
5597,0.3471312818109695,35.50616874776624,34.81085760884607,0.008822715282440186,0.75
5598,0.8052519001270456,23.64391940854881,23.64391940854881,0.008647847175598144,1.0
5599,0.44956186056344444,31.979378326985767,22.59432549529626,0.009112823009490966,0.8
5600,0.43696602585871336,36.37139259235856,23.030994511768462,0.008792996406555176,0.8
5601,0.5330396174067558,31.429262929497163,27.6683283952091,0.008572494983673096,0.85
5602,0.37436515556415106,33.46875616038301,19.769189559153883,0.008896565437316895,0.75
5603,0.3229316062634841,48.136715701578574,33.07724218866989,0.008740389347076416,0.75
5604,0.4376522691143479,41.49562188842342,29.806308380722683,0.008875727653503418,0.8
5605,0.4294155033610199,41.86725226437816,38.392178717179185,0.009567713737487793,0.8
5606,0.057458962249058054,48.60943054225112,45.24559172900632,0.009370362758636475,0.6
5607,0.018472738000802257,36.27454088864765,24.55553140397816,0.010371541976928711,0.55
5608,0.42056692671916773,33.79792633262362,36.09354747366818,0.009369385242462159,0.8
5609,0.24847857518170077,41.57418261301089,42.902339009698046,0.00929790735244751,0.7
5610,0.6040380557124071,39.6240226432977,35.590551157904585,0.009710705280303955,0.9
5611,0.37971517834719143,33.9874187942899,32.98367571152767,0.009871387481689453,0.75
5612,0.1591227056472754,23.524390468134136,18.7265669287782,0.010386526584625244,0.6
5613,0.38130907030879546,31.528403867770045,23.502946470858255,0.009755456447601318,0.75
5614,0.4331581733631156,43.61916382010344,36.51500700363964,0.010169494152069091,0.8
5615,0.6958955400308392,34.621570798900265,35.485893070897546,0.009205508232116699,0.95
5616,0.4169459721340819,44.73647832844519,39.21947135928855,0.009207522869110108,0.8
5617,0.29306047192525453,50.34029339797276,46.19591247405913,0.009306132793426514,0.75
5618,0.47260403184350996,50.80340161811803,44.49433297178501,0.009112048149108886,0.85
5619,0.5249687726259636,32.953186366214325,35.50067518620962,0.009128069877624512,0.85
5620,0.5470571200580734,23.21276992022942,18.985742302605143,0.008909738063812256,0.85
5621,0.4280124978203787,39.34556206305584,43.96883166326833,0.00886540412902832,0.8
5622,0.4378312306335145,34.26786024209118,37.820923189962436,0.00963808298110962,0.8
5623,0.4683129185918637,31.700683875603307,29.666754632653934,0.010023319721221923,0.8
5624,0.14597536368954725,39.92058979395008,36.46338052082213,0.010168051719665528,0.65
5625,0.48761753757270787,26.871157780088282,22.241076602167613,0.009860861301422118,0.8
5626,0.33112209034520584,48.578912385860086,33.51055036496566,0.009864497184753417,0.75
5627,0.23928183118087185,44.327002016902206,42.68574644747707,0.010265791416168213,0.7
5628,0.22457272168516001,42.35352001753894,33.311080789782146,0.010187828540802002,0.7
5629,0.61997824258446,21.016400177812653,16.139208197254664,0.010390973091125489,0.85
5630,0.45745072857659846,27.868649021480287,18.249912989204635,0.009841275215148926,0.8
5631,0.5380238930968744,34.818008613994394,32.38546582201067,0.010292756557464599,0.85
5632,0.23763052456983552,22.264900073545693,16.781517065702438,0.00999091863632202,0.65
5633,0.5368834036661017,29.25590031109404,25.715334407145097,0.010191071033477783,0.85
5634,0.4098324257367271,42.98919142117448,42.47272234921986,0.009649884700775147,0.8
5635,0.43654063712693636,32.664604994574134,28.06654870032476,0.009991693496704101,0.8
5636,0.5723259666129038,37.16123299517527,33.500865953120964,0.009880423545837402,0.9
5637,0.420265505723601,34.22511985083226,38.039480065183426,0.009697890281677246,0.8
5638,0.4788704980379883,21.513726294623467,20.869522052930964,0.010328304767608643,0.8
5639,0.39540706897480854,22.84132326601637,18.19308181890299,0.009701168537139893,0.75
5640,0.2295630010206013,36.07421322529779,36.3548198765818,0.00973449945449829,0.7
5641,0.3569302566381156,34.05216654603081,40.694633915279724,0.009707009792327881,0.75
5642,0.37537963260567153,24.4869119685626,26.90068529026896,0.009450209140777589,0.75
5643,0.6131673229167469,21.88481214237322,20.564761392770492,0.009593760967254639,0.85
5644,0.6857602625718789,31.66376637992829,32.480508063350555,0.009895837306976319,0.95
5645,0.2581180516864626,24.79726983309541,17.276907834856083,0.009197795391082763,0.65
5646,0.6939257476114628,21.55524915106935,21.48568792169988,0.009116363525390626,0.95
5647,0.4712605565438707,23.256451826357825,23.38766315651953,0.009397351741790771,0.8
5648,0.27446093161162244,33.340339274511805,41.0945865724235,0.010035717487335205,0.7
5649,-0.06624514008124409,53.00513721741565,54.06419300147852,0.01094071865081787,0.55
5650,0.18649927816353307,37.334234044438226,32.06700150560718,0.010086727142333985,0.65
5651,0.7442162801882714,28.409060360016742,23.966915441472157,0.010017967224121094,0.95
5652,0.2852471326501953,29.641248180143585,19.792355682185054,0.009921872615814209,0.7
5653,0.41919338533432376,23.02904046144377,24.60293505460914,0.009035634994506835,0.75
5654,0.1502150575924292,22.64486693825945,17.481730746804736,0.00955713987350464,0.6
5655,0.43044305197042343,25.069713573238186,20.00542211040891,0.009660661220550537,0.75
5656,0.5174861618397278,24.861425450124443,27.326941592633112,0.009316074848175048,0.8
5657,0.5766569761020032,33.645811754800675,35.09512148124558,0.009348452091217041,0.9
5658,0.20937473480625152,42.79836144092907,25.291589807441685,0.009639120101928711,0.7
5659,0.3034229454638226,28.38858126182178,25.761683858863783,0.009906244277954102,0.7
5660,0.5328354928108168,30.579408194101934,21.500130477275178,0.009466040134429931,0.85
5661,0.5982993185383705,38.6689601419256,29.712741660046746,0.009304094314575195,0.9
5662,0.44871125260906786,39.35843590590087,33.23618322765968,0.009111249446868896,0.8
5663,0.5305039547773749,24.69574157137739,25.781855677145348,0.009588587284088134,0.85
5664,0.3493134182736512,38.5076599927215,38.25521102166265,0.009363663196563721,0.75
5665,0.5568240480023217,24.00690339452633,25.14618093200617,0.00928746461868286,0.85
5666,0.22294056374366117,33.91775195797133,28.643937591298506,0.009497117996215821,0.65
5667,0.23091393922227463,35.2315751082038,28.238929029601348,0.009224176406860352,0.65
5668,0.4102298047223399,43.003132458006505,31.372692462074316,0.009862184524536133,0.8
5669,0.335197910411323,33.32771365889455,31.162548604025915,0.009217870235443116,0.75
5670,0.6188294938992925,37.481757226230314,34.58847656835311,0.009349453449249267,0.9
5671,0.49657101518874497,40.23627307773448,33.04458932024446,0.009839928150177002,0.85
5672,0.5454866513332788,30.462315511856275,26.712505235598982,0.00940845012664795,0.85
5673,0.27662254108888423,38.55828344921898,17.91055472182751,0.009107184410095216,0.7
5674,0.5276135506791192,40.16162677828238,38.88751596545091,0.009245073795318604,0.85
5675,0.27107593154632675,31.52978302451691,21.42544182967547,0.009356081485748291,0.7
5676,0.32166533014417287,43.62962098198362,32.402217053144525,0.00968705415725708,0.75
5677,0.13747639943766793,42.22206363651487,39.503823943893686,0.009709703922271728,0.65
5678,0.6712303884648386,43.34528058999995,39.837795850444756,0.008928370475769044,0.95
5679,0.5297831070783469,34.12013951174672,31.64952132770671,0.009043991565704346,0.85
5680,0.41318199490452373,38.47624506160596,31.637020633415442,0.009519100189208984,0.8
5681,0.3176483675876339,41.670036292573926,30.526585692422767,0.009437036514282227,0.75
5682,0.010174999899395331,38.47477667559401,20.561422718943902,0.010415101051330566,0.55
5683,0.11677141280066519,51.99657771404704,48.2303184439808,0.009840703010559082,0.65
5684,0.11419119972329232,38.87568251799398,36.358324522327386,0.009427404403686524,0.6
5685,0.2941263903176012,20.232593096369044,14.623637235374257,0.008996725082397461,0.7
5686,0.6184835858799355,26.573980443128146,22.64245937055885,0.008847784996032716,0.9
5687,0.4817946017094922,27.039639784058956,24.085344589703745,0.00891263484954834,0.8
5688,0.6581962640044994,25.338993991662587,26.67615925543741,0.009427785873413086,0.9
5689,0.5540806409846213,37.367199728030506,29.068278614746806,0.009400403499603272,0.85
5690,0.7148160443049276,35.221238366031464,31.162221297829177,0.009701240062713622,0.95
5691,0.04877176367231183,46.46624457111598,48.25411334747793,0.009264731407165527,0.6
5692,0.460935399224938,30.556163266367133,27.749995809572845,0.009107494354248047,0.8
5693,0.4049033229155546,29.586429315351417,19.75017518835314,0.009522223472595214,0.75
5694,0.5189116834498749,34.17083135249505,26.117691683873357,0.009104406833648682,0.85
5695,0.32976367742169527,31.51617126397516,22.830156947664136,0.009728956222534179,0.75
5696,0.3835600465344496,27.45326072106162,17.850104880653188,0.009534072875976563,0.75
5697,0.18382083585405634,39.06349421034999,17.993510681543132,0.009760606288909911,0.65
5698,0.30476188860757114,28.017040598694656,18.99850636771406,0.00926196575164795,0.7
5699,0.4568245453020536,34.52707699037137,32.944405296502325,0.009381735324859619,0.8
5700,0.48428938415232514,35.38961243199856,26.57478523499665,0.009139573574066162,0.8
5701,0.4955280875917536,21.866843539217317,23.19681509707302,0.008823239803314209,0.8
5702,0.7618930909082249,24.811131153385908,18.979379667985402,0.008803224563598633,0.95
5703,0.8258681069595527,19.327001117377513,19.327001117377513,0.009368062019348145,1.0
5704,0.3822389137838921,24.104194373102604,25.58372705876064,0.008950281143188476,0.75
5705,0.25916031038770876,37.6509424316975,32.955812748400355,0.009434342384338379,0.7
5706,0.3333854478685543,22.739213451247842,24.95061591147704,0.009317827224731446,0.7
5707,0.4448487703527909,24.383536940398095,19.526864697341356,0.009494590759277343,0.75
5708,0.47972022367486816,23.636911595884495,25.16884475265119,0.009486246109008788,0.8
5709,0.6838430663278117,19.007150157060025,19.324068323204646,0.009574902057647706,0.9
5710,0.5182312436669173,28.811956296871585,25.37292085481812,0.009574878215789794,0.85
5711,0.5212308383289204,31.866731701816043,23.14429373096891,0.009956347942352294,0.85
5712,0.21087382576522468,29.07737246117291,21.291199695322803,0.01030137538909912,0.65
5713,0.5692961572214323,19.948998540548686,19.519745237237053,0.009884226322174072,0.85
5714,0.6197751399473399,27.055452215381962,28.15584739470004,0.009568655490875244,0.9
5715,0.5218709766043921,32.02821709826116,28.817250057662807,0.009309780597686768,0.85
5716,0.3931678661332027,26.02990665938866,29.06661742269249,0.009254074096679688,0.75
5717,0.30151793036001556,29.767221355020006,21.62193474696655,0.009671211242675781,0.7
5718,0.5318322237519983,33.70762947924639,25.530990348537866,0.0091172456741333,0.85
5719,0.547257651665854,34.990778934223066,26.9437208194928,0.009703230857849122,0.85
5720,0.6755329192526351,20.241431307886238,19.690613354501682,0.00961008071899414,0.9
5721,0.5263271465481554,27.388477169450045,29.232870944553778,0.009766781330108642,0.85
5722,0.4503348820260108,32.82624979300074,24.329457548310646,0.009695279598236083,0.8
5723,0.5682976493179792,23.614754934994615,24.780030319046784,0.009788775444030761,0.85
5724,0.2637784606419439,34.669458631748725,27.74106482806157,0.009723591804504394,0.7
5725,0.3846587334980257,35.624504493791385,34.43844555800247,0.00927121639251709,0.75
5726,0.5757046579460786,30.65162775902752,26.74013877032812,0.00904228687286377,0.85
5727,0.38115892485565417,23.548841083649855,17.23531876500149,0.008502781391143799,0.75
5728,0.3498280919899901,38.02205533393119,31.696676343250324,0.008575034141540528,0.75
5729,0.5389097696156955,32.664010838352354,24.08234256234737,0.008788084983825684,0.85
5730,0.4716825162087955,27.91743353228565,24.585376882689623,0.008867466449737548,0.8
5731,0.46959982830052,34.02799397073683,25.95778607004036,0.009238553047180176,0.8
5732,0.3529411760162706,36.32909222465117,28.860717669508496,0.009868621826171875,0.75
5733,0.2539843610429263,24.404408135087888,19.413365936091502,0.009413981437683105,0.65
5734,0.305068282636946,30.20453370396234,27.73387022484498,0.009524118900299073,0.7
5735,0.48750801251571574,24.7529229233798,20.546715130471725,0.00954686403274536,0.8
5736,0.6243464627214201,35.34296081834935,36.21948273722089,0.009563660621643067,0.95
5737,0.3112526536969523,27.622992407662245,25.24361718913588,0.010103774070739747,0.7
5738,0.5720758877135497,28.06273002703901,18.455284027206154,0.009978759288787841,0.85
5739,0.2698099495938781,40.72228506101749,28.52429252607563,0.00992361307144165,0.7
5740,0.30560825704972805,33.57951125874175,25.61356891983123,0.009753429889678955,0.7
5741,0.49373595078581534,39.55490231481473,38.35070758560288,0.009897446632385254,0.85
5742,0.3755121284160561,28.29538155117163,25.237352610369495,0.00952463150024414,0.75
5743,0.014956193072104157,34.810205395269,20.653568368150122,0.009504950046539307,0.55
5744,0.1631846838971224,39.455304038074395,20.557200706365848,0.008867967128753661,0.65
5745,0.2877585288121228,45.355378922520266,47.63247142352869,0.009756004810333252,0.75
5746,0.38517454493110737,33.71304554041053,33.34315645699609,0.00947197675704956,0.75
5747,-0.029733003428158718,34.10185556814175,20.332614749372418,0.008879768848419189,0.5
5748,0.24258928222094706,38.69463764069146,33.12018644041355,0.009541666507720948,0.7
5749,0.4062595349447767,23.833565059214646,26.188364433844452,0.009759008884429932,0.75
5750,0.5602106607357,23.995526552309087,25.08596629497957,0.009240591526031494,0.85
5751,0.44249192893683775,37.35566045765241,35.537582295585224,0.009138178825378419,0.8
5752,0.2862913521593025,23.18389394193246,25.37154920096514,0.009246647357940674,0.7
5753,0.4876971243679143,43.17092743214218,41.82790047452228,0.009206676483154297,0.85
5754,0.5748810556970336,23.94139130352516,24.617491183058757,0.009361886978149414,0.85
5755,0.2853713303439662,38.47467589921751,26.054979560423245,0.009357714653015136,0.7
5756,0.45791611063189963,34.449379619208514,36.70042675132349,0.00927048921585083,0.8
5757,0.6145011327397697,32.658484027200686,28.917269110684117,0.009333658218383788,0.9
5758,0.5158333099125118,36.17074823292656,33.32807982602784,0.009756815433502198,0.85
5759,0.48327806284981883,26.529257324480454,22.052376257334473,0.009378361701965331,0.8
5760,0.13063694267291123,26.547545193926066,24.247052135984035,0.009570169448852538,0.6
5761,0.30363621468303764,48.36921176320389,32.159529354238586,0.009265553951263428,0.75
5762,0.26689095051939554,38.982441498485834,34.58420250872522,0.008944451808929443,0.7
5763,0.5278965338797638,38.58075037123408,36.838524703248694,0.009255874156951904,0.85
5764,0.3815698190544423,23.405537801485004,25.776574956425595,0.009268081188201905,0.75
5765,0.374488059238302,23.24498821807729,19.304011317069797,0.0089530348777771,0.75
5766,0.45773800444388646,34.583606869178325,32.39509825137145,0.009338855743408203,0.8
5767,0.051572454283795297,38.862044951671066,19.626017650051697,0.009401857852935791,0.6
5768,0.21289234227606163,49.30420842735739,55.68563387361951,0.009303557872772216,0.7
5769,0.3473630631663634,41.08280317047634,40.76398085857304,0.009642195701599122,0.75
5770,0.46450243552295456,29.879305974666483,19.00700134703284,0.009526491165161133,0.8
5771,0.3977327645565093,24.263318518966518,18.74657798796469,0.009972763061523438,0.75
5772,0.42091989024113874,40.6455222206942,28.291991385955058,0.009565162658691406,0.8
5773,0.5000955852820513,23.872853319636242,25.590863052964878,0.009578132629394531,0.8
5774,0.5105686434004514,37.71695979518833,35.550610943827465,0.009987926483154297,0.85
5775,0.2229411993922968,28.847864035409923,25.150292838938018,0.00944514274597168,0.65
5776,0.5645133705201445,24.514595287660246,24.343675580032922,0.01013723611831665,0.85
5777,0.025798601433247838,29.274029117464966,19.830113220832487,0.00978940725326538,0.55
5778,0.3542779477036238,35.037737650016034,28.344215477315046,0.009585750102996827,0.75
5779,0.6131571581564108,28.953534157262016,29.85032681767437,0.009696924686431884,0.9
5780,0.2937151185075844,38.621837600814516,32.86333917865358,0.009972620010375976,0.7
5781,0.22627467229849466,26.96875579128913,23.714711210693753,0.009162235260009765,0.65
5782,0.3666536232883327,34.75154644173656,20.726019852224567,0.009362709522247315,0.75
5783,0.513941780222222,17.666877157446674,17.572462059678816,0.009492838382720947,0.8
5784,0.4821158355811647,27.931844584484633,30.512929041937042,0.0093397855758667,0.8
5785,0.4995328218333349,25.05033311649488,24.87845600880526,0.009436273574829101,0.8
5786,0.13371822335125133,49.059719911674684,26.717293837890075,0.009108817577362061,0.65
5787,0.3128331366895797,52.305606741776884,44.03453596128754,0.009310376644134522,0.75
5788,0.4956501277630898,19.671242590225187,20.22406510304736,0.009255003929138184,0.8
5789,0.5454747247830751,28.629415581947807,30.72790309668372,0.009210467338562012,0.85
5790,0.30774633986352085,28.814207861990628,19.666997288764822,0.008937418460845947,0.7
5791,0.17561522064444732,29.579570905184067,20.87238778663061,0.009143424034118653,0.65
5792,0.47689244621835636,29.942997674884566,20.317500852028132,0.009548020362854005,0.8
5793,0.5123555600755054,36.34749168961108,28.552075357519804,0.009829998016357422,0.85
5794,0.6052235569634824,24.77248595014941,25.894961600604674,0.009552180767059326,0.85
5795,0.40883287219916964,39.262245718581035,32.4837007432013,0.009420883655548096,0.8
5796,0.5662423045465487,32.943283965468886,33.949233030532895,0.010414433479309083,0.85
5797,0.20389588889917176,33.02450932350095,19.922940926829423,0.01023416519165039,0.65
5798,0.6326108324267343,35.58011537171163,37.7251818982227,0.009704113006591797,0.9
5799,0.5248381300810114,33.77206368128061,30.915120168229926,0.009639132022857665,0.85
5800,0.3269592293346334,39.683242769098904,33.84334829501341,0.009950292110443116,0.75
5801,0.5317007344823661,23.773555034895804,19.023286436018935,0.010012459754943848,0.85
5802,0.047014053632614364,54.67333865888933,39.041512518373864,0.009702074527740478,0.6
5803,0.37445307352662804,35.826300917542234,27.089765618337506,0.00951930284500122,0.75
5804,0.4725256679049844,32.22594784345231,23.536205482292296,0.009240949153900146,0.8
5805,0.3014349182752517,30.121350458164606,34.58787045567163,0.009039318561553955,0.7
5806,0.24839871764601526,23.29892317721044,19.478751748239524,0.008921372890472411,0.65
5807,0.7161198221829232,27.91479128501918,28.37021925880586,0.009064924716949464,0.95
5808,0.5715915674344721,29.30215291951461,24.49397034909151,0.008877050876617432,0.85
5809,0.3163391468493136,22.943450877863338,25.361411881818913,0.009003150463104247,0.7
5810,0.3815499078098277,29.11535642069391,25.728668311319627,0.00925537347793579,0.75
5811,0.6423753161935349,28.217002682547353,29.164048053338846,0.010190820693969727,0.9
5812,0.7179436781082384,26.568075270557085,27.125253944255245,0.009554910659790038,0.95
5813,0.5040005594807642,20.099037331539403,19.183616145015947,0.009415102005004884,0.8
5814,0.48007438318606227,24.340126320602586,17.63625223619991,0.009095096588134765,0.8
5815,0.49443495766609385,25.606396638772082,27.850003369773255,0.009273374080657959,0.8
5816,0.6741476313321754,22.84222730458298,17.60626142047718,0.009645462036132812,0.9
5817,0.4934793303792665,29.47006017802952,26.12304643275454,0.010026860237121581,0.8
5818,0.225991988515544,20.108266593777124,20.152279803706435,0.009686946868896484,0.65
5819,0.44518315428044736,33.681937763587094,24.944936216568635,0.009740197658538818,0.8
5820,0.8828076310649484,17.789079362056956,17.789079362056956,0.009604477882385254,1.0
5821,0.4649494475918047,33.6999074035834,25.69033074504801,0.009188222885131835,0.8
5822,0.2371714839810803,25.309062738683643,29.236392930518512,0.00884157419204712,0.65
5823,0.39249103173254646,25.429026148539343,21.972878693964464,0.008937644958496093,0.75
5824,0.5635912699352286,32.361544825124774,24.182987633164135,0.008944129943847657,0.85
5825,0.36248413531897844,32.90858946949753,25.16416581002532,0.00906001329421997,0.75
5826,0.4571860407294038,25.778900710728614,16.622476054168384,0.009015524387359619,0.75
5827,0.3872695884159395,31.265758581882608,23.23838404601264,0.008692014217376708,0.75
5828,0.07254061201768894,43.715797241304394,33.880371674524824,0.009622907638549805,0.6
5829,0.4691338430312671,24.226848948456613,24.71562362941901,0.009353733062744141,0.8
5830,0.45305298333293936,29.192918241755013,24.776931624521975,0.009690380096435547,0.8
5831,0.3700967640947995,26.53657127041065,29.219658817999026,0.0098533034324646,0.75
5832,0.5108549691462987,19.80709303164347,20.368257335389696,0.009831321239471436,0.8
5833,0.25749445844415125,43.69059448646186,24.89255031233659,0.00979849100112915,0.7
5834,0.5930893961623265,25.586955054970907,19.457679843582614,0.009734559059143066,0.85
5835,0.4793795709886126,30.37661011192779,27.821536468799934,0.009559929370880127,0.8
5836,0.4262534389951324,34.979219735809835,26.734389543152425,0.009378623962402344,0.8
5837,0.26747646335823927,39.09435655904204,20.24682913084136,0.009840261936187745,0.7
5838,0.4684186192987812,29.13313261593506,26.050730405398937,0.009083950519561767,0.8
5839,0.6540211600754846,29.357329809305423,25.84085776973473,0.009267234802246093,0.9
5840,0.49259646950884034,19.389473701541498,20.133582540406827,0.008929967880249023,0.8
5841,0.6391258711925566,29.026011219052275,24.487874467731658,0.009227371215820313,0.9
5842,0.3000651318997786,31.112070864108244,29.518453210958803,0.01019665002822876,0.7
5843,0.5297516267487349,34.245956473577394,31.625071284740905,0.00963970422744751,0.85
5844,0.6534982246760279,24.09675617160215,19.315840971217362,0.009233212471008301,0.9
5845,0.5558634211066811,30.3088086714844,26.71473059551054,0.009452331066131591,0.85
5846,0.29478709806855496,33.54081119871689,18.97891615499668,0.010317301750183106,0.7
5847,0.5446462875872271,34.539922500590805,36.82538411787542,0.010700011253356933,0.85
5848,0.40402776002354457,40.65235745041936,33.23755844351761,0.010535681247711181,0.8
5849,0.5074314860561502,39.0664411697717,37.30758590022333,0.010005295276641846,0.85
5850,0.46993688539388756,29.90283385427616,26.81716952315596,0.009367096424102783,0.8
5851,0.15420764530695236,43.02600522894833,26.443727967704724,0.00964963436126709,0.65
5852,0.17507399738384175,30.085350477848273,20.678104007689992,0.009397375583648681,0.65
5853,0.35836271216547166,38.98931699174904,33.46010301508152,0.00897064208984375,0.75
5854,0.023604985367983906,54.01704110974159,45.05324560644195,0.009259414672851563,0.6
5855,0.5601743275127173,30.141244701194353,26.887876957292086,0.009135746955871582,0.85
5856,0.08851364267725137,40.07028697840666,30.649459362734202,0.009647166728973389,0.6
5857,0.368223294427363,34.29227688248754,26.59697279739326,0.009049224853515624,0.75
5858,0.2854824919401697,35.738630061638005,36.38416967311034,0.009053289890289307,0.7
5859,0.2753017076181724,39.51141499525899,28.465088727978685,0.00949798822402954,0.7
5860,0.42851251614249397,32.43164403366105,30.483969840070053,0.008972692489624023,0.8
5861,0.5427972678916786,35.94108870780684,33.974918477171684,0.00973668098449707,0.85
5862,0.2569478426933859,34.02712172982157,26.870397356444208,0.009658551216125489,0.7
5863,0.2622916167500876,31.235724595577665,29.536309424517828,0.009592068195343018,0.7
5864,0.3508316004122823,37.06818775360637,28.4959477054274,0.00952003002166748,0.75
5865,0.19177495307172354,35.69745714303231,36.892532713052,0.00940326452255249,0.65
5866,0.5294297562897567,26.96547859701197,28.80420432879408,0.009298467636108398,0.85
5867,0.2741855763616267,37.67932061206487,24.94364460314488,0.009345364570617676,0.7
5868,0.3730106597817315,33.74277292092064,33.2464507059639,0.009578168392181396,0.75
5869,0.540040241987819,37.310021323346085,34.9816952380059,0.009712612628936768,0.85
5870,0.4073095654904197,27.067984880898496,22.747589513296145,0.009275615215301514,0.75
5871,0.5613797252285775,30.899142353656664,20.75938074484674,0.00956355333328247,0.85
5872,0.5275193419253058,33.276332189497566,29.906943080594644,0.009516239166259766,0.85
5873,0.32670380804796795,25.48191972286668,28.364354722134927,0.009240925312042236,0.7
5874,0.29392546413668696,30.436854318529555,34.0430865148825,0.009177708625793457,0.7
5875,0.40153772563422285,40.0483659368336,33.330737843310786,0.00923699140548706,0.8
5876,0.34423501667547085,44.3223384310929,33.528425415011895,0.00937124490737915,0.75
5877,0.24360814369897107,43.1359007249953,39.74298788958123,0.009018802642822265,0.7
5878,0.2911690016794257,30.59028587263751,26.17523962472857,0.008811092376708985,0.7
5879,0.25945782895397024,39.764117044488394,21.630277626188676,0.009070122241973877,0.7
5880,0.42544531485448545,19.45420264481142,19.452720872998725,0.009645438194274903,0.75
5881,0.5067427879879023,39.640755551031084,38.025561201020615,0.009852182865142823,0.85
5882,0.648781968618168,21.738586222483068,16.886307961219323,0.009882092475891113,0.9
5883,0.5375304022442173,24.177056148144988,25.39655941738785,0.009564208984375,0.85
5884,-0.16693025723547872,28.445432860907925,18.941176634951574,0.009343230724334716,0.45
5885,0.35383462288000683,32.89541022674,24.830426630628335,0.008947539329528808,0.75
5886,0.4655441507487296,26.070314371704747,28.38428019443105,0.009072387218475341,0.8
5887,0.7298898327929514,30.152347180537753,30.882274267336506,0.009498023986816406,0.95
5888,0.5628978033921135,27.551883200022917,23.95990635922081,0.009219837188720704,0.85
5889,0.3536365551339447,18.263643346551046,18.143560160576243,0.009118366241455077,0.7
5890,0.7199218788208546,24.22375748465496,24.673655312605288,0.00903702974319458,0.95
5891,0.649398749630873,27.964512759144622,29.223051181312833,0.009546709060668946,0.9
5892,0.5546969218451717,20.566596575997075,19.668019301463335,0.010341238975524903,0.85
5893,0.2874777812782098,31.91541846099694,23.550744124754225,0.009854733943939209,0.7
5894,0.5580596878441355,25.419966814179425,20.19426916162841,0.010216987133026123,0.85
5895,0.36905167854273413,33.531652958631526,25.371302153323995,0.009328663349151611,0.75
5896,0.3918265040644404,28.253649350116113,19.03723447960943,0.009529638290405273,0.75
5897,0.48257245170235086,23.41268791714106,19.081020585251135,0.00954577922821045,0.8
5898,0.2598666351173565,38.45340594949601,34.15322995573104,0.009239280223846435,0.7
5899,0.4557636105174373,26.88645085691282,23.032200726037654,0.009141719341278077,0.8
5900,0.424836748838751,36.801738085312095,23.92351993120713,0.00973668098449707,0.8
5901,-0.2876062164104043,53.040431895453345,44.841800855098434,0.009692788124084473,0.4
5902,0.07665263516693459,26.16650139534217,24.586995249485916,0.009119689464569092,0.55
5903,0.44968705853276025,33.78514895037279,24.92060780637222,0.009317278861999512,0.8
5904,0.2950490898749693,25.29649318328495,19.379837689494654,0.009030139446258545,0.7
5905,0.40410931165334485,19.949628108552346,21.047647799113793,0.009810817241668702,0.75
5906,0.5915633549924731,22.00195082141625,17.228640857723146,0.00985184907913208,0.85
5907,0.6219837753151668,18.754657374950455,18.796730605683948,0.009806311130523682,0.85
5908,0.4643294330561611,29.954410405941985,20.06160426804196,0.00934368371963501,0.8
5909,0.27707404088779947,29.442663815533912,20.43652959203632,0.009516453742980957,0.7
5910,0.7780245541037111,20.98861298360705,20.1754679090178,0.00941232442855835,0.95
5911,0.47101122745522783,30.086465756163385,26.707019661838867,0.00957549810409546,0.8
5912,0.34133731398832834,49.86528723782641,39.09440307486224,0.010323429107666015,0.75
5913,0.34501767314703097,28.109354683392315,31.24812126290626,0.010566163063049316,0.75
5914,0.8216031779928864,28.388871202058926,28.388871202058926,0.009661149978637696,1.0
5915,0.62221510697387,28.285184792364248,29.593709908100443,0.00920354127883911,0.9
5916,0.1409805018522657,27.17039172109037,17.189987776323928,0.009261655807495116,0.6
5917,0.25453042376142354,44.733223946942786,42.0334789735072,0.009805774688720703,0.7
5918,0.4700946745865265,34.32692947078705,32.26486288898111,0.009719181060791015,0.8
5919,0.35614068525541515,29.09878415877455,32.35759498640512,0.009188485145568848,0.75
5920,0.3285491697568697,36.304840699661305,35.95592641329406,0.00885162353515625,0.75
5921,0.600853328744106,30.55724138607194,26.75809858443155,0.008925604820251464,0.9
5922,0.41689659965902914,28.691789408509386,25.86603626362004,0.009457850456237793,0.75
5923,0.1922191289668791,33.21152028652981,26.790224693617006,0.00955047607421875,0.65
5924,0.2851481691775079,28.6156415446926,31.873169447666417,0.009091830253601075,0.7
5925,0.33527457395388005,44.05501774830985,32.90053498235771,0.009106624126434325,0.75
5926,0.3713908453519871,32.433086621219445,24.39044721743663,0.009386944770812988,0.75
5927,0.4485868636754513,34.49971039232527,32.98728204724754,0.00945122241973877,0.8
5928,0.39239718457259076,37.935448832076176,30.541676473058022,0.009474027156829833,0.8
5929,0.03719501226190878,31.295239673687696,22.221215839764305,0.00941011905670166,0.55
5930,0.5210090646005188,39.17478732956481,36.941657768083445,0.009578847885131836,0.85
5931,0.3076144769725716,42.51707785197292,29.709521995282746,0.009627294540405274,0.75
5932,0.4954493684624934,28.942342386536446,24.369170687548383,0.009646070003509522,0.8
5933,0.3894491245001722,45.097320026440606,39.43124240405916,0.009090292453765868,0.8
5934,0.5093947824595068,23.715271462329813,19.95838470407137,0.009316444396972656,0.8
5935,0.4187723714074704,18.132845552914596,18.59780698018965,0.009872043132781982,0.75
5936,0.4771263087133818,28.36553842728777,24.982257008985144,0.009650671482086181,0.8
5937,0.18610564179537695,37.62655149997054,22.503372900955373,0.009975171089172364,0.65
5938,0.32268323639230034,44.58251238424669,39.30120288046031,0.010145115852355956,0.75
5939,0.609845445424591,28.896809534351934,24.47860369837168,0.009707796573638915,0.9
5940,0.3684966821829682,36.991283714155784,24.87871362080404,0.010030972957611083,0.75
5941,0.6201349942195217,21.712805047464528,22.022548958762908,0.00946340560913086,0.9
5942,0.23865391214148018,42.942027556936665,32.81633802493803,0.009522461891174316,0.7
5943,0.4326358674982605,40.036249790059784,39.62938297115168,0.009415793418884277,0.8
5944,0.3648890289468263,34.134289132678845,19.814334215915675,0.009341490268707276,0.75
5945,0.618224093106835,33.90150622871427,30.476197079991437,0.009952116012573241,0.9
5946,0.15414414890129133,37.68633437885876,17.480235676909277,0.009270358085632324,0.65
5947,0.40173492183744,47.533130461978715,42.81317001081004,0.009383177757263184,0.8
5948,0.34722424195616475,39.83244629792081,26.297326965054438,0.009469306468963623,0.75
5949,0.29019455502180513,48.296318967564794,39.08404697519078,0.00938791036605835,0.75
5950,0.37331867420315423,31.14765470852985,28.006185841012748,0.009557020664215089,0.75
5951,0.3423482022869145,24.66368483904237,20.729481299285812,0.010514652729034424,0.7
5952,0.628484751389439,34.69029951438401,35.71559103469687,0.009807658195495606,0.9
5953,0.37140033292851904,30.50937358722163,28.598119347045948,0.009389889240264893,0.75
5954,0.5807242765764722,24.10588279808322,24.751103203137102,0.009357964992523194,0.85
5955,0.25375651293152285,38.96237403964601,40.54980013875898,0.009531009197235107,0.7
5956,0.34292910386381004,38.160975723476255,37.75975982560245,0.009740936756134033,0.75
5957,0.6211714347353804,37.50358300827346,40.08530809284287,0.009867215156555175,0.9
5958,0.369397693960794,31.87107507008908,17.908711734135924,0.009538626670837403,0.75
5959,0.5301824622215906,33.5734346840631,24.956509061702064,0.009423315525054932,0.85
5960,0.709141381000318,23.754656267686343,24.11164614186135,0.009830987453460694,0.95
5961,0.6272877151110474,23.88945149594558,24.579654055517942,0.009653162956237794,0.9
5962,0.18326740989633974,38.37484466133121,42.39758103876177,0.009457027912139893,0.65
5963,0.22327958722083724,28.694700685017732,18.762062524227716,0.010035133361816407,0.65
5964,0.4529060198844337,36.63146719715281,18.041231820711406,0.00956261157989502,0.8
5965,0.2448166744709701,33.72241471136819,33.09266758739237,0.009591925144195556,0.7
5966,0.4160973659506103,44.12310347657388,38.01916399297167,0.009786713123321533,0.8
5967,0.358577174047537,38.82229952859297,26.841657420680132,0.009189343452453614,0.75
5968,0.3672813484320102,30.47122061436736,28.426357217040454,0.009478795528411865,0.75
5969,0.32128632316534494,19.76740235286453,19.695581342479823,0.00961076021194458,0.7
5970,0.4220096616765331,40.087852249148895,27.057856346867474,0.009475970268249511,0.8
5971,0.2655491356656147,34.93945812776266,20.490621232265728,0.00885179042816162,0.7
5972,0.7579284297417951,23.00560374385992,23.122143206992778,0.008828985691070556,0.95
5973,0.5342517056081872,30.003206955045453,25.74481283948259,0.008928322792053222,0.85
5974,0.8005996708814405,24.651236015540043,24.651236015540043,0.008601737022399903,1.0
5975,0.24430908836381326,39.38221603869667,35.1804316221029,0.00961378812789917,0.7
5976,0.5627412202911757,29.755968409059676,20.385536210254976,0.009462976455688476,0.85
5977,0.3130087806114573,32.982554388202814,17.855335920479774,0.009199988842010499,0.7
5978,0.23142917843439975,29.68374617062309,20.711544717883804,0.009228789806365966,0.65
5979,0.208974818799112,34.77051198099121,28.962563434901213,0.009187912940979004,0.65
5980,0.4518594917691886,21.975939342476995,16.03590165317592,0.009404373168945313,0.8
5981,0.3809100837372989,32.13371583811273,24.664272876718723,0.009656715393066406,0.75
5982,0.6357765834070779,33.43685014539772,29.382037800994095,0.009862947463989257,0.9
5983,0.3912695976522757,23.750640111568117,18.51845565036865,0.010145747661590576,0.75
5984,0.6448400123335586,29.23212661973801,24.515470678966576,0.00980311632156372,0.9
5985,0.5095586388707679,44.47415544920806,36.91288304254099,0.009874320030212403,0.85
5986,0.5556338113088204,31.719938588084215,22.811913537486834,0.009505081176757812,0.85
5987,0.36143789487348166,32.1504397794735,24.011853525689958,0.010512077808380127,0.75
5988,0.4106794850854924,22.795832416130008,18.12056473452266,0.010580968856811524,0.75
5989,0.5817201086751038,44.70893287267242,42.65333112202133,0.010689616203308105,0.9
5990,0.7063892682230619,34.086689620015946,29.979507193330175,0.009625434875488281,0.95
5991,0.3674488511898366,34.91352448128777,32.36538385636845,0.009490203857421876,0.75
5992,0.18990127383095243,34.16574477523023,32.85405342676286,0.009447717666625976,0.65
5993,0.5704901006943557,21.641437724982474,19.831138549583436,0.00946044921875,0.85
5994,0.5107019716627464,35.602943756812664,31.616253537335698,0.009471869468688965,0.85
5995,0.3315333542569395,35.87638410843472,34.146005838541576,0.009359681606292724,0.75
5996,0.1742954245843455,37.87159706870318,39.30369919285287,0.00907198190689087,0.65
5997,0.3922898187974686,24.866666148619107,19.012453310295143,0.008970344066619873,0.75
5998,0.28659481950128224,33.003345712159636,25.839072545897693,0.009090185165405273,0.7
5999,0.37517188270968105,30.832535296213017,23.22327391360032,0.009427428245544434,0.75
6000,0.5444855627836546,26.380358656533495,22.374380968214524,0.009348058700561523,0.85
6001,0.4628520745289343,22.174990737026068,23.841080992354406,0.009529042243957519,0.8
6002,0.4105894209061941,22.190314022766007,23.793885157508218,0.010292565822601319,0.75
6003,0.5328594769373045,24.724628189355304,19.93713322389557,0.010785126686096191,0.8
6004,0.6349933908629672,34.74109351880518,30.796906806742047,0.009923028945922851,0.9
6005,0.17148100473849676,40.38561884821489,36.949651965629826,0.009949493408203124,0.65
6006,0.598673842100417,19.42832130621565,18.626486445863314,0.010049164295196533,0.85
6007,0.34107532062577034,26.355044259297756,28.73504506797401,0.009971070289611816,0.75
6008,0.37593657770181826,30.47443147105151,27.691833981178245,0.009979736804962159,0.75
6009,0.45629984374490346,28.754512172415797,24.58981740149067,0.010604703426361084,0.8
6010,0.5858351017428802,22.8905385966521,17.759295395738295,0.009917759895324707,0.85
6011,0.5080541194484636,20.6699384971794,15.311156977263629,0.009711027145385742,0.8
6012,0.7684344491804633,34.040190069984,34.040190069984,0.009376323223114014,1.0
6013,0.45811890503859554,30.528414657014604,33.27798757390296,0.009201157093048095,0.8
6014,0.4453325674598661,30.352499435795938,27.574087413762612,0.0092598557472229,0.8
6015,0.3482889410398894,41.86434744981804,40.62337974856983,0.009616899490356445,0.75
6016,0.4805801394528205,30.456829541608595,26.585399899063972,0.009127640724182129,0.85
6017,-0.02205890751719967,38.91938226492482,38.368286362082586,0.00885697603225708,0.55
6018,0.26425892067815593,32.67048815360187,24.428396473962785,0.008801710605621339,0.7
6019,0.6410225260810947,31.034024982633877,27.010415929901246,0.008997714519500733,0.9
6020,0.4381466644256348,33.33402770383929,31.17354039427952,0.009163594245910645,0.8
6021,0.5427966421432178,38.620844303708495,30.09579167990516,0.01008061170578003,0.85
6022,0.6691268544371038,20.423642111467064,20.635638897218055,0.010587966442108155,0.9
6023,0.4680783621040412,24.78997996167974,14.753184477159285,0.009965801239013672,0.8
6024,0.3629996082499125,33.618111650935205,32.170862840769324,0.009869182109832763,0.75
6025,0.3599091731007308,34.80632298769486,27.897142121930226,0.00952153205871582,0.75
6026,0.5247254628130631,25.445503875160174,20.420866703376955,0.009180915355682374,0.85
6027,0.46145002551497727,26.916331396400903,23.599508488918094,0.009810304641723633,0.8
6028,0.3824966037832456,30.827926244590724,28.07912807733705,0.009449195861816407,0.75
6029,0.28966805990934497,31.910663527225324,24.64424707092461,0.009761416912078857,0.7
6030,0.5819922499726575,26.76682368351298,22.72446184743834,0.009771764278411865,0.85
6031,0.4227318760739207,40.40663449492463,26.729879418893553,0.01013333797454834,0.8
6032,0.03638388148541212,45.48047960016665,31.564982976838778,0.010203385353088379,0.6
6033,0.40680099085550203,45.4326212277412,33.41411929714308,0.009914302825927734,0.8
6034,0.24509070068341354,36.65270085800061,36.04858114546757,0.009804344177246094,0.7
6035,0.3336171029634905,35.84446697750148,20.291992707225955,0.009707450866699219,0.75
6036,0.5745071069899008,45.26724301623566,41.63270897922186,0.009466981887817383,0.9
6037,0.5096249052975775,32.34508369740389,29.685434625548826,0.010210120677947998,0.85
6038,0.3644407388909515,28.187428414861973,24.881182968515425,0.009469079971313476,0.75
6039,0.266509475822908,43.398418869665434,25.948261189982272,0.009533905982971191,0.7
6040,0.3770709306011157,27.657777701935963,25.437619371138307,0.009194731712341309,0.75
6041,0.3902456863309226,27.646777731852172,18.493116064135506,0.009180867671966552,0.75
6042,0.439370459507637,39.73004980309256,43.831641709368185,0.009029757976531983,0.8
6043,0.34722821886000466,33.295303811649106,19.427135979274166,0.009467780590057373,0.75
6044,0.5947426680183492,25.48421043956487,15.995204112361868,0.009544575214385986,0.85
6045,0.7580161578163269,19.270363305265928,19.18651824149237,0.009745359420776367,0.95
6046,0.5846806580769155,40.4829372716667,37.57902060895762,0.009824252128601075,0.9
6047,0.4158122568509258,38.527457076203326,37.5428247339887,0.009919118881225587,0.8
6048,0.4621262799153009,25.487575464522365,26.611317539848926,0.009099960327148438,0.8
6049,0.1848711396746079,40.803689323454854,43.19198886075167,0.00958033800125122,0.65
6050,0.4776320587473542,30.745213271977825,26.778674975129615,0.01058286428451538,0.8
6051,0.40326910596701826,43.70842045060741,38.303333069773764,0.011268889904022217,0.8
6052,0.22795867834524638,45.69442711045663,36.135456133336206,0.00975661277770996,0.7
6053,0.32152171905843974,39.90287624232997,41.109490048382874,0.00946880578994751,0.75
6054,0.7078805387049268,33.10720383970572,33.83118312156182,0.009971964359283447,0.95
6055,0.4279239338719858,40.26154498682656,34.03238196047225,0.009350991249084473,0.8
6056,0.3282783800469669,41.084978804063574,36.423481241381346,0.009608912467956542,0.75
6057,0.2990392651188864,53.4740397860426,46.11005246045705,0.009252417087554931,0.75
6058,0.0630303954778755,36.71812096489673,32.91090471351617,0.009815144538879394,0.6
6059,0.5244404196394277,37.414456166633514,34.96562652571625,0.009886670112609863,0.85
6060,0.7292705070115533,24.556174101180243,19.58391163426897,0.009659898281097413,0.95
6061,0.33052893048397697,43.37501161733012,31.706458889196824,0.009591102600097656,0.75
6062,0.44172479171684353,38.97403429183944,32.45083409838974,0.00961151123046875,0.8
6063,0.16726906373599604,43.31431462312965,27.275755236811257,0.009812331199645996,0.65
6064,0.20587560894437643,32.81290441951666,26.98176687936609,0.00916198492050171,0.65
6065,0.3716526003550857,33.38117405019132,26.26026579839593,0.009420180320739746,0.75
6066,0.08501042733081914,38.09418923402838,26.95512308365088,0.009088099002838135,0.6
6067,0.46392131283139815,26.695507292373872,29.16874646716837,0.009083473682403564,0.8
6068,0.3404180754669298,34.21537473108704,39.7662606742855,0.009585821628570556,0.75
6069,0.39497920790167024,43.64243558872862,38.323449994662525,0.00981687307357788,0.8
6070,0.6339484212202261,34.574978256934756,31.09266040545217,0.009803485870361329,0.9
6071,0.6923391543934796,27.377595065870167,28.143289842887032,0.009797024726867675,0.95
6072,0.39832650472528824,26.776970469252177,23.361025303153394,0.00961630344390869,0.75
6073,0.1817439989725028,32.590650237491005,18.17261764277662,0.009967184066772461,0.65
6074,0.344131998633732,42.85239198871125,32.207101992444215,0.010037434101104737,0.75
6075,0.1310830797770826,42.99092494175266,42.518475075699925,0.009387385845184327,0.65
6076,0.31230073330658836,32.018792576288874,23.56073381488681,0.00945732593536377,0.7
6077,0.31034288708895075,27.98259045598299,25.477970932392974,0.009376299381256104,0.7
6078,0.40920057536381477,23.01408003577742,18.014889733397684,0.009849095344543457,0.75
6079,0.7834976129853931,23.144089323059923,23.471417253396343,0.009449183940887451,0.95
6080,0.7666174934898664,20.017390873486164,20.2747677610146,0.009493041038513183,0.95
6081,0.38514393201444597,25.570604559639513,21.503407836786224,0.009818410873413086,0.75
6082,0.5621588186793643,26.449419221330338,21.137939520422435,0.009478414058685302,0.85
6083,0.2281318820998516,24.177579264419727,18.387695162433715,0.009548592567443847,0.65
6084,0.4967024247111339,21.875011709130394,16.963145518806552,0.009842419624328613,0.8
6085,0.20882649123936137,28.83814510364785,19.390040781990173,0.009142053127288819,0.65
6086,0.36633775855782164,28.1211912112663,24.758409055739953,0.009459304809570312,0.75
6087,0.280581128270609,30.011217462516043,21.66581733495175,0.010062026977539062,0.7
6088,0.5017480862279369,24.35461062197963,18.964645865448034,0.009277653694152833,0.8
6089,0.29406553248077116,33.204653448603004,25.52544082657192,0.009983313083648682,0.7
6090,0.2141313164654859,34.75438703330418,28.294841062641055,0.00942246913909912,0.65
6091,0.5026139496533176,39.65025025056649,32.10172332697436,0.009467899799346924,0.85
6092,0.1426447799227163,35.42180336661029,22.52306165491555,0.009624028205871582,0.6
6093,0.27687122736754394,39.933115686120345,26.540568140375104,0.009520697593688964,0.7
6094,0.307238684796063,36.74457135545021,24.12181417291947,0.009193313121795655,0.7
6095,0.46036907389935633,27.907099992131158,23.979743264717023,0.009109997749328613,0.8
6096,0.32878704214529325,42.09078951511786,31.035555505963217,0.0089729905128479,0.75
6097,0.5874563221787665,23.547390181553563,24.810576188693595,0.009409451484680175,0.85
6098,0.35705323061745375,38.64585975085761,31.765804148995137,0.00988706350326538,0.75
6099,0.4134303728036586,31.384006127966835,23.041720425358193,0.009956741333007812,0.8
6100,0.440261833920912,38.285895319713305,37.86926892803355,0.010162317752838134,0.8
6101,0.14576561094625795,28.28777144897122,25.88370712795066,0.010146236419677735,0.6
6102,0.24626153965945802,29.75898377017645,34.31460935551042,0.00984419584274292,0.7
6103,0.300797122047794,31.902252540309167,31.269728772090073,0.00982494354248047,0.7
6104,0.18648335163258836,40.10536535020966,27.433757728230304,0.009719157218933105,0.65
6105,0.3575502728887289,40.93566993556229,41.19381822847195,0.010429561138153076,0.75
6106,0.1762062889537242,35.112275359732465,29.46951866817614,0.01008061170578003,0.65
6107,0.19107580214281333,30.81112638705854,30.288101046085533,0.010209190845489501,0.65
6108,0.3893561721578946,43.96411056687451,44.34510290084339,0.01021033525466919,0.8
6109,0.3684814859926534,31.783846914946974,37.351999492564865,0.009427666664123535,0.75
6110,0.43846572166911707,39.83624549597513,33.185180566513765,0.009726035594940185,0.8
6111,0.48378240568206043,30.268723187632816,26.86765567683031,0.009598684310913087,0.8
6112,0.45874533519035526,33.118781880581246,17.93261821829112,0.009110653400421142,0.8
6113,0.24481015154793134,27.08089337944954,18.00952496853515,0.009011971950531005,0.65
6114,0.433904618238108,31.47453636492083,34.74764159979161,0.008902025222778321,0.8
6115,0.713824720905075,29.845669033381746,30.645749396420563,0.009578657150268555,0.95
6116,0.06374681619116321,42.56160928069091,25.581734364734093,0.009200119972229004,0.6
6117,0.44788856275926336,34.134819253511566,19.50247609090362,0.0093100905418396,0.8
6118,0.3712924651564309,32.35024362800438,23.493011237199607,0.00940638780593872,0.75
6119,-0.021583757002476955,43.690193615910026,29.131756245203963,0.009236645698547364,0.55
6120,0.44398725182593646,28.379494690465577,25.028542877947938,0.00963984727859497,0.8
6121,0.35550409028634256,36.88125555229183,32.32910499269128,0.00954359769821167,0.75
6122,-0.06464008749701278,33.947016344261,21.823093556931834,0.010286617279052734,0.5
6123,0.32171830021400655,39.474159403814355,25.446926484364948,0.01081148386001587,0.75
6124,0.6954844316857623,33.32678414133338,34.41764689627696,0.010326230525970459,0.95
6125,0.5244135680936616,33.227968308375736,35.73547016057693,0.01036818027496338,0.85
6126,0.48603822967356625,28.992352637987473,25.371865014409067,0.010338759422302246,0.8
6127,0.29787951062377027,43.7498611681906,45.006274267962205,0.010629498958587646,0.75
6128,0.5693746592932637,28.186853307316206,18.695356314714818,0.01036754846572876,0.85
6129,0.2508124813209785,39.286996504585325,26.790128453298973,0.010873818397521972,0.7
6130,0.1524116799056266,47.6307747275214,42.22593969365282,0.010267400741577148,0.65
6131,0.3061593562227068,33.440431588412466,25.20768764910851,0.009090876579284668,0.7
6132,0.34482248639587926,36.36846023527513,29.173816020564818,0.009274053573608398,0.75
6133,0.3994222153807332,43.685271031337535,43.13264579392398,0.00985485315322876,0.8
6134,0.22632623748885097,41.728143923001376,36.63395728019061,0.009324467182159424,0.7
6135,0.49446710710588937,33.742748162521536,25.035494118287293,0.009700644016265868,0.85
6136,0.3984737188018004,27.32070288660274,24.670925666994485,0.010415744781494141,0.75
6137,0.5077820395989121,37.72442933811617,29.776694783712493,0.010000181198120118,0.85
6138,0.36452937005383285,33.14497362112967,24.297792530615116,0.010105407238006592,0.75
6139,0.5041173993226865,21.808567043425445,16.554951629963696,0.009431552886962891,0.8
6140,0.24316861569390752,43.19579672825789,26.24136396099414,0.00968639850616455,0.7
6141,0.44858088249954975,32.00084447479931,22.994230083913138,0.009828972816467284,0.8
6142,0.6582860850396398,24.4145779813614,19.05882200178648,0.010082864761352539,0.9
6143,0.6110840115131333,28.866542849692188,24.713128502349495,0.009888803958892823,0.9
6144,-0.01510916296436195,41.87851209076858,19.028088355200715,0.00985187292098999,0.55
6145,0.369363958939293,36.632282566941726,31.079262964478012,0.009640860557556152,0.75
6146,0.6315366011402035,31.004921006476128,22.51488695890579,0.009451401233673096,0.9
6147,0.3369093520987839,42.72276325689312,25.19777003539399,0.0101357102394104,0.75
6148,0.19602122930743865,36.480643307387155,16.515616831589632,0.009740996360778808,0.65
6149,0.1605126888992075,39.335212679529285,29.830633365288392,0.009212493896484375,0.65
6150,0.630221098875372,29.9589736439733,20.183769322689713,0.00945826768875122,0.9
6151,0.24807766346663684,43.891638257150774,27.04181101788339,0.010075628757476807,0.7
6152,0.47992771366875553,23.00008186968474,18.38177240970346,0.009786975383758546,0.8
6153,0.48200413567426426,30.04304524455197,26.555554524160776,0.010090911388397216,0.8
6154,0.4282027264675497,42.773984614859685,30.653386285940336,0.010002696514129638,0.8
6155,0.055148981892606794,47.10305112365734,33.27559435645646,0.010003042221069337,0.6
6156,0.26180551813783953,34.20539368603248,38.01948047936496,0.009895360469818116,0.7
6157,0.3924071198543858,29.47380547053143,21.090263344618062,0.009819340705871583,0.75
6158,0.5137816121940597,33.27421952764372,30.522014490588337,0.010049962997436523,0.85
6159,0.3344950170826465,47.5345614080315,30.97627878273573,0.010094594955444337,0.75
6160,0.45815055957894596,28.1988706951554,24.441204893817257,0.010150063037872314,0.8
6161,0.3433517411846525,43.63849211072837,33.16310045698578,0.009960007667541505,0.75
6162,0.4004613271537935,26.808826205055908,17.248580505539163,0.010161995887756348,0.75
6163,0.45819257863738594,32.32283037354326,23.093920390912118,0.01055607795715332,0.8
6164,0.28938699733526263,37.86667224198432,33.75188384202553,0.011143302917480469,0.7
6165,0.4960186854141897,38.04345919647812,35.33365103377053,0.010600244998931885,0.85
6166,0.10649021781639778,33.115199469219256,36.24562429487322,0.010159456729888916,0.6
6167,0.3613359277794041,38.428279604726,39.156127979994004,0.009611070156097412,0.75
6168,0.5161073322534355,41.424431005410106,33.95819857189871,0.009805846214294433,0.85
6169,0.19110652759126573,37.36694125135471,18.514152091998213,0.009682977199554443,0.65
6170,0.43416379587308807,38.171040090328106,37.463307918868324,0.010225248336791993,0.8
6171,0.45406528445947536,34.03732206664018,25.299964277606005,0.010402286052703857,0.8
6172,-0.03434060812894825,26.139342550287058,20.313991651832502,0.010249555110931396,0.5
6173,0.31571481061544815,23.166140405351776,19.264529839107354,0.010470187664031983,0.7
6174,0.5348974243978404,32.49222098146771,24.140962688016046,0.010275030136108398,0.85
6175,0.36670221121803287,30.684291597079316,29.078685600265665,0.009858429431915283,0.75
6176,0.31692722819856434,48.21898741952317,39.66787035827662,0.01005040407180786,0.75
6177,0.2367162380370215,48.238946400222616,41.20755383851487,0.009944772720336914,0.7
6178,0.5958906565102972,38.95569542812263,36.211190370720615,0.009598660469055175,0.9
6179,0.2640723461827674,40.30352913648587,41.14270902235415,0.009485089778900146,0.7
6180,0.5214817896890231,32.96735694961674,24.73721644674592,0.010048353672027588,0.85
6181,-0.00047388187727515627,42.620621444528325,25.425684513749733,0.010178422927856446,0.55
6182,0.49196952846194064,24.06020579010887,25.5487172790619,0.010936594009399414,0.8
6183,0.6043267861482294,17.239523269570675,17.421460521187583,0.00986793041229248,0.85
6184,0.5429950232410636,32.302544720954884,35.08204323679383,0.010029375553131104,0.85
6185,0.6823239811890991,22.842593153282017,18.311380503628627,0.010585856437683106,0.9
6186,0.13270182772373612,28.501819945189396,17.322505211516823,0.010795521736145019,0.6
6187,0.4323435285958091,42.64844149029399,35.488720585354926,0.010125684738159179,0.8
6188,0.6151823916175774,31.407642896410618,27.02558811479497,0.009503662586212158,0.9
6189,0.6579536210947218,24.248403841122816,19.275877373949857,0.009859931468963624,0.9
6190,0.09588045922490734,44.32359242880476,36.8827555157821,0.009691393375396729,0.6
6191,0.5377293175434901,36.69650769698562,28.367735234681565,0.010244381427764893,0.85
6192,0.5157783271796775,31.849828798770165,23.65587924447049,0.0096457839012146,0.85
6193,0.1936986094756287,33.258941908655416,25.907592521007583,0.009364521503448487,0.65
6194,0.45363900088874065,31.483766879582852,28.461635786728728,0.00876302719116211,0.8
6195,0.3962666966077425,22.184824254744502,23.80807321981654,0.009698665142059327,0.75
6196,0.46497800033695597,28.85478362456028,26.244205964089552,0.009396672248840332,0.8
6197,0.3833448938633997,29.449794137180287,26.545293955576042,0.009299707412719727,0.75
6198,0.23010292914771688,21.404846548291466,24.328654448988463,0.009595799446105956,0.65
6199,0.4043262820880055,22.487334620544104,23.893810603750804,0.009150075912475585,0.75
6200,0.883590514868767,20.420793421062424,20.420793421062424,0.009836244583129882,1.0
6201,0.7044398000186319,35.09588685097695,30.779735842734855,0.010479068756103516,0.95
6202,0.6082537391790025,33.16967349683654,34.61849720636056,0.010309314727783203,0.9
6203,0.37077371361020495,35.39402124159158,34.809515647520875,0.009549474716186524,0.75
6204,0.4808173740853789,28.37839772251604,25.21730027756326,0.009483432769775391,0.8
6205,0.7249557249731795,27.181038071174775,22.651088855161436,0.009320330619812012,0.95
6206,0.4406632104347484,33.063124892984185,25.089012001758803,0.009474968910217286,0.8
6207,0.4358588445119925,41.099962538398145,33.71744748653889,0.009621727466583251,0.8
6208,0.3563623538806822,40.80122881118808,34.64715872450064,0.009448361396789551,0.75
6209,0.4711422772130631,25.120132699708844,25.08601149898562,0.009302914142608643,0.8
6210,0.549228660658719,35.193602732391284,32.567199133682784,0.009301447868347168,0.85
6211,0.45432851763566884,38.27385678674067,37.32819339940398,0.009872627258300782,0.8
6212,0.2129425926649004,22.568319085628797,18.478557426271955,0.009981465339660645,0.65
6213,0.18940875643813374,36.39741474808453,35.068056703920135,0.010086905956268311,0.65
6214,0.5770399897629892,20.22752503956811,21.0647249598067,0.010222744941711426,0.85
6215,0.557479452541591,23.514319527469592,24.41385430542297,0.009621906280517577,0.85
6216,0.16789887997620803,38.49613246015515,27.60310377661846,0.009599840641021729,0.65
6217,0.5233415773638265,35.89071533093734,39.27874170563811,0.009905350208282471,0.85
6218,0.46660820397475844,52.410029719241344,52.37032941062672,0.010374796390533448,0.85
6219,0.21506705497733267,34.442578417330154,30.15868372650688,0.010126769542694092,0.65
6220,0.3403508930983642,27.58201836068489,32.71473759406806,0.010187649726867675,0.7
6221,0.6412874161142463,23.44802354199276,23.81984675874678,0.010194694995880127,0.9
6222,0.16452006018291912,18.10513843457519,18.805594418359462,0.009440505504608154,0.6
6223,0.5160807534120206,17.829522848725336,18.010055561406013,0.009884083271026611,0.8
6224,0.6553684482660687,25.277949066946626,26.005462171546622,0.008992159366607666,0.9
6225,0.8222085462100749,22.85535271163943,22.85535271163943,0.009309983253479004,1.0
6226,0.33293839761660926,33.544057803241984,32.312712077486744,0.009702515602111817,0.75
6227,0.3597638257793434,30.06382238883656,25.367764938119713,0.009498631954193116,0.75
6228,0.3115817283380526,27.85159032414499,25.59954762505568,0.009652543067932128,0.7
6229,0.42498052465097425,22.873651566816037,25.016042549677675,0.009879064559936524,0.75
6230,0.19754040491742597,34.4297377369446,28.287333837873103,0.010108065605163575,0.65
6231,0.23814779654753798,40.19159432057767,35.89571560263708,0.00956575870513916,0.7
6232,0.26018750710649713,35.665349468378245,34.488279554530685,0.009631288051605225,0.7
6233,0.05404402213380113,50.46074091259396,36.58505405295189,0.010140538215637207,0.6
6234,0.35870450290484973,30.805488868717408,27.277054145605867,0.010056400299072265,0.75
6235,0.5644451475751618,24.674743936459468,25.203062767016064,0.009559166431427003,0.85
6236,0.04070892831928515,34.97623771293329,28.245966270129216,0.01057807207107544,0.55
6237,0.008520399769779318,35.02370996955318,36.50025285048697,0.01070331335067749,0.55
6238,0.4468982125894934,31.609562962604137,28.841246927358235,0.010793852806091308,0.8
6239,0.5792649888909678,24.479829147701416,20.26112134948095,0.010741484165191651,0.85
6240,0.3799432097164736,28.302168879315275,32.10079298632419,0.010982811450958252,0.75
6241,0.5110591555489078,37.98014231055248,35.59360980016485,0.01119168996810913,0.85
6242,0.5394276723707963,27.601588342769066,23.603330096782397,0.010896050930023193,0.85
6243,0.19390982304075025,34.48907851756103,27.82022348066764,0.009963488578796387,0.65
6244,0.35547397502757666,34.44107188512545,25.345305102212404,0.009762418270111085,0.75
6245,0.5615882235411963,26.24121978819037,22.52685500374129,0.009672117233276368,0.85
6246,0.4413123066826715,31.089328354688725,34.476866213751556,0.009159040451049805,0.8
6247,0.5343932280757836,29.06323178217471,31.06298816259026,0.009165477752685548,0.85
6248,0.5032435663566817,22.16982764062038,23.645835497500833,0.00976734161376953,0.8
6249,0.48258298168419766,22.22865214838061,23.419658047577983,0.009312951564788818,0.8
6250,0.1831810719441591,24.48727530812474,20.357005915744026,0.009209156036376953,0.65
6251,0.7859534989481174,30.335698208308735,30.335698208308735,0.009579288959503173,1.0
6252,0.29367735122356187,46.775050283398166,42.50281680064707,0.009240484237670899,0.75
6253,0.4130316848220941,39.69026230486817,32.51076227000749,0.009297537803649902,0.8
6254,0.3797906457231838,29.85270570158272,26.801634160294164,0.009865868091583251,0.75
6255,0.48258046595798954,22.195103874811334,22.762332698193184,0.009268224239349365,0.8
6256,0.2710934407706291,34.12098135997104,20.099701140762136,0.009426987171173096,0.7
6257,0.7325215563947639,28.780655483968626,29.30096721076558,0.009721064567565918,0.95
6258,0.3345707424108705,30.952778208575644,35.730542794565494,0.009501564502716064,0.75
6259,0.3396060127286443,38.02853371307486,38.21660484335703,0.009103453159332276,0.75
6260,0.4810193482602612,23.00343187999708,17.84649679612535,0.009808540344238281,0.8
6261,0.3385898005343845,39.622285130910036,27.1265005783036,0.010106861591339111,0.75
6262,0.500329812753158,38.58182190207119,31.06104578495026,0.009340965747833252,0.85
6263,0.3437885809818103,40.74782502235595,39.54912214978953,0.010042572021484375,0.75
6264,0.19969508936756591,26.1901928327628,22.778585867063846,0.010661327838897705,0.65
6265,0.45565204603330844,33.65647937782679,31.439089154889857,0.009974169731140136,0.8
6266,0.6124222285698139,30.65538898766717,26.43701740628637,0.010250794887542724,0.9
6267,0.3207383964254881,39.682932193028634,34.54376198661621,0.009567749500274659,0.75
6268,0.22610202257158782,32.988340890399755,26.535169977391792,0.010154664516448975,0.65
6269,0.6237827179949883,30.042414420888615,31.559695221804482,0.009280109405517578,0.9
6270,0.11727878397243482,37.73996525719756,18.289726802284683,0.01002647876739502,0.6
6271,0.7024948111067173,17.871987139354445,18.105783741021053,0.01026468276977539,0.9
6272,0.49311906142794815,21.106985981866316,16.02835722883889,0.01006830930709839,0.8
6273,0.4812977784734464,27.45233332245696,24.07331086586256,0.01031186580657959,0.8
6274,0.4428991733869935,37.102758049248976,31.065442124218254,0.009931552410125732,0.8
6275,0.41339515894186113,40.06900957237462,40.05550076184136,0.00985809564590454,0.8
6276,0.6908244273188047,45.008272392896444,41.566629111183616,0.009461712837219239,0.95
6277,0.2540249997502103,34.482152635982004,33.553983111118995,0.009920549392700196,0.7
6278,-0.18195665757401464,43.878760146011274,34.01393907860448,0.009644174575805664,0.45
6279,0.355987667677264,38.463362245940864,25.691715287811146,0.009674537181854247,0.75
6280,0.3256057254468515,37.27552335501771,31.438189202222702,0.010320174694061279,0.75
6281,0.3143258041228065,45.86938801679959,41.89303476592754,0.011040019989013671,0.75
6282,0.4572485847437039,30.16187745413245,26.1102578814394,0.010326755046844483,0.8
6283,0.3792507006686934,45.810320233729506,39.3864805812798,0.009787261486053467,0.8
6284,0.3067614697370935,24.27448464153554,20.005632752009866,0.010071516036987305,0.7
6285,0.0927367065074897,32.32068473835893,26.295509035138764,0.009604275226593018,0.6
6286,0.25974581882620135,33.02437545098327,30.642470742566793,0.0097070574760437,0.7
6287,0.7270881574559972,29.930086178681837,30.745840934447905,0.00938955545425415,0.95
6288,0.4097266179633322,41.03142873667392,40.70328533051444,0.009234201908111573,0.8
6289,0.2027034513767762,36.58693019609569,14.375530855195922,0.009598660469055175,0.65
6290,0.3866004693498182,24.447852305531594,20.041971948251497,0.009518671035766601,0.75
6291,0.7243972467651887,30.85505467852825,26.315798010285604,0.009523212909698486,0.95
6292,0.42586671162454176,40.83741929304703,34.63606421035408,0.009552097320556641,0.8
6293,0.4473075716349113,30.173172023222804,32.005526682026996,0.009580409526824952,0.8
6294,0.23656343974857585,41.94899922444473,46.36100426419772,0.009535467624664307,0.7
6295,0.5246050600838857,38.04524652196538,41.170079925470176,0.009400749206542968,0.85
6296,0.3128483370332481,37.823758839699934,25.104684542120356,0.009649109840393067,0.7
6297,0.6465599586642953,27.81464253624381,29.3147512114035,0.009590852260589599,0.9
6298,0.44930493880047084,31.898388254273204,35.91218534106316,0.009390664100646973,0.8
6299,0.21347209726730992,32.68668399082172,33.80236103451173,0.009455633163452149,0.65
6300,0.3908842747219342,34.412615828572434,32.24761401932502,0.009650003910064698,0.75
6301,0.35626379473840636,39.13135610178136,26.848990514283944,0.010568535327911377,0.75
6302,0.34460686834697535,33.72286939806445,32.3040881143103,0.009973108768463135,0.75
6303,0.23440290796038013,44.17301023217465,48.9767364651941,0.009444570541381836,0.7
6304,0.2509410318107318,35.65680040452473,36.144058517300245,0.009479165077209473,0.7
6305,0.11024690057434246,35.46925229799894,30.534223956724997,0.009280848503112792,0.6
6306,0.5414519020352135,26.45776451445044,21.431519097768,0.00986884832382202,0.85
6307,0.46386242366670605,29.27298636904816,25.206141701885173,0.009491431713104247,0.8
6308,0.5343159564036488,34.29081999188907,31.318683160838894,0.009310114383697509,0.85
6309,0.38738547707113535,29.01617102590712,32.259908100319734,0.00994546413421631,0.75
6310,0.20759393624004224,36.188622255975794,36.09494268160037,0.009635543823242188,0.65
6311,0.4661293065088118,49.35928134668008,54.699801252105445,0.010281360149383545,0.85
6312,0.603577392041142,43.023843795468636,35.089930600282955,0.010590910911560059,0.9
6313,0.6423363392252,29.312899875639676,30.860403965553548,0.010415732860565186,0.9
6314,0.2537261835262941,37.249851246421684,38.694698491991,0.009653925895690918,0.7
6315,0.3743219429617787,33.75151024469869,24.391228096514794,0.008837437629699707,0.75
6316,0.6478629568658285,26.521827367335202,27.477062438769373,0.00891333818435669,0.9
6317,0.4833227894844231,20.133059997542,20.63914674393058,0.009172308444976806,0.8
6318,0.4619240023027752,32.929311064780094,36.018298776475106,0.009784364700317382,0.8
6319,0.6939607877783972,38.70598496458283,34.71901152070057,0.01008697748184204,0.95
6320,0.5519148357251343,31.119473306013543,22.293848007291192,0.01026989221572876,0.85
6321,0.19425351117392725,35.8120979511701,21.916277041830742,0.009667015075683594,0.65
6322,0.27786426861891883,29.649746462851567,27.435158347539137,0.009426248073577882,0.7
6323,0.4642979287448325,29.99701103183504,26.634178887660084,0.009480619430541992,0.8
6324,0.3401357199835197,31.32932949484256,28.693615016757388,0.00972588062286377,0.75
6325,0.5155644540778177,34.61123076229059,20.01421114307356,0.009652304649353027,0.85
6326,0.46629773594168267,29.918145662728328,27.331901941675554,0.010068953037261963,0.8
6327,0.27588990637829713,30.967863895632966,35.27073840382646,0.009903311729431152,0.7
6328,0.512587875003879,36.07332361620621,27.75999972804185,0.009322631359100341,0.85
6329,0.38517883849263046,34.28472831287442,19.0387413122841,0.009187746047973632,0.75
6330,0.30857317491555636,43.38928221033883,31.675108739625344,0.00971989631652832,0.75
6331,0.3498620480281276,34.14389733570001,38.421792236476534,0.0093880295753479,0.75
6332,0.6002914335020693,46.17069706957181,38.12313772897795,0.008910596370697021,0.9
6333,0.400574572963882,26.03852324348939,27.344383918723228,0.009461653232574464,0.75
6334,0.3990230776796561,34.789825847343366,25.315962517605627,0.00907963514328003,0.8
6335,0.3617196465766736,32.417911605984486,30.584016835093568,0.009554266929626465,0.75
6336,0.37703975903339815,24.987016808065768,21.36272771585358,0.009707844257354737,0.75
6337,0.5121434613217022,22.339575680870375,17.617968387613352,0.010015738010406495,0.8
6338,0.6181380442042878,34.148298362071095,30.45944875914127,0.00998218059539795,0.9
6339,0.33440237965717134,42.35178068100167,31.617904354429292,0.00990828275680542,0.75
6340,0.3745973854185326,28.152365742942656,19.299637912947485,0.009577631950378418,0.75
6341,0.37982978589317146,30.446295121254906,27.345121362771277,0.00903303623199463,0.75
6342,0.4638309325367291,27.069219748162794,28.62811945335374,0.009694576263427734,0.8
6343,0.48710181484802295,22.84672730381472,24.42522745032431,0.010136377811431885,0.8
6344,0.2833735242307841,22.919005804408705,17.313365931579046,0.010335040092468262,0.7
6345,0.5750590070721275,23.492239609696963,23.263168088540457,0.00950002670288086,0.85
6346,0.27707787580837767,32.334107635652245,25.731369626731027,0.009783029556274414,0.7
6347,0.5933931063129511,41.71254609462021,44.38187497363618,0.009698164463043214,0.9
6348,0.45020637784913003,34.37458496847655,32.76735388333527,0.00917801856994629,0.8
6349,0.47686107735664285,29.602141942906144,20.813721514993123,0.009967589378356933,0.8
6350,0.16977993151180223,32.56822689595424,17.418113310827746,0.009651803970336914,0.65
6351,0.16075942644244573,46.97304290067251,26.552097483537374,0.00892730951309204,0.65
6352,0.6519921939508914,36.0367544978493,37.0353516404083,0.00939875841140747,0.95
6353,0.44247747326623516,33.77900149728471,30.843301649369216,0.009321391582489014,0.8
6354,0.26643614382564584,49.323601873170404,45.287721747414714,0.00896916389465332,0.75
6355,0.11498148673159583,33.48071087234054,18.82462440816749,0.008923649787902832,0.6
6356,0.47363812284370005,52.070290835930564,41.391579507409524,0.00900425910949707,0.85
6357,0.5519338680813867,43.06736954365522,40.501166030794316,0.00917506217956543,0.9
6358,-0.04230800687394808,35.00342486551021,19.615209531314598,0.009198915958404542,0.5
6359,0.25232452414212814,62.9672873997582,59.008812231524956,0.009238100051879883,0.75
6360,0.34533861998002413,41.46481994706146,30.78166529467055,0.009751927852630616,0.75
6361,0.09301400374836025,38.043867844272455,26.152178200658913,0.009352564811706543,0.6
6362,0.2736645868190014,39.2164879363252,34.20045461621839,0.009546029567718505,0.7
6363,0.557633638721307,27.412605248076233,28.754551192234825,0.009283757209777832,0.85
6364,0.504734133936125,41.2838860763409,33.7849827160735,0.009368824958801269,0.85
6365,0.4677464686801417,27.7291126915525,17.811364559798044,0.009120237827301026,0.8
6366,0.057668732428377355,48.910046717739455,36.513398664586205,0.009411895275115966,0.6
6367,0.47098367402978863,30.06054593380451,27.391087049923,0.009680080413818359,0.8
6368,0.5205267519996836,27.80687177341082,24.295210079615288,0.009380972385406494,0.85
6369,0.2992922284939263,49.22881359831354,39.5739091966785,0.009094977378845214,0.75
6370,0.35409404195730226,36.10447301808932,28.684003882116727,0.009170329570770264,0.75
6371,0.2813905956857325,36.496767939765995,39.80397244306014,0.010239112377166747,0.7
6372,0.5775604783147941,41.388730172687644,39.05055596903358,0.009073793888092041,0.9
6373,0.3326352206248604,44.38562217706125,32.38728318972768,0.008974182605743408,0.75
6374,0.33713462750191436,34.47413051684174,33.24437216188245,0.009552109241485595,0.75
6375,0.6599912230268494,22.814898107961298,16.851189600940994,0.00935136079788208,0.9
6376,0.05524663072703746,30.455947614983778,22.34497967851375,0.009264695644378661,0.55
6377,0.13878659397765208,46.994672598149926,30.66966446545344,0.009340286254882812,0.65
6378,0.6736191391967907,25.839922561507564,25.943479066644567,0.009364962577819824,0.9
6379,0.3837232226804517,30.61244515209493,27.758984707499057,0.009392833709716797,0.75
6380,0.5507057412656781,26.46727676851877,22.26673767137956,0.009361374378204345,0.85
6381,0.620143566995221,33.01048657292944,34.11397727372525,0.009707140922546386,0.9
6382,0.21837949252874603,29.485757576728776,20.97507573951879,0.009763431549072266,0.65
6383,0.3697457854908643,37.307068220208635,24.633162142232568,0.00961458683013916,0.75
6384,0.20697571021318933,43.73885091490519,39.89175356782558,0.009722244739532471,0.7
6385,0.5177224475960562,32.89519507234422,30.188607068810565,0.010633397102355956,0.85
6386,0.5038420184770878,19.46401129895235,19.51311551673224,0.010046052932739257,0.8
6387,0.40698995144521233,27.656589062385603,30.723702546635504,0.010229122638702393,0.75
6388,0.4770192693712561,34.60502430945221,31.607783866628292,0.00985095500946045,0.85
6389,0.5149526983892617,32.282476924535175,34.487882456128304,0.00929032564163208,0.85
6390,0.3420442675883264,26.17483051028115,19.06668298340144,0.00959562063217163,0.7
6391,0.04580218580698732,21.42049915327162,25.623343569577138,0.009592235088348389,0.55
6392,0.31379063819931724,32.008465147088145,35.89282613275264,0.009700894355773926,0.75
6393,0.6577262678303627,28.90340809125247,30.224269892739244,0.009810888767242431,0.9
6394,0.3503477369405167,38.54299502259272,26.039082602733814,0.009562957286834716,0.75
6395,0.20904400506659576,32.26796797710033,17.187745598708663,0.009763610363006592,0.65
6396,0.3847638868318283,32.047805579186814,29.96657165342223,0.009897279739379882,0.75
6397,0.5579304304294221,30.396048361993955,20.855314561124086,0.008942317962646485,0.85
6398,0.4902007736721899,16.648450273827642,16.774440381230207,0.009667789936065674,0.8
6399,0.0962345369509602,37.776744654947024,27.43161699039685,0.010077285766601562,0.6
6400,0.19929287126952114,32.590345478421284,33.04065693531314,0.009152472019195557,0.65
6401,0.4655189572597006,22.87107949828397,24.294867639846675,0.009409141540527344,0.8
6402,0.4532259597218656,23.449805510661935,18.41028372843784,0.010196876525878907,0.8
6403,0.4418123517642677,23.88319705892311,19.614314127466187,0.01023179292678833,0.75
6404,0.6960591676979729,22.50201302854108,22.22761812624847,0.009517240524291991,0.9
6405,0.7546518593289486,21.273941071622907,21.568725707944864,0.009921109676361084,0.95
6406,0.3748567049857544,31.557113286192635,22.57936791008978,0.009447789192199707,0.75
6407,0.244147898335401,36.04603093540982,35.29191355899114,0.009153497219085694,0.7
6408,-0.1541598409444746,55.363653093851624,32.40919743983009,0.008769810199737549,0.5
6409,0.37554555785771065,33.2762327561557,37.191986896473615,0.00901331901550293,0.75
6410,0.18146706538946797,36.390277153250686,37.38157713324078,0.010510873794555665,0.65
6411,0.5254037416760845,41.827352043614155,26.82457338978526,0.0099357008934021,0.85
6412,0.42225035080047696,23.25694170706465,17.92883257008703,0.010226750373840332,0.75
6413,0.5123060947625409,24.162620810915605,26.22075495431018,0.009894478321075439,0.8
6414,0.36844869564002636,34.664030002327166,26.3868271925942,0.00941612720489502,0.75
6415,0.710027923653985,37.70046844558409,33.86429567620895,0.009785640239715575,0.95
6416,0.5377852924372188,32.72979190031678,28.71899450011715,0.010124135017395019,0.85
6417,0.1750839305769749,29.366274080834224,27.281030476529892,0.009478366374969483,0.65
6418,0.17342828530691493,39.22038922320812,35.05904542025267,0.009144282341003418,0.65
6419,0.3009033000905278,29.95103207407785,28.9943060173781,0.008957767486572265,0.7
6420,0.08535524060209375,38.01563737867688,34.63077399970766,0.009455490112304687,0.6
6421,0.7539632364565031,19.272992487278138,19.63937985536277,0.009711682796478271,0.95
6422,0.3744583395156932,32.94858289004069,30.47768368344641,0.009740138053894043,0.8
6423,0.3628229896991179,30.284041046955497,28.02770226638382,0.009593987464904785,0.75
6424,0.5515337859162563,24.212477982153178,19.896383985112685,0.009200012683868409,0.85
6425,0.4509489726902033,34.98037323116046,32.97674735258172,0.009749221801757812,0.8
6426,0.1896100811559613,27.698807530009454,18.838200904659445,0.009807193279266357,0.65
6427,0.5556326498683284,29.2136454506488,30.331816234775534,0.009590280055999757,0.85
6428,0.427360588310309,41.34184885913017,35.087089317667186,0.009059727191925049,0.8
6429,0.1757589621105232,37.14411584750783,25.391696217946546,0.009229350090026855,0.65
6430,0.5132397931936875,30.538453126218663,32.096486681345496,0.009145975112915039,0.85
6431,0.377917443195292,29.511240502471008,27.12003469677524,0.009746181964874267,0.75
6432,0.638115872505298,26.885041119153737,27.821184254052653,0.010174524784088135,0.9
6433,0.44961860614883786,33.400634518553225,30.72241124255267,0.010200762748718261,0.8
6434,0.4506302546994716,32.686947391354344,30.654959593868803,0.009842467308044434,0.8
6435,0.41410809877257526,43.16547282500066,30.851011068423713,0.010367143154144286,0.8
6436,0.6787569422974046,32.63002752864732,28.19687276804164,0.009905481338500976,0.95
6437,0.6498565080560874,48.63765474857142,45.21498038542765,0.00980912446975708,0.95
6438,0.3616905338843118,40.16768085709542,32.99789883929374,0.00971972942352295,0.75
6439,0.2831750625677117,33.712616084829875,32.79641165697543,0.009658753871917725,0.7
6440,0.5402552358086004,30.098832374063818,31.421670495415256,0.009412574768066406,0.85
6441,0.5876490090010758,33.120764146493904,34.547956812351096,0.009399938583374023,0.9
6442,0.2549720416513179,34.90067853854952,27.482702446531942,0.010836708545684814,0.7
6443,0.7115982377522002,31.461660818664207,32.25020068499185,0.009598517417907714,0.95
6444,0.5340524503789168,29.685210408985018,25.859759463343252,0.009292912483215333,0.85
6445,0.26967225401335887,32.49827112366002,23.786977886327545,0.008840632438659669,0.7
6446,0.4263103322915282,20.256744849226003,19.177774656982287,0.009043288230895997,0.75
6447,0.24288291689467884,40.75945974134114,28.32454459615052,0.009397363662719727,0.7
6448,0.6412157760216864,29.852633309702668,30.047173130438782,0.009921789169311523,0.9
6449,0.32269459816657997,44.748537584331814,38.243738016452866,0.009696602821350098,0.75
6450,0.7011233108408861,26.519365889123367,26.9630531349504,0.009683382511138917,0.95
6451,0.39262919041605715,26.227466961231414,21.920901142834985,0.009722650051116943,0.75
6452,0.389028510844572,26.685559274727872,16.469479022556914,0.009539139270782471,0.75
6453,0.49634988286240905,31.806423482050313,34.74465934122348,0.009119510650634766,0.8
6454,0.5051577994138574,20.194634730609586,18.9111948812061,0.008819293975830079,0.8
6455,0.5570947842726199,35.095400779532696,31.240448829363586,0.008717596530914307,0.85
6456,0.740166317528235,25.84702109751464,25.5332391556594,0.009363961219787598,0.95
6457,0.5425068363701219,30.1999920808804,26.25524372882247,0.009149932861328125,0.85
6458,0.37599505770758446,31.0384560435936,28.07505289805872,0.009888184070587159,0.75
6459,0.4114293852687382,49.387021949736834,50.63662779360014,0.009425091743469238,0.8
6460,0.29967330234591155,28.712597429067664,26.49501322161311,0.009714233875274658,0.7
6461,0.2042236348458391,32.3234258388103,24.69428090948671,0.00967257022857666,0.65
6462,0.2721584718266031,33.59323425269715,33.53080269816319,0.009299588203430176,0.7
6463,0.19677149617328188,34.59565008174188,28.355694898212946,0.009272408485412598,0.65
6464,0.5766682992630636,23.129990543398755,18.5095046178261,0.009662306308746338,0.85
6465,0.4551004799234725,26.69600657553636,15.936545966362408,0.009666657447814942,0.8
6466,0.39157847663609263,44.82253005126499,37.48857075904348,0.009496355056762695,0.8
6467,0.3843326212490621,30.102013057654567,33.263968040401636,0.009305357933044434,0.75
6468,0.4566958130087844,26.41929135626239,22.48111750601657,0.009230279922485351,0.8
6469,0.5559457795548244,38.58603147748388,30.5223041768124,0.009680509567260742,0.9
6470,0.2540488700228989,23.968447482020373,25.89855610291949,0.010425877571105958,0.7
6471,0.18079182163268126,33.891654832761695,27.917267714107062,0.01037747859954834,0.65
6472,0.4353490355011086,31.679147404134596,22.138394618149466,0.010059690475463868,0.8
6473,0.11845352154101478,33.189800221510325,25.717425246899566,0.009861087799072266,0.6
6474,0.14342893993711864,39.81641311741491,35.98369385387945,0.009485042095184327,0.65
6475,0.08662880645186513,47.91389009188258,35.80847674708425,0.009522545337677001,0.6
6476,0.1595400630464156,47.1849523038744,33.39484894813517,0.009414076805114746,0.65
6477,0.1042029507771494,55.15186660346611,50.50605460967128,0.009377694129943848,0.65
6478,0.3665894909337065,33.71007681737138,25.73354262703389,0.009427571296691894,0.75
6479,0.3231118306610352,22.656190278448886,18.401547627653454,0.009531223773956298,0.7
6480,0.6220974069664019,37.40486711334393,34.07889305167262,0.009329020977020264,0.9
6481,0.4545444851497395,37.91980865264463,30.634874970140963,0.009330427646636963,0.8
6482,0.39860272146421916,48.242523285702156,37.52944889620329,0.009888553619384765,0.8
6483,0.5397073955605822,32.465333389586625,35.42523189774184,0.01030266284942627,0.85
6484,0.16762947553997093,46.631791385605325,34.23151855964553,0.010575187206268311,0.65
6485,0.2518996244435061,42.38727626340294,26.04999171210991,0.01045151948928833,0.7
6486,0.44826305099576863,43.464250556229416,42.22832094762701,0.010158145427703857,0.85
6487,0.4608650969490019,47.594593950233254,40.97042366563354,0.010045325756072998,0.85
6488,0.4868219636075974,28.282840060081572,18.552499892608218,0.009913456439971925,0.8
6489,0.5007930769004917,23.83016769539447,18.605271368632227,0.009564995765686035,0.8
6490,0.5121972388253976,38.060936815062696,34.59210696303355,0.010586690902709962,0.85
6491,0.3859997056023336,33.545292758840105,32.775119580411875,0.010242462158203125,0.75
6492,0.3482201198483186,41.19007541186415,27.519975581523738,0.010230171680450439,0.75
6493,0.4521958202047302,27.444133849326494,23.19937124258341,0.00987015962600708,0.8
6494,0.6105555558349633,33.4766067465438,29.22026956113887,0.0098580002784729,0.9
6495,0.3919608242352002,31.14678187326198,34.89647321358089,0.01036384105682373,0.75
6496,0.5125110464279927,23.282699145518116,25.197872741143996,0.01019207239151001,0.8
6497,0.6757068595822286,17.132070234803077,17.164459668931315,0.00973975658416748,0.9
6498,0.5879609943099323,26.822478570519298,23.381004350307613,0.009866070747375489,0.85
6499,0.44040578549604925,38.76370517525349,32.150169472663734,0.009862768650054931,0.8
6500,0.46015139363323565,34.21967065036418,26.53983569920724,0.0095572829246521,0.8
6501,0.15770313110808026,35.834041477554884,26.283658714419985,0.009672105312347412,0.65
6502,0.2725035464742382,37.05974112504428,23.105817379887394,0.009687459468841553,0.7
6503,0.39685941097876226,21.366979174024344,15.206140608672934,0.009664392471313477,0.75
6504,0.5238038572115027,41.29575160639969,33.78282714509788,0.009449434280395509,0.85
6505,0.4990180085030955,42.31780691909961,35.24216695249878,0.009830772876739502,0.85
6506,0.24633150798202177,54.838125560266505,26.651726120772764,0.010142660140991211,0.7
6507,-0.021168331135921203,34.386503598676555,17.54863261024311,0.009728217124938964,0.5
6508,0.5461572736090561,28.949112791471983,24.73578111316458,0.009329020977020264,0.85
6509,0.43699576611717506,34.73002256456601,25.63447211385156,0.009394514560699462,0.8
6510,0.2526737404016319,35.438539420646585,28.12496244280803,0.00904299020767212,0.7
6511,0.6175511928381747,29.495527244700025,24.70525868521402,0.009972774982452392,0.9
6512,0.3562998243332522,37.022490131056564,29.12295584170352,0.00951608419418335,0.75
6513,0.4780656859853024,29.141113188720603,25.62654183935044,0.008949291706085206,0.8
6514,0.5226329969486094,40.33652944626871,31.17108297824163,0.009066236019134522,0.85
6515,0.5548236236191972,25.20885730397188,25.732901809007718,0.009137201309204101,0.85
6516,0.5812318616468254,28.715586638538344,24.21335987609088,0.01014866828918457,0.85
6517,0.8624214475461919,18.815637170679953,18.815637170679953,0.009853696823120118,1.0
6518,0.3816757100624579,25.853457130748513,27.588463430470945,0.009817254543304444,0.75
6519,0.6058073159674541,33.79881378240503,35.29352288595686,0.00879741907119751,0.9
6520,0.3670901549392279,35.774004021787064,29.088314575427702,0.00888901948928833,0.75
6521,0.22874905113423266,42.24936252404494,39.31074509213589,0.008604073524475097,0.7
6522,0.5747106270075599,27.16340944656391,29.48288929506086,0.008787500858306884,0.85
6523,0.4056121984151875,36.48333078527021,34.73630704613231,0.008874475955963135,0.8
6524,0.4290199858859419,35.563462159107516,34.28049889672433,0.00924900770187378,0.8
6525,0.5123183837810885,37.06177040457417,34.85080539249895,0.009588956832885742,0.85
6526,0.4741863288649906,40.59770371899601,44.10173090566833,0.0095314621925354,0.85
6527,0.6067444844112464,30.679789961242186,26.244622213168086,0.00940096378326416,0.9
6528,0.5501133957525043,31.352838863969055,26.550507653153396,0.010239100456237793,0.85
6529,0.5433104481483697,27.648059094322996,29.47703050835244,0.010009169578552246,0.85
6530,0.557161600631188,24.376666464254075,19.562931589523277,0.009691333770751953,0.85
6531,0.6109551597730821,18.70299724629133,18.857384677234137,0.009355854988098145,0.85
6532,0.6162324056632466,28.289053923482715,29.64982200837789,0.009478437900543212,0.9
6533,0.6520593829409553,29.101968005999407,24.21190193468111,0.009588146209716797,0.9
6534,0.6105896421398954,32.619102051297325,22.931025108420176,0.009485971927642823,0.9
6535,0.47757474244464027,26.584170375707732,22.34324413192966,0.00901200771331787,0.8
6536,0.6231639791822344,26.37199918731764,27.391634031378587,0.008771216869354248,0.9
6537,0.10345612313307706,32.59597455326339,26.552295688142326,0.009103798866271972,0.6
6538,0.6249860051516648,30.539092627616107,26.88557326991792,0.009879577159881591,0.9
6539,0.7112578551987455,29.007494638602235,24.84887755525603,0.009581327438354492,0.95
6540,0.5396750481163384,27.484374467251097,23.578885987166046,0.009642875194549561,0.85
6541,0.10870049470441226,31.242129706538424,23.549645600123622,0.009037208557128907,0.6
6542,0.4298520447640201,36.38069510943576,27.996559407043158,0.009071683883666993,0.8
6543,0.07760661492773344,38.394480709115825,42.1065159755582,0.009554004669189453,0.6
6544,0.4762512869747259,27.637604943651922,23.757803262894143,0.009255945682525635,0.8
6545,0.43914302539293215,38.0834627480536,30.120471396318877,0.010067629814147949,0.8
6546,0.3098290715487391,47.76418333194002,38.49207118619938,0.009915554523468017,0.75
6547,0.15931939366643827,42.093497473895226,33.14979571464252,0.009197998046875,0.65
6548,0.41345369437589713,28.445502365480984,31.514154328944493,0.0094313383102417,0.75
6549,0.22474329468026877,23.105341863975788,16.88723779827972,0.009660291671752929,0.65
6550,0.5749171028765926,21.631004902617313,22.601409541653155,0.010227739810943604,0.85
6551,0.7308794872715974,18.440952094885557,18.585169851738296,0.009297120571136474,0.95
6552,0.5654855250909453,21.90933399769525,16.58597582485606,0.009685182571411132,0.85
6553,0.3920306654599542,19.59455446441565,19.82834577685196,0.009809088706970216,0.75
6554,0.5901977465418788,24.983400619320406,25.620916788024797,0.010061943531036377,0.85
6555,0.3846634774579588,22.272780667935027,23.51457339922299,0.009516406059265136,0.75
6556,0.3774050073989273,36.25268240979547,29.823386319077184,0.009028327465057374,0.75
6557,0.18212122372869688,18.422272737053927,17.435333347219917,0.009061455726623535,0.6
6558,0.4844179903084327,24.555020206872992,25.756382720089718,0.009095001220703124,0.8
6559,0.30064065848694155,32.03403395746377,21.10835202030981,0.008983469009399414,0.7
6560,0.5010457807458255,22.156551097902998,23.74236215461426,0.009209942817687989,0.8
6561,0.5908346632870758,17.317540841524167,17.281182679531213,0.00914158821105957,0.85
6562,0.5644174608264757,23.132135988931392,24.365781389798016,0.009447145462036132,0.85
6563,0.5070499990197397,19.059383133137672,19.307757884062866,0.009982490539550781,0.8
6564,0.5715432577842965,28.231425738054032,24.678396497699627,0.010370922088623048,0.85
6565,0.2879968727136729,26.347334412068903,23.37054478943015,0.009937238693237305,0.7
6566,0.7339625744948186,25.49351465363676,25.76507305906865,0.009408664703369141,0.95
6567,0.6153258849110305,29.117684697614315,29.781751253550446,0.009544181823730468,0.9
6568,0.4680053411104975,30.210603480238234,27.214446444582745,0.009791219234466552,0.8
6569,0.32662821556051036,17.751230196346178,17.912274963774163,0.009771215915679931,0.7
6570,0.70380418496997,29.9546515245626,30.570618907067097,0.009868121147155762,0.95
6571,0.6463559059997223,27.54474516121298,28.73973560233137,0.01029740571975708,0.9
6572,0.31575008695780704,29.161403766875743,27.56271894173344,0.01049119234085083,0.7
6573,0.6350897023585359,19.381797457603646,18.56241329855064,0.009832203388214111,0.9
6574,0.41056824256292784,35.640831327326026,33.46118894221698,0.009644711017608642,0.8
6575,0.4751571778599161,29.429803696961283,26.142267690111282,0.01002591848373413,0.8
6576,0.5404239090818399,25.134630818841995,26.041478961148457,0.009263706207275391,0.85
6577,0.35438405981150345,27.989315692366763,25.33231029979938,0.010110509395599366,0.75
6578,0.7713161445189928,18.210197614794343,18.23423964583427,0.010320770740509033,0.95
6579,0.2105324499422611,30.57624093877373,23.617851126368727,0.010449874401092529,0.65
6580,0.6184406129927954,20.22046558078798,20.68082189629486,0.010304176807403564,0.85
6581,0.7486620871748639,25.419196497994832,25.877165327201826,0.009134864807128907,0.95
6582,0.3549273120603339,30.436548892885916,20.833891832439647,0.00910249948501587,0.75
6583,0.5553845037537454,28.220043504309302,24.026964150755546,0.010062325000762939,0.85
6584,0.2658798125346889,39.536645648729106,34.553563457422264,0.009535562992095948,0.7
6585,0.5798764054865815,36.68090275403451,38.97219938312157,0.009497785568237304,0.9
6586,0.4283304184751032,40.221537234767474,39.619035411078194,0.009906160831451415,0.8
6587,0.20693161839412144,28.045203999521995,19.201671602044318,0.01069999933242798,0.65
6588,0.3256860909219833,47.67777472767722,45.103559956859954,0.010880541801452637,0.75
6589,0.3601867951153615,39.15127865624433,32.88688930607332,0.01073594093322754,0.75
6590,0.17313396249175342,47.81997592003623,41.39534494428748,0.010681462287902833,0.65
6591,0.6332461080325202,30.746626339381386,26.972172288756873,0.010440373420715332,0.9
6592,0.503001141541814,24.721155376487197,20.362788157634093,0.010442006587982177,0.8
6593,0.4955132444239759,24.06024880715107,19.38630840235643,0.009197139739990234,0.8
6594,0.5430699469503061,32.14541213296936,28.994311050350536,0.00902336835861206,0.85
6595,0.5839956942019167,22.539916653438308,18.291249781182113,0.009050536155700683,0.85
6596,0.7117484168317502,28.867791887317463,29.60460545273012,0.009370088577270508,0.95
6597,0.5490979176933484,32.80626661461116,30.109427946960523,0.008895695209503174,0.85
6598,0.5180090413025527,23.141859557874078,19.03428754836442,0.009291422367095948,0.8
6599,0.22778997694628594,29.27148676715522,18.95618282831563,0.009068703651428223,0.65
6600,0.24604528344990334,38.16335929068937,39.19294303598109,0.009134650230407715,0.7
6601,0.5277188716376672,33.86829055547237,19.997312563230608,0.009511840343475342,0.85
6602,0.5282194351324054,31.537260608123507,23.093460279794567,0.01005648374557495,0.85
6603,0.2713251526137336,33.38029462143193,26.97739559651015,0.009828722476959229,0.7
6604,0.49307300172170765,24.27356670387909,18.919169735298873,0.009804034233093261,0.8
6605,0.34911550864258484,33.175940136294805,25.1270956895127,0.009369516372680664,0.75
6606,0.18062493193777893,44.02937495017589,34.344093056908484,0.009866476058959961,0.65
6607,0.2843926321149358,30.89381093820299,36.955962348644576,0.009796643257141113,0.7
6608,0.2575758863757512,31.634626958382018,23.00848501437823,0.009740984439849854,0.7
6609,0.5723209390680661,22.852623508449305,18.38887871460712,0.009758782386779786,0.85
6610,0.6311644004596796,28.293833343862797,29.338729329543956,0.01001521348953247,0.9
6611,0.39503494777921977,33.554578662676775,26.811391550963656,0.009921514987945556,0.75
6612,0.785386374648796,32.760351080518134,32.760351080518134,0.009669911861419678,1.0
6613,0.0331765550807917,24.968450997568688,21.084344042581275,0.0097817063331604,0.55
6614,0.4221037435755378,42.587065742865086,42.820595163283386,0.01018226146697998,0.8
6615,0.3738287036952014,27.78505296588051,31.084598145685003,0.010348987579345704,0.75
6616,0.41101279304817717,26.95409612643228,23.74674857664746,0.011001777648925782,0.75
6617,0.21070590675674286,29.101378576080048,26.85014035712786,0.010589993000030518,0.65
6618,0.5250771977644529,34.36349436304479,36.05834287046597,0.01054840087890625,0.85
6619,0.4693109493101552,25.41028755021381,20.290746117274534,0.010374772548675536,0.8
6620,0.417411388016637,41.81385239167927,30.251453064222495,0.010229337215423583,0.8
6621,0.4670064657629152,36.152122216694295,34.97656516600381,0.009749698638916015,0.8
6622,0.5611102662950056,27.168885817087727,23.124360355723876,0.00984281301498413,0.85
6623,0.5542401059587695,24.784379005355653,25.964196098322958,0.009616124629974365,0.85
6624,0.5647800592970318,20.31526858070479,20.410085762617452,0.009352302551269532,0.85
6625,0.4666926207275509,30.722308154322633,27.910822312554156,0.009346222877502442,0.8
6626,0.3956033519737191,29.72981852573605,27.079421572163252,0.009634578227996826,0.75
6627,0.3273923771895593,45.11559914378442,34.07434206213776,0.00945514440536499,0.75
6628,0.7465850730336567,26.06340885785408,26.9001705495959,0.009043586254119874,0.95
6629,0.3091707375837787,24.229341260676474,20.024419417399567,0.009414601325988769,0.7
6630,0.09507782158756566,39.319781408173505,21.189243690367757,0.009972953796386718,0.6
6631,0.4595281316755778,32.70773335518883,28.50799352791181,0.010145854949951173,0.8
6632,0.4853048787808375,29.02016275940012,19.576842569248235,0.009867358207702636,0.8
6633,0.3608389612224145,48.08909254761116,43.7507181746346,0.009559226036071778,0.8
6634,0.3763321756529248,33.9468440182088,31.640722425500584,0.009897541999816895,0.75
6635,0.46015546946465485,37.78998897004117,31.954224567878416,0.010002684593200684,0.8
6636,0.7514989983058593,39.11864921864347,39.11864921864347,0.009881806373596192,1.0
6637,0.5464721006560309,34.208641547509366,25.915851141662923,0.009638524055480957,0.85
6638,0.29318735514009653,30.15625671307015,15.190932377200555,0.009249651432037353,0.7
6639,0.45116117936013245,34.16956373076269,29.47787509089835,0.009051990509033204,0.8
6640,0.2864164015386575,33.88023296336557,33.31277286051308,0.009383165836334228,0.7
6641,0.5510187492739279,25.27243065772096,26.560583313382594,0.0096291184425354,0.85
6642,0.6409068453997703,25.57935828620282,26.017853512105447,0.009839785099029542,0.9
6643,0.3932095509163323,39.411986627294525,32.543762881436244,0.010569393634796143,0.75
6644,0.26452154014298485,34.35634798004982,34.01998344265162,0.010139656066894532,0.7
6645,0.3311276791741852,42.26454329434929,37.72658982787159,0.009743857383728027,0.75
6646,0.29978404325973335,30.507286903227374,28.251005969689714,0.009521949291229247,0.7
6647,0.1515034223679713,47.99899706338654,49.97510767617196,0.009621036052703858,0.65
6648,0.5420551972904148,29.345083105854997,25.679509497782337,0.009254372119903565,0.85
6649,0.4154647862234381,40.04600962244453,32.730847160787086,0.009633302688598633,0.8
6650,0.7540598411889678,22.895675083885507,23.13549125410624,0.009547817707061767,0.95
6651,0.3103557320894552,28.306509190029054,18.87465907997692,0.009994184970855713,0.7
6652,0.18957462122559435,28.121461341600178,26.1959167129595,0.009992551803588868,0.65
6653,0.3597306965933656,16.80002000453643,15.713931977348139,0.010121488571166992,0.7
6654,0.5311158913489039,29.006139348539428,30.9169053048332,0.009924006462097169,0.85
6655,0.4596674507796644,34.09162153405016,32.66518535937554,0.009668540954589844,0.8
6656,0.48561935129483774,24.435077404634754,25.5285525094912,0.009599506855010986,0.8
6657,0.4793027144162342,29.953599656169708,27.00472401387121,0.010096514225006103,0.8
6658,0.3635042072405422,35.72606980623756,35.13459690801814,0.009681391716003417,0.75
6659,0.2077806533329587,52.73177874258535,46.401427528874294,0.009507596492767334,0.7
6660,0.5812056310950172,44.525672284672034,41.81373436032014,0.009491157531738282,0.9
6661,0.6588725305795535,45.411713737924785,41.68009373222846,0.009131407737731934,0.95
6662,0.6006368260905374,36.03848342840592,37.76251953072718,0.009834110736846924,0.9
6663,0.4188623445318024,48.500456945197115,44.15102754613755,0.009864723682403565,0.8
6664,0.28966508128607643,38.94254095710396,34.53166451276104,0.010152125358581543,0.7
6665,0.4326907386622409,37.737437813626634,30.478704402802904,0.009503328800201416,0.8
6666,0.3406097538574382,37.53997237854451,36.39212488919818,0.009631717205047607,0.75
6667,0.3296229269170418,45.50697416473899,42.532570497046706,0.009352445602416992,0.75
6668,0.655970233940098,22.658545475723965,18.05307081220093,0.009505558013916015,0.9
6669,0.3972371089816721,26.673482492572315,23.53914271794223,0.009376907348632812,0.75
6670,0.45244394504213103,39.07308800119233,32.33490240510129,0.009896087646484374,0.8
6671,0.22307086338483284,49.01340455067925,32.45808156386522,0.00989065170288086,0.7
6672,-0.059895396816219984,55.840416241356266,47.053024989818574,0.009419631958007813,0.55
6673,0.29208389634027265,30.89296722743017,19.584610870024562,0.009933042526245116,0.7
6674,-0.07301257844886264,42.17708284359245,45.30891878205072,0.009265637397766114,0.5
6675,0.30905400033269226,30.912395457414135,14.434073137268538,0.009432065486907958,0.7
6676,0.5168553106168092,21.446490271573616,17.10574330536725,0.009409189224243164,0.8
6677,0.5511909917681108,23.546767158811875,22.84321844768332,0.009786415100097656,0.85
6678,0.5535413838257403,29.97068872245608,32.397649015052785,0.009803962707519532,0.85
6679,0.6956605586819292,19.294491747531428,19.593996425205123,0.009222614765167236,0.9
6680,0.4780493944896357,24.685390181693535,20.56865786080324,0.009339022636413574,0.8
6681,0.15533240228407613,41.5391024647718,39.76312924286807,0.00937281847000122,0.65
6682,0.44522046220351524,35.318227864293306,40.05780523921181,0.009300076961517334,0.8
6683,0.2546864480820561,45.450193735162294,28.783518098848017,0.009291815757751464,0.7
6684,0.5684482648635907,26.526558632138574,22.57152488086036,0.009314393997192383,0.85
6685,0.4454671985194284,33.48722354875999,31.836908391534678,0.009699928760528564,0.8
6686,0.6318304758106332,32.40548874953819,33.84610200113932,0.009702372550964355,0.9
6687,0.5020196536962372,41.020778085731735,38.56639580611725,0.008981823921203613,0.85
6688,0.2574191129586836,38.97866895830355,26.785337908388357,0.009587574005126952,0.7
6689,0.5731084707083953,27.3904866767488,29.249644928742086,0.00979619026184082,0.85
6690,0.5196564541502744,39.76677778072542,29.908637992987707,0.009483349323272706,0.85
6691,0.386364881571764,29.073929347044533,19.160472085028438,0.00922408103942871,0.75
6692,0.3830089298755366,22.65115063601049,24.883933051328764,0.009551072120666504,0.75
6693,0.3634073312275413,37.80150281406189,24.121064468272458,0.009466838836669923,0.75
6694,0.2657247117215961,43.241025502318664,32.77146592387297,0.010106050968170166,0.7
6695,0.6026607434587845,42.66950290357933,35.09305468650218,0.010004067420959472,0.9
6696,0.6028014099437989,36.81666150892166,33.173429812095655,0.009562826156616211,0.9
6697,0.5213386695830973,37.26725108251746,29.256754481952598,0.009633421897888184,0.85
6698,0.20415732883913992,30.00064513968769,28.152345288851272,0.01031808853149414,0.65
6699,0.4307252985971856,44.15951067976509,32.60343836710352,0.010398447513580322,0.8
6700,0.3156764421083898,44.26136310838227,46.18918948755118,0.010389435291290283,0.75
6701,0.5615491889471105,29.952239065681674,26.7553413810515,0.009260749816894532,0.85
6702,0.5622709225247509,23.65307542893257,18.84674409611411,0.009594607353210449,0.85
6703,0.05956097203193607,43.53052152778666,29.8433893685955,0.009245359897613525,0.6
6704,0.3911426615650246,31.03741733491656,29.594668413644207,0.009319126605987549,0.75
6705,0.09019990446403259,47.01127822187284,32.8985621202957,0.009513938426971435,0.6
6706,0.1890007530014236,39.12177831823787,27.629245789966042,0.009641993045806884,0.65
6707,0.4244440415784746,39.08337254124497,32.58227117708502,0.008965885639190674,0.8
6708,0.5342097590071411,27.601582014130287,22.260432850584007,0.00889899730682373,0.85
6709,0.6292186787549107,26.41901089427081,27.40704456784562,0.009836351871490479,0.9
6710,0.36007922798829084,36.59803744405591,28.251799622064418,0.010598850250244141,0.75
6711,0.5165932950942262,36.75404234077915,28.401911382597426,0.01035478115081787,0.85
6712,0.5827261969416662,24.887572038679235,20.3098062080464,0.009476065635681152,0.85
6713,0.32109766273674717,48.69187884997019,38.755485817798494,0.009864127635955811,0.75
6714,0.47335272268025397,29.472561104758746,25.904718901500335,0.00977109670639038,0.8
6715,0.45317541155977714,34.15035217765706,25.93471737600847,0.009994685649871826,0.8
6716,0.6054797945817044,18.56622899589701,19.04087973168804,0.01047980785369873,0.85
6717,0.3846746924961507,33.28020395979256,25.11597215780157,0.010793173313140869,0.75
6718,0.34715440076781384,29.305917078597968,26.990564188060727,0.010618650913238525,0.75
6719,0.47386949054268657,26.917396013433553,23.12321288542691,0.010474097728729249,0.8
6720,0.5800412978459016,33.63829993085066,23.676118057764864,0.009953820705413818,0.85
6721,0.3598295761275254,39.751773510815966,27.747568600693057,0.009661102294921875,0.75
6722,0.545144733291578,25.09520180229709,26.44479816761737,0.009921109676361084,0.85
6723,0.2872373374062686,29.402778139775968,31.75939864982042,0.010935771465301513,0.7
6724,0.27467235454769906,35.71064676475811,34.160224754182444,0.00992739200592041,0.7
6725,0.2687733156418993,29.63406022136929,27.247874564238597,0.00952085256576538,0.7
6726,0.277318719751689,27.464617154139603,24.036866393596576,0.009882819652557374,0.7
6727,0.5191631550648997,40.88677552995505,32.60524309948896,0.009523427486419678,0.85
6728,0.41146423711625274,19.171591961088588,19.25684174395348,0.009271752834320069,0.75
6729,0.6195090724322202,30.06825130192363,25.737366896968553,0.008972012996673584,0.9
6730,0.41228368990437714,22.2214350244099,20.890591595572747,0.009365594387054444,0.75
6731,0.5688011568399401,22.353870817595578,22.64008637782024,0.009588289260864257,0.85
6732,0.16916304437461738,16.999299912400595,16.45281747258529,0.009706175327301026,0.6
6733,0.6549165848174878,20.31223627859199,20.12723082880539,0.01019524335861206,0.9
6734,0.5578571287054558,27.869057559765587,23.636713509851106,0.009789705276489258,0.85
6735,0.547345306018834,30.51194303910548,32.783442441041586,0.009591257572174073,0.85
6736,0.6944145804210573,34.450952252402466,29.756703238161453,0.009138953685760499,0.95
6737,0.3684469567380588,58.44457595357998,62.6649619626763,0.009777247905731201,0.8
6738,0.4383671235787128,29.947655758303448,27.22964859734116,0.00980736017227173,0.8
6739,0.5725309916978799,28.849938549991872,23.93616859443753,0.010082554817199708,0.85
6740,0.3800310812206375,34.26609636129213,27.80314766992911,0.009680056571960449,0.75
6741,0.430565424043858,33.521711036153434,25.050130019821918,0.009405922889709473,0.8
6742,0.2734729123125824,38.34832646165021,26.0946778067827,0.009869301319122314,0.7
6743,0.3118118040921386,23.472586387224197,18.173263940829454,0.00956737995147705,0.7
6744,0.6397485830036477,33.471090983320636,23.543228397658442,0.00981498956680298,0.9
6745,0.6782222117469273,25.851313798193512,20.73967112907282,0.009570455551147461,0.9
6746,0.038792477761014764,37.38123919603219,18.106340598688156,0.009076440334320068,0.55
6747,0.21782828904036808,33.07102576173068,26.730798686953523,0.008957672119140624,0.65
6748,0.3334576074734401,40.13916207872552,27.48916915228515,0.009124231338500977,0.75
6749,0.4557042201371126,32.8497580998566,31.11665243856374,0.009775733947753907,0.8
6750,0.5217439723503602,21.750793507308018,22.07356981405969,0.009250962734222412,0.8
6751,0.4653168800131125,35.86559666080289,34.82281940214938,0.009629809856414795,0.8
6752,0.37039386342882996,33.72474984933068,31.33800893949183,0.009396088123321534,0.75
6753,0.437666050639925,37.73944177975342,36.21562792568706,0.009160482883453369,0.8
6754,0.823649076911338,21.566931854684483,21.566931854684483,0.009728813171386718,1.0
6755,0.22521869225537278,39.42486369817111,40.2160574997713,0.010386407375335693,0.7
6756,0.5565125087567283,20.82155534042746,20.962259731692576,0.010261249542236329,0.85
6757,0.6518647619966561,23.722504405754435,24.343267471591233,0.010275816917419434,0.9
6758,0.431181961426394,37.32589821055082,36.59331267282289,0.009628653526306152,0.8
6759,0.37725565893668683,18.713991608132908,18.55509570280943,0.009459280967712402,0.75
6760,0.6069501313108192,36.76072248581747,28.350189247796436,0.009112548828125,0.9
6761,0.1828936395796338,39.88356762926759,20.052368337791595,0.009234023094177247,0.65
6762,0.5506329520833309,33.79181851725848,26.948492946183205,0.009107959270477296,0.85
6763,0.6966183938835866,30.742522304202517,25.56931952034553,0.00901106595993042,0.95
6764,0.3234587092337923,34.45154047214776,25.93305600566812,0.009730911254882813,0.75
6765,0.28031869897601225,38.88280366408516,39.14409220305706,0.009588289260864257,0.7
6766,0.5366909366130482,33.654933091942766,25.405298703033477,0.010442698001861572,0.85
6767,0.5593683415337286,29.07933159303159,24.1155725340215,0.009378588199615479,0.85
6768,0.23934396800219915,38.02005396858758,41.03489605578001,0.009903860092163087,0.7
6769,0.22910979136273105,33.92486348737761,40.60772822998508,0.009647738933563233,0.7
6770,0.24508257181817744,48.22973743847512,34.908627822534086,0.00967327356338501,0.7
6771,0.3983366652475758,31.866587518362326,23.764468523729267,0.009300541877746583,0.75
6772,0.4318467686843155,38.146099533481625,31.399468437452406,0.009399819374084472,0.8
6773,0.022865423245029205,38.15695838255341,16.574258293238156,0.009103870391845703,0.55
6774,0.3354254447553153,40.04757731959732,27.960998529399614,0.008581435680389405,0.75
6775,-0.14742217100989133,33.38074900148486,30.736165538611008,0.008625495433807372,0.45
6776,0.038572620953507705,35.3549432111943,29.600060816652864,0.009229457378387452,0.55
6777,0.6087061454607098,34.889945831834886,31.654607072571974,0.00991884469985962,0.9
6778,0.416845346433938,39.634055988324974,32.62159511732533,0.009688043594360351,0.8
6779,0.4104803122416906,25.32628943720497,29.36024951349761,0.00974043607711792,0.75
6780,0.10930257457912443,42.32539565189036,25.56768076369381,0.011268770694732666,0.6
6781,0.4569916601978539,46.47350398441803,34.31103943651132,0.01030871868133545,0.85
6782,0.2814506274334767,34.643262855552294,26.810668944097518,0.009575426578521729,0.7
6783,0.237273820290053,48.56117994541629,39.804579673154535,0.009500205516815186,0.7
6784,0.0572368229472171,48.64440556287762,37.274097464323994,0.009305930137634278,0.6
6785,0.27723524934924565,31.70468733361617,23.20879936988316,0.009666931629180909,0.7
6786,0.4749705387401331,33.82684128307137,38.030311540194575,0.009777593612670898,0.8
6787,0.09232424493130986,22.6955947471613,17.33343013929464,0.009268689155578613,0.55
6788,0.41146191994822523,26.923360579698077,23.981249319471416,0.009108662605285645,0.75
6789,0.5607052553458798,24.426526992851066,19.010475978259453,0.009353673458099366,0.85
6790,0.327739085437088,30.809352100392733,27.587751459192166,0.00878361463546753,0.75
6791,0.17850522163425925,32.5976816032459,23.926092573535918,0.009018433094024659,0.65
6792,0.5591767050962122,29.930207832485394,26.401488809564402,0.009377717971801758,0.85
6793,0.43282541974382777,36.43809558192599,33.187856566098034,0.00997164249420166,0.8
6794,0.3477554618923662,44.47040071233538,32.74585104530582,0.010072660446166993,0.75
6795,0.11139614913551663,26.23410364489037,30.39427204094446,0.009158790111541748,0.6
6796,0.2797741496100847,30.353986117182863,36.04793335984078,0.009551119804382325,0.7
6797,0.5653165779086129,26.1749027780875,27.799888961078306,0.010559260845184326,0.85
6798,0.33203063030951446,32.21649829980148,23.57896284595353,0.011646687984466553,0.75
6799,0.13585903640673522,28.67674593703281,20.922123481034216,0.010319316387176513,0.6
6800,0.7448961636382806,22.251251963280563,22.575505686652296,0.01015315055847168,0.95
6801,0.1897106302434118,32.01243831803258,38.118096978847,0.0100754976272583,0.65
6802,0.38965472548973923,26.006965316516762,20.228186475301484,0.010239946842193603,0.75
6803,0.30670404363448867,30.074309297206458,34.84966853162475,0.009975385665893555,0.7
6804,0.49085878175159986,24.1923478113926,26.41673723305236,0.010015153884887695,0.8
6805,0.36155062377367153,23.94977892074036,19.197800164955673,0.009444618225097656,0.75
6806,0.4120214088256082,19.742813343474374,21.33630603427915,0.009600746631622314,0.75
6807,0.5261982550764266,23.95546280465423,17.972288179077275,0.009505832195281982,0.8
6808,0.5827047049660128,21.79538261577165,22.53974001496222,0.009729290008544922,0.85
6809,0.40866932837530834,24.344442932673843,27.32309419046789,0.009215021133422851,0.75
6810,0.6367575904677173,33.44532023734509,35.25337299229707,0.009883606433868408,0.9
6811,0.7022974241675011,16.509103293913928,16.778845200495603,0.009715497493743896,0.9
6812,0.5564568919012982,28.61459646502895,24.694951402224287,0.009906160831451415,0.85
6813,0.4845088441797961,26.409566410004874,22.290520241069082,0.009238922595977783,0.8
6814,0.4684984680032686,28.100892316123645,27.944203050186154,0.009044396877288818,0.8
6815,0.5416028548949615,38.83982793700646,31.49831756292687,0.009193181991577148,0.85
6816,0.6045801406636114,30.960047482839503,26.19119349947441,0.009107851982116699,0.9
6817,0.5385544936126794,28.56371277796889,24.911509856510868,0.00949549674987793,0.85
6818,0.3594765907501868,33.15315010206673,31.236172824851142,0.00927983522415161,0.75
6819,0.45645814912894667,28.251662303878895,30.013715955523885,0.009386610984802247,0.8
6820,0.13965441683928217,33.57963891102778,27.917677734706086,0.009950053691864014,0.6
6821,0.36921925672041256,32.46074522497282,31.267163546293165,0.009876430034637451,0.75
6822,0.40524096297872597,21.650943669416044,23.238589736626977,0.009612131118774413,0.75
6823,0.6272726248182139,33.061289827254015,29.483847636070404,0.010344362258911133,0.9
6824,0.15577133718401845,30.374360903234297,19.65587394166406,0.01018071174621582,0.6
6825,0.537834128115309,33.7042739981702,36.590294967316964,0.009727084636688232,0.85
6826,0.3807986884181652,30.559118915722195,27.35525642198913,0.009297978878021241,0.75
6827,0.701764223149669,25.846637978643788,26.416356593326356,0.009653687477111816,0.95
6828,0.6085442379483758,29.502439519139223,25.74705104971379,0.010149669647216798,0.9
6829,0.5321501021852327,34.046402175742195,31.371868148891956,0.009786880016326905,0.85
6830,0.4393689284385739,33.48323936163585,25.553675312610373,0.00988786220550537,0.8
6831,0.3543131075987666,29.482173929538135,26.266269656319547,0.009942412376403809,0.75
6832,0.2417981447498218,47.55918256840387,32.028885739909946,0.009929823875427245,0.7
6833,0.30310035590110457,39.212219641188696,32.67176159968072,0.009849238395690917,0.75
6834,0.4997531717561919,25.903020518238367,26.615513257729056,0.009706974029541016,0.8
6835,0.24055168854643197,34.88456738691582,34.83477833115335,0.009219586849212646,0.7
6836,0.539911934140995,25.853469428976137,21.21619741171691,0.009163856506347656,0.85
6837,0.8236819368533709,26.68741761702164,26.68741761702164,0.010346758365631103,1.0
6838,0.5602226358259348,20.79680486948876,20.571906006756027,0.009431910514831544,0.85
6839,0.19102176886237257,38.03499560924264,34.5651075332964,0.009868192672729491,0.65
6840,0.36578129345586813,27.290872794773783,24.523353843462807,0.009266722202301025,0.75
6841,0.3734586871894204,36.17417740824133,22.645885883969346,0.01059631109237671,0.75
6842,0.4647359628864753,35.780911696038004,21.587379503582746,0.009475123882293702,0.8
6843,0.3788861194220842,37.091660346788636,23.71733644248609,0.009791147708892823,0.75
6844,0.41976938792727586,38.6494218465736,36.60857224378971,0.010566270351409912,0.8
6845,0.54438175701717,28.30728022076834,18.881357243738925,0.009644412994384765,0.85
6846,0.6410518662265845,21.969980705715308,22.121014343041665,0.009978735446929931,0.9
6847,0.08363282696011529,39.681012176843375,28.38033222095272,0.010369706153869628,0.6
6848,0.6234759256833702,24.86716688683621,24.81251569016743,0.009813618659973145,0.9
6849,0.5130705928436862,23.661932466416125,17.320989865623215,0.009373641014099121,0.8
6850,0.47943574583505316,35.404000517352145,20.930421222991498,0.009507584571838378,0.8
6851,0.4345102626431309,37.72958501579153,36.768820381035894,0.009506940841674805,0.8
6852,0.4427424621401819,32.668138612121595,30.18986271170784,0.009443151950836181,0.8
6853,0.2945944115395295,29.42457866283265,20.236119162345826,0.010134351253509522,0.7
6854,0.40694723419799245,42.80613514187398,31.14519454927723,0.009706401824951172,0.8
6855,0.4473595764917775,28.044687948866425,18.474239624418225,0.010096395015716552,0.8
6856,0.5176812712288832,32.626589326891335,23.809484116301718,0.009811925888061523,0.85
6857,0.18373015833378203,42.494681926219805,33.51470604319565,0.009819912910461425,0.65
6858,0.21089517493482343,37.59080976432127,32.22497897995497,0.009841954708099366,0.65
6859,0.4160060459247651,27.97961062284724,23.67298730033476,0.009039342403411865,0.75
6860,0.2966516296061787,42.45630251815257,38.07164662568867,0.009400749206542968,0.75
6861,0.7230101156448798,18.104331324891437,18.06702990097448,0.009498846530914307,0.95
6862,0.6230176959701763,33.48481307334924,30.229912528703682,0.008987605571746826,0.9
6863,0.47985116423687924,29.31521220679261,20.453506146569346,0.009568333625793457,0.8
6864,0.2502635636417134,21.531852521592498,17.88541703143164,0.00938819646835327,0.65
6865,0.37546445782088783,31.006023055094126,16.51871878031553,0.009332776069641113,0.75
6866,0.420542655931823,22.86005335392438,25.23477858970363,0.009322798252105713,0.75
6867,0.49576411441303314,26.913874106107965,16.92722049382664,0.009967076778411865,0.8
6868,0.5487050960131205,28.8521576512539,25.240497183539926,0.009785163402557372,0.85
6869,0.48155958264553667,29.15305207344091,18.76470652446146,0.010262370109558105,0.8
6870,0.4084538033580853,23.02838698255528,17.074428903384064,0.010395669937133789,0.75
6871,0.5338367293384626,33.20078357122733,24.108297669300224,0.010502707958221436,0.85
6872,0.2527669746083613,41.04141055279479,31.017692654485444,0.011156368255615234,0.7
6873,0.7294105235005419,31.489062389417263,32.18163284287923,0.011205899715423583,0.95
6874,0.36919722995750454,27.869043145510506,24.669225203597307,0.009758400917053222,0.75
6875,0.24850183903113673,46.48961474918895,38.407015581116646,0.009918630123138428,0.7
6876,0.24740799258527094,46.44887816833081,31.50440217371638,0.009605228900909424,0.7
6877,0.10119614405901242,30.951517816655247,31.88788767590132,0.009538984298706055,0.6
6878,0.35425231906654,34.78329414443507,26.84269143942863,0.009903204441070557,0.75
6879,0.4238485979357611,38.71592649917288,25.482445941557437,0.010561752319335937,0.8
6880,0.4267623708400273,31.71844101042894,33.841526009344705,0.010114312171936035,0.8
6881,0.5867861017350581,41.409830316882335,44.04707933604256,0.009846115112304687,0.9
6882,0.4890043426124537,40.22240383002391,32.29030824905585,0.010630130767822266,0.85
6883,0.019691762278207302,33.85373645219336,17.915508671108075,0.010374486446380615,0.55
6884,0.4549094801377541,24.790368850127855,20.400426475288874,0.010568487644195556,0.8
6885,0.4753795687987795,23.787196762485788,25.091179649036377,0.0099401593208313,0.8
6886,0.44060643258898613,33.42331265743604,31.43928439747477,0.009832036495208741,0.8
6887,0.2618910065195244,37.87645045843033,33.013531073573084,0.009703481197357177,0.7
6888,0.6116320174717693,37.16974837816291,28.46108395578021,0.00963207483291626,0.9
6889,0.4328839600697531,36.74447170211813,21.792298261678116,0.009724116325378418,0.8
6890,0.1915743407327967,39.027820728770436,19.583035876307562,0.009916067123413086,0.65
6891,0.4343989470266319,39.6563477473807,31.886558813465598,0.010343480110168456,0.8
6892,0.425559344773205,33.48893640296792,24.27502225309656,0.010477185249328613,0.8
6893,0.23901756997437404,41.627967280722416,38.60740110841296,0.010161781311035156,0.7
6894,0.47419175736301344,24.61485380483703,20.615781069699377,0.009497153759002685,0.8
6895,0.17184712972990238,44.66470495140253,37.32145917834825,0.009812188148498536,0.65
6896,0.08413419866506947,44.70925317185055,30.07803958901791,0.009792685508728027,0.6
6897,0.26440705944506676,37.91972602314248,18.845366429799263,0.009191107749938966,0.7
6898,0.4650207835527901,52.566094144260845,42.1607706129972,0.00874263048171997,0.85
6899,0.5999366949572297,42.36527629711443,34.662490970452865,0.008961713314056397,0.9
6900,0.49290138107540005,37.88378803393307,29.568195810297496,0.008967673778533936,0.85
6901,0.336569021913727,39.57802468023933,28.462859566835967,0.009031403064727783,0.75
6902,0.3444625218285682,40.29239460820769,39.59984852362257,0.00949714183807373,0.75
6903,0.5285462105043288,34.86981549929634,37.934255423927716,0.009127509593963624,0.85
6904,0.2720896928938666,44.01124986843321,33.23016374092893,0.010028505325317382,0.7
6905,0.2658101084370784,34.291112082986345,26.54124089185021,0.009440624713897705,0.7
6906,0.3358587915014234,43.88200815228471,37.817150272138,0.009902489185333253,0.75
6907,0.4504833777610756,36.73357459051847,33.883795495368005,0.009864091873168945,0.8
6908,0.08599219986447508,36.37695136991768,39.067525655516185,0.010148775577545167,0.6
6909,0.3527101942853429,41.48070456763693,40.51964684791278,0.010371553897857665,0.75
6910,0.2736982752443086,31.467808078042587,21.374844107420525,0.010193979740142823,0.7
6911,0.5830953899959926,25.357949814274797,26.97725662597643,0.010114800930023194,0.85
6912,0.34819721483073013,28.735870171555728,19.046776756179064,0.009879708290100098,0.75
6913,0.651440817352515,23.13767842919986,23.639819710393688,0.009867310523986816,0.9
6914,0.41227008722334524,23.101888306523293,24.99125996711017,0.009806084632873534,0.75
6915,0.3715017259756245,37.476902931287626,25.20944277367461,0.009968388080596923,0.75
6916,0.4653984689127847,28.16673495433856,19.436327785823128,0.009480166435241699,0.8
6917,0.17286942244203535,37.17020861699037,31.822109688444222,0.009549057483673096,0.65
6918,0.577765063477209,32.173827371982824,24.094284698892988,0.009231984615325928,0.85
6919,0.2694121753081121,33.75477881651619,33.6122896260716,0.00958247184753418,0.7
6920,0.1793930332806855,40.10395796849581,22.414259155512486,0.009670007228851318,0.65
6921,0.4104638747476936,25.168120026480672,27.158916097003377,0.010167527198791503,0.75
6922,0.45151731927477395,26.97383527543256,17.321003113387064,0.009722769260406494,0.8
6923,0.3158678759185659,39.76894520522865,27.583609735424552,0.009566950798034667,0.75
6924,0.23145195029450902,27.252555452475217,15.813251419218734,0.009803056716918945,0.65
6925,0.3768625888878964,34.91284590379772,18.357822149607067,0.009967362880706787,0.75
6926,0.3633782320123415,40.454720339471365,34.674806237317426,0.010214412212371826,0.75
6927,0.8042434022435783,27.526742429791017,27.526742429791017,0.01005558967590332,1.0
6928,0.583363823172829,18.077716451524303,18.345013288914277,0.010370397567749023,0.85
6929,0.547916365598349,23.98029200713081,25.57861461177167,0.00990668535232544,0.85
6930,0.7481241234114464,18.776876919841683,18.829348938647282,0.009776532649993896,0.95
6931,0.08755374831940957,34.12719289096441,20.343795348259526,0.010057568550109863,0.6
6932,0.3480419434827701,34.32178382519337,32.19856765757207,0.01107114553451538,0.75
6933,0.506985529237793,23.42206973687088,18.17131030018014,0.010515201091766357,0.8
6934,0.40864140458310405,24.030935837769597,19.563726111019783,0.01017526388168335,0.75
6935,0.48282089543456025,30.488125359882122,27.74863990836257,0.009748923778533935,0.8
6936,0.5758126751814405,26.59615069155051,21.999788961620947,0.00969308614730835,0.85
6937,0.4527383769956798,31.179458238670684,22.679847971843948,0.009693920612335205,0.8
6938,0.6257512260251483,30.57478713706623,30.89525832693735,0.010071146488189697,0.9
6939,0.2699576936449727,39.96995125864029,21.197104824839965,0.009837079048156738,0.7
6940,0.3472261020005591,42.8936759488494,39.47770720393676,0.010150444507598878,0.75
6941,0.4209171186165143,44.57317404821897,32.91114828279415,0.010246646404266358,0.8
6942,0.18446518026230133,38.32645766208594,19.044927351644787,0.009901165962219238,0.65
6943,0.1885431897653426,38.9288193403182,19.79580540616323,0.009444499015808105,0.65
6944,0.6144750541103365,24.46566161721081,24.95391910075783,0.009580874443054199,0.9
6945,0.20189368073584152,37.72923658454746,18.614210874413445,0.010083973407745361,0.65
6946,0.33936586218234466,34.29484964712122,32.9861369451834,0.009462201595306396,0.75
6947,0.28872563419968034,31.136043323824715,23.250059232549177,0.009635853767395019,0.7
6948,0.31060358614551986,28.7448023354376,19.088385796158725,0.009280431270599365,0.7
6949,0.17458674634579568,37.291565305203406,25.799819079697933,0.009662497043609618,0.65
6950,0.5184850575263602,40.94261727906358,39.93059217590096,0.009629559516906739,0.85
6951,0.47091162739267267,31.067610535559925,28.905176112782957,0.009436202049255372,0.8
6952,0.14655052764332846,47.05523191811583,40.92224997270468,0.009059512615203857,0.65
6953,0.3064419703678409,24.444437809531838,18.12878500111015,0.00910700559616089,0.7
6954,0.34477605198043193,37.83697752058152,26.163091299235553,0.008945512771606445,0.75
6955,0.165280146501469,29.229897100627376,26.495628677331176,0.009271204471588135,0.65
6956,0.5002075313366598,25.12367397951516,20.970062105051,0.009039151668548583,0.8
6957,0.27619066436592543,31.723743233555865,22.61017674703916,0.009534668922424317,0.7
6958,0.7232290793236588,32.50896102886761,28.038525747380994,0.009301626682281494,0.95
6959,0.6005377150650341,17.264130956478866,17.208423952890687,0.009445536136627197,0.85
6960,0.2763793236028834,27.924194811816495,31.717876681770356,0.009160208702087402,0.7
6961,0.4142260026587243,38.9263104390164,30.86047210193794,0.009794473648071289,0.8
6962,0.4819383916260115,25.485180384303384,26.03513907079735,0.009868955612182618,0.8
6963,0.3056446210019572,33.383163196532216,26.36776502173359,0.009785664081573487,0.7
6964,0.23597683501022176,26.3329165005213,25.051078765751996,0.010259771347045898,0.65
6965,0.49939988831429616,28.863087736521955,30.348315256571066,0.010506355762481689,0.85
6966,0.38998453838045,24.768332991168133,26.853737640993177,0.00978679656982422,0.75
6967,0.42838522179226335,33.421655381663854,37.557628446141315,0.009461784362792968,0.8
6968,0.6568302486238704,45.397400162335046,41.89892171331972,0.00922321081161499,0.95
6969,0.3849258493256374,42.572132440924534,36.840874118298004,0.009678530693054199,0.8
6970,0.39471050515854855,48.17550727477397,43.651308448375694,0.009354805946350098,0.8
6971,0.335447670768411,30.784243696191037,22.750590298925093,0.00979844331741333,0.7
6972,0.5924288590086303,35.87890293124353,37.74122239784042,0.009337282180786133,0.9
6973,0.4902589105025128,22.70870057280169,24.474120594162926,0.009677517414093017,0.8
6974,0.4140591031702467,19.64283307978573,19.451157549636026,0.009854507446289063,0.75
6975,0.2793168937682899,32.639965325209566,24.999846432068612,0.009788751602172852,0.7
6976,0.5213439299810949,39.67266224210084,37.88734090525136,0.010067737102508545,0.85
6977,0.3131572984758756,23.567924336835663,25.502786093367643,0.009838151931762695,0.7
6978,0.38815192737251414,39.612619595921764,44.85034641538361,0.009598124027252197,0.8
6979,0.2703321499036232,39.902336847407966,28.345274645696275,0.009551310539245605,0.7
6980,0.17555426393606247,35.17786969243547,37.81591698928675,0.009097480773925781,0.65
6981,0.27749763151774876,33.3938823841093,24.468258788341814,0.009382379055023194,0.7
6982,0.2822127451760418,30.87023614009223,35.27620496494116,0.009674572944641113,0.7
6983,0.6145900428545562,34.46136171288045,30.629515677452257,0.009943675994873048,0.9
6984,0.5301663741406242,29.790407719868263,20.28104347668039,0.010059177875518799,0.85
6985,0.4167342355374961,36.019760070253625,33.79778886277886,0.0099357008934021,0.8
6986,0.6362974244867814,32.96217904062565,34.77630026128117,0.009584999084472657,0.9
6987,0.20457673297971835,35.66526669475059,23.063657816565282,0.009716796875,0.65
6988,0.4172108116055133,42.319264614693914,29.067603112971746,0.010064244270324707,0.8
6989,0.36965792321049573,28.23065257833112,18.819983558103175,0.009545350074768066,0.75
6990,0.42438773579615796,39.260397830988396,38.02368337640901,0.009036779403686523,0.8
6991,0.378533286214844,29.556424212605986,28.07933141691476,0.009148263931274414,0.75
6992,0.04184031817934448,37.24388438817593,17.751996955995182,0.009171926975250244,0.55
6993,-0.025292359273037163,28.29320713259574,17.41616685287368,0.009300899505615235,0.5
6994,0.5696589834384211,23.24971956270867,17.955595977297126,0.00947185754776001,0.85
6995,0.3524423456329412,33.84063409444921,32.86469287194188,0.0094887375831604,0.75
6996,0.41330885866606926,21.294367721653067,22.597728353925515,0.009152734279632568,0.75
6997,0.20873017681690254,32.378842784632475,32.511526862946965,0.009764134883880615,0.65
6998,0.6255737515173291,27.093537878124856,22.989331500346427,0.009729373455047607,0.9
6999,0.291347433087833,32.34021095031954,24.90900182908851,0.008926820755004884,0.7
7000,0.505695814740083,40.11327161613077,37.13947895768587,0.009111392498016357,0.85
7001,0.42309357233795997,38.968669928594494,25.660223799551027,0.008935332298278809,0.8
7002,0.4152772238970936,47.56334424754221,36.990516163935126,0.009239256381988525,0.8
7003,0.20712558917504342,32.4543676889257,26.09192801914332,0.009396505355834962,0.65
7004,0.1933263279326197,32.51526914607527,33.307338597811984,0.009457170963287354,0.65
7005,0.4993215789477616,28.632174120192225,18.986528186110526,0.009299373626708985,0.8
7006,0.2404631370007216,43.09564941462278,17.558987031339857,0.00973914861679077,0.7
7007,0.5104530054462206,39.52095647259308,31.626070138533546,0.009295713901519776,0.85
7008,0.2038905228512699,37.06738886810704,31.969708367621,0.00954347848892212,0.65
7009,0.3962647013825953,21.33726099879932,16.172968010971754,0.009761953353881836,0.75
7010,0.36178810492279323,29.247493472901738,26.331143828542036,0.010415339469909668,0.75
7011,0.29134831343436274,29.09037274898936,25.99379152069981,0.010274434089660644,0.7
7012,0.33673202732347196,38.186418537716015,32.09305935078201,0.009673452377319336,0.75
7013,0.5693524943505341,41.2869470255637,43.42830866370865,0.010072815418243408,0.9
7014,0.35349100226636365,36.12906251914423,34.56852913369121,0.01011751890182495,0.75
7015,0.39279316139120896,29.87982640841176,26.433694760651797,0.009486830234527588,0.75
7016,0.27653327546984807,34.18093685123131,27.87159840140288,0.009810078144073486,0.7
7017,0.16792629640125306,32.94965516738907,19.198729763038838,0.010061860084533691,0.65
7018,0.46841789446662946,39.69793381345179,36.22380154358908,0.009917426109313964,0.85
7019,0.42588218252059296,35.915002336087085,27.77424240280571,0.010301876068115234,0.8
7020,0.3875273195827698,35.913764376126146,28.227829416017716,0.010827875137329102,0.75
7021,0.5457241679349245,31.90755403455183,33.83964797818708,0.00971471071243286,0.85
7022,0.3452435615358612,35.68698062624488,27.40514310404986,0.00929415225982666,0.75
7023,0.6773471994767726,30.566970331253764,30.318736204350696,0.009088516235351562,0.95
7024,0.622875699857268,28.209730165785174,23.328332046998167,0.009337091445922851,0.9
7025,0.46722642027263256,29.054708962242508,30.95224973219847,0.009079563617706298,0.8
7026,0.28359486729211764,30.591125654138427,27.97959026308194,0.009281730651855469,0.7
7027,0.5536684214091923,23.76451308658913,24.99915927429285,0.00927203893661499,0.85
7028,0.38479843240084505,29.690216855022953,26.845825005691527,0.010260307788848877,0.75
7029,0.47788413576108146,16.830297648235508,16.094217945987523,0.010232639312744141,0.8
7030,0.28427097931993023,33.69463914256723,24.89529062096725,0.009298098087310792,0.7
7031,-0.0011443871551298612,39.62507370531286,20.656452802902695,0.009142923355102538,0.55
7032,0.6814056733142733,34.8987864016331,34.944672502410896,0.008927667140960693,0.95
7033,0.4035459769164943,45.30965790337559,40.37587928013114,0.009322011470794677,0.8
7034,0.5381207841675361,51.86390778783175,49.892919836976475,0.009540235996246338,0.9
7035,0.17700134315225596,39.689561411769496,35.83225384230022,0.009211218357086182,0.65
7036,0.530758294302631,36.85646539375488,28.68605608802263,0.008985912799835205,0.85
7037,0.7432043850161973,23.094989129927818,17.879130212904478,0.008926451206207275,0.95
7038,0.5840758349865817,39.42876342326874,36.574918286290654,0.009437894821166993,0.9
7039,0.3536072319101151,29.88683095650863,33.29966369872771,0.008852863311767578,0.75
7040,0.5661923241152766,24.9785714727608,26.240905096472087,0.009124135971069336,0.85
7041,0.42975087670829,35.345373685322,33.2415755438959,0.009345698356628417,0.8
7042,0.5539452015403225,28.543943948746602,30.50670932885349,0.00907226800918579,0.85
7043,0.0810620098242576,33.631590403382035,17.9186034105086,0.00869448184967041,0.6
7044,0.274514533615034,36.27239172176306,34.47258190506602,0.009604942798614503,0.7
7045,0.7364597822889358,28.94773451641971,24.226737472252342,0.009763622283935547,0.95
7046,0.15111683667183332,39.78859977514885,27.382144402260312,0.009148180484771729,0.65
7047,0.7105887570544435,28.8870974186826,29.769446471479736,0.009459924697875977,0.95
7048,0.4600823574586121,34.41107952417396,32.58855658414325,0.010015451908111572,0.8
7049,0.2838022737391379,28.85309773469799,25.331066198149024,0.010187721252441407,0.7
7050,0.36721682356338664,29.82483121993862,32.405676781273655,0.009234559535980225,0.75
7051,0.6543902316973977,21.282837700383585,21.99743684273697,0.009558427333831786,0.9
7052,0.6126893430432456,33.498194203672824,35.088957923629145,0.009438705444335938,0.9
7053,0.35995089718774614,32.96487144895915,25.344424649010843,0.009363019466400146,0.75
7054,0.4095713641253724,29.11978851326528,19.03508355932959,0.008941733837127685,0.75
7055,0.3998141162348948,24.173676901141825,20.082522645505755,0.00910278558731079,0.75
7056,0.25103517839034306,19.546811375258677,19.958245219836165,0.009235835075378418,0.65
7057,0.43851779431327637,28.22388456875757,24.280541186353602,0.010147774219512939,0.75
7058,0.5029335680647166,36.2745708486682,33.1605306481859,0.009819388389587402,0.85
7059,0.3316672007564899,34.48242062455497,33.57261035895396,0.009463262557983399,0.75
7060,0.4609720598550148,23.8787893522418,19.41100952541455,0.009567201137542725,0.8
7061,0.5469208314484968,35.719138942193986,33.35248862765732,0.009760391712188721,0.85
7062,0.40906852351901424,30.883740704397276,22.888372001570122,0.009665274620056152,0.75
7063,0.5898923721592275,20.90364746017442,20.123455004907072,0.009217023849487305,0.85
7064,0.49170952435114323,28.423405747464926,25.073951535936068,0.009204626083374023,0.8
7065,0.3260074684882104,23.61385041984443,26.707596045115743,0.009291923046112061,0.7
7066,0.3831870419847033,30.492789221928877,28.052501257591835,0.009024012088775634,0.75
7067,0.21390031408545845,32.85390162031029,18.78093806299762,0.009175240993499756,0.65
7068,0.40319031373595104,23.903489881581653,19.11534810069894,0.009623360633850098,0.75
7069,0.2830831309266681,29.434381413042342,27.241229573999778,0.009854340553283691,0.7
7070,0.7078810848300197,28.687127673446163,24.04494014988517,0.009521710872650146,0.95
7071,0.6646504124102104,28.00926856969628,23.581757810346218,0.008829343318939208,0.9
7072,0.5340641571011127,35.262366360307475,32.763270198175945,0.009654510021209716,0.85
7073,0.40639979604388266,27.759797990809254,23.070690146966683,0.00963343381881714,0.75
7074,0.37133484861760496,28.835818006879265,25.44584061080555,0.009527122974395752,0.75
7075,0.27650511788887366,28.511367918559916,19.164845196969164,0.00976029634475708,0.7
7076,0.4170542265636297,17.695673430059788,18.167343169813986,0.009361076354980468,0.75
7077,0.467245523973595,28.0716330814681,24.699246852863165,0.00987868309020996,0.8
7078,0.41053029682688214,26.71252533748027,21.521048910438118,0.00977778434753418,0.75
7079,0.7288783999329513,24.744189657728715,24.42350316781591,0.009895026683807373,0.95
7080,0.424232879832496,24.620922415107525,26.192271402867537,0.009732329845428466,0.75
7081,0.3685880577805182,31.87296107341482,34.37528855333383,0.010304403305053712,0.75
7082,0.5457644212295425,27.836504847411664,24.396447606511625,0.009584140777587891,0.85
7083,0.7344676326405432,32.22924798199277,32.83037035973736,0.010037839412689209,0.95
7084,0.4346977790809669,29.40647287519973,26.26666432209936,0.009597694873809815,0.75
7085,0.3096215191166636,27.733426479839984,26.176766476324396,0.009051942825317382,0.7
7086,0.3747488496611554,30.123891171591815,35.15773848574328,0.009545981884002686,0.75
7087,0.6734926988511708,27.372347620533855,28.0884917740157,0.010000288486480713,0.95
7088,0.4960438730759046,23.70336471265921,18.85078859266035,0.010100054740905761,0.8
7089,0.6728044998244577,26.783413489806918,22.869451155961954,0.010253369808197021,0.9
7090,0.47936275203023737,21.137733773726353,21.357819994223426,0.010304808616638184,0.8
7091,0.32397389096949525,25.45280287887747,22.69526763219826,0.009965312480926514,0.7
7092,0.586361424054829,38.07787348186785,34.43986999508395,0.01027909517288208,0.9
7093,0.30546593601763483,26.81312441314592,24.202976502984132,0.009995579719543457,0.7
7094,0.5043985892116005,40.93460002245473,32.8141036126584,0.010571587085723876,0.85
7095,0.19321052497782049,39.972275218412406,20.752466391975567,0.01029045581817627,0.65
7096,0.24251535677675085,43.31768116575888,33.538352923096156,0.010492205619812012,0.7
7097,0.4370017827376264,28.550457450613287,30.777803431579738,0.010007047653198242,0.8
7098,0.4963915381361745,45.704360677062034,33.03589599583569,0.00946500301361084,0.85
7099,0.7630454480045976,24.790732005343,20.228374194154323,0.009485507011413574,0.95
7100,0.1547318203300017,43.314430836760124,42.803260591508916,0.009817075729370118,0.65
7101,0.28707438657987006,28.36725161920372,17.989120333427998,0.009909403324127198,0.7
7102,0.46047267863606606,29.989969838224397,26.887724069765376,0.00971238613128662,0.8
7103,0.5893245271920493,43.98416766957144,46.99399941491137,0.009913313388824462,0.9
7104,0.3078879498290611,23.520292263864224,19.132617886686198,0.00978386402130127,0.7
7105,0.4499493814983325,28.447032291846813,25.39909152402715,0.009524452686309814,0.8
7106,0.3427418387852767,38.386161798943576,39.06631425035722,0.009892547130584716,0.75
7107,0.3087904292859104,28.00713245173795,26.094799791188258,0.009203696250915527,0.7
7108,0.3150972422064569,48.53587756064433,32.864674160523435,0.009120047092437744,0.75
7109,0.5591337079116566,26.695450371532395,17.433173361788146,0.009394359588623048,0.85
7110,0.6317955184587853,21.144985992350982,21.446563885835413,0.00975041389465332,0.9
7111,0.35384126120558024,32.384339105557935,31.288484098244396,0.009911704063415527,0.75
7112,0.6311184211338835,27.99301368210472,29.454005757797304,0.010222017765045166,0.9
7113,0.11529973174009482,33.57127036704388,28.014830402217942,0.009499061107635497,0.6
7114,0.5827820939284837,23.51824613736047,24.770709325749436,0.00939645767211914,0.85
7115,0.40500078375815673,24.797651586300216,20.48758753953506,0.009159481525421143,0.75
7116,0.2751075866843932,38.54692175907995,26.945661453248203,0.00988924503326416,0.7
7117,0.3759696289179569,29.439788895082103,25.954588503341235,0.009762167930603027,0.75
7118,0.5074660397139076,26.17403747362409,21.476883890177923,0.009772944450378417,0.8
7119,0.29607818116515194,28.270734678655536,26.303693979044706,0.01011984348297119,0.7
7120,0.5212104982511487,39.25780013009258,31.714741880650703,0.010270512104034424,0.85
7121,0.2511721540482256,43.7424692534902,40.84071556021945,0.009798991680145263,0.7
7122,0.43785458619287054,40.96788179314472,34.4374372587403,0.009418928623199463,0.8
7123,0.357777453290422,34.1320358944763,33.00778704926587,0.009891879558563233,0.75
7124,0.43570989927259385,40.9090918468849,40.88559021048006,0.009945046901702882,0.8
7125,0.16117964078170938,41.011060372143774,31.682466770159763,0.009958064556121827,0.65
7126,0.4737547307042666,26.772660006278716,23.35812174889531,0.009317326545715331,0.8
7127,0.48540570934452,23.890691542837793,24.55110577988681,0.009019088745117188,0.8
7128,0.40229082941951433,43.91820467653939,38.421063111649104,0.008973479270935059,0.8
7129,0.5241195181847016,40.68270420390546,32.93787644341302,0.009203851222991943,0.85
7130,0.2196331711078181,51.46498064381662,36.830672252658125,0.009724223613739013,0.7
7131,0.6271647692045836,27.25759923604649,22.898394901764313,0.009624886512756347,0.9
7132,0.5372341586992302,29.11516598232821,25.512653854767322,0.010247492790222168,0.85
7133,0.2448130397338673,39.291692584288874,33.7481955891029,0.0100175142288208,0.7
7134,0.43100608256666667,39.59527493874683,38.10143365042994,0.009743475914001464,0.8
7135,0.41173522581820665,37.35047239862873,24.48746003745439,0.009467530250549316,0.8
7136,0.45890149302349503,28.362338376089337,19.45243230414224,0.010075902938842774,0.8
7137,0.44757377542534726,32.94398042715214,25.06977639849767,0.009624147415161132,0.8
7138,0.15329748068328414,39.963126328326084,27.945230710164804,0.009476697444915772,0.65
7139,0.2996138590305198,43.77779057244589,33.33957028338465,0.009384369850158692,0.75
7140,0.5172157357687555,24.989155425313236,19.668956628188,0.009057557582855225,0.8
7141,0.08797625907890824,43.896042859447455,28.010567099508506,0.009882926940917969,0.6
7142,0.35077004101106407,44.39437754175612,26.575042278019385,0.009839248657226563,0.75
7143,0.31121973144717546,38.74667815606439,39.27462037514889,0.010174167156219483,0.75
7144,0.46584577412298617,32.12388876291571,23.857107777708563,0.009988033771514892,0.8
7145,0.25679320894421875,38.28862684030534,26.132003854027484,0.009557759761810303,0.7
7146,0.5759846969307609,45.58847825654157,43.453549346569346,0.009639561176300049,0.9
7147,0.47535653460573624,28.628327744782155,24.667243350988286,0.009504401683807373,0.8
7148,0.7165334864946623,30.068361239344227,25.79497561698659,0.009488260746002198,0.95
7149,0.3550405101833706,42.05378043685221,37.06719386532762,0.0093994140625,0.75
7150,0.34677356487711675,35.56817283515455,41.280867551506816,0.00914536714553833,0.75
7151,0.3238864841823911,37.731750200082686,30.393344608671363,0.009243619441986085,0.75
7152,0.18993988150895813,36.266954777362606,31.147592315091096,0.009679579734802246,0.65
7153,0.620132691485374,37.991842071709605,35.14611964546608,0.009517514705657959,0.9
7154,0.3450126199371458,38.316847436998515,32.31996390547968,0.009978127479553223,0.75
7155,0.43652813507678256,28.33879887647683,24.903504469986423,0.009651768207550048,0.8
7156,0.08311749848406279,41.12709073155126,25.021388265671835,0.0097223162651062,0.6
7157,0.5122854361321629,32.861214553678145,29.997260487999213,0.009274768829345702,0.85
7158,0.250772212948358,47.31238491353659,39.14736930946468,0.009823215007781983,0.7
7159,0.5001660241005429,43.94938899029704,36.35115102986739,0.010931682586669923,0.85
7160,-0.08954962617281155,43.18788415406209,38.72494003059669,0.010956859588623047,0.5
7161,0.3412289215043893,37.848558454017876,30.473490709480775,0.010136377811431885,0.75
7162,0.4304728665379643,38.49044619620414,31.144748277592953,0.00933588743209839,0.8
7163,0.5919197296124407,27.309799905953337,28.372427225217898,0.009239411354064942,0.85
7164,0.37624900516712845,34.059567237789565,33.09569999579126,0.009182846546173096,0.75
7165,0.6431271760625172,24.35438239879918,24.983589616432926,0.009288883209228516,0.9
7166,0.3714348927055949,28.702008942444955,19.299320457849465,0.008796012401580811,0.75
7167,0.09147819725584268,34.66626014074927,20.523759851659253,0.009178721904754638,0.6
7168,0.25336274347484616,35.26683676487787,36.245765389337734,0.009311020374298096,0.7
7169,0.14305160461267585,43.489642397044044,33.48857036232926,0.009265244007110596,0.65
7170,0.41930220185013606,34.389143605966424,31.421053402785212,0.009159529209136963,0.8
7171,0.5395621580817298,37.74949902205644,35.817285102016605,0.009338068962097167,0.85
7172,0.22307398155836702,32.87282458619869,25.32175126321848,0.009123289585113525,0.65
7173,0.39395652517107604,28.814201239975905,26.173666195795697,0.009021902084350586,0.75
7174,-0.13534890054284648,31.86975543658998,15.901024958423067,0.008891701698303223,0.45
7175,0.6084637903985582,19.325048856147216,19.396578766647576,0.008958899974822998,0.85
7176,0.5837624900579861,19.16791331797166,19.223355850815707,0.009269130229949952,0.85
7177,0.246733571744341,35.17157526181442,21.861826884538182,0.009814608097076415,0.7
7178,0.48046377349949976,23.877246116514822,19.46365918248342,0.009746158123016357,0.8
7179,0.4529708285754849,27.833200268558492,29.55856023056692,0.009843671321868896,0.8
7180,0.5816648774135855,25.106511837658097,19.690581267703646,0.010114920139312745,0.85
7181,0.5876198632260382,38.4556640461554,34.413894441833015,0.009541797637939452,0.9
7182,0.6566901925503859,19.2798638340245,19.91802671897721,0.009780788421630859,0.9
7183,0.2996657999907731,27.586709125825884,24.216404919334227,0.009759521484375,0.7
7184,0.42351602226289364,39.38669980296321,31.812105164947766,0.010474932193756104,0.8
7185,0.2755571359007939,18.10018925239575,18.231024904102455,0.009635853767395019,0.65
7186,0.4462797311016165,35.085929911071204,21.025893996260162,0.009622144699096679,0.8
7187,0.1792743758863959,39.81098150928105,44.91621816816124,0.009861433506011963,0.65
7188,0.3583123599866012,39.57176400032273,34.25572447612371,0.010100626945495605,0.75
7189,0.5024513307550388,22.571655829175864,18.081240593272504,0.009701919555664063,0.8
7190,0.5263348097130135,27.231874339955226,29.196001618417693,0.00984342098236084,0.85
7191,0.19196919870200727,33.13272059213266,25.685645373738108,0.010119986534118653,0.65
7192,0.5450864381630958,34.79747435213732,31.120061733740766,0.00971282720565796,0.85
7193,0.19984303268533934,30.17410000230379,21.6993154481203,0.009771895408630372,0.65
7194,0.21760406085496226,49.14809009065017,34.76796285463513,0.009466052055358887,0.7
7195,0.659129547881221,25.090660327979503,20.44564986183413,0.00858997106552124,0.9
7196,0.4968469326860762,43.641528849394405,48.982961727063326,0.008787584304809571,0.85
7197,0.3957668537363502,25.061220437534296,20.680598946344464,0.008885300159454346,0.75
7198,0.5548580414574702,33.03981190898138,24.39953173546582,0.009026443958282471,0.85
7199,0.5283873457498549,31.610907920645893,34.20649767429339,0.009179151058197022,0.85
7200,0.5221313856583175,32.24790013454502,23.0584355402218,0.010149788856506348,0.85
7201,0.44703777164478353,30.212017030306463,26.48198291718126,0.009850168228149414,0.8
7202,0.547387521055577,29.34830718189725,31.403262454295714,0.00924166440963745,0.85
7203,0.4632378217285093,22.8976834854081,17.927407214412362,0.009005224704742432,0.8
7204,0.4033494631976823,28.70751227448302,25.974008278807364,0.008880615234375,0.75
7205,0.565793510224511,26.86897243772131,23.604589510969646,0.009697484970092773,0.85
7206,0.31657419886443183,25.585398208154736,20.804450374181567,0.009164714813232422,0.7
7207,0.6605976792183426,19.792201267410057,19.779526728965223,0.009374713897705078,0.9
7208,0.35512847819620236,38.88702233788435,25.402514354315368,0.009534227848052978,0.75
7209,0.18942536796469142,35.366668902545044,20.995174714569373,0.0089394211769104,0.65
7210,0.41103803198005123,38.896787054686925,32.00625377298918,0.009947335720062256,0.8
7211,0.28541449205505753,29.306821222791076,20.530207962045044,0.009327614307403564,0.7
7212,0.3516249385572787,34.508017179906105,33.69494158317468,0.009310531616210937,0.75
7213,0.5330648552451216,32.103244979966405,23.135790910282335,0.009320592880249024,0.85
7214,0.7243757781146404,31.509564711142133,32.09356910019692,0.009340512752532958,0.95
7215,0.25451245126817573,29.50219644159778,26.114624314557428,0.00913546085357666,0.7
7216,0.37463129229435227,39.85233216493278,27.58785968247812,0.009298956394195557,0.75
7217,0.3494061501119663,38.64462624988607,32.3915647150964,0.009818351268768311,0.75
7218,0.5262653981563329,33.71710837649297,25.0124629929755,0.009200429916381836,0.85
7219,0.5790570464134829,38.59682090699566,35.41424037225426,0.009198343753814698,0.9
7220,0.05163570308027121,48.322377896100974,35.170585709115535,0.009662115573883056,0.6
7221,0.4270853955277668,35.30369174261338,34.05755914436541,0.009572184085845948,0.8
7222,0.5553582959982694,31.049836569924754,28.008894900087782,0.008958971500396729,0.85
7223,0.5010984198574858,30.472532945955795,32.104154845019806,0.009120690822601318,0.85
7224,0.31712264168507087,33.90618035210522,20.70184220492094,0.009600675106048584,0.7
7225,0.5257145094293383,40.24281794038095,38.95419268598994,0.009033238887786866,0.85
7226,0.08273282976571292,44.499949934784944,28.652493666127793,0.009116017818450927,0.6
7227,0.3978228743193986,33.89367683467895,25.92197743039605,0.009472239017486572,0.75
7228,0.24633847197250094,47.92166732103704,32.24645937389525,0.009713447093963623,0.7
7229,0.25864215495759635,53.05173810841077,50.81301302605557,0.009736168384552001,0.75
7230,0.3067818170026626,29.275620567184625,19.641208136591107,0.009385061264038087,0.7
7231,0.2956778931025533,27.391070830125518,24.878895977560237,0.009178924560546874,0.7
7232,0.4519747570400125,34.00024978109894,37.1072128301005,0.010056495666503906,0.8
7233,0.6527283870846528,26.665285722531667,27.43266737744212,0.009630727767944335,0.9
7234,0.5048867671113505,23.59338039044521,25.163063333356277,0.009199512004852296,0.8
7235,0.729292071947998,33.51810597096473,29.274469886032676,0.009222328662872314,0.95
7236,0.6960159193691706,32.826044259427825,33.415096085639846,0.008748161792755126,0.95
7237,0.44254240101792564,33.53303364355515,31.630622638003775,0.008817899227142333,0.8
7238,0.2589168569500915,38.06787798715236,24.769976279990026,0.009060859680175781,0.7
7239,0.5215411351578195,40.505316106804194,32.71898983516673,0.009134805202484131,0.85
7240,0.6121300793540375,34.72028480663,37.06211757663823,0.009107375144958496,0.9
7241,0.5323293977287723,39.102346103428765,36.91209659083945,0.009127616882324219,0.85
7242,0.018011554679265806,29.5028901131912,20.59408100015589,0.009101879596710206,0.55
7243,0.30026962977565635,30.227536663321324,21.77307684797933,0.009249281883239747,0.7
7244,0.4013424725127755,30.557842617735407,27.122516810467232,0.008959436416625976,0.8
7245,0.44039946699171556,34.72094720564183,26.66019092325761,0.009177494049072265,0.8
7246,0.40105516836504157,42.842672964228335,43.41676046738954,0.009203934669494629,0.8
7247,0.46436429786287003,23.419149093860856,24.565982579753612,0.009478235244750976,0.8
7248,0.09168139906679332,41.50368045575977,23.483863269738674,0.009952700138092041,0.6
7249,0.4677736125335126,28.782011349852883,25.461141075209405,0.008946776390075684,0.8
7250,0.3961932208441987,40.521127153216625,41.00610095903548,0.008830571174621582,0.8
7251,0.40754320507296865,25.676113957329715,22.33564693521918,0.008784174919128418,0.75
7252,0.2087940285042798,27.715100783802683,17.689185560512637,0.009273695945739745,0.65
7253,0.42132824371558397,39.51487139742448,33.106798688046545,0.009111034870147704,0.8
7254,0.3570918967750355,32.74826615084127,31.438569281662797,0.009486722946166991,0.75
7255,0.3857608521102517,38.20948116740408,33.16064457473489,0.008845555782318115,0.75
7256,0.5302552083689284,37.16384682185112,23.040491122481104,0.008655798435211182,0.85
7257,0.5313934607704833,26.132499078933694,21.840276202685175,0.008846795558929444,0.85
7258,0.5918819833969093,18.70805675099745,18.929381584626295,0.008986806869506836,0.85
7259,0.5029775329139855,36.60391132912504,39.57458430754164,0.009007740020751952,0.85
7260,0.39226861775716804,26.939617482192272,22.57056098012715,0.00894545316696167,0.75
7261,0.5540527429586122,31.057052173068804,22.134461327306468,0.009060299396514893,0.85
7262,0.6255176869453315,36.71509868409372,32.54517918153978,0.00900019407272339,0.9
7263,0.4445179905341153,28.285303361717656,30.954877315359642,0.009157323837280273,0.8
7264,0.3068828781517345,45.02220446156751,40.62467852076433,0.010059189796447755,0.75
7265,0.259909697627828,37.66431726121973,25.706211689576786,0.009552705287933349,0.7
7266,0.38882093965456843,38.77657696180909,31.891584596533455,0.009668970108032226,0.8
7267,-0.05355987182727563,46.55161122398339,26.508866312175954,0.010330891609191895,0.55
7268,0.5908066903636306,38.54638888157476,30.55003521335034,0.009466516971588134,0.9
7269,0.3539594149376431,33.90006009009881,26.440714602904404,0.00962613821029663,0.75
7270,0.2884146456013671,37.83196135374646,25.574550272680032,0.009287357330322266,0.7
7271,0.17035222691164553,43.534424019015766,41.27986927285551,0.009050107002258301,0.65
7272,0.48298401617281783,28.385488095804824,19.094512666831157,0.00906357765197754,0.8
7273,0.47988104770500123,20.23829649112646,21.061729318175004,0.008677613735198975,0.8
7274,0.28269230537091417,34.28973212554889,27.95676851346214,0.008526325225830078,0.7
7275,0.5191648331261277,35.63358834106564,32.51638270339641,0.008817458152770996,0.85
7276,0.6924268375808271,20.440286315228708,19.7472137035152,0.009151828289031983,0.9
7277,0.398324267965247,23.248639919209175,17.704111970514987,0.008939266204833984,0.75
7278,0.3771216790674171,28.864359635585156,25.735129619795796,0.008900272846221923,0.75
7279,0.30398368815180843,25.36434007644926,20.958472695216752,0.009333372116088867,0.7
7280,0.19750268869381649,28.128015796115477,18.273063794504374,0.009356212615966798,0.65
7281,0.2733329032724191,25.09963396485852,19.787627021501468,0.008710432052612304,0.7
7282,0.4313699394126832,33.68241081791008,31.499783922044017,0.008544015884399413,0.8
7283,0.6763285418964816,17.760403594591843,17.949275309122584,0.00881800651550293,0.9
7284,0.676717485776361,23.786669510061888,23.976545469164396,0.00895833969116211,0.9
7285,0.39270937776667564,28.457937032436895,18.49085760867903,0.008614647388458251,0.75
7286,0.4411175259903791,33.589314481725445,31.856054558961823,0.008875882625579834,0.8
7287,0.45211384871496013,32.931840997108736,22.805174284251258,0.009194278717041015,0.8
7288,0.1146438145090248,40.01465095924012,21.03317741040232,0.009526538848876952,0.6
7289,0.5288587152873886,31.471106401290456,32.676145079203636,0.00965355634689331,0.85
7290,0.06784341945919467,49.325374505714656,44.983202829246295,0.009275329113006592,0.6
7291,0.3450601908389389,47.86258149980884,44.66111170406467,0.009767842292785645,0.75
7292,0.20544794792741924,38.42730732139346,18.704341194545417,0.009376227855682373,0.65
7293,0.4328116968556027,35.384469402816364,33.38954684495532,0.009324729442596436,0.8
7294,0.43894343347915843,29.506616068129443,32.148608871774414,0.009309172630310059,0.8
7295,0.3338220191059554,39.42414060336023,25.772305092060783,0.009305930137634278,0.75
7296,0.01738469438126754,37.930550964618945,16.103231203334452,0.009520530700683594,0.55
7297,0.26823467434829523,37.32722543570245,25.349588917988942,0.010039234161376953,0.7
7298,0.5603935286742362,27.012305145772654,22.73800394023474,0.010397469997406006,0.85
7299,0.4737460499002107,34.14794843356789,32.27065130671648,0.010176944732666015,0.8
7300,0.3247818561158192,42.793542240198256,25.093698300400902,0.009002840518951416,0.75
7301,0.7649656997522545,18.399896916816356,18.46684970251486,0.008467936515808105,0.95
7302,0.4400831179859517,38.51220226560059,38.24336401549429,0.008573019504547119,0.8
7303,0.3094654759766993,25.5194197889418,15.785136770080086,0.008620762825012207,0.7
7304,0.44516887126639143,38.277817159926904,25.996782027233188,0.008787477016448974,0.8
7305,0.2755924046260573,37.78739158382543,25.793171630927834,0.009863018989562988,0.7
7306,0.7460235054040857,16.48156151543602,16.40479368405631,0.009243476390838622,0.95
7307,0.5357827726453179,16.458147947189484,16.62096322912234,0.00884312391281128,0.8
7308,0.5594249099164409,27.61922479351452,24.224700355914297,0.00893852710723877,0.85
7309,0.34779751962825883,33.31550217222475,25.272782113882005,0.009290838241577148,0.75
7310,0.3620983643430989,28.869774127134644,25.904987288320726,0.009546160697937012,0.75
7311,0.4102595601201976,35.28105441840785,32.81019106474103,0.009740865230560303,0.8
7312,-0.03342170404173904,46.080905269624054,33.76997596714018,0.008928120136260986,0.55
7313,0.3751426620992328,28.169136751968512,19.126863112125083,0.008998250961303711,0.75
7314,0.518658887421695,31.442705802514457,33.105327877943594,0.00941234827041626,0.85
7315,0.4468801435477932,26.95198025779481,23.48249767236039,0.008940804004669189,0.8
7316,0.360480028892766,30.200862178715248,20.582295963245496,0.009032106399536133,0.75
7317,0.4003383890186193,19.409618731137975,19.100885466599596,0.008914875984191894,0.75
7318,0.3781707321935024,23.45719113177143,18.499816969033773,0.008973789215087891,0.75
7319,0.4887505774178284,21.46511561640051,23.10738800563307,0.00919513702392578,0.8
7320,0.3645035654366803,32.835898445823176,30.764161621084064,0.009061694145202637,0.75
7321,0.23838428676745133,23.322253190567004,19.32746268661361,0.009005701541900635,0.65
7322,0.5583720078649816,30.32441844676879,26.50671502871063,0.009624898433685303,0.85
7323,0.446394434958314,33.41856144470693,31.822108072634386,0.009016013145446778,0.8
7324,0.2032413020175608,37.37710727413773,32.698887023777836,0.009272074699401856,0.65
7325,0.20205857089972906,37.89656703056428,26.226892813922987,0.00877549648284912,0.65
7326,0.5933405304468959,38.349390955785864,35.59961138485775,0.008729076385498047,0.9
7327,0.3392307080576266,38.24727801858277,39.202220839807026,0.009368860721588134,0.75
7328,0.2594083535788121,21.65813112218919,16.858855345709856,0.009556961059570313,0.65
7329,0.5137100538863296,29.185062178377365,30.590404957154554,0.009592342376708984,0.85
7330,0.4487117788819991,29.669275438286906,32.50423308815712,0.00909038782119751,0.8
7331,0.23156161705936323,29.481038638262532,29.359260491620432,0.009039711952209473,0.65
7332,0.32673805296901226,23.1805882835378,18.57498353418216,0.009326398372650146,0.7
7333,0.2012305841639544,28.473254064445484,18.20874598670193,0.008891892433166505,0.65
7334,0.3611887623437197,19.61806857727461,19.364238925437995,0.00943305492401123,0.7
7335,0.530633641131287,26.66144802891099,22.61948726292812,0.008996319770812989,0.85
7336,0.3977732587253222,26.037228093313693,29.24639963686444,0.008776545524597168,0.75
7337,0.6014804932683543,24.901450902125333,26.403690174012226,0.009205269813537597,0.85
7338,0.2752665921834581,31.007117577013766,28.902468192609586,0.00937812328338623,0.7
7339,0.39973845317986684,19.769896991512464,20.028052390544573,0.008817267417907716,0.75
7340,0.4632337094225649,30.100965108720732,26.72205523860538,0.009253287315368652,0.8
7341,0.5783869516390656,31.007404642514693,32.43815003066812,0.009486806392669678,0.9
7342,0.26299334025275517,39.41258231842751,33.37182715182741,0.009228265285491944,0.7
7343,0.3801758170079028,28.95407844332737,26.88572259842728,0.00962531566619873,0.75
7344,0.2977050760622655,32.3579406153369,17.80840567203194,0.00908437967300415,0.7
7345,0.2938906285457362,28.259938801956956,18.17138804539237,0.009213948249816894,0.7
7346,0.3361289145837519,18.412953704277207,17.81298048308436,0.009530305862426758,0.7
7347,0.24744560842616367,38.56339603754371,33.168326688362725,0.009200000762939453,0.7
7348,0.352602754310476,31.24156666155735,35.482336700268185,0.00899820327758789,0.75
7349,0.425475823007309,40.04208095357133,39.22763783699819,0.009076011180877686,0.8
7350,0.392948516159907,25.571861816746008,15.473906632778979,0.009045112133026122,0.75
7351,0.5616687320619331,25.72109079222498,26.115893354870273,0.008877575397491455,0.85
7352,0.5347203314753413,39.64685474085447,38.150635261298305,0.00935298204421997,0.85
7353,0.6993434349194092,29.82510830280005,25.511917741695733,0.009021055698394776,0.95
7354,0.28074522959275444,20.338279841781787,18.71568565399814,0.009188318252563476,0.7
7355,0.1309346026071881,30.205532244178265,29.67742068043748,0.009189558029174805,0.6
7356,0.5327778473605138,30.775460981567022,33.10045032997154,0.009636020660400391,0.85
7357,0.6211674555249869,24.635547120103126,25.3117757294255,0.009740185737609864,0.9
7358,0.18035329783324502,33.334890706015166,33.67618798140004,0.009724509716033936,0.65
7359,0.36737963421571707,38.816657161815456,33.26572791806446,0.008939063549041748,0.75
7360,0.645472828717261,29.040197122042684,24.982469866905333,0.009554648399353027,0.9
7361,0.4591869512562493,28.657972043314942,26.19711266927814,0.009087705612182617,0.8
7362,0.4248264111546149,34.915967747289685,32.90152485386233,0.0089493989944458,0.8
7363,0.4471031744312932,24.760022830987573,19.096501888061745,0.009180939197540284,0.8
7364,0.45833974897062574,27.35112829581327,23.263855909161833,0.009312164783477784,0.8
7365,0.7213857702491375,25.477059459474766,20.57200139597546,0.00925384759902954,0.95
7366,0.5036603620024964,28.80526459542856,19.240323617121675,0.00988706350326538,0.8
7367,0.3397437844582992,33.157978135825516,31.33745026294962,0.009461140632629395,0.75
7368,0.4554238058300074,34.2796786833192,25.51951012524151,0.00959465503692627,0.8
7369,0.6429209173636647,25.4659683301964,26.48237598201434,0.009277355670928956,0.9
7370,0.4847036230456786,31.063652753595807,22.271803861613265,0.0091697096824646,0.8
7371,0.5151166850386233,33.792108411179385,31.17407356911317,0.009656727313995361,0.85
7372,0.42107079664059077,28.62446777428646,18.879977984127372,0.009547924995422364,0.8
7373,0.23798579231005484,36.42481301720988,24.355431095951527,0.009675276279449464,0.7
7374,0.3683050643816559,32.2357090856985,30.03147036470867,0.009641730785369873,0.75
7375,0.3047460212634715,31.228787503477168,16.5109303961602,0.009667861461639404,0.7
7376,0.47342918572048315,26.14696137531978,15.594227725282162,0.009562206268310548,0.8
7377,0.3364449991075667,38.885590144826786,32.3637652462759,0.009616005420684814,0.75
7378,0.5389756790904029,33.29115694460263,30.08552808238645,0.009468507766723634,0.85
7379,0.3782958648182872,32.667381068005696,23.493360228743384,0.009507811069488526,0.75
7380,0.05246310665743066,50.0012857156088,38.53344803843062,0.009380757808685303,0.6
7381,0.4289021769188193,37.922768495480774,28.88404458797919,0.00931626558303833,0.8
7382,0.6079791638264872,39.13199006108581,36.38352807482841,0.00984736680984497,0.9
7383,0.2509830195725352,46.83028072092979,43.72713010481938,0.009426212310791016,0.7
7384,0.37499470230662835,27.552257787686592,28.80058616266786,0.009346020221710206,0.75
7385,0.041052455235269195,41.01027732082081,36.41459189298329,0.009480488300323487,0.6
7386,0.43178104887466173,39.86293714205038,38.57658767063246,0.00971219539642334,0.8
7387,0.18561692140394134,40.534600140898156,34.3763911235461,0.009153831005096435,0.65
7388,0.3231540707108312,27.924494161956176,17.826886336826284,0.008950185775756837,0.7
7389,0.4399469672183659,34.431407080580655,24.8153986427522,0.009506666660308838,0.8
7390,0.2596934925824447,29.991642290540046,19.641835151911724,0.010150337219238281,0.7
7391,0.5382684747406541,34.7576416258138,30.69120566040218,0.008924615383148194,0.85
7392,0.16788354049715387,45.737089854612016,36.7708588657514,0.008881604671478272,0.65
7393,0.46569247209293785,33.38609684594949,30.426404917068798,0.00905689001083374,0.8
7394,0.4787609821106608,24.577408777439924,26.171772230182142,0.009079468250274659,0.8
7395,0.01630300574903819,40.0357440192908,40.8937011453431,0.00910114049911499,0.55
7396,0.5237266171184577,36.66505089010906,29.257122409543683,0.008959853649139404,0.85
7397,0.5026090078571525,42.75522731990079,36.37961426637055,0.009024095535278321,0.85
7398,0.2363823269099104,47.54857214655779,32.544420529696794,0.009199559688568115,0.7
7399,0.5705725518059993,29.235535427958563,25.563026861741722,0.008664727210998535,0.85
7400,0.24755526650698895,47.37848093665481,40.435783145497574,0.008369779586791993,0.7
7401,0.11721057764637792,48.81567277545292,42.949947880412246,0.008702361583709716,0.65
7402,0.21400824245240316,25.725642736160165,22.26276237419876,0.008988010883331298,0.65
7403,0.5875581496903497,40.72317206600337,32.49789898084287,0.009607625007629395,0.9
7404,0.6782229323028817,29.569880346089075,30.215564489239767,0.009739995002746582,0.95
7405,0.75874788330847,32.075766134441906,32.075766134441906,0.00912473201751709,1.0
7406,0.7057231101104251,30.28573715287082,25.813286934486133,0.00898571014404297,0.95
7407,0.3655526641292469,36.94579563608362,23.82659726025599,0.009455430507659911,0.75
7408,0.5319856656480142,27.584561597745715,17.83744934371565,0.00967329740524292,0.85
7409,0.16982389413069918,27.714060679229526,18.54886453696391,0.009786415100097656,0.6
7410,0.479853877426193,33.47389864342688,17.245086626994652,0.009579861164093017,0.8
7411,0.1917281130598396,33.89607221245806,27.29108975182133,0.009362196922302246,0.65
7412,0.5569939207864284,30.614236009295514,26.8821853207025,0.009433388710021973,0.85
7413,0.5475381639964577,33.70106594349844,19.53901589011424,0.009193325042724609,0.85
7414,0.47530166322266193,27.80769599270156,23.886802771176956,0.008947420120239257,0.8
7415,0.2930320620081236,51.96794479597461,44.110016650693375,0.00917881727218628,0.75
7416,0.6521825673045066,28.59130961317232,19.192284596881777,0.008678698539733886,0.9
7417,0.544740927993414,33.27510905045325,24.224798598104,0.009155011177062989,0.85
7418,0.5387423237548529,29.39889173019629,20.019660729632655,0.008438563346862793,0.85
7419,0.43889381486565604,38.57736995989625,37.280770820924616,0.008397972583770752,0.8
7420,0.5681064101298517,35.926618157073186,32.35887004943864,0.008638036251068116,0.9
7421,0.23878929091981732,37.43379323307922,24.026904079141712,0.008762013912200928,0.7
7422,0.4697305974973623,20.593222054458465,19.320446497544655,0.009389650821685792,0.8
7423,0.38162446336520334,31.20546406168407,23.066001749934117,0.008672726154327393,0.75
7424,0.45226247699434224,32.438769684617824,17.584316707249382,0.00866931676864624,0.8
7425,0.629330053021315,28.572418945398226,24.6224144820372,0.009127414226531983,0.9
7426,0.6254149881998499,27.981735966558638,29.30565969140678,0.009090220928192139,0.9
7427,0.7500887385480206,23.5213551683116,18.72342301606626,0.009565508365631104,0.95
7428,0.4565010481877538,34.42495081273381,32.36633127612752,0.00933324098587036,0.8
7429,0.563285669768619,23.88870016777745,19.3757762678892,0.008833050727844238,0.85
7430,0.5077585233699018,34.30295965728889,25.850431475109037,0.009133172035217286,0.85
7431,0.3717955717665936,30.403081039572346,21.271206118294227,0.008989834785461425,0.75
7432,0.4541758748792796,34.202266049157465,19.33387024947968,0.009247291088104247,0.8
7433,0.5274155436430756,38.54757896092752,30.79013934933618,0.009466004371643067,0.85
7434,0.34540891388608796,45.12702909881533,21.293015547011244,0.009736239910125732,0.75
7435,0.5186707263468826,32.70581071849621,28.417098147978237,0.00925276279449463,0.85
7436,0.2834195801972451,46.35378043784252,37.954218433224014,0.009413635730743409,0.75
7437,0.42652129731370303,36.95881936720318,41.77290594168102,0.008861875534057618,0.8
7438,0.256444375661539,33.94378934931674,19.918908454041762,0.009834694862365722,0.7
7439,0.5106259988810702,36.857750611040224,34.74517651152958,0.008964645862579345,0.85
7440,0.30422939576728686,32.81733195996843,25.325328745962448,0.009310078620910645,0.7
7441,-0.07668406342737147,35.42811525508331,22.66542152902458,0.00933220386505127,0.5
7442,0.39214960623975303,22.840197265794256,18.643302240341992,0.009378278255462646,0.75
7443,0.41024734824462855,27.719967542288437,24.243595304726135,0.008954799175262452,0.75
7444,0.17194904186331125,35.967547344865025,38.84943564157989,0.008805561065673827,0.65
7445,0.36412413421410184,33.92601083095785,26.575413856304685,0.008582198619842529,0.75
7446,0.22188687003613133,54.02354640523115,41.247363063797216,0.008771157264709473,0.7
7447,0.23669620112354872,40.420725856591865,36.02253268784641,0.008595037460327148,0.7
7448,0.4301594375758535,39.610388881591724,26.28698251757837,0.00889732837677002,0.8
7449,0.4301046421351411,38.230381395588495,42.79143895310172,0.009107065200805665,0.8
7450,0.4253204520155377,17.657398527674406,16.73013277550783,0.008833813667297363,0.75
7451,0.1687329303961395,43.333574545438424,26.955498781512347,0.01012037992477417,0.65
7452,0.1798857965490473,38.2960075683235,26.871441631868556,0.009726083278656006,0.65
7453,0.3980948460769461,24.50632034736035,20.082887744734652,0.009294641017913819,0.75
7454,0.5511737107537876,25.040198790995184,26.242665770298796,0.009228861331939698,0.85
7455,0.3258072032506067,22.729887690213584,18.093741398486166,0.009328877925872803,0.7
7456,0.5285709967651201,21.915810151308612,23.444780488336697,0.008903896808624268,0.8
7457,0.7463361043733436,19.950034386189355,20.186535719834723,0.009329843521118163,0.95
7458,0.21769931492299036,27.83203089889083,18.969549946213185,0.008944785594940186,0.65
7459,0.3626023854654857,33.125388066109586,19.381648652399786,0.008889579772949218,0.75
7460,0.3862850195394419,23.94249270461176,26.755994618844284,0.008877205848693847,0.75
7461,0.3123751043990627,19.327484778103102,20.250980224098534,0.008976006507873535,0.7
7462,0.6670637407345841,21.33403095737831,21.250317563077953,0.00867084264755249,0.9
7463,0.497325487997926,29.835607570315023,25.58740246017102,0.00880732536315918,0.8
7464,0.39880719393575625,26.927893101667593,20.71093308383625,0.009205543994903564,0.75
7465,0.27044124221773974,39.86409824255314,27.50115609920638,0.009112083911895752,0.7
7466,0.5496992025112875,30.133248021709715,32.6824853817951,0.00967782735824585,0.85
7467,0.10818089824478919,21.563151526464857,20.57678974119004,0.009460222721099854,0.6
7468,0.39984201020515886,37.701807735572295,30.513458507002966,0.010157155990600585,0.8
7469,0.4826244688248419,28.493914572790906,24.39877869055517,0.009791409969329834,0.8
7470,0.6454137092136973,23.3342431380563,23.955095553546286,0.010087871551513672,0.9
7471,0.11406243194488246,29.749034605908655,28.63557927599984,0.009548342227935791,0.6
7472,0.3914305229306224,26.97099181318733,18.128090085911712,0.009913742542266846,0.75
7473,0.5434808991509736,37.71930007408703,36.00695218701185,0.009669959545135498,0.85
7474,0.5357976917580589,36.730421823635574,23.42618270819439,0.00931156873703003,0.85
7475,0.41125575630954775,30.29607520660513,22.596621558675043,0.009362196922302246,0.75
7476,0.3361562188756448,48.57917686152321,26.291190692977064,0.009760546684265136,0.75
7477,0.3425772286976858,38.77350101914506,19.902209898221933,0.009166955947875977,0.75
7478,0.2846327620439061,34.774385754722275,28.344747453954295,0.009275054931640625,0.7
7479,0.5545438257197668,28.72329137060106,18.985643330564024,0.00885014533996582,0.85
7480,0.6248075055064999,30.577900110406745,26.341756250675346,0.008993268013000488,0.9
7481,0.4466302225531731,29.77620723692533,26.319942771053853,0.009055650234222412,0.8
7482,0.39492522280187614,43.51457472643567,31.760699125852195,0.009428143501281738,0.8
7483,0.2409349806906019,48.475220636876955,34.71579974028795,0.009623754024505615,0.7
7484,0.6891964806071662,39.345966470436196,40.38022002730197,0.009979712963104247,0.95
7485,0.06096032750836574,47.98260816245598,34.79318661260306,0.009623897075653077,0.6
7486,0.2681771214087674,34.46799841202597,20.425068435109235,0.00905764102935791,0.7
7487,0.3084051048120847,28.113387998779196,26.33878821254488,0.009525823593139648,0.7
7488,0.4598938498777704,28.48456557922366,24.70298510236593,0.009439122676849366,0.8
7489,0.5026979506164228,39.46932984769371,32.20648430916471,0.0087804913520813,0.85
7490,0.49027972316327484,34.361367601536024,24.721751617422342,0.009134793281555175,0.85
7491,0.3724234085638019,30.310491237311517,27.530100368677047,0.009223127365112304,0.75
7492,0.47369241250874133,23.89967049262755,19.185942997669425,0.009069597721099854,0.8
7493,0.4672279030417653,34.630196772296394,32.652453869690795,0.010049724578857422,0.8
7494,0.47468677593870023,18.11887056556035,17.959039774369337,0.010124266147613525,0.8
7495,0.3544297908598925,37.82325392135269,31.958621499275818,0.010090267658233643,0.75
7496,0.2517753456787398,28.67489922664758,25.928294395317373,0.010162150859832764,0.7
7497,0.4218020572084038,38.65763082219227,31.503974013910494,0.009596240520477296,0.8
7498,0.7690440311477362,18.217331126171594,18.259738054575536,0.009857702255249023,0.95
7499,0.2871567921620777,31.059993980195184,21.19120786787207,0.009271454811096192,0.7
7500,0.33486924895581555,37.21960445178855,42.842214723499026,0.009449565410614013,0.75
7501,0.5470146289749502,34.180655862531594,25.120278180779728,0.009417080879211425,0.85
7502,0.42762944467823294,42.21034073498146,43.00218392432724,0.009098148345947266,0.8
7503,0.5140864192526255,18.37416766270348,18.516499276232253,0.009560763835906982,0.8
7504,0.23387205016580087,25.23883044843712,21.92720008080814,0.009647345542907715,0.65
7505,0.3682154348057837,28.765455604433036,25.09666066348729,0.009257245063781738,0.75
7506,0.4468923454489568,27.2086416525971,23.672670833532244,0.009253609180450439,0.8
7507,0.43065195777792675,29.24330809316873,18.921348888289874,0.009695649147033691,0.75
7508,0.5375879516934418,32.86046272751218,28.791834016142783,0.009630811214447022,0.85
7509,0.07562918695969797,22.864067770918258,16.675799781183688,0.009763062000274658,0.55
7510,0.6378597293880948,24.04774476114309,24.78959263973171,0.009465312957763672,0.9
7511,0.25534271196051483,37.32231861790906,24.8268179592255,0.008697617053985595,0.7
7512,0.1746913433914922,42.09943645971656,32.7303700295313,0.00853952169418335,0.65
7513,0.3465792523345751,29.31510300626806,26.210396987978456,0.008776843547821045,0.75
7514,0.16633190592181654,41.13095749904488,30.212324518132554,0.009148764610290527,0.65
7515,0.22179632001923816,22.36385540742879,16.68443657217366,0.009579038619995118,0.65
7516,0.13032433283850434,22.57630514678816,17.64903625702813,0.009292519092559815,0.6
7517,0.34752981749675815,39.3630675912212,33.388232902026886,0.009435570240020752,0.75
7518,0.8340066973735013,24.348536027575726,24.348536027575726,0.009536755084991456,1.0
7519,0.28799268570969716,22.397866785794374,25.05398241592351,0.0099869966506958,0.7
7520,0.3543594700393866,36.44836926797533,22.5994288161541,0.009494125843048096,0.75
7521,0.13356012925510777,33.33259160093058,20.035184151036017,0.00990145206451416,0.6
7522,0.3182086001742674,24.145120785975575,18.641127624870972,0.009071505069732666,0.7
7523,0.3520915334556368,34.20680477687497,19.75865638223794,0.008756303787231445,0.75
7524,0.3472265285841663,38.159548972809844,25.372696857052162,0.008924245834350586,0.75
7525,0.0937922957678009,43.06303204391149,35.40968608688953,0.009258902072906494,0.6
7526,0.30461669218325843,27.833002961793987,24.56022795034863,0.00968388319015503,0.7
7527,0.27179281821770684,37.339948688002465,38.701514740958785,0.009421968460083007,0.7
7528,0.5599298886737973,19.337271742053577,19.650854228712806,0.009470021724700928,0.85
7529,0.19678213051989615,33.62954625648265,27.273868728835186,0.00911102294921875,0.65
7530,0.5859593416221281,23.901047074778923,19.648047767130805,0.009393072128295899,0.85
7531,0.5504088432797426,22.1054411727843,22.973345831612413,0.009819304943084717,0.85
7532,0.48320808058703424,33.58695745443676,36.74779162242655,0.010068094730377198,0.8
7533,0.48822423139014104,28.27279276558744,24.33052383594464,0.010277235507965088,0.8
7534,0.20996853245704275,31.879217193912986,17.766973645553772,0.010275423526763916,0.65
7535,0.2981020752780742,32.84502110214978,26.273905685226367,0.010044550895690918,0.7
7536,0.7419753721245862,27.56023159848678,27.95501057085711,0.009841597080230713,0.95
7537,0.4279738535158549,33.47936672074602,37.10037099716419,0.009849476814270019,0.8
7538,0.2535852713147032,26.268138449054856,22.801880744170933,0.009644258022308349,0.7
7539,0.3797541458496363,24.35927685825511,24.78696393618321,0.008809232711791992,0.75
7540,0.5465321709741874,25.748302080183084,21.12896058587237,0.009096491336822509,0.85
7541,0.4070642438533361,26.02279028722212,20.83225853618867,0.009558188915252685,0.75
7542,0.4022786708607554,24.254802971493877,25.208638244418875,0.009940218925476075,0.75
7543,0.5610443100597945,20.499377069940078,21.232475492450906,0.009482777118682862,0.85
7544,0.3846391170924823,31.50019300473115,29.701934136648994,0.009417557716369629,0.75
7545,0.4581531667456648,30.728416301445378,31.964754366287977,0.009720087051391602,0.8
7546,0.36702659209615496,35.64712365278447,21.680688707172695,0.009347152709960938,0.75
7547,0.3153232800762725,27.906846652943564,17.948250925327848,0.009303760528564454,0.7
7548,0.679090324019962,19.614642780100514,19.52773507317113,0.009578609466552734,0.9
7549,0.4470803450019639,29.636629981776487,19.477323002436016,0.009324443340301514,0.8
7550,0.11073681223205227,34.21405515906721,20.399928080768287,0.009105408191680908,0.6
7551,0.5528136416184359,23.38044283922659,24.224382220632982,0.008928954601287842,0.85
7552,0.6818082785571609,22.634810788986698,23.51176276813301,0.00950096845626831,0.9
7553,0.5521303013010349,32.11989222641729,23.6509530043423,0.010046398639678955,0.85
7554,0.4159862675055363,22.79420148043131,19.055338766163707,0.009545052051544189,0.75
7555,0.4933083461310523,23.067023549151962,18.39587146715498,0.009606409072875976,0.8
7556,0.610302893046373,32.624258998352786,34.259976631729366,0.009451627731323242,0.9
7557,0.6383744029871862,29.7735479269003,20.74029956519996,0.0097456693649292,0.9
7558,0.42376021163428634,43.0358293661299,31.40159292242778,0.009538471698760986,0.8
7559,0.4485146595196884,24.510774993773392,19.91802021865201,0.009647154808044433,0.8
7560,0.1396285164984915,28.64609136643714,19.2834334325546,0.009203505516052247,0.6
7561,0.4428915333853404,34.283076287670006,32.240980960597724,0.0102453351020813,0.8
7562,0.19952708320383167,35.04933380348582,28.947673163550363,0.009182310104370118,0.65
7563,0.30825489391014527,40.8724565664303,35.43473959454268,0.008843600749969482,0.75
7564,0.37000427008151465,52.101180595361896,42.28191660145535,0.009144210815429687,0.8
7565,0.3387500416664417,33.922699397595494,26.145170040010946,0.00906074047088623,0.75
7566,0.5805958923616122,19.607131634723164,20.10624223145221,0.009986579418182373,0.85
7567,0.49319257764714897,28.975511012276378,25.764812855479814,0.009215617179870605,0.8
7568,0.6253199110692739,33.99297108854293,30.64406484224888,0.009309303760528565,0.9
7569,0.537807039672594,32.57408183890909,23.746368050849423,0.009265637397766114,0.85
7570,0.5612227328928399,18.277122895629752,16.887354033379502,0.009890210628509522,0.8
7571,0.3177712616898618,23.248430966886627,19.630622155525817,0.010464358329772949,0.7
7572,0.6532515601792286,29.99743168252118,31.51360962489538,0.009626388549804688,0.9
7573,0.2335982460775113,28.968397105250084,28.50331171768139,0.009663069248199463,0.65
7574,0.5488445333352657,33.73726096199443,25.212865632407535,0.009973752498626708,0.85
7575,0.3316629262148136,44.59376175894428,40.06815031526739,0.00965489149093628,0.75
7576,0.11057606231761404,34.64006995345353,28.86753035262379,0.00958644151687622,0.6
7577,0.36087128109401745,40.13569485367029,28.258586575603378,0.010285937786102295,0.75
7578,0.39614025698465066,32.51869001869625,24.8465073652204,0.00972360372543335,0.75
7579,0.4875487593245393,28.278875222177824,30.165842544082622,0.010071003437042236,0.8
7580,0.3150725396401125,27.5515224154562,24.44407870512808,0.009918928146362305,0.7
7581,0.26408899175566986,39.66147323805913,34.24020951429528,0.009555482864379882,0.7
7582,0.720838829638099,30.593881695024002,31.204700309785693,0.009515559673309327,0.95
7583,0.559434479951795,29.37590343887186,31.539022963888527,0.00935521125793457,0.85
7584,0.4853568454544268,40.289829217508995,38.71728734063314,0.00943506956100464,0.85
7585,0.5916082439844635,35.298421022732036,37.101559481880365,0.009948360919952392,0.9
7586,0.5533581077398521,27.38096785614365,22.323712639879464,0.009582459926605225,0.85
7587,0.19645577535590492,29.558669190736616,20.979198772300947,0.009253191947937011,0.65
7588,0.5737242152172402,23.786987859243702,23.675424826151986,0.009333324432373048,0.85
7589,0.5301494858070969,31.737089101315302,28.63092134778626,0.00938476324081421,0.85
7590,0.30499715283520573,55.50260993620807,48.698159144906484,0.00942823886871338,0.75
7591,0.5311967055634736,42.08952279074471,33.82832118035088,0.009232401847839355,0.85
7592,0.5987624007033883,39.380268485607,36.444158976675574,0.009444630146026612,0.9
7593,0.25462702450184393,38.7345858013411,26.154780419209413,0.00957036018371582,0.7
7594,0.37319275973796295,35.12496208986484,31.89990717042853,0.01013566255569458,0.75
7595,0.5321315996076803,30.60597813516789,26.644048094255766,0.009180879592895508,0.85
7596,0.49739782317500214,24.118372821896497,19.420255260242833,0.00880976915359497,0.8
7597,0.29605774955721575,28.742228602100177,19.134946514181742,0.00900815725326538,0.7
7598,0.47645229008695233,30.110560465541994,26.978843526923747,0.008996033668518066,0.8
7599,0.440086517773638,37.688989045539834,23.82257892373429,0.009312105178833009,0.8
7600,0.49450557665521194,38.03429836630757,36.25803332016105,0.0094771146774292,0.85
7601,0.2706902737049153,23.323023837909933,24.314171472441434,0.008849740028381348,0.7
7602,0.33678794951435376,42.07444081997563,37.532716012523885,0.009038019180297851,0.75
7603,0.2781639800646191,30.160831014078866,28.55388684060363,0.009576511383056641,0.7
7604,0.37152153343790884,30.225516517202305,27.01195690573015,0.009022772312164307,0.75
7605,0.47696389620849305,28.994253443204975,31.044154046741518,0.009145069122314452,0.8
7606,0.31144225371296624,27.718186576839344,24.621426784128875,0.008735430240631104,0.7
7607,0.35811183304289684,33.25815518755769,26.027779331356097,0.009274256229400635,0.75
7608,0.8240419887360375,23.273458394267433,23.273458394267433,0.00946500301361084,1.0
7609,0.07330805418031194,39.948746649702514,36.08554321849909,0.00957038402557373,0.6
7610,0.15236702269282068,56.89925308182477,49.10840261092391,0.009835481643676758,0.65
7611,0.519078688999349,29.365235226084575,25.399173109053592,0.009367692470550536,0.85
7612,0.249909258648445,40.29993705137677,28.780869765897858,0.009314560890197754,0.7
7613,0.44224882774717145,32.513016796453634,23.336556185050732,0.010870981216430663,0.8
7614,0.2866391518725532,27.137015553775672,24.676562437003135,0.009889066219329834,0.7
7615,0.48196811924639604,24.190786731156205,25.699393855556444,0.009774589538574218,0.8
7616,0.47433775494506925,29.4817037711144,26.04832592524654,0.009787189960479736,0.8
7617,0.4625768317693278,38.05754714165211,31.111136898294564,0.00913996696472168,0.8
7618,0.1570205193190486,45.81468097419595,37.58926455553604,0.009228599071502686,0.65
7619,0.23507499896279388,40.16131355951912,35.84482977733716,0.009935128688812255,0.7
7620,0.32099426755568455,27.100472943672674,24.462900714389203,0.00994812250137329,0.7
7621,0.6145611281652076,35.66714793719397,32.314963490445884,0.009397590160369873,0.9
7622,0.532937665123553,31.814389762169974,28.74125586753686,0.009255671501159668,0.85
7623,0.5881110144043525,19.36546664274867,18.165562575225177,0.009371602535247802,0.85
7624,0.5571507985590672,24.282249265498006,19.112249702203673,0.009168052673339843,0.85
7625,0.34857554785995326,19.79901842996963,19.346759352317797,0.009005188941955566,0.7
7626,0.5961776982846275,22.12355895390315,17.409415282354544,0.008886992931365967,0.85
7627,0.16494202872959787,42.0790954510807,33.23041972519029,0.008975040912628175,0.65
7628,0.6658703515814266,25.098132819779988,25.73547352522067,0.009135580062866211,0.9
7629,0.5668807453380952,34.98904752057306,24.573304954006126,0.009790956974029541,0.85
7630,0.14730107578902313,32.095742859815985,25.453118760855588,0.009265196323394776,0.6
7631,0.2255214970603403,29.14201749700439,28.514505045871484,0.00971081256866455,0.65
7632,0.6507497537322157,27.412002657474282,22.93639185647944,0.009634625911712647,0.9
7633,0.7475910783882609,27.563909692318653,27.942956679943133,0.009637761116027831,0.95
7634,0.3277919256176741,23.225171776119772,19.41758977604702,0.009599399566650391,0.7
7635,0.4131026936660655,34.36919300305046,31.445013313089234,0.009785521030426025,0.8
7636,0.06766484475611174,53.96052164206613,37.113548286107644,0.009935295581817627,0.6
7637,0.462316035479858,30.347062006597078,26.25011212996438,0.00942898988723755,0.8
7638,0.43075348098768124,40.12021036761202,33.03004516195725,0.009092378616333007,0.8
7639,0.3604620859310315,34.32729516208325,32.201356554985956,0.009732687473297119,0.75
7640,0.10222657837896332,40.8740783000604,30.71839027651475,0.00964759588241577,0.6
7641,0.11160312000548037,33.99776792907197,26.13784970186025,0.009416663646697998,0.6
7642,0.09979217961910755,34.82054936431648,21.773042410119714,0.008805954456329345,0.6
7643,0.33044149779329535,20.853291836359993,21.47767775108797,0.008807969093322755,0.7
7644,0.34715579280976916,33.30405810240399,25.964917253028002,0.009159457683563233,0.75
7645,0.25813766260855187,30.20529735848343,17.193787086912913,0.009819400310516358,0.7
7646,0.4887788462082986,23.958949392304014,19.73739517365707,0.009586858749389648,0.8
7647,0.3725588305290276,34.34305006765558,26.53374888374226,0.009198904037475586,0.75
7648,0.12937025315756406,35.56412246919825,32.57304367236659,0.009911286830902099,0.6
7649,0.23121288197234735,39.77920921501847,35.127447354778745,0.009351980686187745,0.7
7650,0.34311841058937875,26.902543034152764,18.03130403660808,0.009760308265686034,0.7
7651,0.20782580610015167,28.28232076958299,25.17768728861296,0.009832465648651123,0.65
7652,0.12751956234745537,35.527404114547195,36.859060930607974,0.010082089900970459,0.6
7653,0.27253032649107317,35.16548554692482,27.458612948035693,0.009792137145996093,0.7
7654,0.43301660429878525,38.38086661456249,36.66460533461286,0.009750938415527344,0.8
7655,0.19753217619747446,37.70549543157871,25.938349068699022,0.010389161109924317,0.65
7656,0.7533447756007026,16.167682509540747,16.03073200279544,0.010581266880035401,0.95
7657,0.46081559466923716,28.459058271923748,24.36626276756297,0.010411286354064941,0.8
7658,0.3257736014420258,37.6194885122937,37.59452818744868,0.010686230659484864,0.75
7659,0.45054843250654947,28.893460230158972,31.361706364559957,0.00929567813873291,0.8
7660,0.4406559078774518,16.262215332609504,16.20976507985831,0.00987335443496704,0.75
7661,0.14213016252544886,27.79236819958795,15.81410494336645,0.009373641014099121,0.6
7662,0.4920572414545094,43.5338018694495,36.67133122382007,0.009171462059020996,0.85
7663,0.342507537769876,43.797467520004204,38.759943971559125,0.008789491653442384,0.75
7664,0.3721471483524844,34.11305705118252,32.79846893226932,0.009090006351470947,0.75
7665,0.6714635096571014,34.26806143745685,30.04758516967979,0.008869051933288574,0.95
7666,0.6468363249724345,33.0224953493432,28.838477779004425,0.00860346555709839,0.9
7667,0.4845145333528554,30.889543393833048,33.699494372274486,0.009005367755889893,0.8
7668,0.2338111029792583,39.882608593059274,40.75134489042636,0.00940847396850586,0.7
7669,0.1761708415598015,39.89330728712565,20.44409842846655,0.009476268291473388,0.65
7670,0.3832329487971076,34.2632069429881,26.204026881741857,0.009081220626831055,0.75
7671,0.4624215728513241,27.30884192154125,23.151368280887873,0.009134280681610107,0.8
7672,0.3444229638750306,33.97981321509636,26.685131233825608,0.009123671054840087,0.75
7673,0.2891203901261229,30.7856792659181,22.963388148900748,0.010026228427886964,0.7
7674,0.2197171659504406,26.433812310438423,17.017060748369634,0.009530854225158692,0.65
7675,0.3853542392162566,26.050877853490128,22.203894070785903,0.00910029411315918,0.75
7676,0.4548692569884505,27.492666595008746,29.628964375758272,0.008956968784332275,0.8
7677,0.28098939533694217,36.53077171792101,29.171409001711062,0.009234678745269776,0.7
7678,0.5308309156010285,30.612435473742682,32.808583494479215,0.009846723079681397,0.85
7679,0.3881720773691201,30.32547309994958,26.787652018154677,0.009820818901062012,0.75
7680,0.3671208382142722,29.578753363435833,19.63903581752802,0.008955585956573486,0.75
7681,0.42307374835163747,43.95980308719761,44.63632326419609,0.008864295482635499,0.8
7682,0.5611518932867816,25.182617157350712,26.499373305875828,0.009442937374114991,0.85
7683,0.4424947425850273,32.606370509305876,24.76281343063726,0.00965038537979126,0.8
7684,0.48953574096919955,22.658797954219924,24.308415524021385,0.0094443678855896,0.8
7685,0.4531217186663282,30.960303816569393,27.579837777365423,0.0095900297164917,0.8
7686,0.39225668203389386,25.613271199026446,22.002170653873886,0.00916229486465454,0.75
7687,0.5712885136100894,29.394712315900357,25.805335621327362,0.008949625492095947,0.85
7688,0.5510582121491333,49.88060019319268,42.64656685076094,0.008889901638031005,0.9
7689,0.23125860658025538,40.89989609315812,42.76102112419321,0.0091791033744812,0.7
7690,0.2262384904105074,42.96474546790267,46.476817789853094,0.009523618221282958,0.7
7691,0.10009890015607503,24.58084084634465,18.587833628037718,0.009943556785583497,0.6
7692,0.3909292009938765,23.149921055046395,17.81735955920591,0.009284627437591553,0.75
7693,0.24885697583595173,39.18438191459855,33.59879534923125,0.009160685539245605,0.7
7694,0.4758303400771945,21.76728028797934,22.86529837124735,0.00945054292678833,0.8
7695,0.15914272411137556,26.95690880791704,17.079646410460388,0.009089386463165284,0.6
7696,0.18321039055395655,39.2166822038496,28.973342478796116,0.009359788894653321,0.65
7697,0.2934621040695022,38.425007458852804,33.03265379261712,0.009473705291748047,0.7
7698,0.6088501738576679,23.669128320178565,18.910938422561276,0.009270286560058594,0.85
7699,0.2697975219040217,34.63924508622521,18.925236575672717,0.009759557247161866,0.7
7700,0.4583674508805191,35.225726447270375,28.152443919027753,0.009567701816558838,0.8
7701,0.3828266835488748,46.106490073904936,38.369908951748485,0.009668564796447754,0.8
7702,0.3207315045397727,40.65751373645836,28.926287296978092,0.00923762321472168,0.75
7703,0.6537019216906692,23.85842149702096,19.108637580775,0.009084987640380859,0.9
7704,0.5425050087664153,31.843653549522692,17.490326993967816,0.00908803939819336,0.85
7705,0.42700111817928255,38.76220733890544,37.91318033599703,0.009248137474060059,0.8
7706,0.05843742573006509,58.11596211633647,53.449627502353366,0.00930788516998291,0.6
7707,0.3644049801738514,32.00130903295691,30.45877784426823,0.009731388092041016,0.75
7708,0.3334917867877566,35.09723241065126,33.097502746430465,0.009052276611328125,0.75
7709,0.3258170454145019,43.83510958348637,27.51986033855403,0.009246623516082764,0.75
7710,0.3473335572071623,38.34900789661566,38.99554472481041,0.00901656150817871,0.75
7711,0.43678866440412956,37.739075009944045,30.750856804428437,0.009309053421020508,0.8
7712,0.24162360214778839,26.450143979505025,16.505297991609975,0.00873180627822876,0.65
7713,0.11996008776819585,28.294663495228598,27.78416858602621,0.0091758131980896,0.6
7714,0.36326223083727793,33.7448157472039,39.47985078330623,0.009426450729370118,0.75
7715,0.5558250231039784,32.986064841094205,24.117446463851568,0.010124695301055909,0.85
7716,0.4629886865823881,38.47261667262662,25.772484797369117,0.009489059448242188,0.8
7717,0.36328117194275983,34.79020406404409,32.91638049382395,0.010138046741485596,0.75
7718,0.75330123752472,28.76021230907271,24.578026111455337,0.008902907371520996,0.95
7719,0.532165204120046,36.59136981388438,33.73782601137595,0.008974671363830566,0.85
7720,0.28088613234357146,39.675299425076695,43.096788176273094,0.009244227409362793,0.7
7721,0.44702984275027874,34.50242848854091,30.90386750883263,0.009338724613189697,0.8
7722,0.4856842986045276,44.64919843497215,49.551812391412184,0.00974656343460083,0.85
7723,0.5835044944089919,42.44927549323971,44.134644784315576,0.009321033954620361,0.9
7724,0.1699176704369297,32.72374575362274,33.92144419791134,0.009314823150634765,0.65
7725,0.12520888956424042,52.07137451037232,33.08204021828473,0.009372842311859132,0.65
7726,0.2095373165837974,32.99929456731489,17.350739813782404,0.009998202323913574,0.65
7727,0.27864358705963616,33.464383417951666,25.88429243856848,0.009659409523010254,0.7
7728,0.32904380127507094,41.0101168623956,27.58172111264092,0.00974740982055664,0.75
7729,0.1648740183635195,33.24417939846083,18.280950893815806,0.010005688667297364,0.65
7730,0.28029181157311817,23.52091570520276,25.112203199875502,0.010114324092864991,0.7
7731,0.005134561181989783,37.13582272834254,17.0204077217132,0.009500682353973389,0.55
7732,0.3557441269085375,27.622765820962137,24.757265031996322,0.010067224502563477,0.75
7733,-0.03544298087214192,36.278029093550586,17.558740848975468,0.009310436248779298,0.5
7734,0.7870038435046791,22.118353705077773,22.1392833416083,0.009422385692596435,0.95
7735,0.6112850744000601,28.991592630086082,29.999036345044924,0.010633528232574463,0.9
7736,0.5290088369116775,37.16840247725442,29.01726038404602,0.009579646587371825,0.85
7737,0.44416135729099515,38.61290317496558,30.904089804877714,0.009082329273223878,0.8
7738,0.48487497870924534,26.387450835849016,28.885209175326292,0.009501838684082031,0.8
7739,0.5847532260416347,18.472566337929088,18.880795582605828,0.00912926197052002,0.85
7740,0.2809938812433829,25.65839787829757,20.85872336203306,0.009085929393768311,0.7
7741,0.6487354887631416,31.367927294646165,27.81141123407216,0.00907280445098877,0.9
7742,0.718874426268326,29.861200569188963,30.326405530577823,0.008805513381958008,0.95
7743,0.2815065231844785,33.03812702000057,18.698009904145156,0.009643805027008057,0.7
7744,0.3962870893154176,29.007212805257602,18.43742430401257,0.010225212574005127,0.75
7745,0.8047962878812808,29.52321300740878,29.52321300740878,0.00978177785873413,1.0
7746,0.48832268103057325,29.258283357392866,26.69188763811599,0.009566259384155274,0.8
7747,0.5747611049604673,23.89871370532833,19.02945481841039,0.009822320938110352,0.85
7748,0.8258352007145634,21.201384155962263,21.201384155962263,0.010031747817993163,1.0
7749,0.4771228536916904,33.817726825110555,31.93517059129306,0.009995508193969726,0.8
7750,0.599960800072574,40.206441693874936,36.862648073235455,0.009801888465881347,0.9
7751,0.06477075655710314,41.798007777493225,25.606125129379055,0.009431946277618408,0.6
7752,0.3072163604665167,32.85362780391132,25.598240833152744,0.009661614894866943,0.7
7753,0.531833777854345,39.59073142145496,41.7133615197766,0.010175955295562745,0.9
7754,0.22214684788427325,24.419389169113757,26.553794855513562,0.009771156311035156,0.65
7755,0.35596879540386117,18.96556166783832,19.568878992625596,0.009551787376403808,0.7
7756,0.36911916350959284,25.230485876327702,21.04890980570723,0.009566402435302735,0.75
7757,0.5559171484573083,28.681442812680142,25.360395758347174,0.009444630146026612,0.85
7758,0.5779326190952855,19.761509604791144,20.221007441164794,0.009684991836547852,0.85
7759,0.5615389694605141,26.747005369420044,16.939387974808493,0.009382855892181397,0.85
7760,0.7434987916685336,28.327540370492102,29.10098039457136,0.00890258550643921,0.95
7761,0.6204737654160513,33.590641902581226,34.87544864187266,0.008657944202423096,0.9
7762,0.49424523323275055,27.496805732687342,30.572934950519866,0.009030401706695557,0.8
7763,0.36774177214433557,39.13911573890912,27.52225230205224,0.009222769737243652,0.75
7764,0.29297298917849546,28.921388694643024,20.353777185923928,0.008927130699157714,0.7
7765,0.4291167822315979,33.557208925086464,31.278056915372066,0.008781778812408447,0.8
7766,0.7037854627903444,32.54034675144896,28.39269287832679,0.008811235427856445,0.95
7767,0.3733593004654167,36.46138926763636,16.570407851823177,0.009713983535766602,0.75
7768,0.24616158918820652,47.326280870023496,24.650718619609073,0.009467983245849609,0.7
7769,0.43941443456558477,34.301528623651706,27.009497394766974,0.009567165374755859,0.8
7770,0.3073247304782409,52.48546031621163,32.11093200496921,0.010444951057434083,0.75
7771,0.45120028964508363,40.02657331871525,27.096865583603872,0.00971379280090332,0.8
7772,0.17639844833280005,42.00331858313163,39.787725394163346,0.009625518321990966,0.65
7773,0.47176145434098127,38.72496861738543,38.34439324266655,0.00975348949432373,0.8
7774,0.19423147960923695,39.3054503978593,21.33243186626621,0.01002732515335083,0.65
7775,0.29819204327177407,29.335574190341994,21.170859518743935,0.009524476528167725,0.7
7776,0.2833642042825245,42.49824951976677,37.43068485482442,0.009530651569366454,0.75
7777,0.24025547837503206,34.99743683929669,34.10447659101215,0.009621548652648925,0.7
7778,0.29947108268997374,33.20285745066225,17.89082476125338,0.009367311000823974,0.7
7779,0.2361151705172686,38.43760245448074,25.69566433236027,0.00862804651260376,0.7
7780,0.4345457915412802,35.739568020173124,25.270539253328067,0.008836185932159424,0.8
7781,0.5589492663265097,24.260746903833034,20.494174285155626,0.009015345573425293,0.85
7782,0.44088023420247896,38.67755488739203,37.94680475842297,0.00963982343673706,0.8
7783,0.4729548062159304,19.456770422263673,19.53383532440072,0.009812462329864501,0.8
7784,0.5062211443534574,31.269339249547006,16.792126948801926,0.009313535690307618,0.85
7785,0.4022064809263606,52.876705978159734,37.051106764738925,0.00920250415802002,0.8
7786,0.32594958287249043,33.93436898627606,27.155323481732367,0.008968651294708252,0.75
7787,0.1719792210722366,34.145391398489565,35.20617393597973,0.008892703056335449,0.65
7788,0.4265994997004027,38.071629054582345,30.96937103814107,0.009392309188842773,0.8
7789,0.29807104334989887,37.98835029098122,26.277508521778238,0.00938335657119751,0.7
7790,0.6069515454417049,35.75843401021364,37.214903366024274,0.009696006774902344,0.9
7791,0.46833506855451423,37.27502603550464,23.865275030128863,0.009520578384399413,0.8
7792,0.548564197761587,30.65915453954629,22.18913249672756,0.009440803527832031,0.85
7793,0.5245499170987344,38.10463436243154,36.488597455387946,0.009446299076080323,0.85
7794,0.6563819580503012,29.30163113053403,30.612922511804495,0.009967160224914551,0.9
7795,0.2510354644101408,30.41236820003607,33.90283617357745,0.009681797027587891,0.7
7796,-0.02131601694937591,44.255209918710456,19.961702615566324,0.009340119361877442,0.55
7797,0.1428656184761818,44.03389473564558,27.759513122031212,0.009771120548248292,0.65
7798,0.30337457104907684,34.607515097725624,26.522169503986294,0.009678149223327636,0.7
7799,0.474037820184952,43.451869976643195,35.98531045447207,0.009690666198730468,0.85
7800,0.6470754243704858,19.822960135564507,19.698665650679878,0.009957981109619141,0.9
7801,-0.008808137643429909,39.227672695102,39.70622063472549,0.008955562114715576,0.55
7802,0.4769997984867872,32.06755303220417,28.979724936353282,0.008968508243560791,0.8
7803,0.19331784490330955,29.15800315077572,20.43412312255508,0.00886847972869873,0.65
7804,0.4475559078118363,30.94026443422997,22.017690429927512,0.008787035942077637,0.8
7805,0.36887304841870894,33.93880213319519,25.904836871765937,0.008977663516998292,0.75
7806,0.18409832291929068,26.167667560932404,23.215806799600003,0.008776557445526124,0.65
7807,0.4708268390800664,33.0731878871017,31.138084269547083,0.009303581714630128,0.8
7808,0.17307108305709698,36.59528806447345,34.36135170491532,0.00961315631866455,0.65
7809,0.4846596891754179,30.02038183199474,21.22111894823916,0.009707319736480712,0.8
7810,0.14625943378317782,49.282044415988786,28.775039951777156,0.009422385692596435,0.65
7811,0.42853686213125897,39.18768905293103,32.771991451530354,0.00951371192932129,0.8
7812,0.4056901029107604,24.977281168220195,25.70201738049905,0.009316837787628174,0.75
7813,0.22547709615075173,24.331381928191433,20.674388787255566,0.00906820297241211,0.65
7814,0.41181200481761504,41.9031528918693,28.796307309953438,0.009568405151367188,0.8
7815,0.38201277284609836,28.107636242598637,18.958557690689865,0.009370660781860352,0.75
7816,0.5701056202247116,29.630989754928883,26.061097295312525,0.009870016574859619,0.85
7817,0.2521708885276136,38.18435272872412,40.165696467633026,0.009350454807281494,0.7
7818,0.6272362276977498,19.448254978142913,19.49579132871166,0.009670627117156983,0.9
7819,0.5618564888068999,22.045292482605728,16.639527533760223,0.009873592853546142,0.85
7820,0.292941648933414,29.310976436935874,19.987519004221472,0.009697222709655761,0.7
7821,0.6198651001490552,17.970043134045333,18.007700617362975,0.009709441661834716,0.85
7822,0.24646829688396749,36.8287238081857,25.007595377050162,0.009529483318328858,0.7
7823,0.5260851075833993,33.303526553103474,30.53042413059891,0.009492850303649903,0.85
7824,0.5355722548993905,22.56627717428413,18.47889256373178,0.009744071960449218,0.85
7825,0.08978230563145248,42.1084570343635,34.87076343390573,0.009750449657440185,0.6
7826,0.3808050705542133,48.6067345206961,38.00802312937031,0.010036063194274903,0.8
7827,0.3435489072174667,30.106474305632645,33.576302752722974,0.009703385829925536,0.75
7828,0.5127818936520386,33.60106797199215,30.693383939499185,0.009799575805664063,0.85
7829,0.2936978226845179,55.683127064513506,42.17859602699916,0.010000813007354736,0.75
7830,0.5144032484024862,32.41983837578052,29.879033196600034,0.009974539279937744,0.85
7831,0.4465871289870427,52.94590812733229,48.38597161761566,0.010084116458892822,0.85
7832,0.23575570561308004,26.362200977491124,24.933693966420147,0.009768879413604737,0.65
7833,0.3076277697268743,28.19350980669963,18.473875629177993,0.009162807464599609,0.7
7834,0.15910600498452224,37.278360415577176,33.73332069019057,0.009516966342926026,0.65
7835,0.5725977756130718,28.988419320082578,18.650663889266774,0.009860503673553466,0.85
7836,0.5951989394071873,32.6727636375632,34.76543725107697,0.009778094291687012,0.9
7837,0.55830526005189,28.067763609487315,24.73892823737587,0.00919591188430786,0.85
7838,0.6760948138820891,19.085142677561343,19.332061618958384,0.009321796894073486,0.9
7839,0.4903600246907862,28.019829090618266,30.562743205802064,0.009795916080474854,0.8
7840,0.500475829236523,42.95085039874918,41.710335170837276,0.009919238090515137,0.85
7841,0.1852849384366907,37.62809915017628,48.610103162308704,0.01012125015258789,0.65
7842,0.30382097209700043,26.418581031999004,23.643211414784666,0.009379327297210693,0.7
7843,0.5520751248690923,25.493329697777618,27.16011723798116,0.009986019134521485,0.85
7844,0.2531232637654257,41.144021835199545,38.35124484742751,0.00990908145904541,0.7
7845,0.5000342514899755,23.65495702346775,24.813634964967925,0.009315896034240722,0.8
7846,0.7317193437564072,25.163364111046953,25.398211139070355,0.009825551509857177,0.95
7847,0.6432652823240458,29.48432657279944,25.59994614279785,0.009083306789398194,0.9
7848,0.2988368525974457,27.867337830222038,18.251587658230374,0.009480977058410644,0.7
7849,0.4684592122384747,32.20112702001298,29.924735747697603,0.009552180767059326,0.8
7850,0.5196311486483982,32.50850362707081,35.24081800668232,0.00900176763534546,0.85
7851,0.44583073001799534,22.952880623902473,16.658260218709565,0.009352028369903564,0.8
7852,0.1354986880588018,24.49935480413117,20.148457356851864,0.009402179718017578,0.6
7853,0.544254388211955,31.08915545990302,27.785609978275673,0.009413158893585205,0.85
7854,0.5223654676090282,36.66351920904249,38.62482244726777,0.0088881254196167,0.85
7855,0.3087038812691385,34.10191341530111,33.21642305998075,0.008991503715515136,0.7
7856,0.294367587164568,33.38730854420794,26.923760687154658,0.009695959091186524,0.7
7857,0.18687677317824464,38.90787042091148,33.355055402590374,0.009544551372528076,0.65
7858,0.12407954239298777,47.00467792378332,44.514862724117656,0.009950518608093262,0.65
7859,0.34393353442315056,37.74510786505931,31.35053284923966,0.009400856494903565,0.75
7860,0.43978204298179796,37.130751142836054,33.793034703679965,0.009209370613098145,0.8
7861,0.24276531863766082,51.24088081051791,35.559125311379326,0.009308242797851562,0.7
7862,0.3814493108521156,28.875112145644103,32.282766048862634,0.00944058895111084,0.75
7863,-0.0006288080303964883,29.98120319922709,22.52173048627552,0.009411489963531494,0.55
7864,0.4329071886472306,32.291946234490666,36.18973629627574,0.009652888774871827,0.8
7865,0.4919813120549336,22.24403699791605,18.20407761476643,0.00948953628540039,0.8
7866,0.2001222238786879,31.81017694225713,32.506478470138646,0.009034276008605957,0.65
7867,0.3608664054015078,21.815118347951977,16.445866366597375,0.009191954135894775,0.75
7868,0.39306353162691476,29.552359775784375,19.724919240099496,0.009480226039886474,0.75
7869,0.289788304355844,31.773010531153602,18.05937535871201,0.009341013431549073,0.7
7870,0.30329943496909867,28.035728880481525,25.235550743959642,0.009717607498168945,0.7
7871,0.5137827067159917,45.27504957605822,44.18732510381546,0.01043184995651245,0.85
7872,0.7356266619588152,24.27057886571119,24.431433849806425,0.009539473056793212,0.95
7873,0.7022068840003184,21.01774011871881,21.552212037465356,0.009201240539550782,0.9
7874,0.49432435951670606,19.082216452266437,19.086188175693866,0.009170520305633544,0.8
7875,0.6460516368733994,18.971895235452116,19.01235778283236,0.008958113193511964,0.9
7876,0.39262455056196033,25.104697535374036,21.60068563382899,0.00938481092453003,0.75
7877,0.268078312408581,31.313811516147933,22.79951477510261,0.009281301498413086,0.7
7878,0.36465193362929044,34.588002994865576,27.81217682173805,0.008733201026916503,0.75
7879,0.6744103911950511,26.85106392064474,21.980244892591017,0.009189295768737792,0.9
7880,0.5612088247775896,28.139599720825448,24.393041854881936,0.009108161926269532,0.85
7881,0.7342379098211602,23.53439214505183,23.91412169543901,0.00937967300415039,0.95
7882,0.6294446655317829,24.384106184529998,19.995249946656994,0.009137606620788575,0.9
7883,0.5849153818342001,20.01509602351569,20.522535387924165,0.008986580371856689,0.85
7884,0.49740697707026127,29.81215085973605,20.24355654631637,0.009054863452911377,0.8
7885,0.3308740961207526,23.512183668627546,19.604768346371213,0.00875709056854248,0.7
7886,0.3767941387581434,33.93142601926003,39.88168137247331,0.008985662460327148,0.75
7887,0.4077541973641587,42.960520287751564,37.40966147731285,0.00967642068862915,0.8
7888,0.501677948215179,22.326412172953034,17.255948747305595,0.009455728530883788,0.8
7889,0.04997451084179392,21.00422998360504,15.359104846652867,0.009767580032348632,0.55
7890,0.5544174068254526,28.900401347896757,30.130092250239795,0.009244406223297119,0.85
7891,0.5103106129478597,40.35198598171661,38.887422536416224,0.009221196174621582,0.85
7892,0.28937123858876135,38.27204683917987,18.031906047545487,0.009508132934570312,0.7
7893,0.21278010036184006,51.13407620546887,45.54641924398215,0.009438157081604004,0.7
7894,0.39195616107256226,32.47392902308362,23.88146478882771,0.009154915809631348,0.75
7895,0.3730138333255673,35.913447682034544,34.365181606736265,0.008999979496002198,0.75
7896,0.3026846795845945,32.88881198134673,25.586857482983103,0.009095454216003418,0.7
7897,0.12969656781973357,24.148747347233822,27.656990471202693,0.008920252323150635,0.6
7898,0.40095155239191554,44.115067745653946,31.96444356956124,0.010161495208740235,0.8
7899,0.30877141791213586,43.24639576981615,39.09487294350806,0.010446572303771972,0.75
7900,0.11512815508861603,33.19071584031304,20.28926889520772,0.010136377811431885,0.6
7901,0.6359354494065779,27.852045950228977,23.74903134150547,0.009718799591064453,0.9
7902,0.32725115357166956,43.501027272822974,38.4868781926375,0.009362590312957764,0.75
7903,0.5419468150110218,28.749395018218745,30.52403381500432,0.009042596817016602,0.85
7904,0.46972483600544396,23.261533922783528,18.293454478753283,0.008919250965118409,0.8
7905,0.11999882690060013,24.311558638445348,18.88654256174634,0.009448838233947755,0.6
7906,0.4321968330914229,16.622220277342993,16.69583105872318,0.009363162517547607,0.75
7907,0.7883115731474535,18.922928556628396,18.2785107317914,0.009308457374572754,0.95
7908,0.44852905065933557,35.49844372174276,39.3623871674404,0.009797203540802001,0.8
7909,0.28411068228040853,34.92874012967981,28.76905177991557,0.009229528903961181,0.7
7910,0.560144426794514,35.445190954256375,33.08420281854353,0.00906214714050293,0.85
7911,0.4985196218214242,22.52420237308073,17.812068942719204,0.009126067161560059,0.8
7912,0.49059672470235044,24.170582756236584,25.237035985419986,0.009113705158233643,0.8
7913,0.5621529584280757,27.18792342852753,23.459549351299437,0.009424805641174316,0.85
7914,0.4313486785344183,38.48644766472712,43.87095681275457,0.0100164532661438,0.8
7915,0.44128386018136767,42.04460456922068,36.066050364883466,0.01029132604598999,0.8
7916,0.19540918112117492,34.212736557191654,28.532188154014023,0.01018010377883911,0.65
7917,0.24714790453444296,43.28619006426841,41.3772243232734,0.010009539127349854,0.7
7918,0.43624721944832273,32.9922611805863,24.496861006902414,0.0105218768119812,0.8
7919,0.5261308108089819,38.01530564029595,29.520343977367734,0.010581588745117188,0.85
7920,0.3470178045208296,33.983762142690225,32.79571308036052,0.01018739938735962,0.75
7921,0.5035047650347713,39.67172100426767,31.99123642098385,0.010104954242706299,0.85
7922,0.3915731822138288,34.26664416663017,19.96082930789894,0.009823048114776611,0.75
7923,0.4056259073224552,43.222383302898336,37.420139703783406,0.009231781959533692,0.8
7924,0.3928293182700487,22.396315251580624,17.39367929869729,0.009186673164367675,0.75
7925,0.27839083436745876,34.01455501194038,32.71994529276129,0.009852218627929687,0.7
7926,0.6561217073026265,29.453313407860207,31.004621474437037,0.010212874412536621,0.9
7927,0.5115800018393065,40.908490940464056,32.10155962925104,0.010000109672546387,0.85
7928,0.29476942912404447,31.218854990905832,20.50048670984517,0.009471023082733154,0.7
7929,-0.03858477121796401,29.32926226276304,31.00583471800702,0.009588372707366944,0.5
7930,0.28137264162682224,35.509644482701965,22.799583135404497,0.00932837724685669,0.7
7931,0.3697039232316076,35.32005293607538,28.099773389775432,0.00949690341949463,0.75
7932,0.5353136279731362,38.278998900980085,35.559977746973395,0.009816384315490723,0.85
7933,0.24563392862657385,35.06301383548117,21.719448058486588,0.009872329235076905,0.7
7934,0.2967734003325257,26.437559610204556,23.843496791506848,0.009935557842254639,0.7
7935,0.3926542475741839,27.339696314482968,24.3854249397888,0.009673559665679931,0.75
7936,0.29212878839036366,30.709688313699683,36.760335871334405,0.009526121616363525,0.7
7937,0.6257349999117582,32.40133695036992,33.87445959177881,0.009138393402099609,0.9
7938,0.08315004452301514,42.86466274932637,35.38920923457027,0.00926976203918457,0.6
7939,0.771488090548114,24.02460573763,24.75772660862819,0.009424829483032226,0.95
7940,0.6141464156734886,32.58322830364348,28.936854812593563,0.009395146369934082,0.9
7941,0.41995909963555844,23.947412731612197,19.267921160842704,0.00963134765625,0.8
7942,0.28664031019524006,32.1035504538567,25.21865793588741,0.009772682189941406,0.7
7943,0.27847852318476135,27.43431516812577,17.281526164021052,0.010156726837158203,0.7
7944,0.19297159943345793,33.2724347598262,25.719046681144146,0.009723281860351563,0.65
7945,0.44846834366830934,26.369568977332438,23.358464093638155,0.009136629104614259,0.8
7946,0.23511288992021306,44.31694229113573,28.11397072521887,0.009922945499420166,0.7
7947,0.2385868963201297,39.13559693419071,27.836024033770325,0.009728145599365235,0.7
7948,0.5856824115804138,22.031717161708002,15.738260457895043,0.009906458854675292,0.85
7949,0.5083705832935469,24.002916129884472,19.249596029315647,0.009695649147033691,0.8
7950,0.4260912802150522,43.9511917028898,37.54747588168293,0.009142959117889404,0.8
7951,0.3761546915110949,28.188938334338314,19.256513382781826,0.009332644939422607,0.75
7952,0.19831499840202593,34.273528228043986,33.86618380892258,0.009374713897705078,0.65
7953,0.030016938038664887,40.75217811383637,25.741440512232312,0.009125113487243652,0.55
7954,0.6342326795535771,27.409775447386643,28.235454402720972,0.009679949283599854,0.9
7955,0.5611421080363682,28.51444177338803,29.430663871387484,0.009450280666351318,0.85
7956,0.6558693406938619,29.33461432915579,29.9796082661945,0.009006869792938233,0.9
7957,0.5001812914656025,29.88218200423693,19.865705443599467,0.009279882907867432,0.8
7958,0.36274713963851235,28.998021357992638,19.46902410500683,0.009341621398925781,0.75
7959,0.642931466685611,22.711419864161844,17.697568871965483,0.009391212463378906,0.9
7960,0.4960705828602168,35.906512813364216,27.11543724654834,0.009000420570373535,0.85
7961,0.54485631288379,26.42379709672046,27.54250386630283,0.009038746356964111,0.85
7962,0.6129956905237408,34.141436804045114,35.039359450390485,0.00922706127166748,0.9
7963,0.38013963826415154,24.76349189919632,20.611948115938503,0.009276080131530761,0.75
7964,0.5209390700002595,35.27747061931838,26.640682416973988,0.010239815711975098,0.85
7965,0.3902308976142471,50.79244596888782,46.92393764582806,0.009323358535766602,0.8
7966,0.4571938152821424,29.8931230905031,19.867523092492373,0.009554648399353027,0.8
7967,0.47532047683549117,19.459528706690858,19.83159613768781,0.009302043914794922,0.8
7968,0.4037106380507063,44.314456436124644,32.60645439757292,0.009222292900085449,0.8
7969,0.39643027732102876,29.59614144732967,27.659917426650775,0.009107184410095216,0.75
7970,0.46642692890919857,31.933698781302745,17.707065313151688,0.009176099300384521,0.8
7971,0.35996068243876833,37.921130343028736,38.726099464920466,0.009049725532531739,0.75
7972,0.4195931702385748,43.028558777953876,31.43659702087439,0.009794580936431884,0.8
7973,0.39938547438125305,46.18008584428434,35.32387318878139,0.009413647651672363,0.8
7974,0.44329383049318166,32.482094934546424,18.25275796068181,0.009044790267944336,0.8
7975,0.37164314674318877,33.44074928344826,18.86191434497437,0.008814215660095215,0.75
7976,0.25505360386110537,28.618666687309616,18.760661072306288,0.009248697757720947,0.7
7977,0.260060990130861,43.50542229923336,33.65091209148425,0.0099157452583313,0.7
7978,0.31157471751242216,49.17894419193949,38.83765314979962,0.009659063816070557,0.75
7979,0.5471316046531772,35.259086732853135,26.829329373877417,0.009616363048553466,0.85
7980,0.389639074367131,26.883349835449174,23.00332276666815,0.010011684894561768,0.75
7981,0.13323095356876172,45.88881793809273,29.541885495420527,0.009109508991241456,0.65
7982,0.7129682426173656,29.641672674060963,30.502195163683506,0.008818328380584717,0.95
7983,0.3860558713091209,29.384721748954348,27.819326663295364,0.009151589870452882,0.75
7984,0.13129500864221696,45.86201292784099,46.83354143127123,0.009530782699584961,0.65
7985,0.11688268629305705,46.7285258451103,47.08937914326679,0.00986543893814087,0.65
7986,0.48764945331427667,27.056482498630345,16.93075788553692,0.009621715545654297,0.8
7987,0.3861869292633066,28.281990414018857,31.434561159973757,0.010019397735595703,0.75
7988,0.523486144579062,44.03040047387915,41.85352423585521,0.010004770755767823,0.85
7989,0.11740504600525595,34.35873129392337,20.192529084852378,0.0095414400100708,0.6
7990,0.41413956681675196,40.78056014339355,34.477244386381386,0.009383463859558105,0.8
7991,0.5555385657698693,32.558694919419416,29.39607360753476,0.010063433647155761,0.85
7992,0.30856885074562856,50.37396497893799,32.63192280861212,0.009876084327697755,0.75
7993,0.366758022427798,31.518273509776453,33.93936720242876,0.00957859754562378,0.75
7994,0.23231105651401762,42.01764162540915,36.771096886288156,0.010178935527801514,0.7
7995,0.37222438890987286,57.01464044562175,46.367268193855494,0.009883999824523926,0.8
7996,0.1778380863135572,65.03324512268564,50.119302791299866,0.009428369998931884,0.7
7997,0.4901920671020806,42.56605777909014,35.99880722180313,0.009391391277313232,0.85
7998,0.22691169421036964,45.51497255817174,43.137147393255454,0.009147965908050537,0.7
7999,0.3659823929480631,36.29551394432243,22.643476850106698,0.00939488410949707,0.75
8000,0.262380701624416,38.1921680659916,17.84221511939914,0.0092515230178833,0.7
8001,0.3439772728592735,32.33695337744377,23.057314920187196,0.009304225444793701,0.75
8002,0.46680623117492537,32.430167508787086,29.289302789971753,0.01008514165878296,0.8
8003,-0.1965795655560597,44.36783720112033,21.018095915564814,0.010679531097412109,0.45
8004,0.71555551882122,27.428654347313046,22.77315923533014,0.010087907314300537,0.95
8005,0.5295168440172184,33.872735351192134,31.249286457222677,0.009963917732238769,0.85
8006,0.1940044889213892,27.714329670745503,33.273380602666485,0.009426760673522949,0.65
8007,0.26594499307191016,52.69666313950866,50.11476769633269,0.00983208417892456,0.75
8008,0.15459801173081208,53.78151777868139,41.9759860845778,0.009149229526519776,0.65
8009,0.3679352705729898,33.56400528263323,25.946884063303607,0.008857989311218261,0.75
8010,0.04460268753879346,48.32972254255033,36.24985026085812,0.00922328233718872,0.6
8011,0.5583883236763529,26.411736794200642,22.341532125169806,0.00850691795349121,0.85
8012,0.37601160936556194,28.04953333197679,25.240206075148716,0.009349381923675537,0.75
8013,0.19909058492270354,32.55485736401672,19.198181870347398,0.009790003299713135,0.65
8014,0.33994838400699245,40.17169512886838,35.18903175959259,0.009978401660919189,0.75
8015,0.2716835573346551,36.723400605174646,31.095213074453067,0.009658658504486084,0.7
8016,0.7373915643959885,23.214837758612124,18.671949837342915,0.008928561210632324,0.95
8017,0.47079920036010403,28.64365035288575,30.476643774977255,0.009242475032806396,0.8
8018,0.6529144116884366,30.319048374409316,26.957735883006485,0.009157919883728027,0.9
8019,0.6144047516301988,23.885085978997292,18.909823060536656,0.009443962574005127,0.85
8020,0.4494856904424432,28.381416095121107,23.47536728405306,0.00918593406677246,0.8
8021,0.2600242264917787,35.20084126564777,35.50016938604326,0.009270596504211425,0.7
8022,0.6222801679337578,29.476650722788406,20.39945958549411,0.009353876113891602,0.9
8023,0.44362777024247724,31.367280405492174,34.92480077348168,0.009213638305664063,0.8
8024,0.4839760259770573,40.26125745203079,38.49968206036917,0.009113752841949463,0.85
8025,0.6511716208051646,20.156067789170404,20.31693407306595,0.008787429332733155,0.9
8026,0.34615228162666906,23.068630610587874,18.449655626757224,0.00878077745437622,0.7
8027,0.4913623803845873,36.14693437186634,33.245237563200256,0.008670830726623535,0.85
8028,0.5332405286208943,32.275224499644835,27.303958981147137,0.009111142158508301,0.85
8029,0.33194598290807276,37.94694878972213,38.654466349204014,0.009455418586730957,0.75
8030,0.4771231641953463,28.403241489272187,18.621411309949977,0.008890342712402344,0.8
8031,0.37835232071296854,29.592228934229006,25.170463880329468,0.009187114238739014,0.75
8032,0.419734969072924,39.749120821715174,26.383137872751867,0.0089502215385437,0.8
8033,0.4501149574005786,34.218234287540106,31.62641802339185,0.00921332836151123,0.8
8034,0.28132866670261353,32.13331162963746,29.981852118323868,0.008946633338928223,0.7
8035,0.34322522374300446,27.925939797344505,25.58039083762765,0.00931551456451416,0.75
8036,0.3001564445274662,42.66672148449017,31.649762236568947,0.009106171131134034,0.75
8037,0.22181781860532804,34.30227596646637,28.57791308191127,0.009423673152923584,0.7
8038,0.4175197774009674,38.31170515404632,30.5879064222477,0.009119319915771484,0.8
8039,0.5683598570345685,24.477986318992983,24.322945009569743,0.009456157684326172,0.85
8040,0.2528564699347826,27.147343506803093,31.6643951499889,0.009348797798156738,0.7
8041,0.7391454047605815,29.9051793277332,24.94073096175903,0.009194815158843994,0.95
8042,0.47982830868706505,47.79990989796234,47.55780601318763,0.00947723388671875,0.85
8043,0.1063906595706243,33.907511273392835,20.36015026289228,0.008768308162689208,0.6
8044,0.4028193903760493,42.85397723265628,31.338536367479048,0.009199738502502441,0.8
8045,0.4752597484429176,23.777148098366155,19.350823317361925,0.009040284156799316,0.8
8046,0.24007739823507693,43.60403419101319,42.0558953899864,0.008901238441467285,0.7
8047,0.337298623919559,38.74024808262901,32.6165202818375,0.009590053558349609,0.75
8048,0.3534512447179177,33.247242243194,25.5034933064157,0.009965610504150391,0.75
8049,0.5484784394855445,37.159370480609134,29.26018357908082,0.010091280937194825,0.85
8050,0.3875821190287919,35.667562246986336,15.483092323410082,0.00981234312057495,0.75
8051,0.38916858821232936,30.193244795443594,26.992585716344518,0.009803366661071778,0.75
8052,0.36496200443318216,42.44421561874708,30.595691553778085,0.00886540412902832,0.75
8053,0.46405481612290594,28.980151298558802,25.578231890540433,0.009144127368927002,0.8
8054,0.43170759270773845,45.14952578532037,33.467328911617,0.009289288520812988,0.8
8055,0.4505824522281984,22.50594315264909,23.87680726169957,0.00899207592010498,0.8
8056,0.3476591188335241,33.59123963839196,38.187118415375956,0.00963979959487915,0.75
8057,0.48805389706544106,42.63664430993283,41.42443300564865,0.009646809101104737,0.85
8058,0.5450683803228975,33.63942195413109,25.324752825144007,0.009462106227874755,0.85
8059,0.2939694451840255,30.856500242925392,21.22102743299651,0.009022855758666992,0.7
8060,0.3634094215900908,26.796034883512267,23.611482034607175,0.00885525941848755,0.75
8061,0.41421842437298173,22.4332310335308,24.019391669388995,0.008862519264221191,0.75
8062,0.5902716492715969,20.083550331816497,20.14313133019882,0.008729374408721924,0.85
8063,0.42636122885822614,37.703404478787114,35.23311400539646,0.009274661540985107,0.8
8064,0.4620406308485414,44.622296233090694,43.6069029693213,0.009262788295745849,0.85
8065,0.395722411108571,27.564945615590744,24.07864181030568,0.009281587600708009,0.75
8066,0.2507776634004346,33.920263656488096,25.401845997684205,0.008967053890228272,0.7
8067,0.35204057881678186,37.544025530933645,28.175305063113473,0.009496355056762695,0.75
8068,0.29827390184256725,31.529682729555663,29.549893290045308,0.009175777435302734,0.7
8069,0.437862246327773,37.76477597980572,32.89951322986909,0.00904160737991333,0.8
8070,0.5447121940099944,33.625593505790235,25.652765074395234,0.009498226642608642,0.85
8071,0.6208007911444069,36.50750279488492,33.7283119121424,0.00879758596420288,0.9
8072,0.34156160479614955,39.83725317073596,33.14216348680559,0.009285175800323486,0.75
8073,0.47776372408567136,30.590265923928417,26.960059108232542,0.009041345119476319,0.8
8074,0.15956807085377372,23.243334547567976,17.047832461955135,0.009022462368011474,0.6
8075,0.47698553847785974,22.580705741488767,23.56903595191573,0.008993411064147949,0.8
8076,0.44052564489880214,33.109277065425495,23.513539426675,0.009393322467803954,0.8
8077,0.21096352840176863,31.533910523094995,22.870816772823577,0.009403789043426513,0.65
8078,0.43258079029305607,33.731933447891755,30.897614907448062,0.009690594673156739,0.8
8079,0.38430039623525736,30.379171390791505,22.07201243609607,0.009271812438964844,0.75
8080,0.640187024530937,30.42116931854442,26.418584080878574,0.009561300277709961,0.9
8081,0.4952846732760288,38.66622732354307,36.288948543711136,0.009114408493041992,0.85
8082,0.6429520170045144,28.767334115911183,25.042566343315116,0.009621644020080566,0.9
8083,0.7898263718439995,29.931337204770863,29.931337204770863,0.009685635566711426,1.0
8084,0.5035081717011287,42.337684472095034,35.23976095078155,0.009170806407928467,0.85
8085,0.191517482875891,38.56485430680678,25.67408306048662,0.009714388847351074,0.65
8086,0.2888203860059995,37.42446998825359,24.12789639645962,0.010106468200683593,0.7
8087,0.35773708702264845,39.51852275726639,33.876649132014805,0.008863735198974609,0.75
8088,0.5020481527190802,42.51830727705492,35.79797484649519,0.009553587436676026,0.85
8089,0.478216613661279,28.933181854390217,18.924415199270317,0.009602773189544677,0.8
8090,0.20506533558148465,56.527293729618044,66.383007852398,0.010471606254577636,0.7
8091,0.43712208895788385,53.62196584921905,52.472362045869,0.009906232357025146,0.85
8092,0.14773615857943917,46.22824129890557,36.38883182022968,0.009337401390075684,0.65
8093,0.5937096811648296,20.331076922589073,20.98406467595663,0.009650504589080811,0.85
8094,0.36265980083766347,32.60720162734053,24.62428824959937,0.009301257133483887,0.75
8095,0.42003511414472927,42.7205512376946,42.62082347017849,0.010144555568695068,0.8
8096,0.34760828000673405,33.87717877941637,32.43396780409839,0.01005009412765503,0.75
8097,0.4147544769527684,46.829018893744816,30.52871316329521,0.01024857759475708,0.8
8098,0.7603528287537552,20.775916788807468,21.015870684779614,0.010396039485931397,0.95
8099,0.6465428714961818,27.228274725973836,28.496589240100093,0.009730994701385498,0.9
8100,0.5918859300483905,43.301240782646836,40.875383026752296,0.009549558162689209,0.9
8101,0.5167164273619568,37.98963338780263,23.883035074545507,0.009208142757415771,0.85
8102,0.4533850466938921,39.31698375039865,19.009205656213666,0.009896993637084961,0.8
8103,0.27744676181602446,28.43661420080925,19.226543176299078,0.009286916255950928,0.7
8104,0.7599016938838641,42.285290019445924,42.285290019445924,0.009171652793884277,1.0
8105,0.6093195903714494,39.325371830652735,36.526550256058755,0.009162378311157227,0.9
8106,0.548394858488434,34.17305704300032,32.028810106657126,0.00974891185760498,0.85
8107,0.3921620985428252,32.29274731266456,29.595101003857355,0.00951312780380249,0.75
8108,0.19246233023037704,33.51817864891483,19.226333254370154,0.00942244529724121,0.65
8109,0.3487147764097218,39.097643711147356,24.80500046475793,0.009691262245178222,0.75
8110,0.754855190737793,34.17180707551381,34.17180707551381,0.009498178958892822,1.0
8111,0.45821563623523476,48.4291280799868,47.49987547614131,0.009601438045501709,0.85
8112,0.38960948450732885,27.865364423237697,23.776000055811885,0.00977635383605957,0.75
8113,0.4310836967179796,18.337392448079452,18.543844986533436,0.009572935104370118,0.75
8114,0.20936969131379093,31.752188755464324,23.772990646614907,0.009539937973022461,0.65
8115,0.3395976120313552,44.38162551053667,45.93042623073463,0.010347843170166016,0.75
8116,0.6519606623938371,28.752147799741387,30.2915946201713,0.01027977466583252,0.9
8117,0.4841211278704461,22.773505304174808,25.02291370948516,0.009661448001861573,0.8
8118,0.36729083723148126,27.810712202388693,24.374764020813576,0.009619045257568359,0.75
8119,0.513351250803232,34.09612418228791,31.58381856471787,0.00981440544128418,0.85
8120,0.5664293647372715,26.58798853432635,22.470906063736376,0.010210764408111573,0.85
8121,0.49271788472147027,24.758707557864383,19.867417734979316,0.01007544994354248,0.8
8122,0.48323308602920995,28.677667144036946,25.298877663774807,0.009946620464324952,0.8
8123,0.41117733549395225,42.60620062585771,43.41590327793553,0.010095715522766113,0.8
8124,0.4642043493108007,24.123571099615376,19.616759097032343,0.00988236665725708,0.8
8125,0.564537271557062,39.619977611381266,36.49649619498229,0.009607446193695069,0.85
8126,0.20835377756583368,29.795697667475935,20.924062904029526,0.009735548496246338,0.65
8127,0.5003931642854026,40.57908902020735,39.08658288837444,0.00957345962524414,0.85
8128,0.28389962318495277,33.107658374128206,33.470018368059314,0.009152054786682129,0.7
8129,0.4461269444265447,34.96556556470513,21.001919288669953,0.008820152282714844,0.8
8130,0.2704523837838402,33.367074472680564,25.494864343083584,0.009139931201934815,0.7
8131,0.5887115850416503,29.260101356422155,25.296703048202268,0.008690357208251953,0.9
8132,0.6486466724248293,19.491678491279732,19.071140280044514,0.009257566928863526,0.9
8133,0.4388037767882541,33.11212944586292,24.731461186996086,0.009336328506469727,0.8
8134,0.325631039167926,47.63813879847272,37.17085147023057,0.009224641323089599,0.75
8135,0.310563404269642,43.69261715454415,32.908406985202454,0.010068202018737793,0.75
8136,0.7334337484357538,28.034993047184816,28.730172198121583,0.009621858596801758,0.95
8137,0.4828676381905696,27.621366794396202,18.407921036831805,0.009547126293182374,0.8
8138,0.2607730068920627,46.84550546014433,23.95080591538947,0.009866809844970703,0.7
8139,0.7382040395536437,18.173942062564283,18.273671242097194,0.009682869911193848,0.95
8140,0.49623736194077817,24.05408161931591,19.59442842415674,0.009849512577056884,0.8
8141,0.6133810789794293,40.25497077397989,36.18946387494064,0.00939958095550537,0.9
8142,0.681879377254732,24.53280074124951,24.62842569856763,0.009323716163635254,0.9
8143,0.46052539676302917,27.21972248786384,23.582055221361653,0.009247994422912598,0.8
8144,0.4697775899852922,33.68416740085657,25.25153679735117,0.00965183973312378,0.8
8145,0.7460036906886501,23.522143652284118,24.063743819294835,0.009055674076080322,0.95
8146,0.2204368640909647,44.63800184979998,39.440390423746,0.01003514528274536,0.7
8147,0.15598890662330853,34.935491468658356,27.026478931967006,0.009513545036315917,0.65
8148,0.3754626479232305,31.54715456653385,29.14839640270901,0.009626352787017822,0.75
8149,0.31792239148786844,40.93710263553396,28.360218735206185,0.009645283222198486,0.75
8150,0.3412823321325842,39.38639305201466,40.25933118391522,0.00952991247177124,0.75
8151,0.4831655742299669,24.156416396412236,20.008865930637214,0.009657013416290283,0.8
8152,0.3255626636171394,40.11924087217061,33.25824069462476,0.009959268569946288,0.75
8153,0.23112640257551723,34.19758631102068,33.302204749149595,0.009405279159545898,0.7
8154,0.3884296445401045,26.033744796732208,29.723148206095782,0.009570276737213135,0.75
8155,0.5085604965491443,24.337918585928527,26.315528616848262,0.009750354290008544,0.8
8156,0.4247167383746895,34.85358782240776,33.04404058490673,0.010445988178253174,0.8
8157,0.34263206665194684,17.900771083430758,17.879224610556726,0.010806834697723389,0.7
8158,0.5667092191041031,33.82288588207113,18.824067488281127,0.010928022861480712,0.85
8159,0.2155953602121466,31.659881964103466,16.35218147543603,0.010639774799346923,0.65
8160,0.43081443398063896,37.648529903121265,24.94906549118444,0.010453152656555175,0.8
8161,0.368776194728289,22.89759967964242,24.848511308939507,0.009951138496398925,0.75
8162,0.39585026777256765,18.891036205687342,19.237184832105505,0.009376037120819091,0.75
8163,0.17548077428676226,38.41319253966538,34.45346370293108,0.009650039672851562,0.65
8164,0.44177997113501044,20.088592124848248,20.90608051123928,0.00942244529724121,0.75
8165,0.4839036893229965,25.258634062985266,27.90065261005192,0.009297263622283936,0.8
8166,0.4470117265440903,26.57041736353533,28.271143665465296,0.009073901176452636,0.8
8167,0.3454024033100841,30.516134188563882,28.081906920510836,0.008822834491729737,0.75
8168,0.580811477688967,23.244003377509745,17.822281844270695,0.009078121185302735,0.85
8169,0.37860246548396154,49.23400396908834,37.927172408454126,0.009563291072845459,0.8
8170,0.46577247088290596,30.5072360728579,27.676832928322547,0.009558820724487304,0.8
8171,0.408082424908274,30.30193749578741,22.164708163710767,0.009412634372711181,0.75
8172,-0.009446627235666416,36.56874156153998,35.09428882544211,0.009428930282592774,0.55
8173,0.4344644970768754,28.458424221120264,30.659662562618763,0.009513664245605468,0.8
8174,0.39311184014876704,28.082537687949422,18.870880728522266,0.01004277467727661,0.75
8175,0.48929768799865964,18.894462776597727,19.451790999527994,0.010602235794067383,0.8
8176,0.18575194845132098,37.95844955669096,34.6848118497326,0.010129714012145996,0.65
8177,0.7213655221642435,34.121931054595954,29.5765262803435,0.010245132446289062,0.95
8178,0.5698228923703774,29.184803566851958,24.998741111639703,0.010452806949615479,0.85
8179,0.583813523088917,23.13259209520646,18.125515200261653,0.010175991058349609,0.85
8180,0.5383103699753412,34.699898023581575,26.159223520936212,0.010042059421539306,0.85
8181,0.3173052668474655,29.038825433517133,32.94070982773964,0.010162544250488282,0.7
8182,0.6789901603614866,17.793173837284844,18.249974076038527,0.010096132755279541,0.9
8183,0.31295734625391186,28.63951307523273,18.867559992994245,0.010048091411590576,0.7
8184,0.46389682986427505,24.924756799619278,19.64175156956087,0.0099043607711792,0.8
8185,0.7143412137459084,22.864264787148084,23.083494865098306,0.010102343559265137,0.95
8186,0.3592166343077571,35.57502955229221,35.297555146054584,0.009497308731079101,0.75
8187,0.5498395287290092,35.495161860828375,32.26632438572046,0.009155642986297608,0.85
8188,0.8296787321253932,23.997022459179643,23.997022459179643,0.01026613712310791,1.0
8189,0.1713585847969422,38.964513483699655,41.22529111311811,0.009597575664520264,0.65
8190,0.5537961252932091,29.248633730851203,25.272863305947443,0.009131276607513427,0.85
8191,0.040776245848776135,25.22991530607998,21.779572755585175,0.009726715087890626,0.55
8192,0.5975783691742402,25.235210780221816,26.762714528643055,0.010556435585021973,0.85
8193,0.34516770853273215,18.53248370024634,18.654862962614207,0.009017884731292725,0.7
8194,0.5714895748288711,24.36984987590993,25.014056065657,0.009122371673583984,0.85
8195,0.39598808676219494,28.018003701954324,25.309716799171404,0.009586691856384277,0.75
8196,0.7792434021461129,18.422368295074968,18.52978333224538,0.010202717781066895,0.95
8197,0.435394882845073,30.31309278956126,26.740595246415104,0.010222113132476807,0.8
8198,0.23308408097442407,27.577090031201834,17.902165436518516,0.009634315967559814,0.65
8199,0.46934195384256283,23.350344821773483,24.40439363063549,0.009113907814025879,0.8
8200,0.348966516671441,30.98146784910731,34.14415073639322,0.009042632579803467,0.75
8201,0.12260234619851232,29.27199407251147,20.308309960075007,0.008916139602661133,0.6
8202,0.19639310259594728,29.239685389618977,18.364884861786223,0.00935065746307373,0.65
8203,0.3760138454471639,31.66165137318407,23.11486112188987,0.008995187282562257,0.75
8204,0.46473670725882305,27.284333004794938,24.135505038116108,0.008980464935302735,0.8
8205,0.17733201802813814,25.069032435659487,28.565582223457415,0.009324896335601806,0.65
8206,0.629551083142782,27.699411397575563,23.322606356810873,0.009512889385223388,0.9
8207,0.388682669957915,34.2391025252813,27.04328837145552,0.010051023960113526,0.75
8208,0.33440579824453537,44.794429086816876,39.39061486820644,0.009540057182312012,0.75
8209,0.629567003959192,36.59837852481363,32.573266576929484,0.009566664695739746,0.9
8210,0.47162374438151905,44.30355368644675,47.72655643533092,0.009444832801818848,0.85
8211,0.3885317602749238,41.18440430810787,39.67572199932606,0.009585285186767578,0.8
8212,0.4699133357858313,31.216681114972726,28.809024828474175,0.009463822841644287,0.8
8213,0.1129983696823849,33.12673715446245,34.31485538815753,0.009489297866821289,0.6
8214,0.5291852718080551,44.22915258125976,31.302440070012327,0.009117567539215088,0.85
8215,0.5556076879972043,27.364685333867488,28.873004188819834,0.009831666946411133,0.85
8216,0.21110517598486372,44.2493122017151,40.916723319810316,0.009387660026550292,0.7
8217,0.4067467115487632,49.236316662938336,38.96742968937877,0.009141135215759277,0.8
8218,-0.09352583428577002,42.07683438561328,48.213857821965476,0.009347963333129882,0.5
8219,0.36010518171479267,31.070069529623026,29.650986537165668,0.009650373458862304,0.75
8220,0.651955764377341,44.19859311011628,45.5604455575867,0.009282898902893067,0.95
8221,0.4713205243156017,53.658001653234294,54.12365459039668,0.009235799312591553,0.85
8222,0.41494545030297736,21.771235133036903,17.370670599959773,0.009323680400848388,0.75
8223,0.37776152740198676,28.97549757333464,24.464032756220227,0.009453976154327392,0.75
8224,0.7412727713375915,22.643085290836567,22.925626591473993,0.009586596488952636,0.95
8225,0.3920531333400791,28.416775982997706,25.565453855034722,0.009369611740112305,0.75
8226,0.1343254725519872,45.252964748936094,44.196182111904356,0.009329843521118163,0.65
8227,0.527682794341011,29.418747095666838,24.585355027355877,0.009814023971557617,0.85
8228,0.3413925212795099,38.208759522578774,37.512397677237274,0.009310901165008545,0.75
8229,0.3558865956257976,35.296952868993046,28.165217615526384,0.009329593181610108,0.75
8230,0.2218776100181452,29.466596379957316,35.03133723979089,0.00911562442779541,0.65
8231,0.4848242462115775,18.906578327066363,18.91060520941048,0.009344244003295898,0.8
8232,0.472648777619603,28.71077008859361,31.51182454308326,0.00988849401473999,0.8
8233,0.3102504803336986,48.56771057656745,45.97554606133357,0.009467661380767822,0.75
8234,0.4499956711847964,33.375394246328206,31.23016931850831,0.010232245922088623,0.8
8235,0.5382314085630748,32.6081468369144,35.63714383823163,0.01008669137954712,0.85
8236,0.501156408428941,42.733498564647206,47.008661324666555,0.00967710018157959,0.85
8237,0.5894233265639949,17.315921688071256,17.509587603676337,0.009430086612701416,0.85
8238,0.26097057734793677,27.338426732122365,17.365278133434234,0.010171306133270264,0.7
8239,0.19976325205061266,25.761519972640162,21.382857396253403,0.010287880897521973,0.65
8240,0.4865311289849923,48.869229417625945,36.91055765491422,0.010093581676483155,0.85
8241,0.4424659184936942,30.503179036054387,27.048550641625752,0.008936655521392823,0.8
8242,0.17724826947260858,33.17774277300965,19.01074696113493,0.009714734554290772,0.65
8243,0.1184610500475716,39.80416334393614,28.307470409368047,0.01008983850479126,0.6
8244,0.3907693197525922,42.22910468846969,42.84485671149177,0.009223854541778565,0.8
8245,0.7131320480973827,34.5903541624679,30.800689101294523,0.0100067138671875,0.95
8246,0.6859292514317985,22.842134599483643,18.46908272154735,0.009540200233459473,0.9
8247,0.12711596140246315,29.93426096277754,28.94794504296192,0.009590137004852294,0.6
8248,0.5686636086181364,52.46692094356307,45.52911317016998,0.008803367614746094,0.9
8249,0.4931829487569406,28.070611114576202,29.744958956779342,0.009046041965484619,0.8
8250,0.6303012265791761,26.671675730583424,27.73176043601488,0.009736990928649903,0.9
8251,0.5756291222612574,22.165366601081377,16.572624257628355,0.010119092464447022,0.85
8252,0.6419872181940645,25.23202654535975,25.92049509978261,0.010998702049255371,0.9
8253,0.6304648663634003,25.423166850039134,26.35008154423821,0.010115718841552735,0.9
8254,0.26196271431164064,30.13824632188249,29.565465671417265,0.010607433319091798,0.7
8255,0.19684076088854435,28.762743017145556,18.793801459795695,0.010187172889709472,0.65
8256,0.2782743724861673,31.573715183150835,23.656598691281904,0.009877657890319825,0.7
8257,0.4763967349826098,27.64658997605744,23.579465861197814,0.009787154197692872,0.8
8258,0.3993267331880178,29.601114800040136,20.327120133657374,0.009776747226715088,0.75
8259,0.3421771281070277,31.74617898423933,29.72012252183443,0.009849441051483155,0.75
8260,0.48495718699489476,22.461888273728583,17.888462124859636,0.009264683723449707,0.8
8261,0.5614248685838105,26.950449794658276,23.047394892887198,0.008936107158660889,0.85
8262,0.17516173329941237,34.615830616375504,19.721868676135905,0.009465324878692626,0.65
8263,0.3562291753111041,29.048050529029627,24.404213051276972,0.008917152881622314,0.75
8264,0.7337575941775919,24.736902557376595,24.1290951315124,0.009831428527832031,0.95
8265,0.4036987192155993,23.576879774304707,19.79180915552308,0.009572529792785644,0.75
8266,0.5009731209998092,20.973684512120176,21.88587844941048,0.00950307846069336,0.8
8267,0.6534604673224241,22.51365901388417,23.281309691525152,0.009613478183746338,0.9
8268,0.20665952334021545,29.05844048685655,19.087913222778017,0.009266376495361328,0.65
8269,0.45839818449485703,27.494030040259624,23.394995822855172,0.00922250747680664,0.8
8270,0.14459668973268802,28.079606992946328,26.480862100182293,0.00912787914276123,0.6
8271,0.45893607652040613,33.14577734232699,24.764548636465907,0.009422886371612548,0.8
8272,0.6956191535611301,34.43653653845929,35.35594340110546,0.00959620475769043,0.95
8273,0.3867469063910356,32.49865382255912,24.147039371765096,0.009681391716003417,0.75
8274,0.3342016613016455,37.90154979920757,25.400885083193703,0.00974520444869995,0.75
8275,0.4669292902526342,29.536734101313744,26.47052269801257,0.01013256311416626,0.8
8276,0.2705392674699777,41.21589620833538,43.03310090964302,0.009830331802368164,0.7
8277,0.6264787728591814,30.559864797707014,32.282676891984636,0.009537994861602783,0.9
8278,0.44144917535357936,19.22177686740092,19.777735921141,0.00953817367553711,0.75
8279,0.5874242580787775,19.664363494100805,20.09326881335974,0.009644782543182373,0.85
8280,0.4460921503746066,26.60617211176214,28.281054645069503,0.009336018562316894,0.8
8281,0.10948911945919648,36.576964740678406,30.71746955926356,0.009373247623443604,0.6
8282,0.549164290863362,22.65729987734101,23.393937959251357,0.008698415756225587,0.85
8283,0.4958525489284976,23.642567877915905,19.438429688374132,0.008709752559661865,0.8
8284,0.4475090369989072,37.68698845860821,36.893486345654125,0.009014713764190673,0.8
8285,0.3871079374842547,29.785320239349495,27.33410132026478,0.009030604362487793,0.75
8286,0.5108168109854573,25.211644122083015,21.084816604303146,0.009283053874969482,0.8
8287,0.38651091747692534,31.44546157203244,23.66393448616219,0.009508967399597168,0.75
8288,0.6169902519345278,21.040647152326315,15.979177356616898,0.009727895259857178,0.9
8289,0.12961487902743923,25.880848188607587,23.90915030710276,0.010072016716003418,0.6
8290,0.1255911611959613,29.58339069309634,29.9472224348808,0.009710681438446046,0.6
8291,0.4371766778443658,29.08024847776283,25.766164504137937,0.009479320049285889,0.8
8292,0.5150376719111975,27.247704050752542,21.377802046867092,0.009569656848907471,0.8
8293,0.5722968018651196,29.988331392892064,26.799819657240818,0.009747648239135742,0.85
8294,0.4749134417059156,26.65245318085315,26.624061474515937,0.009806764125823975,0.8
8295,0.5514069135708712,34.259635043427934,25.297942857770575,0.00981520414352417,0.85
8296,0.47883987441472664,20.31995271777181,19.823125364790407,0.010088610649108886,0.8
8297,0.34080688981863416,39.72817064958053,34.90599145970605,0.0110396146774292,0.75
8298,0.3667289194884095,29.257380947859804,20.25537067344265,0.010529029369354247,0.75
8299,0.5618627592918088,30.102777556157086,27.329251629384004,0.010092687606811524,0.85
8300,0.2665567918552581,33.36732068794562,32.20627844476006,0.010018134117126464,0.7
8301,0.5813137897078982,30.397799565394912,30.591585826233498,0.00891050100326538,0.9
8302,0.26752766717242477,38.19187936317852,24.75496388484895,0.009425926208496093,0.7
8303,0.4269436409850892,35.71612056356158,33.94681388252721,0.009372878074645995,0.8
8304,0.16037925472264072,40.38657101401758,26.336025814343067,0.01026076078414917,0.65
8305,0.3560184180714212,28.26782205160373,25.010878765923717,0.010499942302703857,0.75
8306,-0.10807366247400343,39.30622901464778,31.230867512526892,0.010553097724914551,0.5
8307,0.42529607914785084,35.14133808635889,21.229327049472523,0.011344230175018311,0.8
8308,0.14658305787274495,43.7007706672358,41.72419062357885,0.010538625717163085,0.65
8309,0.2663864038677045,33.97503466193165,27.82500396199797,0.011236059665679931,0.7
8310,0.38072706970501524,33.65305112624161,26.022865741274646,0.011263513565063476,0.75
8311,0.16074313970613935,44.13284979513683,43.66861852182569,0.01035480499267578,0.65
8312,0.3423662305492655,37.26583971256677,30.53276495013697,0.009970128536224365,0.75
8313,0.6452787393097604,33.98783187658516,25.26487993297601,0.010450398921966553,0.9
8314,0.3748547549394375,30.305400383126692,33.95260605192118,0.009957122802734374,0.75
8315,0.6567741598706333,30.949152326950543,27.004425788317295,0.00920463800430298,0.9
8316,0.389963361004801,30.33938873225453,28.14898083205353,0.009132862091064453,0.75
8317,0.3489095255629649,39.8861889119481,33.91886627194288,0.00998218059539795,0.75
8318,0.2928592085611742,35.66386610210655,37.14153205947866,0.009142327308654784,0.7
8319,0.5626138897549127,24.955890753700242,20.082186043693056,0.009106802940368652,0.85
8320,0.6258487657316427,35.07836414554491,31.431711039531567,0.008897972106933594,0.9
8321,0.2141841641867055,31.903810319701485,24.710149464319247,0.009752476215362548,0.65
8322,0.460843879522909,32.85968725522675,31.23190323371158,0.009454607963562012,0.8
8323,0.3546023526706436,43.317395887643144,25.41740047184743,0.01021510362625122,0.75
8324,0.4051212871078582,38.5843137901025,37.576264082494305,0.011128723621368408,0.8
8325,0.1958718565455464,39.89374604221838,19.635862146273197,0.010694825649261474,0.65
8326,0.20744284743537725,50.90998279084835,30.342104772123097,0.010319375991821289,0.7
8327,0.17730852907614308,39.7023653682192,37.70042210159887,0.010070347785949707,0.65
8328,0.36779550356754187,29.33392730218992,20.547074825620772,0.010465407371520996,0.75
8329,0.2539973954672802,29.676014620487525,27.08357223828761,0.00959327220916748,0.7
8330,0.04135191407979592,53.07228304679095,28.490140948919475,0.009047746658325195,0.6
8331,0.10652489722714135,34.119607596543005,27.91921391023838,0.00908334255218506,0.6
8332,0.18528375105037492,40.372420893221765,19.88644635302622,0.009439325332641602,0.65
8333,0.6743759530109805,35.94833713309009,32.09439377302472,0.009575510025024414,0.95
8334,0.2639898043175265,40.444197832026425,34.569656034871024,0.009709298610687256,0.7
8335,0.22208213382030095,44.526675563089675,33.92841654881684,0.00925072431564331,0.7
8336,0.13738870566694525,44.31806445079995,28.0684753274744,0.009402036666870117,0.65
8337,0.5464230663395797,34.61757480790916,31.710110526550224,0.009589195251464844,0.85
8338,0.5686485869268911,25.282758855414514,21.472589590134582,0.009730327129364013,0.85
8339,0.47547376570239974,27.049486210460095,22.681057670646144,0.009408509731292725,0.8
8340,0.2960059414876236,29.051541841686014,26.275741859787683,0.00961301326751709,0.7
8341,0.5194490711037266,38.254039705887294,36.57005521850202,0.009868979454040527,0.85
8342,0.6608847182936652,27.315874055455385,28.717723028484684,0.01058744192123413,0.9
8343,0.6461134902963666,24.515890544394615,24.866843604004153,0.010100698471069336,0.9
8344,0.4820443582999802,27.089323664414696,29.168521802486076,0.010362803936004639,0.8
8345,0.4207707317836175,38.104647121998255,30.581795074915906,0.010984706878662109,0.8
8346,0.17609252126416713,39.09117015962725,26.69105163960546,0.009807205200195313,0.65
8347,0.33484888346322406,46.724319666555175,37.77770161479069,0.009561765193939208,0.75
8348,0.38887464468067473,42.05467247456539,36.00438172722488,0.009850287437438964,0.8
8349,0.209499425442153,38.90287390802405,20.736869273805194,0.009266197681427002,0.65
8350,0.3816424556128333,33.423010925074756,26.216925569746145,0.008813011646270751,0.75
8351,0.3870962854130853,31.39670104681999,22.471431422623308,0.008845508098602295,0.75
8352,0.49001689961661327,48.77115404674006,37.15193784599607,0.009290921688079833,0.85
8353,0.009576212107336345,35.12974269944241,23.450404186140883,0.008896052837371826,0.55
8354,0.06147683589521471,49.484801379409525,45.83700276452145,0.009292376041412354,0.6
8355,0.12782719751639784,38.20515580572744,19.560860220721608,0.009386992454528809,0.6
8356,0.2781431072633417,32.320548674958204,30.396992130814642,0.010063517093658447,0.7
8357,0.5690638240215594,27.339055568682237,18.0968470707849,0.009396100044250488,0.85
8358,0.1428167249674042,52.069837962972954,48.11490438452189,0.00959233045578003,0.65
8359,0.33712011896212224,43.571682891885914,32.37814253484057,0.009654414653778077,0.75
8360,0.7255750489179458,22.3356147011388,22.542816940456515,0.009594690799713135,0.95
8361,0.4626291283979297,32.37428728399876,35.66096340741479,0.009676265716552734,0.8
8362,0.42983361959534483,35.65382929378451,33.948396683488056,0.00876225233078003,0.8
8363,0.297519951459675,50.7081377800543,34.89798755365327,0.008700382709503175,0.75
8364,0.17649291998148997,34.570489798256375,27.797349319639917,0.008922076225280762,0.65
8365,0.3471071323569279,40.259573344825014,41.34799437715206,0.009440386295318603,0.75
8366,0.4342673966375517,34.99797521536195,26.52628576330602,0.009587717056274415,0.8
8367,0.43775314038323676,36.51415443574069,40.203067096270544,0.010197556018829346,0.8
8368,0.3676352613888304,27.67475699777877,31.364820722154363,0.009527742862701416,0.75
8369,0.4974811273359361,20.557511685545425,21.184011864768785,0.009058427810668946,0.8
8370,0.36402782961045466,34.67176723363642,26.467740755912416,0.00969775915145874,0.75
8371,0.4660391195682889,24.84620061302372,26.89967401777561,0.00911489725112915,0.8
8372,0.198575696511144,29.706234559060658,20.429340542144676,0.008824074268341064,0.65
8373,0.36818363318132563,29.079319504602246,32.42388245116995,0.00941295623779297,0.75
8374,0.5172399596601978,28.895688123661948,30.739665351042436,0.009026169776916504,0.85
8375,0.4058888002080289,26.3594642927351,21.731650524091446,0.00920199155807495,0.75
8376,0.15408054017346204,48.1001374086919,39.744197682491716,0.009147047996520996,0.65
8377,0.5439777700938012,25.959101189753902,20.558796546539778,0.009167337417602539,0.85
8378,0.3461133053188244,30.446978601013107,21.42891360726768,0.00934213399887085,0.75
8379,0.3909624710653813,30.12092946646147,20.836665396210044,0.009865927696228027,0.75
8380,0.16303166751940357,43.30967240153218,26.68901365953351,0.00960911512374878,0.65
8381,0.4195377617563249,40.710439052017804,34.8219851005219,0.00997004508972168,0.8
8382,0.5182413586619764,38.26089196967052,30.315490178937754,0.00966813564300537,0.85
8383,0.20576961968778612,42.33578143516267,27.14101455799931,0.009337937831878662,0.65
8384,0.3750862503109161,37.72013376568315,25.14976827557312,0.00959402322769165,0.75
8385,0.6111442379756735,33.401353308246264,29.642973224459766,0.009870851039886474,0.9
8386,0.18689917655589305,34.714302203748886,26.364192124575503,0.010213363170623779,0.65
8387,0.5451148491040971,30.203980707362188,31.6971542608036,0.010579860210418702,0.85
8388,0.33694192436100523,43.754448127727485,31.422865769847263,0.01025705337524414,0.75
8389,0.19068226136358427,43.59958631280023,27.716326770248862,0.010141515731811523,0.65
8390,0.391705215604346,23.686750677491524,18.986860244091083,0.010216629505157471,0.75
8391,0.418180572859984,29.423796817246874,33.21420415891132,0.010307002067565917,0.75
8392,0.2662228441734013,38.13469373064342,26.43213774041166,0.009997189044952393,0.7
8393,0.23621657857509257,21.826308412529233,17.44591123329869,0.009411609172821045,0.65
8394,0.3713409212189918,24.245672230264894,19.75904997789811,0.009353566169738769,0.75
8395,0.6358547305482699,24.771851790361783,20.367439906743726,0.009472465515136719,0.9
8396,0.2930157019467133,34.30850105712257,26.617503336334533,0.009537291526794434,0.7
8397,0.574524500508644,26.42544952097499,16.716031544826063,0.010027551651000976,0.85
8398,0.15024243930279255,46.92020998004985,40.85181737573802,0.010845804214477539,0.65
8399,0.38370770898531437,29.10884667063384,20.26037102635753,0.010078084468841553,0.75
8400,0.43823325041404615,32.51149824696264,28.929065511790537,0.009270453453063964,0.8
8401,0.35053233193926064,38.97204857248907,25.695681869465208,0.0090051531791687,0.75
8402,0.42229134737980145,38.477866889890244,31.17057269381224,0.00908207893371582,0.8
8403,0.48466571811209197,49.659809356238405,43.24716237161254,0.009673976898193359,0.85
8404,0.26329971619099746,30.591058622820178,35.15638202336727,0.009546124935150146,0.7
8405,0.2787928205749076,28.878985042287354,25.08744314290924,0.00893324613571167,0.7
8406,0.22855164631325672,32.77229606141075,18.48795497780551,0.009666264057159424,0.65
8407,0.3000262571760099,42.47937730078359,30.963643456666016,0.009088730812072754,0.75
8408,0.3451994772446224,34.87010193454573,26.608558775098707,0.009674608707427979,0.75
8409,0.3446337970296442,44.210850062330515,32.98784442399016,0.00953514575958252,0.75
8410,0.12827921693419297,33.568960907972475,35.3023790589626,0.009475576877593993,0.6
8411,0.43341457675950557,39.37520288452369,32.002796291383824,0.009469103813171387,0.8
8412,0.24253735913303864,40.026292286774016,42.022703706429084,0.010129475593566894,0.7
8413,0.4429544745686451,33.943617292002585,38.94501665467793,0.009636366367340088,0.8
8414,0.5981004106878364,30.24570568493666,26.202901230161075,0.009429943561553956,0.9
8415,0.270614379889702,28.395508113007104,25.6019734313458,0.009875190258026124,0.7
8416,0.3949690089951755,28.144375805293826,18.87584302608328,0.010219383239746093,0.75
8417,0.41180691711233164,23.85769534925904,26.375132869377456,0.009778618812561035,0.75
8418,0.3830444907761588,21.427710127429382,22.701021283122206,0.009639203548431396,0.75
8419,0.2798598379453524,37.99335374397193,33.243665466095955,0.009562277793884277,0.7
8420,0.3775248162260638,24.325352825419884,20.500173382483585,0.009839832782745361,0.75
8421,0.5555005526056856,28.60759910230148,30.302122841406504,0.0097059965133667,0.85
8422,0.7529369148413184,19.494608741578535,19.43831862340564,0.009454357624053954,0.95
8423,0.457000515514853,30.730955702950883,33.68926684535142,0.00975804328918457,0.8
8424,0.47937889334488126,25.388624445984238,27.23633720886649,0.009043574333190918,0.8
8425,0.17077872460496438,41.670222277599905,30.54169325500737,0.009326183795928955,0.65
8426,0.23271060095178803,33.06656876770188,32.368129936859766,0.00940176248550415,0.7
8427,0.2101415328758626,32.25985094522649,33.218421624212695,0.009477365016937255,0.65
8428,0.30645107117683684,33.11864507997139,25.020577441104223,0.008788657188415528,0.7
8429,0.48104035963469655,27.36065558420608,29.117440618187807,0.0091072678565979,0.8
8430,0.26643135746775515,25.546829858110563,28.270229003205827,0.008864450454711913,0.7
8431,0.5179681219156451,25.65097255376933,21.62252722511807,0.009261596202850341,0.8
8432,0.2557499485111988,33.57195500998982,19.119651939455803,0.009204041957855225,0.65
8433,0.4163388695995664,25.28064227198535,21.610477812456814,0.009308159351348877,0.75
8434,0.5003756353709564,23.573940037999847,19.03273773743047,0.00956333875656128,0.8
8435,-0.06605956593959525,33.28621331846585,20.842276721604012,0.00952836275100708,0.5
8436,0.6281684697706332,33.41485344638873,35.40736962059675,0.009390652179718018,0.9
8437,0.3863414832233336,33.179351173462045,25.59581012388834,0.009513866901397706,0.75
8438,0.6447845523615114,28.784347842984516,24.322155889418596,0.009576141834259033,0.9
8439,0.5091471699006658,39.356910522877214,30.102610275481823,0.008948123455047608,0.85
8440,0.5818694670997138,17.264671766053173,17.107305250094555,0.00926053524017334,0.85
8441,0.39898565440781064,25.594785674084978,21.74585458184237,0.00911095142364502,0.75
8442,0.47690146754699037,17.62813924830275,17.555798886922464,0.009174692630767822,0.8
8443,0.466211741815637,34.2709503207083,32.77076180010221,0.009526801109313966,0.8
8444,0.7070196635097715,23.078603326157115,23.387521497179513,0.009609580039978027,0.95
8445,0.5855119076066325,37.863515121125985,39.918107451748284,0.010032522678375243,0.9
8446,0.5396062142156445,34.389132148553024,32.12330509356274,0.010227334499359132,0.85
8447,0.38003976490626734,23.131379921253505,18.547741176025678,0.010385632514953613,0.75
8448,0.37552056380768406,33.30784469211577,32.9877008878194,0.009271800518035889,0.75
8449,0.572703998632265,20.123842756865194,20.37500685357331,0.008963441848754883,0.85
8450,0.7498834312203005,19.45953207043655,19.150952990414766,0.009245896339416504,0.95
8451,0.5273766281040947,38.59959592886134,36.09066531857245,0.008782434463500976,0.85
8452,0.5475974961782908,32.077144289775774,23.047442610203962,0.009456491470336914,0.85
8453,0.37924530107804477,26.924831309436485,24.018658768975225,0.009308719635009765,0.75
8454,0.2639983009394859,40.93562616946972,27.41392915987176,0.009829401969909668,0.7
8455,0.30451282644989364,26.97198417746558,22.429470531131525,0.009788584709167481,0.7
8456,0.2775668013008603,40.2016977070283,21.208505839555244,0.009678876399993897,0.7
8457,0.4210143131228318,37.19055629985559,34.857982577748885,0.009573423862457275,0.8
8458,0.6191408741386321,24.502582889310748,25.51124254592458,0.00995774269104004,0.9
8459,0.20187015632547353,34.27853576450549,25.8889568064685,0.009192824363708496,0.65
8460,0.34731873131965774,37.907621612340385,37.73312269959852,0.009345614910125732,0.75
8461,0.48706090731396845,23.271557620110947,25.121303250658343,0.010643279552459717,0.8
8462,0.17950925680388824,39.312613749331746,28.57806562694405,0.0096482515335083,0.65
8463,0.4504255557383354,32.78463776607823,24.609895995951618,0.009567737579345703,0.8
8464,0.17568993563284005,43.775991424329064,34.783139216433945,0.009650218486785888,0.65
8465,0.5052621109527459,45.100295952986286,38.963707929782274,0.009456706047058106,0.85
8466,0.1964645870534018,28.63480706405405,19.78673418025625,0.009585356712341309,0.65
8467,0.4480995025400413,29.959330962715597,32.22748437311685,0.009607315063476562,0.8
8468,0.6073073329250551,36.35507470704412,38.63550064021548,0.009704494476318359,0.9
8469,0.45464244757285927,30.520749269854058,33.44400918990064,0.009773433208465576,0.8
8470,0.19231052433205634,32.520501516806085,37.931201469959035,0.010068273544311524,0.65
8471,0.4632395718276821,29.412294343917914,25.4677874002645,0.0101601243019104,0.8
8472,0.5540444078874642,28.815891557199876,24.776442471128213,0.009466755390167236,0.85
8473,0.4754395789418461,25.160076091550827,26.977225383281215,0.009322655200958253,0.8
8474,0.5346694163070926,34.47849848453115,30.106418718801955,0.009653007984161377,0.85
8475,0.344448155568008,38.50539108915979,24.7781348351749,0.009830975532531738,0.75
8476,0.21510574368148244,30.860828554791187,30.329742756660842,0.010335707664489746,0.65
8477,0.4294515913879671,27.014761192133495,15.765364487600854,0.009913325309753418,0.75
8478,0.33567023916105454,38.88623876227077,32.38847345397489,0.010020828247070313,0.75
8479,0.4513578836935662,34.3497050958547,26.277506695518312,0.010640335083007813,0.8
8480,0.30952640858621655,30.181853334708386,21.393333332575192,0.009868299961090088,0.7
8481,0.3663631063750148,29.121412962328314,19.590225091238846,0.0092812180519104,0.75
8482,0.6172709408278314,34.488105367892715,31.19136570371582,0.009879028797149659,0.9
8483,0.2585775529396383,39.149334403526524,25.955510436463957,0.009318959712982178,0.7
8484,0.34826742944860317,33.28100995703431,32.54261112522776,0.009269583225250243,0.75
8485,0.4156253419686216,43.55911883574257,44.03858325400293,0.01018054485321045,0.8
8486,0.012275163801401562,35.93287603513221,25.154531839133497,0.010787081718444825,0.55
8487,0.31416001082827305,44.14578168259574,45.213585016743345,0.011005556583404541,0.75
8488,0.04021182608137265,24.0635154343994,28.84553156241879,0.010990297794342041,0.55
8489,0.4399384215223706,26.861360418221885,29.353522871088288,0.011038446426391601,0.8
8490,0.48751995317893726,21.099947844762177,15.817567272922785,0.010475075244903565,0.8
8491,0.012647103564329609,29.944862771694527,28.013525105446618,0.009436750411987304,0.55
8492,0.3929304362428713,27.701584729499324,24.983109061096496,0.009159386157989502,0.75
8493,0.7568332028715602,19.945570239284944,20.15852122378644,0.010134744644165038,0.95
8494,0.5582886977145382,29.4221502686134,31.92546810679954,0.00955449342727661,0.85
8495,0.24639037765910987,31.883161957542626,27.346398944243763,0.009327924251556397,0.7
8496,0.3378165009858106,38.69252028722303,32.755746445013706,0.009539401531219483,0.75
8497,0.3594722534936283,38.925420475023806,32.80567191518805,0.009192836284637452,0.75
8498,0.615969488336004,34.24837861323636,30.286514097949482,0.010107362270355224,0.9
8499,0.4063133246140137,40.73957904035673,34.191950261861365,0.009776544570922852,0.8
8500,0.6202622267874061,30.741395989099885,26.07000898180006,0.00949941873550415,0.9
8501,0.6477150571987409,29.63319561746828,25.45594788737207,0.009290802478790283,0.9
8502,0.5531729448638198,24.581307705350717,25.681801976442777,0.009057295322418214,0.85
8503,0.5969642982519241,33.825566201557194,35.269437613423015,0.008982884883880615,0.9
8504,0.38333465093003316,29.55783480495152,26.324266594461196,0.00897221565246582,0.75
8505,-0.028139106171277573,37.44205496460525,27.785963943068552,0.009031498432159423,0.55
8506,0.41167243829286304,35.10573497638549,18.33940592045577,0.009392189979553222,0.75
8507,0.3015043291317376,26.032129205087877,21.722782401407176,0.00953671932220459,0.7
8508,0.25795511889931877,36.16173301415817,22.544526520068665,0.009338343143463134,0.7
8509,0.44601636322679317,35.24606236851022,21.468356150063304,0.009043192863464356,0.8
8510,0.3514203796247747,39.90272312912137,40.76264616989367,0.009269845485687257,0.75
8511,0.2699265816042443,36.30208713900022,28.892423281854036,0.009416925907135009,0.7
8512,0.4312133555851122,36.85809246273982,35.56034579860792,0.009887146949768066,0.8
8513,0.8317016779251644,18.92121973510934,18.92121973510934,0.009585893154144287,1.0
8514,0.6269383141331801,29.296038019561458,30.443952826893035,0.009713435173034668,0.9
8515,0.47511760331045405,24.685304604673554,21.01859141922084,0.009403133392333984,0.8
8516,0.42400681103462823,33.116090242344036,30.805242106440847,0.009054803848266601,0.8
8517,0.2577203918686114,38.68343178925524,26.526597279878207,0.008912897109985352,0.7
8518,0.48581025722524435,23.051074955290254,17.958382804173464,0.009514522552490235,0.8
8519,0.6252040725283433,28.36454453179591,24.570397594900328,0.009549379348754883,0.9
8520,0.29314301897258743,37.58887217891735,19.46414861231185,0.008954465389251709,0.7
8521,0.49312151294813467,28.045333298223817,24.17116884577665,0.00927298069000244,0.8
8522,0.477523830650252,30.72697344522812,28.217047823552296,0.009248995780944824,0.8
8523,0.4611791940353764,27.822152660286555,17.76860424768665,0.009241342544555664,0.8
8524,0.5578739150123746,44.81581583404489,41.91062141207138,0.009579837322235107,0.9
8525,0.3345253998498109,43.67954957020758,32.421098263447426,0.009800291061401368,0.75
8526,0.403708356970413,20.297693477245026,20.171653221636454,0.009503018856048585,0.75
8527,0.55131559847419,24.859590951158427,26.335241197962077,0.009527719020843506,0.85
8528,0.710722839108447,30.011796191334223,30.906684170286606,0.009102320671081543,0.95
8529,0.28371051418319365,52.11459829680346,37.26905426400393,0.008993005752563477,0.75
8530,0.308501569603287,49.70284435870665,46.2214700888439,0.008836567401885986,0.75
8531,0.43135204703919916,31.75082074815697,27.34689870154073,0.009199464321136474,0.8
8532,0.2823979595125655,39.11105727452117,32.25369412906047,0.009905624389648437,0.7
8533,0.4459713679672957,36.168343432952284,22.564957968849363,0.010072541236877442,0.8
8534,0.3419828479089472,42.84582973907471,36.95008335394386,0.00980890989303589,0.75
8535,0.25885141842142134,40.00847666488016,27.50727751396396,0.00995699167251587,0.7
8536,0.516613762903131,38.14266775527913,29.562053531789843,0.009468233585357666,0.85
8537,0.25654117437908297,42.03597727897756,32.81342557274904,0.009541034698486328,0.7
8538,0.21096633432129924,23.967688666511627,19.75232897866119,0.009551763534545898,0.65
8539,0.21206045953802183,50.45063007683866,42.24741362772977,0.00919196605682373,0.7
8540,0.5393482941687509,29.309392601986485,25.688547807639345,0.009296667575836182,0.85
8541,0.4230103321713282,32.857644187446894,24.842870749891524,0.009732496738433839,0.8
8542,0.4989998604987266,34.73377555060338,24.888056017228084,0.00953749418258667,0.85
8543,0.3788312313160566,33.870487455283254,26.02882185628089,0.010639655590057372,0.75
8544,0.5589456859106672,30.773404321997884,26.29697863679292,0.00936669111251831,0.85
8545,0.2545765504928997,42.83499400852177,31.184922475152813,0.01010892391204834,0.7
8546,0.4251152986845844,37.73411446222608,31.601325964551272,0.009701395034790039,0.8
8547,0.475968836945149,26.614359403089686,28.907107542753433,0.009084570407867431,0.8
8548,0.26482329341678257,33.25200240862667,32.977139778551596,0.00921027660369873,0.7
8549,0.5027542060721222,45.05767022466803,31.69195338815984,0.009933221340179443,0.85
8550,0.2578960002181497,33.25726028870492,27.44520590952195,0.010003554821014404,0.65
8551,0.12167388387111022,49.08339730638201,34.50844236512128,0.010578644275665284,0.65
8552,0.3921718500483103,26.50848569966602,21.586254496637114,0.010183656215667724,0.75
8553,0.18796414331598793,38.03701818501047,41.0300095773028,0.009894680976867676,0.65
8554,0.6305785614908045,29.93344783863902,20.72801132089036,0.009843099117279052,0.9
8555,0.5639317283806674,22.813515286141012,23.334692698851647,0.009285855293273925,0.85
8556,0.6466877537450986,34.98192394592497,31.83226710562633,0.009582602977752685,0.9
8557,0.5779357962970162,25.664452638836345,27.139326170763272,0.00924694538116455,0.85
8558,0.37591420514018814,24.819437942692772,21.18928893494832,0.00944429636001587,0.75
8559,0.4604631127850614,25.39033524421253,15.332636744046443,0.009154045581817627,0.8
8560,0.5271918096830985,33.49028497428199,30.385732320227735,0.009506618976593018,0.85
8561,0.3873876889225847,34.06561586223857,20.393839840682357,0.010167968273162842,0.75
8562,0.5011754043112377,22.481513492461865,22.649112417076267,0.00978384017944336,0.8
8563,0.45585539289228183,38.724796999490835,37.146512592110525,0.009514117240905761,0.8
8564,0.4608524614691091,23.199056558085786,23.498120703476154,0.010158777236938477,0.8
8565,0.24802761064874393,43.613026820444176,41.64596446409376,0.009597134590148926,0.7
8566,0.3440575947764196,31.42429573844162,35.566090736778094,0.010232031345367432,0.75
8567,0.37961497790381954,19.13173648536767,19.331626563021377,0.010320460796356202,0.75
8568,-0.003533667428018228,39.878502577429025,38.652216685497564,0.010754430294036865,0.55
8569,0.46511813672653934,35.13828412130364,21.327606054631445,0.010062873363494873,0.8
8570,0.3955592814687229,21.876970706604148,16.757858874688157,0.010162663459777833,0.75
8571,0.4678375252723327,26.32320479353362,20.390225286218037,0.010353755950927735,0.8
8572,0.20417705640433598,38.88932359053193,20.97863386814773,0.01032484769821167,0.65
8573,0.5523927411820457,33.03590652886342,35.5412899367563,0.009761011600494385,0.85
8574,0.36733722440024075,33.15455576040624,18.617490211215106,0.009554910659790038,0.75
8575,0.5862126908803356,18.21973043444545,17.963635369685733,0.009941005706787109,0.85
8576,0.5144999148784623,30.272127223552918,32.419164093190716,0.01017460823059082,0.85
8577,0.6330250414843471,31.009237276798206,32.289299233410084,0.009840238094329833,0.9
8578,0.20901841044364705,29.858027608514544,28.288274964739855,0.00995389223098755,0.65
8579,0.6682230806852318,22.85667987857334,17.93866363435004,0.009381747245788575,0.9
8580,0.33675249138107294,37.93137712383465,31.625066009878076,0.009064960479736327,0.75
8581,0.2630500027709042,28.97076333903637,33.0178519334423,0.009460556507110595,0.7
8582,0.28649723010781597,30.40885332372894,20.639861998340926,0.010019254684448243,0.7
8583,0.18150464054993729,32.70591735799829,25.812865874742094,0.010154759883880616,0.65
8584,0.5928616411201615,28.42827492991583,29.619188941165127,0.009979498386383057,0.9
8585,0.3092814499248336,27.52489684704002,17.207232364856196,0.009632372856140136,0.7
8586,0.2615987490595601,34.04496510169387,27.65584359256107,0.008971917629241943,0.7
8587,0.09829632797517952,38.60688254854966,33.1793922468531,0.009772777557373047,0.6
8588,0.3520158892112405,38.30281367600591,31.385387631907527,0.009492528438568116,0.75
8589,0.2898688575891282,32.2562879574767,32.09851870053543,0.009452641010284424,0.7
8590,0.3145452322553711,27.770176050248153,25.706988185355986,0.009225618839263917,0.7
8591,0.5822613927876367,23.237833479190638,24.96031826640026,0.009494125843048096,0.85
8592,0.5167693037009338,39.93431300800317,38.63759100514956,0.009783077239990234,0.85
8593,0.3426017338092671,36.327823962575806,30.563201911592923,0.009243345260620118,0.75
8594,0.24616691584184086,39.861594713252614,36.1378620861613,0.009548211097717285,0.7
8595,0.2874591252824117,34.29123119961422,21.056938460845124,0.009850788116455077,0.7
8596,0.36583259824429615,31.473462773274377,29.40819730579848,0.010392546653747559,0.75
8597,0.33790236889175546,40.52537254814434,34.972552188396364,0.009437870979309083,0.75
8598,0.28257419914684906,41.444411270180765,23.567248965807842,0.009487652778625488,0.7
8599,0.3692006011924807,28.58737307804675,26.4077418804284,0.009165966510772705,0.75
8600,0.49377741345031606,22.597328680771707,23.57316083178116,0.009200084209442138,0.8
8601,0.4215853034500908,38.409359330206904,37.221007860052254,0.00889042615890503,0.8
8602,0.5516967494357781,27.75783044436966,29.263483315710065,0.00907970666885376,0.85
8603,0.5032256922865821,43.91236041848073,42.6001398546173,0.009236681461334228,0.85
8604,0.5368234135644364,28.17917647206296,24.461200990473763,0.009643518924713134,0.85
8605,0.4980720053631583,41.21873122626925,33.897421743130984,0.009481966495513916,0.85
8606,0.2868226638341335,35.15717140485119,20.08044477408913,0.00904254913330078,0.7
8607,0.19894549737250525,30.683497753024454,29.63369329433897,0.00933234691619873,0.65
8608,0.3748199973773903,39.8587918058347,28.0524079998764,0.009025478363037109,0.75
8609,0.3395764766810393,29.774661787044334,19.67635236082563,0.009111309051513672,0.75
8610,0.45838365073399323,31.37654900627242,33.152707565799574,0.009109067916870116,0.8
8611,0.2992628632906532,28.991110928120246,27.25486758703217,0.009630835056304932,0.7
8612,0.6334378202407785,26.01834379526908,26.769967537448768,0.009719467163085938,0.9
8613,0.6461663045789835,29.889721041073624,25.347107003531658,0.009899842739105224,0.9
8614,0.4570430498608952,30.1845881306895,21.878095861170213,0.009520888328552246,0.8
8615,0.4818065891004066,37.22893165319315,35.50656549125338,0.00993574857711792,0.85
8616,0.41163713235822585,27.09487139386714,29.496098435420933,0.009574997425079345,0.8
8617,0.44482125752342067,30.911208697850544,27.629124190548133,0.00945972204208374,0.8
8618,0.45106663760939475,28.369462885116594,25.127987019687133,0.009981787204742432,0.8
8619,0.4876978507209211,24.80577136895178,20.586348172209284,0.00993497371673584,0.8
8620,0.5360947322645543,32.00703850123527,28.935621414559627,0.009872150421142579,0.85
8621,0.44355227202647385,30.299107776261014,27.65593116213268,0.010440421104431153,0.8
8622,0.3660813204902584,28.607634858381733,25.83606928798688,0.009709954261779785,0.75
8623,0.3954221118028357,35.653065080539896,27.595187585716083,0.009078538417816162,0.8
8624,0.32231939546264565,34.7009121709859,26.926990143234892,0.009386885166168212,0.75
8625,0.3138716762023758,43.16627576243169,45.18791007687128,0.010076987743377685,0.75
8626,0.3757363556374033,27.861398114473975,17.64761427371944,0.009363579750061034,0.75
8627,0.2666306072501305,34.985577526537476,28.247626151015066,0.008918833732604981,0.7
8628,-0.03559700696644864,68.94643046469832,60.791753804913306,0.008859920501708984,0.6
8629,0.3403907400089536,33.597378623571494,26.45454098636625,0.008919107913970947,0.75
8630,0.2504793066438029,44.91310911459528,39.46187699156213,0.009062862396240235,0.7
8631,0.35258451611790453,32.59183434398235,25.2946752530376,0.009585058689117432,0.75
8632,0.5752715999634337,28.300348837750477,24.303591448474545,0.00964435338973999,0.85
8633,0.34688117879486374,52.5026503520531,55.10482373178793,0.0087912917137146,0.8
8634,0.3636582349301176,47.58509208447713,43.72069097089117,0.008898639678955078,0.8
8635,0.38311607182939167,31.519007980710978,22.797451704853717,0.009002017974853515,0.75
8636,0.5593869186231591,47.441492069970366,45.07754250847789,0.009253108501434326,0.9
8637,0.387364135549119,32.49912960354557,31.63023865094927,0.009531199932098389,0.75
8638,0.5760470877748076,24.54334687377497,26.031684748182137,0.00938321352005005,0.85
8639,0.3518898187265939,34.18360098005581,25.508037869571424,0.010148572921752929,0.75
8640,0.5637846905376894,23.42355039568244,24.703559646623788,0.010492813587188721,0.85
8641,0.5507016808063747,29.29789287856923,25.894983973138405,0.010316836833953857,0.85
8642,0.5640902369306084,33.624568720531826,31.14884720057809,0.010351872444152832,0.85
8643,0.3285285501271191,28.502268721050473,26.62476683102265,0.010478699207305908,0.7
8644,0.26172896172310395,43.28798318606386,39.894455790604006,0.010009396076202392,0.7
8645,0.46854785176032365,34.551584725185094,25.021503037344758,0.00942634344100952,0.8
8646,0.28384970243685065,33.45970828368466,32.047638347712216,0.009203004837036132,0.7
8647,0.4660827971311264,26.221612753161775,22.627564046780677,0.00944364070892334,0.8
8648,0.4805539892494613,21.965165829158362,22.758427971630013,0.00963435173034668,0.8
8649,0.3153253823420176,23.751971882968547,19.418085208282825,0.00955733060836792,0.7
8650,0.2982489208504419,33.3707909289561,19.179867879272766,0.00937126874923706,0.7
8651,0.5438966230071735,35.86168394247018,28.262238590086838,0.009303367137908936,0.85
8652,0.6351964000678575,26.401935698269227,27.45208990523617,0.00886005163192749,0.9
8653,0.4739328884523061,24.1172715713382,19.734841097578,0.008788621425628662,0.8
8654,0.359503259404326,36.49495344223633,37.09342964978285,0.0088065505027771,0.75
8655,0.22853242143558491,27.159102242769485,24.575024678930546,0.00872349739074707,0.65
8656,0.5502149164459122,28.601149608054794,30.689601870063424,0.008921277523040772,0.85
8657,0.34928109651548156,25.958650717596242,20.46702276143729,0.009533131122589111,0.75
8658,0.1906926480017224,30.379747232756984,20.60549407227082,0.00974726676940918,0.65
8659,0.3445076471065488,20.849659895085583,21.637547792041833,0.009678661823272705,0.7
8660,0.6482808947125936,21.698349032158312,22.36571588293663,0.009674608707427979,0.9
8661,0.28544186297510665,30.797688261095924,22.037331038563817,0.00969928503036499,0.7
8662,0.4210456259484564,40.46381139284985,39.18050273263094,0.010095751285552979,0.8
8663,0.30887991671762294,44.02707368071108,45.69970370878614,0.00933995246887207,0.75
8664,0.33662625284088216,22.887940269244808,25.472094420081913,0.009788930416107178,0.7
8665,0.4701087700852364,28.31195719590412,18.670505843293455,0.009163177013397217,0.8
8666,0.3236245629405045,24.787687134100832,19.580988295970997,0.008829867839813233,0.7
8667,0.43580809332940007,41.175877508231544,33.943668985799675,0.008810281753540039,0.8
8668,0.6253686443389845,26.262971159216534,26.986670722462208,0.009174036979675292,0.9
8669,0.36778584587013,29.655326658308816,26.27321178614753,0.00910874605178833,0.75
8670,0.301350928550922,22.021516814044606,17.383471893328494,0.00925142765045166,0.7
8671,0.46171357172687155,27.996171768241577,18.60566572982231,0.009129750728607177,0.8
8672,0.21698088729430406,27.947550010442818,27.11266211456209,0.00924605131149292,0.65
8673,0.2752144690961834,34.79571165593045,34.946875603516844,0.009172987937927247,0.7
8674,0.6129494007768269,28.334000563620634,24.065586717302587,0.009076499938964843,0.9
8675,0.5476794992198366,33.5073071596179,29.75294798676329,0.009158146381378175,0.85
8676,0.35104373647063974,30.798309874432924,22.839100074679177,0.009218597412109375,0.75
8677,0.5086891003371562,34.24376008126668,31.261094749459424,0.009525275230407715,0.85
8678,0.4741857483148572,31.1391993502914,27.880215902457692,0.009599387645721436,0.8
8679,0.17219514117592719,34.58045259957051,28.245373741713852,0.009203004837036132,0.65
8680,0.280715008297419,34.4039745825195,35.224294571703005,0.009069418907165528,0.7
8681,0.36679141984375185,37.6352928044946,31.59209688320148,0.009617233276367187,0.75
8682,0.1740809846046607,38.50949965566637,35.7170899992649,0.00930173397064209,0.65
8683,0.47999341506998994,24.75460807060482,20.08285027424255,0.008957767486572265,0.8
8684,0.3922212264827388,24.864204438331594,20.03848190186234,0.009165728092193603,0.75
8685,0.5988101943713744,28.051945707222096,23.876423823568878,0.009518122673034668,0.9
8686,0.2850737637796315,27.384497614996015,17.80167020028538,0.009087455272674561,0.7
8687,0.2921584823771647,29.2222909419078,27.408057799173687,0.009411251544952393,0.7
8688,0.32542827511575095,20.502123741420558,20.776399122457182,0.009624993801116944,0.7
8689,0.28831822486564324,30.832752332322332,23.46122538683283,0.0094579815864563,0.7
8690,0.46080097256627084,28.646929235174447,19.310977289607266,0.009589803218841553,0.8
8691,0.5007074231165376,19.484391025123315,18.68577828864644,0.009140777587890624,0.8
8692,0.5539383465736136,30.139743513188193,25.271727911655233,0.009728729724884033,0.85
8693,0.3923246711918244,35.61325294920549,28.944696923990566,0.009801173210144043,0.75
8694,0.2459195816299598,47.519342350310055,39.284144930592554,0.009833240509033203,0.7
8695,0.25264290985281035,36.75113393046792,44.822927787755056,0.009309971332550048,0.7
8696,0.4871509226335431,27.913600763021243,18.07200625943077,0.00952059030532837,0.8
8697,0.5628933768565713,23.306219683283224,18.64005837828448,0.009538638591766357,0.85
8698,0.32024489556395536,27.120874556006953,17.264747255359673,0.009621477127075196,0.7
8699,0.5185837522848538,34.66773139485313,32.060548987365486,0.009654951095581055,0.85
8700,0.5915243180129374,18.62928902980526,19.478546590694318,0.009826183319091797,0.85
8701,0.3857252129326575,29.496173986017784,25.668438992557643,0.009445583820343018,0.75
8702,0.5446568661081791,27.321624687054737,28.289288505238535,0.00928657054901123,0.85
8703,0.5696911093595175,25.848512809624093,21.758495335962547,0.008967864513397216,0.85
8704,0.3740450049340723,28.79030470056721,19.21298102642452,0.009118771553039551,0.75
8705,0.15544357903655248,35.73690534185966,31.546522868839794,0.009035444259643555,0.65
8706,0.3751483222115609,32.579083785852376,23.40305233745255,0.009586822986602784,0.75
8707,0.6274405251731356,52.92263792249315,49.79502652258566,0.009351634979248047,0.95
8708,0.12654837693210294,36.980192154639276,27.180560366808393,0.009560739994049073,0.6
8709,0.41110183396035727,27.178429594372535,17.222326523984506,0.009805166721343994,0.75
8710,0.37348452154582534,27.98224840921904,18.66125198439812,0.00943385362625122,0.75
8711,0.48261541811048037,30.613225611946557,32.191382705921754,0.009288036823272705,0.8
8712,0.5538013409189497,25.04263626906764,26.376056434629742,0.009417974948883056,0.85
8713,0.46452411139572475,29.780696966421793,25.27550399302056,0.009100639820098877,0.8
8714,0.5194994415342249,37.4922387611877,41.30441036687459,0.01005246639251709,0.85
8715,0.6076992273806882,30.56897506715901,31.90244714418794,0.009656274318695068,0.9
8716,0.50149990564905,29.469704046089067,31.206824320926824,0.009962928295135499,0.85
8717,0.43840586028594464,30.182632461770687,26.73287190079831,0.009501945972442628,0.8
8718,0.58612456609642,44.987977950418,37.216605154178346,0.009702742099761963,0.9
8719,0.17601753604885767,35.167008277994675,33.556258598435754,0.009845542907714843,0.65
8720,0.06600795349522387,47.9680584757957,52.80438489025979,0.010073041915893555,0.6
8721,0.3233894173127227,43.56522007352247,44.800772193061725,0.009487748146057129,0.75
8722,0.47414653920803723,27.75709813681297,22.789792546997575,0.009597110748291015,0.8
8723,0.6388206230998017,25.626221495116095,26.193129754264906,0.010163843631744385,0.9
8724,0.33689191864620954,28.6349121878553,19.153035428426893,0.009133100509643555,0.7
8725,0.3847383043556263,25.849066225166432,21.866110038794545,0.009768319129943848,0.75
8726,0.4849895607895308,35.631388414095895,26.96141714390654,0.009269320964813232,0.85
8727,0.29890223339072464,30.99217506774945,20.98625630370834,0.009577453136444092,0.7
8728,0.3560961727001349,34.42742953894289,33.67931247799044,0.009275305271148681,0.75
8729,0.4592694152206215,39.86796686521186,27.73717698309088,0.00902869701385498,0.8
8730,0.3179951737096041,38.13816303243783,36.93391212966119,0.009507179260253906,0.75
8731,0.5418058503860868,30.590090097414095,25.96040549726182,0.009445476531982421,0.85
8732,0.2543026952937023,35.43513160990674,28.775289813857317,0.009447920322418212,0.7
8733,0.39092490203390723,29.000455778184154,20.091901730827473,0.00940765142440796,0.75
8734,0.6429363733853565,28.00023036974157,29.282959388039544,0.009106123447418213,0.9
8735,0.4559073595648808,36.6296856862639,32.93354549131073,0.01024860143661499,0.8
8736,0.4598646108974008,28.121068485218945,28.69567651975915,0.00977543592453003,0.8
8737,0.33208677790132196,28.457704591504996,24.228756238596677,0.009591388702392577,0.7
8738,0.4623862062489592,28.83761116878906,24.13541253251759,0.00906369686126709,0.8
8739,0.2769149929489909,32.69335150769786,19.066969384905036,0.009293591976165772,0.7
8740,0.454817966145063,24.294237437187444,25.718714485999172,0.010005629062652588,0.8
8741,0.6855247054534896,23.156667990168803,18.36422134343978,0.009983658790588379,0.9
8742,0.4699032170566212,29.4731666165665,25.798792349537592,0.00982670783996582,0.8
8743,0.4466493978151839,32.465066793366304,30.473424871574654,0.009718167781829833,0.8
8744,0.17974919162677705,36.98181759326427,39.86464355619727,0.010326039791107178,0.65
8745,0.25218853107918304,31.672216669317457,23.832967742792523,0.010179781913757324,0.7
8746,0.6151822492955439,28.321982951001495,24.28645942107601,0.010416662693023682,0.9
8747,0.5196306292173695,33.196786610832255,34.85708650410841,0.009486091136932374,0.85
8748,0.7580814212553368,24.04013820838656,24.13902981559655,0.00929708480834961,0.95
8749,0.6068526193335051,25.57816958391701,25.96153490603121,0.009375357627868652,0.9
8750,0.7360977761955187,38.155545212135955,38.155545212135955,0.009277892112731934,1.0
8751,0.36436394871093997,26.477344271291958,22.762807788909793,0.009384799003601074,0.75
8752,0.5551624842119898,21.58468482259584,16.51591020590999,0.009590232372283935,0.85
8753,0.22817555528332106,23.78981788574669,18.576118827611978,0.009422552585601807,0.65
8754,0.25252121251986187,39.47084476133729,19.9022459403726,0.009303617477416991,0.7
8755,0.35916765838047093,31.083408615303973,29.527804020710043,0.008993399143218995,0.75
