request_idx,reward,latency,processing_time,success
0,0.5415247892746368,4.584752107253632,0.0030765771865844727,1.0
1,0.5177221322114189,4.822778677885809,0.0029285192489624024,1.0
2,0.5339830134034802,4.660169865965198,0.002837991714477539,1.0
3,0.5074401842338161,4.925598157661839,0.002806234359741211,1.0
4,0.4851191672592032,5.148808327407967,0.002916884422302246,1.0
5,0.46293994657574356,5.370600534242563,0.00313568115234375,1.0
6,0.39318155693766016,6.068184430623399,0.0033832788467407227,1.0
7,0.4213489181503002,5.786510818496998,0.0032338619232177733,1.0
8,0.4505420626756349,5.494579373243652,0.0032634735107421875,1.0
9,0.43331583060069045,5.666841693993096,0.0032787561416625977,1.0
10,0.5622243055970849,4.377756944029149,0.003155064582824707,1.0
11,0.5689336579226458,4.310663420773541,0.0029222965240478516,1.0
12,0.5778038064827958,4.221961935172041,0.0030076980590820314,1.0
13,0.5665537477841446,4.334462522158555,0.003031468391418457,1.0
14,0.4877832873544155,5.122167126455844,0.0029309749603271484,1.0
15,0.48599657845605754,5.140034215439425,0.0025853395462036135,1.0
16,0.527100814538837,4.72899185461163,0.0027494192123413085,1.0
17,0.5338089776074809,4.66191022392519,0.002916240692138672,1.0
18,0.4667403591800974,5.332596408199026,0.0028085708618164062,1.0
19,0.4449285896080665,5.550714103919335,0.002826428413391113,1.0
20,0.44819464466734454,5.5180535533265545,0.002845621109008789,1.0
21,0.5596273437737358,4.4037265622626425,0.0024948358535766602,1.0
22,0.4482213936009101,5.517786063990899,0.0027820587158203123,1.0
23,0.519275758324605,4.807242416753949,0.0029422521591186525,1.0
24,0.45397469482447333,5.460253051755266,0.00299532413482666,1.0
25,0.5516298114337652,4.483701885662347,0.0032523155212402345,1.0
26,0.509011724816659,4.909882751833408,0.003271031379699707,1.0
27,0.5747669475290677,4.252330524709324,0.0031504154205322264,1.0
28,0.6040435766755645,3.959564233244355,0.0032592535018920897,1.0
29,0.5668296012515153,4.331703987484847,0.0030527830123901365,1.0
30,0.5176596670972035,4.823403329027965,0.003187227249145508,1.0
31,0.444417771070556,5.555822289294441,0.002831840515136719,1.0
32,0.5255736091516423,4.7442639084835765,0.0028539180755615236,1.0
33,0.5418674023847511,4.581325976152487,0.0026433467864990234,1.0
34,0.5173508969156735,4.826491030843265,0.0028031110763549806,1.0
35,0.5195619156270165,4.8043808437298345,0.0028784990310668944,1.0
36,0.5497734382178839,4.502265617821161,0.0028110742568969727,1.0
37,0.5700015923180783,4.299984076819216,0.0026836156845092773,1.0
38,0.5621262549251564,4.378737450748434,0.002787947654724121,1.0
39,0.5259707462889356,4.740292537110645,0.002848052978515625,1.0
40,0.5323405887074821,4.676594112925177,0.0028239011764526365,1.0
41,0.47453640824573357,5.2546359175426645,0.0028455257415771484,1.0
42,0.5173878910401385,4.8261210895986135,0.00280306339263916,1.0
43,0.45919861953421803,5.408013804657818,0.0025781869888305666,1.0
44,0.552883667492799,4.471163325072011,0.0029317378997802735,1.0
45,0.4828225290980478,5.171774709019522,0.0031035184860229493,1.0
46,0.5726304024832797,4.273695975167202,0.0033138275146484377,1.0
47,0.4918909014724491,5.081090985275508,0.0031692028045654298,1.0
48,0.4903033309052945,5.096966690947054,0.0033241748809814454,1.0
49,0.6046534610722234,3.9534653892777656,0.0030173778533935545,1.0
50,0.4541358551893097,5.458641448106902,0.0030976295471191405,1.0
51,0.50933553739334,4.9066446260665995,0.002850842475891113,1.0
52,0.4304039535321313,5.695960464678687,0.002866220474243164,1.0
53,0.47888439395304766,5.211156060469524,0.002950596809387207,1.0
54,0.3601379300021573,5.8986206999784265,0.0025275707244873046,1.0
55,0.45021088395434006,5.497891160456599,0.002888607978820801,1.0
56,0.5265184882569376,4.7348151174306246,0.002900838851928711,1.0
57,0.5853214063766201,4.146785936233798,0.0030087947845458983,1.0
58,0.5928538038054205,4.0714619619457935,0.0029052972793579103,1.0
59,0.5501922255719532,4.498077744280467,0.0028386354446411134,1.0
60,0.5011499933086171,4.988500066913828,0.0028945207595825195,1.0
61,0.5401427420897283,4.598572579102717,0.0028474807739257814,1.0
62,0.5862341758652316,4.137658241347685,0.002803540229797363,1.0
63,0.5577070990115673,4.422929009884327,0.002839183807373047,1.0
64,0.4755612985266978,5.2443870147330225,0.0029161453247070314,1.0
65,0.5700028353552953,4.299971646447046,0.00298924446105957,1.0
66,0.6011688783370496,3.9883112166295036,0.003284716606140137,1.0
67,0.5346513614349405,4.653486385650594,0.002774667739868164,1.0
68,0.5841390709081987,4.1586092909180135,0.003171348571777344,1.0
69,0.6022296568725899,3.977703431274101,0.002941465377807617,1.0
70,0.5841957102504897,4.158042897495104,0.0030582189559936524,1.0
71,0.5178577785668832,4.821422214331167,0.002871847152709961,1.0
72,0.4790627005493084,5.209372994506916,0.0028675079345703127,1.0
73,0.5749228609654209,4.250771390345791,0.0030086278915405274,1.0
74,0.5541061162189285,4.458938837810715,0.0030233383178710936,1.0
75,0.49649962481785054,5.035003751821494,0.0032006263732910155,1.0
76,0.4971344225282241,5.02865577471776,0.003016090393066406,1.0
77,0.47714973272016714,5.228502672798329,0.0030341148376464844,1.0
78,0.5104329596882824,4.895670403117176,0.002964496612548828,1.0
79,0.5092345681921467,4.9076543180785315,0.0029620885848999023,1.0
80,0.5089562860161017,4.910437139838981,0.002907061576843262,1.0
81,0.5297074072242626,4.7029259277573745,0.0028107404708862306,1.0
82,0.5033871152563728,4.966128847436273,0.0027829647064208985,1.0
83,0.4295335313594693,5.704664686405307,0.002787351608276367,1.0
84,0.4390452577075541,5.609547422924458,0.002559375762939453,1.0
85,0.45815361893162604,5.41846381068374,0.0029604196548461913,1.0
86,0.5134881868240815,4.865118131759184,0.0031128406524658205,1.0
87,0.5180006138064923,4.819993861935076,0.0029960393905639647,1.0
88,0.521082156400691,4.7891784359930885,0.003056955337524414,1.0
89,0.516030233779029,4.83969766220971,0.0030028104782104494,1.0
90,0.5619369894056008,4.380630105943991,0.0029501914978027344,1.0
91,0.576025056015211,4.239749439847889,0.0030066967010498047,1.0
92,0.5172722129850051,4.827277870149947,0.002829098701477051,1.0
93,0.41959190061717627,5.804080993828238,0.0030290365219116213,1.0
94,0.6013749750183226,3.9862502498167727,0.002960062026977539,1.0
95,0.5576250247190472,4.423749752809529,0.0031845569610595703,1.0
96,0.5615414753743962,4.384585246256037,0.003118157386779785,1.0
97,0.5430067433300564,4.569932566699436,0.0032502174377441405,1.0
98,0.5555145191954476,4.444854808045524,0.0031331777572631836,1.0
99,0.5413903236075962,4.586096763924038,0.0029743432998657225,1.0
100,0.5490519780265763,4.509480219734236,0.0028606414794921874,1.0
101,0.4830120350074677,5.169879649925322,0.002750134468078613,1.0
102,0.4916764206797152,5.083235793202848,0.0027460336685180666,1.0
103,0.5361835694376078,4.6381643056239215,0.0027036190032958983,1.0
104,0.5940579911466523,4.059420088533478,0.0027677297592163088,1.0
105,0.5040676770480238,4.959323229519763,0.0029576778411865234,1.0
106,0.48409868845623477,5.159013115437652,0.0030544757843017577,1.0
107,0.508886485312301,4.9111351468769895,0.003106856346130371,1.0
108,0.5860140892549043,4.139859107450957,0.003177905082702637,1.0
109,0.4797164756593462,5.202835243406538,0.002707242965698242,1.0
110,0.5362206667959637,4.637793332040362,0.0029835939407348634,1.0
111,0.5023994067840185,4.976005932159815,0.0028463125228881834,1.0
112,0.4922717712165016,5.077282287834984,0.0028766632080078126,1.0
113,0.4814870479314056,5.185129520685945,0.0028960704803466797,1.0
114,0.5169063349887801,4.830936650112199,0.00298006534576416,1.0
115,0.49959397616990797,5.00406023830092,0.0030919313430786133,1.0
116,0.4432379741559262,5.567620258440738,0.003061652183532715,1.0
117,0.4676472100441358,5.323527899558641,0.0030284404754638674,1.0
118,0.46707171643865325,5.3292828356134665,0.003088092803955078,1.0
119,0.4962829248479988,5.037170751520011,0.002951312065124512,1.0
120,0.4543078350526214,5.456921649473786,0.002924013137817383,1.0
121,0.46021080998441943,5.397891900155804,0.002760624885559082,1.0
122,0.48108624608373346,5.189137539162666,0.002835845947265625,1.0
123,0.5013525755541753,4.986474244458247,0.0026970148086547852,1.0
124,0.5631380873106113,4.368619126893887,0.0028578996658325194,1.0
125,0.4905519268654042,5.094480731345958,0.0027725934982299806,1.0
126,0.5451252530042618,4.548747469957382,0.0031011819839477537,1.0
127,0.5168716395482515,4.831283604517484,0.0031507253646850587,1.0
128,0.5756820420884853,4.243179579115147,0.003246307373046875,1.0
129,0.5277745389866195,4.722254610133804,0.00312042236328125,1.0
130,0.5170858937705352,4.829141062294648,0.003123641014099121,1.0
131,0.5646493963061581,4.353506036938421,0.0028532743453979492,1.0
132,0.5101557598156905,4.898442401843096,0.002981090545654297,1.0
133,0.5053679392241072,4.946320607758927,0.0028657913208007812,1.0
134,0.5759560314359671,4.24043968564033,0.0029408931732177734,1.0
135,0.5572187105163489,4.427812894836514,0.002945542335510254,1.0
136,0.5594158638809578,4.405841361190422,0.0029810667037963867,1.0
137,0.5745578109349692,4.254421890650308,0.003071117401123047,1.0
138,0.5153673325800954,4.846326674199046,0.0030009269714355467,1.0
139,0.48765999726931036,5.1234000273068965,0.0029117822647094726,1.0
140,0.5944651394908315,4.0553486050916865,0.002892613410949707,1.0
141,0.4906328876588682,5.093671123411318,0.002866530418395996,1.0
142,0.5190432623192789,4.809567376807211,0.0029016971588134766,1.0
143,0.5441847539835523,4.558152460164477,0.002786421775817871,1.0
144,0.5469931391577433,4.530068608422567,0.002859163284301758,1.0
145,0.5063013186684824,4.936986813315177,0.0030425071716308595,1.0
146,0.5708352547073513,4.291647452926487,0.0031572818756103516,1.0
147,0.5684327179300672,4.315672820699327,0.0030983686447143555,1.0
148,0.46546977035732917,5.345302296426707,0.0032344341278076174,1.0
149,0.5273715061865436,4.7262849381345635,0.0029049158096313477,1.0
150,0.515741206673874,4.842587933261259,0.003104686737060547,1.0
151,0.49633519753441363,5.036648024655863,0.002794981002807617,1.0
152,0.5075042812854029,4.924957187145971,0.0028841257095336913,1.0
153,0.4555730606252359,5.444269393747641,0.0028447628021240233,1.0
154,0.523026375686251,4.769736243137491,0.0030088186264038085,1.0
155,0.5377939503337704,4.622060496662296,0.002983856201171875,1.0
156,0.4670736770357493,5.329263229642506,0.0030690670013427735,1.0
157,0.5237484278150284,4.762515721849715,0.00305478572845459,1.0
158,0.560785434512906,4.39214565487094,0.0031232357025146483,1.0
159,0.5380440150994927,4.619559849005071,0.003011608123779297,1.0
160,0.5242654192711488,4.757345807288513,0.0030497312545776367,1.0
161,0.4770326859323536,5.229673140676463,0.002826237678527832,1.0
162,0.5037471460958317,4.962528539041683,0.0028702497482299806,1.0
163,0.528854199933306,4.711458000666941,0.002468395233154297,1.0
164,0.5142714936295799,4.8572850637042,0.0028032302856445313,1.0
165,0.5604227106015002,4.395772893984997,0.0030060529708862303,1.0
166,0.5169886169235898,4.830113830764102,0.002944016456604004,1.0
167,0.49627058865348267,5.037294113465174,0.0030143260955810547,1.0
168,0.5190170880642693,4.809829119357307,0.003081798553466797,1.0
169,0.5482187495134572,4.517812504865428,0.00287172794342041,1.0
170,0.51952839077659,4.8047160922340995,0.002955126762390137,1.0
171,0.5152787518959653,4.847212481040346,0.0027832984924316406,1.0
172,0.5332620762554335,4.667379237445665,0.002917838096618652,1.0
173,0.5381967205311758,4.618032794688242,0.002812051773071289,1.0
174,0.5119160485032399,4.8808395149676,0.002975010871887207,1.0
175,0.48373983476007265,5.162601652399274,0.003098797798156738,1.0
176,0.5261876867410372,4.738123132589627,0.003155946731567383,1.0
177,0.5306671401511724,4.693328598488276,0.0031320333480834963,1.0
178,0.4812092198119025,5.187907801880975,0.003035092353820801,1.0
179,0.5658236065009955,4.341763934990046,0.0029425621032714844,1.0
180,0.4990213738849274,5.009786261150727,0.00303804874420166,1.0
181,0.48047658688186834,5.195234131181317,0.0028810501098632812,1.0
182,0.5148552599234052,4.851447400765947,0.002885580062866211,1.0
183,0.48897150749647694,5.110284925035231,0.0027559757232666015,1.0
184,0.5662681269281157,4.3373187307188426,0.0027443647384643556,1.0
185,0.5897533991898701,4.1024660081013,0.0026052236557006837,1.0
186,0.5514116682456314,4.485883317543687,0.0029891014099121095,1.0
187,0.5070582322176506,4.929417677823496,0.0029047727584838867,1.0
188,0.5837446001230546,4.162553998769453,0.0029751062393188477,1.0
189,0.5306268056951073,4.693731943048927,0.002850770950317383,1.0
190,0.533137216233673,4.668627837663269,0.002989029884338379,1.0
191,0.4382518381844087,5.617481618155912,0.00302739143371582,1.0
192,0.5012491165994518,4.987508834005481,0.003023838996887207,1.0
193,0.5597046483337776,4.402953516662224,0.0028990030288696287,1.0
194,0.583791375673447,4.16208624326553,0.0031215667724609373,1.0
195,0.5377279400033841,4.622720599966159,0.002698349952697754,1.0
196,0.5238733718720778,4.7612662812792195,0.0031504154205322264,1.0
197,0.5352806269023745,4.647193730976253,0.002824568748474121,1.0
198,0.4762407070960809,5.2375929290391925,0.0031360626220703126,1.0
199,0.47966375312449705,4.703362468755029,0.003021383285522461,1.0
200,0.5624585438059897,4.375414561940103,0.003087282180786133,1.0
201,0.4748146271814114,5.251853728185886,0.002906990051269531,1.0
202,0.48516640749094603,5.1483359250905405,0.0028075695037841795,1.0
203,0.5466106368558881,4.533893631441119,0.0027582645416259766,1.0
204,0.49402810511434064,5.0597189488565935,0.0026946067810058594,1.0
205,0.5010156653027444,4.989843346972554,0.002826356887817383,1.0
206,0.4911003178571855,5.088996821428145,0.002921652793884277,1.0
207,0.5333554027484955,4.666445972515044,0.0029683589935302736,1.0
208,0.5196658140948175,4.803341859051824,0.003115391731262207,1.0
209,0.5700186067202614,4.299813932797385,0.002962493896484375,1.0
210,0.5887556977708935,4.112443022291065,0.0030447721481323244,1.0
211,0.6062380545359348,3.9376194546406516,0.0028110504150390624,1.0
212,0.5704892888837898,4.2951071111621015,0.0029160022735595704,1.0
213,0.54782825579831,4.521717442016899,0.002864360809326172,1.0
214,0.4946401823674056,5.053598176325943,0.003156113624572754,1.0
215,0.5629699902446,4.370300097554,0.0029881477355957033,1.0
216,0.49613918029564824,4.5386081970435175,0.0028133630752563477,1.0
217,0.501062849204357,4.989371507956429,0.002854728698730469,1.0
218,0.5292139344408936,4.707860655591064,0.0031153678894042967,1.0
219,0.5143019424235795,4.856980575764204,0.0027463674545288087,1.0
220,0.541335710224223,4.58664289775777,0.0028610944747924803,1.0
221,0.5755185787387879,4.2448142126121216,0.0028377532958984374,1.0
222,0.5372561221648031,4.627438778351969,0.0027443885803222655,1.0
223,0.5782871584867586,4.2171284151324135,0.002687978744506836,1.0
224,0.545842200697493,4.54157799302507,0.002692103385925293,1.0
225,0.5442563290293699,4.5574367097063,0.0029877185821533202,1.0
226,0.5518039043393087,4.481960956606913,0.003020930290222168,1.0
227,0.5322907883884438,4.677092116115562,0.0027067899703979493,1.0
228,0.5460539515011194,4.539460484988806,0.003020167350769043,1.0
229,0.5145605867778441,4.854394132221558,0.002950882911682129,1.0
230,0.5015869866491073,4.984130133508927,0.0026592731475830076,1.0
231,0.4782479467859878,5.217520532140122,0.0029468774795532227,1.0
232,0.4890188642767286,5.109811357232713,0.003000020980834961,1.0
233,0.4777053296810775,5.222946703189226,0.0030187129974365234,1.0
234,0.48109598300308554,5.189040169969145,0.002955460548400879,1.0
235,0.5589236124908078,4.410763875091922,0.003068685531616211,1.0
236,0.5436353744939083,4.563646255060916,0.0031403303146362305,1.0
237,0.4752215056936143,5.247784943063857,0.0029811859130859375,1.0
238,0.5008017011920327,4.991982988079672,0.0031697750091552734,1.0
239,0.46754953600805116,5.324504639919487,0.0029647111892700194,1.0
240,0.5296164083402642,4.703835916597357,0.002920866012573242,1.0
241,0.4869039727400423,5.130960272599577,0.0028731107711791994,1.0
242,0.591683980125269,4.08316019874731,0.0029146671295166016,1.0
243,0.5234069281859764,4.765930718140234,0.002806353569030762,1.0
244,0.457811821243988,5.421881787560121,0.002791094779968262,1.0
245,0.46269644914479785,5.373035508552022,0.0025789499282836913,1.0
246,0.4384382882511314,5.615617117488685,0.002952766418457031,1.0
247,0.4781292780078455,5.218707219921546,0.0026087045669555666,1.0
248,0.4958794235172352,5.041205764827648,0.003074312210083008,1.0
249,0.4956234581863811,5.043765418136188,0.002966618537902832,1.0
250,0.5524723962383197,4.475276037616803,0.0031096220016479494,1.0
251,0.5039566781060923,4.960433218939076,0.002903866767883301,1.0
252,0.5742104310030675,4.257895689969326,0.003023982048034668,1.0
253,0.5076361457230476,4.923638542769526,0.0029323577880859377,1.0
254,0.6340402731501001,3.6595972684989997,0.0028822660446166993,1.0
255,0.5834554453524684,4.165445546475316,0.003004717826843262,1.0
256,0.5227709987028074,4.772290012971927,0.0031198501586914063,1.0
257,0.5840751237672782,4.159248762327218,0.0028893709182739257,1.0
258,0.5371548559230689,4.628451440769311,0.0032357215881347657,1.0
259,0.5479449190894138,4.5205508091058615,0.003029537200927734,1.0
260,0.5229016977050255,4.770983022949746,0.003079128265380859,1.0
261,0.5389103522041385,4.610896477958614,0.00296175479888916,1.0
262,0.5401631853147126,4.598368146852874,0.002830648422241211,1.0
263,0.49898753998254486,5.01012460017455,0.0027644157409667967,1.0
264,0.532205972807338,4.67794027192662,0.0027724504470825195,1.0
265,0.5284618086529551,4.71538191347045,0.0029033422470092773,1.0
266,0.4874203514477082,5.125796485522918,0.002838611602783203,1.0
267,0.49447803411166813,5.055219658883319,0.0029170989990234377,1.0
268,0.5331750806243346,4.668249193756654,0.00294797420501709,1.0
269,0.5715810183858222,4.284189816141778,0.0028490543365478514,1.0
270,0.5441949581603448,4.558050418396552,0.002878093719482422,1.0
271,0.4867642847301428,5.132357152698572,0.002848386764526367,1.0
272,0.519427162073045,4.805728379269549,0.003049206733703613,1.0
273,0.5096261674592735,4.903738325407264,0.0028150796890258787,1.0
274,0.41047199959010416,5.895280004098958,0.0029308319091796873,1.0
275,0.5422052598845383,4.577947401154617,0.0029892683029174804,1.0
276,0.5639897451022569,4.360102548977432,0.0031221389770507814,1.0
277,0.5325482418377294,4.6745175816227045,0.003050541877746582,1.0
278,0.45054866980098984,5.494513301990102,0.003081655502319336,1.0
279,0.4949745572893211,5.050254427106788,0.0026301145553588867,1.0
280,0.5206853129223783,4.793146870776217,0.002998805046081543,1.0
281,0.48043165572397967,5.195683442760203,0.0028791189193725585,1.0
282,0.520735756071816,4.792642439281839,0.003029274940490723,1.0
283,0.4649037393650829,5.350962606349169,0.0029287338256835938,1.0
284,0.5360866387669199,4.6391336123308005,0.0028485536575317385,1.0
285,0.5376313855883659,4.623686144116341,0.0028827667236328127,1.0
286,0.5543887407442712,4.456112592557288,0.002909421920776367,1.0
287,0.5575596121568125,4.424403878431874,0.00295867919921875,1.0
288,0.5415496274136874,4.584503725863126,0.002932119369506836,1.0
289,0.5753459678111266,4.246540321888735,0.002852773666381836,1.0
290,0.5422896204005812,4.577103795994189,0.002876138687133789,1.0
291,0.5521334503972115,4.478665496027885,0.0026779651641845705,1.0
292,0.5359311266951672,4.640688733048327,0.003061938285827637,1.0
293,0.5557140919344914,4.442859080655086,0.0029036998748779297,1.0
294,0.5843474519351688,4.156525480648312,0.003017711639404297,1.0
295,0.5761798452615394,4.238201547384607,0.002944350242614746,1.0
296,0.5416744170405188,4.583255829594814,0.003045463562011719,1.0
297,0.5565925626105175,4.434074373894825,0.00293428897857666,1.0
298,0.5172026824665791,4.827973175334209,0.002888035774230957,1.0
299,0.5587369259307498,4.412630740692501,0.0027389764785766602,1.0
300,0.5513334671132337,4.4866653288676615,0.003031349182128906,1.0
301,0.5448373716984405,4.551626283015596,0.0028435230255126954,1.0
302,0.5613662927976557,4.386337072023442,0.0029139280319213866,1.0
303,0.5373501918436141,4.626498081563858,0.0028974056243896485,1.0
304,0.45779316722887814,5.422068327711218,0.0027546405792236326,1.0
305,0.5274827529160024,4.7251724708399765,0.002841019630432129,1.0
306,0.5774226524627564,4.225773475372437,0.002886795997619629,1.0
307,0.559901998501003,4.400980014989971,0.002944469451904297,1.0
308,0.5248016767594146,4.751983232405855,0.0030519247055053713,1.0
309,0.5296910886988987,4.703089113011012,0.002992129325866699,1.0
310,0.5688409582345648,4.311590417654351,0.0029236316680908204,1.0
311,0.5280041415881432,4.719958584118567,0.0030821561813354492,1.0
312,0.5051620137073546,4.948379862926454,0.0030038118362426757,1.0
313,0.536659112845658,4.633408871543421,0.0029690027236938476,1.0
314,0.5547377422531371,4.452622577468629,0.002911210060119629,1.0
315,0.6269247311029933,3.7307526889700666,0.003030538558959961,1.0
316,0.5826437236696755,4.173562763303243,0.002999567985534668,1.0
317,0.5083397341643713,4.916602658356287,0.003046607971191406,1.0
318,0.5226232319772912,4.7737676802270865,0.0030870676040649415,1.0
319,0.5655129445198132,4.344870554801869,0.002942395210266113,1.0
320,0.5508775813151473,4.491224186848526,0.002994537353515625,1.0
321,0.5100234817731742,4.899765182268257,0.0027865171432495117,1.0
322,0.4183257754774333,5.816742245225667,0.0029136180877685548,1.0
323,0.4967428732893822,5.032571267106178,0.0025801658630371094,1.0
324,0.46318584922203765,5.368141507779623,0.0024976491928100585,1.0
325,0.5440799472314423,4.559200527685578,0.002858686447143555,1.0
326,0.6031146860368283,3.9688531396317166,0.002954578399658203,1.0
327,0.5231654286348685,4.768345713651314,0.0029633045196533203,1.0
328,0.4922903496811511,5.077096503188488,0.003072023391723633,1.0
329,0.4949918903424092,5.050081096575909,0.0029325962066650392,1.0
330,0.5014289338201403,4.9857106617985965,0.002927684783935547,1.0
331,0.5234197396834798,4.765802603165202,0.0029124975204467773,1.0
332,0.48767319548568855,5.1232680451431145,0.003149604797363281,1.0
333,0.5434763681628288,4.56523631837171,0.0030535221099853515,1.0
334,0.5621969763735153,4.378030236264846,0.002940940856933594,1.0
335,0.5309438505447656,4.690561494552345,0.0029992103576660157,1.0
336,0.5342061991754078,4.657938008245922,0.0029994726181030275,1.0
337,0.5350009834220346,4.649990165779653,0.003051447868347168,1.0
338,0.551336400649393,4.486635993506069,0.002968120574951172,1.0
339,0.5355333460375405,4.644666539624593,0.0029095888137817385,1.0
340,0.5179024692175607,4.820975307824392,0.002965569496154785,1.0
341,0.40722844706865163,5.927715529313484,0.002815866470336914,1.0
342,0.550653586854532,4.493464131454679,0.003030538558959961,1.0
343,0.49897402216844544,5.010259778315545,0.0029248714447021483,1.0
344,0.4720178974550972,5.279821025449029,0.0029532909393310547,1.0
345,0.4321808086358142,5.678191913641857,0.002546072006225586,1.0
346,0.5786064249699335,4.213935750300664,0.002987527847290039,1.0
347,0.5512868916275888,4.487131083724112,0.0029407024383544924,1.0
348,0.4784371137609266,5.215628862390733,0.0030952215194702147,1.0
349,0.5172491968573439,4.827508031426561,0.002918648719787598,1.0
350,0.5387196423744675,4.612803576255324,0.0029961347579956056,1.0
351,0.5000903219275605,4.999096780724395,0.002877950668334961,1.0
352,0.5411919067466721,4.588080932533279,0.0030067920684814452,1.0
353,0.49270051974273443,5.072994802572654,0.0029903650283813477,1.0
354,0.5652642772894203,4.347357227105798,0.0028177499771118164,1.0
355,0.561362948610619,4.3863705138938105,0.002950310707092285,1.0
356,0.5224994540882456,4.775005459117543,0.002956128120422363,1.0
357,0.5608182876817975,4.391817123182025,0.00308535099029541,1.0
358,0.48494764814078106,5.1505235185921885,0.0030426740646362304,1.0
359,0.4564808488932039,5.435191511067961,0.0031062602996826173,1.0
360,0.4918728513080838,5.081271486919162,0.003040981292724609,1.0
361,0.47359387676009285,5.2640612323990705,0.003002619743347168,1.0
362,0.5009021503520195,4.990978496479804,0.002875804901123047,1.0
363,0.46991132362386506,5.3008867637613495,0.0028658390045166017,1.0
364,0.49457139063340394,5.05428609366596,0.002818918228149414,1.0
365,0.47511026442099097,5.24889735579009,0.0029471397399902345,1.0
366,0.473979657210835,5.260203427891651,0.0029741525650024414,1.0
367,0.4625513513910805,5.374486486089195,0.002915811538696289,1.0
368,0.5483240072243084,4.516759927756915,0.0031255245208740234,1.0
369,0.49413914384142926,5.058608561585706,0.0025754213333129884,1.0
370,0.5142088413844823,4.857911586155177,0.002944803237915039,1.0
371,0.4320589676312677,5.679410323687323,0.0027907133102416993,1.0
372,0.5577234293083807,4.422765706916192,0.002970099449157715,1.0
373,0.5385011793465739,4.61498820653426,0.0029098033905029298,1.0
374,0.45807551272325037,5.419244872767497,0.0028835535049438477,1.0
375,0.5180264152058213,4.819735847941788,0.002974390983581543,1.0
376,0.5791218580541497,4.208781419458502,0.0033050298690795897,1.0
377,0.5587166891472732,4.412833108527268,0.0032001495361328124,1.0
378,0.5415251110880228,4.584748889119773,0.0031083345413208006,1.0
379,0.5995330433735468,4.00466956626453,0.0027869462966918944,1.0
380,0.5329907071084514,4.670092928915484,0.002898240089416504,1.0
381,0.5623898005197876,4.376101994802125,0.0030107021331787108,1.0
382,0.5358296872584256,4.641703127415743,0.0027427196502685545,1.0
383,0.5374227748505195,4.625772251494805,0.002968621253967285,1.0
384,0.48694624792503677,5.130537520749632,0.00290834903717041,1.0
385,0.5490517761624841,4.509482238375159,0.0029137372970581056,1.0
386,0.48143339498671106,5.185666050132889,0.002934432029724121,1.0
387,0.5361448554136625,4.638551445863373,0.002897310256958008,1.0
388,0.5008205191333289,4.99179480866671,0.003011345863342285,1.0
389,0.500045770064475,4.99954229935525,0.0025060176849365234,1.0
390,0.5488023008129644,4.511976991870356,0.0028615713119506834,1.0
391,0.5595751982475667,4.404248017524332,0.0028218984603881835,1.0
392,0.5202401316470074,4.797598683529926,0.0030570268630981446,1.0
393,0.5278549968011531,4.721450031988469,0.00304257869720459,1.0
394,0.49976038073891227,5.002396192610877,0.002897763252258301,1.0
395,0.5180769024387086,4.819230975612912,0.0030563831329345702,1.0
396,0.4690111035078335,5.309888964921666,0.002633070945739746,1.0
397,0.5707114376730035,4.2928856232699655,0.003014063835144043,1.0
398,0.548167239182102,4.518327608178979,0.0029680728912353516,1.0
399,0.6109852950948269,3.8901470490517314,0.0030909061431884767,1.0
400,0.5949439855575258,4.050560144424741,0.0029848575592041015,1.0
401,0.5867191700534535,4.132808299465465,0.0030106067657470702,1.0
402,0.6154974661486713,3.845025338513286,0.002891397476196289,1.0
403,0.5858491461522617,4.1415085384773835,0.0028648614883422852,1.0
404,0.6168265083179202,3.8317349168207984,0.0029050350189208985,1.0
405,0.6154338259403517,3.8456617405964844,0.002792072296142578,1.0
406,0.5220253527931691,4.779746472068309,0.002916407585144043,1.0
407,0.5115546347790898,4.8844536522091015,0.002932024002075195,1.0
408,0.4745556273078759,5.254443726921241,0.0029652595520019533,1.0
409,0.574108112791216,4.2589188720878415,0.002983236312866211,1.0
410,0.5715026757261705,4.284973242738293,0.0026124954223632813,1.0
411,0.5234026026068778,4.7659739739312235,0.0027684450149536135,1.0
412,0.5231864729769637,4.7681352702303625,0.003033614158630371,1.0
413,0.43351117453613297,5.6648882546386705,0.0030225515365600586,1.0
414,0.4895528559518123,5.104471440481877,0.002988290786743164,1.0
415,0.482712892604596,5.172871073954041,0.0030467987060546877,1.0
416,0.46635791619769673,5.336420838023033,0.003041529655456543,1.0
417,0.43604195412535374,5.639580458746463,0.0032038211822509764,1.0
418,0.3757913406698388,6.242086593301612,0.0030813217163085938,1.0
419,0.40940144096710523,5.905985590328948,0.0031945228576660155,1.0
420,0.4895512007426768,5.104487992573233,0.002913093566894531,1.0
421,0.49007235255578585,5.09927647444214,0.0030222177505493165,1.0
422,0.47393840383231883,5.260615961676811,0.00278170108795166,1.0
423,0.44008681841327385,5.599131815867262,0.002868247032165527,1.0
424,0.4657775343562506,5.3422246564374944,0.002823138236999512,1.0
425,0.5338010284759319,4.661989715240681,0.0028350353240966797,1.0
426,0.5675378988026829,4.3246210119731705,0.00291295051574707,1.0
427,0.5408139719443794,4.591860280556205,0.0030257463455200194,1.0
428,0.5554015387958717,4.445984612041283,0.0029558181762695313,1.0
429,0.44369918265579855,5.563008173442014,0.002879905700683594,1.0
430,0.4300483467809764,5.699516532190236,0.0029175996780395506,1.0
431,0.437928016976331,5.620719830236689,0.0028157472610473634,1.0
432,0.5431042517593194,4.568957482406806,0.002962350845336914,1.0
433,0.5402095669955691,4.597904330044309,0.002905869483947754,1.0
434,0.4995295099330752,5.004704900669248,0.002756357192993164,1.0
435,0.5317155924415995,4.682844075584006,0.0031440019607543944,1.0
436,0.4806149873260894,5.193850126739106,0.003043532371520996,1.0
437,0.5335395176258199,4.664604823741801,0.0031241655349731447,1.0
438,0.4514383069906106,5.485616930093893,0.003041863441467285,1.0
439,0.4933994876151971,5.066005123848029,0.0030198097229003906,1.0
440,0.533049101700898,4.669508982991021,0.0025896787643432616,1.0
441,0.546978337829168,4.530216621708319,0.002889680862426758,1.0
442,0.5253451046677804,4.746548953322196,0.0027994632720947264,1.0
443,0.47899666785342515,5.210033321465747,0.002947497367858887,1.0
444,0.40989586735407635,5.901041326459237,0.0028668880462646485,1.0
445,0.5536436520716512,4.463563479283488,0.002846360206604004,1.0
446,0.5374289335327186,4.625710664672815,0.0028856277465820314,1.0
447,0.5258471645664125,4.741528354335876,0.0028159379959106444,1.0
448,0.46817853369896856,5.3182146630103135,0.0026097774505615236,1.0
449,0.4201494071935089,5.798505928064911,0.0028584480285644533,1.0
450,0.5371671669817866,4.628328330182134,0.00295872688293457,1.0
451,0.50060104796946,4.993989520305399,0.002526092529296875,1.0
452,0.49100435592614017,5.089956440738598,0.0030538082122802735,1.0
453,0.4746802075726655,5.253197924273345,0.002995753288269043,1.0
454,0.5068458023297158,4.9315419767028414,0.003077125549316406,1.0
455,0.46958971230893554,5.304102876910645,0.002956700325012207,1.0
456,0.454930835386915,5.45069164613085,0.0023316860198974608,1.0
457,0.48547185537307797,5.145281446269219,0.002873730659484863,1.0
458,0.5521645988333199,4.4783540116668,0.003006744384765625,1.0
459,0.5569239800195874,4.430760199804125,0.002885723114013672,1.0
460,0.4939050361648693,5.060949638351307,0.002880358695983887,1.0
461,0.5280244578060955,4.719755421939044,0.002938055992126465,1.0
462,0.4454168203808937,5.545831796191064,0.002858090400695801,1.0
463,0.5098824068182204,4.901175931817796,0.0030447006225585937,1.0
464,0.5065160742925748,4.934839257074251,0.0030254125595092773,1.0
465,0.45013825381461026,5.4986174618538985,0.002968239784240723,1.0
466,0.5384710063320911,4.615289936679089,0.002990388870239258,1.0
467,0.5646183498128416,4.353816501871583,0.003041839599609375,1.0
468,0.5934242610551875,4.065757389448125,0.0026663064956665037,1.0
469,0.5617635981500206,4.382364018499794,0.003023838996887207,1.0
470,0.5529586694451225,4.470413305548776,0.002810072898864746,1.0
471,0.5344164541088439,4.655835458911561,0.0027794122695922853,1.0
472,0.6285698163254453,3.714301836745547,0.0028269052505493163,1.0
473,0.5658168224337432,4.341831775662568,0.002971196174621582,1.0
474,0.5350301968481869,4.649698031518129,0.002733588218688965,1.0
475,0.4709064046356958,5.290935953643042,0.0029954910278320312,1.0
476,0.5427661210495944,4.572338789504057,0.002633333206176758,1.0
477,0.4405136849500244,5.594863150499755,0.0028632402420043944,1.0
478,0.5749347606270474,4.250652393729526,0.0030752897262573244,1.0
479,0.5728463316625128,4.271536683374872,0.0030470848083496093,1.0
480,0.48434518889598943,5.156548111040105,0.0026057958602905273,1.0
481,0.4776237379429384,5.223762620570616,0.003015756607055664,1.0
482,0.4753672443743809,5.246327556256191,0.0028570890426635742,1.0
483,0.531287104423307,4.687128955766929,0.003009653091430664,1.0
484,0.508959468230657,4.910405317693431,0.002923727035522461,1.0
485,0.5292741897009925,4.707258102990075,0.00294189453125,1.0
486,0.5495871985783689,4.504128014216311,0.003043198585510254,1.0
487,0.5928695024895656,4.0713049751043435,0.003016972541809082,1.0
488,0.5892515413376782,4.107484586623218,0.00295562744140625,1.0
489,0.5752220517647118,4.2477794823528825,0.002884531021118164,1.0
490,0.514584151698779,4.854158483012208,0.002948093414306641,1.0
491,0.546587562608068,4.534124373919321,0.00275723934173584,1.0
492,0.5583689295900732,4.416310704099265,0.0028371095657348635,1.0
493,0.44721302663545365,5.5278697336454625,0.0030012130737304688,1.0
494,0.44284061338494823,5.5715938661505175,0.002969098091125488,1.0
495,0.4788789139307744,5.211210860692256,0.002724170684814453,1.0
496,0.49198055965077464,5.0801944034922535,0.003069782257080078,1.0
497,0.5931427749345677,4.0685722506543245,0.002974128723144531,1.0
498,0.4476608668759868,5.523391331240132,0.003127312660217285,1.0
499,0.563727455893512,4.36272544106488,0.0029477357864379885,1.0
500,0.5189641614153808,4.810358385846191,0.0029940128326416014,1.0
501,0.5235944604313364,4.7640553956866345,0.003055167198181152,1.0
502,0.5555978129879633,4.444021870120366,0.00287320613861084,1.0
503,0.4894549098023841,5.105450901976158,0.002577066421508789,1.0
504,0.49068481832318833,5.093151816768117,0.0026131629943847655,1.0
505,0.5469451609235996,4.530548390764004,0.0026296138763427734,1.0
506,0.5237274958465706,4.762725041534294,0.0028609514236450197,1.0
507,0.4986654960649049,5.013345039350951,0.0029146432876586913,1.0
508,0.4972420218564765,5.027579781435233,0.003023099899291992,1.0
509,0.49396970762028153,5.060302923797184,0.0029155492782592775,1.0
510,0.507812823239359,4.921871767606411,0.0028844118118286134,1.0
511,0.5054941549619356,4.945058450380644,0.002749991416931152,1.0
512,0.4317693536374751,5.682306463625247,0.0029293298721313477,1.0
513,0.5010644575408809,4.9893554245911895,0.0030072689056396484,1.0
514,0.5693113923679547,4.306886076320452,0.0030889034271240233,1.0
515,0.5412486246640883,4.587513753359117,0.003024387359619141,1.0
516,0.584665339556709,4.153346604432911,0.003114604949951172,1.0
517,0.4994930096065861,5.005069903934139,0.003011941909790039,1.0
518,0.6055824238015703,3.9441757619842948,0.003046536445617676,1.0
519,0.44259462949345385,5.574053705065461,0.002958059310913086,1.0
520,0.45458610159313695,5.45413898406863,0.003032994270324707,1.0
521,0.5642589745455224,4.357410254544775,0.002992129325866699,1.0
522,0.5013423708500723,4.9865762914992775,0.002850508689880371,1.0
523,0.5721067844579296,4.278932155420703,0.00290679931640625,1.0
524,0.5422296335933151,4.57770366406685,0.002861762046813965,1.0
525,0.6197597381219241,3.8024026187807585,0.002691841125488281,1.0
526,0.5587584985667617,4.412415014332382,0.0028829336166381835,1.0
527,0.5594797184591412,4.405202815408587,0.002902054786682129,1.0
528,0.5613251946845615,4.386748053154384,0.002957653999328613,1.0
529,0.5684722582837833,4.315277417162165,0.002586841583251953,1.0
530,0.5254569865334299,4.745430134665701,0.0029532670974731444,1.0
531,0.5226377864664563,4.773622135335436,0.0028816699981689454,1.0
532,0.5505992416822507,4.494007583177493,0.002840113639831543,1.0
533,0.5055624406379964,4.944375593620036,0.0030592679977416992,1.0
534,0.5183955772236815,4.816044227763184,0.0030418157577514647,1.0
535,0.4610691033572136,5.389308966427864,0.003154754638671875,1.0
536,0.6062093763620036,3.9379062363799626,0.0031137704849243165,1.0
537,0.5342257558077482,4.657742441922517,0.0029915332794189452,1.0
538,0.488038158206586,5.11961841793414,0.003008723258972168,1.0
539,0.43337104713983043,5.666289528601695,0.002932620048522949,1.0
540,0.4760146314835379,5.239853685164621,0.0027964115142822266,1.0
541,0.5386626203716051,4.613373796283948,0.0028980255126953127,1.0
542,0.5441925590412442,4.558074409587558,0.0028171300888061523,1.0
543,0.49682914469560646,5.031708553043935,0.0029187917709350584,1.0
544,0.408476309010517,5.915236909894828,0.002853131294250488,1.0
545,0.4679482611339024,5.320517388660976,0.0029191017150878907,1.0
546,0.5641897445955077,4.358102554044923,0.0029143095016479492,1.0
547,0.5130480246283998,4.869519753716002,0.003119373321533203,1.0
548,0.5195343118558454,4.804656881441545,0.003085684776306152,1.0
549,0.5395208382413336,4.604791617586663,0.002961468696594238,1.0
550,0.5751902893126335,4.248097106873665,0.002987527847290039,1.0
551,0.5297237079595952,4.702762920404048,0.0029794931411743163,1.0
552,0.5893562650884934,4.106437349115066,0.0029140710830688477,1.0
553,0.5216095833130927,4.783904166869072,0.003016757965087891,1.0
554,0.5298492727208565,4.701507272791434,0.0027891159057617187,1.0
555,0.5698744066539587,4.301255933460414,0.003032684326171875,1.0
556,0.540876904337203,4.591230956627969,0.0027274847030639648,1.0
557,0.4866842013907434,5.133157986092565,0.0029435157775878906,1.0
558,0.5661354259503961,4.338645740496039,0.0028405189514160156,1.0
559,0.5674121010287129,4.325878989712872,0.0028448581695556642,1.0
560,0.5380514097503892,4.619485902496109,0.00292508602142334,1.0
561,0.5258956281819456,4.741043718180546,0.002840471267700195,1.0
562,0.4297251677730446,5.702748322269553,0.0028710365295410156,1.0
563,0.4465839788171615,5.534160211828384,0.002820277214050293,1.0
564,0.4671414018750374,5.328585981249625,0.0029442548751831056,1.0
565,0.5057100077087825,4.942899922912176,0.002980828285217285,1.0
566,0.6532974872549115,3.467025127450885,0.002884793281555176,1.0
567,0.6100246768920311,3.899753231079689,0.0030709505081176758,1.0
568,0.5942987481136921,4.05701251886308,0.003077793121337891,1.0
569,0.5719772213372049,4.28022778662795,0.0029735326766967773,1.0
570,0.5798009087975824,4.2019909120241765,0.0030498504638671875,1.0
571,0.5801137958563582,4.198862041436416,0.0028181552886962892,1.0
572,0.5333428347420603,4.666571652579395,0.0028435707092285155,1.0
573,0.48176194366640257,5.182380563335974,0.002924203872680664,1.0
574,0.4747010783140137,5.252989216859862,0.0029865264892578124,1.0
575,0.5236425492456537,4.763574507543463,0.0031043291091918945,1.0
576,0.5404483176555768,4.595516823444232,0.0028534412384033205,1.0
577,0.5537018061011422,4.4629819389885785,0.002974534034729004,1.0
578,0.6055614678861992,3.9443853211380064,0.0028959989547729494,1.0
579,0.5572913589202724,4.4270864107972745,0.0027984857559204103,1.0
580,0.5088469765551106,4.911530234448894,0.0028670072555541993,1.0
581,0.5346226066065347,4.6537739339346516,0.0029187917709350584,1.0
582,0.5625533789294759,4.374466210705242,0.00285794734954834,1.0
583,0.559020628004421,4.409793719955791,0.0029104471206665037,1.0
584,0.5561279403498485,4.438720596501514,0.003028273582458496,1.0
585,0.40769276413592725,5.923072358640727,0.0031116485595703127,1.0
586,0.4372244718317943,5.627755281682057,0.0030461788177490235,1.0
587,0.46399315279216247,5.360068472078375,0.002861762046813965,1.0
588,0.5028878817377416,4.971121182622584,0.0029077768325805665,1.0
589,0.4448617056217793,5.551382943782206,0.002808022499084473,1.0
590,0.3994738271217544,6.005261728782456,0.0028027057647705077,1.0
591,0.4856411208221866,5.143588791778133,0.002725696563720703,1.0
592,0.5379760473571977,4.620239526428021,0.0027310848236083984,1.0
593,0.5266704880853078,4.733295119146922,0.0030477046966552734,1.0
594,0.4860281195395283,5.139718804604717,0.0030285120010375977,1.0
595,0.5635085013517636,4.364914986482364,0.003044605255126953,1.0
596,0.41097995670318027,5.8902004329681965,0.0027269840240478514,1.0
597,0.5054372234500085,4.945627765499916,0.0029285430908203127,1.0
598,0.4965090438657431,5.034909561342568,0.0030054092407226563,1.0
599,0.48743103282662253,5.125689671733774,0.0029243707656860353,1.0
600,0.5864061975148782,4.135938024851217,0.0028320789337158204,1.0
601,0.5302671097526235,4.6973289024737666,0.002989983558654785,1.0
602,0.5061510183431546,4.938489816568455,0.002930569648742676,1.0
603,0.5590339302384764,4.4096606976152355,0.002999544143676758,1.0
604,0.5559590027715821,4.44040997228418,0.0030173063278198242,1.0
605,0.5361352976756633,4.638647023243367,0.0029964685440063477,1.0
606,0.5745791223247002,4.254208776752998,0.0029674768447875977,1.0
607,0.5867220957649466,4.132779042350533,0.002938365936279297,1.0
608,0.4739372568021161,5.260627431978839,0.002969098091125488,1.0
609,0.5087939599566481,4.912060400433518,0.0028964519500732423,1.0
610,0.4936147775689773,5.063852224310228,0.0029373645782470705,1.0
611,0.533772840524118,4.662271594758819,0.002745795249938965,1.0
612,0.540574877332505,4.594251226674949,0.002722764015197754,1.0
613,0.49813696515204037,5.018630348479595,0.0028931856155395507,1.0
614,0.5258830343163744,4.741169656836256,0.003045058250427246,1.0
615,0.49254004119802375,5.074599588019764,0.0029581546783447265,1.0
616,0.5201848977499419,4.798151022500581,0.002763533592224121,1.0
617,0.5810883816635933,4.1891161833640655,0.0029630184173583983,1.0
618,0.5260562825694636,4.739437174305364,0.0031137943267822267,1.0
619,0.536613482933818,4.633865170661818,0.002871870994567871,1.0
620,0.48540953282694355,5.145904671730564,0.0030055999755859374,1.0
621,0.5403790512694958,4.596209487305042,0.003049635887145996,1.0
622,0.5720003982444197,4.279996017555803,0.0028897523880004883,1.0
623,0.49116266523130825,5.088373347686916,0.002953314781188965,1.0
624,0.43775409750968475,5.6224590249031525,0.002940726280212402,1.0
625,0.5675319726254318,4.324680273745681,0.0027502775192260742,1.0
626,0.560025053466395,4.39974946533605,0.0030849695205688475,1.0
627,0.5743188207033857,4.256811792966142,0.002988290786743164,1.0
628,0.4445965426571264,5.554034573428735,0.002962493896484375,1.0
629,0.49222444322208714,5.077755567779128,0.002850651741027832,1.0
630,0.5702110297984395,4.297889702015605,0.0027757883071899414,1.0
631,0.5038985536270293,4.961014463729707,0.002713584899902344,1.0
632,0.49971220248187515,5.002877975181248,0.002688956260681152,1.0
633,0.4897275947559002,5.102724052440998,0.0029144048690795898,1.0
634,0.5297508342266826,4.702491657733175,0.0027810096740722655,1.0
635,0.5496933638105782,4.503066361894218,0.0029575347900390623,1.0
636,0.5312314944383484,4.687685055616517,0.0031592845916748047,1.0
637,0.5389734331648628,4.6102656683513725,0.0030060529708862303,1.0
638,0.5158119142577675,4.841880857422325,0.0031263113021850588,1.0
639,0.48706096604960825,5.129390339503917,0.0029007911682128905,1.0
640,0.5531230969090883,4.468769030909117,0.002859950065612793,1.0
641,0.5380896529905319,4.6191034700946805,0.003062796592712402,1.0
642,0.5631429826431199,4.368570173568801,0.0029632091522216798,1.0
643,0.5900351701362923,4.099648298637077,0.002967429161071777,1.0
644,0.5075942325719668,4.924057674280332,0.0029762744903564452,1.0
645,0.54556257766364,4.5443742233636,0.0030184268951416017,1.0
646,0.5543739131404248,4.456260868595752,0.003038930892944336,1.0
647,0.5460346618017687,4.539653381982312,0.0029049158096313477,1.0
648,0.4535917221362366,5.464082778637634,0.002852344512939453,1.0
649,0.4787083751824535,5.212916248175465,0.002830028533935547,1.0
650,0.3754135411152536,6.245864588847463,0.002756667137145996,1.0
651,0.43972357369581794,5.602764263041821,0.0027113914489746093,1.0
652,0.5078061058847047,4.921938941152954,0.002805662155151367,1.0
653,0.540261809460971,4.597381905390289,0.0030545711517333983,1.0
654,0.4750491880328013,5.2495081196719875,0.0030356407165527343,1.0
655,0.47164696424498265,5.283530357550174,0.0029815196990966796,1.0
656,0.5852919208588785,4.1470807914112156,0.003115940093994141,1.0
657,0.5320959039076165,4.679040960923835,0.002974581718444824,1.0
658,0.536906432335593,4.63093567664407,0.0026364803314208986,1.0
659,0.5487165845406996,4.512834154593004,0.002862429618835449,1.0
660,0.5249707132753392,4.750292867246608,0.0028685569763183595,1.0
661,0.5171448749257354,4.828551250742645,0.002946019172668457,1.0
662,0.48411048988902844,5.158895101109715,0.002947998046875,1.0
663,0.4646485279835604,5.353514720164396,0.002812099456787109,1.0
664,0.5213980233112723,4.786019766887277,0.0029564142227172852,1.0
665,0.6468351210174222,3.5316487898257782,0.0029147863388061523,1.0
666,0.5059064597261692,4.940935402738307,0.0030828475952148437,1.0
667,0.48729727812356616,5.127027218764338,0.002945256233215332,1.0
668,0.5082635672649909,4.917364327350091,0.002814197540283203,1.0
669,0.5601634752061786,4.398365247938214,0.002660822868347168,1.0
670,0.4890817314619074,5.109182685380926,0.0028006792068481444,1.0
671,0.5211535146259025,4.788464853740974,0.002904343605041504,1.0
672,0.5177263972951414,4.822736027048586,0.0028039216995239258,1.0
673,0.5281440816001993,4.718559183998005,0.0029541015625,1.0
674,0.5110002265217682,4.889997734782317,0.0031003475189208983,1.0
675,0.46510277218420626,5.348972278157937,0.0030837774276733397,1.0
676,0.4987047515627762,5.012952484372238,0.003087162971496582,1.0
677,0.5602510392246554,4.397489607753446,0.0030571460723876954,1.0
678,0.582115705966614,4.17884294033386,0.003036689758300781,1.0
679,0.5110569423794689,4.889430576205312,0.0028516054153442383,1.0
680,0.46549323815797017,5.345067618420298,0.0027317523956298826,1.0
681,0.5668977520012091,4.33102247998791,0.0025597333908081053,1.0
682,0.5164020511337662,4.8359794886623355,0.00299835205078125,1.0
683,0.5734235401956546,4.2657645980434555,0.0028195858001708986,1.0
684,0.5775529452184521,4.224470547815479,0.0029801130294799805,1.0
685,0.48894633047384006,5.110536695261599,0.002957582473754883,1.0
686,0.5244804442725074,4.755195557274926,0.003034496307373047,1.0
687,0.5207084446813453,4.792915553186548,0.003061652183532715,1.0
688,0.5065697823844504,4.934302176155496,0.0029070377349853516,1.0
689,0.3947244070017139,6.05275592998286,0.003004765510559082,1.0
690,0.4745113162297372,5.254886837702627,0.002852463722229004,1.0
691,0.47969467193381626,5.2030532806618375,0.002894282341003418,1.0
692,0.5185026309565346,4.814973690434653,0.0028876543045043947,1.0
693,0.47760337563256067,5.223966243674393,0.002341938018798828,1.0
694,0.5618925474514016,4.3810745254859835,0.0031264543533325194,1.0
695,0.4589748539197428,5.410251460802571,0.002981281280517578,1.0
696,0.554965048044769,4.45034951955231,0.0031015872955322266,1.0
697,0.4697032829999294,5.302967170000707,0.002898502349853516,1.0
698,0.4611435719019842,5.388564280980157,0.003073310852050781,1.0
699,0.4957367312302955,5.042632687697045,0.0027733564376831053,1.0
700,0.578945507679179,4.210544923208209,0.00280454158782959,1.0
701,0.5473726812772043,4.526273187227957,0.00281829833984375,1.0
702,0.530239058364569,4.697609416354309,0.0029638528823852537,1.0
703,0.501299970575522,4.987000294244779,0.0028429269790649415,1.0
704,0.48436959715464195,5.156304028453581,0.003125596046447754,1.0
705,0.48673265346675354,5.132673465332464,0.003066730499267578,1.0
706,0.6121900699694074,3.8780993003059265,0.0030364274978637697,1.0
707,0.5581686001637602,4.418313998362398,0.0030335187911987305,1.0
708,0.5914534868017561,4.085465131982439,0.0029251575469970703,1.0
709,0.4354084179427913,5.145915820572087,0.0027457237243652343,1.0
710,0.5725247290009767,4.274752709990233,0.002858567237854004,1.0
711,0.5761034703058304,4.238965296941696,0.0029625892639160156,1.0
712,0.4623578413780173,5.376421586219827,0.0027616262435913087,1.0
713,0.46071070020985,5.3928929979015,0.003005576133728027,1.0
714,0.5155098197275847,4.844901802724152,0.0030127048492431642,1.0
715,0.5069496969564733,4.930503030435267,0.002945351600646973,1.0
716,0.5593341361806061,4.406658638193939,0.0030375957489013673,1.0
717,0.5512321676550689,4.48767832344931,0.0028685808181762697,1.0
718,0.5591850594837565,4.408149405162436,0.003053879737854004,1.0
719,0.5072485896636382,4.9275141033636185,0.0027775287628173826,1.0
720,0.5096110277825413,4.903889722174587,0.002795910835266113,1.0
721,0.46966309611294166,5.303369038870583,0.002912759780883789,1.0
722,0.48969161218195323,5.103083878180468,0.0028126716613769533,1.0
723,0.4886767756672089,5.11323224332791,0.0026864051818847657,1.0
724,0.44410291383357636,5.5589708616642355,0.00306243896484375,1.0
725,0.4595840234379803,5.404159765620196,0.00302584171295166,1.0
726,0.526932601645318,4.73067398354682,0.0030010223388671877,1.0
727,0.565690394122998,4.343096058770018,0.003053569793701172,1.0
728,0.5670066290455502,4.329933709544497,0.00294036865234375,1.0
729,0.5690882534806743,4.309117465193255,0.0029592037200927733,1.0
730,0.5930736942716427,4.069263057283573,0.002866244316101074,1.0
731,0.6140656349990425,3.8593436500095755,0.002803611755371094,1.0
732,0.48926556708920393,5.10734432910796,0.0027592658996582033,1.0
733,0.4256943242428015,5.743056757571984,0.0030333995819091797,1.0
734,0.579130919099499,4.20869080900501,0.003011202812194824,1.0
735,0.5473959844209325,4.526040155790675,0.002978682518005371,1.0
736,0.6142749506315932,3.857250493684069,0.002943754196166992,1.0
737,0.6094696188506223,3.905303811493777,0.002689170837402344,1.0
738,0.5696785412450184,4.303214587549816,0.0030983686447143555,1.0
739,0.4763904798600227,5.236095201399773,0.002885746955871582,1.0
740,0.49274922502043983,5.072507749795601,0.002895212173461914,1.0
741,0.5172396959169535,4.827603040830463,0.0029265165328979494,1.0
742,0.4775921689728576,5.224078310271425,0.003039693832397461,1.0
743,0.4763146776795967,5.236853223204032,0.002932453155517578,1.0
744,0.5540354089074739,4.459645910925261,0.003104710578918457,1.0
745,0.4582994366645403,5.417005633354597,0.002973008155822754,1.0
746,0.5308227916067911,4.6917720839320864,0.0030828475952148437,1.0
747,0.5309760171425514,4.690239828574486,0.002972245216369629,1.0
748,0.5475318495068378,4.524681504931623,0.0029460430145263673,1.0
749,0.5533377253884117,4.466622746115881,0.0027889251708984376,1.0
750,0.5096936344575627,4.903063655424374,0.002880549430847168,1.0
751,0.5540112924209937,4.459887075790064,0.002758955955505371,1.0
752,0.5313679348522802,4.686320651477199,0.0027791261672973633,1.0
753,0.4869829657008304,5.130170342991695,0.002945232391357422,1.0
754,0.5129709747802909,4.8702902521970906,0.0029970645904541016,1.0
755,0.5211540787301397,4.788459212698603,0.0030846595764160156,1.0
756,0.5077328436674493,4.9226715633255065,0.003069567680358887,1.0
757,0.5278749616961695,4.721250383038305,0.003014373779296875,1.0
758,0.48153050799384484,5.184694920061552,0.0031403064727783202,1.0
759,0.46335295123745546,5.366470487625445,0.0028691768646240236,1.0
760,0.5427088957606314,4.572911042393685,0.0028838396072387697,1.0
761,0.565165806773426,4.348341932265739,0.0028869152069091798,1.0
762,0.5968896209888457,4.031103790111543,0.003055167198181152,1.0
763,0.5026092863365742,4.973907136634258,0.0030213117599487303,1.0
764,0.4430305593310876,5.569694406689123,0.0026076078414916993,1.0
765,0.503780013515229,4.96219986484771,0.00298764705657959,1.0
766,0.4977947881453034,5.0220521185469655,0.0030584096908569335,1.0
767,0.4606626661039517,5.393373338960483,0.002946949005126953,1.0
768,0.4619868370082457,5.380131629917543,0.002952766418457031,1.0
769,0.5665681522784175,4.334318477215824,0.0025307178497314454,1.0
770,0.6143401976032251,3.8565980239677473,0.002639293670654297,1.0
771,0.5857491017581224,4.142508982418774,0.0028171777725219727,1.0
772,0.553569967245344,4.464300327546559,0.0028723716735839845,1.0
773,0.5866913561474602,4.133086438525399,0.0028583765029907226,1.0
774,0.5422765885764749,4.57723411423525,0.003188490867614746,1.0
775,0.42961474176028125,5.703852582397187,0.00305478572845459,1.0
776,0.4609821481077959,5.390178518922041,0.0030131101608276366,1.0
777,0.49018796693571964,5.098120330642804,0.003116297721862793,1.0
778,0.4815776372113588,5.184223627886411,0.003095197677612305,1.0
779,0.5582355792503824,4.417644207496176,0.00272216796875,1.0
780,0.5673161233797407,4.326838766202593,0.0028660058975219726,1.0
781,0.5015105658796827,4.984894341203173,0.002964210510253906,1.0
782,0.4725753918107315,5.274246081892684,0.0029406070709228514,1.0
783,0.5102096151710376,4.897903848289623,0.002953314781188965,1.0
784,0.6031864362303162,3.9681356376968373,0.0028380393981933595,1.0
785,0.6040957602956922,3.9590423970430777,0.002789592742919922,1.0
786,0.4483724290066259,5.516275709933741,0.0029243707656860353,1.0
787,0.48249064999209546,5.175093500079045,0.0026016950607299803,1.0
788,0.5469432068552935,4.530567931447065,0.0030099630355834963,1.0
789,0.5315938319390799,4.684061680609202,0.0029343366622924805,1.0
790,0.5648740598088817,4.351259401911182,0.0026545286178588866,1.0
791,0.6165356625553623,3.834643374446377,0.0028268098831176758,1.0
792,0.5999965663439581,4.000034336560416,0.0029694318771362306,1.0
793,0.4814541961053699,5.1854580389463,0.0029323577880859377,1.0
794,0.5278463073336478,4.721536926663523,0.003114056587219238,1.0
795,0.4639772080020144,5.360227919979856,0.00318145751953125,1.0
796,0.4709916964877259,5.2900830351227395,0.003101634979248047,1.0
797,0.4109868708969575,5.890131291030426,0.0031450510025024412,1.0
798,0.5751304931496007,4.248695068503992,0.0026248693466186523,1.0
799,0.5456944847464938,4.543055152535062,0.0030248165130615234,1.0
800,0.5545570907658977,4.454429092341023,0.002780771255493164,1.0
801,0.5036532150538301,4.963467849461699,0.00285494327545166,1.0
802,0.5559093601161909,4.4409063988380915,0.0025626182556152343,1.0
803,0.5401841891004489,4.598158108995512,0.0028527021408081056,1.0
804,0.5375506643052027,4.624493356947973,0.0028490304946899416,1.0
805,0.5329721138691186,4.670278861308814,0.0028923511505126952,1.0
806,0.5369258601056192,4.630741398943807,0.0030081748962402345,1.0
807,0.5497222948443381,4.502777051556619,0.0028954267501831053,1.0
808,0.5129359771811658,4.870640228188341,0.003045988082885742,1.0
809,0.5748050206726962,4.251949793273037,0.002943682670593262,1.0
810,0.47428567686743606,5.25714323132564,0.0029772520065307617,1.0
811,0.5635865330461682,4.364134669538318,0.0029454469680786134,1.0
812,0.5467366577776037,4.532633422223964,0.002950596809387207,1.0
813,0.584497737050458,4.15502262949542,0.0029201507568359375,1.0
814,0.5271024963506614,4.728975036493387,0.0029262304306030273,1.0
815,0.47827380739172665,5.217261926082734,0.0027817487716674805,1.0
816,0.5201108695823511,4.798891304176488,0.0030409574508666994,1.0
817,0.5623933609330848,4.376066390669151,0.003102684020996094,1.0
818,0.5897232221195648,4.102767778804352,0.00297091007232666,1.0
819,0.5433148580201175,4.566851419798825,0.0030157089233398436,1.0
820,0.5898476258754959,4.101523741245041,0.002902388572692871,1.0
821,0.500286368599375,4.99713631400625,0.0027842998504638674,1.0
822,0.4969776295726261,5.030223704273739,0.002860832214355469,1.0
823,0.5255648691236589,4.74435130876341,0.0027616024017333984,1.0
824,0.5389549070984344,4.610450929015657,0.0026605606079101564,1.0
825,0.4585051120594173,5.414948879405827,0.0029918193817138673,1.0
826,0.473959921781072,5.26040078218928,0.002919578552246094,1.0
827,0.5666894498628319,4.333105501371681,0.0029308319091796873,1.0
828,0.5383579899528851,4.61642010047115,0.0030051708221435548,1.0
829,0.514275530762312,4.85724469237688,0.0028830766677856445,1.0
830,0.5321042232039124,4.678957767960874,0.0029607772827148437,1.0
831,0.5287127247725956,4.712872752274043,0.0028301477432250977,1.0
832,0.44643916076614565,5.535608392338544,0.002565908432006836,1.0
833,0.508291620320059,4.9170837967994085,0.0028494119644165037,1.0
834,0.5421149492558073,4.578850507441928,0.002921915054321289,1.0
835,0.48992778020314925,5.100722197968508,0.0030398845672607424,1.0
836,0.4866669953503762,5.133330046496238,0.0030741453170776366,1.0
837,0.5412127994298885,4.587872005701115,0.003006577491760254,1.0
838,0.5280646810197173,4.7193531898028285,0.0030443668365478516,1.0
839,0.5719372842060716,4.280627157939284,0.0031798124313354493,1.0
840,0.5320592993449355,4.679407006550646,0.0029591798782348635,1.0
841,0.5676696438565895,4.323303561434105,0.0029164552688598633,1.0
842,0.5342825178447204,4.657174821552796,0.0028017044067382814,1.0
843,0.5230122931448075,4.769877068551925,0.003005242347717285,1.0
844,0.562023214025227,4.379767859747728,0.002859187126159668,1.0
845,0.5857231626955745,4.142768373044255,0.002960348129272461,1.0
846,0.48608038561987466,5.139196143801254,0.0030657291412353516,1.0
847,0.4673795772554746,5.326204227445253,0.002942514419555664,1.0
848,0.55403478229821,4.4596521770179,0.003110790252685547,1.0
849,0.5014550284871239,4.985449715128762,0.002859020233154297,1.0
850,0.5657018218397051,4.342981781602949,0.0029029130935668947,1.0
851,0.47475372800680143,5.2524627199319855,0.0027291059494018556,1.0
852,0.5329810295151228,4.670189704848772,0.0027918577194213866,1.0
853,0.4899864958401136,5.100135041598863,0.002810549736022949,1.0
854,0.4912728331968445,5.087271668031555,0.0029489278793334963,1.0
855,0.4004818934721076,5.995181065278924,0.0030539512634277345,1.0
856,0.4301431441851914,5.698568558148085,0.003141975402832031,1.0
857,0.5479751407436133,4.520248592563867,0.003169679641723633,1.0
858,0.6091864079977067,3.908135920022932,0.003103971481323242,1.0
859,0.5408387599389158,4.59161240061084,0.0030289411544799803,1.0
860,0.5586811416826757,4.413188583173243,0.0029785633087158203,1.0
861,0.4935415775014806,5.064584224985193,0.0028206825256347655,1.0
862,0.5156602645977972,4.843397354022025,0.0025998353958129883,1.0
863,0.6031792203594086,3.968207796405914,0.002952241897583008,1.0
864,0.6073483965526847,3.926516034473152,0.0030555248260498045,1.0
865,0.5072041946157084,4.927958053842916,0.002973175048828125,1.0
866,0.47065973138970574,5.293402686102942,0.0029921531677246094,1.0
867,0.47965696353871856,5.2034303646128155,0.002931952476501465,1.0
868,0.5090057061491976,4.909942938508026,0.0029638528823852537,1.0
869,0.46355455615735874,5.364454438426413,0.0028524875640869142,1.0
870,0.4835662215124614,5.164337784875386,0.002872323989868164,1.0
871,0.5884721303949807,4.115278696050193,0.0027938127517700196,1.0
872,0.45967292834733947,5.403270716526604,0.002865886688232422,1.0
873,0.43281857126372564,5.671814287362743,0.0028978586196899414,1.0
874,0.47638809712397395,5.23611902876026,0.0028591394424438477,1.0
875,0.45659208391073836,5.434079160892615,0.0029510021209716796,1.0
876,0.499913617955579,5.000863820444211,0.002658581733703613,1.0
877,0.5363671120177065,4.636328879822936,0.0030863046646118163,1.0
878,0.551521403572093,4.484785964279068,0.0029876232147216797,1.0
879,0.5558675186574072,4.441324813425926,0.003049492835998535,1.0
880,0.5708028497119744,4.291971502880257,0.002945280075073242,1.0
881,0.5289279957152341,4.710720042847659,0.003000330924987793,1.0
882,0.5112269526230633,4.887730473769366,0.002978014945983887,1.0
883,0.5360025147282322,4.639974852717677,0.0027182817459106444,1.0
884,0.49516087932614655,5.048391206738535,0.00295109748840332,1.0
885,0.4564860579596801,5.435139420403198,0.0028604745864868166,1.0
886,0.4963705480908235,5.036294519091764,0.002926468849182129,1.0
887,0.4584954779900522,5.415045220099477,0.002958202362060547,1.0
888,0.48803364550249045,5.119663544975095,0.0029747724533081056,1.0
889,0.49353734407814603,5.0646265592185395,0.0028843402862548826,1.0
890,0.5259041182199211,4.740958817800788,0.0029515743255615233,1.0
891,0.5564777121474496,4.435222878525504,0.0028605222702026366,1.0
892,0.5246869817901593,4.753130182098405,0.002902698516845703,1.0
893,0.5687970620783263,4.312029379216737,0.002773022651672363,1.0
894,0.5641623306730241,4.358376693269758,0.00286407470703125,1.0
895,0.5789711414064065,4.210288585935935,0.0028790712356567385,1.0
896,0.5510041819138912,4.489958180861087,0.003112196922302246,1.0
897,0.5648956454222699,4.351043545777301,0.0030112266540527344,1.0
898,0.5883818353005472,4.116181646994529,0.0031095504760742187,1.0
899,0.5251399563322191,4.748600436677807,0.003076481819152832,1.0
900,0.4861018593958327,5.1389814060416725,0.0029218196868896484,1.0
901,0.47891130231134715,5.210886976886528,0.002910900115966797,1.0
902,0.55364802388872,4.463519761112799,0.002840423583984375,1.0
903,0.5560945449935903,4.439054550064095,0.002989935874938965,1.0
904,0.537161917140547,4.628380828594531,0.0029149770736694334,1.0
905,0.455138123574666,5.4486187642533395,0.0029163122177124023,1.0
906,0.5830278272079775,4.169721727920224,0.0030234098434448243,1.0
907,0.5082400196729114,4.917599803270886,0.0030487775802612305,1.0
908,0.48661363187888085,5.13386368121119,0.0030484437942504884,1.0
909,0.5471338747284309,4.528661252715691,0.0029600381851196287,1.0
910,0.5176492433741142,4.823507566258856,0.0029166460037231444,1.0
911,0.5336532419512794,4.6634675804872066,0.002841687202453613,1.0
912,0.5667628548607258,4.332371451392742,0.0028180360794067385,1.0
913,0.5153338921220461,4.8466610787795394,0.0029500722885131836,1.0
914,0.49621817319893485,5.037818268010652,0.0026131391525268553,1.0
915,0.554613592044545,4.453864079554549,0.0031078815460205077,1.0
916,0.5558658216462657,4.441341783537341,0.0029311418533325196,1.0
917,0.5198607489041286,4.801392510958714,0.002969956398010254,1.0
918,0.5401572730260806,4.598427269739195,0.0030469417572021483,1.0
919,0.4954453508716439,5.04554649128356,0.002975797653198242,1.0
920,0.566580453131759,4.33419546868241,0.002603030204772949,1.0
921,0.538975480259746,4.610245197402541,0.00289764404296875,1.0
922,0.537084629789604,4.629153702103959,0.002882719039916992,1.0
923,0.5104276950198783,4.895723049801217,0.0030332565307617187,1.0
924,0.5030927426429675,4.969072573570324,0.0029776334762573243,1.0
925,0.46919906376122966,5.308009362387704,0.002979135513305664,1.0
926,0.5023311478604429,4.9766885213955705,0.003094649314880371,1.0
927,0.5890762500061169,4.109237499938831,0.002983498573303223,1.0
928,0.5438313854244868,4.561686145755129,0.0029360055923461914,1.0
929,0.6028554942667089,3.971445057332911,0.002942323684692383,1.0
930,0.5689985653725118,4.310014346274882,0.002952170372009277,1.0
931,0.5193612286243512,4.806387713756488,0.002911806106567383,1.0
932,0.5492159432852106,4.507840567147894,0.0028453350067138674,1.0
933,0.5719251983019255,4.280748016980746,0.002874422073364258,1.0
934,0.5355068596866959,4.644931403133041,0.0028991937637329102,1.0
935,0.46520868097029033,5.347913190297096,0.0028310060501098634,1.0
936,0.5129481803493504,4.870518196506497,0.002982640266418457,1.0
937,0.5449688705784129,4.550311294215871,0.002516031265258789,1.0
938,0.579423085973889,4.20576914026111,0.0030490636825561525,1.0
939,0.5145733864594837,4.854266135405162,0.0028856515884399412,1.0
940,0.4756261140131697,5.243738859868303,0.0030462980270385743,1.0
941,0.4960215619101964,5.039784380898036,0.0029756307601928713,1.0
942,0.49331764316844656,5.0668235683155345,0.002933025360107422,1.0
943,0.5530143715937448,4.469856284062551,0.003058505058288574,1.0
944,0.5915551211865258,4.0844487881347415,0.0028908252716064453,1.0
945,0.5681540288190439,4.318459711809561,0.002863454818725586,1.0
946,0.4980227580720138,5.019772419279862,0.0027633428573608397,1.0
947,0.5228743149083237,4.771256850916762,0.0030600786209106444,1.0
948,0.5912643169980337,4.0873568300196625,0.003016233444213867,1.0
949,0.6012375916192103,3.9876240838078965,0.003032827377319336,1.0
950,0.4568390996102451,5.431609003897549,0.0028661251068115234,1.0
951,0.5812541253266212,4.187458746733786,0.0029394865036010743,1.0
952,0.5883804974504304,4.116195025495696,0.0024477243423461914,1.0
953,0.598707410285901,4.01292589714099,0.002812695503234863,1.0
954,0.5548097802081464,4.451902197918536,0.002918100357055664,1.0
955,0.519663625074353,4.8033637492564685,0.0028232574462890626,1.0
956,0.4781431070884377,5.218568929115622,0.0026906490325927734,1.0
957,0.4664624193529708,5.335375806470291,0.002687501907348633,1.0
958,0.4463796293831569,5.536203706168431,0.0031324148178100584,1.0
959,0.4533223985929755,5.466776014070246,0.002962827682495117,1.0
960,0.45394062768278864,5.460593723172113,0.003030848503112793,1.0
961,0.5651524722193807,4.348475277806193,0.0029438495635986327,1.0
962,0.5924513396229093,4.075486603770907,0.0029767513275146484,1.0
963,0.5713298877804093,4.2867011221959075,0.002961874008178711,1.0
964,0.563487548256086,4.365124517439139,0.0029987335205078126,1.0
965,0.4985933545280867,5.014066454719134,0.0030134439468383787,1.0
966,0.5566259369360791,4.433740630639209,0.003003978729248047,1.0
967,0.5664589723079658,4.335410276920341,0.0030200004577636717,1.0
968,0.4803599665344601,5.196400334655399,0.002881908416748047,1.0
969,0.5643602415460978,4.356397584539022,0.0028731822967529297,1.0
970,0.5421246598812989,4.5787534011870115,0.002891349792480469,1.0
971,0.45793980514634025,5.420601948536597,0.0028851985931396484,1.0
972,0.5297619099896714,4.702380900103287,0.0027956724166870116,1.0
973,0.5044092180794225,4.955907819205774,0.002818918228149414,1.0
974,0.5022453930494603,4.977546069505396,0.002714657783508301,1.0
975,0.6304402461355634,3.6955975386443676,0.0029132843017578127,1.0
976,0.48451392494975254,5.154860750502475,0.0030339241027832033,1.0
977,0.5775833144362063,4.224166855637938,0.0029468774795532227,1.0
978,0.5710607535020653,4.289392464979346,0.0030858516693115234,1.0
979,0.5085000471076244,4.914999528923756,0.0024402856826782225,1.0
980,0.4896823284058499,5.1031767159415,0.002986598014831543,1.0
981,0.5527494437861176,4.472505562138823,0.0029906272888183595,1.0
982,0.5497296420737026,4.502703579262974,0.0030379533767700196,1.0
983,0.45104419423049535,5.489558057695047,0.0026729822158813475,1.0
984,0.4602994044840461,5.397005955159538,0.0030379295349121094,1.0
985,0.6187565519741391,3.812434480258608,0.0029289960861206056,1.0
986,0.5860607805916753,4.139392194083245,0.002624821662902832,1.0
987,0.4928390105742636,5.071609894257364,0.002974581718444824,1.0
988,0.5983014193821645,4.016985806178354,0.002910923957824707,1.0
989,0.5456487410083091,4.54351258991691,0.0028734445571899415,1.0
990,0.560025199855642,4.399748001443579,0.0029068231582641602,1.0
991,0.49599258047373773,5.040074195262622,0.0025756359100341797,1.0
992,0.5636221045781327,4.363778954218672,0.0028170347213745117,1.0
993,0.5055604920993069,4.944395079006931,0.002799057960510254,1.0
994,0.46791057916642853,5.320894208335714,0.002855253219604492,1.0
995,0.5110234759691069,4.88976524030893,0.002912569046020508,1.0
996,0.49859967882408374,5.014003211759163,0.002925276756286621,1.0
997,0.5457030699925871,4.5429693000741285,0.0030691862106323243,1.0
998,0.5163490131108281,4.836509868891718,0.0030608177185058594,1.0
999,0.48656235703117073,5.1343764296882926,0.0030706167221069337,1.0
1000,0.4863288564972491,5.136711435027508,0.0024617671966552734,1.0
1001,0.48834995461836667,5.116500453816332,0.0030606985092163086,1.0
1002,0.5126159231647984,4.873840768352016,0.0032820940017700196,1.0
1003,0.46957624643022433,5.304237535697758,0.0029874563217163084,1.0
1004,0.47240052879417893,5.27599471205821,0.0029715538024902345,1.0
1005,0.5413617016738634,4.586382983261366,0.002978229522705078,1.0
1006,0.5946236008539886,4.053763991460113,0.0029183626174926758,1.0
1007,0.5111223436317436,4.888776563682564,0.0030019521713256837,1.0
1008,0.574579354442677,4.254206455573229,0.0031020641326904297,1.0
1009,0.5303845607522221,4.696154392477778,0.0029409170150756837,1.0
1010,0.529775102883582,4.702248971164179,0.0030306100845336912,1.0
1011,0.5051650882521417,4.948349117478584,0.0028352737426757812,1.0
1012,0.4797815603559008,5.202184396440991,0.0028055191040039064,1.0
1013,0.5180128419964486,4.819871580035515,0.002454972267150879,1.0
1014,0.505298779639437,4.947012203605629,0.002805471420288086,1.0
1015,0.5335502300646667,4.6644976993533325,0.003117537498474121,1.0
1016,0.49584874470963214,5.0415125529036775,0.0030258893966674805,1.0
1017,0.4754323357721503,5.245676642278497,0.0030359745025634764,1.0
1018,0.541269091998555,4.587309080014449,0.0029596805572509764,1.0
1019,0.5341970818140532,4.65802918185947,0.003056907653808594,1.0
1020,0.4833369389397757,5.166630610602242,0.0030210018157958984,1.0
1021,0.536027682116058,4.63972317883942,0.0030403614044189455,1.0
1022,0.571658398159646,4.283416018403539,0.0029628515243530274,1.0
1023,0.5634670577993225,4.365329422006775,0.0030938863754272463,1.0
1024,0.5544059297468648,4.455940702531352,0.0031094074249267576,1.0
1025,0.5131208595285088,4.868791404714912,0.0031131505966186523,1.0
1026,0.5013818960802403,4.986181039197597,0.003099370002746582,1.0
1027,0.5349731832722384,4.650268167277615,0.0030527114868164062,1.0
1028,0.5609309727541876,4.390690272458125,0.0030170679092407227,1.0
1029,0.512334081147332,4.876659188526679,0.0029115915298461915,1.0
1030,0.519481748558389,4.805182514416111,0.0027997732162475587,1.0
1031,0.5005996693067344,4.994003306932656,0.0028076410293579102,1.0
1032,0.494963545936743,5.05036454063257,0.0028798580169677734,1.0
1033,0.45341696437886786,5.465830356211321,0.0028348922729492187,1.0
1034,0.5323853961269448,4.676146038730551,0.0029705524444580077,1.0
1035,0.5158582806655371,4.841417193344629,0.002898764610290527,1.0
1036,0.5011900473795275,4.9880995262047225,0.0026982307434082033,1.0
1037,0.5791424659570156,4.208575340429843,0.002930426597595215,1.0
1038,0.4984743905806857,5.015256094193144,0.0029466629028320314,1.0
1039,0.5447521273575707,4.552478726424292,0.002900528907775879,1.0
1040,0.5185162292756168,4.814837707243833,0.00303797721862793,1.0
1041,0.4861894090307598,5.138105909692402,0.0030754804611206055,1.0
1042,0.44918970188599233,5.508102981140077,0.003041195869445801,1.0
1043,0.44675379520278125,5.532462047972187,0.0029921770095825196,1.0
1044,0.5602164324958706,4.397835675041295,0.0030834436416625976,1.0
1045,0.502896933791325,4.971030662086749,0.0031383275985717774,1.0
1046,0.4805960835829014,5.194039164170986,0.0030515909194946287,1.0
1047,0.5196863117298933,4.803136882701065,0.0030920743942260743,1.0
1048,0.43087529897591015,5.6912470102408985,0.002765512466430664,1.0
1049,0.4788575621611718,5.211424378388282,0.002979731559753418,1.0
1050,0.4926807045377955,5.073192954622043,0.0030837774276733397,1.0
1051,0.5216522244215697,4.783477755784302,0.002926349639892578,1.0
1052,0.5176998210750567,4.823001789249432,0.0029048681259155273,1.0
1053,0.5037314900794929,4.96268509920507,0.002868938446044922,1.0
1054,0.5452051118986405,4.547948881013594,0.002801847457885742,1.0
1055,0.47883939744797444,5.211606025520256,0.002960538864135742,1.0
1056,0.49717724525955215,5.028227547404478,0.002830195426940918,1.0
1057,0.44556157005339897,5.544384299466009,0.0029810428619384765,1.0
1058,0.48644152539387625,5.135584746061238,0.0030370473861694334,1.0
1059,0.5402768909074578,4.597231090925423,0.0030471086502075195,1.0
1060,0.5415456799882115,4.584543200117886,0.0029645681381225584,1.0
1061,0.5252060911324115,4.747939088675884,0.0029659509658813477,1.0
1062,0.5164771186628102,4.835228813371897,0.0029762983322143555,1.0
1063,0.5679436881175663,4.320563118824335,0.002926063537597656,1.0
1064,0.5883057042199423,4.1169429578005765,0.002936840057373047,1.0
1065,0.49700771827462564,5.029922817253743,0.0028160810470581055,1.0
1066,0.5028213091707651,4.97178690829235,0.003164505958557129,1.0
1067,0.4493894760798495,5.506105239201504,0.0031412839889526367,1.0
1068,0.4784579899070486,5.2154201009295145,0.003140544891357422,1.0
1069,0.5592807182747752,4.4071928172522465,0.0029241561889648436,1.0
1070,0.536351224513441,4.636487754865589,0.0029854774475097656,1.0
1071,0.4642304985249043,5.357695014750957,0.0027721405029296877,1.0
1072,0.49801367464631213,5.019863253536879,0.002879619598388672,1.0
1073,0.46550726641833684,5.344927335816632,0.0028008222579956055,1.0
1074,0.5372735596282503,4.627264403717497,0.002927064895629883,1.0
1075,0.4333909466076985,5.666090533923013,0.0030615806579589845,1.0
1076,0.5333217401664816,4.6667825983351845,0.0029613494873046873,1.0
1077,0.5458953445296624,4.541046554703377,0.0029275178909301757,1.0
1078,0.5383094994822285,4.616905005177715,0.0025931596755981445,1.0
1079,0.5119258869058241,4.880741130941758,0.0030309200286865235,1.0
1080,0.5567652489444485,4.432347510555515,0.002950620651245117,1.0
1081,0.502727798365415,4.97272201634585,0.0030028581619262694,1.0
1082,0.5680572395892258,4.319427604107743,0.0029717445373535155,1.0
1083,0.46583370760513876,5.341662923948611,0.0029801130294799805,1.0
1084,0.4703332055077344,5.296667944922655,0.0027512073516845702,1.0
1085,0.551090888183351,4.48909111816649,0.0029827117919921874,1.0
1086,0.47094893646478964,5.290510635352104,0.0028505563735961915,1.0
1087,0.48628422998782456,5.137157700121754,0.002943539619445801,1.0
1088,0.5198138904731843,4.8018610952681575,0.003086757659912109,1.0
1089,0.5419775266936473,4.5802247330635275,0.002903652191162109,1.0
1090,0.40203262782540133,5.9796737217459865,0.003006291389465332,1.0
1091,0.4648307198238297,5.351692801761702,0.002856612205505371,1.0
1092,0.5000100601999803,4.999899398000197,0.0029351472854614257,1.0
1093,0.5136624278086696,4.863375721913305,0.0028860092163085936,1.0
1094,0.49585069691226435,5.041493030877356,0.0030222177505493165,1.0
1095,0.4850992360079352,5.149007639920648,0.0029655218124389647,1.0
1096,0.5745492239379386,4.254507760620614,0.002980661392211914,1.0
1097,0.5505554821278515,4.494445178721485,0.0029034137725830076,1.0
1098,0.39501718482460096,6.04982815175399,0.0026783466339111326,1.0
1099,0.5698290470667426,4.301709529332572,0.0030686616897583007,1.0
1100,0.5066132383619129,4.93386761638087,0.003044867515563965,1.0
1101,0.5472692669369263,4.5273073306307365,0.0029996633529663086,1.0
1102,0.5345522905249531,4.65447709475047,0.002991199493408203,1.0
1103,0.5333246272321343,4.666753727678659,0.0028946399688720703,1.0
1104,0.5237827354741361,4.762172645258639,0.0029154300689697267,1.0
1105,0.5598523926130862,4.401476073869139,0.002992391586303711,1.0
1106,0.4880459706711705,5.119540293288294,0.0030341148376464844,1.0
1107,0.5365382873167268,4.634617126832731,0.0029972314834594725,1.0
1108,0.5673636380304078,4.326363619695923,0.0030303716659545897,1.0
1109,0.5579455346151582,4.420544653848418,0.0028998613357543944,1.0
1110,0.6012418118638785,3.9875818813612134,0.003031277656555176,1.0
1111,0.4991555695365724,5.008444304634276,0.0029848575592041015,1.0
1112,0.5152206946174216,4.847793053825784,0.0028723001480102537,1.0
1113,0.5094436852869307,4.905563147130692,0.0027161836624145508,1.0
1114,0.5301353264744286,4.698646735255712,0.0029114246368408202,1.0
1115,0.500311824979567,4.996881750204329,0.0031009197235107424,1.0
1116,0.5519822020073479,4.48017797992652,0.0028850793838500976,1.0
1117,0.5130379075664091,4.8696209243359085,0.002942204475402832,1.0
1118,0.5144859130080045,4.855140869919955,0.0029302358627319334,1.0
1119,0.5849675203625825,4.150324796374174,0.002989792823791504,1.0
1120,0.5070353857818024,4.9296461421819755,0.0029433250427246095,1.0
1121,0.5120786036783305,4.879213963216694,0.002854323387145996,1.0
1122,0.5902432096656338,4.097567903343661,0.0026262760162353515,1.0
1123,0.568266646256954,4.317333537430459,0.0029832601547241213,1.0
1124,0.5494044918665555,4.505955081334445,0.002947688102722168,1.0
1125,0.5433941337488396,4.566058662511603,0.0026286840438842773,1.0
1126,0.4803878345357197,5.196121654642803,0.0030299663543701173,1.0
1127,0.5019432783726152,4.9805672162738475,0.003094387054443359,1.0
1128,0.5510752333170306,4.489247666829694,0.0031048059463500977,1.0
1129,0.5832511546310519,4.167488453689481,0.0029890060424804686,1.0
1130,0.586664695920627,4.133353040793731,0.0030505895614624024,1.0
1131,0.531407278574118,4.685927214258821,0.002582097053527832,1.0
1132,0.5115646934998456,4.884353065001544,0.002850914001464844,1.0
1133,0.5783358769609432,4.216641230390567,0.002793097496032715,1.0
1134,0.5315445720498948,4.684554279501052,0.0024959802627563476,1.0
1135,0.5269211857519717,4.730788142480284,0.0029218912124633787,1.0
1136,0.5275747857138878,4.724252142861123,0.0029409646987915037,1.0
1137,0.5539114097087319,4.460885902912681,0.003005218505859375,1.0
1138,0.5845161631668259,4.154838368331743,0.0030202865600585938,1.0
1139,0.5246061653909837,4.753938346090163,0.003010725975036621,1.0
1140,0.47857613823925504,5.21423861760745,0.003000020980834961,1.0
1141,0.5321653877143037,4.678346122856962,0.0029683589935302736,1.0
1142,0.5261837630968623,4.738162369031376,0.002907133102416992,1.0
1143,0.5177250056781464,4.822749943218535,0.002893686294555664,1.0
1144,0.4600437622555642,5.399562377444359,0.0030838966369628905,1.0
1145,0.4320948460426379,5.679051539573621,0.002931547164916992,1.0
1146,0.46299471456702534,5.370052854329747,0.0031934738159179687,1.0
1147,0.4199231827615065,5.800768172384936,0.003128528594970703,1.0
1148,0.5273377948563949,4.726622051436051,0.0031996726989746093,1.0
1149,0.4568860424835049,5.43113957516495,0.003005790710449219,1.0
1150,0.5906630546263435,4.093369453736565,0.002852463722229004,1.0
1151,0.5659982356247971,4.340017643752028,0.002859807014465332,1.0
1152,0.508943465820246,4.910565341797541,0.002903652191162109,1.0
1153,0.5359254894945271,4.640745105054728,0.002765798568725586,1.0
1154,0.5592244355304498,4.407755644695502,0.0027717828750610353,1.0
1155,0.5320026758253462,4.679973241746536,0.002829885482788086,1.0
1156,0.5253555466773052,4.746444533226947,0.0029650211334228517,1.0
1157,0.5339805052847779,4.66019494715222,0.0028767824172973634,1.0
1158,0.5590443519699599,4.4095564803004015,0.0029927730560302735,1.0
1159,0.5628307418387725,4.371692581612275,0.0029497385025024415,1.0
1160,0.527896508153294,4.721034918467059,0.003127574920654297,1.0
1161,0.464481761730526,5.355182382694739,0.0030224800109863283,1.0
1162,0.5517298890117568,4.4827011098824325,0.0029385566711425783,1.0
1163,0.4963438756276344,5.036561243723655,0.002703356742858887,1.0
1164,0.5159689134735144,4.840310865264855,0.002971243858337402,1.0
1165,0.5410958560849901,4.5890414391500975,0.0029016971588134766,1.0
1166,0.5266968352774708,4.733031647225292,0.0031453609466552735,1.0
1167,0.4488808482236414,5.511191517763587,0.00301816463470459,1.0
1168,0.5649563332226185,4.350436667773816,0.0031328201293945312,1.0
1169,0.5545788326701129,4.454211673298871,0.003078269958496094,1.0
1170,0.5196982930858083,4.803017069141918,0.0029365062713623048,1.0
1171,0.5040056536615241,4.959943463384759,0.0028196096420288084,1.0
1172,0.4976331410821916,5.023668589178082,0.0027112960815429688,1.0
1173,0.5719577538655652,4.2804224613443465,0.0027149438858032225,1.0
1174,0.6180535613206548,3.819464386793451,0.002734827995300293,1.0
1175,0.5279918125446997,4.720081874553001,0.002870321273803711,1.0
1176,0.5894915170861742,4.105084829138258,0.0030435800552368166,1.0
1177,0.5898012814136604,4.101987185863396,0.00314176082611084,1.0
1178,0.5665120934375711,4.334879065624287,0.0032235860824584963,1.0
1179,0.6094383069902528,3.9056169300974717,0.0030330657958984376,1.0
1180,0.47583819374643055,5.241618062535695,0.00318760871887207,1.0
1181,0.37625880934391853,6.237411906560814,0.0030032873153686525,1.0
1182,0.5370435580315989,4.629564419684011,0.002939772605895996,1.0
1183,0.5946410110436473,4.053589889563528,0.0029471635818481444,1.0
1184,0.5168604721353254,4.831395278646746,0.0030498743057250977,1.0
1185,0.5791803889489338,4.208196110510662,0.002961277961730957,1.0
1186,0.5573068170122731,4.426931829877269,0.0031539201736450195,1.0
1187,0.5416665674512332,4.583334325487668,0.003049325942993164,1.0
1188,0.5137365047562665,4.862634952437335,0.003074789047241211,1.0
1189,0.5819282154391112,4.180717845608887,0.0028394222259521484,1.0
1190,0.5396495462158536,4.603504537841464,0.002968168258666992,1.0
1191,0.5448811353468062,4.551188646531938,0.0029055595397949217,1.0
1192,0.48462853611343937,5.1537146388656065,0.002475118637084961,1.0
1193,0.5810173737067831,4.189826262932169,0.002727770805358887,1.0
1194,0.5160129385432702,4.839870614567297,0.0028723955154418947,1.0
1195,0.5847052392244356,4.152947607755643,0.0029616594314575196,1.0
1196,0.5659756896585628,4.340243103414371,0.003128671646118164,1.0
1197,0.5524007868687458,4.475992131312542,0.003057122230529785,1.0
1198,0.5445522233108958,4.554477766891042,0.003203940391540527,1.0
1199,0.5270734361046123,4.729265638953875,0.0030640363693237305,1.0
1200,0.5393740346850281,4.606259653149718,0.0032878875732421874,1.0
1201,0.5052869232768942,4.947130767231057,0.002939867973327637,1.0
1202,0.580892937833106,4.19107062166894,0.003025531768798828,1.0
1203,0.6206492416501168,3.7935075834988323,0.0029345989227294923,1.0
1204,0.5663196464705956,4.336803535294042,0.0029207706451416016,1.0
1205,0.5567119485355927,4.432880514644071,0.0028477907180786133,1.0
1206,0.6127485739315492,3.8725142606845075,0.0030278444290161135,1.0
1207,0.40627907056480056,5.9372092943519945,0.0029488325119018553,1.0
1208,0.5196358257653355,4.803641742346646,0.003049278259277344,1.0
1209,0.5369554663092984,4.630445336907015,0.0028169631958007814,1.0
1210,0.49427967975829035,5.057203202417097,0.0029063701629638674,1.0
1211,0.49055478670980773,5.094452132901921,0.002880692481994629,1.0
1212,0.5182130453007219,4.81786954699278,0.002803659439086914,1.0
1213,0.5404812057597834,4.595187942402167,0.0028511524200439454,1.0
1214,0.4393351502181213,5.606648497818787,0.002814841270446777,1.0
1215,0.4690816471870713,5.309183528129286,0.0029276609420776367,1.0
1216,0.5748614468611151,4.2513855313888484,0.002989530563354492,1.0
1217,0.541057167113422,4.58942832886578,0.003159308433532715,1.0
1218,0.5372615461925602,4.627384538074398,0.003130340576171875,1.0
1219,0.5437688321251726,4.562311678748272,0.0032015085220336915,1.0
1220,0.47473663845097847,5.252633615490215,0.003051137924194336,1.0
1221,0.5115886025128347,4.884113974871654,0.0030514001846313477,1.0
1222,0.5495973412476659,4.504026587523341,0.002885723114013672,1.0
1223,0.4911869671353708,5.088130328646291,0.0028982639312744142,1.0
1224,0.5768378605933445,4.231621394066556,0.0028897523880004883,1.0
1225,0.5317917576410515,4.6820824235894865,0.0029274702072143556,1.0
1226,0.5296984162542284,4.703015837457715,0.002985548973083496,1.0
1227,0.5048512073476099,4.951487926523901,0.00295560359954834,1.0
1228,0.46414118091883,5.3585881908117,0.0031090497970581053,1.0
1229,0.5174777715737453,4.825222284262547,0.0028692960739135744,1.0
1230,0.5502709905477704,4.497290094522295,0.0030174970626831053,1.0
1231,0.5078751079565847,4.921248920434151,0.002877068519592285,1.0
1232,0.509568948350383,4.904310516496169,0.00275421142578125,1.0
1233,0.4865579486940441,5.134420513059559,0.0027243852615356444,1.0
1234,0.4847494954883175,5.152505045116824,0.002830171585083008,1.0
1235,0.5385208054983647,4.614791945016354,0.0030562639236450194,1.0
1236,0.5491524653712145,4.508475346287854,0.00306241512298584,1.0
1237,0.5596161549150862,4.403838450849138,0.0030622959136962892,1.0
1238,0.6233440503417382,3.7665594965826172,0.0030988454818725586,1.0
1239,0.5683920770129752,4.316079229870248,0.0031310558319091798,1.0
1240,0.5097458885107405,4.902541114892594,0.0029900789260864256,1.0
1241,0.5324677977343686,4.675322022656315,0.0030016183853149416,1.0
1242,0.53386494610329,4.661350538967097,0.0029031991958618163,1.0
1243,0.5151487906633665,4.8485120933663355,0.002849125862121582,1.0
1244,0.5235955927540039,4.764044072459961,0.0030735254287719725,1.0
1245,0.5092289253184115,4.907710746815885,0.0029918193817138673,1.0
1246,0.527346754103927,4.726532458960731,0.0031319856643676758,1.0
1247,0.5343485518742433,4.656514481257567,0.00293276309967041,1.0
1248,0.4977943905022171,5.022056094977829,0.0030538320541381838,1.0
1249,0.4674671992712912,5.325328007287087,0.002830910682678223,1.0
1250,0.5224483601380997,4.775516398619003,0.0028472185134887696,1.0
1251,0.48331806850181486,5.166819314981851,0.0028481245040893554,1.0
1252,0.5556906074488137,4.443093925511864,0.0027901887893676757,1.0
1253,0.6012440139103878,3.987559860896122,0.0028567790985107424,1.0
1254,0.523928821363457,4.7607117863654285,0.002825641632080078,1.0
1255,0.47307896002566896,5.269210399743311,0.00296931266784668,1.0
1256,0.5298967195621921,4.7010328043780785,0.0029906988143920898,1.0
1257,0.5710027154302932,4.289972845697067,0.002947425842285156,1.0
1258,0.5948514100422123,4.051485899577876,0.003019118309020996,1.0
1259,0.5984599167058816,4.015400832941184,0.0031157016754150392,1.0
1260,0.5491299102650475,4.5087008973495255,0.003052973747253418,1.0
1261,0.43753421781143215,5.624657821885679,0.0031227827072143554,1.0
1262,0.5426594846934332,4.573405153065668,0.0029576778411865234,1.0
1263,0.5481306623155704,4.518693376844296,0.0030632257461547852,1.0
1264,0.47427488188461087,5.257251181153892,0.002941751480102539,1.0
1265,0.48304658553305746,5.169534144669425,0.0027432918548583986,1.0
1266,0.47009503081083254,5.299049691891675,0.003008413314819336,1.0
1267,0.48613978357473686,5.1386021642526325,0.0029086828231811523,1.0
1268,0.5704134981009596,4.295865018990404,0.0031170368194580076,1.0
1269,0.531400487540979,4.6859951245902085,0.002885913848876953,1.0
1270,0.5403900897962447,4.596099102037553,0.002883458137512207,1.0
1271,0.5747945719611239,4.25205428038876,0.0027886629104614258,1.0
1272,0.5532454024910399,4.4675459750896005,0.0027658700942993163,1.0
1273,0.48883113455456345,5.111688654454364,0.0027405261993408204,1.0
1274,0.47701244750132243,5.229875524986775,0.002808403968811035,1.0
1275,0.4842980751407035,5.157019248592965,0.002859354019165039,1.0
1276,0.562638146876198,4.3736185312380185,0.00297238826751709,1.0
1277,0.5188123381780784,4.811876618219215,0.002996063232421875,1.0
1278,0.5149961899549865,4.850038100450136,0.0024771928787231446,1.0
1279,0.5479910047374591,4.52008995262541,0.0031654834747314453,1.0
1280,0.5356233217972287,4.643766782027712,0.0031624078750610352,1.0
1281,0.581814410170081,4.181855898299189,0.002996373176574707,1.0
1282,0.5042800133891701,4.957199866108298,0.0029128313064575194,1.0
1283,0.5461149155357161,4.5388508446428375,0.0028243780136108397,1.0
1284,0.49916447845399653,5.008355215460035,0.0029825210571289063,1.0
1285,0.43886951586854384,5.611304841314562,0.0030347585678100588,1.0
1286,0.49908787646277125,5.0091212353722865,0.0031221389770507814,1.0
1287,0.5580656352915233,4.419343647084767,0.0029825448989868166,1.0
1288,0.5796873404962052,4.203126595037947,0.003081083297729492,1.0
1289,0.5457398896442658,4.542601103557341,0.0029281854629516603,1.0
1290,0.5118957018663469,4.88104298133653,0.002980828285217285,1.0
1291,0.5091511970436409,4.908488029563591,0.002764439582824707,1.0
1292,0.5245076755829923,4.754923244170078,0.0026958465576171877,1.0
1293,0.5142080616617278,4.857919383382721,0.002707386016845703,1.0
1294,0.5109646550605647,4.890353449394352,0.0029258251190185545,1.0
1295,0.5197839208778972,4.802160791221027,0.003022432327270508,1.0
1296,0.5292621996795812,4.707378003204188,0.0030566930770874025,1.0
1297,0.5511444355733413,4.4885556442665875,0.003035712242126465,1.0
1298,0.5192681072613843,4.807318927386158,0.0029992103576660157,1.0
1299,0.5447182233932157,4.552817766067841,0.0030603408813476562,1.0
1300,0.5643574055399047,4.356425944600955,0.002941799163818359,1.0
1301,0.47286932541892074,5.271306745810792,0.0025402069091796874,1.0
1302,0.552088296999274,4.479117030007261,0.0028855323791503905,1.0
1303,0.6013968892381841,3.9860311076181576,0.0028881549835205076,1.0
1304,0.4868730919171883,5.131269080828116,0.0029745101928710938,1.0
1305,0.4061795870047341,5.938204129952658,0.0030849218368530274,1.0
1306,0.5588278228848793,4.411721771151207,0.0030973196029663087,1.0
1307,0.513724562230418,4.86275437769582,0.003027510643005371,1.0
1308,0.557874807122339,4.421251928776611,0.003047537803649902,1.0
1309,0.5111562949748226,4.888437050251774,0.002891826629638672,1.0
1310,0.5456898094027144,4.543101905972856,0.002981877326965332,1.0
1311,0.5307188561179118,4.692811438820881,0.0029313325881958007,1.0
1312,0.5282561825178254,4.717438174821746,0.002566623687744141,1.0
1313,0.34953060748416176,6.504693925158382,0.0025653600692749023,1.0
1314,0.4613509262032004,5.386490737967995,0.0026153564453125,1.0
1315,0.46810653866436996,5.3189346133563005,0.002910304069519043,1.0
1316,0.4147288587380967,5.8527114126190325,0.0026304006576538088,1.0
1317,0.45098770427021695,5.49012295729783,0.0030594825744628905,1.0
1318,0.4568835642472925,5.4311643575270745,0.0029903650283813477,1.0
1319,0.5805938013625191,4.19406198637481,0.003123617172241211,1.0
1320,0.5833467634766321,4.16653236523368,0.0030655860900878906,1.0
1321,0.5605822847305312,4.394177152694687,0.0031164407730102537,1.0
1322,0.5447676645639923,4.552323354360078,0.0026043176651000975,1.0
1323,0.4848194311137176,5.151805688862824,0.002549099922180176,1.0
1324,0.6160561328642735,3.8394386713572652,0.0028843402862548826,1.0
1325,0.5539913271823924,4.460086728176076,0.0029011964797973633,1.0
1326,0.4840760237576635,5.159239762423365,0.0023453950881958006,1.0
1327,0.480727368571719,5.19272631428281,0.0031919240951538085,1.0
1328,0.5733008725588777,4.2669912744112235,0.003064417839050293,1.0
1329,0.6506009559493529,3.49399044050647,0.0031620025634765624,1.0
1330,0.5570322885386634,4.429677114613366,0.002889728546142578,1.0
1331,0.5705084356689014,4.2949156433109845,0.003054976463317871,1.0
1332,0.5562848434796992,4.437151565203009,0.002742147445678711,1.0
1333,0.5178353492601099,4.8216465073989,0.0027634859085083007,1.0
1334,0.4777855826230982,5.222144173769017,0.0027755022048950194,1.0
1335,0.46488555472720794,5.351144452727921,0.0028923988342285157,1.0
1336,0.42258222225594455,5.7741777774405545,0.00262606143951416,1.0
1337,0.5640523508039849,4.359476491960152,0.0031040430068969725,1.0
1338,0.4617271507769858,5.382728492230141,0.002946329116821289,1.0
1339,0.4361093863669355,5.638906136330645,0.0030866146087646486,1.0
1340,0.52328077914463,4.7671922085537,0.002998757362365723,1.0
1341,0.5313837596823061,4.686162403176938,0.002950716018676758,1.0
1342,0.5141475617372401,4.858524382627599,0.0027874231338500975,1.0
1343,0.5129313090241963,4.870686909758037,0.0028278589248657226,1.0
1344,0.5107171225465359,4.892828774534641,0.0028124094009399415,1.0
1345,0.5026966246388758,4.973033753611242,0.002946782112121582,1.0
1346,0.47206514984937736,5.2793485015062265,0.0028173208236694338,1.0
1347,0.47955402818770654,5.204459718122935,0.0032702922821044923,1.0
1348,0.5475179081494367,4.5248209185056325,0.003035449981689453,1.0
1349,0.522604317911705,4.773956820882949,0.002747058868408203,1.0
1350,0.4510554453706872,5.489445546293128,0.0029520511627197264,1.0
1351,0.5347135929627053,4.652864070372947,0.002962660789489746,1.0
1352,0.5536596023065605,4.463403976934393,0.0027983903884887694,1.0
1353,0.5051282858233023,4.948717141766977,0.002864241600036621,1.0
1354,0.5334897666642467,4.665102333357533,0.0026392698287963866,1.0
1355,0.5237185040183728,4.762814959816272,0.002860355377197266,1.0
1356,0.5133907933905162,4.866092066094838,0.0029595136642456056,1.0
1357,0.5422625736489982,4.577374263510019,0.003092193603515625,1.0
1358,0.5126576574035395,4.873423425964605,0.002923440933227539,1.0
1359,0.5387434688353371,4.612565311646629,0.0026973724365234376,1.0
1360,0.5829394265052223,4.170605734947777,0.002841472625732422,1.0
1361,0.48080933302830253,5.191906669716973,0.002921319007873535,1.0
1362,0.4686877408408211,5.313122591591788,0.002946949005126953,1.0
1363,0.48171729475559244,5.1828270524440745,0.0029071569442749023,1.0
1364,0.5884982353165029,4.1150176468349695,0.002567434310913086,1.0
1365,0.5964945904216352,4.035054095783648,0.003021097183227539,1.0
1366,0.5752040481842645,4.247959518157354,0.0029448509216308595,1.0
1367,0.547309173874773,4.52690826125227,0.003160905838012695,1.0
1368,0.4916126044333168,5.0838739556668315,0.002983832359313965,1.0
1369,0.5308028269521432,4.691971730478567,0.0030631780624389648,1.0
1370,0.504330328747363,4.9566967125263695,0.0030183792114257812,1.0
1371,0.5477298442279339,4.52270155772066,0.0030524015426635744,1.0
1372,0.5175770835003586,4.824229164996414,0.0025554180145263674,1.0
1373,0.5295002052552424,4.704997947447575,0.002768278121948242,1.0
1374,0.5855330325751644,4.144669674248357,0.0028188467025756837,1.0
1375,0.4897239644145782,5.102760355854218,0.0028418302536010742,1.0
1376,0.5270214234734937,4.7297857652650634,0.002885603904724121,1.0
1377,0.5154746374488957,4.8452536255110426,0.0030100107192993163,1.0
1378,0.4833131138428537,5.166868861571463,0.0029108285903930663,1.0
1379,0.5546498449166739,4.453501550833261,0.002979087829589844,1.0
1380,0.5750313246529729,4.24968675347027,0.003071308135986328,1.0
1381,0.5620762211945276,4.3792377880547235,0.0029668092727661135,1.0
1382,0.5186046848089281,4.813953151910719,0.002956104278564453,1.0
1383,0.5132970381709733,4.867029618290267,0.002816510200500488,1.0
1384,0.5378893605190298,4.621106394809702,0.002605128288269043,1.0
1385,0.562961486988366,4.37038513011634,0.002884387969970703,1.0
1386,0.5598926952190413,4.401073047809588,0.003005647659301758,1.0
1387,0.5105953878142058,4.894046121857942,0.0032048702239990236,1.0
1388,0.5264012910733954,4.735987089266046,0.0030575037002563477,1.0
1389,0.5643046760543851,4.35695323945615,0.0032548427581787108,1.0
1390,0.4984101408753319,5.01589859124668,0.002892947196960449,1.0
1391,0.4275622583953334,5.724377416046665,0.00298764705657959,1.0
1392,0.49542758412616605,5.04572415873834,0.0027246713638305665,1.0
1393,0.5429369142902315,4.570630857097685,0.0027245521545410157,1.0
1394,0.5379732628819014,4.620267371180985,0.0028002023696899413,1.0
1395,0.5551474887659708,4.448525112340293,0.0028036355972290037,1.0
1396,0.5505503083875438,4.494496916124562,0.002872800827026367,1.0
1397,0.5074725275184628,4.925274724815371,0.003151988983154297,1.0
1398,0.5771186599369869,4.2288134006301314,0.0030089616775512695,1.0
1399,0.5369173116091799,4.630826883908201,0.002800250053405762,1.0
1400,0.4900551516292115,5.099448483707884,0.0030303716659545897,1.0
1401,0.5767109592132802,4.232890407867197,0.00296628475189209,1.0
1402,0.4771396832592436,5.228603167407565,0.0028761863708496095,1.0
1403,0.4760814422800596,5.239185577199405,0.002874016761779785,1.0
1404,0.5157843040866882,4.842156959133117,0.002896761894226074,1.0
1405,0.5226319153367541,4.77368084663246,0.0030681610107421873,1.0
1406,0.5547752739221252,4.452247260778749,0.0031400680541992187,1.0
1407,0.5157913636861486,4.842086363138513,0.003194165229797363,1.0
1408,0.532888709645706,4.671112903542939,0.0030612945556640625,1.0
1409,0.49708380996866863,5.029161900313314,0.00302271842956543,1.0
1410,0.5014139611518177,4.985860388481823,0.002874612808227539,1.0
1411,0.5550685614265093,4.449314385734907,0.0029151201248168944,1.0
1412,0.5196543252863786,4.803456747136214,0.002713441848754883,1.0
1413,0.4960331520092612,5.039668479907388,0.002817678451538086,1.0
1414,0.5482200657590945,4.517799342409054,0.002909207344055176,1.0
1415,0.5834481793576314,4.165518206423686,0.0028779983520507814,1.0
1416,0.5185613208799941,4.814386791200059,0.0028953790664672852,1.0
1417,0.48363339694793617,5.1636660305206386,0.0030434131622314453,1.0
1418,0.5225826289677448,4.774173710322551,0.002907729148864746,1.0
1419,0.4925671266964741,5.074328733035257,0.002898883819580078,1.0
1420,0.5559943776082158,4.440056223917841,0.0030298709869384767,1.0
1421,0.5935894464951025,4.0641055350489745,0.0029889583587646485,1.0
1422,0.5084395545723979,4.915604454276021,0.0029835224151611326,1.0
1423,0.5605867205591799,4.3941327944082,0.002883458137512207,1.0
1424,0.5088962730698008,4.911037269301993,0.0028553247451782227,1.0
1425,0.51360875039055,4.8639124960945,0.0025790929794311523,1.0
1426,0.6031249801129167,3.9687501988708327,0.002880978584289551,1.0
1427,0.5675414303196209,4.324585696803791,0.003037834167480469,1.0
1428,0.4677628874349276,5.322371125650724,0.0028917551040649413,1.0
1429,0.47544115922845,5.2455884077155,0.0030708074569702148,1.0
1430,0.5058627298472891,4.94137270152711,0.0029409646987915037,1.0
1431,0.5375589843539743,4.6244101564602555,0.0029113054275512694,1.0
1432,0.5424112080884256,4.575887919115744,0.0028033733367919924,1.0
1433,0.3966332960159915,6.0336670398400845,0.0027772188186645508,1.0
1434,0.4606562307674122,5.393437692325877,0.0028220176696777343,1.0
1435,0.40501389409973576,5.449861059002643,0.0025354623794555664,1.0
1436,0.526143718405731,4.738562815942691,0.0024984121322631837,1.0
1437,0.6058931554666864,3.941068445333135,0.0030458688735961912,1.0
1438,0.5349837461957286,4.6501625380427125,0.003084683418273926,1.0
1439,0.5338240367709103,4.661759632290897,0.002988743782043457,1.0
1440,0.4183138186543607,5.816861813456393,0.0030404806137084963,1.0
1441,0.3898021057538278,6.101978942461722,0.002925395965576172,1.0
1442,0.3983862319767223,6.016137680232776,0.0025945663452148437,1.0
1443,0.515814126328692,4.841858736713079,0.0028007030487060547,1.0
1444,0.5233681847368391,4.766318152631608,0.002837395668029785,1.0
1445,0.531073749647072,4.689262503529281,0.0028347015380859376,1.0
1446,0.5131175347933123,4.868824652066876,0.0029188871383666994,1.0
1447,0.5633161374513961,4.3668386254860385,0.0031404018402099608,1.0
1448,0.5841043592969752,4.158956407030248,0.0030317783355712892,1.0
1449,0.49361501104725986,5.0638498895274,0.003054094314575195,1.0
1450,0.40890037402870744,5.910996259712925,0.0028970003128051757,1.0
1451,0.5123767738595508,4.876232261404491,0.0029192447662353517,1.0
1452,0.5515389238940837,4.484610761059163,0.002750205993652344,1.0
1453,0.5380455305121591,4.6195446948784085,0.0027417421340942385,1.0
1454,0.5306985252733536,4.6930147472664645,0.0029819965362548827,1.0
1455,0.5000525686197232,4.999474313802768,0.0028333425521850585,1.0
1456,0.4399022056057828,5.600977943942171,0.0028415679931640624,1.0
1457,0.528494294725508,4.715057052744919,0.0027271270751953124,1.0
1458,0.544807349025017,4.551926509749829,0.0030048131942749024,1.0
1459,0.5685660090342718,4.314339909657282,0.0029143810272216795,1.0
1460,0.6012690245823671,3.9873097541763287,0.002902650833129883,1.0
1461,0.5182833688471826,4.817166311528174,0.002834129333496094,1.0
1462,0.4397230260202023,5.602769739797977,0.0028933286666870117,1.0
1463,0.468349254815962,5.316507451840379,0.0028124332427978517,1.0
1464,0.49061132816901837,5.093886718309816,0.0029496669769287108,1.0
1465,0.526580435635513,4.7341956436448696,0.0029540777206420897,1.0
1466,0.5012835002642504,4.987164997357497,0.002977609634399414,1.0
1467,0.5367014743891491,4.632985256108507,0.0030309200286865235,1.0
1468,0.5535766676869882,4.464233323130118,0.0027538299560546874,1.0
1469,0.5482628278116745,4.517371721883256,0.003039121627807617,1.0
1470,0.4937302324717704,5.062697675282296,0.0029911041259765626,1.0
1471,0.5242768539592845,4.757231460407153,0.00309450626373291,1.0
1472,0.560559152837362,4.39440847162638,0.0029778242111206054,1.0
1473,0.5054006935478539,4.945993064521462,0.0029407024383544924,1.0
1474,0.5767596410595963,4.232403589404037,0.0028339624404907227,1.0
1475,0.5048488336273212,4.951511663726786,0.002893233299255371,1.0
1476,0.4536975970569774,5.463024029430227,0.002796792984008789,1.0
1477,0.5198321982313695,4.801678017686305,0.0030210733413696287,1.0
1478,0.52768996439914,4.723100356008599,0.003003978729248047,1.0
1479,0.6097426034848115,3.902573965151885,0.0029325485229492188,1.0
1480,0.5406994351870968,4.593005648129031,0.00304257869720459,1.0
1481,0.4676605002834737,5.323394997165262,0.0028935909271240235,1.0
1482,0.4038813979836492,5.961186020163507,0.003004145622253418,1.0
1483,0.4932566488947148,5.067433511052852,0.002927136421203613,1.0
1484,0.5999057112077131,4.00094288792287,0.00293116569519043,1.0
1485,0.5755788934912769,4.24421106508723,0.003006577491760254,1.0
1486,0.5058117652736887,4.941882347263112,0.0028664112091064454,1.0
1487,0.4703178591156161,5.296821408843838,0.003120565414428711,1.0
1488,0.49907373302646346,5.009262669735366,0.003103756904602051,1.0
1489,0.44050814157573265,5.594918584242673,0.0032309770584106447,1.0
1490,0.5106886150313745,4.893113849686256,0.003082013130187988,1.0
1491,0.478203774951057,5.21796225048943,0.003015613555908203,1.0
1492,0.5413962359315931,4.5860376406840695,0.0028084754943847657,1.0
1493,0.6053171357276095,3.946828642723905,0.0027895212173461915,1.0
1494,0.6033239295429687,3.966760704570312,0.0027977943420410155,1.0
1495,0.5640479219913943,4.359520780086057,0.002812623977661133,1.0
1496,0.568686835245308,4.3131316475469195,0.002785658836364746,1.0
1497,0.5802331174921496,4.1976688250785035,0.003240537643432617,1.0
1498,0.5235243636101143,4.764756363898857,0.0030139923095703126,1.0
1499,0.5691916062235605,4.308083937764395,0.0028985261917114256,1.0
1500,0.5322341973110469,4.677658026889531,0.0029313087463378905,1.0
1501,0.513822418754899,4.861775812451009,0.0028446435928344725,1.0
1502,0.44151225564644286,5.58487744353557,0.00285184383392334,1.0
1503,0.5473953045750208,4.526046954249789,0.0028241872787475586,1.0
1504,0.5793655083323582,4.206344916676417,0.0030228853225708007,1.0
1505,0.5220631011732817,4.779368988267183,0.003014278411865234,1.0
1506,0.5004072078813915,4.995927921186085,0.003092360496520996,1.0
1507,0.5252967939543841,4.747032060456158,0.003259897232055664,1.0
1508,0.5567905419285362,4.432094580714638,0.0031717538833618162,1.0
1509,0.5456436204894518,4.543563795105483,0.003164362907409668,1.0
1510,0.5362813929214858,4.637186070785142,0.0029962539672851564,1.0
1511,0.5456084205488962,4.5439157945110376,0.0030042171478271485,1.0
1512,0.43451345104096256,5.654865489590374,0.0028204917907714844,1.0
1513,0.431098730263224,5.68901269736776,0.002890777587890625,1.0
1514,0.5209457794743793,4.790542205256206,0.002916908264160156,1.0
1515,0.5157449289593845,4.842550710406153,0.00282902717590332,1.0
1516,0.519326201987935,4.80673798012065,0.0029527902603149413,1.0
1517,0.5530074510184277,4.469925489815722,0.0029735326766967773,1.0
1518,0.4944503471399754,5.055496528600246,0.0029224157333374023,1.0
1519,0.46698006935136666,5.3301993064863336,0.002884173393249512,1.0
1520,0.5182246522463924,4.817753477536077,0.0027634859085083007,1.0
1521,0.524329147324434,4.75670852675566,0.0029851913452148436,1.0
1522,0.5612591516842933,4.387408483157067,0.0028480052947998046,1.0
1523,0.5497179012275049,4.502820987724951,0.0029691457748413086,1.0
1524,0.5557134911209879,4.442865088790121,0.0029200315475463867,1.0
1525,0.4538675964791562,5.4613240352084365,0.002899622917175293,1.0
1526,0.5559220423490612,4.440779576509387,0.0028717756271362306,1.0
1527,0.521065580783562,4.78934419216438,0.003130531311035156,1.0
1528,0.5388046298013814,4.611953701986185,0.003039264678955078,1.0
1529,0.4552076806305919,5.447923193694081,0.002769660949707031,1.0
1530,0.48772302333879136,5.122769766612087,0.0031262874603271485,1.0
1531,0.4659895628195283,5.340104371804716,0.0032149314880371093,1.0
1532,0.5084599947272751,4.915400052727248,0.003034663200378418,1.0
1533,0.5269544099324067,4.730455900675933,0.0028896331787109375,1.0
1534,0.5418172535057163,4.581827464942837,0.0030159711837768554,1.0
1535,0.497094874759744,5.029051252402559,0.002898836135864258,1.0
1536,0.4890673387239615,5.109326612760384,0.0029809236526489257,1.0
1537,0.5572923929209421,4.427076070790578,0.002943897247314453,1.0
1538,0.4587502594619021,5.412497405380978,0.002918577194213867,1.0
1539,0.5213961978521727,4.786038021478273,0.0029476404190063475,1.0
1540,0.5614038879049791,4.385961120950208,0.0028578996658325194,1.0
1541,0.5866775566470148,4.133224433529852,0.0028464555740356444,1.0
1542,0.4940250059538071,5.059749940461929,0.002833724021911621,1.0
1543,0.4871821685659635,5.1281783143403645,0.002798128128051758,1.0
1544,0.49107237532741976,5.089276246725802,0.0027384519577026366,1.0
1545,0.5168140917779331,4.831859082220667,0.0028163433074951173,1.0
1546,0.5381773289883242,4.618226710116758,0.002897024154663086,1.0
1547,0.537343875371086,4.62656124628914,0.0029221057891845705,1.0
1548,0.5720191841050036,4.2798081589499635,0.0031507015228271484,1.0
1549,0.5069698380893803,4.930301619106197,0.0032299518585205077,1.0
1550,0.5528253158527382,4.471746841472618,0.0030909299850463865,1.0
1551,0.5919384521863155,4.080615478136845,0.003143310546875,1.0
1552,0.5126089376204968,4.873910623795032,0.0029305934906005858,1.0
1553,0.5557313192626203,4.442686807373796,0.002886319160461426,1.0
1554,0.5433083948649761,4.56691605135024,0.0030123710632324217,1.0
1555,0.47153573006697425,5.2846426993302575,0.0028609752655029295,1.0
1556,0.47119505675336376,5.288049432466361,0.003030276298522949,1.0
1557,0.5050503745083217,4.949496254916783,0.002930474281311035,1.0
1558,0.4583416170036938,5.416583829963062,0.002641749382019043,1.0
1559,0.5567338199328946,4.432661800671054,0.0028494119644165037,1.0
1560,0.5174734930038513,4.825265069961487,0.002864694595336914,1.0
1561,0.4579890079560055,5.420109920439945,0.0027515411376953123,1.0
1562,0.5005685911897263,4.994314088102736,0.0027774810791015626,1.0
1563,0.5039157816095278,4.960842183904722,0.002841663360595703,1.0
1564,0.5878044811854655,4.121955188145346,0.0028805971145629884,1.0
1565,0.5646275189509486,4.353724810490512,0.0029419898986816407,1.0
1566,0.5917058517488576,4.0829414825114245,0.002990913391113281,1.0
1567,0.5462656415496508,4.537343584503491,0.003134608268737793,1.0
1568,0.5076385561300369,4.923614438699631,0.003166604042053223,1.0
1569,0.4766109672263584,5.233890327736416,0.003036165237426758,1.0
1570,0.5199931130430138,4.800068869569863,0.0027286767959594726,1.0
1571,0.5916096675338399,4.083903324661603,0.003158307075500488,1.0
1572,0.5012655010967724,4.987344989032277,0.0030711889266967773,1.0
1573,0.5336278048707096,4.663721951292905,0.002938508987426758,1.0
1574,0.5184726034249739,4.81527396575026,0.002960491180419922,1.0
1575,0.5467326108612307,4.532673891387692,0.002818751335144043,1.0
1576,0.5659986712130145,4.340013287869853,0.0028775691986083984,1.0
1577,0.5652106154032256,4.347893845967744,0.002904653549194336,1.0
1578,0.49331604055699707,5.06683959443003,0.0028479576110839845,1.0
1579,0.5187313500505635,4.812686499494366,0.0029211521148681642,1.0
1580,0.4546297528031123,5.453702471968876,0.002858257293701172,1.0
1581,0.5727070679212042,4.2729293207879575,0.002870774269104004,1.0
1582,0.4909028927462599,5.090971072537401,0.0028740644454956056,1.0
1583,0.5359846742154476,4.640153257845524,0.0029733657836914064,1.0
1584,0.49535007106532036,5.046499289346796,0.002829575538635254,1.0
1585,0.48314438651470526,5.168556134852947,0.002871847152709961,1.0
1586,0.4732677201491532,5.267322798508468,0.0025051116943359377,1.0
1587,0.5454502315592351,4.545497684407649,0.0030106544494628907,1.0
1588,0.5510516185387809,4.489483814612192,0.0031209707260131834,1.0
1589,0.5096793173653777,4.9032068263462225,0.0030435800552368166,1.0
1590,0.48662943599950703,5.133705640004931,0.0030672550201416016,1.0
1591,0.39853242781034576,6.014675721896542,0.0030421972274780273,1.0
1592,0.5462003655891088,4.537996344108912,0.002987194061279297,1.0
1593,0.5891158317772996,4.108841682227004,0.0028374433517456056,1.0
1594,0.48619546196912883,5.138045380308712,0.0030599117279052736,1.0
1595,0.5867278637612001,4.132721362387997,0.002980470657348633,1.0
1596,0.5497410345282951,4.502589654717047,0.002954554557800293,1.0
1597,0.5480473098780361,4.519526901219639,0.0027105093002319338,1.0
1598,0.5143745793817933,4.856254206182067,0.002991342544555664,1.0
1599,0.49522486020464845,5.047751397953515,0.0029458522796630858,1.0
1600,0.4978333355652955,5.021666644347045,0.00292813777923584,1.0
1601,0.49597294109479195,5.04027058905208,0.0027707576751708984,1.0
1602,0.41189562663883955,5.881043733611604,0.0029214143753051756,1.0
1603,0.5205738948743452,4.794261051256546,0.002852988243103027,1.0
1604,0.5354781434810846,4.645218565189155,0.0028854131698608397,1.0
1605,0.4459779716853934,5.540220283146065,0.002868843078613281,1.0
1606,0.5045970658751502,4.954029341248498,0.002850198745727539,1.0
1607,0.5052743532520456,4.947256467479544,0.003038167953491211,1.0
1608,0.541032193050087,4.589678069499131,0.003011631965637207,1.0
1609,0.5646283912283335,4.3537160877166645,0.002980947494506836,1.0
1610,0.5946675741620219,4.053324258379781,0.003008103370666504,1.0
1611,0.5435090105665759,4.564909894334241,0.0030523300170898437,1.0
1612,0.5119018189612976,4.880981810387023,0.0029439210891723635,1.0
1613,0.5504825944735794,4.495174055264206,0.0028639793395996093,1.0
1614,0.4701761158276024,5.298238841723976,0.003104758262634277,1.0
1615,0.5229947975757222,4.770052024242778,0.0030621051788330077,1.0
1616,0.5330626786508825,4.669373213491175,0.0030464410781860353,1.0
1617,0.556452045659097,4.435479543409029,0.003141975402832031,1.0
1618,0.559963728058231,4.40036271941769,0.0030078649520874023,1.0
1619,0.5411595007325662,4.588404992674339,0.0028821706771850588,1.0
1620,0.5480429449317941,4.519570550682059,0.0028767108917236326,1.0
1621,0.5367914391904585,4.632085608095418,0.0028811931610107423,1.0
1622,0.5206160312804838,4.793839687195161,0.0029787063598632813,1.0
1623,0.5224378184193006,4.775621815806994,0.002876472473144531,1.0
1624,0.5368137746388981,4.631862253611018,0.0028362512588500977,1.0
1625,0.5181361444022881,4.8186385559771185,0.0028667449951171875,1.0
1626,0.5165404565540139,4.834595434459862,0.0027460575103759764,1.0
1627,0.558120876814707,4.418791231852929,0.0029900789260864256,1.0
1628,0.5559672361676722,4.440327638323277,0.0029668569564819335,1.0
1629,0.5659506303667422,4.340493696332577,0.0029468536376953125,1.0
1630,0.5946705387631172,4.053294612368829,0.0030026674270629884,1.0
1631,0.607020436651494,3.9297956334850603,0.0030921459197998046,1.0
1632,0.621703647806223,3.78296352193777,0.003009796142578125,1.0
1633,0.5555635682251199,4.444364317748802,0.0029671192169189453,1.0
1634,0.5290765321429609,4.709234678570391,0.0030867338180541994,1.0
1635,0.5569337769138482,4.430662230861517,0.0030463695526123046,1.0
1636,0.48999822211210875,5.100017778878913,0.002695155143737793,1.0
1637,0.48536808061785097,5.146319193821491,0.003128814697265625,1.0
1638,0.47449425293115344,5.255057470688466,0.0030777454376220703,1.0
1639,0.5070883922400389,4.929116077599611,0.002946305274963379,1.0
1640,0.46267586801968597,5.373241319803141,0.002828240394592285,1.0
1641,0.3944093156412116,6.0559068435878824,0.00254206657409668,1.0
1642,0.5841030911967505,4.158969088032495,0.002952170372009277,1.0
1643,0.4611516788793509,5.388483211206491,0.002790975570678711,1.0
1644,0.41988529836790056,5.801147016320995,0.002798032760620117,1.0
1645,0.5043766234244038,4.956233765755963,0.002782607078552246,1.0
1646,0.592729464016841,4.072705359831589,0.0027443408966064454,1.0
1647,0.5928696913731109,4.071303086268892,0.0028528690338134764,1.0
1648,0.5061904061842766,4.938095938157235,0.0031023025512695312,1.0
1649,0.4813489949898785,5.186510050101214,0.0026974201202392576,1.0
1650,0.5835059342024465,4.164940657975535,0.0031734466552734374,1.0
1651,0.5385534281407997,4.614465718592003,0.0029848337173461912,1.0
1652,0.5054287728848909,4.945712271151091,0.0031845808029174806,1.0
1653,0.4853122605964805,5.146877394035195,0.00286250114440918,1.0
1654,0.4881857489641123,5.118142510358877,0.003063821792602539,1.0
1655,0.47660092925572045,5.233990707442795,0.003017139434814453,1.0
1656,0.4746749453624739,5.253250546375261,0.003128385543823242,1.0
1657,0.5454145690426733,4.545854309573268,0.002940869331359863,1.0
1658,0.44873892477559235,5.5126107522440755,0.0030348539352416993,1.0
1659,0.482746870924441,5.17253129075559,0.002852606773376465,1.0
1660,0.5134240101609471,4.86575989839053,0.00281524658203125,1.0
1661,0.5501474195399243,4.498525804600757,0.0027410268783569338,1.0
1662,0.45438212219748425,5.456178778025157,0.002801990509033203,1.0
1663,0.5318898633901522,4.681101366098477,0.0028295040130615233,1.0
1664,0.4802280409643407,5.197719590356591,0.0029062747955322264,1.0
1665,0.5228182898045156,4.771817101954843,0.0028899669647216796,1.0
1666,0.47919979889813913,5.208002011018609,0.0029250144958496093,1.0
1667,0.45124736825730266,5.4875263174269735,0.0029903650283813477,1.0
1668,0.4406662852972662,5.593337147027338,0.0030249595642089845,1.0
1669,0.4199076491513285,5.800923508486714,0.0029467344284057617,1.0
1670,0.4864124073305424,5.135875926694576,0.00317080020904541,1.0
1671,0.4774365586369863,5.225634413630136,0.003014945983886719,1.0
1672,0.46867717703258355,5.313228229674165,0.0028888940811157226,1.0
1673,0.5103679474909031,4.896320525090969,0.002923440933227539,1.0
1674,0.4883280547824178,5.116719452175821,0.0032413959503173827,1.0
1675,0.5259538552090041,4.74046144790996,0.0028905153274536135,1.0
1676,0.4815409004909477,5.184590995090523,0.003026390075683594,1.0
1677,0.5613845132559753,4.386154867440246,0.00280609130859375,1.0
1678,0.521017529136988,4.789824708630119,0.002941417694091797,1.0
1679,0.5447798365209823,4.552201634790178,0.0028136491775512694,1.0
1680,0.5293836084149853,4.706163915850146,0.0027647018432617188,1.0
1681,0.5223729774826507,4.776270225173494,0.002848982810974121,1.0
1682,0.4673091261802398,5.3269087381976,0.0028571844100952148,1.0
1683,0.494836113544556,5.051638864554439,0.002729034423828125,1.0
1684,0.543997022511154,4.560029774888461,0.002931809425354004,1.0
1685,0.538402524055918,4.61597475944082,0.0028749704360961914,1.0
1686,0.4704750435920035,5.295249564079964,0.0028554916381835936,1.0
1687,0.49650520928886993,5.0349479071113,0.0029754400253295898,1.0
1688,0.5260520501602178,4.739479498397822,0.0031191110610961914,1.0
1689,0.5586815122267208,4.413184877732791,0.00302426815032959,1.0
1690,0.5578739712879071,4.42126028712093,0.003146529197692871,1.0
1691,0.554730711818743,4.4526928818125695,0.002661728858947754,1.0
1692,0.622491714433813,3.775082855661869,0.003023242950439453,1.0
1693,0.5008510996527472,4.491489003472528,0.0026976346969604494,1.0
1694,0.5094050184838899,4.905949815161101,0.0030991792678833007,1.0
1695,0.5729373177991093,4.270626822008906,0.0026404142379760744,1.0
1696,0.5240297670028772,4.759702329971228,0.0029957771301269533,1.0
1697,0.5490582572307943,4.509417427692058,0.0029665231704711914,1.0
1698,0.5703223144717984,4.296776855282017,0.0030042171478271485,1.0
1699,0.5390439538850165,4.609560461149836,0.0029316186904907227,1.0
1700,0.5242357660472757,4.757642339527242,0.0028975725173950194,1.0
1701,0.5517958602188546,4.482041397811453,0.0029105901718139648,1.0
1702,0.5306465564477859,4.693534435522141,0.0027920007705688477,1.0
1703,0.5543724552340491,4.456275447659509,0.002771925926208496,1.0
1704,0.5461143712880114,4.538856287119886,0.002779054641723633,1.0
1705,0.4926885477944286,5.073114522055713,0.002835512161254883,1.0
1706,0.505210085910998,4.94789914089002,0.0028222322463989256,1.0
1707,0.4344873324132282,5.655126675867718,0.002960681915283203,1.0
1708,0.4945188545684913,5.054811454315088,0.002948617935180664,1.0
1709,0.47833946990215565,5.2166053009784425,0.0029753684997558595,1.0
1710,0.5182900581378955,4.817099418621045,0.0029850244522094727,1.0
1711,0.5118322920535452,4.881677079464548,0.002912092208862305,1.0
1712,0.5787666904217731,4.212333095782268,0.003138303756713867,1.0
1713,0.4848642522180754,5.151357477819246,0.0024474382400512694,1.0
1714,0.550952536603905,4.490474633960949,0.0033162117004394533,1.0
1715,0.5870555845026997,4.129444154973003,0.00289459228515625,1.0
1716,0.5948633785864985,4.051366214135015,0.0030531883239746094,1.0
1717,0.4666225057990654,5.333774942009346,0.0030819177627563477,1.0
1718,0.48696598791636997,5.1303401208362995,0.0029865503311157227,1.0
1719,0.4344307541441868,5.655692458558131,0.002891254425048828,1.0
1720,0.5346997561057661,4.6530024389423374,0.0028303384780883787,1.0
1721,0.5062242812478529,4.93775718752147,0.0029224157333374023,1.0
1722,0.507480002956388,4.92519997043612,0.002790069580078125,1.0
1723,0.5019565291142069,4.98043470885793,0.002894425392150879,1.0
1724,0.49407898127737226,5.0592101872262765,0.0027304172515869142,1.0
1725,0.5943508960200107,4.056491039799893,0.002755904197692871,1.0
1726,0.4262543269459657,5.737456730540342,0.002708125114440918,1.0
1727,0.6280083369505475,3.7199166304945246,0.0027683019638061524,1.0
1728,0.5831594854800082,4.168405145199918,0.002872729301452637,1.0
1729,0.5558393798853352,4.441606201146648,0.0029106855392456053,1.0
1730,0.48215628398238086,5.178437160176191,0.00303194522857666,1.0
1731,0.47424931864088105,5.257506813591189,0.0027298688888549804,1.0
1732,0.5260379488830573,4.739620511169427,0.0031050443649291992,1.0
1733,0.5125669849606336,4.8743301503936625,0.0033236265182495115,1.0
1734,0.5164271888894909,4.835728111105092,0.0031488418579101564,1.0
1735,0.3951092907681238,6.048907092318762,0.003222823143005371,1.0
1736,0.3828647625017308,6.171352374982693,0.0030567169189453123,1.0
1737,0.4762137329657435,5.237862670342565,0.0029909610748291016,1.0
1738,0.5050627965436292,4.9493720345637096,0.003088068962097168,1.0
1739,0.5023862503147449,4.97613749685255,0.002639627456665039,1.0
1740,0.4651196638270343,5.348803361729656,0.0029244422912597656,1.0
1741,0.5462196580592692,4.537803419407309,0.0028510332107543946,1.0
1742,0.5785889707787735,4.214110292212264,0.0027797937393188475,1.0
1743,0.45287535507195986,5.4712464492804,0.002827954292297363,1.0
1744,0.5482624928015256,4.517375071984743,0.0027086734771728516,1.0
1745,0.5959548176766643,4.040451823233356,0.002710890769958496,1.0
1746,0.5464448881618018,4.535551118381981,0.0027109622955322266,1.0
1747,0.5422542070049793,4.577457929950208,0.0028109073638916014,1.0
1748,0.5550704648502524,4.449295351497477,0.0029015302658081054,1.0
1749,0.47249867363480436,5.275013263651957,0.003026580810546875,1.0
1750,0.4742918228381939,5.2570817716180605,0.0030185222625732423,1.0
1751,0.500860478359871,4.99139521640129,0.0030658721923828127,1.0
1752,0.4940493818829335,5.059506181170664,0.003035759925842285,1.0
1753,0.40917043728443403,5.908295627155661,0.0032785654067993162,1.0
1754,0.5104554895935257,4.895445104064743,0.0031097888946533202,1.0
1755,0.5096296738164345,4.903703261835655,0.0032938718795776367,1.0
1756,0.4997492610121868,5.002507389878131,0.003127384185791016,1.0
1757,0.5050048606839825,4.949951393160175,0.0031317949295043947,1.0
1758,0.5070371357143346,4.929628642856653,0.0030280590057373048,1.0
1759,0.4807955234423658,5.192044765576341,0.002950763702392578,1.0
1760,0.5607004772178776,4.392995227821223,0.0024882793426513673,1.0
1761,0.6019506797815801,3.9804932021841983,0.002889418601989746,1.0
1762,0.534867839558827,4.651321604411729,0.0028081893920898437,1.0
1763,0.4917736936041484,5.082263063958516,0.0029188156127929687,1.0
1764,0.554177412228176,4.45822587771824,0.002746891975402832,1.0
1765,0.5681089357591402,4.318910642408596,0.0029296159744262697,1.0
1766,0.541839610288446,4.5816038971155395,0.0027858972549438476,1.0
1767,0.5535169254206964,4.464830745793035,0.0029296636581420898,1.0
1768,0.47690726832676383,5.230927316732361,0.0026358604431152345,1.0
1769,0.44986785790787315,5.501321420921268,0.002757573127746582,1.0
1770,0.43128850713574945,5.687114928642505,0.002870798110961914,1.0
1771,0.5039587087043733,4.960412912956266,0.002737140655517578,1.0
1772,0.5012302159576085,4.987697840423914,0.0029187440872192384,1.0
1773,0.41360172526589334,5.863982747341066,0.0032118082046508787,1.0
1774,0.4146238925117074,5.853761074882925,0.0031385421752929688,1.0
1775,0.43203741442637844,5.679625855736215,0.003113412857055664,1.0
1776,0.490419617914754,5.09580382085246,0.0030677318572998047,1.0
1777,0.5741342568350714,4.258657431649286,0.0030088901519775392,1.0
1778,0.570030274786826,4.2996972521317405,0.0029335737228393553,1.0
1779,0.5484877827418753,4.515122172581247,0.002850651741027832,1.0
1780,0.48429587112726474,5.157041288727353,0.002886843681335449,1.0
1781,0.4188114715271302,5.811885284728697,0.0026491403579711912,1.0
1782,0.4406459499747072,5.593540500252927,0.0030230045318603515,1.0
1783,0.4289406697452563,5.710593302547437,0.0023297548294067385,1.0
1784,0.49671524456648114,5.032847554335189,0.0028833866119384764,1.0
1785,0.554344715515825,4.45655284484175,0.0028148889541625977,1.0
1786,0.48827823467769227,5.117217653223078,0.0028576374053955076,1.0
1787,0.5104334266041772,4.895665733958227,0.0028151750564575197,1.0
1788,0.5803471767867673,4.196528232132328,0.002842354774475098,1.0
1789,0.5469642031206025,4.530357968793974,0.0030531883239746094,1.0
1790,0.4977514374217984,5.022485625782016,0.002947235107421875,1.0
1791,0.558220138813455,4.41779861186545,0.002931976318359375,1.0
1792,0.5735623447744267,4.264376552255732,0.003020977973937988,1.0
1793,0.5580645903638007,4.4193540963619915,0.002973031997680664,1.0
1794,0.5041322455712967,4.958677544287034,0.0031805515289306642,1.0
1795,0.5032292551363126,4.967707448636874,0.00309445858001709,1.0
1796,0.4876262929289846,5.123737070710154,0.0030406713485717773,1.0
1797,0.561790902407227,4.382090975927731,0.0029803991317749025,1.0
1798,0.5353727806347363,4.646272193652638,0.002988886833190918,1.0
1799,0.5283962263019464,4.716037736980535,0.003026723861694336,1.0
1800,0.6087297057244967,3.9127029427550335,0.002946758270263672,1.0
1801,0.5478368804503426,4.521631195496574,0.0030303239822387696,1.0
1802,0.5506682221206803,4.4933177787931955,0.002889537811279297,1.0
1803,0.4430414494357091,5.569585505642909,0.0029485225677490234,1.0
1804,0.464573421444164,5.3542657855583595,0.002840089797973633,1.0
1805,0.4898551942844259,5.101448057155741,0.0029036283493041994,1.0
1806,0.49195062395772887,5.080493760422711,0.0029155254364013673,1.0
1807,0.4441865500856654,5.558134499143346,0.0029012680053710936,1.0
1808,0.5218716623635068,4.781283376364931,0.0028829574584960938,1.0
1809,0.5434139027884447,4.565860972115553,0.002881956100463867,1.0
1810,0.4868307405576471,5.131692594423529,0.0029096364974975585,1.0
1811,0.4868875403659474,5.131124596340526,0.002779221534729004,1.0
1812,0.4955965919319554,5.044034080680445,0.0026700496673583984,1.0
1813,0.5049954092502472,4.950045907497527,0.002925562858581543,1.0
1814,0.5597073693290746,4.402926306709254,0.003195381164550781,1.0
1815,0.550733406221354,4.492665937786461,0.0031826257705688476,1.0
1816,0.49869974153348434,5.0130025846651565,0.002840876579284668,1.0
1817,0.5311854461748542,4.688145538251457,0.003049206733703613,1.0
1818,0.5132248844154254,4.867751155845745,0.0029470443725585936,1.0
1819,0.5269016890482662,4.730983109517338,0.0029772520065307617,1.0
1820,0.5565616208316738,4.434383791683262,0.0028508663177490234,1.0
1821,0.5374074762665025,4.6259252373349735,0.0029845952987670897,1.0
1822,0.49515098182918943,5.048490181708105,0.002953243255615234,1.0
1823,0.5594543781138428,4.405456218861572,0.002943110466003418,1.0
1824,0.4981830256021345,5.018169743978655,0.0029611587524414062,1.0
1825,0.6016756950319518,3.983243049680482,0.002549433708190918,1.0
1826,0.48573382353770106,5.142661764622989,0.0030303716659545897,1.0
1827,0.5441249403380184,4.5587505966198165,0.00282895565032959,1.0
1828,0.5650212778843996,4.349787221156002,0.0028522253036499024,1.0
1829,0.469813715501825,5.301862844981749,0.0028374195098876953,1.0
1830,0.4476248384294978,5.523751615705022,0.0026365995407104494,1.0
1831,0.46593096052922994,5.340690394707702,0.0027776241302490236,1.0
1832,0.42865555329483457,5.713444467051653,0.0030495166778564454,1.0
1833,0.5563024738300445,4.436975261699554,0.0030446290969848634,1.0
1834,0.5480291279742442,4.519708720257559,0.003166055679321289,1.0
1835,0.5106929195493329,4.89307080450667,0.003118562698364258,1.0
1836,0.533774551514734,4.66225448485266,0.0031814813613891602,1.0
1837,0.49065062790829594,5.09349372091704,0.0028497934341430663,1.0
1838,0.5398800046782225,4.601199953217775,0.0030405521392822266,1.0
1839,0.5651148056353337,4.348851943646663,0.0027486324310302735,1.0
1840,0.5602237973346765,4.397762026653234,0.0029707908630371093,1.0
1841,0.572414902571726,4.275850974282739,0.002996349334716797,1.0
1842,0.6258989564941378,3.741010435058622,0.0030982255935668944,1.0
1843,0.5527689083956024,4.472310916043976,0.002953338623046875,1.0
1844,0.45213062233266355,5.478693776673364,0.0030153989791870117,1.0
1845,0.5148741661163002,4.851258338836997,0.002864551544189453,1.0
1846,0.4715648390933637,5.284351609066362,0.002995419502258301,1.0
1847,0.49268817595716197,5.07311824042838,0.0027831315994262694,1.0
1848,0.5502694891240004,4.4973051087599965,0.0028314113616943358,1.0
1849,0.5261938694509001,4.738061305490999,0.002967500686645508,1.0
1850,0.5707939646847114,4.292060353152886,0.0029725074768066407,1.0
1851,0.4698850423767514,5.301149576232486,0.002927851676940918,1.0
1852,0.5294882186381351,4.705117813618648,0.003002476692199707,1.0
1853,0.5389737590902597,4.610262409097401,0.0029833078384399413,1.0
1854,0.5805255567764588,4.194744432235412,0.0030301094055175783,1.0
1855,0.535882987561204,4.641170124387961,0.0030470848083496093,1.0
1856,0.49270120779219073,5.072987922078093,0.0030817747116088866,1.0
1857,0.5070388173900546,4.929611826099453,0.002927088737487793,1.0
1858,0.5034333853047434,4.965666146952567,0.0028386354446411134,1.0
1859,0.5665842251056793,4.334157748943207,0.003038358688354492,1.0
1860,0.4889899355404223,5.110100644595777,0.0027886152267456053,1.0
1861,0.48175909464814487,5.182409053518549,0.002995204925537109,1.0
1862,0.4746454407308603,5.253545592691397,0.0029519319534301756,1.0
1863,0.3965105497771015,6.034894502228985,0.0028468608856201173,1.0
1864,0.5741920982712996,4.258079017287002,0.0030088424682617188,1.0
1865,0.5627757602214472,4.372242397785528,0.002879023551940918,1.0
1866,0.5242189519870173,4.757810480129826,0.0031377077102661133,1.0
1867,0.5092949440587633,4.907050559412367,0.0029317855834960936,1.0
1868,0.5129187450973554,4.8708125490264464,0.0026492834091186523,1.0
1869,0.5568615531080064,4.431384468919935,0.0028211116790771485,1.0
1870,0.4845725217354901,5.154274782645099,0.0029439449310302733,1.0
1871,0.5072138624158142,4.927861375841859,0.002746176719665527,1.0
1872,0.5402434839166126,4.597565160833875,0.003065633773803711,1.0
1873,0.5202152082916772,4.797847917083227,0.002999138832092285,1.0
1874,0.3475804116909167,6.524195883090833,0.0031960725784301756,1.0
1875,0.458691387184742,5.41308612815258,0.002993941307067871,1.0
1876,0.5111810905960367,4.888189094039633,0.0029897451400756835,1.0
1877,0.5074242299547385,4.925757700452615,0.0029500007629394533,1.0
1878,0.45251331728569466,5.474866827143053,0.0028237819671630858,1.0
1879,0.4484061371516056,5.515938628483944,0.002871108055114746,1.0
1880,0.5396021738819881,4.603978261180119,0.0028560876846313475,1.0
1881,0.5828525646452086,4.1714743535479135,0.0028878450393676758,1.0
1882,0.5414395455591341,4.5856045444086595,0.003124547004699707,1.0
1883,0.5514233203209149,4.485766796790851,0.0030470371246337892,1.0
1884,0.5171054468530717,4.828945531469282,0.0029639482498168947,1.0
1885,0.3939512806521447,6.0604871934785525,0.003002023696899414,1.0
1886,0.385475918539553,6.145240814604469,0.0030430078506469725,1.0
1887,0.47516854098042893,5.24831459019571,0.0028548955917358397,1.0
1888,0.5350972931506275,4.649027068493725,0.0030219554901123047,1.0
1889,0.5303243893090329,4.69675610690967,0.003019881248474121,1.0
1890,0.49942558017667726,5.005744198233228,0.003061676025390625,1.0
1891,0.5628829532244917,4.371170467755084,0.0029271841049194336,1.0
1892,0.5825534077614056,4.174465922385943,0.0029695749282836912,1.0
1893,0.5650942572033869,4.349057427966131,0.0030152320861816405,1.0
1894,0.47374893345079166,5.2625106654920835,0.002769279479980469,1.0
1895,0.4943871745265824,5.056128254734174,0.0030135393142700197,1.0
1896,0.5056106259563447,4.943893740436552,0.0029122352600097655,1.0
1897,0.5127044289854015,4.872955710145985,0.0026693105697631835,1.0
1898,0.533035229102734,4.66964770897266,0.002843475341796875,1.0
1899,0.493827555783677,5.06172444216323,0.002800655364990234,1.0
1900,0.522260259412752,4.77739740587248,0.002806687355041504,1.0
1901,0.5459424787472564,4.540575212527436,0.0028846025466918944,1.0
1902,0.5208675608301743,4.791324391698256,0.003043532371520996,1.0
1903,0.43029169132495415,5.6970830867504585,0.0028561115264892577,1.0
1904,0.448704900569159,5.512950994308409,0.0029299259185791016,1.0
1905,0.5146567755349492,4.8534322446505085,0.003023052215576172,1.0
1906,0.5770875804590876,4.229124195409122,0.003094649314880371,1.0
1907,0.6157593972081329,3.8424060279186714,0.002990055084228516,1.0
1908,0.463514785086092,5.36485214913908,0.0030080318450927735,1.0
1909,0.519386810708707,4.806131892912931,0.0029030561447143553,1.0
1910,0.5125440554090798,4.8745594459092025,0.002881622314453125,1.0
1911,0.5047717914756602,4.952282085243398,0.0027981042861938477,1.0
1912,0.5292519444856542,4.707480555143457,0.0030336856842041017,1.0
1913,0.47182999078677623,5.281700092132237,0.0029134750366210938,1.0
1914,0.4544987626709,5.455012373291,0.003068375587463379,1.0
1915,0.4636724086465584,5.363275913534416,0.003063201904296875,1.0
1916,0.48666718878904736,5.133328112109526,0.003030061721801758,1.0
1917,0.40972160702082644,5.9027839297917355,0.0030185937881469726,1.0
1918,0.5122783952090153,4.877216047909848,0.002630186080932617,1.0
1919,0.5166908849193068,4.833091150806932,0.0028761863708496095,1.0
1920,0.4660000482309828,5.339999517690172,0.0028642892837524416,1.0
1921,0.5294313794617539,4.705686205382461,0.0027982473373413088,1.0
1922,0.498980573027763,5.01019426972237,0.002692437171936035,1.0
1923,0.5012802840316283,4.987197159683716,0.0029964685440063477,1.0
1924,0.5902535485583311,4.097464514416689,0.0029257535934448242,1.0
1925,0.5756772651358056,4.243227348641944,0.0029242992401123046,1.0
1926,0.4730925648321018,5.269074351678982,0.0029856681823730467,1.0
1927,0.5256160698516494,4.743839301483506,0.002932143211364746,1.0
1928,0.5100734669175496,4.8992653308245036,0.0028965950012207033,1.0
1929,0.5614108354802279,4.385891645197722,0.002908205986022949,1.0
1930,0.5462496692990403,4.5375033070095965,0.0028352975845336915,1.0
1931,0.5196913210354461,4.803086789645538,0.0025413036346435547,1.0
1932,0.4428596209556206,5.571403790443794,0.002984452247619629,1.0
1933,0.6055296735272246,3.9447032647277522,0.0031594753265380858,1.0
1934,0.5678770029193555,4.321229970806444,0.00269773006439209,1.0
1935,0.6232705164696247,3.7672948353037525,0.003147315979003906,1.0
1936,0.5608556464460555,4.391443535539446,0.003114485740661621,1.0
1937,0.504488538214759,4.9551146178524075,0.0029831886291503905,1.0
1938,0.5542526036947617,4.457473963052383,0.0029717445373535155,1.0
1939,0.4844208908510798,5.155791091489201,0.002881646156311035,1.0
1940,0.5575267954679182,4.424732045320818,0.002848100662231445,1.0
1941,0.4640406924811845,5.359593075188154,0.0028629064559936523,1.0
1942,0.5806749600151535,4.1932503998484645,0.002962064743041992,1.0
1943,0.5421307625839952,4.578692374160049,0.0028949260711669924,1.0
1944,0.5681675917466149,4.318324082533851,0.0028680086135864256,1.0
1945,0.528637901522145,4.71362098477855,0.002957749366760254,1.0
1946,0.5316723361370023,4.683276638629977,0.002900505065917969,1.0
1947,0.5169481823475822,4.830518176524177,0.0029170989990234377,1.0
1948,0.6244412927540387,3.755587072459612,0.0028824567794799804,1.0
1949,0.5768147305716596,4.231852694283403,0.0026107549667358397,1.0
1950,0.5964828013638686,4.0351719863613145,0.00294797420501709,1.0
1951,0.5799173305375147,4.200826694624851,0.0029445648193359374,1.0
1952,0.5312138966062638,4.687861033937362,0.0030277490615844725,1.0
1953,0.47790836347139576,5.22091636528604,0.003023362159729004,1.0
1954,0.5329467184214461,4.6705328157855375,0.0027524948120117186,1.0
1955,0.45018546887771416,5.498145311222857,0.0031204700469970705,1.0
1956,0.44932125358886077,5.506787464111391,0.0030485153198242187,1.0
1957,0.5494092604493391,4.5059073955066085,0.0031835079193115235,1.0
1958,0.5420733320281964,4.579266679718035,0.002940654754638672,1.0
1959,0.5303060476431117,4.696939523568881,0.0029384851455688476,1.0
1960,0.5475734974973966,4.524265025026035,0.0028087139129638673,1.0
1961,0.5036440805686117,4.963559194313882,0.0028964757919311525,1.0
1962,0.5759085619847493,4.240914380152507,0.0027923345565795898,1.0
1963,0.6229612551789938,3.77038744821006,0.00279850959777832,1.0
1964,0.5766026941211427,4.233973058788572,0.0029115200042724608,1.0
1965,0.5499824933896119,4.500175066103881,0.0027660846710205076,1.0
1966,0.5579205793943366,4.420794206056634,0.0029514551162719725,1.0
1967,0.5611730855331231,4.38826914466877,0.0031099557876586915,1.0
1968,0.5502433084514202,4.497566915485797,0.003035449981689453,1.0
1969,0.5287097193422491,4.712902806577509,0.0026173114776611326,1.0
1970,0.5815961280736894,4.184038719263107,0.0028742551803588867,1.0
1971,0.533388500106639,4.66611499893361,0.0029685258865356444,1.0
1972,0.5097421514184601,4.902578485815399,0.002986764907836914,1.0
1973,0.5145995140197739,4.854004859802261,0.0030938386917114258,1.0
1974,0.5742375978270002,4.257624021729997,0.003088092803955078,1.0
1975,0.564000424401953,4.359995755980472,0.0031647682189941406,1.0
1976,0.5504901352984575,4.495098647015425,0.003050708770751953,1.0
1977,0.4321736512444091,5.67826348755591,0.00300900936126709,1.0
1978,0.47560113715207375,5.243988628479261,0.0028288602828979493,1.0
1979,0.5305947681245605,4.694052318754394,0.002858471870422363,1.0
1980,0.5567124233014292,4.432875766985708,0.002800273895263672,1.0
1981,0.5455765975381783,4.544234024618216,0.0027631282806396484,1.0
1982,0.4689247410547203,5.310752589452797,0.002816295623779297,1.0
1983,0.4877322843165084,5.122677156834916,0.0028757810592651366,1.0
1984,0.48809179982161277,5.119082001783873,0.0027862310409545897,1.0
1985,0.5436789390812292,4.563210609187708,0.0028761148452758787,1.0
1986,0.5358488374677696,4.641511625322305,0.0030543327331542967,1.0
1987,0.5762744554385579,4.23725544561442,0.0028795957565307616,1.0
1988,0.5000739302836765,4.999260697163234,0.00297393798828125,1.0
1989,0.49754785238221555,5.024521476177844,0.0029193401336669923,1.0
1990,0.5246649604120824,4.753350395879176,0.002982020378112793,1.0
1991,0.5323603940064224,4.676396059935776,0.0029383182525634767,1.0
1992,0.4282199534593768,5.717800465406231,0.0031462192535400392,1.0
1993,0.4598858882203162,5.401141117796838,0.0030271530151367186,1.0
1994,0.5179526557125171,4.82047344287483,0.0030065059661865236,1.0
1995,0.506382290104191,4.9361770989580895,0.003078794479370117,1.0
1996,0.5364425532494297,4.635574467505704,0.003002643585205078,1.0
1997,0.49651139653250453,5.034886034674954,0.003005504608154297,1.0
1998,0.4703341564034287,5.296658435965713,0.0028800487518310545,1.0
1999,0.46084159508016354,5.391584049198365,0.002811741828918457,1.0
2000,0.46185969360395934,5.381403063960407,0.002605581283569336,1.0
2001,0.4777620585551362,5.222379414448637,0.0028763055801391602,1.0
2002,0.5130489444202845,4.869510555797154,0.0029472589492797853,1.0
2003,0.523267405407429,4.76732594592571,0.0029610633850097657,1.0
2004,0.5811335003252724,4.188664996747274,0.0030215978622436523,1.0
2005,0.5404462680652524,4.595537319347477,0.0028794050216674806,1.0
2006,0.530263809635567,4.697361903644331,0.002907848358154297,1.0
2007,0.5490829940593306,4.509170059406694,0.0028680801391601563,1.0
2008,0.5617948809838403,4.3820511901615955,0.0029345035552978517,1.0
2009,0.5276544086355086,4.723455913644914,0.002982783317565918,1.0
2010,0.4870527512355075,5.129472487644926,0.002833986282348633,1.0
2011,0.469987518829463,5.30012481170537,0.002855515480041504,1.0
2012,0.5543539569708338,4.456460430291663,0.002926468849182129,1.0
2013,0.5114511706728058,4.885488293271942,0.0027351617813110352,1.0
2014,0.5620996198341549,4.379003801658451,0.002815866470336914,1.0
2015,0.5732676995226801,4.2673230047732,0.0031888723373413087,1.0
2016,0.5176280619367614,4.823719380632387,0.0031029224395751954,1.0
2017,0.5155676973770037,4.844323026229963,0.0031028509140014647,1.0
2018,0.5375344620946749,4.624655379053249,0.0028205633163452147,1.0
2019,0.47242288998308446,5.2757711001691545,0.0028712987899780274,1.0
2020,0.4830415533313947,5.169584466686052,0.0029133319854736327,1.0
2021,0.5087220125576923,4.9127798744230775,0.0027431964874267576,1.0
2022,0.5716729598706949,4.283270401293051,0.0028815507888793946,1.0
2023,0.4991138418937295,5.008861581062705,0.0029596328735351563,1.0
2024,0.5685087522493646,4.314912477506353,0.0030698299407958983,1.0
2025,0.5521414151110593,4.4785858488894075,0.0028960466384887694,1.0
2026,0.4417005263475021,5.582994736524979,0.002987241744995117,1.0
2027,0.4968471706735616,5.031528293264383,0.0028659582138061525,1.0
2028,0.5200179504536485,4.799820495463515,0.0029407739639282227,1.0
2029,0.5404464663599104,4.595535336400895,0.0028147459030151366,1.0
2030,0.5180117811201314,4.819882188798687,0.0025317907333374024,1.0
2031,0.5249496267858966,4.750503732141033,0.0028779983520507814,1.0
2032,0.555849129305994,4.441508706940061,0.002981829643249512,1.0
2033,0.45304665362655766,5.4695334637344235,0.0029665231704711914,1.0
2034,0.46592306814086104,5.34076931859139,0.00287013053894043,1.0
2035,0.5848457207153236,4.151542792846763,0.003086233139038086,1.0
2036,0.5345604040570406,4.654395959429593,0.003207230567932129,1.0
2037,0.5483317463303147,4.5166825366968535,0.0027977943420410155,1.0
2038,0.5186773182007203,4.813226817992796,0.0029911518096923826,1.0
2039,0.532939302932513,4.67060697067487,0.0029031991958618163,1.0
2040,0.5411230371619348,4.588769628380653,0.0029695510864257814,1.0
2041,0.502584035407099,4.97415964592901,0.0028201818466186525,1.0
2042,0.5334754516798839,4.66524548320116,0.002820754051208496,1.0
2043,0.5110913232161114,4.8890867678388865,0.0029088497161865235,1.0
2044,0.5927630093129479,4.072369906870522,0.0030048847198486327,1.0
2045,0.5895352677763891,4.104647322236109,0.0029961824417114257,1.0
2046,0.5560078175101459,4.4399218248985415,0.0028289794921875,1.0
2047,0.5697738328888541,4.302261671111458,0.0028214216232299804,1.0
2048,0.5064756044176779,4.935243955823221,0.0028911828994750977,1.0
2049,0.5493514531422539,4.506485468577461,0.002819681167602539,1.0
2050,0.4552272945214105,5.447727054785895,0.0027933597564697267,1.0
2051,0.4507984052894366,5.492015947105633,0.0027915239334106445,1.0
2052,0.4800898502374643,5.199101497625357,0.0026157855987548827,1.0
2053,0.4104709480651382,5.8952905193486185,0.0031786680221557615,1.0
2054,0.5093649174382786,4.906350825617213,0.00311894416809082,1.0
2055,0.5110875275976253,4.8891247240237465,0.003224968910217285,1.0
2056,0.5326275087988324,4.673724912011676,0.0031524419784545897,1.0
2057,0.5163678969429383,4.836321030570618,0.0031126737594604492,1.0
2058,0.4943308758278896,5.0566912417211025,0.003060746192932129,1.0
2059,0.5073983731309795,4.926016268690203,0.002902102470397949,1.0
2060,0.46813959276262623,5.318604072373738,0.002905535697937012,1.0
2061,0.5407427675991257,4.592572324008745,0.002812314033508301,1.0
2062,0.5179840019251124,4.820159980748876,0.0028850078582763673,1.0
2063,0.45313318596860874,5.468668140313912,0.0028650760650634766,1.0
2064,0.5462956781515647,4.537043218484354,0.0026861906051635744,1.0
2065,0.5972621198197079,4.027378801802921,0.0028632402420043944,1.0
2066,0.5680584708445786,4.319415291554214,0.00282902717590332,1.0
2067,0.4634845739512262,5.365154260487737,0.0028050899505615234,1.0
2068,0.5215858549697261,4.784141450302739,0.0029475212097167967,1.0
2069,0.5227254532489508,4.772745467510491,0.0028876543045043947,1.0
2070,0.5113351424381724,4.886648575618276,0.0028816938400268556,1.0
2071,0.5641514507463958,4.358485492536042,0.0029285430908203127,1.0
2072,0.5191432873796942,4.808567126203058,0.002635693550109863,1.0
2073,0.49185215713570385,5.081478428642962,0.0031466245651245116,1.0
2074,0.5724902250095496,4.275097749904504,0.0031575918197631835,1.0
2075,0.48864101290096656,5.113589870990333,0.0028455257415771484,1.0
2076,0.5168632360456836,4.831367639543163,0.0031758546829223633,1.0
2077,0.5764683837392199,4.235316162607801,0.003151082992553711,1.0
2078,0.46800557588788755,5.319944241121124,0.0031360387802124023,1.0
2079,0.48338983933110635,5.166101606688938,0.002937173843383789,1.0
2080,0.5489502755377853,4.5104972446221465,0.002857470512390137,1.0
2081,0.5008470669465109,4.991529330534892,0.0025003910064697265,1.0
2082,0.5398187661480278,4.601812338519722,0.002731466293334961,1.0
2083,0.5890697061617363,4.109302938382636,0.0028827905654907225,1.0
2084,0.5948231863998341,4.051768136001659,0.0029007673263549806,1.0
2085,0.6123275424175529,3.8767245758244706,0.0029340744018554687,1.0
2086,0.4917602462858204,5.082397537141796,0.0029180765151977537,1.0
2087,0.5503143197704535,4.496856802295464,0.0027153491973876953,1.0
2088,0.5679884717918242,4.320115282081758,0.002982950210571289,1.0
2089,0.46824276501072293,5.317572349892771,0.0029155969619750976,1.0
2090,0.5206405289398475,4.793594710601526,0.002845954895019531,1.0
2091,0.4656717799961313,5.343282200038686,0.0028542995452880858,1.0
2092,0.5361972200709302,4.638027799290698,0.002889537811279297,1.0
2093,0.48492723263385296,5.1507276736614696,0.0030851364135742188,1.0
2094,0.5482088975451791,4.517911024548209,0.002834177017211914,1.0
2095,0.5290760133535156,4.709239866464844,0.00328216552734375,1.0
2096,0.4752037642533006,5.247962357466993,0.003215384483337402,1.0
2097,0.5723101581600185,4.276898418399814,0.003099942207336426,1.0
2098,0.5172049638340583,4.827950361659417,0.0030318498611450195,1.0
2099,0.503814033415049,4.961859665849509,0.002790975570678711,1.0
2100,0.5223625136372789,4.776374863627209,0.002873992919921875,1.0
2101,0.5550544885234512,4.449455114765488,0.0027057886123657226,1.0
2102,0.5520960641329788,4.479039358670212,0.0024886131286621094,1.0
2103,0.5486861579934803,4.513138420065196,0.0028767824172973634,1.0
2104,0.511869515389108,4.88130484610892,0.0030108213424682615,1.0
2105,0.5575818431397438,4.424181568602561,0.002949357032775879,1.0
2106,0.588915838547611,4.11084161452389,0.002941727638244629,1.0
2107,0.5048655773902796,4.951344226097204,0.0028693675994873047,1.0
2108,0.4931685667038016,5.068314332961984,0.0030231714248657227,1.0
2109,0.5259338381289685,4.740661618710314,0.0028506994247436525,1.0
2110,0.5321515182333225,4.678484817666774,0.0029227733612060547,1.0
2111,0.5060545220598677,4.939454779401323,0.0028836965560913087,1.0
2112,0.5054277313624125,4.945722686375875,0.003005313873291016,1.0
2113,0.5396375878419409,4.60362412158059,0.0030524492263793944,1.0
2114,0.49910906384432935,5.0089093615567055,0.0030557870864868163,1.0
2115,0.49632795482146974,5.036720451785302,0.0030584812164306642,1.0
2116,0.5678456971594285,4.321543028405715,0.002998685836791992,1.0
2117,0.5541245236378185,4.458754763621814,0.003066730499267578,1.0
2118,0.5712621759644925,4.287378240355075,0.0030153512954711912,1.0
2119,0.5077022464932879,4.922977535067122,0.0028962135314941407,1.0
2120,0.5646656011865152,4.3533439881348475,0.002871131896972656,1.0
2121,0.4804347417203413,5.195652582796586,0.0028617143630981444,1.0
2122,0.4844030597163041,5.155969402836958,0.0029018878936767577,1.0
2123,0.504206337605275,4.9579366239472495,0.0029494047164916994,1.0
2124,0.5046687751026053,4.953312248973946,0.0029917478561401365,1.0
2125,0.5075207215852883,4.924792784147117,0.002899789810180664,1.0
2126,0.4827663949972842,5.172336050027157,0.0026600122451782226,1.0
2127,0.4326202613128567,5.673797386871432,0.0030295610427856444,1.0
2128,0.4385179522059893,5.614820477940108,0.0030194520950317383,1.0
2129,0.44227086457561615,5.5772913542438385,0.0028862714767456054,1.0
2130,0.4629951634819768,5.370048365180232,0.0028855323791503905,1.0
2131,0.45967056244971605,5.403294375502839,0.00251617431640625,1.0
2132,0.4956554183059961,5.043445816940038,0.0028910160064697264,1.0
2133,0.555076415461508,4.449235845384919,0.0028237342834472657,1.0
2134,0.5364949219326149,4.635050780673851,0.0029616594314575196,1.0
2135,0.5139934867759407,4.860065132240593,0.003107142448425293,1.0
2136,0.506954373659537,4.930456263404629,0.003112506866455078,1.0
2137,0.5007712454566569,4.992287545433432,0.0032035112380981445,1.0
2138,0.461941049018752,5.380589509812479,0.003009390830993652,1.0
2139,0.6078949263852113,3.9210507361478877,0.003137803077697754,1.0
2140,0.49882182727360125,5.011781727263989,0.002994823455810547,1.0
2141,0.42195637052774854,5.780436294722515,0.002571368217468262,1.0
2142,0.4928242338887305,5.071757661112695,0.0028287887573242186,1.0
2143,0.5233138787824748,4.766861212175252,0.0029639959335327148,1.0
2144,0.42180371093415525,5.781962890658447,0.002922725677490234,1.0
2145,0.48166089451681315,5.183391054831867,0.0030580759048461914,1.0
2146,0.5720618543612556,4.279381456387443,0.0028787851333618164,1.0
2147,0.4514014645363361,5.485985354636638,0.003022027015686035,1.0
2148,0.42598325175052637,5.740167482494736,0.0028915882110595705,1.0
2149,0.5076538805936488,4.923461194063512,0.002817845344543457,1.0
2150,0.48237576675595434,5.176242332440456,0.0028244733810424806,1.0
2151,0.5287476444740544,4.712523555259457,0.0027738094329833986,1.0
2152,0.43809502673583367,5.619049732641664,0.0028839349746704102,1.0
2153,0.490122888932005,5.09877111067995,0.002828550338745117,1.0
2154,0.4264706019980622,5.735293980019377,0.0030658960342407225,1.0
2155,0.519626783033347,4.80373216966653,0.003205728530883789,1.0
2156,0.5574337768799891,4.425662231200107,0.0032051563262939452,1.0
2157,0.5442719706520942,4.557280293479057,0.003076505661010742,1.0
2158,0.5423907875259872,4.576092124740127,0.0030833721160888673,1.0
2159,0.5666237224698302,4.3337627753016985,0.002781796455383301,1.0
2160,0.581976935471966,4.180230645280339,0.00297243595123291,1.0
2161,0.5496154734567213,4.503845265432785,0.0028220653533935548,1.0
2162,0.5276830638709951,4.723169361290049,0.0028870105743408203,1.0
2163,0.5397946687569097,4.602053312430902,0.0028707265853881838,1.0
2164,0.5154125112471407,4.845874887528593,0.002976131439208984,1.0
2165,0.49979780775602334,5.002021922439767,0.0029082298278808594,1.0
2166,0.48259366404214205,5.17406335957858,0.0028201818466186525,1.0
2167,0.5079407819856813,4.920592180143187,0.0029775381088256838,1.0
2168,0.5272859475334409,4.7271405246655895,0.0025821924209594727,1.0
2169,0.4671716981724151,5.328283018275849,0.002892947196960449,1.0
2170,0.4575460471019073,5.424539528980927,0.002853584289550781,1.0
2171,0.512002242806566,4.87997757193434,0.0029016971588134766,1.0
2172,0.508349037976344,4.916509620236562,0.0029398202896118164,1.0
2173,0.48175835882910334,5.1824164117089655,0.0029238224029541015,1.0
2174,0.554491549931673,4.4550845006832684,0.002985239028930664,1.0
2175,0.558513399224405,4.41486600775595,0.0031192779541015627,1.0
2176,0.5668368580483985,4.331631419516015,0.003711414337158203,1.0
2177,0.5036009345511447,4.963990654488553,0.0033690929412841797,1.0
2178,0.4605660923143969,5.39433907685603,0.003045463562011719,1.0
2179,0.49163090545739496,5.083690945426049,0.0031439542770385744,1.0
2180,0.5134796519155262,4.865203480844737,0.002629375457763672,1.0
2181,0.563364393287514,4.36635606712486,0.0028057336807250977,1.0
2182,0.5813660962985132,4.18633903701487,0.0027892351150512694,1.0
2183,0.4974794820297008,5.025205179702992,0.0027878999710083006,1.0
2184,0.46461911401007405,5.353808859899259,0.0025264739990234373,1.0
2185,0.5224606087638913,4.775393912361085,0.0029030084609985352,1.0
2186,0.5285891478908608,4.714108521091393,0.0029743194580078127,1.0
2187,0.5752885280777169,4.24711471922283,0.0029685258865356444,1.0
2188,0.5523842126761126,4.476157873238873,0.00308842658996582,1.0
2189,0.5235643460429289,4.764356539570711,0.0028078317642211913,1.0
2190,0.5569871683937889,4.4301283160621105,0.002973055839538574,1.0
2191,0.4941048104311602,5.058951895688398,0.002764987945556641,1.0
2192,0.5077095255339745,4.922904744660253,0.002824735641479492,1.0
2193,0.549150143031939,4.508498569680609,0.0029263019561767576,1.0
2194,0.5548992012393323,4.451007987606676,0.002718687057495117,1.0
2195,0.5778554673522589,4.2214453264774106,0.0031848430633544924,1.0
2196,0.5535178342670756,4.464821657329243,0.003236269950866699,1.0
2197,0.5178595842694509,4.821404157305491,0.0031560420989990234,1.0
2198,0.5597238147753545,4.402761852246454,0.0030414819717407226,1.0
2199,0.5619238636723939,4.3807613632760605,0.0029075145721435547,1.0
2200,0.5171092706762894,4.828907293237106,0.002956676483154297,1.0
2201,0.5718607744700002,4.2813922553,0.002447080612182617,1.0
2202,0.46870930140295075,5.312906985970493,0.002728176116943359,1.0
2203,0.5298127171126527,4.701872828873475,0.002585625648498535,1.0
2204,0.5765767241309089,4.2342327586909105,0.0029274702072143556,1.0
2205,0.5015223769048448,4.984776230951551,0.003003358840942383,1.0
2206,0.5121225151676355,4.878774848323644,0.003056621551513672,1.0
2207,0.5740382432181476,4.259617567818525,0.003011155128479004,1.0
2208,0.5887513838372016,4.112486161627983,0.0030337095260620115,1.0
2209,0.5165187227468627,4.8348127725313725,0.002861499786376953,1.0
2210,0.5508905458830429,4.491094541169571,0.0029418468475341797,1.0
2211,0.5425525088570718,4.574474911429283,0.002895641326904297,1.0
2212,0.5855626974873331,4.144373025126668,0.0029540061950683594,1.0
2213,0.6311633969684013,3.6883660303159873,0.002911019325256348,1.0
2214,0.5390922334100047,4.609077665899951,0.0029006242752075196,1.0
2215,0.5276923741537112,4.723076258462887,0.002463960647583008,1.0
2216,0.5683063414665006,4.316936585334995,0.0030161142349243164,1.0
2217,0.5816327247389068,4.183672752610932,0.003075861930847168,1.0
2218,0.604834651463759,3.9516534853624092,0.0029492616653442384,1.0
2219,0.5340864617110166,4.659135382889834,0.002691030502319336,1.0
2220,0.5515244701296902,4.484755298703098,0.002901768684387207,1.0
2221,0.5328340005136238,4.67165999486376,0.002905130386352539,1.0
2222,0.459602942571261,5.403970574287389,0.0027858495712280275,1.0
2223,0.3839083091128096,6.1609169088719025,0.0028813838958740234,1.0
2224,0.41760568838576323,5.823943116142367,0.002890801429748535,1.0
2225,0.5415451535352989,4.5845484646470105,0.002999114990234375,1.0
2226,0.5647026369558716,4.352973630441282,0.0030212640762329102,1.0
2227,0.5015407467722337,4.984592532277662,0.003168654441833496,1.0
2228,0.4356293705019362,5.643706294980637,0.003084421157836914,1.0
2229,0.4994566978203512,5.005433021796487,0.003011918067932129,1.0
2230,0.5720809828312285,4.2791901716877145,0.0029149293899536134,1.0
2231,0.5256458628559452,4.743541371440547,0.0028005599975585937,1.0
2232,0.5202454046175377,4.797545953824622,0.002897191047668457,1.0
2233,0.5550784639225655,4.449215360774343,0.0028015851974487306,1.0
2234,0.5519464183570723,4.480535816429278,0.002841329574584961,1.0
2235,0.4968935884576049,5.03106411542395,0.003033161163330078,1.0
2236,0.4995630678013316,5.004369321986685,0.0030348777770996095,1.0
2237,0.5453672490167099,4.546327509832901,0.0030635833740234376,1.0
2238,0.5774203213028907,4.2257967869710935,0.0030109405517578123,1.0
2239,0.5098173062984995,4.901826937015006,0.0029160261154174806,1.0
2240,0.4311470272761421,5.688529727238579,0.0029014825820922853,1.0
2241,0.4903222174962523,5.096777825037477,0.0027793407440185546,1.0
2242,0.5300810456758193,4.699189543241806,0.002753949165344238,1.0
2243,0.4961719444505345,5.038280555494655,0.0029647350311279297,1.0
2244,0.49772302930166035,5.022769706983396,0.003128314018249512,1.0
2245,0.5794630063222455,4.2053699367775454,0.0030208826065063477,1.0
2246,0.4770186800257946,5.229813199742053,0.002869248390197754,1.0
2247,0.5490505650997128,4.509494349002872,0.003073906898498535,1.0
2248,0.534517432512469,4.65482567487531,0.0031479597091674805,1.0
2249,0.5693661645436243,4.306338354563758,0.003021717071533203,1.0
2250,0.5613782368074891,4.386217631925108,0.002827286720275879,1.0
2251,0.5062925180273762,4.937074819726238,0.0028255701065063475,1.0
2252,0.5092191582775845,4.907808417224155,0.002883601188659668,1.0
2253,0.5086570829020691,4.913429170979308,0.0024352312088012696,1.0
2254,0.4439429911372269,5.56057008862773,0.002928638458251953,1.0
2255,0.5152560859254774,4.847439140745226,0.0031047821044921874,1.0
2256,0.5108058786365168,4.891941213634832,0.003042912483215332,1.0
2257,0.4888303152080056,5.111696847919943,0.00312652587890625,1.0
2258,0.5278439218950084,4.721560781049915,0.002897214889526367,1.0
2259,0.5292377435249664,4.707622564750334,0.0029117345809936525,1.0
2260,0.47615394401282096,5.2384605598717915,0.0029062509536743166,1.0
2261,0.49838515785164683,5.016148421483531,0.0028371572494506835,1.0
2262,0.5138685089709625,4.861314910290376,0.0027774572372436523,1.0
2263,0.4766927252990311,5.233072747009688,0.0029156684875488283,1.0
2264,0.4471648155518163,5.528351844481837,0.0030092477798461916,1.0
2265,0.506441502089497,4.935584979105029,0.003042125701904297,1.0
2266,0.5680626057340996,4.319373942659004,0.003090357780456543,1.0
2267,0.5918217222290393,4.081782777709607,0.0027996301651000977,1.0
2268,0.5171523479426395,4.828476520573605,0.003116011619567871,1.0
2269,0.5013518034914117,4.986481965085884,0.0029308557510375976,1.0
2270,0.4881820426438243,5.118179573561756,0.0028303384780883787,1.0
2271,0.5249121856496866,4.750878143503135,0.0028692007064819334,1.0
2272,0.4738635187711192,5.261364812288806,0.003004145622253418,1.0
2273,0.6130581337105887,3.8694186628941134,0.002902984619140625,1.0
2274,0.547714942939101,4.52285057060899,0.002942538261413574,1.0
2275,0.5384729845969469,4.615270154030531,0.002964305877685547,1.0
2276,0.5431648269160562,4.568351730839438,0.002943539619445801,1.0
2277,0.5417054004051225,4.582945995948775,0.0029716253280639648,1.0
2278,0.5736503754540089,4.26349624545991,0.0029279708862304686,1.0
2279,0.5906649358437642,4.093350641562358,0.0028905630111694335,1.0
2280,0.5339297764829448,4.660702235170552,0.0025620222091674804,1.0
2281,0.5542871488228942,4.457128511771058,0.002786850929260254,1.0
2282,0.5242114894112162,4.757885105887837,0.0025004148483276367,1.0
2283,0.4743467644580429,5.256532355419571,0.002648448944091797,1.0
2284,0.5262127216408057,4.737872783591944,0.003013420104980469,1.0
2285,0.5590137985816894,4.409862014183105,0.0029791831970214845,1.0
2286,0.5419325328227969,4.58067467177203,0.0031046152114868166,1.0
2287,0.48256349535284554,5.174365046471545,0.0029982328414916992,1.0
2288,0.4990384459943007,5.009615540056993,0.0032346248626708984,1.0
2289,0.5600582400234548,4.39941759976545,0.0030859708786010742,1.0
2290,0.5617656465159208,4.3823435348407935,0.002891802787780762,1.0
2291,0.5735437871115697,4.264562128884303,0.0029720067977905273,1.0
2292,0.5517652859441636,4.482347140558363,0.0028093814849853515,1.0
2293,0.5044758628730139,4.95524137126986,0.0023546695709228517,1.0
2294,0.44882897653777454,5.511710234622254,0.002837204933166504,1.0
2295,0.549010785619233,4.5098921438076705,0.0028828859329223635,1.0
2296,0.5611419052669812,4.388580947330188,0.0029099702835083006,1.0
2297,0.5124762336019683,4.875237663980316,0.0030118703842163088,1.0
2298,0.533563889717841,4.664361102821589,0.0024036884307861326,1.0
2299,0.5572068392287542,4.427931607712457,0.003237414360046387,1.0
2300,0.5441692558420019,4.558307441579982,0.002898502349853516,1.0
2301,0.5625139617763827,4.374860382236172,0.0029125452041625977,1.0
2302,0.46463842899160335,5.353615710083966,0.002782917022705078,1.0
2303,0.471822376973393,5.28177623026607,0.002977871894836426,1.0
2304,0.5087512548789033,4.912487451210969,0.0030403852462768553,1.0
2305,0.5078818649576935,4.921181350423065,0.0032000064849853514,1.0
2306,0.4575589385186992,5.424410614813008,0.0030994176864624023,1.0
2307,0.4646449893242156,5.353550106757844,0.00319211483001709,1.0
2308,0.5270924830677074,4.729075169322925,0.003191232681274414,1.0
2309,0.43514741114175115,5.648525888582488,0.0030745267868041992,1.0
2310,0.5198824444120487,4.801175555879512,0.0026937484741210937,1.0
2311,0.5133936788320502,4.866063211679496,0.0028024911880493164,1.0
2312,0.49987955832687303,5.001204416731268,0.002848172187805176,1.0
2313,0.5029754389881564,4.970245610118436,0.0028401613235473633,1.0
2314,0.46962379946012184,5.303762005398782,0.0028748512268066406,1.0
2315,0.4697889424370557,5.302110575629443,0.002864384651184082,1.0
2316,0.49393710832765125,5.060628916723488,0.002878236770629883,1.0
2317,0.43328660357669246,5.6671339642330745,0.0029763698577880858,1.0
2318,0.48459435762902714,5.1540564237097275,0.0028868913650512695,1.0
2319,0.5311977804658644,4.688022195341356,0.002912473678588867,1.0
2320,0.542539979208916,4.574600207910841,0.002819681167602539,1.0
2321,0.5719286741595397,4.280713258404603,0.002950906753540039,1.0
2322,0.5293768797737702,4.7062312022622965,0.0029375314712524413,1.0
2323,0.5482272014116593,4.517727985883407,0.00301053524017334,1.0
2324,0.5362788729092455,4.637211270907544,0.0031910181045532227,1.0
2325,0.5891285353041725,4.1087146469582745,0.0031827449798583984,1.0
2326,0.5697974208893389,4.30202579110661,0.003270864486694336,1.0
2327,0.5029060248856446,4.970939751143553,0.0030178546905517576,1.0
2328,0.46942808039152883,5.305719196084711,0.0032151460647583006,1.0
2329,0.44892497899261813,5.510750210073818,0.003120231628417969,1.0
2330,0.5328125335568428,4.671874664431573,0.0029096364974975585,1.0
2331,0.547372714108763,4.526272858912369,0.002902650833129883,1.0
2332,0.5240113315610739,4.759886684389261,0.002759981155395508,1.0
2333,0.5649512399860679,4.3504876001393225,0.0027875900268554688,1.0
2334,0.4970702643841881,5.029297356158118,0.002509880065917969,1.0
2335,0.4454471467128186,5.545528532871815,0.0028413772583007813,1.0
2336,0.4813584956203563,5.186415043796435,0.0028250455856323243,1.0
2337,0.4224669556674606,5.775330443325393,0.0030037403106689454,1.0
2338,0.46921070574662493,5.3078929425337495,0.0029064416885375977,1.0
2339,0.5492177649702855,4.507822350297144,0.0027173519134521484,1.0
2340,0.5269957933896782,4.730042066103217,0.002585768699645996,1.0
2341,0.4925841786964151,5.074158213035849,0.00302581787109375,1.0
2342,0.448837343801552,5.511626561984479,0.002869987487792969,1.0
2343,0.44096855879716407,5.590314412028359,0.0030432224273681642,1.0
2344,0.5063440604831456,4.936559395168544,0.003144383430480957,1.0
2345,0.5155011890705812,4.844988109294188,0.0032180309295654296,1.0
2346,0.5049353314958036,4.950646685041965,0.0031145811080932617,1.0
2347,0.5799208286365055,4.200791713634944,0.0031977176666259767,1.0
2348,0.5339849315144942,4.660150684855059,0.002968716621398926,1.0
2349,0.541197718627553,4.5880228137244705,0.0031160593032836916,1.0
2350,0.5786374946930497,4.213625053069502,0.002850461006164551,1.0
2351,0.5289689636119007,4.710310363880993,0.002877044677734375,1.0
2352,0.5823729797671017,4.176270202328983,0.002785992622375488,1.0
2353,0.5416451473675565,4.583548526324433,0.0028078556060791016,1.0
2354,0.5297861286275405,4.702138713724596,0.002845001220703125,1.0
2355,0.5892746668372135,4.107253331627865,0.0028745651245117186,1.0
2356,0.5060176037438222,4.939823962561777,0.0024181604385375977,1.0
2357,0.4466391035705974,5.533608964294027,0.0030498504638671875,1.0
2358,0.5343870201456242,4.656129798543757,0.002650952339172363,1.0
2359,0.5405904587777585,4.594095412222415,0.0030425310134887694,1.0
2360,0.5019304513864035,4.980695486135964,0.0030527830123901365,1.0
2361,0.544414618766116,4.55585381233884,0.003000330924987793,1.0
2362,0.49887032217390903,5.011296778260908,0.0029070377349853516,1.0
2363,0.5680471256753654,4.3195287432463445,0.002877974510192871,1.0
2364,0.5923173751868818,4.076826248131183,0.003058505058288574,1.0
2365,0.5356422570653114,4.643577429346886,0.002829432487487793,1.0
2366,0.5303647058395672,4.696352941604327,0.003021693229675293,1.0
2367,0.4276396202368959,5.723603797631041,0.0030687332153320314,1.0
2368,0.5236766894222269,4.763233105777731,0.003096318244934082,1.0
2369,0.48467809940687767,5.153219005931223,0.0031265974044799804,1.0
2370,0.45702387321917143,5.429761267808285,0.0028686285018920898,1.0
2371,0.48272107680940224,5.172789231905978,0.002907204627990723,1.0
2372,0.5790060081140596,4.209939918859404,0.0028872013092041014,1.0
2373,0.5557207553328644,4.442792446671356,0.0029190778732299805,1.0
2374,0.5359130749863106,4.6408692501368956,0.0028315305709838865,1.0
2375,0.5776947865953339,4.22305213404666,0.002961587905883789,1.0
2376,0.5271764699632583,4.728235300367417,0.0029623746871948243,1.0
2377,0.5186396380032905,4.813603619967096,0.0029680490493774413,1.0
2378,0.5429233157837581,4.570766842162418,0.003018307685852051,1.0
2379,0.4512708448516591,5.487291551483409,0.0028775691986083984,1.0
2380,0.5460262588562312,4.539737411437687,0.003016495704650879,1.0
2381,0.5013542884542711,4.986457115457287,0.002857828140258789,1.0
2382,0.5382594911489631,4.617405088510369,0.002866196632385254,1.0
2383,0.5785406841922,4.214593158077999,0.002813124656677246,1.0
2384,0.5551759921685915,4.448240078314084,0.0030242443084716798,1.0
2385,0.6550631998811729,3.449368001188271,0.0031186819076538088,1.0
2386,0.49821679593519763,5.017832040648024,0.0029903411865234374,1.0
2387,0.560176728509064,4.39823271490936,0.0031587362289428713,1.0
2388,0.4684014398214803,5.315985601785197,0.0030166149139404298,1.0
2389,0.48851420807687224,5.114857919231278,0.0032747745513916015,1.0
2390,0.49602519539036366,5.0397480460963635,0.0030593633651733398,1.0
2391,0.5317240595114351,4.6827594048856485,0.0030822038650512697,1.0
2392,0.5490221954259142,4.509778045740857,0.0029674053192138674,1.0
2393,0.5292507873173621,4.707492126826379,0.002968716621398926,1.0
2394,0.5229247460124912,4.7707525398750885,0.0029183387756347655,1.0
2395,0.6038426471110189,3.9615735288898106,0.002584242820739746,1.0
2396,0.5475190735020772,4.524809264979227,0.0029116392135620115,1.0
2397,0.5390708918378426,4.609291081621573,0.002940464019775391,1.0
2398,0.44958754799652567,5.504124520034744,0.002930951118469238,1.0
2399,0.5387920789898237,4.612079210101763,0.0028877735137939455,1.0
2400,0.5922219134039065,4.077780865960934,0.002955985069274902,1.0
2401,0.5403621139852618,4.596378860147381,0.0028591394424438477,1.0
2402,0.5922330540038938,4.077669459961061,0.002837944030761719,1.0
2403,0.5485745125381114,4.514254874618885,0.0029038190841674805,1.0
2404,0.5519128435717761,4.48087156428224,0.0029320716857910156,1.0
2405,0.5973707767451176,4.0262922325488235,0.0031117677688598635,1.0
2406,0.5657780915426154,4.342219084573845,0.0032419919967651366,1.0
2407,0.5538848356527092,4.461151643472908,0.003082609176635742,1.0
2408,0.46795826765997434,5.320417323400255,0.003281831741333008,1.0
2409,0.49410647930258084,5.0589352069741915,0.0031585454940795898,1.0
2410,0.47589175072155704,5.241082492784429,0.0031701326370239258,1.0
2411,0.512718764242323,4.872812357576769,0.0028656959533691407,1.0
2412,0.5356576876770613,4.643423123229388,0.002911663055419922,1.0
2413,0.5413920497456804,4.586079502543195,0.0025175809860229492,1.0
2414,0.5284758670224463,4.7152413297755364,0.002822136878967285,1.0
2415,0.5395815314181465,4.604184685818535,0.002884244918823242,1.0
2416,0.5552787977430451,4.447212022569549,0.002779102325439453,1.0
2417,0.6299647985671335,3.700352014328664,0.002886033058166504,1.0
2418,0.6032878926510414,3.9671210734895856,0.0027600765228271485,1.0
2419,0.50406684370014,4.9593315629985995,0.0028238773345947267,1.0
2420,0.4957702985821699,5.042297014178301,0.0028391122817993165,1.0
2421,0.514919352775422,4.85080647224578,0.002793121337890625,1.0
2422,0.42131402063773127,5.786859793622687,0.002750086784362793,1.0
2423,0.4931963521786701,5.0680364782133,0.0030801773071289064,1.0
2424,0.5544949010531697,4.455050989468303,0.0031011343002319337,1.0
2425,0.5102624802400453,4.897375197599548,0.003291678428649902,1.0
2426,0.507416054638689,4.92583945361311,0.003344273567199707,1.0
2427,0.5153724945775485,4.846275054224513,0.0031806230545043945,1.0
2428,0.5080760760130747,4.919239239869251,0.0031694412231445313,1.0
2429,0.5592962575811676,4.407037424188324,0.0032034397125244142,1.0
2430,0.5242792222917455,4.757207777082545,0.0032722949981689453,1.0
2431,0.5236647488715737,4.763352511284262,0.0027134895324707033,1.0
2432,0.5378310761141604,4.621689238858397,0.002795910835266113,1.0
2433,0.5612459505648594,4.387540494351406,0.0028032302856445313,1.0
2434,0.5118138089330019,4.881861910669981,0.0028460025787353516,1.0
2435,0.5006044374255431,4.9939556257445705,0.002810025215148926,1.0
2436,0.5426055285347591,4.573944714652409,0.0028174400329589845,1.0
2437,0.5139996055483267,4.860003944516732,0.002831268310546875,1.0
2438,0.525863043228471,4.74136956771529,0.002750396728515625,1.0
2439,0.540690045348475,4.5930995465152495,0.002866506576538086,1.0
2440,0.5280573265785125,4.719426734214875,0.003028464317321777,1.0
2441,0.593311178516046,4.066888214839539,0.00303804874420166,1.0
2442,0.5463488242486297,4.536511757513702,0.0030133962631225587,1.0
2443,0.5414773120027832,4.585226879972168,0.0030244827270507813,1.0
2444,0.5212107808774694,4.787892191225306,0.003013467788696289,1.0
2445,0.532765666704248,4.67234333295752,0.0029788970947265624,1.0
2446,0.4555957336632157,5.444042663367844,0.0031603336334228515,1.0
2447,0.524237667776415,4.757623322235849,0.0027670860290527344,1.0
2448,0.4794901928231455,5.205098071768545,0.0031418800354003906,1.0
2449,0.508435860590831,4.91564139409169,0.003189826011657715,1.0
2450,0.5286906060576904,4.713093939423098,0.003021502494812012,1.0
2451,0.5374425257885604,4.625574742114395,0.0029336214065551758,1.0
2452,0.5656424576330508,4.343575423669492,0.0028110027313232424,1.0
2453,0.4863487009657037,5.136512990342963,0.00278778076171875,1.0
2454,0.5650200821937738,4.349799178062263,0.002826285362243652,1.0
2455,0.5010650233546414,4.989349766453586,0.002828168869018555,1.0
2456,0.4652589603110739,5.347410396889261,0.002631354331970215,1.0
2457,0.40791712831298294,5.92082871687017,0.00297398567199707,1.0
2458,0.4803446575874478,5.196553424125523,0.002916908264160156,1.0
2459,0.46516809024449035,5.3483190975550965,0.0026575326919555664,1.0
2460,0.4848904346876056,5.151095653123943,0.0028807878494262694,1.0
2461,0.5485040386854303,4.514959613145697,0.0029928922653198243,1.0
2462,0.5201534254122204,4.7984657458777935,0.0028224468231201174,1.0
2463,0.5853532734811736,4.146467265188264,0.0028893470764160155,1.0
2464,0.6225893279848188,3.7741067201518113,0.00301816463470459,1.0
2465,0.591078644601236,4.08921355398764,0.0030925512313842774,1.0
2466,0.5281475691677151,4.71852430832285,0.00319826602935791,1.0
2467,0.4633161393919649,5.366838606080351,0.002997016906738281,1.0
2468,0.5559555063186717,4.440444936813282,0.0031831741333007814,1.0
2469,0.5057895428182958,4.942104571817042,0.0030785322189331053,1.0
2470,0.5626850491827938,4.37314950817206,0.0030831336975097657,1.0
2471,0.5583866203791845,4.416133796208157,0.0028023719787597656,1.0
2472,0.5028534179932082,4.971465820067918,0.0026514530181884766,1.0
2473,0.5172038656920456,4.827961343079544,0.002929353713989258,1.0
2474,0.5602402405810232,4.397597594189769,0.0031789541244506836,1.0
2475,0.5339283468608562,4.660716531391437,0.0030195236206054686,1.0
2476,0.5694846557379463,4.305153442620536,0.0029464483261108397,1.0
2477,0.5088727062317554,4.911272937682447,0.002935051918029785,1.0
2478,0.5216481446443115,4.783518553556885,0.0025400161743164063,1.0
2479,0.5430920671824102,4.569079328175899,0.0028142690658569335,1.0
2480,0.5050681995409535,4.949318004590466,0.00274350643157959,1.0
2481,0.48958273429640203,5.104172657035979,0.00282747745513916,1.0
2482,0.4831821096497988,5.168178903502012,0.0027648448944091798,1.0
2483,0.5305829214897436,4.694170785102564,0.002873396873474121,1.0
2484,0.5800763220636529,4.199236779363469,0.003004932403564453,1.0
2485,0.48856960144576644,5.1143039855423345,0.0030332565307617187,1.0
2486,0.5333031524153475,4.666968475846525,0.003149247169494629,1.0
2487,0.5140426229426227,4.859573770573773,0.0031068801879882814,1.0
2488,0.5468655032514953,4.531344967485047,0.003103041648864746,1.0
2489,0.5082094263520495,4.917905736479505,0.0030643463134765623,1.0
2490,0.5377383162661536,4.622616837338461,0.003034353256225586,1.0
2491,0.573565005998541,4.264349940014588,0.00297701358795166,1.0
2492,0.5657151332346646,4.342848667653355,0.0030896902084350587,1.0
2493,0.49347107910633115,5.065289208936687,0.002932095527648926,1.0
2494,0.5238485163213775,4.7615148367862234,0.002962803840637207,1.0
2495,0.4852375468918546,5.147624531081453,0.003058624267578125,1.0
2496,0.584174774816413,4.15825225183587,0.002875685691833496,1.0
2497,0.5728345020433626,4.271654979566374,0.00283510684967041,1.0
2498,0.5364817692645428,4.635182307354571,0.0027757883071899414,1.0
2499,0.4862966802324406,5.137033197675594,0.0027405738830566405,1.0
2500,0.5185710147993933,4.814289852006067,0.0027634859085083007,1.0
2501,0.5008131770747225,4.991868229252776,0.002827000617980957,1.0
2502,0.5647609193848204,4.352390806151794,0.0028134584426879883,1.0
2503,0.4497849489168123,5.502150510831877,0.0023197174072265626,1.0
2504,0.4472729980465509,5.527270019534491,0.0029199838638305662,1.0
2505,0.5118190030971747,4.881809969028254,0.0029914379119873047,1.0
2506,0.49606049407934993,5.0393950592065,0.003244781494140625,1.0
2507,0.5180721235877318,4.819278764122681,0.003265643119812012,1.0
2508,0.5615068014247239,4.384931985752761,0.003359079360961914,1.0
2509,0.5590684319902507,4.409315680097494,0.0031093597412109376,1.0
2510,0.5421008361147255,4.578991638852747,0.0030568599700927734,1.0
2511,0.4899745237271736,5.100254762728262,0.002905726432800293,1.0
2512,0.5628358100773283,4.371641899226715,0.0029639244079589845,1.0
2513,0.5720827117853586,4.279172882146414,0.002882242202758789,1.0
2514,0.5130161580121945,4.8698384198780555,0.002906131744384766,1.0
2515,0.5154725409037134,4.845274590962867,0.002890872955322266,1.0
2516,0.5050974884534287,4.949025115465712,0.0028726339340209963,1.0
2517,0.5483952790587636,4.5160472094123625,0.002777767181396484,1.0
2518,0.5743776543240976,4.256223456759023,0.0028007984161376952,1.0
2519,0.5070913802603397,4.929086197396602,0.0024567127227783205,1.0
2520,0.5757995475038231,4.24200452496177,0.0027761936187744142,1.0
2521,0.5355980520153915,4.644019479846085,0.002814841270446777,1.0
2522,0.5348328614030101,4.6516713859699,0.00259554386138916,1.0
2523,0.4957855076500355,5.042144923499646,0.0030509233474731445,1.0
2524,0.6009126099530695,3.9908739004693046,0.0031033992767333985,1.0
2525,0.5869738923499791,4.130261076500209,0.003281044960021973,1.0
2526,0.5714809917217324,4.285190082782674,0.0032012224197387694,1.0
2527,0.5737110015097305,4.262889984902694,0.0032704353332519533,1.0
2528,0.5752066263540476,4.247933736459524,0.003054237365722656,1.0
2529,0.5451359187040323,4.548640812959677,0.0031389951705932616,1.0
2530,0.538412948587051,4.6158705141294885,0.002885913848876953,1.0
2531,0.46095617178082254,5.390438282191774,0.0028980016708374024,1.0
2532,0.507024702145255,4.92975297854745,0.00286409854888916,1.0
2533,0.5027944901249043,4.972055098750957,0.002829241752624512,1.0
2534,0.45056066881226,5.4943933118774,0.0029378652572631834,1.0
2535,0.5352443841344259,4.647556158655741,0.0029305219650268555,1.0
2536,0.537355222152624,4.626447778473759,0.0024913549423217773,1.0
2537,0.523989237016206,4.760107629837939,0.0027068614959716796,1.0
2538,0.46483570819962655,5.3516429180037335,0.00277099609375,1.0
2539,0.4954888017209971,5.04511198279003,0.0028619766235351562,1.0
2540,0.42910255197363434,5.708974480263656,0.002924942970275879,1.0
2541,0.5397374369274865,4.602625630725135,0.0029074430465698244,1.0
2542,0.5715655013451326,4.284344986548673,0.003030729293823242,1.0
2543,0.5678952020198885,4.321047979801115,0.0029620885848999023,1.0
2544,0.6084762403921291,3.915237596078709,0.003113245964050293,1.0
2545,0.5969420612415732,4.030579387584267,0.003004622459411621,1.0
2546,0.5487053883368522,4.512946116631477,0.0023808002471923826,1.0
2547,0.5266067482547021,4.7339325174529785,0.00313875675201416,1.0
2548,0.4086158944323053,5.913841055676947,0.0031007051467895506,1.0
2549,0.5535006249123491,4.464993750876509,0.0031236648559570313,1.0
2550,0.49598359123145475,5.0401640876854525,0.002913045883178711,1.0
2551,0.49219451312233603,5.07805486877664,0.0028579235076904297,1.0
2552,0.5184430430159027,4.815569569840972,0.0028095245361328125,1.0
2553,0.5196188256504563,4.803811743495436,0.0029937267303466798,1.0
2554,0.5384049065439058,4.615950934560943,0.002866053581237793,1.0
2555,0.5104959233730345,4.895040766269654,0.003003430366516113,1.0
2556,0.48755718269747383,5.124428173025262,0.002980637550354004,1.0
2557,0.5476267582766641,4.52373241723336,0.0030335187911987305,1.0
2558,0.5270431249942886,4.729568750057114,0.0029108285903930663,1.0
2559,0.5279454628309002,4.7205453716909975,0.0029850006103515625,1.0
2560,0.45392337346237904,5.4607662653762095,0.002952885627746582,1.0
2561,0.5111533233793129,4.8884667662068715,0.0029623985290527345,1.0
2562,0.5413208138396868,4.586791861603134,0.002829766273498535,1.0
2563,0.4717842323484101,5.282157676515899,0.002763533592224121,1.0
2564,0.426248882306386,5.73751117693614,0.0027264118194580077,1.0
2565,0.4580850005576037,5.419149994423963,0.0029508352279663088,1.0
2566,0.4791926250058749,5.208073749941251,0.003051018714904785,1.0
2567,0.4760402066890337,5.239597933109662,0.003005576133728027,1.0
2568,0.4890819307770668,5.109180692229331,0.0030665874481201174,1.0
2569,0.3897001924009961,5.602998075990039,0.0030272960662841796,1.0
2570,0.5498760744654335,4.501239255345665,0.0030154943466186523,1.0
2571,0.4839611086560806,5.160388913439193,0.0029793739318847655,1.0
2572,0.520997794616039,4.790022053839608,0.0028420209884643553,1.0
2573,0.45333752157363333,5.466624784263667,0.0030412912368774415,1.0
2574,0.4564136803617499,5.4358631963825,0.002794694900512695,1.0
2575,0.542326466189297,4.57673533810703,0.0032310724258422852,1.0
2576,0.5336351458510389,4.663648541489611,0.003027057647705078,1.0
2577,0.5340930964704973,4.659069035295028,0.002940201759338379,1.0
2578,0.5526523939636607,4.473476060363392,0.0028638601303100585,1.0
2579,0.5142887455598439,4.857112544401561,0.0029236555099487306,1.0
2580,0.5865888905182756,4.134111094817245,0.00283660888671875,1.0
2581,0.5011209319956078,4.98879068004392,0.002778148651123047,1.0
2582,0.5309783399566687,4.690216600433312,0.00281982421875,1.0
2583,0.5810086813204345,4.189913186795655,0.0025305986404418946,1.0
2584,0.5768574540230874,4.231425459769125,0.0027369022369384765,1.0
2585,0.5016556307480377,4.983443692519623,0.002924942970275879,1.0
2586,0.5369148793784576,4.630851206215423,0.002963733673095703,1.0
2587,0.6070717383954682,3.9292826160453176,0.0030214786529541016,1.0
2588,0.5568434876651521,4.431565123348479,0.0030862092971801758,1.0
2589,0.5526328673408434,4.473671326591566,0.003005647659301758,1.0
2590,0.5733607658566738,4.266392341433262,0.0031065940856933594,1.0
2591,0.5164983803049427,4.8350161969505745,0.0031786203384399415,1.0
2592,0.6125292824419686,3.8747071755803146,0.0032150745391845703,1.0
2593,0.5545636913291849,4.454363086708151,0.0029941558837890624,1.0
2594,0.6048427284241645,3.951572715758354,0.0031423330307006835,1.0
2595,0.4747781841225671,5.252218158774328,0.0030466318130493164,1.0
2596,0.529703633706111,4.702963662938889,0.002912449836730957,1.0
2597,0.5533664972914998,4.466335027085002,0.0029858827590942385,1.0
2598,0.5933767024447457,4.066232975552543,0.002810049057006836,1.0
2599,0.599819579230022,4.001804207699779,0.0028115510940551758,1.0
2600,0.5367014743977393,4.632985256022608,0.002502179145812988,1.0
2601,0.5701538811057116,4.298461188942884,0.0028621673583984373,1.0
2602,0.5123956450533165,4.876043549466834,0.002917909622192383,1.0
2603,0.49615152274032787,5.03848477259672,0.0029450416564941405,1.0
2604,0.49750147898736685,5.0249852101263315,0.0026745319366455076,1.0
2605,0.5168844167918677,4.831155832081322,0.0030348539352416993,1.0
2606,0.5226010341720692,4.773989658279309,0.002580118179321289,1.0
2607,0.5052321512276834,4.947678487723166,0.0031917333602905274,1.0
2608,0.5697139002861806,4.3028609971381915,0.0031747341156005858,1.0
2609,0.5078875232141608,4.921124767858392,0.003207898139953613,1.0
2610,0.5003841975904031,4.996158024095967,0.0030928850173950195,1.0
2611,0.566378282884336,4.3362171711566395,0.003031754493713379,1.0
2612,0.43663589683183035,5.633641031681696,0.002943086624145508,1.0
2613,0.45570959546237433,5.442904045376257,0.0028597831726074217,1.0
2614,0.5165283113800292,4.834716886199708,0.002776694297790527,1.0
2615,0.485402627196201,5.145973728037991,0.0029192447662353517,1.0
2616,0.49822434145377814,5.017756585462218,0.0028248071670532227,1.0
2617,0.5464089746989879,4.5359102530101225,0.0028407096862792967,1.0
2618,0.44922479059757847,5.507752094024215,0.0027342319488525392,1.0
2619,0.5570084312071305,4.429915687928694,0.0028278350830078123,1.0
2620,0.5590016427463855,4.409983572536144,0.0028419971466064455,1.0
2621,0.5433995161425503,4.566004838574495,0.0028352975845336915,1.0
2622,0.5790573935110388,4.209426064889612,0.0028781890869140625,1.0
2623,0.5065339022942039,4.934660977057961,0.002924036979675293,1.0
2624,0.5398177799689136,4.601822200310864,0.002969527244567871,1.0
2625,0.5135170801650059,4.86482919834994,0.0031812429428100587,1.0
2626,0.5001848490686146,4.998151509313854,0.0030740022659301756,1.0
2627,0.5207092623300189,4.7929073766998105,0.0031424760818481445,1.0
2628,0.5133894467221445,4.866105532778554,0.003061795234680176,1.0
2629,0.6178206677828999,3.8217933221710014,0.0030088901519775392,1.0
2630,0.4796198291940298,5.203801708059702,0.0029175519943237306,1.0
2631,0.5705020347026939,4.294979652973059,0.0029329299926757813,1.0
2632,0.4916607688042739,5.08339231195726,0.002892136573791504,1.0
2633,0.5307014757798022,4.692985242201977,0.0028403043746948243,1.0
2634,0.504777444137162,4.95222555862838,0.0027970790863037108,1.0
2635,0.5505517535053247,4.494482464946754,0.002954554557800293,1.0
2636,0.5603771706654673,4.3962282933453265,0.002787280082702637,1.0
2637,0.5198542843811648,4.801457156188353,0.002824854850769043,1.0
2638,0.5614730963379436,4.385269036620563,0.0027585744857788084,1.0
2639,0.5076921158745797,4.923078841254203,0.0028104782104492188,1.0
2640,0.4641467698347535,4.858532301652465,0.0028093814849853515,1.0
2641,0.5799807809025346,4.200192190974654,0.0031127691268920898,1.0
2642,0.4877526313211419,5.12247368678858,0.0030949592590332033,1.0
2643,0.5098850086950567,4.901149913049433,0.003016376495361328,1.0
2644,0.5773209363956265,4.226790636043734,0.0031208515167236326,1.0
2645,0.5876843227731621,4.123156772268379,0.0030147552490234373,1.0
2646,0.5725671480720904,4.274328519279096,0.0030283689498901366,1.0
2647,0.5706661647749222,4.293338352250777,0.0030108928680419923,1.0
2648,0.5269659048368418,4.7303409516315815,0.0029186725616455076,1.0
2649,0.5750207627335,4.249792372665,0.0029884099960327147,1.0
2650,0.4846288345156854,5.153711654843146,0.002888798713684082,1.0
2651,0.5360032238334876,4.639967761665123,0.002903580665588379,1.0
2652,0.45333665600633816,5.466633439936619,0.0028467655181884767,1.0
2653,0.4517040767712251,5.482959232287749,0.0028445959091186524,1.0
2654,0.5941305614595722,4.058694385404277,0.0028853416442871094,1.0
2655,0.477522809403961,5.22477190596039,0.0028375864028930666,1.0
2656,0.4643938877775671,5.356061122224329,0.0028279304504394533,1.0
2657,0.46192598681889496,5.38074013181105,0.002982687950134277,1.0
2658,0.4570069997757204,5.429930002242796,0.0030299901962280275,1.0
2659,0.50411082802667,4.9588917197333,0.0030698299407958983,1.0
2660,0.46750843794975755,5.324915620502425,0.003119158744812012,1.0
2661,0.48192074797295986,5.180792520270401,0.0031372547149658204,1.0
2662,0.4477151746307134,5.522848253692866,0.0030256986618041994,1.0
2663,0.5365172323475951,4.634827676524049,0.0030147075653076173,1.0
2664,0.47848678148778523,5.215132185122147,0.0029836416244506834,1.0
2665,0.40771703711590723,5.922829628840928,0.002863955497741699,1.0
2666,0.519002023072597,4.80997976927403,0.002962350845336914,1.0
2667,0.5714567084896085,4.285432915103915,0.0029428958892822265,1.0
2668,0.5256272790360624,4.743727209639376,0.0026295661926269533,1.0
2669,0.5545367376403194,4.454632623596807,0.002890753746032715,1.0
2670,0.5237940810026395,4.762059189973606,0.0031154394149780274,1.0
2671,0.457050372048458,5.429496279515419,0.002897834777832031,1.0
2672,0.5126017738835635,4.873982261164364,0.0029251575469970703,1.0
2673,0.4767730069274321,5.232269930725679,0.0028348684310913084,1.0
2674,0.46934284599040643,5.306571540095936,0.0029791593551635742,1.0
2675,0.44121675662677423,5.587832433732257,0.0029817819595336914,1.0
2676,0.5588374230690457,4.411625769309543,0.003017830848693848,1.0
2677,0.534161154775909,4.658388452240911,0.0030262947082519533,1.0
2678,0.5466128686088155,4.533871313911844,0.0029785871505737306,1.0
2679,0.5472012114022352,4.527987885977648,0.002958869934082031,1.0
2680,0.5741694891576943,4.258305108423057,0.0029050588607788088,1.0
2681,0.4968171481849238,5.031828518150764,0.002940821647644043,1.0
2682,0.5125449607075072,4.874550392924929,0.002883720397949219,1.0
2683,0.5027318784138465,4.9726812158615346,0.0028702974319458007,1.0
2684,0.4689286036657254,5.310713963342745,0.0029851198196411133,1.0
2685,0.5309329266748376,4.690670733251624,0.0028761863708496095,1.0
2686,0.5271151653436424,4.728848346563575,0.0028900146484375,1.0
2687,0.5161353722700842,4.838646277299157,0.002940988540649414,1.0
2688,0.4487129555449264,5.512870444550736,0.0029967069625854493,1.0
2689,0.5377156126387465,4.622843873612536,0.002915048599243164,1.0
2690,0.6129862139928823,3.870137860071176,0.003085017204284668,1.0
2691,0.624256146724523,3.757438532754768,0.003012204170227051,1.0
2692,0.5614889527297411,4.385110472702588,0.0030393600463867188,1.0
2693,0.5447570771394193,4.552429228605806,0.003049349784851074,1.0
2694,0.5013258336150819,4.986741663849181,0.002998661994934082,1.0
2695,0.5134337011321097,4.865662988678903,0.0030597448348999023,1.0
2696,0.5118862388701041,4.881137611298959,0.0028820276260375977,1.0
2697,0.459196133773945,5.40803866226055,0.0029131412506103516,1.0
2698,0.47241660742090197,5.275833925790979,0.002841544151306152,1.0
2699,0.45484325912357393,5.45156740876426,0.0028612375259399413,1.0
2700,0.5170210456964267,4.829789543035732,0.00286102294921875,1.0
2701,0.535674176559507,4.64325823440493,0.00302431583404541,1.0
2702,0.49040355341253006,5.095964465874699,0.002905464172363281,1.0
2703,0.5439757497815366,4.560242502184633,0.0029271602630615234,1.0
2704,0.5640753446928203,4.359246553071796,0.0029364109039306642,1.0
2705,0.4842357021282487,5.157642978717513,0.0028780221939086912,1.0
2706,0.5689109641396699,4.3108903586033,0.002877163887023926,1.0
2707,0.5784980559814692,4.215019440185307,0.0031183719635009765,1.0
2708,0.533364126554251,4.666358734457489,0.0030222654342651365,1.0
2709,0.4887247970704813,5.112752029295185,0.0031653881072998048,1.0
2710,0.49178517682586714,5.0821482317413285,0.003249454498291016,1.0
2711,0.5875371238756759,4.124628761243242,0.0030127763748168945,1.0
2712,0.5719769004044297,4.280230995955702,0.0030752897262573244,1.0
2713,0.5718958015520478,4.281041984479522,0.002919602394104004,1.0
2714,0.5155875482001625,4.844124517998374,0.0028621912002563476,1.0
2715,0.5617455348829519,4.382544651170482,0.002853584289550781,1.0
2716,0.5793690663697854,4.206309336302146,0.0029031991958618163,1.0
2717,0.5387583070841628,4.612416929158373,0.0029138565063476563,1.0
2718,0.5197730482678737,4.802269517321263,0.002792072296142578,1.0
2719,0.5808910562298182,4.1910894377018195,0.002938246726989746,1.0
2720,0.5881855689774154,4.118144310225846,0.0029149293899536134,1.0
2721,0.6196913253309384,3.8030867466906164,0.003139209747314453,1.0
2722,0.5625820493428674,4.374179506571326,0.0027129650115966797,1.0
2723,0.5521615700362831,4.4783842996371686,0.0029725551605224608,1.0
2724,0.498498501126244,5.015014988737559,0.003136444091796875,1.0
2725,0.47357977881925944,5.264202211807406,0.003094935417175293,1.0
2726,0.4945354666959204,5.054645333040796,0.003211045265197754,1.0
2727,0.4546280644017305,5.4537193559826935,0.0030364036560058595,1.0
2728,0.5166892396319884,4.833107603680117,0.0030831098556518555,1.0
2729,0.5705892419635181,4.294107580364818,0.0029535293579101562,1.0
2730,0.5807427977360751,4.192572022639249,0.0030605077743530275,1.0
2731,0.46080826325026825,5.391917367497317,0.002924180030822754,1.0
2732,0.40627809624646927,5.937219037535307,0.002637624740600586,1.0
2733,0.4344275713651805,5.655724286348194,0.002850794792175293,1.0
2734,0.517286859139934,4.827131408600659,0.0027532577514648438,1.0
2735,0.5395481320629284,4.604518679370716,0.002788686752319336,1.0
2736,0.5218732847950582,4.781267152049415,0.0026947736740112306,1.0
2737,0.5211971069274688,4.788028930725311,0.002797579765319824,1.0
2738,0.4877130189757839,5.122869810242162,0.0028021574020385743,1.0
2739,0.4582330883643172,5.417669116356828,0.0027718305587768554,1.0
2740,0.5699066133981375,4.300933866018625,0.002995467185974121,1.0
2741,0.5244942989134787,4.7550570108652135,0.0031423091888427733,1.0
2742,0.43386311838669833,5.661368816133017,0.0032012462615966797,1.0
2743,0.47720504648709616,5.227949535129038,0.00322568416595459,1.0
2744,0.5302603199480831,4.697396800519167,0.0032281875610351562,1.0
2745,0.6015087549464349,3.9849124505356506,0.003084254264831543,1.0
2746,0.5573761551776728,4.4262384482232715,0.003158092498779297,1.0
2747,0.6434989725117275,3.565010274882723,0.0030217885971069334,1.0
2748,0.5944434131722958,4.055565868277041,0.002912759780883789,1.0
2749,0.5448187962194732,4.551812037805268,0.002888202667236328,1.0
2750,0.5180941787302198,4.819058212697802,0.0030362606048583984,1.0
2751,0.5463715835195657,4.536284164804343,0.0029064416885375977,1.0
2752,0.5730504209783758,4.269495790216242,0.0026556730270385744,1.0
2753,0.5640423251870482,4.359576748129518,0.00280613899230957,1.0
2754,0.5384392823550558,4.615607176449442,0.0025078773498535155,1.0
2755,0.4572025811986385,5.427974188013615,0.0028278350830078123,1.0
2756,0.525373489290775,4.746265107092249,0.0027342796325683593,1.0
2757,0.5629297518592842,4.370702481407157,0.0028356075286865234,1.0
2758,0.5435049090580417,4.564950909419582,0.00288846492767334,1.0
2759,0.550899536070117,4.491004639298829,0.002970433235168457,1.0
2760,0.5344336595326593,4.655663404673407,0.003007197380065918,1.0
2761,0.5894924790081466,4.105075209918534,0.003058910369873047,1.0
2762,0.5953754660635188,4.046245339364813,0.003213357925415039,1.0
2763,0.5659470131127045,4.340529868872955,0.003026270866394043,1.0
2764,0.6066113528888353,3.9338864711116472,0.00299220085144043,1.0
2765,0.5231305713999588,4.768694286000413,0.0030757904052734373,1.0
2766,0.5700056794788227,4.299943205211773,0.00290827751159668,1.0
2767,0.5539123222812992,4.460876777187009,0.0027675390243530273,1.0
2768,0.5694283032149315,4.3057169678506835,0.00296328067779541,1.0
2769,0.4967002013480216,5.032997986519783,0.0029589653015136717,1.0
2770,0.4500585950967234,5.499414049032766,0.003001117706298828,1.0
2771,0.5261003700393926,4.738996299606074,0.002886343002319336,1.0
2772,0.5482556222381239,4.517443777618761,0.0029227018356323244,1.0
2773,0.5672237812704916,4.327762187295084,0.0028655529022216797,1.0
2774,0.5363791273537839,4.636208726462161,0.0027711868286132814,1.0
2775,0.487383850176225,5.12616149823775,0.0025396823883056642,1.0
2776,0.4936222529916906,5.063777470083093,0.002839493751525879,1.0
2777,0.49005771937047876,5.0994228062952125,0.002962946891784668,1.0
2778,0.482585467893298,5.17414532106702,0.002935028076171875,1.0
2779,0.4927703366403008,5.072296633596993,0.002930474281311035,1.0
2780,0.49834433125652405,5.016556687434759,0.0029039382934570312,1.0
2781,0.4921065964178458,5.078934035821542,0.002658581733703613,1.0
2782,0.5075301916733146,4.924698083266852,0.003108501434326172,1.0
2783,0.4640469248270317,5.359530751729683,0.0029639005661010742,1.0
2784,0.5043981980993666,4.9560180190063345,0.002601432800292969,1.0
2785,0.41354612937791535,5.864538706220846,0.002728843688964844,1.0
2786,0.545609423129555,4.543905768704449,0.002948164939880371,1.0
2787,0.5184855678572775,4.8151443214272245,0.0028923988342285157,1.0
2788,0.5606709813901712,4.393290186098286,0.0029575586318969726,1.0
2789,0.5289332308074612,4.710667691925385,0.002999019622802734,1.0
2790,0.5240803301347634,4.7591966986523655,0.0030148983001708984,1.0
2791,0.468172209400515,5.318277905994849,0.0029727935791015623,1.0
2792,0.4727658773651487,5.272341226348511,0.002914118766784668,1.0
2793,0.5298201540293965,4.701798459706034,0.00317840576171875,1.0
2794,0.5200506057305897,4.799493942694103,0.0029772520065307617,1.0
2795,0.5516894066608969,4.48310593339103,0.0029822349548339843,1.0
2796,0.5442544336922343,4.557455663077658,0.002845144271850586,1.0
2797,0.5531548142295102,4.468451857704897,0.0025156736373901367,1.0
2798,0.5240969724973249,4.75903027502675,0.002847599983215332,1.0
2799,0.4472299505013268,5.52770049498673,0.002532696723937988,1.0
2800,0.49483289161949456,5.051671083805055,0.0027741432189941407,1.0
2801,0.4885332237039691,5.114667762960308,0.003010249137878418,1.0
2802,0.5045959507760328,4.954040492239672,0.003093457221984863,1.0
2803,0.5023918448322384,4.976081551677616,0.003010988235473633,1.0
2804,0.4943574822891554,5.056425177108446,0.0030756711959838865,1.0
2805,0.501813487226765,4.98186512773235,0.0028867006301879885,1.0
2806,0.47303310408221144,5.269668959177885,0.0030602931976318358,1.0
2807,0.49279026390470015,5.0720973609529985,0.0028375864028930666,1.0
2808,0.4276409151856854,5.723590848143145,0.002835869789123535,1.0
2809,0.4805903796240677,5.194096203759322,0.0031217336654663086,1.0
2810,0.5328255503496997,4.671744496503004,0.0031374454498291015,1.0
2811,0.4178366800298311,5.82163319970169,0.0032454490661621093,1.0
2812,0.5133559002987741,4.86644099701226,0.003106856346130371,1.0
2813,0.5062296831360131,4.937703168639869,0.0031150341033935546,1.0
2814,0.5329352312217409,4.670647687782589,0.002956795692443848,1.0
2815,0.49477929187002756,5.052207081299724,0.0027498483657836916,1.0
2816,0.560254203670115,4.39745796329885,0.0026894092559814455,1.0
2817,0.5513959286536465,4.486040713463533,0.0027088642120361326,1.0
2818,0.5797356723560652,4.202643276439349,0.002515411376953125,1.0
2819,0.5563847335870603,4.436152664129397,0.00279843807220459,1.0
2820,0.5637150408876999,4.362849591123001,0.002781319618225098,1.0
2821,0.4988038333062508,5.011961666937493,0.002976393699645996,1.0
2822,0.5833074612202557,4.166925387797441,0.0030619621276855467,1.0
2823,0.49015764455273336,5.0984235544726655,0.002973127365112305,1.0
2824,0.49417665073532985,5.058233492646702,0.0032542943954467773,1.0
2825,0.5011609028497916,4.988390971502083,0.0028937578201293944,1.0
2826,0.4865697544909458,5.134302455090542,0.0029839515686035157,1.0
2827,0.4091455206935256,5.908544793064744,0.00299983024597168,1.0
2828,0.48312337058831795,5.1687662941168195,0.003104400634765625,1.0
2829,0.34191075660569686,6.58089243394303,0.002769613265991211,1.0
2830,0.49610227474402213,5.038977252559779,0.003060746192932129,1.0
2831,0.4629554090348174,5.370445909651826,0.0030012607574462892,1.0
2832,0.5157554873694655,4.8424451263053445,0.0029886245727539064,1.0
2833,0.5139282313492235,4.8607176865077655,0.0029445171356201174,1.0
2834,0.5000655277464119,4.999344722535881,0.0028036832809448242,1.0
2835,0.4031003707198688,5.968996292801311,0.002726030349731445,1.0
2836,0.5335514959384066,4.664485040615935,0.002692699432373047,1.0
2837,0.5321997011126497,4.678002988873502,0.0027524709701538088,1.0
2838,0.4491615029197395,5.508384970802605,0.002698516845703125,1.0
2839,0.5210432047595457,4.789567952404542,0.0027825355529785155,1.0
2840,0.5354041137703767,4.645958862296232,0.0028187036514282227,1.0
2841,0.542038194218682,4.57961805781318,0.003024387359619141,1.0
2842,0.5153773594407397,4.846226405592603,0.003138303756713867,1.0
2843,0.547117856183357,4.52882143816643,0.0030658721923828127,1.0
2844,0.4953949169163464,5.046050830836537,0.0033124685287475586,1.0
2845,0.5039174495248697,4.960825504751303,0.003179192543029785,1.0
2846,0.49382657661672813,5.061734233832718,0.003131723403930664,1.0
2847,0.6009344995180115,3.990655004819885,0.0029139041900634764,1.0
2848,0.5815193252289695,4.184806747710304,0.002982425689697266,1.0
2849,0.574466150976416,4.25533849023584,0.0031395673751831053,1.0
2850,0.5484931253480253,4.515068746519746,0.0029558420181274416,1.0
2851,0.48975546513147883,5.102445348685211,0.003009343147277832,1.0
2852,0.5353392479986924,4.6466075200130765,0.0028649330139160155,1.0
2853,0.5063074225290557,4.936925774709442,0.0029016733169555664,1.0
2854,0.5372071767424197,4.627928232575803,0.002789735794067383,1.0
2855,0.5471582091913653,4.528417908086348,0.002706027030944824,1.0
2856,0.5376945682382004,4.623054317617997,0.0024376392364501955,1.0
2857,0.5914481276114859,4.08551872388514,0.002437305450439453,1.0
2858,0.5901139393479485,4.098860606520516,0.0027227878570556642,1.0
2859,0.548009208284134,4.519907917158658,0.002529811859130859,1.0
2860,0.636322829849534,3.636771701504661,0.0029889345169067383,1.0
2861,0.5321528779998934,4.678471220001066,0.0032292842864990235,1.0
2862,0.5666342683100967,4.333657316899032,0.003257155418395996,1.0
2863,0.593232223571519,4.06767776428481,0.0031792640686035155,1.0
2864,0.5602011980129025,4.397988019870976,0.0033113718032836913,1.0
2865,0.4662291199170028,5.337708800829971,0.002980327606201172,1.0
2866,0.49276225569104815,5.072377443089517,0.003028583526611328,1.0
2867,0.5181152373098079,4.8188476269019205,0.0027818918228149415,1.0
2868,0.49041548195414053,5.0958451804585945,0.002985978126525879,1.0
2869,0.5669450704214517,4.330549295785483,0.0029251575469970703,1.0
2870,0.5174657907877115,4.825342092122886,0.002881312370300293,1.0
2871,0.44337326973056096,5.56626730269439,0.00297701358795166,1.0
2872,0.4160011532888321,5.839988467111679,0.002829432487487793,1.0
2873,0.5391128659743142,4.608871340256859,0.003031611442565918,1.0
2874,0.5097646283524118,4.902353716475882,0.0027810096740722655,1.0
2875,0.48573216500704397,5.142678349929559,0.0027858972549438476,1.0
2876,0.6133240385857126,3.866759614142873,0.0027639150619506838,1.0
2877,0.5798115178393856,4.201884821606145,0.0028617143630981444,1.0
2878,0.5178632676934575,4.8213673230654255,0.0028832674026489256,1.0
2879,0.5572946454532689,4.42705354546731,0.002923417091369629,1.0
2880,0.46549611166771265,5.345038883322873,0.0029541015625,1.0
2881,0.5220446187609313,4.779553812390686,0.00317990779876709,1.0
2882,0.5176240139756358,4.823759860243642,0.003133082389831543,1.0
2883,0.5091603816015102,4.908396183984896,0.0030108928680419923,1.0
2884,0.564880979471606,4.35119020528394,0.0032158136367797852,1.0
2885,0.5699213842061489,4.30078615793851,0.002903437614440918,1.0
2886,0.5162968641954672,4.837031358045327,0.003033447265625,1.0
2887,0.5115801596558531,4.884198403441467,0.0027537822723388674,1.0
2888,0.5277918131179999,4.722081868819999,0.00293428897857666,1.0
2889,0.586667332863809,4.133326671361909,0.002943897247314453,1.0
2890,0.5487833608074705,4.512166391925296,0.0029018878936767577,1.0
2891,0.4153212090983853,5.846787909016147,0.003080940246582031,1.0
2892,0.549506839636022,4.504931603639779,0.0028974056243896485,1.0
2893,0.5876886035420655,4.1231139645793435,0.002633333206176758,1.0
2894,0.5787358609508975,4.212641390491026,0.0030072212219238283,1.0
2895,0.4655746265724736,5.344253734275263,0.002640438079833984,1.0
2896,0.5728738266686553,4.271261733313446,0.0030601978302001952,1.0
2897,0.5291317568289311,4.708682431710688,0.0027875661849975585,1.0
2898,0.5432374672137029,4.567625327862971,0.0028392314910888673,1.0
2899,0.5823597236224405,4.176402763775593,0.002746248245239258,1.0
2900,0.4762984526163369,5.237015473836631,0.0027929306030273437,1.0
2901,0.46669511876700775,5.333048812329922,0.0029083013534545897,1.0
2902,0.47691320157311906,5.2308679842688095,0.003165864944458008,1.0
2903,0.5635744907076947,4.364255092923051,0.0030846357345581054,1.0
2904,0.5022454677076164,4.977545322923836,0.003116154670715332,1.0
2905,0.4396617049932825,5.603382950067173,0.0030134439468383787,1.0
2906,0.5074916160282748,4.925083839717252,0.003008437156677246,1.0
2907,0.49012253593100386,5.098774640689962,0.002781105041503906,1.0
2908,0.5772282438423637,4.2277175615763625,0.0030157089233398436,1.0
2909,0.4809103995986564,5.190896004013435,0.002909994125366211,1.0
2910,0.51369314774997,4.8630685225003,0.0030146360397338865,1.0
2911,0.497770350001136,5.022296499988639,0.003281116485595703,1.0
2912,0.5301079756133553,4.698920243866446,0.003073287010192871,1.0
2913,0.48736680818459543,5.126331918154045,0.0031089067459106447,1.0
2914,0.5354179252982435,4.645820747017564,0.002958226203918457,1.0
2915,0.4951761837378033,5.048238162621966,0.0028080463409423826,1.0
2916,0.5517968000555495,4.482031999444504,0.00274202823638916,1.0
2917,0.47517765993036293,5.24822340069637,0.002711796760559082,1.0
2918,0.48030899433283514,5.196910056671648,0.0027011632919311523,1.0
2919,0.5422073421352347,4.577926578647653,0.0027844905853271484,1.0
2920,0.5858486393022477,4.141513606977523,0.0028314828872680665,1.0
2921,0.4964922191439725,5.035077808560275,0.002952980995178223,1.0
2922,0.4744292363150847,5.255707636849154,0.003130936622619629,1.0
2923,0.4930627844213019,5.069372155786979,0.0029734373092651367,1.0
2924,0.5122140288811247,4.877859711188753,0.003196120262145996,1.0
2925,0.5016294048373183,4.983705951626818,0.0029207706451416016,1.0
2926,0.5574485537489842,4.42551446251016,0.0030673980712890626,1.0
2927,0.5061135717723485,4.938864282276515,0.0030617713928222656,1.0
2928,0.5556299109920783,4.443700890079216,0.0030432939529418945,1.0
2929,0.5895744563164351,4.104255436835649,0.0030413150787353517,1.0
2930,0.5315176539441112,4.684823460558887,0.0028512954711914064,1.0
2931,0.48572942928649904,5.1427057071350095,0.0030286550521850587,1.0
2932,0.44103880041470767,5.589611995852923,0.0028759002685546874,1.0
2933,0.538758043768461,4.61241956231539,0.0028847455978393555,1.0
2934,0.5546541859301826,4.453458140698174,0.0028163671493530275,1.0
2935,0.5701265077457683,4.298734922542317,0.002764129638671875,1.0
2936,0.5755625662247111,4.244374337752888,0.002756357192993164,1.0
2937,0.5716885800622873,4.283114199377126,0.0028181552886962892,1.0
2938,0.509886060694605,4.90113939305395,0.002837467193603516,1.0
2939,0.4902720234568486,5.097279765431513,0.002897477149963379,1.0
2940,0.4803892459051296,5.196107540948704,0.00292816162109375,1.0
2941,0.5567918775346913,4.432081224653087,0.0030217885971069334,1.0
2942,0.5161376760351958,4.838623239648041,0.003182053565979004,1.0
2943,0.504753362092042,4.9524663790795795,0.0031363725662231444,1.0
2944,0.519462685843397,4.805373141566029,0.003359270095825195,1.0
2945,0.4862867265941523,5.137132734058477,0.0031926870346069337,1.0
2946,0.4795224555600505,5.204775444399494,0.003233814239501953,1.0
2947,0.5126541967730283,4.873458032269717,0.0029702186584472656,1.0
2948,0.5674742025670236,4.325257974329763,0.002937459945678711,1.0
2949,0.5694739645315571,4.305260354684428,0.002826070785522461,1.0
2950,0.49796828313794694,5.02031716862053,0.0027730464935302734,1.0
2951,0.5121524588263024,4.878475411736976,0.0029039382934570312,1.0
2952,0.5095288145506902,4.904711854493099,0.003008246421813965,1.0
2953,0.48505467376326933,5.149453262367306,0.003019261360168457,1.0
2954,0.5467938385469601,4.5320616145304,0.002869844436645508,1.0
2955,0.5447813828703378,4.55218617129662,0.002817535400390625,1.0
2956,0.6086277212579981,3.913722787420018,0.0028143882751464843,1.0
2957,0.6266343363911306,3.7336566360886927,0.002558469772338867,1.0
2958,0.5171319990694105,4.828680009305894,0.0025304317474365234,1.0
2959,0.48488029930616416,5.151197006938357,0.0028332233428955077,1.0
2960,0.542398529942487,4.576014700575128,0.0030060768127441405,1.0
2961,0.5376521929490519,4.6234780705094805,0.0032513618469238283,1.0
2962,0.5194881097509134,4.805118902490866,0.0033498764038085937,1.0
2963,0.5461191970774892,4.538808029225106,0.0032140493392944338,1.0
2964,0.518838868156462,4.8116113184353795,0.0028131484985351564,1.0
2965,0.46194946853860464,5.380505314613954,0.003032946586608887,1.0
2966,0.48373089677123327,5.1626910322876665,0.0027202606201171876,1.0
2967,0.5205348966085841,4.794651033914159,0.002770352363586426,1.0
2968,0.4694374662667663,5.305625337332337,0.002759695053100586,1.0
2969,0.47415348626811904,5.25846513731881,0.0028327465057373046,1.0
2970,0.47333686061165803,5.2666313938834195,0.0027907371520996095,1.0
2971,0.5632396865260081,4.36760313473992,0.0028861045837402345,1.0
2972,0.5037869951663555,4.962130048336444,0.0026281595230102537,1.0
2973,0.39751366413380707,6.024863358661929,0.0028446197509765627,1.0
2974,0.44711871521138563,5.028812847886145,0.002533578872680664,1.0
2975,0.5912220243857951,4.087779756142048,0.0027427196502685545,1.0
2976,0.5425634079787154,4.574365920212845,0.002825307846069336,1.0
2977,0.5251245591726359,4.748754408273642,0.002856278419494629,1.0
2978,0.537500811306047,4.62499188693953,0.0030351877212524414,1.0
2979,0.5333455659257295,4.666544340742705,0.0030069589614868165,1.0
2980,0.5350721818773339,4.649278181226661,0.003142380714416504,1.0
2981,0.3979936474562261,6.020063525437739,0.002684617042541504,1.0
2982,0.49644056634693534,5.035594336530647,0.0032677412033081054,1.0
2983,0.4835725143338848,5.1642748566611525,0.0030219554901123047,1.0
2984,0.5102060575806002,4.897939424193996,0.0030455589294433594,1.0
2985,0.5128593247138923,4.871406752861076,0.002980327606201172,1.0
2986,0.44368464408232927,5.5631535591767065,0.002918577194213867,1.0
2987,0.5097481085278054,4.902518914721947,0.002871990203857422,1.0
2988,0.5545630540238775,4.4543694597612244,0.0028037786483764648,1.0
2989,0.5086617770264793,4.913382229735208,0.0028234481811523437,1.0
2990,0.4784643217346402,5.215356782653599,0.002792215347290039,1.0
2991,0.4949625289997863,5.050374710002136,0.002861309051513672,1.0
2992,0.4889959564154426,5.110040435845574,0.0025798797607421873,1.0
2993,0.47924770046517884,5.207522995348213,0.00288848876953125,1.0
2994,0.5206022771529982,4.793977228470018,0.0029742240905761717,1.0
2995,0.5395928536654533,4.604071463345468,0.0029595136642456056,1.0
2996,0.49022919670962484,5.097708032903752,0.002967357635498047,1.0
2997,0.48838094412533345,5.116190558746665,0.002931809425354004,1.0
2998,0.4745896483502226,5.254103516497774,0.0029321908950805664,1.0
2999,0.4302942249840872,5.697057750159127,0.002827310562133789,1.0
3000,0.5037755806616675,4.9622441933833255,0.0030095815658569337,1.0
3001,0.5808811596101612,4.191188403898388,0.0028859853744506838,1.0
3002,0.4932241275444424,5.067758724555576,0.003144526481628418,1.0
3003,0.5141227848079046,4.858772151920954,0.0030944347381591797,1.0
3004,0.5484391880785535,4.515608119214464,0.003037095069885254,1.0
3005,0.5012572125349628,4.987427874650372,0.00297091007232666,1.0
3006,0.5679350001860628,4.3206499981393724,0.002946209907531738,1.0
3007,0.5722500489121785,4.277499510878217,0.002835726737976074,1.0
3008,0.520331137131184,4.79668862868816,0.0028733015060424805,1.0
3009,0.5403963549065368,4.596036450934632,0.002957773208618164,1.0
3010,0.5969761895840106,4.030238104159894,0.002936053276062012,1.0
3011,0.530943738903003,4.6905626109699705,0.0032253503799438477,1.0
3012,0.5462563290454463,4.537436709545536,0.0030089378356933593,1.0
3013,0.4779038595544227,5.220961404455772,0.0031280040740966795,1.0
3014,0.47293247265533933,5.270675273446605,0.0031116724014282225,1.0
3015,0.49003976064919,5.099602393508099,0.002977585792541504,1.0
3016,0.5113772788251667,4.886227211748334,0.0026527166366577147,1.0
3017,0.5632769716075119,4.367230283924881,0.002872729301452637,1.0
3018,0.5748939126804415,4.251060873195584,0.002830958366394043,1.0
3019,0.5670554156466814,4.329445843533187,0.0028747081756591796,1.0
3020,0.4875251013593166,5.124748986406834,0.0028722286224365234,1.0
3021,0.4707042853290845,5.2929571467091545,0.0029654502868652344,1.0
3022,0.528802377476881,4.71197622523119,0.0029275894165039064,1.0
3023,0.5404791899397157,4.595208100602843,0.00297086238861084,1.0
3024,0.4802987520447621,5.197012479552377,0.0029309749603271484,1.0
3025,0.5088056483948551,4.911943516051448,0.0029047727584838867,1.0
3026,0.41016521783811266,5.8983478216188745,0.002914118766784668,1.0
3027,0.4920222418419312,5.079777581580688,0.002824234962463379,1.0
3028,0.49347851252901054,5.065214874709897,0.003117060661315918,1.0
3029,0.5113970908959954,4.886029091040046,0.0030509471893310548,1.0
3030,0.5369050458302069,4.63094954169793,0.0027030229568481444,1.0
3031,0.4984919353651075,5.015080646348926,0.0031581878662109374,1.0
3032,0.5015334362975554,4.984665637024447,0.0030292510986328126,1.0
3033,0.5443664258314618,4.556335741685382,0.002991461753845215,1.0
3034,0.5570220363480567,4.429779636519433,0.0028991222381591795,1.0
3035,0.4826177046847211,5.173822953152788,0.002872943878173828,1.0
3036,0.4961958469933001,5.038041530066999,0.0028939247131347656,1.0
3037,0.46113462853058085,5.3886537146941915,0.002872276306152344,1.0
3038,0.5310902575869954,4.689097424130047,0.0028331995010375975,1.0
3039,0.5624735552341679,4.375264447658322,0.0028375625610351563,1.0
3040,0.5009038387383398,4.990961612616602,0.0029108524322509766,1.0
3041,0.5458520905445058,4.541479094554942,0.0026147127151489257,1.0
3042,0.5060329358030397,4.939670641969604,0.002972054481506348,1.0
3043,0.5427364832369406,4.572635167630594,0.003057575225830078,1.0
3044,0.4986348135601629,5.013651864398371,0.0030527114868164062,1.0
3045,0.6084303572693821,3.9156964273061794,0.0031456708908081054,1.0
3046,0.6091872216074161,3.9081277839258384,0.002994799613952637,1.0
3047,0.4800693100373884,5.199306899626114,0.002630805969238281,1.0
3048,0.5507145131916185,4.492854868083813,0.002995419502258301,1.0
3049,0.5744804905194691,4.255195094805307,0.0030794620513916017,1.0
3050,0.5631819246400419,4.368180753599581,0.002838730812072754,1.0
3051,0.49095311589618884,5.0904688410381125,0.002999114990234375,1.0
3052,0.5402396186866322,4.597603813133677,0.002856755256652832,1.0
3053,0.5504613510945868,4.495386489054133,0.0029485225677490234,1.0
3054,0.49861553652505125,5.013844634749487,0.0029154062271118165,1.0
3055,0.5881303132899881,4.118696867100118,0.002870917320251465,1.0
3056,0.5138110740135828,4.861889259864172,0.0029149293899536134,1.0
3057,0.549547444108406,4.5045255589159385,0.0028508186340332033,1.0
3058,0.5554446706035224,4.4455532939647755,0.0026545286178588866,1.0
3059,0.5320076152844742,4.679923847155257,0.002599620819091797,1.0
3060,0.39272046979820613,6.072795302017939,0.0028035640716552734,1.0
3061,0.4971291538751393,5.0287084612486055,0.0029247283935546877,1.0
3062,0.557272577612985,4.427274223870149,0.0031618833541870116,1.0
3063,0.5347010621543172,4.6529893784568275,0.0030255794525146486,1.0
3064,0.5588865977032725,4.411134022967274,0.0032856941223144533,1.0
3065,0.5290650234695328,4.709349765304672,0.003044438362121582,1.0
3066,0.533521527042429,4.664784729575709,0.0029317140579223633,1.0
3067,0.5427674564606436,4.572325435393564,0.0028558969497680664,1.0
3068,0.4878844549098945,5.121155450901054,0.002806210517883301,1.0
3069,0.4643698467041023,5.356301532958976,0.002987575531005859,1.0
3070,0.48757157355158265,5.124284264484173,0.002890658378601074,1.0
3071,0.5340406302199833,4.659593697800167,0.002970433235168457,1.0
3072,0.4314474332736179,5.685525667263821,0.0026117801666259766,1.0
3073,0.5267273714703663,4.732726285296337,0.0028937339782714845,1.0
3074,0.5086296501699896,4.913703498300103,0.0030420541763305662,1.0
3075,0.5045931757376163,4.954068242623837,0.002898859977722168,1.0
3076,0.5082052092278405,4.917947907721595,0.002848196029663086,1.0
3077,0.4980330254459586,5.019669745540413,0.0028523921966552733,1.0
3078,0.5178689360781991,4.821310639218009,0.003133559226989746,1.0
3079,0.5453501288558932,4.5464987114410675,0.0030193090438842773,1.0
3080,0.5467945251001315,4.532054748998685,0.003033351898193359,1.0
3081,0.5553421814268465,4.446578185731534,0.003127002716064453,1.0
3082,0.48152657191089077,5.184734280891093,0.0030803442001342773,1.0
3083,0.5377171251534081,4.622828748465918,0.003036022186279297,1.0
3084,0.5384022589642226,4.615977410357774,0.0030498266220092773,1.0
3085,0.43373407263016334,5.662659273698366,0.0028702974319458007,1.0
3086,0.5603040428319337,4.396959571680663,0.002922201156616211,1.0
3087,0.5451696814596246,4.5483031854037534,0.002802324295043945,1.0
3088,0.5139918075748224,4.860081924251775,0.0029102563858032227,1.0
3089,0.6186534516638074,3.8134654833619246,0.002859640121459961,1.0
3090,0.5646654020965548,4.353345979034451,0.0029078960418701173,1.0
3091,0.5848682604116633,4.151317395883368,0.0029368162155151366,1.0
3092,0.582655336687137,4.173446633128631,0.0029322147369384766,1.0
3093,0.5564302835957867,4.435697164042134,0.002867913246154785,1.0
3094,0.49829792512978005,5.017020748702199,0.0030330657958984376,1.0
3095,0.5545565944323554,4.454434055676444,0.0030806303024291993,1.0
3096,0.5105399587779798,4.894600412220202,0.0030089855194091798,1.0
3097,0.5137165470114691,4.862834529885309,0.003032398223876953,1.0
3098,0.5264296095342412,4.735703904657588,0.00294189453125,1.0
3099,0.5225370263897485,4.774629736102513,0.0029407024383544924,1.0
3100,0.4860000392583341,5.139999607416659,0.002498960494995117,1.0
3101,0.5299715363951952,4.700284636048048,0.0027920007705688477,1.0
3102,0.554380362815346,4.45619637184654,0.0029651403427124025,1.0
3103,0.4552540089559435,5.447459910440565,0.0029678821563720705,1.0
3104,0.4702060891495229,5.297939108504771,0.0030370712280273437,1.0
3105,0.584135631185837,4.1586436881416295,0.002933788299560547,1.0
3106,0.47263737355506025,5.273626264449398,0.0028859615325927735,1.0
3107,0.4755805429408494,5.244194570591505,0.002733278274536133,1.0
3108,0.5193758165004599,4.8062418349954,0.002922987937927246,1.0
3109,0.47318129979423224,5.268187002057678,0.00282590389251709,1.0
3110,0.5095857338790006,4.904142661209993,0.002594399452209473,1.0
3111,0.4871817165908622,5.128182834091378,0.002807164192199707,1.0
3112,0.4823373731304457,5.176626268695542,0.0031281232833862303,1.0
3113,0.49838343774019267,5.0161656225980735,0.003038191795349121,1.0
3114,0.4953212051461211,5.046787948538789,0.0031423330307006835,1.0
3115,0.5991273285815748,4.0087267141842515,0.0030408859252929687,1.0
3116,0.5269648165793548,4.730351834206452,0.0030072927474975586,1.0
3117,0.5405899762732076,4.594100237267924,0.003018021583557129,1.0
3118,0.4595695218543815,5.404304781456185,0.0020447492599487303,1.0
3119,0.5526050061854083,4.473949938145916,0.0029085636138916015,1.0
3120,0.5360609428902221,4.639390571097779,0.0027933835983276365,1.0
3121,0.520999820746719,4.7900017925328084,0.0028901100158691406,1.0
3122,0.5760573201454211,4.239426798545788,0.0029701471328735353,1.0
3123,0.4596809927512503,5.403190072487497,0.0027446985244750977,1.0
3124,0.4826612696150949,5.173387303849051,0.002974987030029297,1.0
3125,0.5216404879343867,4.783595120656132,0.002898120880126953,1.0
3126,0.5620412731137602,4.379587268862397,0.0030012130737304688,1.0
3127,0.4946220267380773,5.053779732619228,0.00277857780456543,1.0
3128,0.46520006600061237,5.347999339993876,0.002875399589538574,1.0
3129,0.5754387500509914,4.245612499490085,0.0030475139617919924,1.0
3130,0.6015677898503107,3.9843221014968933,0.0030217885971069334,1.0
3131,0.5161880674946078,4.838119325053922,0.003144526481628418,1.0
3132,0.5023401344332584,4.976598655667415,0.003024458885192871,1.0
3133,0.5505297342727468,4.494702657272532,0.002968573570251465,1.0
3134,0.5021841165472015,4.978158834527983,0.002959012985229492,1.0
3135,0.5918583455975372,4.081416544024629,0.002824878692626953,1.0
3136,0.5324202427158695,4.675797572841305,0.00284423828125,1.0
3137,0.5682287004032982,4.317712995967018,0.0028215885162353516,1.0
3138,0.5770869831416061,4.229130168583938,0.0027718305587768554,1.0
3139,0.6084848596442158,3.9151514035578407,0.0026175260543823244,1.0
3140,0.6053402885391236,3.946597114608765,0.0028443336486816406,1.0
3141,0.580485011063556,4.1951498893644406,0.003041672706604004,1.0
3142,0.5203933846924087,4.7960661530759126,0.0027853012084960937,1.0
3143,0.530729060591832,4.69270939408168,0.0031505823135375977,1.0
3144,0.5040360308804689,4.959639691195311,0.0030619144439697266,1.0
3145,0.5155690283329522,4.8443097166704785,0.003063201904296875,1.0
3146,0.5226779818668366,4.773220181331634,0.0032092571258544923,1.0
3147,0.5574490881283596,4.425509118716404,0.003000807762145996,1.0
3148,0.513015747062286,4.869842529377139,0.0030762434005737306,1.0
3149,0.5916944459008374,4.0830555409916265,0.0029476165771484377,1.0
3150,0.495020356887658,5.049796431123419,0.002917313575744629,1.0
3151,0.4737426572205411,5.262573427794591,0.0028815984725952147,1.0
3152,0.4445329262928965,5.554670737071034,0.0028567075729370116,1.0
3153,0.5665810617988132,4.334189382011869,0.0028734207153320312,1.0
3154,0.558355864086354,4.416441359136459,0.002882575988769531,1.0
3155,0.6031574326691652,3.968425673308348,0.0028592348098754883,1.0
3156,0.5331132221226531,4.668867778773469,0.00288083553314209,1.0
3157,0.5681492372847577,4.318507627152423,0.002770733833312988,1.0
3158,0.5005538851370861,4.994461148629138,0.0028911828994750977,1.0
3159,0.49094265353758715,5.090573464624128,0.0028549671173095704,1.0
3160,0.4960784622721575,5.039215377278425,0.0029374122619628905,1.0
3161,0.5473292900036143,4.526707099963858,0.0030544042587280274,1.0
3162,0.6097396731633349,3.9026032683666507,0.0032454013824462892,1.0
3163,0.5217884104497934,4.782115895502065,0.0032820940017700196,1.0
3164,0.44902184377197185,5.5097815622802795,0.0032005786895751955,1.0
3165,0.4710793585922521,5.289206414077478,0.0030858755111694337,1.0
3166,0.42863405870342336,5.713659412965766,0.003059697151184082,1.0
3167,0.5123783850039787,4.876216149960212,0.002542400360107422,1.0
3168,0.4885555345730732,5.114444654269267,0.0025635004043579102,1.0
3169,0.6048579349086918,3.9514206509130823,0.002821183204650879,1.0
3170,0.5674755837725173,4.325244162274827,0.0027826786041259765,1.0
3171,0.5675772911505013,4.324227088494986,0.0028809070587158202,1.0
3172,0.5227776101499436,4.772223898500565,0.002882528305053711,1.0
3173,0.5631541985421489,4.368458014578512,0.0025934219360351563,1.0
3174,0.5807704052441018,4.192295947558983,0.0028906345367431642,1.0
3175,0.49333081880972907,5.066691811902708,0.002727103233337402,1.0
3176,0.5414406437595941,4.585593562404058,0.0029221296310424803,1.0
3177,0.5366809112343438,4.633190887656562,0.002535080909729004,1.0
3178,0.5272875809110351,4.727124190889648,0.002860713005065918,1.0
3179,0.5534963993987942,4.465036006012056,0.0031813621520996095,1.0
3180,0.5408788930642319,4.591211069357682,0.0031470537185668947,1.0
3181,0.5777660525138332,4.222339474861668,0.003211045265197754,1.0
3182,0.5862883115502288,4.137116884497711,0.0032457590103149416,1.0
3183,0.5083741670634463,4.916258329365537,0.0032515525817871094,1.0
3184,0.49418222766452347,5.058177723354765,0.0031985044479370117,1.0
3185,0.5847281303034403,4.1527186969655965,0.0029494762420654297,1.0
3186,0.5318556169981968,4.681443830018032,0.002927708625793457,1.0
3187,0.4998833033083588,5.001166966916412,0.0027825355529785155,1.0
3188,0.4872211205939978,5.127788794060022,0.002776503562927246,1.0
3189,0.4645544482754726,5.354455517245273,0.002782392501831055,1.0
3190,0.553969347595218,4.46030652404782,0.0025481462478637697,1.0
3191,0.6400385845847528,3.599614154152472,0.0029344081878662108,1.0
3192,0.6279230190929441,3.7207698090705597,0.002970314025878906,1.0
3193,0.5865204903186362,4.134795096813636,0.0029055595397949217,1.0
3194,0.4925825137269529,5.07417486273047,0.0029828548431396484,1.0
3195,0.4362498108370555,5.637501891629444,0.0030100345611572266,1.0
3196,0.4987323642732789,5.012676357267212,0.0032278060913085937,1.0
3197,0.5211416299831453,4.788583700168546,0.0029764413833618165,1.0
3198,0.538428015328253,4.61571984671747,0.0029869794845581053,1.0
3199,0.5027326584739127,4.972673415260873,0.002990412712097168,1.0
3200,0.5122120586652332,4.877879413347667,0.0030268192291259765,1.0
3201,0.5029137920133573,4.970862079866427,0.002948307991027832,1.0
3202,0.4667207975213875,5.332792024786125,0.002689099311828613,1.0
3203,0.38378278974837454,6.162172102516254,0.0030588865280151366,1.0
3204,0.4557948890692569,5.44205110930743,0.0029677629470825197,1.0
3205,0.47034378128836546,5.296562187116345,0.003030252456665039,1.0
3206,0.5646358118023492,4.3536418819765075,0.0028762340545654295,1.0
3207,0.5621631852142951,4.378368147857048,0.002488851547241211,1.0
3208,0.49765659398811446,5.023434060118855,0.002771139144897461,1.0
3209,0.5030805875847362,4.969194124152637,0.002837467193603516,1.0
3210,0.5045164793107266,4.954835206892733,0.0027922868728637697,1.0
3211,0.38690140075156193,6.130985992484382,0.002935981750488281,1.0
3212,0.49125595288227775,5.0874404711772225,0.0031467437744140624,1.0
3213,0.4857382631651756,5.142617368348243,0.003165864944458008,1.0
3214,0.5462341829473669,4.53765817052633,0.003213930130004883,1.0
3215,0.5167976207935233,4.832023792064767,0.0031666994094848634,1.0
3216,0.5138152969801602,4.8618470301983985,0.003014802932739258,1.0
3217,0.5115573739282459,4.88442626071754,0.0029412984848022463,1.0
3218,0.6159144984185799,3.8408550158142014,0.0027633428573608397,1.0
3219,0.5740337824568195,4.259662175431805,0.002537083625793457,1.0
3220,0.483890425170688,5.16109574829312,0.002879786491394043,1.0
3221,0.5222385888580762,4.777614111419238,0.002891993522644043,1.0
3222,0.5118536934962737,4.881463065037262,0.00291295051574707,1.0
3223,0.5043237103317316,4.956762896682684,0.0031525611877441405,1.0
3224,0.5353512918754496,4.646487081245502,0.002743220329284668,1.0
3225,0.5129596761494434,4.870403238505566,0.003000497817993164,1.0
3226,0.5281782503088112,4.718217496911889,0.002967214584350586,1.0
3227,0.5042657159801024,4.957342840198976,0.0028138160705566406,1.0
3228,0.5082117221613146,4.917882778386854,0.002782726287841797,1.0
3229,0.48002784093380085,5.199721590661991,0.002986240386962891,1.0
3230,0.5428043394497795,4.571956605502204,0.003036022186279297,1.0
3231,0.5453080033191798,4.5469199668082005,0.003037238121032715,1.0
3232,0.5180646736984854,4.819353263015145,0.003242754936218262,1.0
3233,0.5188251021812273,4.811748978187724,0.003014492988586426,1.0
3234,0.43909693463298227,5.609030653670177,0.0031373023986816405,1.0
3235,0.4885014539658963,5.114985460341037,0.0030039310455322265,1.0
3236,0.5166244146980596,4.833755853019403,0.002943730354309082,1.0
3237,0.46616423443689126,5.338357655631087,0.0028603315353393556,1.0
3238,0.5590862214387123,4.4091377856128755,0.0027523040771484375,1.0
3239,0.5805632828285596,4.194367171714404,0.0028926372528076173,1.0
3240,0.5231396542839301,4.768603457160698,0.002886843681335449,1.0
3241,0.525716631008852,4.742833689911479,0.0029303789138793944,1.0
3242,0.5029477508529083,4.970522491470915,0.0030179500579833986,1.0
3243,0.5143086925403004,4.856913074596995,0.0030028820037841797,1.0
3244,0.546213957872228,4.53786042127772,0.002971959114074707,1.0
3245,0.5203151682197753,4.7968483178022465,0.0030036211013793946,1.0
3246,0.4996292492676705,5.003707507323295,0.0030947208404541017,1.0
3247,0.5452951142342011,4.547048857657989,0.0030363798141479492,1.0
3248,0.5607935454388507,4.392064545611492,0.003035712242126465,1.0
3249,0.5710711882238535,4.289288117761466,0.0029401302337646483,1.0
3250,0.56217914043865,4.378208595613499,0.0027321577072143555,1.0
3251,0.5272388231034162,4.727611768965838,0.0028734922409057615,1.0
3252,0.5578287085475564,4.421712914524436,0.0029773473739624023,1.0
3253,0.481232821316507,5.18767178683493,0.0029979228973388674,1.0
3254,0.5130465673859278,4.869534326140721,0.0030805110931396485,1.0
3255,0.5135923237041454,4.864076762958545,0.0030013561248779298,1.0
3256,0.5102907615101715,4.897092384898284,0.0029427528381347655,1.0
3257,0.505837856768798,4.9416214323120204,0.002841353416442871,1.0
3258,0.4742525995742136,5.257474004257864,0.0028458833694458008,1.0
3259,0.5386733047086969,4.613266952913031,0.0028232336044311523,1.0
3260,0.5247187515121032,4.752812484878968,0.0028725385665893553,1.0
3261,0.5707885534612318,4.292114465387682,0.0029363632202148438,1.0
3262,0.5541855469163158,4.458144530836842,0.002970123291015625,1.0
3263,0.43074329751560814,5.6925670248439175,0.003354954719543457,1.0
3264,0.4761934626024483,5.238065373975516,0.003118300437927246,1.0
3265,0.45459038999263834,5.454096100073616,0.002930760383605957,1.0
3266,0.4559804649104667,5.4401953508953325,0.0030128955841064453,1.0
3267,0.48200722871514073,5.179927712848593,0.002904963493347168,1.0
3268,0.5300985670581377,4.699014329418621,0.002890944480895996,1.0
3269,0.5409699410634209,4.59030058936579,0.0028721094131469727,1.0
3270,0.5828084981607499,4.1719150183925,0.002933955192565918,1.0
3271,0.5265357608884061,4.734642391115938,0.0030152320861816405,1.0
3272,0.4844522085683325,5.155477914316675,0.003004312515258789,1.0
3273,0.44518314510031465,5.548168548996854,0.0030157804489135743,1.0
3274,0.4283135115132918,5.71686488486708,0.0030446529388427736,1.0
3275,0.5133931308426567,4.866068691573433,0.0029234886169433594,1.0
3276,0.4663699880681085,5.336300119318915,0.0028573036193847655,1.0
3277,0.5032529033987458,4.967470966012541,0.0027451515197753906,1.0
3278,0.4831374594981147,5.168625405018853,0.0028184890747070313,1.0
3279,0.5057674174518513,4.942325825481488,0.0029895782470703127,1.0
3280,0.6057793840005703,3.942206159994297,0.003168463706970215,1.0
3281,0.49753497216604303,5.0246502783395695,0.0030317306518554688,1.0
3282,0.5619980020740301,4.3800199792597,0.003204631805419922,1.0
3283,0.5294503171787881,4.7054968282121195,0.0028540372848510744,1.0
3284,0.541427379381041,4.585726206189591,0.003024911880493164,1.0
3285,0.5413467718055023,4.586532281944976,0.0029358863830566406,1.0
3286,0.5772987039759754,4.227012960240247,0.0028479337692260743,1.0
3287,0.5165259140688929,4.834740859311069,0.0028871536254882813,1.0
3288,0.45995834406205505,5.40041655937945,0.0027689218521118166,1.0
3289,0.5214292427810668,4.785707572189331,0.002722334861755371,1.0
3290,0.5097414899359233,4.902585100640768,0.002945685386657715,1.0
3291,0.5406759437833669,4.593240562166331,0.0030097484588623045,1.0
3292,0.4902192116393283,5.097807883606716,0.002974581718444824,1.0
3293,0.4592549419360439,5.40745058063956,0.0029906511306762697,1.0
3294,0.54388210688977,4.561178931102299,0.0031064748764038086,1.0
3295,0.5271743114530105,4.728256885469895,0.002936863899230957,1.0
3296,0.4571688468031322,5.428311531968679,0.0031920433044433593,1.0
3297,0.48584383108949664,5.141561689105034,0.0030020475387573242,1.0
3298,0.4829257544311032,5.170742455688968,0.002972984313964844,1.0
3299,0.4738796552214618,5.261203447785382,0.002964305877685547,1.0
3300,0.5113727575784262,4.886272424215737,0.0029783010482788085,1.0
3301,0.5183455951670032,4.816544048329967,0.002905583381652832,1.0
3302,0.5234066786821027,4.765933213178973,0.002972316741943359,1.0
3303,0.5300152461214475,4.699847538785525,0.0030594825744628905,1.0
3304,0.5524592164112259,4.475407835887742,0.0029830455780029295,1.0
3305,0.5700458357940338,4.299541642059661,0.0027315378189086913,1.0
3306,0.5660707261095484,4.339292738904515,0.0028512001037597655,1.0
3307,0.6053049121538991,3.9469508784610086,0.002836775779724121,1.0
3308,0.5068849765629458,4.9311502343705405,0.002765035629272461,1.0
3309,0.48889370334034954,5.111062966596504,0.002762150764465332,1.0
3310,0.5009085794782634,4.990914205217366,0.002899932861328125,1.0
3311,0.524458286285286,4.75541713714714,0.002945137023925781,1.0
3312,0.5351613742862944,4.648386257137056,0.003209686279296875,1.0
3313,0.5425185696612163,4.5748143033878375,0.003316044807434082,1.0
3314,0.614335946442611,3.8566405355738893,0.0032812833786010744,1.0
3315,0.5352086063548702,4.647913936451298,0.0031652212142944335,1.0
3316,0.47631394402230115,5.2368605597769875,0.003010869026184082,1.0
3317,0.47274511397503216,5.272548860249677,0.0026552677154541016,1.0
3318,0.5249792915277112,4.750207084722888,0.0028447628021240233,1.0
3319,0.4538252614906309,5.461747385093692,0.0028004884719848634,1.0
3320,0.4741676605449805,5.258323394550194,0.002818584442138672,1.0
3321,0.46311419744831533,5.368858025516847,0.002778434753417969,1.0
3322,0.40934671774558584,5.906532822544142,0.002582073211669922,1.0
3323,0.48223909071708915,5.177609092829108,0.002501177787780762,1.0
3324,0.5825275569436152,4.174724430563848,0.002915620803833008,1.0
3325,0.5174850071243552,4.825149928756447,0.0028434514999389647,1.0
3326,0.5332350164491989,4.66764983550801,0.002805757522583008,1.0
3327,0.5586025957130809,4.413974042869191,0.0027832984924316406,1.0
3328,0.553303097243815,4.46696902756185,0.0027691125869750977,1.0
3329,0.5081361116550349,4.918638883449651,0.003061795234680176,1.0
3330,0.5243859858496783,4.7561401415032165,0.003213834762573242,1.0
3331,0.4963148917345638,5.036851082654363,0.0030528545379638673,1.0
3332,0.4351133029052452,5.648866970947548,0.0032946586608886717,1.0
3333,0.5438111381250368,4.561888618749633,0.003099656105041504,1.0
3334,0.5046445402077556,4.953554597922443,0.003043937683105469,1.0
3335,0.5933575038190545,4.066424961809455,0.002894139289855957,1.0
3336,0.5294561476577503,4.7054385234224965,0.0029590606689453127,1.0
3337,0.515730877459578,4.84269122540422,0.0027776479721069334,1.0
3338,0.5318664631396522,4.681335368603478,0.002791309356689453,1.0
3339,0.5687741568484569,4.312258431515431,0.002830982208251953,1.0
3340,0.509969670803103,4.900303291968969,0.002811026573181152,1.0
3341,0.5014030176309182,4.985969823690817,0.002816033363342285,1.0
3342,0.496990182815418,5.030098171845819,0.0028530120849609374,1.0
3343,0.5341256094634599,4.658743905365401,0.002758955955505371,1.0
3344,0.5967551693137264,4.032448306862735,0.0028556108474731444,1.0
3345,0.5478219514281711,4.52178048571829,0.002566218376159668,1.0
3346,0.47672936871848554,5.232706312815144,0.0029786348342895506,1.0
3347,0.5278072069318165,4.721927930681835,0.0030163288116455077,1.0
3348,0.5652179984609238,4.347820015390761,0.002899479866027832,1.0
3349,0.556758404353342,4.432415956466581,0.0031911849975585936,1.0
3350,0.48533852815454076,5.146614718454591,0.00305633544921875,1.0
3351,0.5214790943879539,4.78520905612046,0.0031274795532226563,1.0
3352,0.45862516410539633,5.4137483589460365,0.003171873092651367,1.0
3353,0.4819156084446757,5.180843915553242,0.002671170234680176,1.0
3354,0.5191157578758132,4.808842421241868,0.0031737327575683595,1.0
3355,0.5220237092512537,4.779762907487461,0.002874135971069336,1.0
3356,0.49098262252057145,5.090173774794286,0.0029965877532958985,1.0
3357,0.5047327549625856,4.952672450374143,0.0028488874435424806,1.0
3358,0.49098272450279373,5.090172754972063,0.002775430679321289,1.0
3359,0.5180890493608502,4.819109506391497,0.0029038906097412108,1.0
3360,0.5684336491614892,4.315663508385108,0.0027971267700195312,1.0
3361,0.5887447242035384,4.112552757964615,0.00278780460357666,1.0
3362,0.4742753560078146,5.257246439921854,0.0027446508407592773,1.0
3363,0.5150059196001575,4.8499408039984235,0.003030133247375488,1.0
3364,0.4697280263413882,5.302719736586118,0.0031104803085327147,1.0
3365,0.5450260880888854,4.549739119111146,0.003065180778503418,1.0
3366,0.44602333601900634,5.539766639809936,0.003128933906555176,1.0
3367,0.4665541891095225,5.334458108904774,0.0029204845428466796,1.0
3368,0.4850761065238842,5.149238934761158,0.002997732162475586,1.0
3369,0.5460461866662103,4.5395381333378975,0.002928900718688965,1.0
3370,0.5356798945744033,4.643201054255966,0.0029324054718017577,1.0
3371,0.5174631788665214,4.825368211334785,0.003053903579711914,1.0
3372,0.4924396298254595,5.075603701745404,0.003068423271179199,1.0
3373,0.5035316952424171,4.964683047575828,0.0030218839645385744,1.0
3374,0.5573295546063182,4.426704453936818,0.00312190055847168,1.0
3375,0.510567294932701,4.894327050672989,0.002879691123962402,1.0
3376,0.5122505439570486,4.877494560429514,0.002962493896484375,1.0
3377,0.5299685464991845,4.700314535008155,0.002867865562438965,1.0
3378,0.5290198752689345,4.709801247310653,0.0028017759323120117,1.0
3379,0.5211987763362295,4.788012236637705,0.002525472640991211,1.0
3380,0.4873307748272861,5.12669225172714,0.002946925163269043,1.0
3381,0.5849195736905423,4.150804263094576,0.002921175956726074,1.0
3382,0.49092999670475057,5.090700032952494,0.0030310630798339845,1.0
3383,0.5023853967810359,4.976146032189641,0.002994346618652344,1.0
3384,0.441808290335228,5.58191709664772,0.003091859817504883,1.0
3385,0.6244280013231588,3.755719986768412,0.0029143810272216795,1.0
3386,0.5701496403923507,4.2985035960764915,0.0026050090789794924,1.0
3387,0.5639130447283264,4.360869552716736,0.002824211120605469,1.0
3388,0.5390310811989453,4.609689188010547,0.0030319929122924806,1.0
3389,0.49490866669549904,5.050913333045011,0.0028658151626586915,1.0
3390,0.5322895902592322,4.677104097407678,0.0031125545501708984,1.0
3391,0.5023405629332247,4.976594370667752,0.0030848503112792967,1.0
3392,0.4056009379697034,5.943990620302965,0.003047633171081543,1.0
3393,0.5073946878575079,4.92605312142492,0.0030356407165527343,1.0
3394,0.5288478682932459,4.711521317067541,0.0031063318252563476,1.0
3395,0.5272238666926026,4.727761333073973,0.0029486656188964845,1.0
3396,0.5076841635023405,4.9231583649765955,0.0029977083206176756,1.0
3397,0.4669583467924386,5.330416532075613,0.002951169013977051,1.0
3398,0.5145045004920245,4.854954995079757,0.0030025959014892576,1.0
3399,0.4860768160515022,5.139231839484976,0.003019261360168457,1.0
3400,0.5030544445118077,4.969455554881923,0.0030190467834472655,1.0
3401,0.45202481317177384,5.479751868282261,0.0026784896850585937,1.0
3402,0.46175990646888376,5.382400935311162,0.002895808219909668,1.0
3403,0.5546276452072573,4.453723547927427,0.0028769731521606444,1.0
3404,0.5363701060114177,4.636298939885823,0.0028686761856079102,1.0
3405,0.5501001190320927,4.498998809679073,0.0028038740158081053,1.0
3406,0.5178828781194642,4.821171218805358,0.0028443098068237304,1.0
3407,0.5460079814416692,4.539920185583307,0.002927398681640625,1.0
3408,0.5721402625221561,4.27859737477844,0.0029305934906005858,1.0
3409,0.5723974796347948,4.276025203652052,0.0029747486114501953,1.0
3410,0.5485259452548746,4.514740547451256,0.002976679801940918,1.0
3411,0.4744470789669376,5.255529210330624,0.0027897834777832033,1.0
3412,0.5404516089827318,4.595483910172682,0.0031941890716552734,1.0
3413,0.5307959306554425,4.692040693445576,0.003104543685913086,1.0
3414,0.5706489160917194,4.2935108390828045,0.003277111053466797,1.0
3415,0.5067886825337666,4.932113174662335,0.0032321691513061525,1.0
3416,0.4960984334898811,5.03901566510119,0.002992391586303711,1.0
3417,0.4658561058800531,5.341438941199468,0.003061509132385254,1.0
3418,0.5139122493188937,4.860877506811063,0.002812695503234863,1.0
3419,0.4996922612092515,5.003077387907484,0.0029170989990234377,1.0
3420,0.5505293903858626,4.494706096141375,0.0028288602828979493,1.0
3421,0.5690929900635392,4.309070099364608,0.0028140068054199217,1.0
3422,0.5404579891879183,4.595420108120817,0.0028545141220092775,1.0
3423,0.5310291089019136,4.6897089109808645,0.002784991264343262,1.0
3424,0.5808376561527313,4.191623438472687,0.002842211723327637,1.0
3425,0.5673884504581779,4.32611549541822,0.0027919292449951174,1.0
3426,0.5918542838777892,4.081457161222107,0.0028364181518554686,1.0
3427,0.4886643878196105,5.113356121803894,0.0030157089233398436,1.0
3428,0.5613623445107576,4.386376554892424,0.0029885530471801757,1.0
3429,0.4920176632369245,5.079823367630756,0.0029210567474365233,1.0
3430,0.44386776843400266,5.561322315659973,0.0031241893768310545,1.0
3431,0.5283346003064231,4.7166539969357695,0.003296518325805664,1.0
3432,0.5099582803332247,4.900417196667753,0.0032674551010131838,1.0
3433,0.49929394954955386,5.0070605045044605,0.003202223777770996,1.0
3434,0.5036382680060489,4.963617319939511,0.0033843517303466797,1.0
3435,0.5046600350855002,4.953399649144998,0.002849125862121582,1.0
3436,0.5545831880960892,4.454168119039108,0.0029976367950439453,1.0
3437,0.5298946299230342,4.701053700769658,0.002838325500488281,1.0
3438,0.599635728213373,4.003642717866271,0.002805757522583008,1.0
3439,0.600196750659604,3.9980324934039593,0.0028516292572021485,1.0
3440,0.5506608816471885,4.493391183528114,0.002830696105957031,1.0
3441,0.6001821903870722,3.9981780961292785,0.0027788877487182617,1.0
3442,0.5392609416965406,4.607390583034594,0.002839183807373047,1.0
3443,0.5197580675262287,4.8024193247377145,0.00288543701171875,1.0
3444,0.4989435448219018,5.010564551780982,0.0028685569763183595,1.0
3445,0.5778765211775478,4.221234788224521,0.0027446746826171875,1.0
3446,0.5449938875357191,4.5500611246428075,0.0028241634368896484,1.0
3447,0.4797261947472773,5.202738052527226,0.0029350757598876954,1.0
3448,0.48033439005838885,5.196656099416112,0.0030382633209228515,1.0
3449,0.5383075513647965,4.616924486352035,0.0029659271240234375,1.0
3450,0.5233148408093866,4.766851591906134,0.00310361385345459,1.0
3451,0.5184460350131899,4.815539649868102,0.003176712989807129,1.0
3452,0.5690063883662353,4.3099361163376475,0.003136610984802246,1.0
3453,0.5421209179441994,4.578790820558007,0.0031310081481933593,1.0
3454,0.6367846168588172,3.6321538314118285,0.0027873992919921877,1.0
3455,0.5662806560685406,4.337193439314594,0.002769017219543457,1.0
3456,0.5264098683399239,4.735901316600762,0.0029738903045654296,1.0
3457,0.4569048647665991,5.43095135233401,0.0028960704803466797,1.0
3458,0.4992887659358833,5.007112340641168,0.0025295257568359376,1.0
3459,0.5357344707644159,4.642655292355839,0.0028930425643920897,1.0
3460,0.5463616589254221,4.5363834107457786,0.0027961969375610352,1.0
3461,0.4103132237771292,5.896867762228709,0.002499961853027344,1.0
3462,0.45359864641149106,5.464013535885089,0.002862977981567383,1.0
3463,0.5403611316888688,4.5963886831113125,0.0027823686599731446,1.0
3464,0.5728501062602916,4.271498937397083,0.0029309988021850586,1.0
3465,0.5681401255364334,4.318598744635666,0.003056621551513672,1.0
3466,0.5555414111411922,4.444585888588079,0.002943587303161621,1.0
3467,0.5440382546323912,4.559617453676088,0.003102755546569824,1.0
3468,0.6198538254337703,3.801461745662297,0.002945351600646973,1.0
3469,0.4446521386286337,5.553478613713663,0.0029216766357421874,1.0
3470,0.4463081053785899,5.5369189462141,0.0028785228729248046,1.0
3471,0.543663573980756,4.563364260192438,0.003075981140136719,1.0
3472,0.5066754970781885,4.933245029218116,0.003027534484863281,1.0
3473,0.5140411961206035,4.859588038793964,0.0030771493911743164,1.0
3474,0.5486223286695757,4.513776713304242,0.003054642677307129,1.0
3475,0.582866571405796,4.17133428594204,0.003053116798400879,1.0
3476,0.6247611848378473,3.7523881516215276,0.0030722856521606446,1.0
3477,0.5188777983458636,4.811222016541364,0.0028632164001464845,1.0
3478,0.48845694615908536,5.115430538409146,0.0027939558029174806,1.0
3479,0.4501633946867257,5.4983660531327425,0.002920866012573242,1.0
3480,0.5214636360374623,4.785363639625379,0.002802252769470215,1.0
3481,0.5248672396196302,4.751327603803697,0.002995896339416504,1.0
3482,0.542463706357991,4.57536293642009,0.003033018112182617,1.0
3483,0.5849317359248045,4.150682640751955,0.0029412984848022463,1.0
3484,0.5840117070417551,4.159882929582449,0.0030081510543823243,1.0
3485,0.6117647194950648,3.882352805049352,0.002892613410949707,1.0
3486,0.5169005088062615,4.830994911937384,0.0029145956039428713,1.0
3487,0.588434655597929,4.11565344402071,0.0029426336288452147,1.0
3488,0.559741493624328,4.40258506375672,0.0028594017028808595,1.0
3489,0.6004540003637673,3.995459996362328,0.002831244468688965,1.0
3490,0.6006391591534882,3.9936084084651164,0.0025292158126831053,1.0
3491,0.6200203139961145,3.799796860038856,0.0030466318130493164,1.0
3492,0.5531688875249813,4.468311124750188,0.003063678741455078,1.0
3493,0.5522166949993255,4.477833050006744,0.003035283088684082,1.0
3494,0.5103833019801283,4.896166980198716,0.0031939268112182615,1.0
3495,0.48031934591279707,5.19680654087203,0.0029773473739624023,1.0
3496,0.5155624914765845,4.844375085234153,0.003090524673461914,1.0
3497,0.5937708204225148,4.062291795774851,0.002617192268371582,1.0
3498,0.517057850260243,4.82942149739757,0.003045964241027832,1.0
3499,0.4998885728497898,5.001114271502102,0.0030672550201416016,1.0
3500,0.5329480664986167,4.670519335013832,0.0030238866806030274,1.0
3501,0.5688414436320508,4.3115855636794915,0.002935051918029785,1.0
3502,0.5441279507865824,4.558720492134176,0.0029361724853515627,1.0
3503,0.5140555378052134,4.859444621947866,0.0027664899826049805,1.0
3504,0.5790179564787836,4.209820435212164,0.002748560905456543,1.0
3505,0.5091334560420786,4.908665439579215,0.0028089284896850586,1.0
3506,0.5428528592164308,4.571471407835692,0.002830195426940918,1.0
3507,0.49900939764119967,5.0099060235880035,0.0029029130935668947,1.0
3508,0.5490180581946191,4.509819418053808,0.002921581268310547,1.0
3509,0.5179106180975047,4.820893819024953,0.0029104948043823242,1.0
3510,0.5723756867155945,4.276243132844056,0.002934718132019043,1.0
3511,0.47104444291182485,5.289555570881752,0.0030508995056152343,1.0
3512,0.5241119953211039,4.758880046788962,0.003074359893798828,1.0
3513,0.4940938661359219,5.059061338640781,0.0030752897262573244,1.0
3514,0.46626823481239477,5.3373176518760514,0.0033379077911376955,1.0
3515,0.5306442781596505,4.693557218403494,0.0031899929046630858,1.0
3516,0.5174111266872539,4.825888733127461,0.0031402587890625,1.0
3517,0.5444217149982024,4.555782850017975,0.0029282569885253906,1.0
3518,0.5248145403934638,4.751854596065361,0.0028973817825317383,1.0
3519,0.5422704198855162,4.577295801144839,0.002990913391113281,1.0
3520,0.5448070875750647,4.551929124249353,0.002812838554382324,1.0
3521,0.531776541844071,4.68223458155929,0.002790546417236328,1.0
3522,0.571118349495779,4.288816505042211,0.0028298139572143556,1.0
3523,0.49629472626344284,5.0370527373655705,0.0022226810455322266,1.0
3524,0.5102081863471963,4.897918136528037,0.0027820587158203123,1.0
3525,0.46778165990242737,5.322183400975726,0.0028219223022460938,1.0
3526,0.5154731482685897,4.8452685173141035,0.002838397026062012,1.0
3527,0.570314651033123,4.296853489668771,0.002841329574584961,1.0
3528,0.4783611011567074,5.216388988432925,0.002871870994567871,1.0
3529,0.4819446290043958,5.180553709956042,0.002826547622680664,1.0
3530,0.4479288778510696,5.520711221489305,0.002979755401611328,1.0
3531,0.5309719391321487,4.690280608678514,0.003034496307373047,1.0
3532,0.5517398457490083,4.482601542509917,0.0032759904861450195,1.0
3533,0.5880935703530195,4.119064296469806,0.0032348155975341795,1.0
3534,0.5293339465769777,4.706660534230222,0.0033087968826293946,1.0
3535,0.46865507153692026,5.3134492846307975,0.003273677825927734,1.0
3536,0.41232600612419124,5.876739938758087,0.0031584501266479492,1.0
3537,0.3901222888236446,6.098777111763553,0.0026454925537109375,1.0
3538,0.5573832138258621,4.426167861741378,0.002781200408935547,1.0
3539,0.5363097033357217,4.636902966642784,0.002913951873779297,1.0
3540,0.560454815180955,4.395451848190452,0.0028295993804931642,1.0
3541,0.5402943625661459,4.597056374338541,0.002772068977355957,1.0
3542,0.5427678757154045,4.572321242845954,0.0028284549713134765,1.0
3543,0.5277362711012568,4.722637288987434,0.0025035381317138673,1.0
3544,0.47800645301292155,5.219935469870785,0.002750992774963379,1.0
3545,0.5165234436193819,4.834765563806181,0.002821660041809082,1.0
3546,0.4279019054816614,5.720980945183385,0.0028101205825805664,1.0
3547,0.36102953722786113,6.389704627721388,0.00297086238861084,1.0
3548,0.46402059145012264,5.3597940854987725,0.0030391931533813475,1.0
3549,0.5136604636527637,4.863395363472361,0.003047490119934082,1.0
3550,0.5373061767702831,4.626938232297169,0.0030138254165649413,1.0
3551,0.4887880583002656,5.112119416997343,0.0031138896942138673,1.0
3552,0.5030944758952903,4.969055241047096,0.0032006978988647463,1.0
3553,0.5023549850127911,4.97645014987209,0.003182649612426758,1.0
3554,0.46960274702024607,5.303972529797538,0.003076457977294922,1.0
3555,0.5097949277731658,4.902050722268341,0.003093099594116211,1.0
3556,0.44939761862935323,5.506023813706467,0.003064393997192383,1.0
3557,0.46310531093466134,5.368946890653387,0.0028621196746826173,1.0
3558,0.5427032523004679,4.572967476995322,0.0028655529022216797,1.0
3559,0.5274470324501983,4.7255296754980165,0.002858257293701172,1.0
3560,0.5117040908924588,4.882959091075411,0.002890777587890625,1.0
3561,0.557748468431859,4.42251531568141,0.0024491548538208008,1.0
3562,0.47598063253497386,5.2401936746502615,0.002784872055053711,1.0
3563,0.5272030621320364,4.727969378679636,0.0028228044509887697,1.0
3564,0.49107307866221994,5.0892692133778,0.0028951406478881837,1.0
3565,0.5057938325859884,4.942061674140116,0.002781844139099121,1.0
3566,0.5054983031492577,4.945016968507422,0.0030561208724975584,1.0
3567,0.49304904795729537,5.0695095204270455,0.003041791915893555,1.0
3568,0.5751615079319589,4.248384920680411,0.002916979789733887,1.0
3569,0.334156201242621,6.15843798757379,0.0029541015625,1.0
3570,0.5440770491417835,4.559229508582165,0.0030544519424438475,1.0
3571,0.5609910795563813,4.390089204436186,0.0029045820236206056,1.0
3572,0.48733236511717387,5.126676348828261,0.0028238534927368165,1.0
3573,0.49139346409117446,5.086065359088256,0.0030144453048706055,1.0
3574,0.5433095544526234,4.566904455473764,0.003015875816345215,1.0
3575,0.530129797706594,4.698702022934059,0.0029688358306884767,1.0
3576,0.5296860507760531,4.703139492239468,0.0030579566955566406,1.0
3577,0.4488829609812589,5.51117039018741,0.00296630859375,1.0
3578,0.45406251762139566,5.459374823786042,0.002821063995361328,1.0
3579,0.49629918992079913,5.03700810079201,0.0029066801071166992,1.0
3580,0.4418207656020449,5.58179234397955,0.0029267072677612305,1.0
3581,0.4443442663171628,5.556557336828371,0.0029531240463256834,1.0
3582,0.5019070420363534,4.980929579636467,0.003049349784851074,1.0
3583,0.48719633027461545,5.128036697253846,0.0030115127563476564,1.0
3584,0.502780232847773,4.972197671522268,0.002971458435058594,1.0
3585,0.5320108709115265,4.6798912908847345,0.0029036998748779297,1.0
3586,0.5423362931327399,4.576637068672599,0.0029191017150878907,1.0
3587,0.506931703773019,4.93068296226981,0.002886199951171875,1.0
3588,0.4625481670227596,5.374518329772404,0.002917838096618652,1.0
3589,0.4724071619139556,5.275928380860445,0.002832913398742676,1.0
3590,0.4652024027369627,5.347975972630373,0.002870917320251465,1.0
3591,0.4552476355337947,5.447523644662053,0.002898764610290527,1.0
3592,0.416289387675466,5.337106123245339,0.0027772188186645508,1.0
3593,0.5503910296849439,4.496089703150561,0.003093409538269043,1.0
3594,0.5863747156687656,4.136252843312342,0.003052830696105957,1.0
3595,0.5288056702545277,4.711943297454722,0.003073263168334961,1.0
3596,0.49175208293800654,5.0824791706199335,0.0030140399932861326,1.0
3597,0.4738568974972369,5.261431025027631,0.0030577421188354493,1.0
3598,0.4358968188596344,5.641031811403655,0.0029724597930908202,1.0
3599,0.45127893754726606,5.487210624527338,0.003090190887451172,1.0
3600,0.42655113251585847,5.734488674841414,0.0029814481735229493,1.0
3601,0.5116380459114901,4.8836195408851,0.0030517339706420898,1.0
3602,0.5279127721457622,4.720872278542378,0.0028205633163452147,1.0
3603,0.5343139519797343,4.656860480202655,0.0028261661529541014,1.0
3604,0.4250671486274179,5.749328513725821,0.002804136276245117,1.0
3605,0.4648609720173297,5.351390279826703,0.0027663707733154297,1.0
3606,0.48965358488261596,5.10346415117384,0.0028669118881225588,1.0
3607,0.5385507543129048,4.614492456870952,0.0029020786285400392,1.0
3608,0.512705824898128,4.87294175101872,0.0029397010803222656,1.0
3609,0.5325573777361309,4.67442622263869,0.0028378963470458984,1.0
3610,0.5915532475348481,4.0844675246515205,0.0029750823974609374,1.0
3611,0.5685506189526712,4.3144938104732855,0.0028676271438598635,1.0
3612,0.5387081606680375,4.612918393319626,0.003082728385925293,1.0
3613,0.5197228544330948,4.802771455669051,0.003137016296386719,1.0
3614,0.5768766719292007,4.231233280707992,0.0031279563903808595,1.0
3615,0.4912826218696891,5.087173781303108,0.0031038522720336914,1.0
3616,0.5225751509033861,4.774248490966139,0.0032387256622314455,1.0
3617,0.5158831905670027,4.841168094329972,0.002759099006652832,1.0
3618,0.5011214510959844,4.988785489040156,0.003027200698852539,1.0
3619,0.47606115393767523,5.239388460623248,0.00295872688293457,1.0
3620,0.5431813359879002,4.568186640120997,0.0029418468475341797,1.0
3621,0.4948946839061204,5.051053160938795,0.002820420265197754,1.0
3622,0.5486932294923303,4.513067705076697,0.002824878692626953,1.0
3623,0.526627655791404,4.733723442085958,0.0027628183364868165,1.0
3624,0.5580103403370169,4.419896596629831,0.0027825117111206056,1.0
3625,0.5647356100894628,4.352643899105371,0.0024506092071533204,1.0
3626,0.4964809812603762,5.035190187396237,0.002889537811279297,1.0
3627,0.48756381114844133,5.124361888515587,0.002967166900634766,1.0
3628,0.45595454102828936,5.440454589717106,0.0028754234313964843,1.0
3629,0.4502681746105046,5.497318253894953,0.0029568195343017576,1.0
3630,0.49464377776648305,5.053562222335168,0.002924180030822754,1.0
3631,0.5400073885297719,4.5999261147022805,0.003058338165283203,1.0
3632,0.6004206732929397,3.995793267070603,0.0032634973526000977,1.0
3633,0.4952392540720898,5.047607459279102,0.003320145606994629,1.0
3634,0.4766405716087244,5.233594283912756,0.0031969308853149413,1.0
3635,0.4059249139519941,5.940750860480058,0.002951169013977051,1.0
3636,0.577351713328641,4.22648286671359,0.002960944175720215,1.0
3637,0.504706274809468,4.95293725190532,0.003022122383117676,1.0
3638,0.5533758518852987,4.466241481147013,0.002874946594238281,1.0
3639,0.5351801267830496,4.648198732169506,0.0029135704040527343,1.0
3640,0.508126180100386,4.918738198996139,0.0025172710418701174,1.0
3641,0.5279372400610806,4.720627599389195,0.00280613899230957,1.0
3642,0.5122694845718733,4.8773051542812675,0.0028246164321899412,1.0
3643,0.5385130278071367,4.614869721928632,0.0027494907379150392,1.0
3644,0.5620469900610187,4.379530099389814,0.0027230501174926756,1.0
3645,0.5835098102330236,4.164901897669763,0.0027028322219848633,1.0
3646,0.5670390933900143,4.329609066099856,0.002868914604187012,1.0
3647,0.5441909984241601,4.558090015758399,0.0029015302658081054,1.0
3648,0.5357840863504517,4.642159136495483,0.0031232357025146483,1.0
3649,0.5101210102849401,4.8987898971506,0.003273296356201172,1.0
3650,0.4753767254574511,5.246232745425489,0.0032454490661621093,1.0
3651,0.5389256833873985,4.610743166126015,0.0033562898635864256,1.0
3652,0.45366727264568285,5.463327273543172,0.0029924869537353515,1.0
3653,0.36156925681066376,6.384307431893362,0.0031642675399780273,1.0
3654,0.4731294182375711,5.268705817624289,0.0030832529067993165,1.0
3655,0.5113410397735564,4.8865896022644355,0.0029239654541015625,1.0
3656,0.5650887946050258,4.349112053949741,0.0029706954956054688,1.0
3657,0.48470263343074926,5.152973665692506,0.0025408029556274413,1.0
3658,0.5783028879296664,4.216971120703336,0.0028556346893310546,1.0
3659,0.5874375466013707,4.125624533986293,0.002776622772216797,1.0
3660,0.5295688451329466,4.704311548670534,0.002811574935913086,1.0
3661,0.48142780440745997,5.1857219559254,0.002785396575927734,1.0
3662,0.5921292955054724,4.078707044945275,0.0028059005737304686,1.0
3663,0.5261924661206009,4.738075338793992,0.0027362823486328123,1.0
3664,0.5253989517926373,4.746010482073626,0.002801513671875,1.0
3665,0.5770560553814109,4.229439446185889,0.0028258800506591798,1.0
3666,0.4794292217012098,5.205707782987901,0.0030717849731445312,1.0
3667,0.3918312403964536,5.581687596035463,0.0032128095626831055,1.0
3668,0.4732996059488118,5.2670039405118825,0.0031513214111328126,1.0
3669,0.5157577916289742,4.8424220837102565,0.003162121772766113,1.0
3670,0.4770506710046186,5.229493289953814,0.0030505895614624024,1.0
3671,0.5690096924882669,4.30990307511733,0.003092026710510254,1.0
3672,0.5769138301997063,4.230861698002936,0.0031046390533447264,1.0
3673,0.5516842720510613,4.483157279489386,0.003099226951599121,1.0
3674,0.611622012586734,3.883779874132659,0.002930140495300293,1.0
3675,0.5249316783080762,4.7506832169192394,0.002668595314025879,1.0
3676,0.5702781114691897,4.297218885308102,0.002784538269042969,1.0
3677,0.5862763044181223,4.137236955818778,0.002886176109313965,1.0
3678,0.6097394684341465,3.9026053156585347,0.0028397798538208007,1.0
3679,0.5788426756575351,4.211573243424649,0.0028077363967895508,1.0
3680,0.5342080651219908,4.657919348780091,0.002860403060913086,1.0
3681,0.5638002533345648,4.36199746665435,0.00288088321685791,1.0
3682,0.5917688694806035,4.082311305193965,0.002895951271057129,1.0
3683,0.5190032747943648,4.809967252056351,0.002834725379943848,1.0
3684,0.6285918952807721,3.714081047192278,0.0029178857803344727,1.0
3685,0.5044673869645164,4.955326130354835,0.0029203176498413088,1.0
3686,0.5218269766343478,4.781730233656521,0.002982902526855469,1.0
3687,0.529954203133821,4.70045796866179,0.002965402603149414,1.0
3688,0.4577205017608789,5.422794982391211,0.002783846855163574,1.0
3689,0.5946801171867138,4.053198828132862,0.002990531921386719,1.0
3690,0.468355965268764,5.3164403473123585,0.0030228137969970704,1.0
3691,0.5460071047824318,4.539928952175683,0.0030309438705444338,1.0
3692,0.5598218021179651,4.401781978820349,0.0030701160430908203,1.0
3693,0.5533518690130448,4.466481309869551,0.0030750036239624023,1.0
3694,0.5242300612705313,4.7576993872946876,0.0029440879821777343,1.0
3695,0.5236366242386907,4.763633757613092,0.0029428958892822265,1.0
3696,0.5337374640824601,4.662625359175398,0.002808403968811035,1.0
3697,0.5773389890813659,4.226610109186342,0.0028413057327270506,1.0
3698,0.5648347565163807,4.3516524348361925,0.002876734733581543,1.0
3699,0.5469746797229054,4.530253202770947,0.0029181718826293947,1.0
3700,0.3842767226141088,6.157232773858912,0.0027045726776123045,1.0
3701,0.5189548716532888,4.810451283467112,0.0030279636383056642,1.0
3702,0.549274428061346,4.50725571938654,0.0029270172119140623,1.0
3703,0.5969329623199737,4.030670376800262,0.002879810333251953,1.0
3704,0.5425315588777477,4.574684411222522,0.002814841270446777,1.0
3705,0.4687850028280348,5.312149971719651,0.0027715444564819338,1.0
3706,0.501444102414135,4.985558975858652,0.0029022693634033203,1.0
3707,0.5060405246734987,4.939594753265013,0.00292360782623291,1.0
3708,0.48980935419779925,5.101906458022006,0.0029780387878417967,1.0
3709,0.5127927242018673,4.872072757981327,0.0029465436935424806,1.0
3710,0.5485584268796282,4.514415731203718,0.003004908561706543,1.0
3711,0.49208097007911605,5.07919029920884,0.0029551029205322266,1.0
3712,0.5271006736551086,4.728993263448915,0.002972698211669922,1.0
3713,0.520575368975822,4.79424631024178,0.003034043312072754,1.0
3714,0.591022066431892,4.089779335681079,0.0029153823852539062,1.0
3715,0.45191406415164603,4.9808593584835394,0.0028000831604003905,1.0
3716,0.5292099764519361,4.707900235480638,0.0029389142990112306,1.0
3717,0.5233939279219341,4.76606072078066,0.0029842138290405275,1.0
3718,0.5050114271506465,4.949885728493535,0.0030669927597045898,1.0
3719,0.5232252852868366,4.767747147131632,0.0028887033462524415,1.0
3720,0.5242142094972748,4.757857905027253,0.0029747486114501953,1.0
3721,0.473818439468336,5.26181560531664,0.0026511430740356447,1.0
3722,0.5047905415863085,4.952094584136915,0.0030367136001586913,1.0
3723,0.4386333576456193,5.6136664235438065,0.0028305292129516602,1.0
3724,0.48178584338931724,5.182141566106827,0.0027927398681640626,1.0
3725,0.455678149251525,5.443218507484749,0.0025793790817260744,1.0
3726,0.48222003875408825,5.177799612459117,0.002997016906738281,1.0
3727,0.5671691309499601,4.328308690500399,0.0028949975967407227,1.0
3728,0.5679600738264103,4.320399261735896,0.0030566930770874025,1.0
3729,0.5539625939667444,4.460374060332557,0.0029851198196411133,1.0
3730,0.571732441579419,4.28267558420581,0.0029765605926513673,1.0
3731,0.5140179470996769,4.85982052900323,0.0028934240341186523,1.0
3732,0.5578183246450352,4.421816753549647,0.002873659133911133,1.0
3733,0.5457461397803667,4.542538602196332,0.003090238571166992,1.0
3734,0.5828487030097138,4.171512969902862,0.0030798912048339844,1.0
3735,0.5418572229072717,4.581427770927283,0.002749013900756836,1.0
3736,0.503637107605542,4.9636289239445786,0.00279388427734375,1.0
3737,0.4463602762302976,5.536397237697023,0.002917957305908203,1.0
3738,0.44626739251128605,5.5373260748871385,0.0031606674194335936,1.0
3739,0.4519789837506938,5.480210162493063,0.002894139289855957,1.0
3740,0.4761366930417429,5.23863306958257,0.00284273624420166,1.0
3741,0.5384423686998684,4.615576313001316,0.0029807090759277344,1.0
3742,0.5492042287495034,4.5079577125049655,0.0028833866119384764,1.0
3743,0.5695484219313752,4.304515780686247,0.0029378414154052736,1.0
3744,0.5596748486926777,4.403251513073222,0.002837538719177246,1.0
3745,0.46540735855540455,5.3459264144459535,0.0027984619140625,1.0
3746,0.5407683068941311,4.592316931058689,0.002976822853088379,1.0
3747,0.5550051707739077,4.449948292260925,0.002864575386047363,1.0
3748,0.5169207889658954,4.830792110341045,0.0030071020126342775,1.0
3749,0.5071528511186449,4.9284714888135515,0.0030050754547119142,1.0
3750,0.4850404882512212,5.149595117487788,0.0030985593795776365,1.0
3751,0.532672458787215,4.67327541212785,0.003034830093383789,1.0
3752,0.507294983814361,4.927050161856391,0.002936983108520508,1.0
3753,0.4842196234591308,5.1578037654086915,0.003156566619873047,1.0
3754,0.5435983241284267,4.564016758715733,0.002965211868286133,1.0
3755,0.4851153817659898,5.148846182340102,0.0029184818267822266,1.0
3756,0.5809446021121224,4.190553978878775,0.0025664329528808593,1.0
3757,0.5399425432664129,4.600574567335872,0.0028547048568725586,1.0
3758,0.5118881344220709,4.881118655779291,0.0030261993408203123,1.0
3759,0.523678495790758,4.76321504209242,0.0029840469360351562,1.0
3760,0.5465974409081114,4.534025590918886,0.002902984619140625,1.0
3761,0.5765951397661103,4.234048602338896,0.002957868576049805,1.0
3762,0.5607577188281994,4.392422811718007,0.0029776811599731444,1.0
3763,0.453722942059178,5.462770579408221,0.0029137134552001953,1.0
3764,0.45026670817026854,5.497332918297314,0.002803802490234375,1.0
3765,0.48372862007638917,5.1627137992361085,0.002876543998718262,1.0
3766,0.5211723985854534,4.788276014145466,0.0030835866928100586,1.0
3767,0.5575246143017348,4.424753856982651,0.003054165840148926,1.0
3768,0.4761223224497158,5.238776775502843,0.003194761276245117,1.0
3769,0.549092656088245,4.509073439117548,0.003011131286621094,1.0
3770,0.5483164878152464,4.516835121847536,0.0030422449111938477,1.0
3771,0.5797913598458837,4.202086401541164,0.002877473831176758,1.0
3772,0.5431987466228334,4.568012533771665,0.00277864933013916,1.0
3773,0.5960710462059879,4.03928953794012,0.0028382301330566405,1.0
3774,0.5969678844184759,4.03032115581524,0.002912139892578125,1.0
3775,0.48612402099385515,5.138759790061448,0.002882099151611328,1.0
3776,0.5127279044738401,4.872720955261599,0.0029692888259887696,1.0
3777,0.4989101315363868,5.010898684636131,0.002894139289855957,1.0
3778,0.5279532791892126,4.720467208107873,0.002954912185668945,1.0
3779,0.5924157265078664,4.075842734921336,0.0029311895370483397,1.0
3780,0.5157227556641566,4.842772443358434,0.002636218070983887,1.0
3781,0.618228195358008,3.8177180464199196,0.002971029281616211,1.0
3782,0.5643124317071886,4.356875682928114,0.002963352203369141,1.0
3783,0.5022257561774083,4.977742438225917,0.002968621253967285,1.0
3784,0.5767047457032962,4.232952542967037,0.002995204925537109,1.0
3785,0.49080833514572797,5.091916648542721,0.0028922319412231444,1.0
3786,0.5061712328816486,4.938287671183514,0.0030392885208129885,1.0
3787,0.513398054498755,4.8660194550124505,0.003011488914489746,1.0
3788,0.49624274200568097,5.037572579943189,0.002978205680847168,1.0
3789,0.5291598675093234,4.708401324906766,0.0028635501861572266,1.0
3790,0.5765543178505126,4.234456821494874,0.0030016183853149416,1.0
3791,0.554630262972334,4.453697370276659,0.002804851531982422,1.0
3792,0.5872445011607739,4.12755498839226,0.002819681167602539,1.0
3793,0.5344830578718615,4.655169421281385,0.0028767824172973634,1.0
3794,0.5303810562194057,4.696189437805943,0.0029500484466552734,1.0
3795,0.5164708933200385,4.8352910667996145,0.0028763532638549803,1.0
3796,0.5126912779526439,4.873087220473561,0.002840590476989746,1.0
3797,0.5192707882579713,4.807292117420285,0.003015470504760742,1.0
3798,0.5479997408734276,4.520002591265723,0.0029210805892944335,1.0
3799,0.5137297539354375,4.8627024606456235,0.0029930353164672853,1.0
3800,0.542154088413423,4.57845911586577,0.0030251026153564455,1.0
3801,0.5133374787841924,4.866625212158075,0.0028083324432373047,1.0
3802,0.453328551139532,5.466714488604681,0.003125929832458496,1.0
3803,0.5388381789324261,4.611618210675738,0.003005218505859375,1.0
3804,0.5610796898012875,4.389203101987124,0.0028951883316040037,1.0
3805,0.4905977224475643,5.094022775524357,0.0029631614685058593,1.0
3806,0.38614508205989795,6.13854917940102,0.002950739860534668,1.0
3807,0.45458903821476887,5.4541096178523105,0.0024836063385009766,1.0
3808,0.5231613253614926,4.768386746385072,0.0028993368148803713,1.0
3809,0.562383456086254,4.376165439137461,0.0029820919036865233,1.0
3810,0.4796063556125377,5.203936443874623,0.00292816162109375,1.0
3811,0.5356234297356142,4.643765702643859,0.0028525829315185548,1.0
3812,0.46247656017648514,5.375234398235148,0.002797651290893555,1.0
3813,0.5878680220219688,4.121319779780313,0.0028755903244018556,1.0
3814,0.5291631598823526,4.708368401176474,0.0030228853225708007,1.0
3815,0.5263456026019268,4.7365439739807345,0.002889561653137207,1.0
3816,0.49954173733304313,5.004582626669569,0.003061795234680176,1.0
3817,0.5627910005314859,4.372089994685142,0.003101682662963867,1.0
3818,0.4827261265778531,5.172738734221469,0.00306856632232666,1.0
3819,0.5215109397913171,4.784890602086829,0.003077125549316406,1.0
3820,0.5469084382449937,4.530915617550063,0.0030120372772216796,1.0
3821,0.5867327765853994,4.132672234146006,0.0030005693435668944,1.0
3822,0.5180272062531471,4.81972793746853,0.003010129928588867,1.0
3823,0.5633429372368455,4.366570627631545,0.0028397798538208007,1.0
3824,0.6001928808092616,3.9980711919073864,0.0028429031372070312,1.0
3825,0.5555757044382851,4.444242955617148,0.0028979301452636717,1.0
3826,0.555561102678183,4.444388973218169,0.00298309326171875,1.0
3827,0.5314147906645745,4.685852093354255,0.002895545959472656,1.0
3828,0.5235774912380212,4.764225087619787,0.002867269515991211,1.0
3829,0.5351036569865151,4.648963430134849,0.0029050350189208985,1.0
3830,0.5491861507233693,4.508138492766307,0.002972054481506348,1.0
3831,0.4710405912782864,5.289594087217134,0.002538609504699707,1.0
3832,0.5170526578876788,4.829473421123211,0.002814507484436035,1.0
3833,0.4779459659274579,5.22054034072542,0.0029819965362548827,1.0
3834,0.47085933039403194,5.29140669605968,0.0031795501708984375,1.0
3835,0.44250168283258084,5.574983171674192,0.0029763698577880858,1.0
3836,0.5086309165142449,4.91369083485755,0.00305783748626709,1.0
3837,0.5310200364659853,4.689799635340147,0.003030729293823242,1.0
3838,0.6199203920996086,3.800796079003914,0.0030509471893310548,1.0
3839,0.5317691013498903,4.682308986501097,0.002911496162414551,1.0
3840,0.5155351994573775,4.844648005426225,0.0029336214065551758,1.0
3841,0.4479026894077892,5.520973105922108,0.0028931856155395507,1.0
3842,0.5945027999320309,4.05497200067969,0.002963566780090332,1.0
3843,0.5777127180570741,4.2228728194292575,0.002868938446044922,1.0
3844,0.551926997943233,4.480730020567671,0.002969527244567871,1.0
3845,0.6200397063447606,3.799602936552394,0.0028078317642211913,1.0
3846,0.6043878954964732,3.9561210450352675,0.0028649091720581053,1.0
3847,0.4894462078804601,5.105537921195399,0.0028698205947875976,1.0
3848,0.4462925031092883,5.537074968907116,0.0027981996536254883,1.0
3849,0.4908881476407184,5.091118523592815,0.002879953384399414,1.0
3850,0.5833085296753209,4.16691470324679,0.002968883514404297,1.0
3851,0.5967739463774212,4.032260536225787,0.0030802488327026367,1.0
3852,0.6201853843110638,3.7981461568893606,0.002988886833190918,1.0
3853,0.6228836719880689,3.7711632801193096,0.003058123588562012,1.0
3854,0.5820259252680337,4.179740747319663,0.0031609535217285156,1.0
3855,0.5028689374311692,4.971310625688306,0.0029477357864379885,1.0
3856,0.5034017358593768,4.9659826414062325,0.003049802780151367,1.0
3857,0.4796802821235128,5.203197178764871,0.0030030012130737305,1.0
3858,0.511932525765792,4.880674742342081,0.0030894041061401366,1.0
3859,0.5191992310097557,4.808007689902441,0.0029802799224853517,1.0
3860,0.4838767520045358,5.161232479954641,0.0030791759490966797,1.0
3861,0.4654544814545454,5.345455185454546,0.0030138492584228516,1.0
3862,0.39198896120628407,6.080110387937159,0.002884650230407715,1.0
3863,0.5571360137986167,4.428639862013831,0.0028142690658569335,1.0
3864,0.49048475839920236,5.095152416007975,0.002821993827819824,1.0
3865,0.4844416628390168,5.155583371609831,0.0025091171264648438,1.0
3866,0.4871363146176206,5.128636853823794,0.0028401851654052735,1.0
3867,0.5467496355265762,4.532503644734239,0.0029280662536621095,1.0
3868,0.612514622368444,3.874853776315559,0.00295712947845459,1.0
3869,0.5423490590759728,4.5765094092402725,0.0031074762344360353,1.0
3870,0.4898657535130563,5.101342464869438,0.0029706954956054688,1.0
3871,0.5279314955492482,4.720685044507518,0.002947378158569336,1.0
3872,0.49382334336125977,5.061766566387401,0.0029401063919067385,1.0
3873,0.5726703103229063,4.273296896770936,0.0029734134674072265,1.0
3874,0.543859667896148,4.561403321038519,0.0029972314834594725,1.0
3875,0.5018455839632386,4.981544160367613,0.0025544166564941406,1.0
3876,0.4891059114772388,5.108940885227612,0.0030382394790649412,1.0
3877,0.4349151958604979,5.650848041395021,0.002949166297912598,1.0
3878,0.5019767080304439,4.98023291969556,0.0028213024139404296,1.0
3879,0.5269400401018294,4.730599598981706,0.0026881933212280274,1.0
3880,0.5178164982479476,4.821835017520524,0.002935981750488281,1.0
3881,0.48832057363997655,5.116794263600234,0.0029593467712402343,1.0
3882,0.549619410930531,4.503805890694691,0.002943134307861328,1.0
3883,0.561874060851408,4.381259391485921,0.0029256343841552734,1.0
3884,0.42108076428786545,5.789192357121346,0.0027547597885131834,1.0
3885,0.47237630550921406,5.276236944907859,0.002870631217956543,1.0
3886,0.49629035396091786,5.0370964603908215,0.003001236915588379,1.0
3887,0.5119331841285529,4.880668158714471,0.0029633760452270506,1.0
3888,0.4988781336827195,5.011218663172804,0.0028951168060302734,1.0
3889,0.5194425679530845,4.805574320469154,0.002895212173461914,1.0
3890,0.5474813816724557,4.5251861832754425,0.002899169921875,1.0
3891,0.5367562041386157,4.632437958613841,0.0028649091720581053,1.0
3892,0.44711223372369513,5.5288776627630485,0.002809953689575195,1.0
3893,0.5524763490661151,4.475236509338848,0.002886343002319336,1.0
3894,0.4893089062714261,5.106910937285739,0.002393198013305664,1.0
3895,0.5386126955838579,4.61387304416142,0.0029738664627075194,1.0
3896,0.5225262982142719,4.774737017857281,0.0027842998504638674,1.0
3897,0.5165542791158554,4.834457208841447,0.0030341386795043946,1.0
3898,0.5894182929910624,4.105817070089376,0.0029131174087524414,1.0
3899,0.5445612484917649,4.554387515082351,0.0030251026153564455,1.0
3900,0.5936517532568721,4.063482467431277,0.002898883819580078,1.0
3901,0.5344498913049882,4.655501086950118,0.0030333995819091797,1.0
3902,0.47230801893870006,5.276919810613,0.0029311418533325196,1.0
3903,0.528155813589199,4.71844186410801,0.0029482603073120116,1.0
3904,0.5110491796482703,4.8895082035172965,0.002957773208618164,1.0
3905,0.49796233926238276,5.020376607376172,0.0028819799423217773,1.0
3906,0.4588792067249017,5.411207932750983,0.002554512023925781,1.0
3907,0.4944881692073812,5.055118307926188,0.0028627872467041015,1.0
3908,0.49535372733616273,5.046462726638372,0.002877974510192871,1.0
3909,0.4859074754273796,5.140925245726204,0.002842998504638672,1.0
3910,0.5662303827340139,4.337696172659859,0.0029929161071777345,1.0
3911,0.6044670662867626,3.9553293371323734,0.0028563737869262695,1.0
3912,0.5307803608034114,4.692196391965885,0.0029912948608398437,1.0
3913,0.5355817753894392,4.644182246105608,0.002912020683288574,1.0
3914,0.5060833959392548,4.939166040607452,0.0029489994049072266,1.0
3915,0.4917891739994019,5.082108260005982,0.00304105281829834,1.0
3916,0.523691748056857,4.763082519431429,0.003059983253479004,1.0
3917,0.5408931373955127,4.591068626044873,0.003235459327697754,1.0
3918,0.441288738214889,5.58711261785111,0.0030900001525878905,1.0
3919,0.47445022827698446,5.2554977172301545,0.003235650062561035,1.0
3920,0.5456622708908194,4.543377291091806,0.0029534816741943358,1.0
3921,0.47890562199721687,5.210943780027831,0.003122544288635254,1.0
3922,0.5080293587376685,4.919706412623315,0.0025558948516845705,1.0
3923,0.505948952458764,4.94051047541236,0.002852034568786621,1.0
3924,0.5035148767330331,4.9648512326696705,0.0027761220932006835,1.0
3925,0.5145982187263737,4.854017812736262,0.002728843688964844,1.0
3926,0.5364471743616818,4.635528256383182,0.0027942419052124023,1.0
3927,0.4639239603865299,5.360760396134701,0.0027799367904663085,1.0
3928,0.5357928670204233,4.642071329795767,0.002806353569030762,1.0
3929,0.42495181285668115,5.7504818714331885,0.002835845947265625,1.0
3930,0.46599605079707185,5.340039492029281,0.0029614448547363283,1.0
3931,0.49459840019911006,5.054015998008898,0.0029012203216552735,1.0
3932,0.4951487923562836,5.048512076437164,0.0029773473739624023,1.0
3933,0.5415371003438323,4.584628996561676,0.003098297119140625,1.0
3934,0.5763804508113057,4.236195491886941,0.0030233144760131838,1.0
3935,0.548492382040002,4.51507617959998,0.0031142234802246094,1.0
3936,0.4857745441233134,5.142254558766865,0.0031094074249267576,1.0
3937,0.43459950565737815,5.654004943426219,0.003233981132507324,1.0
3938,0.5216769886173104,4.783230113826895,0.0030418872833251954,1.0
3939,0.42965815138223906,5.703418486177609,0.003136467933654785,1.0
3940,0.44506770554459785,5.549322944554022,0.0028717517852783203,1.0
3941,0.4777039889012191,5.222960110987808,0.002961564064025879,1.0
3942,0.38791817240383275,6.120818275961672,0.0028524398803710938,1.0
3943,0.5187917660170305,4.812082339829695,0.002767610549926758,1.0
3944,0.6035351080039785,3.964648919960215,0.002837085723876953,1.0
3945,0.5477027814338028,4.522972185661972,0.0027464151382446287,1.0
3946,0.5567051068027442,4.4329489319725575,0.00279695987701416,1.0
3947,0.5212249698093246,4.787750301906753,0.002805018424987793,1.0
3948,0.5481311916562078,4.518688083437921,0.0027812719345092773,1.0
3949,0.5895211888604649,4.10478811139535,0.0025922775268554686,1.0
3950,0.5985226481302099,4.014773518697899,0.003058719635009766,1.0
3951,0.4907610863988845,5.092389136011154,0.003011798858642578,1.0
3952,0.4458347308913796,5.541652691086204,0.003090190887451172,1.0
3953,0.46330431218447077,5.3669568781552925,0.0031137466430664062,1.0
3954,0.5575884003627635,4.4241159963723655,0.0030948162078857423,1.0
3955,0.6327881503946713,3.6721184960532858,0.0031900644302368165,1.0
3956,0.5900432511741075,4.099567488258925,0.002982616424560547,1.0
3957,0.4944488364605227,5.055511635394772,0.0031418561935424804,1.0
3958,0.5317970835626695,4.682029164373305,0.0029060840606689453,1.0
3959,0.4742256467987362,5.257743532012637,0.002956128120422363,1.0
3960,0.524895721052653,4.751042789473468,0.002861309051513672,1.0
3961,0.4168793495712829,5.831206504287172,0.002887248992919922,1.0
3962,0.44907420895531036,5.509257910446896,0.002860546112060547,1.0
3963,0.5022812072716915,4.977187927283085,0.002772212028503418,1.0
3964,0.4530799336172627,5.469200663827373,0.00282747745513916,1.0
3965,0.46012731640186216,5.398726835981377,0.002791142463684082,1.0
3966,0.4318605369149151,5.681394630850848,0.002508687973022461,1.0
3967,0.486357301471991,5.136426985280089,0.0029469966888427735,1.0
3968,0.4852258436722294,5.147741563277707,0.002927088737487793,1.0
3969,0.5264191852869551,4.73580814713045,0.0029888153076171875,1.0
3970,0.5321016139193164,4.678983860806835,0.003108692169189453,1.0
3971,0.48110751896840825,5.188924810315918,0.0031582117080688477,1.0
3972,0.5403381549177526,4.596618450822475,0.003010392189025879,1.0
3973,0.49159226452097277,5.0840773547902725,0.0030725717544555662,1.0
3974,0.543048034119376,4.5695196588062394,0.002884316444396973,1.0
3975,0.5760802639589923,4.239197360410077,0.003067278861999512,1.0
3976,0.4900446523109281,5.099553476890719,0.002958083152770996,1.0
3977,0.49960662581815657,5.003933741818434,0.0031397104263305663,1.0
3978,0.5739906274534671,4.260093725465329,0.0029799938201904297,1.0
3979,0.4850820836252807,5.149179163747193,0.00304105281829834,1.0
3980,0.49542921008347046,5.045707899165295,0.0028194189071655273,1.0
3981,0.5116455974325905,4.883544025674095,0.0030280590057373048,1.0
3982,0.5166187000674708,4.833812999325291,0.0028733730316162108,1.0
3983,0.5568529163827283,4.431470836172716,0.002854275703430176,1.0
3984,0.5331815481768982,4.668184518231017,0.0028815507888793946,1.0
3985,0.5868413246099825,4.131586753900175,0.0028445959091186524,1.0
3986,0.5193858070616846,4.806141929383155,0.002987194061279297,1.0
3987,0.5166595663369439,4.833404336630562,0.002830028533935547,1.0
3988,0.45874205560848036,5.412579443915196,0.0028997421264648437,1.0
3989,0.4366831275602018,5.633168724397981,0.002748560905456543,1.0
3990,0.5069013810970515,4.930986189029485,0.002932882308959961,1.0
3991,0.4827323908739244,5.172676091260756,0.0028597831726074217,1.0
3992,0.5391856073940181,4.608143926059817,0.0028160810470581055,1.0
3993,0.5811061423941524,4.188938576058475,0.0030347347259521485,1.0
3994,0.6167201018093044,3.8327989819069557,0.003055310249328613,1.0
3995,0.5811162175615656,4.188837824384342,0.0031081199645996093,1.0
3996,0.5317622536881321,4.682377463118678,0.0031883716583251953,1.0
3997,0.4921065708861416,5.078934291138582,0.0028482913970947266,1.0
3998,0.49771487577897106,5.022851242210289,0.002964019775390625,1.0
3999,0.4410658979801486,5.589341020198512,0.0030404806137084963,1.0
4000,0.4852007935658884,5.147992064341115,0.0028711557388305664,1.0
4001,0.40333017148460126,5.966698285153988,0.003013348579406738,1.0
4002,0.4466254350540534,5.5337456494594655,0.002903318405151367,1.0
4003,0.5098303949739987,4.901696050260012,0.003015446662902832,1.0
4004,0.5152761993448527,4.847238006551473,0.002982902526855469,1.0
4005,0.5123067662598183,4.8769323374018185,0.002910614013671875,1.0
4006,0.528497207861888,4.71502792138112,0.0028072357177734374,1.0
4007,0.48607954621231786,5.1392045378768225,0.0022324085235595702,1.0
4008,0.4270337968071941,5.72966203192806,0.002716064453125,1.0
4009,0.5105659550786366,4.894340449213635,0.0027185916900634766,1.0
4010,0.6196393476054968,3.8036065239450325,0.0028583526611328123,1.0
4011,0.5812750498481263,4.187249501518737,0.00295565128326416,1.0
4012,0.53690665724783,4.630933427521699,0.0029107332229614258,1.0
4013,0.568793268585553,4.31206731414447,0.0026931524276733398,1.0
4014,0.44293208514601606,5.570679148539839,0.0029656410217285155,1.0
4015,0.4830829823044831,5.169170176955168,0.002811574935913086,1.0
4016,0.5552348201249574,4.447651798750426,0.003079342842102051,1.0
4017,0.5718798948111263,4.281201051888738,0.003229188919067383,1.0
4018,0.5584205100481251,4.415794899518749,0.003144240379333496,1.0
4019,0.5196321888163157,4.8036781118368435,0.0032251834869384765,1.0
4020,0.5416233949993353,4.583766050006647,0.003085780143737793,1.0
4021,0.5720486416574538,4.279513583425461,0.0030081510543823243,1.0
4022,0.3976514544362164,6.023485455637836,0.002882719039916992,1.0
4023,0.4767899077037649,5.23210092296235,0.002826237678527832,1.0
4024,0.5820952592061224,4.179047407938777,0.0028810977935791017,1.0
4025,0.5252337665583984,4.747662334416017,0.002775263786315918,1.0
4026,0.5064002320849033,4.935997679150968,0.002793765068054199,1.0
4027,0.5626303157619346,4.373696842380655,0.002770233154296875,1.0
4028,0.5428838714341901,4.571161285658098,0.0027191877365112306,1.0
4029,0.5536452868178326,4.463547131821675,0.0026998043060302733,1.0
4030,0.5355796198977512,4.6442038010224875,0.0028687238693237303,1.0
4031,0.4849743857868637,5.150256142131363,0.002905464172363281,1.0
4032,0.5478580269347784,4.521419730652217,0.0028942584991455077,1.0
4033,0.4901345514343086,5.098654485656914,0.002885270118713379,1.0
4034,0.4452399965662545,5.547600034337456,0.003004574775695801,1.0
4035,0.4922217030679148,5.077782969320852,0.0030782461166381837,1.0
4036,0.44374929240260574,5.562507075973943,0.003267335891723633,1.0
4037,0.5679500851572816,4.320499148427183,0.003399205207824707,1.0
4038,0.4670431472752437,5.329568527247563,0.002799057960510254,1.0
4039,0.5422156273571199,4.577843726428799,0.0031025171279907226,1.0
4040,0.5845238227508078,4.154761772491921,0.0029967069625854493,1.0
4041,0.6269909529247895,3.730090470752105,0.0030146121978759767,1.0
4042,0.5530622790797923,4.469377209202076,0.002939319610595703,1.0
4043,0.48911651653511823,5.108834834648818,0.0026331424713134767,1.0
4044,0.5112348057744731,4.8876519422552684,0.0029291629791259764,1.0
4045,0.5567442460064538,4.432557539935464,0.0024641752243041992,1.0
4046,0.5805208787627649,4.19479121237235,0.00284273624420166,1.0
4047,0.5819420171481136,4.180579828518864,0.0027626991271972657,1.0
4048,0.5148518500293454,4.851481499706545,0.002733731269836426,1.0
4049,0.5944969968594588,4.055030031405411,0.002734804153442383,1.0
4050,0.4416913687960067,5.583086312039933,0.0027692556381225587,1.0
4051,0.5795823283553918,4.2041767164460815,0.0026297807693481446,1.0
4052,0.5283409482499031,4.716590517500969,0.002975606918334961,1.0
4053,0.37414964947228185,5.758503505277183,0.0027715206146240235,1.0
4054,0.5405409795036074,4.594590204963927,0.003228497505187988,1.0
4055,0.5725306126622982,4.274693873377019,0.0032364606857299806,1.0
4056,0.49307241760549714,5.069275823945028,0.003117656707763672,1.0
4057,0.5154465871544823,4.845534128455176,0.003199338912963867,1.0
4058,0.5468142743350273,4.531857256649727,0.003068828582763672,1.0
4059,0.5136515005463913,4.863484994536086,0.0030316829681396483,1.0
4060,0.5109620652937868,4.89037934706213,0.002935934066772461,1.0
4061,0.45807047053583927,5.419295294641605,0.002897357940673828,1.0
4062,0.4795035796267929,5.20496420373207,0.0026117563247680664,1.0
4063,0.5037650545570989,4.9623494544290105,0.0028592586517333985,1.0
4064,0.5871393540500743,4.128606459499257,0.0024776220321655273,1.0
4065,0.4430127363731575,5.569872636268423,0.002904391288757324,1.0
4066,0.4629100103732099,5.370899896267902,0.0029062509536743166,1.0
4067,0.41177428311864855,5.882257168813514,0.002820873260498047,1.0
4068,0.49324279404550025,5.067572059544998,0.002890944480895996,1.0
4069,0.5186863965793889,4.81313603420611,0.002875208854675293,1.0
4070,0.4602772054531011,5.397227945468989,0.0029277563095092773,1.0
4071,0.4786663882664669,5.21333611733533,0.0029021739959716798,1.0
4072,0.4933861202295066,5.066138797704933,0.002992558479309082,1.0
4073,0.4564234509368739,5.435765490631261,0.0026947975158691405,1.0
4074,0.4599430601104803,5.400569398895196,0.003055977821350098,1.0
4075,0.5240814034388608,4.759185965611392,0.0029542922973632814,1.0
4076,0.47688395871507483,5.231160412849251,0.003114652633666992,1.0
4077,0.5379465131576604,4.6205348684233964,0.003135418891906738,1.0
4078,0.48729502513172596,5.12704974868274,0.0030039548873901367,1.0
4079,0.5127442445954877,4.872557554045121,0.003114771842956543,1.0
4080,0.5208859982635182,4.7911400173648175,0.0028993368148803713,1.0
4081,0.5188047570980043,4.811952429019958,0.0029060840606689453,1.0
4082,0.5136207219001702,4.863792780998297,0.002904987335205078,1.0
4083,0.5398129232927592,4.601870767072408,0.002958393096923828,1.0
4084,0.5987237231588385,4.012762768411615,0.003017830848693848,1.0
4085,0.5240490948427243,4.759509051572758,0.00307464599609375,1.0
4086,0.5822944536919366,4.177055463080635,0.0029972314834594725,1.0
4087,0.536050709763438,4.639492902365619,0.0030380964279174806,1.0
4088,0.5341775737341582,4.658224262658418,0.0028953313827514648,1.0
4089,0.5062486017101031,4.937513982898969,0.002926278114318848,1.0
4090,0.38242062159455237,6.175793784054476,0.002826833724975586,1.0
4091,0.47885972356607454,5.211402764339255,0.0024936676025390627,1.0
4092,0.5250950898260258,4.7490491017397405,0.002810835838317871,1.0
4093,0.4852265834512325,5.147734165487675,0.0028723716735839845,1.0
4094,0.5628486462714838,4.371513537285162,0.0030251741409301758,1.0
4095,0.5091923051869459,4.908076948130541,0.0029181480407714845,1.0
4096,0.509084798124516,4.909152018754838,0.0032126665115356444,1.0
4097,0.46991083342398676,5.3008916657601315,0.003140163421630859,1.0
4098,0.4841185633931785,5.158814366068215,0.0031612873077392577,1.0
4099,0.4612652756621503,5.387347243378498,0.003016805648803711,1.0
4100,0.5581552327001948,4.41844767299805,0.0029641151428222655,1.0
4101,0.6193679702006177,3.8063202979938224,0.0030197381973266603,1.0
4102,0.5093720118401517,4.906279881598483,0.0030391931533813475,1.0
4103,0.5120995830424169,4.879004169575832,0.003032875061035156,1.0
4104,0.5328905170936455,4.671094829063546,0.00309293270111084,1.0
4105,0.44896819610594985,5.510318038940501,0.0030331134796142576,1.0
4106,0.4897881944524909,5.102118055475091,0.003012228012084961,1.0
4107,0.4944820247583096,5.055179752416903,0.0028668880462646485,1.0
4108,0.5810278296632079,4.189721703367919,0.0027538299560546874,1.0
4109,0.4486929298533668,5.513070701466332,0.0027698993682861326,1.0
4110,0.6001495826686752,3.9985041733132483,0.0026969671249389648,1.0
4111,0.5884028037798998,4.115971962201,0.0028170347213745117,1.0
4112,0.5417612473659317,4.582387526340684,0.002814984321594238,1.0
4113,0.49638936557551927,5.036106344244807,0.0026153802871704103,1.0
4114,0.4700289287060014,5.299710712939985,0.0030379295349121094,1.0
4115,0.47007156317408727,5.299284368259127,0.0029361724853515627,1.0
4116,0.5313000979244697,4.686999020755302,0.0030968427658081056,1.0
4117,0.5453453390454304,4.546546609545697,0.0030822277069091795,1.0
4118,0.5122706667782113,4.877293332217887,0.003226971626281738,1.0
4119,0.5078228222152408,4.921771777847591,0.003097057342529297,1.0
4120,0.45730840331917405,5.426915966808259,0.0032141447067260743,1.0
4121,0.5700113316802066,4.2998866831979345,0.003114628791809082,1.0
4122,0.5420644581552805,4.579355418447195,0.0031391382217407227,1.0
4123,0.5801843696608493,4.198156303391505,0.0029381275177001952,1.0
4124,0.5572947405948088,4.427052594051913,0.0030180692672729494,1.0
4125,0.5123556967199484,4.876443032800516,0.002859044075012207,1.0
4126,0.5616167140426944,4.383832859573055,0.0028599023818969725,1.0
4127,0.561932963968505,4.380670360314949,0.0027875661849975585,1.0
4128,0.5010938194229466,4.989061805770533,0.002715301513671875,1.0
4129,0.5195341522640329,4.804658477359672,0.0027060747146606446,1.0
4130,0.5629711942652268,4.370288057347731,0.002772617340087891,1.0
4131,0.5380400500045457,4.619599499954544,0.002833247184753418,1.0
4132,0.513136286023494,4.86863713976506,0.002780294418334961,1.0
4133,0.5543115634374735,4.456884365625266,0.002878713607788086,1.0
4134,0.49492202084428183,5.050779791557183,0.002939796447753906,1.0
4135,0.4108208596798306,5.891791403201693,0.003105759620666504,1.0
4136,0.46286751203291254,5.371324879670874,0.0031833648681640625,1.0
4137,0.45841266205085257,5.415873379491473,0.0033453702926635742,1.0
4138,0.5264847184118496,4.735152815881503,0.00323638916015625,1.0
4139,0.453737375519065,5.462626244809349,0.003187680244445801,1.0
4140,0.4633815024836065,5.366184975163935,0.0030597448348999023,1.0
4141,0.5266548416532839,4.73345158346716,0.003025507926940918,1.0
4142,0.46445217334325983,5.355478266567402,0.0029180765151977537,1.0
4143,0.5464200798291818,4.53579920170818,0.0028648138046264648,1.0
4144,0.48782791400973613,5.121720859902639,0.0029431819915771485,1.0
4145,0.5262547512238794,4.737452487761205,0.0027727603912353514,1.0
4146,0.5547590852741959,4.45240914725804,0.0029024839401245116,1.0
4147,0.46274900717656,5.3725099282344,0.002734375,1.0
4148,0.48690263232336567,5.130973676766343,0.0024408578872680666,1.0
4149,0.4610151561165388,5.389848438834612,0.002756476402282715,1.0
4150,0.5153996414134767,4.846003585865232,0.002722430229187012,1.0
4151,0.5158997395944586,4.841002604055414,0.002922654151916504,1.0
4152,0.5193521433527556,4.806478566472444,0.0029145240783691405,1.0
4153,0.5556281305404115,4.443718694595885,0.0030468463897705077,1.0
4154,0.542677024363549,4.573229756364509,0.002860283851623535,1.0
4155,0.5950239118352957,4.049760881647044,0.00304868221282959,1.0
4156,0.518420525443289,4.815794745567109,0.0032147884368896483,1.0
4157,0.5249906086792185,4.750093913207815,0.003102016448974609,1.0
4158,0.4635433984428198,5.364566015571802,0.0030919313430786133,1.0
4159,0.437197449801102,5.628025501988979,0.002980160713195801,1.0
4160,0.5276387026749632,4.723612973250368,0.0029219865798950197,1.0
4161,0.5032921271503136,4.967078728496864,0.0028692245483398437,1.0
4162,0.45710823045559384,5.428917695444062,0.0030785083770751955,1.0
4163,0.4780023472205029,5.219976527794971,0.002984929084777832,1.0
4164,0.44207620066158093,5.579237993384191,0.002927994728088379,1.0
4165,0.511656096036359,4.88343903963641,0.002950096130371094,1.0
4166,0.5155196430397968,4.844803569602031,0.0028726816177368163,1.0
4167,0.5128980231640705,4.871019768359295,0.002872610092163086,1.0
4168,0.5456508441504544,4.543491558495455,0.0027465105056762697,1.0
4169,0.49309056038193244,5.069094396180676,0.0025502443313598633,1.0
4170,0.4767076616785723,5.232923383214277,0.0028725147247314455,1.0
4171,0.5345671674894371,4.654328325105629,0.003057098388671875,1.0
4172,0.5546334892297643,4.453665107702356,0.0029558897018432616,1.0
4173,0.5239383621466291,4.760616378533707,0.002977418899536133,1.0
4174,0.5810896865855415,4.1891031341445855,0.0029097795486450195,1.0
4175,0.5381916292111844,4.618083707888156,0.0030403375625610352,1.0
4176,0.3919945790933076,6.080054209066923,0.003066420555114746,1.0
4177,0.4655271366411112,5.344728633588888,0.002678680419921875,1.0
4178,0.47392554800346093,5.260744519965391,0.002990388870239258,1.0
4179,0.44323921019998347,5.567607898000165,0.0030347585678100588,1.0
4180,0.461328523749604,5.386714762503959,0.002941274642944336,1.0
4181,0.5265917244966539,4.7340827550334605,0.00303347110748291,1.0
4182,0.5450528188312902,4.549471811687097,0.003163599967956543,1.0
4183,0.5150474683030605,4.8495253169693955,0.003128385543823242,1.0
4184,0.5939083751442801,4.0609162485571995,0.0029706716537475585,1.0
4185,0.5372792440608889,4.627207559391111,0.0030288219451904295,1.0
4186,0.44199327501566155,5.580067249843384,0.0028867721557617188,1.0
4187,0.4104668719196871,5.895331280803129,0.002937769889831543,1.0
4188,0.5301475715935495,4.6985242840645025,0.0028111934661865234,1.0
4189,0.5125989897511988,4.874010102488012,0.002772974967956543,1.0
4190,0.5764407586869732,4.235592413130269,0.0028352737426757812,1.0
4191,0.5224344149082627,4.775655850917373,0.0029088735580444338,1.0
4192,0.4751857243710579,5.24814275628942,0.002775263786315918,1.0
4193,0.5485803864985493,4.514196135014506,0.0028672218322753906,1.0
4194,0.5205527613891683,4.794472386108318,0.0022023677825927734,1.0
4195,0.5243674146145839,4.756325853854161,0.002981114387512207,1.0
4196,0.4524897818616185,5.475102181383815,0.0029752969741821287,1.0
4197,0.536058174559735,4.639418254402649,0.002876424789428711,1.0
4198,0.46619319656582264,5.338068034341773,0.0031662940979003905,1.0
4199,0.4486683133580927,5.513316866419073,0.002803540229797363,1.0
4200,0.5206921429126283,4.793078570873716,0.002946615219116211,1.0
4201,0.5953603156607273,4.046396843392727,0.0029546737670898436,1.0
4202,0.5415236007854294,4.584763992145704,0.003082871437072754,1.0
4203,0.578411313848118,4.21588686151882,0.0031301021575927735,1.0
4204,0.5678040264443933,4.3219597355560655,0.003059983253479004,1.0
4205,0.5450796961440649,4.54920303855935,0.0030202865600585938,1.0
4206,0.4848513385836911,5.151486614163087,0.002983379364013672,1.0
4207,0.47875267683843087,5.212473231615691,0.0029079198837280275,1.0
4208,0.47262142151207076,5.273785784879292,0.002749466896057129,1.0
4209,0.39869012379672686,6.013098762032731,0.002695608139038086,1.0
4210,0.4563155582076801,5.436844417923199,0.002724623680114746,1.0
4211,0.5020688941895709,4.979311058104291,0.002803134918212891,1.0
4212,0.5266904025002763,4.733095974997236,0.0027858495712280275,1.0
4213,0.5861345734229517,4.138654265770482,0.0028107881546020506,1.0
4214,0.5398395641363599,4.601604358636401,0.0027946710586547853,1.0
4215,0.5429266215343576,4.570733784656424,0.0030924081802368164,1.0
4216,0.5529842144450879,4.47015785554912,0.0031829833984375,1.0
4217,0.5437366182776541,4.562633817223459,0.0031699180603027345,1.0
4218,0.5704824525075481,4.295175474924518,0.0030309677124023436,1.0
4219,0.5896131765959935,4.103868234040064,0.003050398826599121,1.0
4220,0.5693557730386776,4.306442269613225,0.003074789047241211,1.0
4221,0.48449413801478497,5.15505861985215,0.0030026912689208986,1.0
4222,0.5246348354550141,4.7536516454498585,0.003145003318786621,1.0
4223,0.5654050984515248,4.345949015484752,0.0030469655990600585,1.0
4224,0.46060838196956216,5.3939161803043785,0.003074455261230469,1.0
4225,0.47928101210054824,5.207189878994519,0.0029694080352783204,1.0
4226,0.5146775744644863,4.853224255355137,0.0028752565383911135,1.0
4227,0.4615332052023649,5.384667947976351,0.002905607223510742,1.0
4228,0.4175305930084667,5.824694069915333,0.0024426937103271484,1.0
4229,0.5823880300378391,4.176119699621608,0.002729177474975586,1.0
4230,0.6300185229705708,3.6998147702942914,0.002735733985900879,1.0
4231,0.5157449245864019,4.84255075413598,0.0028896331787109375,1.0
4232,0.5500955459368401,4.4990445406315995,0.00290982723236084,1.0
4233,0.46149265591614286,5.38507344083857,0.002894020080566406,1.0
4234,0.5330734003611133,4.669265996388866,0.0024831533432006837,1.0
4235,0.4966205495964463,5.033794504035537,0.0029657840728759765,1.0
4236,0.49567912102752165,5.043208789724782,0.0029047489166259765,1.0
4237,0.47203456228646673,5.279654377135333,0.0029859066009521483,1.0
4238,0.38370540400876296,6.16294595991237,0.0031574726104736327,1.0
4239,0.49385758465681134,5.061424153431886,0.003113412857055664,1.0
4240,0.5995691017628003,4.004308982371997,0.0030097723007202148,1.0
4241,0.605498848372026,3.9450115162797394,0.003023719787597656,1.0
4242,0.5530165464309672,4.469834535690328,0.0029357433319091796,1.0
4243,0.5810001888395129,4.189998111604871,0.002803945541381836,1.0
4244,0.48855861859787914,5.1144138140212085,0.0029535531997680665,1.0
4245,0.5335925884103057,4.664074115896942,0.002607417106628418,1.0
4246,0.5347876088652834,4.652123911347166,0.0029431819915771485,1.0
4247,0.5670359425544257,4.329640574455743,0.0028917789459228516,1.0
4248,0.5331495315404942,4.668504684595058,0.002771949768066406,1.0
4249,0.5668430432941252,4.331569567058748,0.0028695106506347657,1.0
4250,0.5075936902480929,4.924063097519071,0.00292661190032959,1.0
4251,0.5568567418183641,4.431432581816358,0.0029746055603027343,1.0
4252,0.544133011849171,4.5586698815082904,0.002819252014160156,1.0
4253,0.519499464568214,4.805005354317858,0.003001284599304199,1.0
4254,0.5211418525004967,4.788581474995032,0.0028267621994018553,1.0
4255,0.539892631510348,4.601073684896519,0.003020787239074707,1.0
4256,0.563716567785605,4.362834322143949,0.003059697151184082,1.0
4257,0.6114263586517189,3.8857364134828116,0.0030380964279174806,1.0
4258,0.5232758099707441,4.767241900292559,0.0031183242797851564,1.0
4259,0.564382292073277,4.356177079267231,0.0029853343963623046,1.0
4260,0.5229453049073314,4.770546950926686,0.003008127212524414,1.0
4261,0.5809596443255919,4.19040355674408,0.0029846668243408204,1.0
4262,0.5987695603863947,4.012304396136053,0.002885246276855469,1.0
4263,0.5669710173226836,4.330289826773163,0.0030126333236694335,1.0
4264,0.4707068539798379,5.292931460201621,0.0029653310775756836,1.0
4265,0.48423227384934675,5.1576772615065325,0.003021240234375,1.0
4266,0.5271883199163969,4.728116800836031,0.0030401468276977537,1.0
4267,0.5090884057179983,4.9091159428200175,0.002892756462097168,1.0
4268,0.5072784512650002,4.927215487349998,0.002900362014770508,1.0
4269,0.41604808545296573,5.839519145470343,0.002766060829162598,1.0
4270,0.49973093174542027,5.002690682545797,0.00295712947845459,1.0
4271,0.5205216360577107,4.794783639422891,0.002945542335510254,1.0
4272,0.5623295296809588,4.376704703190412,0.0028224945068359374,1.0
4273,0.5357610788441349,4.642389211558652,0.0028717041015625,1.0
4274,0.4637775920091399,5.362224079908601,0.0028063774108886717,1.0
4275,0.4930263999467909,5.069736000532091,0.0029228687286376952,1.0
4276,0.5563900126597277,4.436099873402723,0.0030014753341674806,1.0
4277,0.6120796680233316,3.8792033197666838,0.0029918909072875976,1.0
4278,0.4920109253370052,4.579890746629948,0.002703142166137695,1.0
4279,0.5053176276472298,4.946823723527702,0.0031024932861328123,1.0
4280,0.45555929080014046,5.444407091998596,0.002919125556945801,1.0
4281,0.4275063857638462,5.724936142361538,0.003027606010437012,1.0
4282,0.5470874607595604,4.529125392404397,0.0030670404434204102,1.0
4283,0.5723571948143953,4.276428051856047,0.0030989885330200196,1.0
4284,0.5883679113047793,4.116320886952207,0.003134274482727051,1.0
4285,0.5524279265298807,4.475720734701193,0.003021645545959473,1.0
4286,0.5538361605633626,4.461638394366373,0.003026247024536133,1.0
4287,0.5704138249067031,4.295861750932969,0.0029956817626953123,1.0
4288,0.5396266474159851,4.603733525840149,0.002843785285949707,1.0
4289,0.528095447319957,4.71904552680043,0.002805280685424805,1.0
4290,0.5319545331615647,4.6804546683843515,0.00279695987701416,1.0
4291,0.5310752710134844,4.689247289865156,0.0028624534606933594,1.0
4292,0.5089195873996715,4.910804126003287,0.002776956558227539,1.0
4293,0.4373416379180983,5.626583620819017,0.0028182029724121093,1.0
4294,0.4085393548088664,5.914606451911335,0.002744174003601074,1.0
4295,0.4185551961257664,5.814448038742336,0.002788400650024414,1.0
4296,0.5200174026184458,4.799825973815542,0.0029560089111328124,1.0
4297,0.560640302987051,4.393596970129489,0.003041195869445801,1.0
4298,0.56108171244182,4.3891828755818,0.0030720710754394533,1.0
4299,0.4892268248267747,5.107731751732252,0.0032093286514282226,1.0
4300,0.3879250209607797,5.620749790392203,0.0028770923614501952,1.0
4301,0.5612140892346983,4.387859107653016,0.003109645843505859,1.0
4302,0.5177003153809648,4.822996846190351,0.003077530860900879,1.0
4303,0.47997311582552465,5.200268841744753,0.003174591064453125,1.0
4304,0.4453453406253508,5.546546593746493,0.0030804872512817383,1.0
4305,0.5021188708359858,4.978811291640141,0.0029854774475097656,1.0
4306,0.545223384925984,4.54776615074016,0.003009128570556641,1.0
4307,0.5866422023074407,4.133577976925594,0.0029059410095214843,1.0
4308,0.5011223092461539,4.988776907538462,0.002818727493286133,1.0
4309,0.520263295971112,4.797367040288879,0.002719402313232422,1.0
4310,0.5057742794156479,4.94225720584352,0.002754664421081543,1.0
4311,0.49947808131297056,5.005219186870294,0.0025864601135253905,1.0
4312,0.43775392837319294,5.622460716268071,0.002792954444885254,1.0
4313,0.579842799989291,4.20157200010709,0.0028167724609375,1.0
4314,0.5036035873394422,4.9639641266055765,0.0027614831924438477,1.0
4315,0.5667006654194207,4.332993345805792,0.002879619598388672,1.0
4316,0.5162537393918497,4.837462606081503,0.0030159711837768554,1.0
4317,0.6370283800810728,3.6297161991892706,0.003111124038696289,1.0
4318,0.6397860454527258,3.6021395454727427,0.003210783004760742,1.0
4319,0.5947742419763353,4.052257580236646,0.0030606985092163086,1.0
4320,0.5103957951067228,4.896042048932773,0.0031485795974731446,1.0
4321,0.5294963595766619,4.705036404233382,0.003197121620178223,1.0
4322,0.5565475875523485,4.434524124476516,0.003197932243347168,1.0
4323,0.47575311280976856,5.242468871902313,0.0030568122863769533,1.0
4324,0.5469910662911558,4.530089337088442,0.0030528545379638673,1.0
4325,0.514267408190506,4.857325918094941,0.0029508590698242186,1.0
4326,0.4776614140548821,5.223385859451179,0.0029048919677734375,1.0
4327,0.5702840635676563,4.297159364323439,0.0028234004974365236,1.0
4328,0.5908092223746698,4.091907776253302,0.0027862310409545897,1.0
4329,0.4581176120964174,5.418823879035826,0.002724099159240723,1.0
4330,0.4399717595641617,5.600282404358383,0.0028385162353515626,1.0
4331,0.44451294559461124,5.554870544053887,0.0027916431427001953,1.0
4332,0.5424287439150504,4.575712560849497,0.0029112577438354494,1.0
4333,0.5144044479586074,4.855955520413925,0.002930092811584473,1.0
4334,0.510754972368457,4.89245027631543,0.002797436714172363,1.0
4335,0.5199328113980031,4.800671886019968,0.002909135818481445,1.0
4336,0.5869737337364697,4.130262662635302,0.002962636947631836,1.0
4337,0.5417751684032048,4.58224831596795,0.003072094917297363,1.0
4338,0.5452991527797447,4.547008472202553,0.003180718421936035,1.0
4339,0.40585665396642473,5.941433460335753,0.002998661994934082,1.0
4340,0.5151708052060735,4.8482919479392645,0.0031415224075317383,1.0
4341,0.5724100701822158,4.275899298177842,0.0029987812042236326,1.0
4342,0.48733946920447047,5.126605307955294,0.003067946434020996,1.0
4343,0.5505235313278846,4.494764686721155,0.0030211448669433595,1.0
4344,0.532844707161446,4.671552928385539,0.0029406309127807616,1.0
4345,0.5323885011430611,4.676114988569388,0.0029679298400878905,1.0
4346,0.5696936105274104,4.303063894725895,0.0029102325439453124,1.0
4347,0.4785712097456261,5.214287902543739,0.002842879295349121,1.0
4348,0.4450323016378192,5.549676983621809,0.002773571014404297,1.0
4349,0.5335509251969822,4.664490748030178,0.002831125259399414,1.0
4350,0.5634900817162081,4.365099182837921,0.0029125452041625977,1.0
4351,0.49866914488815806,5.0133085511184206,0.002897334098815918,1.0
4352,0.5642788285245316,4.357211714754683,0.002860736846923828,1.0
4353,0.49056876663195165,5.094312333680482,0.0029510498046875,1.0
4354,0.5667297219593463,4.332702780406537,0.0029373884201049803,1.0
4355,0.537636859358861,4.623631406411391,0.0029068946838378905,1.0
4356,0.5113426237516463,4.886573762483536,0.0030664443969726563,1.0
4357,0.4662661220264064,5.337338779735937,0.0030735254287719725,1.0
4358,0.48731076848261334,5.126892315173866,0.003161764144897461,1.0
4359,0.5221560602139718,4.77843939786028,0.0030013322830200195,1.0
4360,0.5117952470161061,4.882047529838939,0.0030915021896362306,1.0
4361,0.5305978967392146,4.694021032607853,0.0031055927276611326,1.0
4362,0.5699265667980149,4.30073433201985,0.003107285499572754,1.0
4363,0.5287875403388498,4.712124596611503,0.0031232833862304688,1.0
4364,0.5436351621051188,4.563648378948813,0.002978944778442383,1.0
4365,0.5095459689381351,4.904540310618648,0.003002500534057617,1.0
4366,0.5916938794544816,4.083061205455183,0.0030148983001708984,1.0
4367,0.5800902228353353,4.199097771646647,0.002869129180908203,1.0
4368,0.4594843441461675,5.405156558538325,0.002874016761779785,1.0
4369,0.4950333767473453,5.049666232526545,0.0027494192123413085,1.0
4370,0.481818476782928,5.18181523217072,0.0028413772583007813,1.0
4371,0.5527987537717591,4.472012462282409,0.002816581726074219,1.0
4372,0.5508099880416523,4.491900119583478,0.0027426481246948242,1.0
4373,0.5481154286999195,4.518845713000806,0.0028525829315185548,1.0
4374,0.5342340597285568,4.657659402714432,0.0027534961700439453,1.0
4375,0.569854123884248,4.301458761157519,0.0028645992279052734,1.0
4376,0.5772286373860942,4.227713626139058,0.0028758525848388674,1.0
4377,0.5055186734115579,4.94481326588442,0.002942800521850586,1.0
4378,0.4834640908936086,5.165359091063914,0.003123307228088379,1.0
4379,0.5446374418438439,4.55362558156156,0.0030440568923950197,1.0
4380,0.5140635888816878,4.859364111183122,0.0027306318283081056,1.0
4381,0.47171207440321583,5.282879255967842,0.003159165382385254,1.0
4382,0.4148722145875138,5.851277854124862,0.003145861625671387,1.0
4383,0.5154474670470447,4.845525329529553,0.0032555818557739257,1.0
4384,0.5363516942480805,4.636483057519195,0.0030338525772094726,1.0
4385,0.4986161384353019,5.013838615646981,0.003035283088684082,1.0
4386,0.4120152836550598,5.879847163449403,0.0028943300247192385,1.0
4387,0.4670169427742115,5.329830572257885,0.0029420852661132812,1.0
4388,0.4356858669566909,5.643141330433089,0.002832174301147461,1.0
4389,0.4864431709221286,5.135568290778713,0.00247650146484375,1.0
4390,0.5184522259593584,4.815477740406417,0.0028438568115234375,1.0
4391,0.5235479981252159,4.764520018747841,0.0028906822204589843,1.0
4392,0.4231694285569233,5.268305714430768,0.002596879005432129,1.0
4393,0.4603163699822422,5.396836300177577,0.0028921127319335937,1.0
4394,0.4562491823145874,5.437508176854125,0.002761983871459961,1.0
4395,0.5013237019706408,4.986762980293592,0.002852916717529297,1.0
4396,0.44922937136083635,5.507706286391636,0.00291745662689209,1.0
4397,0.5325764654097996,4.674235345902003,0.0029366254806518556,1.0
4398,0.5311994215776336,4.688005784223662,0.0032769441604614258,1.0
4399,0.5458623688858106,4.541376311141894,0.0032415390014648438,1.0
4400,0.5125536765427146,4.874463234572854,0.0031869888305664064,1.0
4401,0.5242779063090979,4.75722093690902,0.003304266929626465,1.0
4402,0.5204234555884887,4.795765444115113,0.0030903339385986326,1.0
4403,0.46142682083611125,5.385731791638888,0.003105354309082031,1.0
4404,0.549023764203245,4.509762357967551,0.0029564142227172852,1.0
4405,0.43047116963957877,5.695288303604213,0.0029153347015380858,1.0
4406,0.45836822039299774,5.4163177960700235,0.002955508232116699,1.0
4407,0.5342088764986435,4.6579112350135645,0.002852344512939453,1.0
4408,0.5290553096093186,4.709446903906813,0.002767324447631836,1.0
4409,0.5024064860956136,4.975935139043864,0.002466559410095215,1.0
4410,0.45907253472804843,5.409274652719516,0.0027936458587646484,1.0
4411,0.5169433688157519,4.830566311842482,0.002557063102722168,1.0
4412,0.43492302741922295,5.650769725807771,0.002785944938659668,1.0
4413,0.4531429021173845,5.468570978826154,0.0027567148208618164,1.0
4414,0.48900895745780637,5.109910425421937,0.002188849449157715,1.0
4415,0.5218161670142079,4.781838329857921,0.0028580665588378907,1.0
4416,0.5347660802313594,4.652339197686405,0.0029498577117919923,1.0
4417,0.5691733400375636,4.308266599624363,0.0030016660690307616,1.0
4418,0.5461086693169296,4.538913306830704,0.0028745412826538088,1.0
4419,0.4746065880897404,5.253934119102597,0.0032309532165527345,1.0
4420,0.5174802725466003,4.825197274533997,0.0028205156326293946,1.0
4421,0.4514153037288097,5.4858469627119035,0.003255152702331543,1.0
4422,0.48901500195092396,5.109849980490759,0.002892756462097168,1.0
4423,0.5385823390459434,4.614176609540565,0.0031519412994384767,1.0
4424,0.6100321840820577,3.899678159179423,0.003093528747558594,1.0
4425,0.5452958187910086,4.547041812089913,0.00287930965423584,1.0
4426,0.5076130949768172,4.923869050231828,0.0028658628463745115,1.0
4427,0.47303299561194667,5.269670043880533,0.0028076171875,1.0
4428,0.5019541654826891,4.980458345173109,0.0027279376983642576,1.0
4429,0.5177511070321275,4.822488929678725,0.002708768844604492,1.0
4430,0.5267975956927475,4.732024043072523,0.002777504920959473,1.0
4431,0.5297188368062111,4.702811631937889,0.0028517961502075194,1.0
4432,0.4731943822463608,5.268056177536391,0.002854061126708984,1.0
4433,0.5183544000866693,4.816455999133305,0.0029633045196533203,1.0
4434,0.45457538595220576,5.454246140477942,0.0028197050094604494,1.0
4435,0.5331103877872435,4.668896122127565,0.0028984546661376953,1.0
4436,0.5554482094789752,4.445517905210247,0.0026604413986206056,1.0
4437,0.5339486294340943,4.660513705659057,0.002566409111022949,1.0
4438,0.5827297354450574,4.1727026455494265,0.0029603719711303713,1.0
4439,0.5408224477527687,4.591775522472313,0.003265237808227539,1.0
4440,0.5572727244792192,4.427272755207808,0.003155827522277832,1.0
4441,0.5743224252424834,4.256775747575165,0.003163743019104004,1.0
4442,0.5542487330957073,4.457512669042927,0.003174614906311035,1.0
4443,0.5001728978280233,4.998271021719766,0.0030174016952514648,1.0
4444,0.5937247584538361,4.062752415461639,0.0031087636947631837,1.0
4445,0.6283251873065903,3.7167481269340974,0.00296175479888916,1.0
4446,0.5588623954917117,4.411376045082882,0.0029277801513671875,1.0
4447,0.5406615380156482,4.593384619843516,0.0029123783111572265,1.0
4448,0.5542945139991018,4.4570548600089825,0.002820253372192383,1.0
4449,0.4922248985522045,5.077751014477955,0.002893400192260742,1.0
4450,0.3988845551644833,6.011154448355167,0.0028577804565429687,1.0
4451,0.48887361122156303,5.11126388778437,0.002882838249206543,1.0
4452,0.5101784544549897,4.898215455450105,0.0028464794158935547,1.0
4453,0.4825732106947635,5.174267893052365,0.002870488166809082,1.0
4454,0.4662685433054662,5.337314566945337,0.002874922752380371,1.0
4455,0.5218663965539506,4.781336034460494,0.0029232978820800783,1.0
4456,0.5588870048781447,4.411129951218554,0.0029282331466674804,1.0
4457,0.5682128564566461,4.31787143543354,0.0028126716613769533,1.0
4458,0.5581270592203256,4.418729407796742,0.0028866052627563475,1.0
4459,0.5459789352594073,4.540210647405926,0.0030855417251586916,1.0
4460,0.5788962563796718,4.211037436203281,0.0030641078948974608,1.0
4461,0.5812841848874054,4.187158151125947,0.0030135393142700197,1.0
4462,0.5192093834356394,4.807906165643606,0.0031586170196533205,1.0
4463,0.5171769388001379,4.828230611998621,0.0030901193618774413,1.0
4464,0.5531048054671384,4.468951945328614,0.003071284294128418,1.0
4465,0.4994883814429404,5.005116185570596,0.003055119514465332,1.0
4466,0.4743557119396854,5.256442880603146,0.0026437520980834963,1.0
4467,0.5611110972783827,4.388889027216171,0.0026358842849731447,1.0
4468,0.5661756029652885,4.338243970347116,0.0029029130935668947,1.0
4469,0.5223086818533333,4.776913181466666,0.002818584442138672,1.0
4470,0.5875308126531555,4.124691873468445,0.0029916286468505858,1.0
4471,0.5332877883111242,4.667122116888757,0.002987051010131836,1.0
4472,0.552352707449279,4.476472925507211,0.002921009063720703,1.0
4473,0.5178301049939605,4.8216989500603935,0.002850055694580078,1.0
4474,0.4860075636328154,5.139924363671846,0.0028055906295776367,1.0
4475,0.6261379941260332,3.7386200587396687,0.0029203176498413088,1.0
4476,0.5768818164928018,4.231181835071982,0.0028146743774414063,1.0
4477,0.6185945250959277,3.814054749040723,0.002793574333190918,1.0
4478,0.5571773345697202,4.428226654302799,0.002906942367553711,1.0
4479,0.5115914641244708,4.884085358755291,0.003026413917541504,1.0
4480,0.4690997537066882,5.309002462933117,0.0031244754791259766,1.0
4481,0.6398901788095002,3.601098211904998,0.003007841110229492,1.0
4482,0.5156378504928715,4.843621495071284,0.0031525850296020507,1.0
4483,0.4448264546542241,5.551735453457759,0.003156900405883789,1.0
4484,0.5018819198832599,4.9811808011674,0.0030454158782958984,1.0
4485,0.549676514016428,4.50323485983572,0.0030582189559936524,1.0
4486,0.5591165118449137,4.408834881550862,0.002556037902832031,1.0
4487,0.5464174764866818,4.5358252351331805,0.0027305126190185548,1.0
4488,0.5208564932658908,4.791435067341093,0.00294950008392334,1.0
4489,0.5092704165054882,4.907295834945119,0.0029044389724731446,1.0
4490,0.5451219037691291,4.548780962308711,0.0029298067092895508,1.0
4491,0.46483447399092465,5.351655260090753,0.0029709339141845703,1.0
4492,0.5624402681973668,4.3755973180263315,0.0028411149978637695,1.0
4493,0.5748335242918217,4.251664757081784,0.0028385162353515626,1.0
4494,0.5515085734274383,4.4849142657256165,0.0027535200119018556,1.0
4495,0.5650802191740385,4.349197808259615,0.003353714942932129,1.0
4496,0.576286971819334,4.237130281806659,0.0028542995452880858,1.0
4497,0.557072982730576,4.42927017269424,0.0027921199798583984,1.0
4498,0.48181590821955955,5.181840917804403,0.002890348434448242,1.0
4499,0.48083194054571116,5.191680594542888,0.002779436111450195,1.0
4500,0.5393356768160839,4.606643231839161,0.0032005071640014648,1.0
4501,0.5554542532860092,4.445457467139908,0.003043341636657715,1.0
4502,0.5594846105495954,4.4051538945040445,0.003269004821777344,1.0
4503,0.4838602337129255,5.161397662870745,0.0032994747161865234,1.0
4504,0.5177313677554544,4.822686322445456,0.0031166553497314455,1.0
4505,0.517906621327259,4.8209337867274105,0.0029990434646606444,1.0
4506,0.5211513856440495,4.7884861435595045,0.002953958511352539,1.0
4507,0.5176753808241553,4.823246191758446,0.0029789209365844727,1.0
4508,0.5191766707241845,4.808233292758154,0.0026450395584106446,1.0
4509,0.5117227018839149,4.882772981160852,0.0027931690216064452,1.0
4510,0.5335740179676057,4.664259820323943,0.0028595209121704103,1.0
4511,0.603795238974258,3.962047610257419,0.002658653259277344,1.0
4512,0.4883507911478982,5.116492088521018,0.002538895606994629,1.0
4513,0.5496633775696982,4.503366224303018,0.002824831008911133,1.0
4514,0.5966541788865205,4.0334582111347945,0.0027721881866455077,1.0
4515,0.5399032876493348,4.600967123506652,0.0027808427810668947,1.0
4516,0.5882347360625609,4.1176526393743895,0.0029852628707885743,1.0
4517,0.5697485571446796,4.302514428553203,0.0028649330139160155,1.0
4518,0.517249585713704,4.827504142862959,0.0029007911682128905,1.0
4519,0.5584153909279688,4.415846090720313,0.003059673309326172,1.0
4520,0.4525262672609129,5.474737327390871,0.0032704830169677734,1.0
4521,0.559191146873072,4.408088531269279,0.00304110050201416,1.0
4522,0.5760055494013586,4.239944505986413,0.0032865524291992186,1.0
4523,0.5501775168551952,4.498224831448047,0.003105926513671875,1.0
4524,0.5657720784689622,4.342279215310379,0.003093433380126953,1.0
4525,0.5705078245221671,4.294921754778328,0.002935791015625,1.0
4526,0.5100110075422274,4.899889924577727,0.002884173393249512,1.0
4527,0.5667813346737438,4.332186653262561,0.002965402603149414,1.0
4528,0.5684198920238904,4.315801079761096,0.0027783393859863283,1.0
4529,0.593169185298733,4.0683081470126705,0.00243222713470459,1.0
4530,0.5549902376228517,4.450097623771482,0.002932143211364746,1.0
4531,0.5671931738120751,4.328068261879248,0.002860283851623535,1.0
4532,0.5285949928107684,4.714050071892316,0.0029222726821899413,1.0
4533,0.5075945355165687,4.924054644834311,0.0029142618179321287,1.0
4534,0.4189407750176901,5.8105922498231,0.002871131896972656,1.0
4535,0.47388525266941617,5.261147473305838,0.0029402971267700195,1.0
4536,0.5533017871151641,4.4669821288483575,0.00302581787109375,1.0
4537,0.5001415993048653,4.998584006951345,0.0029349327087402344,1.0
4538,0.551556156704868,4.48443843295132,0.002894425392150879,1.0
4539,0.5139181631165871,4.8608183688341295,0.0029929637908935546,1.0
4540,0.4086808936094656,5.913191063905344,0.0031247854232788084,1.0
4541,0.44448301764717657,5.555169823528234,0.0029579639434814454,1.0
4542,0.546733095374669,4.532669046253309,0.0032375335693359377,1.0
4543,0.4555531811812642,5.444468188187358,0.0030964374542236327,1.0
4544,0.5563658388421372,4.436341611578627,0.0030353546142578127,1.0
4545,0.534147173418229,4.65852826581771,0.0029774904251098633,1.0
4546,0.45430443500852197,5.45695564991478,0.0026065349578857423,1.0
4547,0.5438874403127771,4.561125596872228,0.002945351600646973,1.0
4548,0.46902495576953934,5.3097504423046065,0.0025525331497192384,1.0
4549,0.40295581668566277,5.970441833143372,0.0024020910263061524,1.0
4550,0.4767668483613662,5.2323315163863375,0.0028860807418823243,1.0
4551,0.5236815764841085,4.763184235158914,0.002975797653198242,1.0
4552,0.5382443454917696,4.617556545082302,0.0028603792190551756,1.0
4553,0.5083403912317014,4.916596087682987,0.0030083656311035156,1.0
4554,0.438890820453041,5.611091795469591,0.0028554439544677735,1.0
4555,0.5486811817913558,4.51318818208644,0.0029115676879882812,1.0
4556,0.5667072611618795,4.332927388381204,0.002872323989868164,1.0
4557,0.47377196188832915,5.2622803811167085,0.0028844833374023437,1.0
4558,0.5277506104894959,4.722493895105041,0.002758216857910156,1.0
4559,0.49390213133035016,5.060978686696497,0.002946949005126953,1.0
4560,0.4395779012034377,5.604220987965622,0.0025798320770263673,1.0
4561,0.5020308137027523,4.979691862972477,0.0029851436614990235,1.0
4562,0.5195080619702305,4.8049193802976955,0.0031888484954833984,1.0
4563,0.4934685149390908,5.065314850609092,0.0030419349670410155,1.0
4564,0.5326245867333405,4.673754132666595,0.003107714653015137,1.0
4565,0.5800158394371374,4.199841605628626,0.002942395210266113,1.0
4566,0.5526349523444118,4.47365047655588,0.0031057357788085937,1.0
4567,0.5279669829279691,4.720330170720309,0.0029852628707885743,1.0
4568,0.5015389892388527,4.984610107611474,0.002864694595336914,1.0
4569,0.4590428325313939,5.4095716746860605,0.003002500534057617,1.0
4570,0.5174209476375384,4.825790523624615,0.003083539009094238,1.0
4571,0.4837096237149604,5.162903762850396,0.003001904487609863,1.0
4572,0.43869953648519955,5.6130046351480045,0.0029937744140625,1.0
4573,0.4954197787951298,5.045802212048701,0.0028420686721801758,1.0
4574,0.5404720047695414,4.595279952304586,0.0026107072830200196,1.0
4575,0.5458771337715456,4.541228662284544,0.002789735794067383,1.0
4576,0.5056942001863924,4.943057998136076,0.002855229377746582,1.0
4577,0.502529313004991,4.97470686995009,0.002803945541381836,1.0
4578,0.6014548607156989,3.985451392843011,0.0027942895889282227,1.0
4579,0.5373335416857452,4.626664583142549,0.0028969526290893556,1.0
4580,0.44420027307064813,5.5579972692935184,0.0029581069946289064,1.0
4581,0.4250876266519642,5.749123733480358,0.0027048587799072266,1.0
4582,0.5174123677309974,4.825876322690025,0.0028731584548950194,1.0
4583,0.5780670775348721,4.219329224651277,0.0030622243881225585,1.0
4584,0.5557863563908034,4.442136436091966,0.00316314697265625,1.0
4585,0.4309959853551245,5.690040146448754,0.003006744384765625,1.0
4586,0.5749287395517337,4.250712604482663,0.0031226158142089845,1.0
4587,0.6051367675661272,3.948632324338727,0.0030254364013671876,1.0
4588,0.5443052578792257,4.5569474212077425,0.002641439437866211,1.0
4589,0.5170097663475998,4.829902336524002,0.002990317344665527,1.0
4590,0.5042203290856677,4.957796709143323,0.002913093566894531,1.0
4591,0.5676624825285417,4.323375174714583,0.0028940677642822266,1.0
4592,0.5377030401726051,4.62296959827395,0.002849316596984863,1.0
4593,0.4986929561110579,5.01307043888942,0.0028456687927246095,1.0
4594,0.45403573488694493,5.459642651130551,0.0028638839721679688,1.0
4595,0.6028513268238479,3.971486731761521,0.0029371023178100587,1.0
4596,0.5734900997803823,4.265099002196177,0.0028858184814453125,1.0
4597,0.5620467705318941,4.379532294681059,0.002855730056762695,1.0
4598,0.5457440003953191,4.5425599960468075,0.002823543548583984,1.0
4599,0.6122816435615647,3.877183564384352,0.002908945083618164,1.0
4600,0.5903300857540363,4.096699142459636,0.0029763221740722657,1.0
4601,0.5848840171029969,4.151159828970032,0.0030286550521850587,1.0
4602,0.6154054665677452,3.845945334322548,0.0032314777374267576,1.0
4603,0.5714415785353978,4.285584214646021,0.003182673454284668,1.0
4604,0.480631042774447,5.19368957225553,0.0031480312347412108,1.0
4605,0.5227916657030712,4.772083342969287,0.0029927492141723633,1.0
4606,0.5320962951415164,4.679037048584836,0.0030858516693115234,1.0
4607,0.5341932141740512,4.658067858259488,0.00294036865234375,1.0
4608,0.5952726969509619,4.047273030490381,0.00281832218170166,1.0
4609,0.6260219939607647,3.7397800603923512,0.0028736114501953123,1.0
4610,0.437899526460204,5.6210047353979595,0.0028669357299804686,1.0
4611,0.5820468921423847,4.179531078576152,0.00255126953125,1.0
4612,0.5167384904900119,4.8326150950998805,0.002873349189758301,1.0
4613,0.4729515753151533,5.270484246848467,0.002855229377746582,1.0
4614,0.44662509319869476,5.533749068013053,0.003027987480163574,1.0
4615,0.5223844570565245,4.7761554294347555,0.002911090850830078,1.0
4616,0.4549370566117248,5.450629433882751,0.002923440933227539,1.0
4617,0.49194920645033624,5.080507935496638,0.0029649972915649415,1.0
4618,0.5416465227410269,4.583534772589731,0.0028648138046264648,1.0
4619,0.5638229374036413,4.3617706259635876,0.002993488311767578,1.0
4620,0.5396311103746384,4.603688896253614,0.003034234046936035,1.0
4621,0.5173849001833095,4.826150998166904,0.002996373176574707,1.0
4622,0.5633873411363443,4.366126588636557,0.003158903121948242,1.0
4623,0.4851975665982865,5.148024334017135,0.0029912471771240236,1.0
4624,0.5619039159022575,4.3809608409774246,0.003021645545959473,1.0
4625,0.5301297202819109,4.698702797180891,0.0028208494186401367,1.0
4626,0.5158337770245705,4.841662229754295,0.002957725524902344,1.0
4627,0.5524652816349149,4.47534718365085,0.0028724431991577148,1.0
4628,0.5396382093274668,4.603617906725332,0.00281679630279541,1.0
4629,0.5572289020880186,4.427710979119814,0.0027896404266357423,1.0
4630,0.5372731146089189,4.627268853910811,0.0029395103454589845,1.0
4631,0.5551136828002916,4.4488631719970835,0.0028412580490112306,1.0
4632,0.4800497035165424,5.199502964834576,0.003013896942138672,1.0
4633,0.4887454735437145,5.112545264562854,0.0029603004455566405,1.0
4634,0.5513054487778546,4.486945512221455,0.0031096935272216797,1.0
4635,0.5542223532090008,4.457776467909991,0.002978348731994629,1.0
4636,0.5740079794489032,4.2599202055109675,0.003157186508178711,1.0
4637,0.5312368907484091,4.68763109251591,0.002962970733642578,1.0
4638,0.5674245169550485,4.325754830449516,0.002945613861083984,1.0
4639,0.5545959457237848,4.4540405427621526,0.0028667688369750977,1.0
4640,0.572568440999237,4.27431559000763,0.00291135311126709,1.0
4641,0.4628892590812484,5.371107409187516,0.0028941154479980467,1.0
4642,0.48400383573059014,5.159961642694099,0.0030126333236694335,1.0
4643,0.48545019421010877,5.145498057898912,0.0029108285903930663,1.0
4644,0.5544115843364038,4.455884156635962,0.0030036211013793946,1.0
4645,0.579702418243732,4.202975817562679,0.0027408599853515625,1.0
4646,0.49528687838213203,5.0471312161786805,0.002874755859375,1.0
4647,0.5325352943275529,4.6746470567244724,0.0028779268264770507,1.0
4648,0.4837475151938465,5.162524848061535,0.002759838104248047,1.0
4649,0.5531340924792858,4.468659075207141,0.0027610301971435548,1.0
4650,0.6190663128513749,3.8093368714862494,0.002979874610900879,1.0
4651,0.5104683533778002,4.895316466221999,0.002954387664794922,1.0
4652,0.42273324692991465,5.772667530700852,0.0030319690704345703,1.0
4653,0.4851208755171531,5.148791244828469,0.003321123123168945,1.0
4654,0.5059812578400381,4.940187421599619,0.003147530555725098,1.0
4655,0.4935246746369987,5.064753253630014,0.003097987174987793,1.0
4656,0.4896478345943417,5.103521654056583,0.003046107292175293,1.0
4657,0.6273236407467997,3.726763592532002,0.0029760122299194334,1.0
4658,0.5601870392934609,4.398129607065391,0.0028403759002685546,1.0
4659,0.4935350679243255,5.064649320756745,0.0027983903884887694,1.0
4660,0.4905052995979567,5.094947004020433,0.00286557674407959,1.0
4661,0.49945203698886137,5.005479630111386,0.0028914690017700197,1.0
4662,0.5917114541673565,4.082885458326436,0.0030130863189697264,1.0
4663,0.5081871838051184,4.918128161948817,0.0029874324798583986,1.0
4664,0.560690380189355,4.393096198106449,0.0030226707458496094,1.0
4665,0.5340075226936021,4.659924773063978,0.0029665946960449217,1.0
4666,0.5962339726494464,4.037660273505535,0.0029520511627197264,1.0
4667,0.5749793258357856,4.250206741642144,0.0029678106307983398,1.0
4668,0.5282737464164915,4.717262535835085,0.0028619289398193358,1.0
4669,0.5682911860434751,4.31708813956525,0.0028661251068115234,1.0
4670,0.5642317016768332,4.357682983231666,0.003077197074890137,1.0
4671,0.540877112430473,4.59122887569527,0.0030410289764404297,1.0
4672,0.5056423820825396,4.943576179174603,0.0030521869659423826,1.0
4673,0.5917263806643419,4.082736193356582,0.003069281578063965,1.0
4674,0.5680770464706977,4.319229535293022,0.0029842138290405275,1.0
4675,0.5813995617811152,4.186004382188849,0.002996659278869629,1.0
4676,0.5832506333081791,4.16749366691821,0.002869987487792969,1.0
4677,0.5438583889556128,4.561416110443871,0.002851557731628418,1.0
4678,0.5781707579210316,4.218292420789683,0.0028099298477172853,1.0
4679,0.5641021768934447,4.358978231065555,0.002850627899169922,1.0
4680,0.4952272483612143,5.047727516387856,0.0028670787811279296,1.0
4681,0.5927816503135602,4.072183496864397,0.0029149532318115236,1.0
4682,0.5338105553791019,4.661894446208981,0.002980494499206543,1.0
4683,0.5497669023457193,4.502330976542806,0.0027240753173828126,1.0
4684,0.5914998855641922,4.0850011443580785,0.003050398826599121,1.0
4685,0.5230497091490904,4.769502908509095,0.002779507637023926,1.0
4686,0.525980668174393,4.74019331825607,0.0031652450561523438,1.0
4687,0.547906790935653,4.520932090643469,0.0030345916748046875,1.0
4688,0.636201604539061,3.63798395460939,0.0028867006301879885,1.0
4689,0.5637658646798978,4.362341353201023,0.0028664112091064454,1.0
4690,0.4735603726781525,5.264396273218474,0.002919125556945801,1.0
4691,0.4751782157110657,5.248217842889343,0.002876091003417969,1.0
4692,0.43490490324213293,5.65095096757867,0.0029023408889770506,1.0
4693,0.48582500415195023,5.1417499584804975,0.002976822853088379,1.0
4694,0.6416087180294373,3.5839128197056254,0.0029227733612060547,1.0
4695,0.5841399223597803,4.1586007764021975,0.0028322219848632814,1.0
4696,0.5410953567253016,4.589046432746982,0.0029857873916625975,1.0
4697,0.4160552944854124,5.839447055145876,0.002861428260803223,1.0
4698,0.37588172351555016,6.241182764844498,0.0024746179580688475,1.0
4699,0.354641388426901,6.45358611573099,0.002777099609375,1.0
4700,0.39938229963803684,6.006177003619632,0.0025816440582275392,1.0
4701,0.48836247935277327,5.116375206472267,0.0027617216110229492,1.0
4702,0.5245813899399014,4.754186100600983,0.0031716346740722655,1.0
4703,0.4967670896163848,5.032329103836152,0.0032940149307250977,1.0
4704,0.5749889743534259,4.2501102564657405,0.0031929492950439455,1.0
4705,0.4924469069246843,5.075530930753156,0.0030369281768798826,1.0
4706,0.5119839285985388,4.880160714014611,0.0030956268310546875,1.0
4707,0.4955263516846367,5.044736483153633,0.0029854536056518554,1.0
4708,0.5262048717445559,4.737951282554441,0.0028227090835571287,1.0
4709,0.557100727017856,4.428992729821441,0.002833390235900879,1.0
4710,0.5488555544927118,4.511444455072882,0.0028532743453979492,1.0
4711,0.5924646209450961,4.075353790549038,0.002845096588134766,1.0
4712,0.49562924513325546,5.043707548667444,0.0029276609420776367,1.0
4713,0.5285228457690401,4.714771542309599,0.002971172332763672,1.0
4714,0.5202164296837719,4.797835703162281,0.0029189586639404297,1.0
4715,0.48651426980146806,5.134857301985319,0.0026649713516235353,1.0
4716,0.5097390107842615,4.902609892157384,0.0028924942016601562,1.0
4717,0.47300132976047127,5.269986702395288,0.00298006534576416,1.0
4718,0.545308103522418,4.54691896477582,0.002573060989379883,1.0
4719,0.4927864775295191,5.072135224704808,0.002884840965270996,1.0
4720,0.54173799473049,4.5826200526951,0.002991008758544922,1.0
4721,0.5511355209488525,4.488644790511475,0.0030860424041748045,1.0
4722,0.560324208935463,4.39675791064537,0.0031057357788085937,1.0
4723,0.5646146748964913,4.353853251035087,0.0031961679458618166,1.0
4724,0.5394581323370113,4.605418676629886,0.0030013561248779298,1.0
4725,0.5511425288731524,4.488574711268475,0.0030817747116088866,1.0
4726,0.5361795120355024,4.638204879644975,0.0030171871185302734,1.0
4727,0.5091703617082339,4.90829638291766,0.0028946399688720703,1.0
4728,0.5837886614695103,4.162113385304897,0.0028980016708374024,1.0
4729,0.5925102775653761,4.0748972243462385,0.0027824163436889647,1.0
4730,0.5693289180377707,4.306710819622292,0.0027585506439208986,1.0
4731,0.6153390946063891,3.846609053936109,0.0029428958892822265,1.0
4732,0.477966419025985,5.220335809740149,0.002674293518066406,1.0
4733,0.5031145732574527,4.968854267425473,0.003032970428466797,1.0
4734,0.5722447001974574,4.277552998025426,0.003096175193786621,1.0
4735,0.4626666261875476,5.373333738124524,0.0030251264572143553,1.0
4736,0.5414832049387261,4.585167950612737,0.0031307458877563475,1.0
4737,0.5509230000638575,4.490769999361424,0.0030330419540405273,1.0
4738,0.45333835291582536,5.466616470841745,0.002568960189819336,1.0
4739,0.4558281440304494,5.441718559695505,0.0028188943862915037,1.0
4740,0.5569968954577023,4.430031045422977,0.0029882192611694336,1.0
4741,0.5601164014569817,4.398835985430182,0.0029588937759399414,1.0
4742,0.4359775167894977,5.640224832105022,0.0028478384017944338,1.0
4743,0.492402573994675,5.0759742600532505,0.0030501365661621095,1.0
4744,0.4711701836071819,5.288298163928181,0.002556467056274414,1.0
4745,0.48141793454987464,5.185820654501254,0.0029408931732177734,1.0
4746,0.4740505017712473,5.259494982287526,0.002978205680847168,1.0
4747,0.4577009624000419,5.422990375999582,0.002836179733276367,1.0
4748,0.4805376502040287,5.194623497959711,0.0029033660888671876,1.0
4749,0.5331973532687083,4.668026467312916,0.002782297134399414,1.0
4750,0.6039809722231986,3.9601902777680125,0.0028961896896362305,1.0
4751,0.5603086118371933,4.396913881628068,0.003004789352416992,1.0
4752,0.5473731226392149,4.526268773607849,0.0031661510467529295,1.0
4753,0.6057331950669776,3.9426680493302237,0.0032256126403808595,1.0
4754,0.5450838862103449,4.549161137896551,0.0032011032104492187,1.0
4755,0.5515483142107768,4.484516857892232,0.003078722953796387,1.0
4756,0.5094238980629645,4.905761019370354,0.0029613733291625976,1.0
4757,0.41703512846328883,5.829648715367112,0.0029340028762817384,1.0
4758,0.49650913611253944,5.0349086388746045,0.002709627151489258,1.0
4759,0.4867227724851846,5.132772275148153,0.0026952028274536133,1.0
4760,0.4294692522821436,5.705307477178563,0.0029302597045898437,1.0
4761,0.5092264063680629,4.90773593631937,0.0028980016708374024,1.0
4762,0.44554375089090714,5.544562491090928,0.002612781524658203,1.0
4763,0.4000161913487825,5.999838086512175,0.0029944181442260742,1.0
4764,0.4145179784213431,5.854820215786569,0.002893495559692383,1.0
4765,0.423067734121779,5.769322658782209,0.0029927492141723633,1.0
4766,0.4512342764362969,5.48765723563703,0.0029454469680786134,1.0
4767,0.5434796350710476,4.565203649289525,0.0029458999633789062,1.0
4768,0.588269178156174,4.11730821843826,0.0029197454452514647,1.0
4769,0.46612762737195385,5.338723726280461,0.002942490577697754,1.0
4770,0.5363195326462777,4.636804673537223,0.002956867218017578,1.0
4771,0.5033850620100236,4.966149379899764,0.0030044078826904296,1.0
4772,0.5901390803263382,4.098609196736617,0.003142094612121582,1.0
4773,0.628419440433147,3.71580559566853,0.0031512975692749023,1.0
4774,0.6142949698871432,3.857050301128569,0.0031003236770629885,1.0
4775,0.6058211312177963,3.9417886878220365,0.0030792713165283202,1.0
4776,0.6072913492505706,3.9270865074942924,0.0028724193572998045,1.0
4777,0.5533547876329143,4.466452123670857,0.0025997400283813477,1.0
4778,0.5692937598528566,4.307062401471434,0.002749061584472656,1.0
4779,0.5998712199816889,4.001287800183111,0.0026919364929199217,1.0
4780,0.5664287299536039,4.335712700463961,0.0028535127639770508,1.0
4781,0.5359546143690449,4.640453856309551,0.002884244918823242,1.0
4782,0.49366979620825574,5.063302037917443,0.002237677574157715,1.0
4783,0.50431085903602,4.9568914096398,0.0030308961868286133,1.0
4784,0.47639145080934975,5.236085491906501,0.0029863357543945313,1.0
4785,0.4919631477228707,5.080368522771292,0.0027713537216186523,1.0
4786,0.4612138052071503,5.387861947928497,0.003076910972595215,1.0
4787,0.5559954845056834,4.440045154943166,0.0031386613845825195,1.0
4788,0.48261772714780643,5.173822728521934,0.002912425994873047,1.0
4789,0.4698256940752882,5.301743059247118,0.0029421567916870115,1.0
4790,0.4928620206654447,5.071379793345552,0.002865147590637207,1.0
4791,0.5408886312428856,4.591113687571143,0.0029225826263427736,1.0
4792,0.5329435589363231,4.67056441063677,0.0028721094131469727,1.0
4793,0.49941882585816294,5.005811741418368,0.0031461238861083983,1.0
4794,0.4917368841821709,5.082631158178291,0.003092670440673828,1.0
4795,0.4774500794934532,5.225499205065469,0.0027539968490600587,1.0
4796,0.5195764475909991,4.804235524090008,0.0027608633041381835,1.0
4797,0.5904524026129988,4.095475973870012,0.0029024600982666014,1.0
4798,0.5126760224921407,4.873239775078592,0.0029426336288452147,1.0
4799,0.5175166215125641,4.82483378487436,0.002845358848571777,1.0
4800,0.5956735066143912,4.043264933856088,0.0028463125228881834,1.0
4801,0.4832393292162389,5.167606707837611,0.0027486562728881838,1.0
4802,0.5417834354778955,4.582165645221044,0.002967500686645508,1.0
4803,0.4967858736002203,5.032141263997797,0.0029602289199829102,1.0
4804,0.5559461649894318,4.44053835010568,0.0030768871307373046,1.0
4805,0.5697324862141566,4.302675137858434,0.002958798408508301,1.0
4806,0.5589717197289503,4.410282802710496,0.002925562858581543,1.0
4807,0.5372873159159239,4.627126840840761,0.002905440330505371,1.0
4808,0.5893765520405105,4.106234479594894,0.0028370141983032225,1.0
4809,0.5649939317106609,4.35006068289339,0.002893829345703125,1.0
4810,0.5991852400108371,4.008147599891628,0.0028606653213500977,1.0
4811,0.597583634610521,4.0241636538947905,0.0030248165130615234,1.0
4812,0.6005615666033435,3.994384333966564,0.0030580759048461914,1.0
4813,0.6170182555681639,3.829817444318361,0.0032281875610351562,1.0
4814,0.5570213599287437,4.429786400712563,0.00313875675201416,1.0
4815,0.5411787999291382,4.5882120007086185,0.003091740608215332,1.0
4816,0.5494255805781041,4.50574419421896,0.003057050704956055,1.0
4817,0.5078218602021745,4.921781397978253,0.0030162811279296877,1.0
4818,0.5492881784376105,4.507118215623896,0.0026346683502197266,1.0
4819,0.5252896760426867,4.747103239573133,0.002845501899719238,1.0
4820,0.5116226424477844,4.883773575522157,0.0028966665267944336,1.0
4821,0.44629989707357814,5.537001029264219,0.0027054309844970702,1.0
4822,0.5177886847971015,4.822113152028985,0.002918100357055664,1.0
4823,0.43776116129876097,5.622388387012389,0.0029608964920043944,1.0
4824,0.5350113101278714,4.649886898721286,0.0029308557510375976,1.0
4825,0.5773015728823949,4.2269842711760495,0.0029829263687133787,1.0
4826,0.5124329320221257,4.875670679778742,0.0029487848281860352,1.0
4827,0.4950746528842485,5.049253471157514,0.0029736757278442383,1.0
4828,0.545451803596539,4.545481964034609,0.0027065038681030273,1.0
4829,0.5598375228564906,4.4016247714350945,0.002929067611694336,1.0
4830,0.5917731750535091,4.082268249464908,0.002961277961730957,1.0
4831,0.5203988696181222,4.796011303818778,0.0027757883071899414,1.0
4832,0.48121897043346407,5.18781029566536,0.0029494762420654297,1.0
4833,0.5850614656704571,4.149385343295428,0.0028761148452758787,1.0
4834,0.5532449052489757,4.467550947510245,0.0027537107467651366,1.0
4835,0.5976441898834131,4.02355810116587,0.003204941749572754,1.0
4836,0.5748498608473642,4.251501391526357,0.0030451536178588865,1.0
4837,0.48926327683241827,5.107367231675818,0.002905869483947754,1.0
4838,0.3687338222088101,6.312661777911899,0.0028488874435424806,1.0
4839,0.38980122625543123,6.101987737445687,0.002819991111755371,1.0
4840,0.4359740646310587,5.640259353689412,0.0028247833251953125,1.0
4841,0.4642381323724538,5.357618676275461,0.0029204845428466796,1.0
4842,0.4922314462122227,5.077685537877773,0.002902984619140625,1.0
4843,0.6297889538124187,3.7021104618758116,0.002865910530090332,1.0
4844,0.4915992928848206,5.084007071151793,0.0029724836349487305,1.0
4845,0.5128030658058684,4.871969341941315,0.0031661510467529295,1.0
4846,0.4655201745071949,5.34479825492805,0.0030233144760131838,1.0
4847,0.4976325880153564,5.0236741198464365,0.003044438362121582,1.0
4848,0.5346888388166211,4.65311161183379,0.002889060974121094,1.0
4849,0.4759858631367894,5.2401413686321066,0.002972245216369629,1.0
4850,0.46108508769282375,5.389149123071762,0.002935314178466797,1.0
4851,0.5121914253134603,4.8780857468653975,0.0030561208724975584,1.0
4852,0.5162774767437213,4.837225232562787,0.003027033805847168,1.0
4853,0.4628071729917613,5.371928270082387,0.0031393766403198242,1.0
4854,0.45897435890822963,5.410256410917704,0.0028944492340087892,1.0
4855,0.5597088737587907,4.402911262412092,0.002944016456604004,1.0
4856,0.5220357566670327,4.7796424333296725,0.002664518356323242,1.0
4857,0.4746864667220441,5.253135332779559,0.0025517940521240234,1.0
4858,0.5424373124421992,4.575626875578009,0.002917361259460449,1.0
4859,0.5924921037261615,4.075078962738385,0.0027301788330078127,1.0
4860,0.6223227786597564,3.776772213402436,0.0027906417846679686,1.0
4861,0.5742896178753977,4.257103821246023,0.002826023101806641,1.0
4862,0.5559967008767358,4.440032991232642,0.0029992580413818358,1.0
4863,0.5786256807508219,4.213743192491781,0.0029494047164916994,1.0
4864,0.5702872748669019,4.297127251330981,0.002944803237915039,1.0
4865,0.5223619782109432,4.776380217890567,0.003029656410217285,1.0
4866,0.543820916370517,4.561790836294829,0.0030991077423095704,1.0
4867,0.4908494247525189,5.091505752474812,0.0031332969665527344,1.0
4868,0.6223267874569498,3.776732125430501,0.002914690971374512,1.0
4869,0.5190875714214268,4.809124285785732,0.002858734130859375,1.0
4870,0.4561669687004521,5.438330312995478,0.003135943412780762,1.0
4871,0.5112869540931378,4.88713045906862,0.00284428596496582,1.0
4872,0.4530438654707014,5.469561345292986,0.002978086471557617,1.0
4873,0.5078987229357936,4.921012770642063,0.003101086616516113,1.0
4874,0.4929315128883024,5.070684871116976,0.0029373645782470705,1.0
4875,0.5483545002060767,4.516454997939232,0.002956080436706543,1.0
4876,0.5688934022692732,4.311065977307268,0.0029149532318115236,1.0
4877,0.5795483939974654,4.204516060025346,0.0028469324111938476,1.0
4878,0.5819707838859698,4.180292161140302,0.002924990653991699,1.0
4879,0.5625161713339099,4.374838286660902,0.002820873260498047,1.0
4880,0.5740518283701598,4.259481716298402,0.0027533769607543945,1.0
4881,0.5752094249221851,4.247905750778149,0.002843356132507324,1.0
4882,0.533522564491372,4.664774355086281,0.00281221866607666,1.0
4883,0.5343491524459519,4.6565084755404795,0.0028867721557617188,1.0
4884,0.6330867677290638,3.6691323227093613,0.002903270721435547,1.0
4885,0.5757262157227666,4.242737842772333,0.002990531921386719,1.0
4886,0.5104616734777917,4.895383265222083,0.0030776023864746093,1.0
4887,0.5328426397496433,4.671573602503568,0.003016018867492676,1.0
4888,0.5029359170577702,4.970640829422298,0.003142523765563965,1.0
4889,0.4890642831379289,5.109357168620712,0.002865242958068848,1.0
4890,0.48686989863890534,5.131301013610948,0.0029886245727539064,1.0
4891,0.526841561240796,4.73158438759204,0.0030320405960083006,1.0
4892,0.5153393389774774,4.8466066102252245,0.002917933464050293,1.0
4893,0.5854062125446571,4.145937874553428,0.00305020809173584,1.0
4894,0.5735102121270307,4.264897878729693,0.0029642343521118163,1.0
4895,0.44761214891240153,5.523878510875984,0.0029811620712280273,1.0
4896,0.5306928345011369,4.693071654988631,0.0030377388000488283,1.0
4897,0.4904184984439691,5.0958150155603095,0.002888011932373047,1.0
4898,0.5825845391685986,4.174154608314014,0.002952980995178223,1.0
4899,0.5290446475359319,4.70955352464068,0.0027959585189819337,1.0
4900,0.5766362809762475,4.2336371902375225,0.002797842025756836,1.0
4901,0.4867723286476727,5.132276713523273,0.0027240514755249023,1.0
4902,0.5340516843255537,4.659483156744462,0.0028336763381958006,1.0
4903,0.5727006517055103,4.272993482944897,0.002888798713684082,1.0
4904,0.5258162494466596,4.741837505533403,0.002991056442260742,1.0
4905,0.5404425396435435,4.595574603564565,0.0029674768447875977,1.0
4906,0.547055693121884,4.529443068781161,0.003090381622314453,1.0
4907,0.4359864252263817,5.640135747736183,0.0028339385986328124,1.0
4908,0.5526159605211994,4.473840394788004,0.003108525276184082,1.0
4909,0.506015352488682,4.93984647511318,0.003175783157348633,1.0
4910,0.5370551220719079,4.6294487792809225,0.0030608177185058594,1.0
4911,0.5589234682448672,4.410765317551328,0.00275723934173584,1.0
4912,0.49482996252317807,5.051700374768219,0.0030501842498779296,1.0
4913,0.5025907088193811,4.97409291180619,0.0026670217514038084,1.0
4914,0.46589115550753696,5.34108844492463,0.0031170368194580076,1.0
4915,0.5428274260508612,4.571725739491387,0.0031416893005371095,1.0
4916,0.4893884372020283,5.106115627979717,0.002976512908935547,1.0
4917,0.5157612434206855,4.842387565793144,0.0029654502868652344,1.0
4918,0.5707198201093477,4.292801798906521,0.0028352260589599608,1.0
4919,0.49334745727754203,5.0665254272245805,0.002938389778137207,1.0
4920,0.5241537242498417,4.758462757501581,0.0028109073638916014,1.0
4921,0.5258827436771715,4.741172563228285,0.0028272628784179687,1.0
4922,0.48362490544657427,5.163750945534256,0.0028940677642822266,1.0
4923,0.6046673129057576,3.9533268709424227,0.0028965950012207033,1.0
4924,0.5345547612293133,4.654452387706866,0.0029429197311401367,1.0
4925,0.5431549060940417,4.568450939059582,0.002679300308227539,1.0
4926,0.5499737961544862,4.500262038455139,0.003048825263977051,1.0
4927,0.47422852498864526,5.257714750113546,0.003068065643310547,1.0
4928,0.46893132810744176,5.310686718925581,0.0031288862228393555,1.0
4929,0.42189613634535866,5.781038636546414,0.003214716911315918,1.0
4930,0.4423678022622841,5.576321977377159,0.0026686668395996095,1.0
4931,0.4345122320606481,5.654877679393519,0.002836179733276367,1.0
4932,0.5788230205226271,4.21176979477373,0.0028669118881225588,1.0
4933,0.5627344882971319,4.37265511702868,0.0029590606689453127,1.0
4934,0.49308530387540095,5.069146961245991,0.0030091524124145506,1.0
4935,0.5183943890292054,4.816056109707945,0.003045344352722168,1.0
4936,0.44851658193540744,5.514834180645926,0.0029525518417358398,1.0
4937,0.4892948916357226,5.107051083642775,0.0031183958053588867,1.0
4938,0.4673601662023799,5.326398337976201,0.0028675317764282225,1.0
4939,0.5306756620504071,4.6932433794959305,0.0029746532440185548,1.0
4940,0.4919765159984749,5.080234840015251,0.0027691125869750977,1.0
4941,0.4832910067740738,5.167089932259261,0.002764987945556641,1.0
4942,0.5384762416797881,4.615237583202118,0.0027235984802246095,1.0
4943,0.4656292473573963,5.343707526426037,0.002822256088256836,1.0
4944,0.4289146453363738,5.710853546636262,0.0029219627380371095,1.0
4945,0.49908144201242005,5.009185579875799,0.0029324769973754885,1.0
4946,0.4770398881905087,5.229601118094913,0.0032345056533813477,1.0
4947,0.47619869747133353,5.238013025286667,0.00316004753112793,1.0
4948,0.4843989668220837,5.156010331779162,0.0032769918441772463,1.0
4949,0.5044285361189678,4.9557146388103215,0.003109431266784668,1.0
4950,0.4647653884955846,5.352346115044154,0.002669024467468262,1.0
4951,0.4437386683038974,5.562613316961025,0.0030450344085693358,1.0
4952,0.4635672267814332,5.364327732185668,0.00283658504486084,1.0
4953,0.5362744506178537,4.637255493821462,0.0029578924179077147,1.0
4954,0.5785983042925665,4.2140169570743335,0.002981257438659668,1.0
4955,0.6245268330058664,3.754731669941335,0.003092241287231445,1.0
4956,0.620485013788859,3.7951498621114097,0.0030042648315429686,1.0
4957,0.5926940086894702,4.073059913105298,0.0029752492904663087,1.0
4958,0.4839023739478203,5.160976260521797,0.0026105403900146484,1.0
4959,0.494645137102408,5.0535486289759195,0.002833700180053711,1.0
4960,0.5538081737402395,4.461918262597605,0.0027808427810668947,1.0
4961,0.45960928030431436,5.4039071969568555,0.002769660949707031,1.0
4962,0.427522766301413,5.72477233698587,0.002791023254394531,1.0
4963,0.5327854390370392,4.672145609629608,0.0029710769653320313,1.0
4964,0.5638305171847604,4.3616948281523955,0.002977132797241211,1.0
4965,0.6358288689939572,3.6417113100604284,0.002947378158569336,1.0
4966,0.48451772663644055,5.1548227336355925,0.003125619888305664,1.0
4967,0.5300101750976237,4.699898249023763,0.0031486988067626954,1.0
4968,0.5116193526448249,4.88380647355175,0.0030007123947143554,1.0
4969,0.5288937449404193,4.711062550595807,0.0030461788177490235,1.0
4970,0.42758842216247944,5.7241157783752055,0.0027565956115722656,1.0
4971,0.5684182751841231,4.315817248158769,0.003105902671813965,1.0
4972,0.5520038618071552,4.479961381928447,0.00300450325012207,1.0
4973,0.5503300259858513,4.496699740141486,0.0028614044189453126,1.0
4974,0.5730752073819407,4.2692479261805945,0.003063869476318359,1.0
4975,0.47652956676781083,5.234704332321892,0.002933239936828613,1.0
4976,0.4893756795813379,5.1062432041866215,0.0029253005981445313,1.0
4977,0.41714717305562515,5.828528269443749,0.002881312370300293,1.0
4978,0.48759967318269865,5.124003268173013,0.0028572559356689455,1.0
4979,0.5242072757541758,4.757927242458242,0.0028729677200317384,1.0
4980,0.528094616605436,4.719053833945639,0.0029208183288574217,1.0
4981,0.6435760215481183,3.5642397845188163,0.0025154590606689454,1.0
4982,0.5605233430119939,4.39476656988006,0.0028454065322875977,1.0
4983,0.5542829540788012,4.457170459211986,0.0029233694076538086,1.0
4984,0.568877871450223,4.311221285497769,0.003020930290222168,1.0
4985,0.5287580869362358,4.712419130637642,0.0029086828231811523,1.0
4986,0.5837061890090579,4.162938109909422,0.0030962228775024414,1.0
4987,0.5424164625233642,4.575835374766358,0.0029074430465698244,1.0
4988,0.5181852328583743,4.818147671416257,0.0028070449829101563,1.0
4989,0.6087224453718483,3.912775546281517,0.0031391382217407227,1.0
4990,0.5554594615866799,4.445405384133201,0.0030033111572265623,1.0
4991,0.5048808474320777,4.9511915256792225,0.002792501449584961,1.0
4992,0.4402100253208869,5.597899746791131,0.0026676416397094726,1.0
4993,0.5304107480870316,4.695892519129683,0.0028034448623657227,1.0
4994,0.5390769502532383,4.609230497467617,0.002838754653930664,1.0
4995,0.4861366759771988,5.138633240228012,0.002910757064819336,1.0
4996,0.4488840873590628,5.511159126409373,0.002738666534423828,1.0
4997,0.538090958013414,4.61909041986586,0.0029732465744018556,1.0
4998,0.4963508074689013,5.036491925310988,0.002897477149963379,1.0
4999,0.4953277805295234,5.046722194704767,0.002955007553100586,1.0
5000,0.57486674976434,4.251332502356599,0.0028829336166381835,1.0
5001,0.5171145831126401,4.828854168873599,0.0028055906295776367,1.0
5002,0.5007196718140918,4.99280328185908,0.002702474594116211,1.0
5003,0.5358818226309683,4.641181773690316,0.0028220653533935548,1.0
5004,0.40193634130717265,5.980636586928273,0.002978086471557617,1.0
5005,0.5213823806099879,4.786176193900121,0.0030182600021362305,1.0
5006,0.5361354454332121,4.638645545667879,0.0030397891998291014,1.0
5007,0.47834690247384143,5.216530975261585,0.0033234119415283202,1.0
5008,0.5388503086984341,4.611496913015659,0.0030442237854003905,1.0
5009,0.5965368746880233,4.034631253119765,0.0031440258026123047,1.0
5010,0.6034045960932014,3.9659540390679857,0.0028990983963012697,1.0
5011,0.5409432825508421,4.590567174491579,0.0030290365219116213,1.0
5012,0.47189119630524684,5.281088036947532,0.0028551578521728515,1.0
5013,0.5205872992114926,4.794127007885073,0.002902841567993164,1.0
5014,0.4568557725318255,5.431442274681745,0.002849245071411133,1.0
5015,0.5553606876126327,4.446393123873671,0.0028897762298583985,1.0
5016,0.5248686621919004,4.7513133780809955,0.003040456771850586,1.0
5017,0.47596790225411506,5.240320977458849,0.0029271602630615234,1.0
5018,0.4737582912728991,5.262417087271007,0.00290524959564209,1.0
5019,0.5451561048074719,4.548438951925282,0.0029174327850341798,1.0
5020,0.5052289037224393,4.947710962775606,0.0029471874237060546,1.0
5021,0.5179960360109355,4.820039639890645,0.002848696708679199,1.0
5022,0.5122619766746631,4.877380233253369,0.0027922630310058595,1.0
5023,0.5400498448761275,4.599501551238725,0.0027489423751831054,1.0
5024,0.4496914639978701,5.503085360021299,0.002951812744140625,1.0
5025,0.5286432863452383,4.713567136547618,0.0029094696044921877,1.0
5026,0.6335043215081504,3.664956784918497,0.0027072668075561524,1.0
5027,0.5730830401579279,4.26916959842072,0.003134608268737793,1.0
5028,0.561352938542426,4.386470614575741,0.0026555299758911134,1.0
5029,0.522860528034774,4.77139471965226,0.003168964385986328,1.0
5030,0.49316268568352484,5.0683731431647505,0.002715754508972168,1.0
5031,0.5096449055362441,4.9035509446375585,0.00321044921875,1.0
5032,0.5235585330309993,4.764414669690007,0.002890157699584961,1.0
5033,0.5063351596329366,4.936648403670634,0.0029834508895874023,1.0
5034,0.5144687438829812,4.8553125611701855,0.0029603242874145508,1.0
5035,0.5009606541177831,4.990393458822167,0.0028643369674682616,1.0
5036,0.5225782408944533,4.774217591055466,0.0030199527740478516,1.0
5037,0.5181095758106515,4.818904241893484,0.0029753446578979492,1.0
5038,0.49542373253056116,5.045762674694388,0.002935028076171875,1.0
5039,0.5540506967239138,4.459493032760862,0.0029155731201171873,1.0
5040,0.5308760964295882,4.691239035704117,0.002837395668029785,1.0
5041,0.5184305134417672,4.815694865582328,0.002834057807922363,1.0
5042,0.48674791199956785,5.132520880004321,0.0027198553085327148,1.0
5043,0.51943511592048,4.8056488407952,0.002707958221435547,1.0
5044,0.5603233600521653,4.396766399478347,0.002885913848876953,1.0
5045,0.5696808388680701,4.303191611319299,0.002880978584289551,1.0
5046,0.5131667935512217,4.868332064487783,0.003033161163330078,1.0
5047,0.5075528708869588,4.924471291130412,0.003224778175354004,1.0
5048,0.5110044994544534,4.889955005455465,0.003031420707702637,1.0
5049,0.5144867429889043,4.855132570110957,0.0032693147659301758,1.0
5050,0.5453165525105108,4.54683447489489,0.0029335737228393553,1.0
5051,0.5422534335098922,4.577465664901078,0.003092789649963379,1.0
5052,0.558603512800308,4.413964871996919,0.002912425994873047,1.0
5053,0.4934585323398502,5.065414676601497,0.0026013851165771484,1.0
5054,0.5703657108450549,4.29634289154945,0.002962803840637207,1.0
5055,0.5848555573202304,4.1514444267976955,0.0028212785720825194,1.0
5056,0.4958491469664401,5.041508530335599,0.003094124794006348,1.0
5057,0.4791626750357798,5.208373249642202,0.0029601097106933595,1.0
5058,0.4863818213069638,5.136181786930362,0.0029888153076171875,1.0
5059,0.4781946235595795,5.218053764404204,0.0025836944580078123,1.0
5060,0.5058211924334648,4.941788075665352,0.002807164192199707,1.0
5061,0.5317204043509045,4.6827959564909545,0.002800130844116211,1.0
5062,0.46294435021953345,5.370556497804666,0.0027303218841552733,1.0
5063,0.5378174123680826,4.621825876319176,0.002795910835266113,1.0
5064,0.5523984015806014,4.476015984193986,0.002948904037475586,1.0
5065,0.5690665694066184,4.309334305933817,0.003009319305419922,1.0
5066,0.5111487906750647,4.8885120932493535,0.003156733512878418,1.0
5067,0.4970336358845218,5.029663641154782,0.00317530632019043,1.0
5068,0.531389959990322,4.68610040009678,0.002749991416931152,1.0
5069,0.523340896732887,4.766591032671129,0.00315704345703125,1.0
5070,0.5515586291296722,4.484413708703277,0.00296480655670166,1.0
5071,0.4971184895221672,5.028815104778328,0.0031503915786743166,1.0
5072,0.5582839993304801,4.417160006695199,0.0026842355728149414,1.0
5073,0.5546891539270284,4.453108460729716,0.0030992507934570314,1.0
5074,0.5460073427186566,4.539926572813435,0.0026860713958740236,1.0
5075,0.5401232308640925,4.598767691359075,0.0031720399856567383,1.0
5076,0.5599534372054258,4.40046562794574,0.002925276756286621,1.0
5077,0.5556018570629738,4.443981429370263,0.003002429008483887,1.0
5078,0.5894214871472309,4.105785128527691,0.0029181718826293947,1.0
5079,0.5379473287264072,4.620526712735927,0.0028292655944824217,1.0
5080,0.5417042472545209,4.5829575274547905,0.0030088424682617188,1.0
5081,0.4824612768074642,5.175387231925358,0.002879643440246582,1.0
5082,0.5430191512262792,4.569808487737207,0.0029013633728027345,1.0
5083,0.5271462097063714,4.728537902936286,0.0027435302734375,1.0
5084,0.5374246688409134,4.625753311590865,0.002815532684326172,1.0
5085,0.5463422749984339,4.536577250015661,0.0028197765350341797,1.0
5086,0.5826178860225688,4.173821139774312,0.002710413932800293,1.0
5087,0.5636415739005114,4.363584260994886,0.0030594825744628905,1.0
5088,0.4776381412223779,5.22361858777622,0.003024601936340332,1.0
5089,0.5345416522552652,4.654583477447347,0.003094005584716797,1.0
5090,0.5382697554171552,4.617302445828448,0.0030406951904296876,1.0
5091,0.48934226107049383,5.106577389295061,0.002991795539855957,1.0
5092,0.5396389819430758,4.603610180569241,0.0027320384979248047,1.0
5093,0.5278871942705272,4.721128057294727,0.00297391414642334,1.0
5094,0.523450771842255,4.765492281577449,0.002981734275817871,1.0
5095,0.4327804968076065,5.672195031923934,0.002928948402404785,1.0
5096,0.5044521176036157,4.955478823963842,0.003105926513671875,1.0
5097,0.570883403725128,4.291165962748719,0.003097271919250488,1.0
5098,0.5738110144769807,4.261889855230193,0.0030568122863769533,1.0
5099,0.6228244860456894,3.7717551395431057,0.002897047996520996,1.0
5100,0.6078176915419223,3.921823084580777,0.0029315948486328125,1.0
5101,0.47746637884534965,5.225336211546503,0.0028408527374267577,1.0
5102,0.48820507133093327,5.117949286690666,0.0027903318405151367,1.0
5103,0.5134375204375452,4.865624795624548,0.002719569206237793,1.0
5104,0.5009671116290703,4.990328883709298,0.0024778366088867186,1.0
5105,0.5153185995826941,4.8468140041730585,0.0025220632553100584,1.0
5106,0.5526495425643827,4.473504574356173,0.0027655601501464845,1.0
5107,0.5759584556906179,4.240415443093822,0.002990245819091797,1.0
5108,0.4515715509235963,5.484284490764037,0.0029456615447998047,1.0
5109,0.49658411580642425,5.0341588419357555,0.0030124902725219725,1.0
5110,0.5250534278695133,4.749465721304867,0.0029442548751831056,1.0
5111,0.5628659654877486,4.371340345122514,0.0028691530227661134,1.0
5112,0.476522618474651,5.234773815253489,0.0030028820037841797,1.0
5113,0.5163964224034463,4.836035775965537,0.0029569149017333986,1.0
5114,0.4729307201489806,5.2706927985101935,0.003225111961364746,1.0
5115,0.4763419152149087,5.236580847850912,0.0030566930770874025,1.0
5116,0.5495912249815111,4.504087750184888,0.0031500339508056642,1.0
5117,0.5383267686200106,4.616732313799894,0.003086090087890625,1.0
5118,0.4902154325835319,5.097845674164679,0.0030125141143798827,1.0
5119,0.47263884684702384,5.2736115315297605,0.0028445959091186524,1.0
5120,0.4503868886480865,5.4961311135191355,0.002890181541442871,1.0
5121,0.5197684442402984,4.802315557597016,0.0027620792388916016,1.0
5122,0.45142530287247906,5.4857469712752085,0.002906036376953125,1.0
5123,0.4791707561284106,5.208292438715893,0.0027747869491577147,1.0
5124,0.5527213868995685,4.472786131004314,0.0028224468231201174,1.0
5125,0.4570313077461237,5.429686922538763,0.0029107093811035155,1.0
5126,0.4530899437539785,5.469100562460215,0.0030138492584228516,1.0
5127,0.45343435321105,5.465656467889499,0.0028725624084472655,1.0
5128,0.5368020400984922,4.631979599015077,0.002884674072265625,1.0
5129,0.5788106373431796,4.211893626568203,0.0028838396072387697,1.0
5130,0.5224943963696791,4.775056036303209,0.0029932975769042967,1.0
5131,0.5315041131656881,4.684958868343118,0.002902841567993164,1.0
5132,0.5070540458414458,4.929459541585542,0.003057551383972168,1.0
5133,0.4377133588495779,5.622866411504221,0.0029973506927490233,1.0
5134,0.4809538784915223,5.190461215084777,0.003110504150390625,1.0
5135,0.49347460816537997,5.065253918346199,0.003071427345275879,1.0
5136,0.5299649723631077,4.700350276368923,0.003053903579711914,1.0
5137,0.4333199259046365,5.666800740953635,0.002741551399230957,1.0
5138,0.5176372768833957,4.823627231166043,0.0030246734619140624,1.0
5139,0.5230757866264772,4.769242133735227,0.0030761003494262696,1.0
5140,0.6034731552114353,3.9652684478856473,0.002955722808837891,1.0
5141,0.600636118210987,3.9936388178901305,0.0029655933380126954,1.0
5142,0.5465466477081724,4.5345335229182755,0.0027973413467407226,1.0
5143,0.5574388652834239,4.425611347165762,0.0028200626373291017,1.0
5144,0.5372409373792506,4.627590626207494,0.0027226924896240233,1.0
5145,0.4893519193028767,5.106480806971232,0.002816128730773926,1.0
5146,0.5879114707796983,4.120885292203017,0.002925610542297363,1.0
5147,0.5050473623791313,4.949526376208686,0.0029248952865600585,1.0
5148,0.5154561939655742,4.845438060344259,0.003048253059387207,1.0
5149,0.6059250851589099,3.9407491484109025,0.0029520273208618166,1.0
5150,0.5527615238867946,4.472384761132054,0.0031002283096313475,1.0
5151,0.5663303027453701,4.3366969725463,0.002900385856628418,1.0
5152,0.5585159029654967,4.414840970345032,0.002968883514404297,1.0
5153,0.5035312187318574,4.964687812681427,0.0029009103775024412,1.0
5154,0.5546855122945663,4.453144877054337,0.0029499292373657226,1.0
5155,0.5467499653786847,4.532500346213153,0.0028674125671386717,1.0
5156,0.5527630828489924,4.472369171510076,0.003138899803161621,1.0
5157,0.505890997312408,4.94109002687592,0.002857518196105957,1.0
5158,0.5170485565350053,4.829514434649947,0.0031067371368408204,1.0
5159,0.4144379676985596,5.855620323014404,0.00298917293548584,1.0
5160,0.5181610493225522,4.818389506774476,0.0029725074768066407,1.0
5161,0.5247514137963215,4.752485862036783,0.0028990030288696287,1.0
5162,0.40451556816518064,5.9548443183481945,0.0027873754501342774,1.0
5163,0.4498236303156907,5.501763696843092,0.0027683496475219725,1.0
5164,0.48196610766317793,5.18033892336822,0.0028959274291992187,1.0
5165,0.5057378101101728,4.942621898898272,0.003010129928588867,1.0
5166,0.4656950034825528,5.343049965174471,0.0029582977294921875,1.0
5167,0.4902810410404029,5.097189589595972,0.0030005455017089845,1.0
5168,0.420393946432712,5.79606053567288,0.002927088737487793,1.0
5169,0.4271917527963427,5.728082472036573,0.0028910398483276366,1.0
5170,0.5006617708186012,4.9933822918139885,0.002779579162597656,1.0
5171,0.533840006329245,4.661599936707551,0.0027066707611083985,1.0
5172,0.4716229002951516,5.283770997048484,0.002965235710144043,1.0
5173,0.5482433943378437,4.517566056621562,0.0030872344970703123,1.0
5174,0.4763216047061666,5.2367839529383335,0.0030026674270629884,1.0
5175,0.5788814333962121,4.211185666037879,0.003213834762573242,1.0
5176,0.4544113418753386,5.455886581246614,0.0030297756195068358,1.0
5177,0.5058956359364454,4.941043640635544,0.003157496452331543,1.0
5178,0.4919493949859229,5.080506050140771,0.002966451644897461,1.0
5179,0.42758630750045973,5.7241369249954035,0.0029968500137329103,1.0
5180,0.4851440075364664,5.148559924635338,0.002933168411254883,1.0
5181,0.5185692678987432,4.814307321012567,0.003068399429321289,1.0
5182,0.5360901076432333,4.639098923567667,0.0028717041015625,1.0
5183,0.4912442073279408,5.087557926720593,0.0028397321701049806,1.0
5184,0.5255651075357755,4.744348924642244,0.002842283248901367,1.0
5185,0.5410727076615641,4.589272923384359,0.003008437156677246,1.0
5186,0.526183265004533,4.738167349954669,0.0026097774505615236,1.0
5187,0.4997036611011237,5.002963388988763,0.002904677391052246,1.0
5188,0.5460153602377826,4.539846397622173,0.002876591682434082,1.0
5189,0.581783004728208,4.1821699527179215,0.002975749969482422,1.0
5190,0.5592572033717305,4.407427966282695,0.0028677463531494142,1.0
5191,0.5773308675720402,4.2266913242795985,0.002835202217102051,1.0
5192,0.5238659992520278,4.761340007479722,0.0029876708984375,1.0
5193,0.5208702883040838,4.791297116959163,0.00292510986328125,1.0
5194,0.5593944930780832,4.406055069219167,0.002962946891784668,1.0
5195,0.6085611842244193,3.9143881577558077,0.0031049966812133787,1.0
5196,0.6051275296636589,3.9487247033634114,0.003004932403564453,1.0
5197,0.4946745600321821,5.053254399678179,0.0030991077423095704,1.0
5198,0.528626096930397,4.71373903069603,0.0030968904495239256,1.0
5199,0.5719326776425042,4.280673223574958,0.003164982795715332,1.0
5200,0.5318094475044922,4.681905524955077,0.0030333995819091797,1.0
5201,0.5275141419500589,4.72485858049941,0.003084278106689453,1.0
5202,0.5238147059295561,4.761852940704439,0.0027809381484985352,1.0
5203,0.49588855202025994,5.0411144797974,0.0025597095489501955,1.0
5204,0.5445725577336626,4.554274422663373,0.002814054489135742,1.0
5205,0.4973466519615493,5.026533480384507,0.0029810667037963867,1.0
5206,0.4454449853854438,5.545550146145562,0.00285794734954834,1.0
5207,0.4925816722211767,5.074183277788233,0.0030094385147094727,1.0
5208,0.5477256020005956,4.522743979994044,0.0027495622634887695,1.0
5209,0.5507976207084925,4.492023792915074,0.003007841110229492,1.0
5210,0.5271245314016333,4.728754685983668,0.0027610063552856445,1.0
5211,0.4753551920153539,5.246448079846461,0.0027962446212768553,1.0
5212,0.5548799474628371,4.451200525371628,0.00281679630279541,1.0
5213,0.5885209874756109,4.114790125243891,0.002916288375854492,1.0
5214,0.6225819300895837,3.774180699104163,0.0030642271041870115,1.0
5215,0.55979273277323,4.4020726722677,0.002696990966796875,1.0
5216,0.5931698543004467,4.068301456995534,0.0033758878707885742,1.0
5217,0.5203289614039099,4.7967103859609,0.003077244758605957,1.0
5218,0.549582930443565,4.5041706955643495,0.003096342086791992,1.0
5219,0.46464663736260425,5.353533626373958,0.0030410289764404297,1.0
5220,0.5034928448451479,4.9650715515485215,0.0029722213745117187,1.0
5221,0.49535543874609084,5.046445612539091,0.0028624534606933594,1.0
5222,0.5320024857398539,4.679975142601462,0.0027969837188720702,1.0
5223,0.506585661772194,4.93414338227806,0.0028688907623291016,1.0
5224,0.5187670391616819,4.81232960838318,0.003052544593811035,1.0
5225,0.5152775092055968,4.847224907944031,0.0029750347137451174,1.0
5226,0.5554082294769882,4.445917705230119,0.002906537055969238,1.0
5227,0.5258395891814251,4.741604108185749,0.003037571907043457,1.0
5228,0.5201284637051988,4.798715362948012,0.002793121337890625,1.0
5229,0.5206899555344584,4.793100444655414,0.0028174161911010743,1.0
5230,0.38398141484797266,6.160185851520273,0.0026961326599121093,1.0
5231,0.3823551455607316,6.1764485443926835,0.002175593376159668,1.0
5232,0.4415950400089348,5.584049599910651,0.0028946399688720703,1.0
5233,0.49212188052616906,5.07878119473831,0.002982425689697266,1.0
5234,0.4807323358881794,5.192676641118206,0.0026898622512817384,1.0
5235,0.518872260935386,4.81127739064614,0.0030507326126098635,1.0
5236,0.5141580004150255,4.858419995849745,0.003241825103759766,1.0
5237,0.5545917958359227,4.454082041640773,0.003197383880615234,1.0
5238,0.5517215553287281,4.482784446712719,0.0030298471450805665,1.0
5239,0.556315713385446,4.43684286614554,0.0030246734619140624,1.0
5240,0.5705784793426749,4.29421520657325,0.0029964208602905273,1.0
5241,0.5705745837970793,4.2942541620292065,0.0029415607452392576,1.0
5242,0.477514979038701,5.22485020961299,0.0029066324234008787,1.0
5243,0.4804989596732646,5.195010403267353,0.002832460403442383,1.0
5244,0.5438515432803556,4.561484567196444,0.0026724576950073243,1.0
5245,0.525455319493207,4.74544680506793,0.0029326438903808593,1.0
5246,0.5650273751921825,4.349726248078175,0.0028363943099975588,1.0
5247,0.444929763526662,5.55070236473338,0.002913832664489746,1.0
5248,0.5308221788692775,4.691778211307224,0.0027724504470825195,1.0
5249,0.5856995564360852,4.143004435639147,0.0029149293899536134,1.0
5250,0.5867554260603243,4.132445739396756,0.0028688907623291016,1.0
5251,0.5957865680167129,4.04213431983287,0.002835536003112793,1.0
5252,0.5713170208808862,4.286829791191139,0.0029123783111572265,1.0
5253,0.5398912611369143,4.601087388630856,0.0028816938400268556,1.0
5254,0.5595802235964451,4.404197764035548,0.0031271457672119142,1.0
5255,0.5559682544643529,4.44031745535647,0.0030192136764526367,1.0
5256,0.5516283168510241,4.483716831489758,0.003220367431640625,1.0
5257,0.5586941961635693,4.413058038364305,0.00308835506439209,1.0
5258,0.4628000571234878,5.371999428765121,0.0032109498977661135,1.0
5259,0.4678024992981408,5.321975007018592,0.0029491186141967773,1.0
5260,0.5311957518112639,4.688042481887362,0.00305938720703125,1.0
5261,0.560045070506531,4.399549294934689,0.0028487443923950195,1.0
5262,0.4945639159429775,5.054360840570224,0.0028957366943359376,1.0
5263,0.46407595857888745,5.359240414211124,0.002773284912109375,1.0
5264,0.4635488360326169,5.3645116396738315,0.002944183349609375,1.0
5265,0.45653967406267154,5.434603259373285,0.0029002904891967775,1.0
5266,0.47000945393759064,5.299905460624093,0.0029554128646850585,1.0
5267,0.47757808391193546,5.224219160880645,0.0030618906021118164,1.0
5268,0.4821356791642744,5.178643208357256,0.0028989553451538087,1.0
5269,0.5113021420934714,4.8869785790652855,0.002900576591491699,1.0
5270,0.6044865398407592,3.9551346015924076,0.0028017044067382814,1.0
5271,0.6120256619604703,3.879743380395297,0.0028287887573242186,1.0
5272,0.579099715971789,4.209002840282109,0.0028592824935913088,1.0
5273,0.5094131682654656,4.905868317345344,0.003050065040588379,1.0
5274,0.4645958984855092,5.354041015144907,0.0031384944915771483,1.0
5275,0.4876626337166418,5.123373662833582,0.0030097484588623045,1.0
5276,0.474603483764615,5.2539651623538495,0.003038311004638672,1.0
5277,0.5464374362860089,4.53562563713991,0.003049206733703613,1.0
5278,0.552296062810224,4.477039371897759,0.002915763854980469,1.0
5279,0.5089997002429157,4.910002997570843,0.0029338836669921876,1.0
5280,0.5189650028080649,4.810349971919352,0.002865719795227051,1.0
5281,0.48953308910498733,5.104669108950126,0.0028506755828857423,1.0
5282,0.5419408664516021,4.5805913354839785,0.0028257369995117188,1.0
5283,0.5529143418560241,4.470856581439759,0.002862215042114258,1.0
5284,0.51731225061817,4.826877493818299,0.0032239437103271486,1.0
5285,0.3940846824513183,6.059153175486816,0.003069949150085449,1.0
5286,0.44706045635843167,5.529395436415683,0.002918434143066406,1.0
5287,0.5195118876361289,4.804881123638711,0.0031213760375976562,1.0
5288,0.4892924995893499,5.107075004106501,0.002817869186401367,1.0
5289,0.5743104260593981,4.256895739406021,0.0029287338256835938,1.0
5290,0.5574730455317907,4.425269544682093,0.0028283357620239257,1.0
5291,0.5654900218608085,4.345099781391914,0.002894139289855957,1.0
5292,0.5399943911374698,4.600056088625302,0.0029247760772705077,1.0
5293,0.6133878094751758,3.8661219052482423,0.0029857635498046877,1.0
5294,0.5671441404935621,4.328558595064379,0.003118467330932617,1.0
5295,0.5881014861755474,4.118985138244527,0.0029143571853637697,1.0
5296,0.5258796214118271,4.741203785881728,0.0030563831329345702,1.0
5297,0.4739831672086868,5.260168327913132,0.002638888359069824,1.0
5298,0.4023795811954406,5.976204188045594,0.0029174327850341798,1.0
5299,0.48438605268272844,5.156139473172716,0.00296628475189209,1.0
5300,0.5495391374363608,4.504608625636392,0.002748274803161621,1.0
5301,0.5399743589683952,4.600256410316048,0.0029598236083984374,1.0
5302,0.5279163283682672,4.720836716317328,0.0029670000076293945,1.0
5303,0.539352806770641,4.606471932293589,0.0028063058853149414,1.0
5304,0.5143570055298994,4.8564299447010075,0.0030133724212646484,1.0
5305,0.4598318663385005,5.401681336614995,0.0030369281768798826,1.0
5306,0.5512486382166583,4.487513617833416,0.0029872894287109376,1.0
5307,0.5525585582127698,4.474414417872303,0.0031646966934204103,1.0
5308,0.6053266477308291,3.94673352269171,0.002885890007019043,1.0
5309,0.5719700892229128,4.280299107770871,0.0030737400054931642,1.0
5310,0.5546333324419856,4.453666675580142,0.00276491641998291,1.0
5311,0.5416313616824366,4.583686383175634,0.002878260612487793,1.0
5312,0.5382171040488327,4.617828959511672,0.002791881561279297,1.0
5313,0.576413021221067,4.235869787789329,0.002921605110168457,1.0
5314,0.5280799707338197,4.719200292661802,0.0028842687606811523,1.0
5315,0.5381067308914668,4.618932691085333,0.0029164552688598633,1.0
5316,0.484677177211184,5.153228227888161,0.0031470537185668947,1.0
5317,0.533413624806931,4.665863751930689,0.00306243896484375,1.0
5318,0.5445492646690775,4.554507353309225,0.003009939193725586,1.0
5319,0.5812748625331149,4.187251374668851,0.0030278682708740233,1.0
5320,0.4940987925192818,5.059012074807181,0.0029297828674316405,1.0
5321,0.540074799268378,4.5992520073162195,0.0028840780258178713,1.0
5322,0.5401456518729899,4.5985434812701,0.0027987480163574217,1.0
5323,0.5526939161923294,4.473060838076704,0.0027410507202148436,1.0
5324,0.5263155332778371,4.736844667221627,0.003128647804260254,1.0
5325,0.6192786312199334,3.8072136878006644,0.0030577898025512694,1.0
5326,0.5998368007153303,4.001631992846697,0.00292816162109375,1.0
5327,0.5713120309401432,4.286879690598568,0.00309906005859375,1.0
5328,0.519307558679637,4.80692441320363,0.0030506372451782225,1.0
5329,0.45464524566214787,5.45354754337852,0.003033614158630371,1.0
5330,0.5878012924022439,4.121987075977561,0.00253143310546875,1.0
5331,0.5498584208119599,4.5014157918804,0.002902698516845703,1.0
5332,0.45630685597793075,5.436931440220692,0.002822422981262207,1.0
5333,0.5328538178071413,4.671461821928586,0.00320279598236084,1.0
5334,0.5331930363149531,4.668069636850469,0.003007960319519043,1.0
5335,0.5341091328922417,4.658908671077583,0.0030127763748168945,1.0
5336,0.5407881552211214,4.592118447788784,0.0029529333114624023,1.0
5337,0.49467283689363584,5.053271631063642,0.0029710769653320313,1.0
5338,0.48319818689493504,5.1680181310506494,0.0029090166091918944,1.0
5339,0.4434484944399989,5.565515055600011,0.0028460025787353516,1.0
5340,0.428370431373469,5.71629568626531,0.0025153875350952147,1.0
5341,0.46000780867089724,5.3999219132910286,0.0029663324356079103,1.0
5342,0.45698502458517093,5.43014975414829,0.0027810335159301758,1.0
5343,0.4545008157498489,5.45499184250151,0.002828645706176758,1.0
5344,0.4673597630869001,5.3264023691309985,0.0030395030975341798,1.0
5345,0.5461291811701281,4.538708188298719,0.003058791160583496,1.0
5346,0.4459034528964967,5.540965471035032,0.0029340744018554687,1.0
5347,0.43937458130165546,5.606254186983446,0.0027493953704833983,1.0
5348,0.4869506052840798,5.130493947159203,0.0028435230255126954,1.0
5349,0.5078217512461075,4.921782487538925,0.0031258344650268556,1.0
5350,0.4864607280814872,5.135392719185126,0.0029782772064208983,1.0
5351,0.4646140282082455,5.353859717917545,0.0030020713806152345,1.0
5352,0.5261081619446969,4.738918380553029,0.0029068946838378905,1.0
5353,0.5829944986701371,4.170055013298629,0.003013420104980469,1.0
5354,0.5107965813888571,4.892034186111429,0.00303194522857666,1.0
5355,0.568807534130484,4.31192465869516,0.0029745101928710938,1.0
5356,0.547550685234004,4.52449314765996,0.002936053276062012,1.0
5357,0.5185516648034442,4.814483351965558,0.0030341863632202147,1.0
5358,0.5608544576481053,4.391455423518948,0.002947998046875,1.0
5359,0.5024234349754145,4.975765650245855,0.0030384302139282227,1.0
5360,0.5289664225092042,4.710335774907957,0.0028937578201293944,1.0
5361,0.5394023338071157,4.605976661928843,0.002821826934814453,1.0
5362,0.5696789825210535,4.3032101747894655,0.0027400493621826173,1.0
5363,0.5474477326523121,4.525522673476878,0.002725958824157715,1.0
5364,0.5301732027951236,4.698267972048765,0.0030114412307739257,1.0
5365,0.5317315207808391,4.682684792191609,0.0030259132385253907,1.0
5366,0.49869655585245837,5.013034441475416,0.0030301094055175783,1.0
5367,0.48143785852624277,5.1856214147375725,0.003145790100097656,1.0
5368,0.5121192073836391,4.878807926163606,0.0029516696929931642,1.0
5369,0.5389335886973499,4.610664113026501,0.0031221389770507814,1.0
5370,0.5186352474723946,4.813647525276052,0.002761530876159668,1.0
5371,0.4662071288864821,5.337928711135179,0.002841067314147949,1.0
5372,0.433498678209806,5.66501321790194,0.0028344869613647463,1.0
5373,0.49853677965247806,5.0146322034752195,0.0029056549072265627,1.0
5374,0.5071460926200057,4.928539073799945,0.0031264305114746095,1.0
5375,0.5515080356080762,4.4849196439192385,0.0030589580535888674,1.0
5376,0.5965649691663136,4.0343503083368635,0.003014016151428223,1.0
5377,0.5005150232117266,4.994849767882733,0.0031059980392456055,1.0
5378,0.47071713719820585,5.292828628017942,0.003024601936340332,1.0
5379,0.5348759433420989,4.651240566579011,0.0026185989379882814,1.0
5380,0.5258979149636976,4.741020850363024,0.0027715206146240235,1.0
5381,0.3857823324000802,6.142176675999198,0.0024968624114990235,1.0
5382,0.4659227308010371,5.3407726919896295,0.0028405189514160156,1.0
5383,0.457550250107473,5.424497498925269,0.002852177619934082,1.0
5384,0.4937941872994262,5.062058127005739,0.0030666589736938477,1.0
5385,0.4260232027379553,5.739767972620446,0.00305631160736084,1.0
5386,0.4466048668204464,5.533951331795535,0.0030341863632202147,1.0
5387,0.5408518317945772,4.591481682054229,0.0030131816864013674,1.0
5388,0.5150264807584064,4.849735192415936,0.0028557538986206054,1.0
5389,0.5772466716426988,4.227533283573011,0.0028818368911743162,1.0
5390,0.5458739621282509,4.5412603787174906,0.0029111385345458986,1.0
5391,0.5045422594250104,4.954577405749896,0.0030851125717163085,1.0
5392,0.4941437280415988,5.058562719584011,0.0029364109039306642,1.0
5393,0.502994002972389,4.970059970276109,0.0030187129974365234,1.0
5394,0.5578937455154829,4.421062544845171,0.0030451297760009767,1.0
5395,0.5357286871086221,4.642713128913778,0.003047537803649902,1.0
5396,0.5060852188354082,4.939147811645918,0.0029091835021972656,1.0
5397,0.5001607218330106,4.998392781669894,0.0029908180236816405,1.0
5398,0.5631536812108444,4.368463187891555,0.002494502067565918,1.0
5399,0.5964644515225821,4.035355484774178,0.0029393672943115235,1.0
5400,0.5315795032042391,4.684204967957609,0.002993464469909668,1.0
5401,0.4897556619330774,5.102443380669226,0.0028049707412719726,1.0
5402,0.4945326357844163,5.054673642155837,0.0029069662094116213,1.0
5403,0.4072582103965077,5.927417896034923,0.002688908576965332,1.0
5404,0.4801429703688648,5.1985702963113525,0.0029805660247802734,1.0
5405,0.4474301329469001,5.525698670530999,0.002982497215270996,1.0
5406,0.4864123185713048,5.135876814286953,0.003017163276672363,1.0
5407,0.5186121131845466,4.813878868154534,0.0030234575271606444,1.0
5408,0.46598080993503305,5.340191900649669,0.0029549598693847656,1.0
5409,0.5082811541455599,4.9171884585444,0.0029085159301757814,1.0
5410,0.43261013207195803,5.673898679280419,0.00294339656829834,1.0
5411,0.5554682755519715,4.445317244480283,0.003114128112792969,1.0
5412,0.5462136723331403,4.537863276668597,0.0030300378799438476,1.0
5413,0.4919101238015376,5.080898761984623,0.002947545051574707,1.0
5414,0.5416133598297183,4.583866401702816,0.0030175924301147463,1.0
5415,0.5023396439488578,4.976603560511422,0.0030879974365234375,1.0
5416,0.5057812505588123,4.942187494411877,0.00269162654876709,1.0
5417,0.5279498315511575,4.7205016844884256,0.003128242492675781,1.0
5418,0.45902044874074166,5.409795512592583,0.0026254177093505858,1.0
5419,0.49565960406848514,5.043403959315148,0.0029118537902832033,1.0
5420,0.5606373883379516,4.393626116620482,0.0028644561767578124,1.0
5421,0.5518438424938165,4.481561575061836,0.002826237678527832,1.0
5422,0.5306739970255646,4.693260029744354,0.002723073959350586,1.0
5423,0.5633163614392431,4.366836385607568,0.0028218507766723635,1.0
5424,0.5582529887985139,4.417470112014859,0.0029342174530029297,1.0
5425,0.4301508856988063,5.698491143011937,0.0029622793197631838,1.0
5426,0.48761827905674104,5.123817209432589,0.003001976013183594,1.0
5427,0.4966421353433435,5.033578646566564,0.0028927803039550783,1.0
5428,0.5077301075642049,4.922698924357951,0.002945232391357422,1.0
5429,0.5380519267220103,4.6194807327798975,0.0028908491134643556,1.0
5430,0.49297492054232245,5.0702507945767765,0.0030159711837768554,1.0
5431,0.5041597695534243,4.958402304465755,0.0029356718063354493,1.0
5432,0.4948969038486225,5.051030961513774,0.002974081039428711,1.0
5433,0.5543551200028144,4.456448799971855,0.003046870231628418,1.0
5434,0.5287954390353712,4.712045609646289,0.003202342987060547,1.0
5435,0.5041034052195833,4.958965947804166,0.0031343936920166016,1.0
5436,0.4425779902165983,5.574220097834017,0.0027168989181518555,1.0
5437,0.4622216538270547,5.377783461729452,0.003066420555114746,1.0
5438,0.5022780333843299,4.977219666156701,0.0029052019119262694,1.0
5439,0.4846896459632141,5.15310354036786,0.0028731107711791994,1.0
5440,0.405456971170869,5.94543028829131,0.0027858734130859373,1.0
5441,0.4936690281323271,5.063309718676728,0.0028609514236450197,1.0
5442,0.4744386150632628,5.255613849367373,0.002919292449951172,1.0
5443,0.445640449436749,5.54359550563251,0.0029007434844970704,1.0
5444,0.4741507947255294,5.258492052744706,0.0028435707092285155,1.0
5445,0.5529917309789154,4.470082690210846,0.0028769254684448244,1.0
5446,0.542429661528217,4.575703384717831,0.0028746366500854493,1.0
5447,0.5759937128426403,4.240062871573597,0.002919721603393555,1.0
5448,0.5158177567510992,4.841822432489007,0.0028427839279174805,1.0
5449,0.5496679306264003,4.503320693735997,0.0030202150344848635,1.0
5450,0.45864028520494743,5.413597147950524,0.0030898094177246095,1.0
5451,0.5256857320073829,4.743142679926171,0.0030195236206054686,1.0
5452,0.45188111963446964,5.481188803655304,0.003092193603515625,1.0
5453,0.48310975129301736,5.168902487069826,0.0029334545135498045,1.0
5454,0.4717511301333883,5.282488698666116,0.0031847238540649416,1.0
5455,0.4993747591255467,5.006252408744532,0.002880358695983887,1.0
5456,0.5927179145373931,4.072820854626071,0.003017711639404297,1.0
5457,0.5589807491368823,4.410192508631176,0.003221869468688965,1.0
5458,0.5452552426149218,4.547447573850783,0.00314633846282959,1.0
5459,0.5814503396591559,4.18549660340844,0.0029326915740966798,1.0
5460,0.5432248819063463,4.567751180936536,0.0030839920043945314,1.0
5461,0.5185347344482928,4.8146526555170714,0.002854132652282715,1.0
5462,0.46212067890052744,5.378793210994724,0.002906203269958496,1.0
5463,0.5224935631156082,4.775064368843917,0.0028189420700073242,1.0
5464,0.40788431009413567,5.921156899058643,0.00276644229888916,1.0
5465,0.5732654753036918,4.267345246963082,0.0028567075729370116,1.0
5466,0.5352717821347107,4.647282178652892,0.0029593706130981445,1.0
5467,0.45704053016823104,5.429594698317689,0.0029657840728759765,1.0
5468,0.4146331215505333,5.853668784494667,0.002606201171875,1.0
5469,0.5079318955355091,4.920681044644909,0.0029153823852539062,1.0
5470,0.49885063443860866,5.011493655613912,0.002993202209472656,1.0
5471,0.5438913307504587,4.561086692495414,0.00286409854888916,1.0
5472,0.56987399561758,4.301260043824201,0.0029481172561645506,1.0
5473,0.5499149875042598,4.500850124957401,0.002833986282348633,1.0
5474,0.5545838123791704,4.454161876208295,0.0031095027923583986,1.0
5475,0.5405945524105209,4.594054475894791,0.002734088897705078,1.0
5476,0.5575775275257981,4.424224724742016,0.0030913591384887696,1.0
5477,0.5761455374536285,4.238544625463716,0.0032311677932739258,1.0
5478,0.6120538688139581,3.8794613118604198,0.0030043363571166993,1.0
5479,0.5651281946497699,4.348718053502301,0.0030250310897827148,1.0
5480,0.5189785649839739,4.81021435016026,0.0026224851608276367,1.0
5481,0.5160026906109099,4.8399730938909,0.002930879592895508,1.0
5482,0.539340231235608,4.6065976876439185,0.0028821945190429686,1.0
5483,0.4859809662628628,5.140190337371371,0.002941465377807617,1.0
5484,0.5487452627867426,4.512547372132573,0.0028664588928222655,1.0
5485,0.6067091292945672,3.932908707054326,0.002900528907775879,1.0
5486,0.6087818022584098,3.9121819774159015,0.002791571617126465,1.0
5487,0.5783004769964768,4.216995230035232,0.002921009063720703,1.0
5488,0.5492326465401401,4.507673534598599,0.002805137634277344,1.0
5489,0.5507377382913912,4.492622617086089,0.002892899513244629,1.0
5490,0.45866227390690784,5.413377260930922,0.0029625177383422853,1.0
5491,0.5105814333541969,4.89418566645803,0.003038358688354492,1.0
5492,0.5436018720910468,4.563981279089532,0.003038477897644043,1.0
5493,0.4017424412030712,5.982575587969289,0.0029323816299438475,1.0
5494,0.44657224502571297,5.53427754974287,0.00291590690612793,1.0
5495,0.4257681331588888,5.742318668411112,0.0029395341873168944,1.0
5496,0.5036555310411577,4.963444689588423,0.003065323829650879,1.0
5497,0.5229145672234626,4.770854327765374,0.0030421018600463867,1.0
5498,0.5208485038816315,4.791514961183684,0.0031330347061157226,1.0
5499,0.5201649847941571,4.798350152058429,0.0030847787857055664,1.0
5500,0.4559486278904469,5.44051372109553,0.0030547618865966798,1.0
5501,0.5346693448421951,4.65330655157805,0.0029199838638305662,1.0
5502,0.5595025368500562,4.404974631499439,0.0030353307723999024,1.0
5503,0.5350124154660303,4.649875845339697,0.0028191089630126955,1.0
5504,0.5220466908297047,4.7795330917029535,0.002863478660583496,1.0
5505,0.548939461288489,4.510605387115109,0.0027861833572387696,1.0
5506,0.48917096521319775,5.108290347868022,0.0027749300003051757,1.0
5507,0.5309850437020357,4.690149562979643,0.0029395580291748046,1.0
5508,0.49591645173056503,5.04083548269435,0.002962183952331543,1.0
5509,0.5594781812661079,4.40521818733892,0.002962350845336914,1.0
5510,0.5034992812649881,4.965007187350119,0.0030326128005981447,1.0
5511,0.48292593866588457,5.170740613341154,0.0029167890548706054,1.0
5512,0.48241882960743904,5.175811703925609,0.002963566780090332,1.0
5513,0.46186081359185216,5.381391864081477,0.002879428863525391,1.0
5514,0.5010772358936494,4.989227641063506,0.0028660058975219726,1.0
5515,0.5460072542352418,4.5399274576475825,0.0028792858123779298,1.0
5516,0.5439465523054224,4.560534476945775,0.0031759977340698243,1.0
5517,0.5244407989900461,4.755592010099539,0.0031967639923095705,1.0
5518,0.494279143971565,5.057208560284349,0.0031960248947143556,1.0
5519,0.5118323708171724,4.881676291828277,0.0031455278396606444,1.0
5520,0.560473775643078,4.39526224356922,0.0030461549758911133,1.0
5521,0.555134498602991,4.448655013970088,0.0029472589492797853,1.0
5522,0.5799883671289143,4.200116328710857,0.0029008865356445314,1.0
5523,0.4944873581313821,5.055126418686178,0.002789020538330078,1.0
5524,0.42153829950132415,5.784617004986758,0.002981257438659668,1.0
5525,0.5568810177222703,4.431189822777296,0.002847909927368164,1.0
5526,0.6067748509342052,3.932251490657948,0.0028769254684448244,1.0
5527,0.6349566838724165,3.650433161275835,0.002932167053222656,1.0
5528,0.507313537592483,4.92686462407517,0.002948498725891113,1.0
5529,0.5640536366270399,4.359463633729601,0.0029073476791381834,1.0
5530,0.5373227595479525,4.626772404520474,0.0028621196746826173,1.0
5531,0.5229960597978239,4.77003940202176,0.002889871597290039,1.0
5532,0.5251169313205283,4.748830686794717,0.0029520511627197264,1.0
5533,0.5559673107335892,4.440326892664109,0.0026443004608154297,1.0
5534,0.460323959589633,5.396760404103669,0.002988290786743164,1.0
5535,0.5175984421903168,4.824015578096832,0.0029489755630493163,1.0
5536,0.447983054733359,5.520169452666411,0.003181052207946777,1.0
5537,0.5538533331164291,4.461466668835707,0.0031249523162841797,1.0
5538,0.5319754039609264,4.680245960390735,0.0030819177627563477,1.0
5539,0.6005775084975159,3.99422491502484,0.00306246280670166,1.0
5540,0.618978839486599,3.8102116051340085,0.0029546022415161133,1.0
5541,0.5464433213486659,4.535566786513342,0.003130793571472168,1.0
5542,0.49798408426481044,5.0201591573518956,0.0030263662338256836,1.0
5543,0.5036310593381875,4.9636894066181245,0.0025424718856811523,1.0
5544,0.49719370448489375,5.0280629551510625,0.002921295166015625,1.0
5545,0.4980686130010513,5.019313869989487,0.0029042720794677734,1.0
5546,0.578097867974029,4.219021320259711,0.002825307846069336,1.0
5547,0.6018393380629099,3.981606619370902,0.002849316596984863,1.0
5548,0.48988266534529334,5.101173346547066,0.0029476404190063475,1.0
5549,0.532978571239503,4.670214287604971,0.002862095832824707,1.0
5550,0.49474244358436126,5.052575564156387,0.0030284404754638674,1.0
5551,0.50940135024055,4.905986497594499,0.002950453758239746,1.0
5552,0.49368792237604975,5.0631207762395025,0.00300443172454834,1.0
5553,0.5742472314320943,4.257527685679056,0.0029347896575927734,1.0
5554,0.552165134380642,4.478348656193579,0.002920722961425781,1.0
5555,0.5282712757523761,4.717287242476239,0.0029104471206665037,1.0
5556,0.5582963999664057,4.417036000335942,0.0031614065170288085,1.0
5557,0.5874264619339146,4.1257353806608545,0.0030884027481079103,1.0
5558,0.5374621003839676,4.625378996160325,0.0031313657760620116,1.0
5559,0.5095516125415124,4.9044838745848764,0.0031745433807373047,1.0
5560,0.5518819534128767,4.4811804658712315,0.002847576141357422,1.0
5561,0.5537883823832483,4.462116176167517,0.003066682815551758,1.0
5562,0.48653048117555275,5.134695188244471,0.002958822250366211,1.0
5563,0.5124547856689039,4.87545214331096,0.0028087139129638673,1.0
5564,0.5118821297432954,4.881178702567047,0.002521824836730957,1.0
5565,0.4974284406352272,5.0257155936477265,0.0028361082077026367,1.0
5566,0.5102458410318041,4.897541589681959,0.0027698278427124023,1.0
5567,0.4824269233688095,5.175730766311906,0.002899503707885742,1.0
5568,0.5223082871648778,4.776917128351221,0.002983975410461426,1.0
5569,0.5255205931807803,4.744794068192198,0.0030077695846557617,1.0
5570,0.405817305533741,5.44182694466259,0.002693581581115723,1.0
5571,0.5211082088682674,4.788917911317326,0.002923464775085449,1.0
5572,0.5328572001112122,4.671427998887878,0.0028874874114990234,1.0
5573,0.5200441778023903,4.799558221976096,0.002926540374755859,1.0
5574,0.5252865527158719,4.747134472841281,0.002866053581237793,1.0
5575,0.4775141105786413,5.224858894213586,0.0030494451522827147,1.0
5576,0.49759864684635924,5.024013531536408,0.0030577659606933595,1.0
5577,0.45508207282927904,5.449179271707209,0.0033902406692504885,1.0
5578,0.467727395387625,5.3227260461237496,0.0030159950256347656,1.0
5579,0.4439694292664232,5.560305707335767,0.0031131505966186523,1.0
5580,0.4544018879379646,5.455981120620354,0.0025931358337402343,1.0
5581,0.4729022519362253,5.270977480637747,0.0028705835342407227,1.0
5582,0.46580201878039,5.3419798121961,0.002506875991821289,1.0
5583,0.5730432629660329,4.2695673703396695,0.002820420265197754,1.0
5584,0.4772367710888351,5.227632289111649,0.0028244733810424806,1.0
5585,0.5010752357125755,4.989247642874245,0.0027695178985595705,1.0
5586,0.5050424481863518,4.949575518136481,0.002860713005065918,1.0
5587,0.4442093966885796,5.557906033114203,0.002593803405761719,1.0
5588,0.5163671366101564,4.836328633898436,0.002982044219970703,1.0
5589,0.5308858882641674,4.691141117358326,0.002991604804992676,1.0
5590,0.49350358912958947,5.064964108704105,0.0029660463333129883,1.0
5591,0.5292867782991522,4.707132217008478,0.0029802560806274415,1.0
5592,0.4992353934546803,5.007646065453196,0.003072834014892578,1.0
5593,0.6077323987470037,3.922676012529961,0.0029994964599609373,1.0
5594,0.5560604674101015,4.439395325898985,0.002948451042175293,1.0
5595,0.5620205026614693,4.379794973385307,0.0029578447341918946,1.0
5596,0.48790077018896094,5.120992298110391,0.0029551506042480467,1.0
5597,0.52656977994047,4.7343022005953,0.0031004428863525392,1.0
5598,0.5277678978284582,4.722321021715417,0.0029059410095214843,1.0
5599,0.5473099701714305,4.526900298285696,0.003149724006652832,1.0
5600,0.48288291240707737,5.171170875929226,0.0030747652053833008,1.0
5601,0.5166738129154342,4.833261870845656,0.0031586408615112303,1.0
5602,0.5640991213832827,4.359008786167172,0.0028383493423461913,1.0
5603,0.5443598995959666,4.556401004040332,0.0028991937637329102,1.0
5604,0.5683242309658163,4.316757690341837,0.002775692939758301,1.0
5605,0.5172269887674044,4.827730112325957,0.002731060981750488,1.0
5606,0.5459472393892968,4.540527606107032,0.0027045488357543947,1.0
5607,0.5099235438576796,4.900764561423204,0.002762174606323242,1.0
5608,0.5991362437934697,4.008637562065301,0.0029477834701538085,1.0
5609,0.5813210519823288,4.186789480176714,0.0030432224273681642,1.0
5610,0.565901140927403,4.340988590725972,0.0031383275985717774,1.0
5611,0.5475897886909079,4.524102113090921,0.0030065059661865236,1.0
5612,0.5414193250714207,4.585806749285793,0.0030498266220092773,1.0
5613,0.5598769834095043,4.401230165904956,0.002980828285217285,1.0
5614,0.49470434120594653,5.0529565879405345,0.002957725524902344,1.0
5615,0.45891162245074596,5.41088377549254,0.0025839805603027344,1.0
5616,0.532733131195731,4.672668688042691,0.0027687788009643556,1.0
5617,0.5478847051595905,4.5211529484040955,0.0032379627227783203,1.0
5618,0.5457165336001109,4.542834663998892,0.0030583858489990233,1.0
5619,0.5348876553722507,4.651123446277493,0.0031111717224121095,1.0
5620,0.429077640498203,5.709223595017969,0.0027163028717041016,1.0
5621,0.5775532397092957,4.224467602907042,0.003027606010437012,1.0
5622,0.48944717915289837,5.105528208471016,0.002964425086975098,1.0
5623,0.44012718284093505,5.598728171590649,0.0025167226791381835,1.0
5624,0.45801384095050884,5.419861590494913,0.0025022268295288087,1.0
5625,0.4340794050514246,5.659205949485754,0.0027165889739990236,1.0
5626,0.5220733126084374,4.779266873915626,0.002703237533569336,1.0
5627,0.5513478914473092,4.486521085526908,0.0028866291046142577,1.0
5628,0.5082150523129052,4.917849476870948,0.002978944778442383,1.0
5629,0.38914263620512013,6.108573637948799,0.0030518531799316405,1.0
5630,0.48862259021174925,5.113774097882508,0.0031365394592285157,1.0
5631,0.5426548598261577,4.5734514017384225,0.002945208549499512,1.0
5632,0.566212844763651,4.337871552363491,0.003032541275024414,1.0
5633,0.4862383146697403,5.137616853302596,0.002959322929382324,1.0
5634,0.5146309260446629,4.853690739553371,0.003055858612060547,1.0
5635,0.6166721755284856,3.8332782447151446,0.003004932403564453,1.0
5636,0.5603855201420743,4.3961447985792566,0.003036308288574219,1.0
5637,0.5372740332197834,4.627259667802166,0.0028533697128295898,1.0
5638,0.5109973676024339,4.89002632397566,0.0030311107635498046,1.0
5639,0.5528024775561345,4.471975224438654,0.0027283668518066407,1.0
5640,0.5694655722882227,4.305344277117773,0.0029960393905639647,1.0
5641,0.5577978546890036,4.422021453109965,0.002877640724182129,1.0
5642,0.4932222972196982,5.067777027803017,0.002832341194152832,1.0
5643,0.5718492322967041,4.28150767703296,0.0028287410736083985,1.0
5644,0.4758815815413267,5.241184184586733,0.0028868913650512695,1.0
5645,0.5496119500501178,4.5038804994988215,0.002881455421447754,1.0
5646,0.6336262680004645,3.663737319995355,0.002773618698120117,1.0
5647,0.5435266226269964,4.564733773730035,0.00261533260345459,1.0
5648,0.5312002335507621,4.687997664492379,0.00306849479675293,1.0
5649,0.5489626489705032,4.510373510294968,0.0029900074005126953,1.0
5650,0.5464749421200742,4.535250578799258,0.003005838394165039,1.0
5651,0.6138634565435287,3.8613654345647133,0.0030085563659667967,1.0
5652,0.48681367636243433,5.131863236375657,0.002992582321166992,1.0
5653,0.5127143896703754,4.872856103296245,0.0029781341552734377,1.0
5654,0.4497462977073762,5.502537022926238,0.0029712915420532227,1.0
5655,0.501551044983272,4.984489550167281,0.003021860122680664,1.0
5656,0.39504675927400984,6.0495324072599015,0.0026233911514282225,1.0
5657,0.4497402777876408,5.502597222123592,0.0030324459075927734,1.0
5658,0.563265662444805,4.3673433755519495,0.002912139892578125,1.0
5659,0.4655043270601693,5.344956729398307,0.0029792308807373045,1.0
5660,0.5144921686544526,4.855078313455474,0.0029469728469848633,1.0
5661,0.4614139298515208,5.385860701484793,0.0030737400054931642,1.0
5662,0.5035916273717664,4.964083726282335,0.002851271629333496,1.0
5663,0.4561073512985122,5.438926487014877,0.0030211687088012697,1.0
5664,0.46015598166916016,5.398440183308398,0.0027716398239135743,1.0
5665,0.5343647374263287,4.656352625736713,0.0028440237045288088,1.0
5666,0.5329364691327979,4.670635308672021,0.0027028799057006838,1.0
5667,0.48609113478576677,5.139088652142332,0.002860879898071289,1.0
5668,0.480394579381192,5.19605420618808,0.0030260324478149415,1.0
5669,0.47733596010883783,5.226640398911622,0.003065323829650879,1.0
5670,0.5055441875420189,4.944558124579811,0.002730560302734375,1.0
5671,0.47507230012901863,5.2492769987098145,0.0029457569122314452,1.0
5672,0.5736115070415595,4.263884929584405,0.0030573129653930662,1.0
5673,0.5222983033955955,4.777016966044045,0.002920699119567871,1.0
5674,0.5046490437819198,4.953509562180802,0.0029329299926757813,1.0
5675,0.5361953435336713,4.638046564663289,0.002926182746887207,1.0
5676,0.5841322821284327,4.158677178715672,0.002930569648742676,1.0
5677,0.5344921781849182,4.655078218150817,0.0030193328857421875,1.0
5678,0.46884103268072047,5.3115896731927945,0.0026760339736938477,1.0
5679,0.5068606463546651,4.931393536453349,0.0030373334884643555,1.0
5680,0.48713027735389913,5.128697226461008,0.0030692338943481444,1.0
5681,0.5209196661461422,4.790803338538579,0.0030718564987182615,1.0
5682,0.4888823402067996,5.111176597932004,0.002895498275756836,1.0
5683,0.4978278967501664,5.021721032498335,0.002893352508544922,1.0
5684,0.5255001161364825,4.7449988386351745,0.002878260612487793,1.0
5685,0.5559768972054858,4.440231027945142,0.0026242733001708984,1.0
5686,0.5775144128712194,4.224855871287805,0.0027565717697143554,1.0
5687,0.5440085504359697,4.559914495640301,0.002817225456237793,1.0
5688,0.5654527550932957,4.345472449067044,0.0029374837875366213,1.0
5689,0.5777482556208481,4.22251744379152,0.0029775142669677735,1.0
5690,0.5594526300217911,4.405473699782089,0.002738356590270996,1.0
5691,0.5109354188147328,4.890645811852671,0.0029509544372558595,1.0
5692,0.5496928863894656,4.503071136105343,0.002891063690185547,1.0
5693,0.5764093028633688,4.235906971366312,0.0029383420944213865,1.0
5694,0.5841420750163925,4.158579249836074,0.002979946136474609,1.0
5695,0.5042069251206481,4.957930748793518,0.003144049644470215,1.0
5696,0.5536796814056013,4.463203185943987,0.003117012977600098,1.0
5697,0.5022419596186205,4.9775804038137945,0.0029641151428222655,1.0
5698,0.5070997103115482,4.9290028968845165,0.0030265092849731446,1.0
5699,0.532488920287755,4.675110797122451,0.0030143260955810547,1.0
5700,0.546992420180642,4.530075798193581,0.0029624223709106444,1.0
5701,0.5081226709898298,4.9187732901017025,0.003003573417663574,1.0
5702,0.5364947377756104,4.6350526222438955,0.0029369592666625977,1.0
5703,0.535918211957618,4.640817880423818,0.0029623985290527345,1.0
5704,0.5951541643402761,4.048458356597239,0.00282742977142334,1.0
5705,0.5558837807876705,4.441162192123294,0.0028704404830932617,1.0
5706,0.5398502088191891,4.601497911808107,0.00272061824798584,1.0
5707,0.4610819475610545,5.389180524389454,0.002955722808837891,1.0
5708,0.4813595297990513,5.1864047020094866,0.0028634071350097656,1.0
5709,0.4864740317914129,5.135259682085871,0.0029753446578979492,1.0
5710,0.5031452412561002,4.968547587438997,0.002980327606201172,1.0
5711,0.47875460610679754,5.2124539389320255,0.0030500411987304686,1.0
5712,0.447597261756174,5.524027382438261,0.003037166595458984,1.0
5713,0.5805039222553688,4.194960777446312,0.003001284599304199,1.0
5714,0.48135841364760923,5.186415863523908,0.0031377077102661133,1.0
5715,0.5620128354316375,4.379871645683625,0.0029844045639038086,1.0
5716,0.5356299355260615,4.6437006447393845,0.0030441045761108398,1.0
5717,0.47771614356477576,5.222838564352242,0.0029636383056640624,1.0
5718,0.5770363228346553,4.229636771653446,0.003113675117492676,1.0
5719,0.5643023145221432,4.356976854778568,0.002992129325866699,1.0
5720,0.5391140048598498,4.608859951401501,0.003125929832458496,1.0
5721,0.5354603365057236,4.645396634942766,0.0029094457626342774,1.0
5722,0.5418225178052434,4.581774821947566,0.002921772003173828,1.0
5723,0.5050837529691924,4.949162470308075,0.0029421329498291017,1.0
5724,0.49368219403358327,5.063178059664168,0.0027765274047851563,1.0
5725,0.46420931793574816,5.357906820642518,0.002764248847961426,1.0
5726,0.5377959263530254,4.622040736469747,0.00272064208984375,1.0
5727,0.5035750375864992,4.964249624135007,0.0025588035583496093,1.0
5728,0.4361180199620366,5.638819800379634,0.0029977083206176756,1.0
5729,0.4035541870804119,5.964458129195881,0.0028217554092407225,1.0
5730,0.5131758324670717,4.868241675329283,0.0030228137969970704,1.0
5731,0.5713202148725842,4.286797851274158,0.0029920339584350586,1.0
5732,0.545325494449954,4.54674505550046,0.003010272979736328,1.0
5733,0.5012550806968656,4.9874491930313445,0.002901911735534668,1.0
5734,0.43613986925638343,5.638601307436167,0.0031620025634765624,1.0
5735,0.4303969602989878,5.696030397010121,0.003131389617919922,1.0
5736,0.43920675789159214,5.607932421084078,0.003031277656555176,1.0
5737,0.44186928939088155,5.5813071060911845,0.0029972076416015627,1.0
5738,0.49856633611838586,5.0143366388161414,0.002966022491455078,1.0
5739,0.5049310698287997,4.950689301712003,0.002909278869628906,1.0
5740,0.5069077936336738,4.930922063663262,0.002998805046081543,1.0
5741,0.5515988961733201,4.484011038266798,0.0028620243072509767,1.0
5742,0.5680766676718861,4.3192333232811375,0.002893829345703125,1.0
5743,0.5084856141993115,4.9151438580068865,0.0025653600692749023,1.0
5744,0.5717551019586915,4.2824489804130845,0.002819657325744629,1.0
5745,0.5612814415366041,4.38718558463396,0.0029191017150878907,1.0
5746,0.5443658080116911,4.5563419198830895,0.002797436714172363,1.0
5747,0.552226773901043,4.477732260989569,0.002846074104309082,1.0
5748,0.5617612501931726,4.382387498068273,0.0027109384536743164,1.0
5749,0.5666774810478167,4.333225189521833,0.002733469009399414,1.0
5750,0.5863015827469138,4.136984172530861,0.003039693832397461,1.0
5751,0.5479777343547422,4.520222656452579,0.0030831813812255858,1.0
5752,0.6300362680663624,3.699637319336376,0.0029422760009765623,1.0
5753,0.4839008734178149,5.16099126582185,0.0029949188232421876,1.0
5754,0.5396445083399956,4.603554916600045,0.0029470443725585936,1.0
5755,0.5398429565473959,4.601570434526041,0.0030731916427612304,1.0
5756,0.5667486890727647,4.3325131092723534,0.0027138471603393556,1.0
5757,0.5392556017583868,4.607443982416131,0.0030061006546020508,1.0
5758,0.5357680149919887,4.642319850080113,0.0029173851013183593,1.0
5759,0.5551237595711271,4.44876240428873,0.002878093719482422,1.0
5760,0.5289801077172026,4.710198922827974,0.0030594110488891602,1.0
5761,0.5285002428416696,4.714997571583304,0.0028713464736938475,1.0
5762,0.5488725724839615,4.511274275160385,0.0028860807418823243,1.0
5763,0.5201002873787222,4.798997126212778,0.003035712242126465,1.0
5764,0.5100243279947685,4.899756720052315,0.002882838249206543,1.0
5765,0.5746855428444785,4.253144571555215,0.0029458045959472657,1.0
5766,0.4975390119140874,5.024609880859127,0.0027173042297363283,1.0
5767,0.5899409489146974,4.100590510853027,0.0028615951538085937,1.0
5768,0.5419565823218169,4.580434176781831,0.0030309438705444338,1.0
5769,0.49881829401113614,5.011817059888638,0.0030587434768676756,1.0
5770,0.47273687677657145,5.272631232234286,0.0031061649322509767,1.0
5771,0.5607018323427843,4.392981676572157,0.003020191192626953,1.0
5772,0.5866884150149018,4.133115849850983,0.0029998779296875,1.0
5773,0.5547707677352363,4.452292322647638,0.0028143882751464843,1.0
5774,0.4836163928245806,5.163836071754194,0.002936840057373047,1.0
5775,0.509091743450876,4.90908256549124,0.002685070037841797,1.0
5776,0.5533438440666693,4.466561559333306,0.003000164031982422,1.0
5777,0.479007909502512,5.20992090497488,0.0030049562454223635,1.0
5778,0.5333678943107482,4.666321056892518,0.002987170219421387,1.0
5779,0.5325845986198652,4.674154013801348,0.0026500463485717774,1.0
5780,0.5027986600716965,4.972013399283035,0.0030586719512939453,1.0
5781,0.502223375554174,4.977766244458261,0.0030478477478027345,1.0
5782,0.5113144555717554,4.886855444282446,0.0029772520065307617,1.0
5783,0.5612607309077962,4.387392690922038,0.0030008554458618164,1.0
5784,0.5656968902158545,4.343031097841456,0.002624821662902832,1.0
5785,0.5778136908348713,4.221863091651285,0.002860546112060547,1.0
5786,0.507738029434939,4.922619705650609,0.002817058563232422,1.0
5787,0.45840407147666246,5.415959285233375,0.0028618812561035157,1.0
5788,0.4521301286851599,5.478698713148401,0.003057980537414551,1.0
5789,0.550973270185896,4.49026729814104,0.0031203269958496095,1.0
5790,0.5023374681952218,4.97662531804778,0.0031522274017333984,1.0
5791,0.5011270842540341,4.988729157459657,0.0030431270599365233,1.0
5792,0.5055218524132222,4.944781475867779,0.0029924392700195314,1.0
5793,0.5507503971214116,4.492496028785885,0.0028971195220947265,1.0
5794,0.5239810401359124,4.760189598640875,0.0026474237442016602,1.0
5795,0.585183077750387,4.148169222496129,0.003006649017333984,1.0
5796,0.5075382638313225,4.924617361686776,0.0029650449752807615,1.0
5797,0.5528234926999102,4.471765073000897,0.0031280279159545898,1.0
5798,0.5311291129861914,4.688708870138087,0.0030331134796142576,1.0
5799,0.5138792665182285,4.861207334817715,0.0029767513275146484,1.0
5800,0.4865920480226388,5.1340795197736115,0.002922677993774414,1.0
5801,0.48225063991588096,5.17749360084119,0.002976250648498535,1.0
5802,0.5044080807106592,4.955919192893409,0.0029052257537841796,1.0
5803,0.5715287637579931,4.284712362420068,0.002904653549194336,1.0
5804,0.5270372810568456,4.729627189431545,0.002852988243103027,1.0
5805,0.5030951034443017,4.969048965556982,0.0028104066848754885,1.0
5806,0.5491925927344607,4.508074072655392,0.0028336763381958006,1.0
5807,0.4778627010855961,5.221372989144038,0.0028037309646606447,1.0
5808,0.4442609946107964,5.557390053892036,0.00293886661529541,1.0
5809,0.5475225055679153,4.524774944320846,0.003005051612854004,1.0
5810,0.5454073014312815,4.545926985687186,0.003176450729370117,1.0
5811,0.4774835519343986,5.225164480656014,0.0027088642120361326,1.0
5812,0.5791223318247778,4.208776681752221,0.0030821800231933595,1.0
5813,0.5270801514652965,4.729198485347034,0.002897500991821289,1.0
5814,0.4870594296533424,5.129405703466575,0.0029897451400756835,1.0
5815,0.47508454269074374,5.249154573092563,0.002974128723144531,1.0
5816,0.5210940209289967,4.789059790710033,0.00297698974609375,1.0
5817,0.40138870247642905,5.9861129752357085,0.0029449939727783205,1.0
5818,0.49668363627446316,5.033163637255368,0.0029007911682128905,1.0
5819,0.4810214719330121,5.189785280669878,0.0025353193283081054,1.0
5820,0.5800446989937427,4.199553010062575,0.002963709831237793,1.0
5821,0.5194044800126598,4.805955199873401,0.0026566505432128905,1.0
5822,0.5386724010762595,4.6132759892374064,0.0030230283737182617,1.0
5823,0.47909444011054186,5.209055598894582,0.002948284149169922,1.0
5824,0.43639986487652915,5.636001351234708,0.0026668548583984376,1.0
5825,0.4657764811313692,5.342235188686308,0.0028988122940063477,1.0
5826,0.4791269204372301,5.2087307956277,0.0028278112411499025,1.0
5827,0.5063556405985703,4.936443594014297,0.002776432037353516,1.0
5828,0.5255563470814025,4.744436529185974,0.002946352958679199,1.0
5829,0.501394004665756,4.986059953342439,0.003029155731201172,1.0
5830,0.45471267090074674,5.452873290992532,0.0029204607009887694,1.0
5831,0.5042168943400696,4.957831056599305,0.0030527591705322267,1.0
5832,0.4529322315952465,5.470677684047535,0.0031865119934082033,1.0
5833,0.40450905144090565,5.954909485590943,0.002924203872680664,1.0
5834,0.5430205755760588,4.569794244239413,0.0029781103134155274,1.0
5835,0.5934759643870986,4.065240356129015,0.0028926372528076173,1.0
5836,0.5780952018327709,4.219047981672291,0.003058910369873047,1.0
5837,0.5109369002101471,4.890630997898527,0.0028905391693115233,1.0
5838,0.5827198017564049,4.172801982435951,0.002924990653991699,1.0
5839,0.5741628988676762,4.258371011323238,0.0029193639755249025,1.0
5840,0.5378593540106715,4.621406459893285,0.0029035091400146486,1.0
5841,0.506450824951204,4.93549175048796,0.0028723478317260742,1.0
5842,0.5324996753486835,4.675003246513166,0.002960538864135742,1.0
5843,0.555356714220871,4.446432857791291,0.0029145956039428713,1.0
5844,0.48569821845328676,5.143017815467132,0.0029217004776000977,1.0
5845,0.5643826505371756,4.356173494628242,0.0028487682342529298,1.0
5846,0.5035006506343953,4.964993493656047,0.0029014825820922853,1.0
5847,0.5157978075333512,4.842021924666487,0.0030140399932861326,1.0
5848,0.5651601118738745,4.3483988812612555,0.0029537200927734373,1.0
5849,0.5673536232926724,4.326463767073276,0.003127741813659668,1.0
5850,0.5828101709933733,4.171898290066268,0.0031751394271850586,1.0
5851,0.5432328301836336,4.567671698163663,0.003021979331970215,1.0
5852,0.48452567901866894,5.154743209813311,0.0030614852905273436,1.0
5853,0.48780112167245626,5.1219887832754365,0.0024747610092163085,1.0
5854,0.48460299289289716,5.153970071071028,0.0028583049774169923,1.0
5855,0.5397625334278413,4.602374665721588,0.002689957618713379,1.0
5856,0.5037943217378873,4.962056782621126,0.0026178836822509767,1.0
5857,0.5494552960261059,4.505447039738941,0.0029148101806640626,1.0
5858,0.44760053443590964,5.523994655640903,0.002653765678405762,1.0
5859,0.566556596517085,4.334434034829149,0.0028190851211547852,1.0
5860,0.5142696124381378,4.857303875618621,0.0028494119644165037,1.0
5861,0.4968203104455403,5.031796895544597,0.002532625198364258,1.0
5862,0.5356449593160179,4.643550406839821,0.0028445959091186524,1.0
5863,0.5484407878468855,4.515592121531145,0.002983236312866211,1.0
5864,0.5719034333774136,4.280965666225862,0.0029671192169189453,1.0
5865,0.6129620245740687,3.8703797542593135,0.0030782461166381837,1.0
5866,0.5581590168001346,4.418409831998654,0.0030596017837524413,1.0
5867,0.4896860597425265,5.103139402574735,0.0030100345611572266,1.0
5868,0.537528461538713,4.624715384612868,0.003016495704650879,1.0
5869,0.543144036593562,4.56855963406438,0.003112316131591797,1.0
5870,0.49078626246154,5.0921373753846,0.00317227840423584,1.0
5871,0.5229998484933394,4.770001515066608,0.0030738353729248048,1.0
5872,0.4241382076781438,5.758617923218562,0.003030538558959961,1.0
5873,0.4722389867747748,5.277610132252251,0.0030521154403686523,1.0
5874,0.5656398240573093,4.343601759426907,0.00276491641998291,1.0
5875,0.5547726741190843,4.452273258809157,0.0027733564376831053,1.0
5876,0.5865529234420024,4.134470765579975,0.0027788877487182617,1.0
5877,0.5251147671427967,4.748852328572032,0.002438950538635254,1.0
5878,0.5245225583164304,4.754774416835698,0.002804422378540039,1.0
5879,0.5042927877523231,4.957072122476769,0.0027233362197875977,1.0
5880,0.5078886673847937,4.921113326152062,0.0029356718063354493,1.0
5881,0.5307407858097151,4.69259214190285,0.002824091911315918,1.0
5882,0.5248784932790795,4.751215067209204,0.0030029296875,1.0
5883,0.5229299620553768,4.7707003794462315,0.0031206369400024413,1.0
5884,0.5533232675852527,4.466767324147472,0.0029977798461914063,1.0
5885,0.603312658656044,3.96687341343956,0.0030951738357543946,1.0
5886,0.5689112329851758,4.310887670148242,0.0030515193939208984,1.0
5887,0.5280927468677644,4.719072531322356,0.003028607368469238,1.0
5888,0.5582613219336083,4.417386780663917,0.002793693542480469,1.0
5889,0.504556757960071,4.954432420399288,0.0030092716217041014,1.0
5890,0.41576150703268144,5.842384929673186,0.0031306266784667967,1.0
5891,0.47751789546031925,5.224821045396807,0.00300290584564209,1.0
5892,0.5198321928338542,4.801678071661458,0.003052830696105957,1.0
5893,0.5194883203948748,4.805116796051251,0.0029182195663452148,1.0
5894,0.539433094793588,4.60566905206412,0.0028440237045288088,1.0
5895,0.48277084661348385,5.1722915338651605,0.0027767181396484374,1.0
5896,0.5306390948595667,4.693609051404332,0.0027143001556396485,1.0
5897,0.5564879652670418,4.4351203473295815,0.0028824806213378906,1.0
5898,0.5249472908862028,4.750527091137971,0.00289461612701416,1.0
5899,0.5289246723388769,4.71075327661123,0.002829575538635254,1.0
5900,0.5418125470912687,4.5818745290873135,0.0028868913650512695,1.0
5901,0.561993725697215,4.38006274302785,0.002829885482788086,1.0
5902,0.5381275840536263,4.618724159463737,0.0031084537506103514,1.0
5903,0.5525863476013374,4.474136523986624,0.003099370002746582,1.0
5904,0.40020723795589197,5.9979276204410805,0.0027723073959350585,1.0
5905,0.525251946860384,4.747480531396159,0.0030608177185058594,1.0
5906,0.5105041936337975,4.894958063662024,0.002949213981628418,1.0
5907,0.5491149584913193,4.5088504150868065,0.003042292594909668,1.0
5908,0.5185386459370693,4.814613540629306,0.0029783725738525392,1.0
5909,0.6030120347617339,3.969879652382661,0.0028348207473754884,1.0
5910,0.5650299752302346,4.349700247697653,0.003058314323425293,1.0
5911,0.5753543876812534,4.246456123187468,0.002784442901611328,1.0
5912,0.5635614656844015,4.364385343155985,0.003020572662353516,1.0
5913,0.5879447082181395,4.120552917818603,0.0029787778854370116,1.0
5914,0.631519210681937,3.68480789318063,0.0029282569885253906,1.0
5915,0.535289043915202,4.647109560847979,0.002914834022521973,1.0
5916,0.5676943619280395,4.3230563807196045,0.0028604745864868166,1.0
5917,0.5646528301942655,4.353471698057345,0.0028625965118408204,1.0
5918,0.5709670684784406,4.290329315215594,0.0028398752212524412,1.0
5919,0.5150261889195878,4.849738110804122,0.002897310256958008,1.0
5920,0.4552892102776843,5.447107897223157,0.002919602394104004,1.0
5921,0.43362907370143117,5.663709262985689,0.002953624725341797,1.0
5922,0.5100395609074274,4.899604390925726,0.0030873775482177734,1.0
5923,0.5368048375263481,4.631951624736519,0.0029868364334106447,1.0
5924,0.5208560235816491,4.791439764183508,0.0026497602462768554,1.0
5925,0.5741741536945556,4.258258463054444,0.002902317047119141,1.0
5926,0.5182399391988523,4.817600608011477,0.0029350042343139647,1.0
5927,0.5534437976181003,4.465562023818999,0.0028032779693603514,1.0
5928,0.5212586305542352,4.7874136944576495,0.003004312515258789,1.0
5929,0.5875212936472074,4.1247870635279265,0.0029449462890625,1.0
5930,0.4707130006940079,5.292869993059921,0.0027417659759521483,1.0
5931,0.5085894348271272,4.914105651728728,0.0028899192810058595,1.0
5932,0.5130876431691141,4.869123568308859,0.0031541109085083006,1.0
5933,0.5937200810914096,4.062799189085904,0.003054165840148926,1.0
5934,0.5219913497333842,4.780086502666157,0.002992987632751465,1.0
5935,0.5643786093710987,4.356213906289012,0.0028142690658569335,1.0
5936,0.5226106999519542,4.773893000480458,0.0028865575790405274,1.0
5937,0.5326463064010948,4.673536935989051,0.002835679054260254,1.0
5938,0.5813346097967848,4.186653902032154,0.0029069662094116213,1.0
5939,0.5343406617765922,4.656593382234077,0.0028779983520507814,1.0
5940,0.5363119832124472,4.636880167875528,0.0028779029846191405,1.0
5941,0.5445572068409328,4.554427931590672,0.002911233901977539,1.0
5942,0.48173995896762734,5.182600410323728,0.0028837919235229492,1.0
5943,0.5250128265126113,4.749871734873887,0.003043842315673828,1.0
5944,0.5001263094328404,4.998736905671596,0.00298309326171875,1.0
5945,0.5075651998372044,4.924348001627957,0.0029051780700683595,1.0
5946,0.4930702519928432,5.069297480071567,0.0029309272766113283,1.0
5947,0.5685711860663487,4.3142881393365125,0.0027382612228393556,1.0
5948,0.500222232406357,4.99777767593643,0.0031326770782470702,1.0
5949,0.4992606888987085,5.007393111012914,0.0029634714126586916,1.0
5950,0.5735330315906987,4.264669684093013,0.003093910217285156,1.0
5951,0.5407073391646906,4.592926608353094,0.003126788139343262,1.0
5952,0.5541365346816124,4.458634653183877,0.002743220329284668,1.0
5953,0.6121974500181199,3.8780254998188006,0.0030383825302124023,1.0
5954,0.5258718803934272,4.741281196065727,0.003049349784851074,1.0
5955,0.5524434943494569,4.47556505650543,0.0028785943984985353,1.0
5956,0.4453301190810146,5.546698809189854,0.002878689765930176,1.0
5957,0.5184976761096077,4.815023238903922,0.002747941017150879,1.0
5958,0.5069453486390247,4.930546513609753,0.0028140783309936524,1.0
5959,0.6037418394193332,3.962581605806669,0.0028376102447509764,1.0
5960,0.5357643498850994,4.642356501149004,0.0027914524078369142,1.0
5961,0.5215119747278578,4.78488025272142,0.0026235580444335938,1.0
5962,0.5497397248918133,4.5026027510818665,0.002707982063293457,1.0
5963,0.4849200657342122,5.150799342657878,0.0030371427536010744,1.0
5964,0.5113457939533133,4.8865420604668675,0.0031357765197753905,1.0
5965,0.5610966340457884,4.389033659542117,0.0029961109161376954,1.0
5966,0.5807604558596452,4.192395441403548,0.002965283393859863,1.0
5967,0.5814707923218012,4.185292076781987,0.002962040901184082,1.0
5968,0.5551043182646895,4.448956817353105,0.003042459487915039,1.0
5969,0.5066268284984273,4.933731715015726,0.0029738664627075194,1.0
5970,0.5258507591054444,4.741492408945557,0.003012871742248535,1.0
5971,0.5148379717345941,4.851620282654059,0.003154754638671875,1.0
5972,0.5453367203630595,4.546632796369405,0.0030789613723754884,1.0
5973,0.5253702714091896,4.7462972859081045,0.00302278995513916,1.0
5974,0.5593912775626333,4.406087224373667,0.002932167053222656,1.0
5975,0.5549635268855335,4.450364731144664,0.002807354927062988,1.0
5976,0.5136255351111292,4.863744648888708,0.0028183698654174806,1.0
5977,0.5018643704292287,4.981356295707713,0.002717423439025879,1.0
5978,0.4607722953445923,5.392277046554076,0.0028130054473876954,1.0
5979,0.5091980728235037,4.908019271764962,0.0028257846832275392,1.0
5980,0.5537964187019282,4.4620358129807185,0.002822089195251465,1.0
5981,0.5244991871445556,4.7550081285544445,0.0029944658279418947,1.0
5982,0.5487980648328598,4.5120193516714036,0.0029472589492797853,1.0
5983,0.5223126696410723,4.776873303589278,0.0031396150588989258,1.0
5984,0.49116071288894325,5.088392871110567,0.003078174591064453,1.0
5985,0.5229673129607405,4.770326870392594,0.00301058292388916,1.0
5986,0.5709042676569485,4.290957323430516,0.0027608871459960938,1.0
5987,0.5482508278204522,4.517491721795478,0.0030462980270385743,1.0
5988,0.4695155110583379,5.304844889416621,0.00319063663482666,1.0
5989,0.5038336738384176,4.961663261615824,0.0026855230331420898,1.0
5990,0.5626517934662072,4.373482065337926,0.0029139995574951174,1.0
5991,0.5310823060294427,4.689176939705574,0.002860569953918457,1.0
5992,0.5451219799370923,4.548780200629077,0.002854180335998535,1.0
5993,0.5425265242103743,4.574734757896257,0.0029019832611083983,1.0
5994,0.49014231764345795,5.098576823565421,0.0028166770935058594,1.0
5995,0.4670961121022749,5.329038878977251,0.0028432369232177734,1.0
5996,0.4882009677942218,5.117990322057781,0.0022555828094482423,1.0
5997,0.5028013167835678,4.971986832164323,0.002800250053405762,1.0
5998,0.491252987613991,5.08747012386009,0.002794790267944336,1.0
5999,0.5252619236159941,4.7473807638400585,0.002929377555847168,1.0
6000,0.4867063239000071,5.132936760999929,0.002924656867980957,1.0
6001,0.5716618543576332,4.283381456423667,0.003142857551574707,1.0
6002,0.4824303357290257,5.175696642709743,0.002798604965209961,1.0
6003,0.5117073429864372,4.882926570135627,0.003227519989013672,1.0
6004,0.4077064958521692,5.922935041478307,0.003275752067565918,1.0
6005,0.4776811520997734,5.223188479002266,0.0030925512313842774,1.0
6006,0.5303705355281501,4.696294644718499,0.003031206130981445,1.0
6007,0.5225293820151069,4.77470617984893,0.0029790639877319337,1.0
6008,0.5123735176731218,4.876264823268782,0.00296630859375,1.0
6009,0.48371452974870593,5.16285470251294,0.002865767478942871,1.0
6010,0.48131882083893596,5.18681179161064,0.0025724172592163086,1.0
6011,0.46348635150012,5.365136484998802,0.0028716087341308593,1.0
6012,0.4976268101937721,5.0237318980622785,0.0028615474700927736,1.0
6013,0.4745848598457898,5.254151401542102,0.002898764610290527,1.0
6014,0.48968255051469944,5.103174494853005,0.0027946710586547853,1.0
6015,0.5320339098698517,4.679660901301483,0.002842092514038086,1.0
6016,0.5422916910079836,4.577083089920165,0.0025256872177124023,1.0
6017,0.5775138761318355,4.224861238681645,0.0028066158294677733,1.0
6018,0.5612640287566615,4.387359712433385,0.0028451919555664063,1.0
6019,0.5390458602538751,4.609541397461248,0.00297701358795166,1.0
6020,0.5739371416133037,4.260628583866962,0.0030327320098876955,1.0
6021,0.6060059129019413,3.9399408709805877,0.003047752380371094,1.0
6022,0.5277746312964171,4.722253687035827,0.00318605899810791,1.0
6023,0.48097693717877943,5.190230628212206,0.0032757043838500975,1.0
6024,0.4495124168208363,5.504875831791636,0.003082466125488281,1.0
6025,0.5078373559655939,4.9216264403440615,0.003029155731201172,1.0
6026,0.5777962016397099,4.222037983602901,0.0026661157608032227,1.0
6027,0.4695515301228353,5.304484698771647,0.0029317855834960936,1.0
6028,0.48166251771575413,5.183374822842458,0.0028618574142456055,1.0
6029,0.4728808530669574,5.271191469330427,0.0029023408889770506,1.0
6030,0.5022390189491833,4.9776098105081665,0.002865767478942871,1.0
6031,0.5024348386452777,4.975651613547223,0.0028527498245239256,1.0
6032,0.5528310881384833,4.471689118615167,0.0030080556869506838,1.0
6033,0.5571629719107477,4.428370280892522,0.002969646453857422,1.0
6034,0.5383689373095981,4.616310626904017,0.0029243707656860353,1.0
6035,0.5498041773657476,4.5019582263425235,0.0029009342193603515,1.0
6036,0.5386824295394324,4.613175704605676,0.002979946136474609,1.0
6037,0.5198915666520345,4.801084333479655,0.0027851104736328126,1.0
6038,0.5636893486585366,4.363106513414633,0.0028810739517211915,1.0
6039,0.5537099372696623,4.462900627303376,0.0028194427490234376,1.0
6040,0.5559846565845022,4.440153434154977,0.0029024839401245116,1.0
6041,0.5098147501110253,4.901852498889747,0.002683854103088379,1.0
6042,0.43590232800261414,5.640976719973857,0.0030011653900146483,1.0
6043,0.4420031283394331,5.579968716605668,0.0031348466873168945,1.0
6044,0.5031985691009457,4.968014308990542,0.003049802780151367,1.0
6045,0.5482184134009781,4.517815865990219,0.0030722856521606446,1.0
6046,0.5205881917269529,4.794118082730471,0.0029257774353027345,1.0
6047,0.5107014705277362,4.892985294722638,0.002936530113220215,1.0
6048,0.5075649236249442,4.924350763750558,0.0029022216796875,1.0
6049,0.43398048565001524,5.6601951434998465,0.003093457221984863,1.0
6050,0.5460052407087603,4.539947592912396,0.003022432327270508,1.0
6051,0.5792832332069897,4.207167667930102,0.00298917293548584,1.0
6052,0.42727439499782205,5.727256050021778,0.003061723709106445,1.0
6053,0.5100862256799679,4.8991377432003205,0.0031399965286254884,1.0
6054,0.5295350794148544,4.704649205851455,0.002986240386962891,1.0
6055,0.5975602838017389,4.024397161982611,0.0028972864151000977,1.0
6056,0.5021825534930346,4.978174465069653,0.0026026487350463865,1.0
6057,0.5267587259970099,4.7324127400299005,0.0027895212173461915,1.0
6058,0.5391388672499112,4.608611327500887,0.0025110960006713865,1.0
6059,0.5070567877989884,4.929432122010115,0.002713632583618164,1.0
6060,0.5311874877386794,4.688125122613206,0.0027733564376831053,1.0
6061,0.5296206886749555,4.703793113250443,0.0028960704803466797,1.0
6062,0.5409172421043278,4.590827578956722,0.0029214143753051756,1.0
6063,0.572082394009199,4.27917605990801,0.00305027961730957,1.0
6064,0.5903414303206402,4.096585696793597,0.0029749393463134764,1.0
6065,0.55368605867386,4.4631394132614,0.0030014514923095703,1.0
6066,0.5932487699771459,4.0675123002285405,0.002988719940185547,1.0
6067,0.5234041352390688,4.765958647609313,0.003101158142089844,1.0
6068,0.49229960783774684,5.077003921622531,0.0030292272567749023,1.0
6069,0.5189224425382373,4.810775574617627,0.003178691864013672,1.0
6070,0.5017673361138784,4.982326638861215,0.003157353401184082,1.0
6071,0.5196114161883039,4.80388583811696,0.0030325174331665037,1.0
6072,0.6271924756091874,3.728075243908124,0.0030685186386108397,1.0
6073,0.6018759432661323,3.981240567338678,0.002910327911376953,1.0
6074,0.5613909106273468,4.386090893726531,0.0029500722885131836,1.0
6075,0.5381042891312199,4.618957108687801,0.0027758121490478516,1.0
6076,0.590987054698085,4.09012945301915,0.0027859687805175783,1.0
6077,0.5283014264541457,4.716985735458541,0.0024981021881103514,1.0
6078,0.5812767448002891,4.187232551997108,0.0028244495391845704,1.0
6079,0.6053177519191116,3.946822480808882,0.0028475522994995117,1.0
6080,0.5201658610222702,4.798341389777297,0.002783203125,1.0
6081,0.5351249632887753,4.648750367112245,0.002942800521850586,1.0
6082,0.48682761438252165,5.131723856174782,0.0025988340377807615,1.0
6083,0.4734262499629365,5.265737500370635,0.003239941596984863,1.0
6084,0.5558501503408261,4.4414984965917395,0.003078746795654297,1.0
6085,0.5290753696868172,4.7092463031318275,0.0031138181686401365,1.0
6086,0.4736879201856917,5.263120798143083,0.003098917007446289,1.0
6087,0.51100333502118,4.889966649788201,0.0030560731887817384,1.0
6088,0.5246848554135176,4.753151445864823,0.0026026487350463865,1.0
6089,0.46931006817046017,5.306899318295398,0.0030829906463623047,1.0
6090,0.5989013413637185,4.010986586362813,0.003103208541870117,1.0
6091,0.5340139268435447,4.659860731564553,0.002541637420654297,1.0
6092,0.539340330384839,4.606596696151608,0.002678394317626953,1.0
6093,0.5426293576203599,4.573706423796399,0.0028965234756469726,1.0
6094,0.5891000337260788,4.108999662739212,0.002900862693786621,1.0
6095,0.5073812267303228,4.426187732696772,0.002794480323791504,1.0
6096,0.5612718932909317,4.387281067090682,0.002794694900512695,1.0
6097,0.5644237688675633,4.355762311324367,0.0027574539184570313,1.0
6098,0.5685455009367275,4.314544990632724,0.0028140783309936524,1.0
6099,0.6436578307938361,3.563421692061639,0.0027144193649291993,1.0
6100,0.609475775919058,3.9052422408094194,0.0028115510940551758,1.0
6101,0.558890369486145,4.411096305138548,0.0029630422592163085,1.0
6102,0.6155372079701192,3.8446279202988074,0.003122901916503906,1.0
6103,0.5535573437317426,4.464426562682574,0.003280949592590332,1.0
6104,0.5578332973843771,4.421667026156228,0.0032712221145629883,1.0
6105,0.5701998579314761,4.298001420685238,0.0031313419342041014,1.0
6106,0.5484518977739752,4.515481022260249,0.0030680179595947267,1.0
6107,0.5639608138166068,4.36039186183393,0.002898383140563965,1.0
6108,0.46905663905950873,5.309433609404911,0.002898716926574707,1.0
6109,0.5264787329006779,4.735212670993222,0.002933311462402344,1.0
6110,0.4937774272888065,5.062225727111934,0.0030241966247558593,1.0
6111,0.5129395001904418,4.870604998095583,0.002916693687438965,1.0
6112,0.5458395134759252,4.541604865240748,0.0029868125915527345,1.0
6113,0.5853205593800077,4.1467944061999225,0.002998948097229004,1.0
6114,0.5539006762416082,4.460993237583916,0.0029111385345458986,1.0
6115,0.509797339286297,4.90202660713703,0.002836799621582031,1.0
6116,0.5388536097187628,4.611463902812369,0.002841544151306152,1.0
6117,0.4280424095913234,5.719575904086766,0.00288698673248291,1.0
6118,0.469929868663181,5.30070131336819,0.002886343002319336,1.0
6119,0.5015619844014421,4.984380155985579,0.0028697490692138673,1.0
6120,0.5734588250815269,4.265411749184729,0.0029241323471069338,1.0
6121,0.5395977774783374,4.604022225216627,0.003098416328430176,1.0
6122,0.5588540724226894,4.411459275773106,0.003049278259277344,1.0
6123,0.5225023700601257,4.774976299398743,0.0031239986419677734,1.0
6124,0.49833569602328415,5.016643039767158,0.0030702590942382813,1.0
6125,0.4939716523834233,5.0602834761657665,0.0030332326889038084,1.0
6126,0.48210754737235895,4.67892452627641,0.0027209043502807615,1.0
6127,0.5090671895374241,4.909328104625757,0.002955174446105957,1.0
6128,0.47964288403893596,5.2035711596106395,0.0028560400009155274,1.0
6129,0.4399451280220739,5.60054871977926,0.0027927398681640626,1.0
6130,0.49134307368211694,5.08656926317883,0.0028712272644042967,1.0
6131,0.5656205023557317,4.343794976442682,0.0028419971466064455,1.0
6132,0.5831153620940113,4.168846379059888,0.002852058410644531,1.0
6133,0.4758061756827735,5.241938243172264,0.0028946638107299806,1.0
6134,0.49898322519324684,5.010167748067531,0.0029543161392211912,1.0
6135,0.5799153274034003,4.200846725965996,0.002999234199523926,1.0
6136,0.49536919647065397,5.0463080352934595,0.0031475067138671876,1.0
6137,0.4876629138974127,5.123370861025874,0.002927684783935547,1.0
6138,0.439915473784746,5.60084526215254,0.0030392169952392577,1.0
6139,0.46338135475546266,5.3661864524453735,0.002880382537841797,1.0
6140,0.5146051424195368,4.853948575804631,0.002801394462585449,1.0
6141,0.5166083302393366,4.833916697606635,0.0029791593551635742,1.0
6142,0.4388357380996869,5.61164261900313,0.0029879331588745115,1.0
6143,0.4598364832283937,5.401635167716064,0.0030772209167480467,1.0
6144,0.48104118453208217,5.189588154679178,0.0030361413955688477,1.0
6145,0.5761242990786848,4.238757009213153,0.0029596805572509764,1.0
6146,0.5518505597649659,4.481494402350342,0.0030200719833374024,1.0
6147,0.617076403102364,3.8292359689763593,0.0029356002807617186,1.0
6148,0.46501537353774375,5.349846264622562,0.0028617143630981444,1.0
6149,0.42156751753758315,5.78432482462417,0.0025101661682128905,1.0
6150,0.5215979045430859,4.78402095456914,0.002756762504577637,1.0
6151,0.4515100923829656,5.484899076170343,0.0029365062713623048,1.0
6152,0.47052203667638126,5.294779633236187,0.002939176559448242,1.0
6153,0.533221787648285,4.667782123517151,0.003046274185180664,1.0
6154,0.49959947938203264,5.004005206179673,0.0030065536499023437,1.0
6155,0.4232563545631547,5.767436454368452,0.00300142765045166,1.0
6156,0.42790716796914874,5.720928320308513,0.002986025810241699,1.0
6157,0.512377239240849,4.87622760759151,0.0029973983764648438,1.0
6158,0.5041824809877313,4.958175190122686,0.0028140068054199217,1.0
6159,0.4818903587016631,5.181096412983369,0.0028392314910888673,1.0
6160,0.43800158859811483,5.619984114018851,0.0027565956115722656,1.0
6161,0.4936562149954818,5.063437850045182,0.0029067754745483398,1.0
6162,0.44000998292003607,5.599900170799638,0.0029869556427001955,1.0
6163,0.43721865819838646,5.627813418016133,0.0030570030212402344,1.0
6164,0.47032541462335276,5.296745853766472,0.00301976203918457,1.0
6165,0.5174912687626525,4.8250873123734745,0.003036355972290039,1.0
6166,0.5016255378689458,4.9837446213105405,0.003022027015686035,1.0
6167,0.4726057876594182,5.273942123405818,0.00312347412109375,1.0
6168,0.5050900829156519,4.94909917084348,0.0029410123825073242,1.0
6169,0.5005639992760478,4.994360007239523,0.002941393852233887,1.0
6170,0.5240389856820495,4.759610143179504,0.0032376766204833983,1.0
6171,0.5661391737302707,4.338608262697292,0.0028081417083740236,1.0
6172,0.46083137995991563,5.3916862004008435,0.002976679801940918,1.0
6173,0.5402255881162209,4.597744118837791,0.002888655662536621,1.0
6174,0.5065639333217226,4.934360666782775,0.0029537439346313476,1.0
6175,0.5772709246324804,4.227290753675195,0.002925419807434082,1.0
6176,0.5313043756677557,4.686956243322442,0.0027679681777954103,1.0
6177,0.5894586119553973,4.105413880446026,0.0029135942459106445,1.0
6178,0.6009430868518766,3.990569131481233,0.0028638124465942385,1.0
6179,0.5634933448068357,4.365066551931642,0.0028839588165283205,1.0
6180,0.4868934565505416,5.131065434494584,0.0028464794158935547,1.0
6181,0.5594698301260136,4.405301698739865,0.0027860403060913086,1.0
6182,0.5455205427801174,4.544794572198826,0.0029767751693725586,1.0
6183,0.5352513315362808,4.647486684637192,0.0030133962631225587,1.0
6184,0.4685246735925809,5.3147532640741915,0.003088212013244629,1.0
6185,0.4601425242274555,5.398574757725445,0.0027422189712524416,1.0
6186,0.5481886260101382,4.518113739898618,0.0031697750091552734,1.0
6187,0.5801713299106649,4.198286700893352,0.00272524356842041,1.0
6188,0.5993366108436653,4.0066338915633475,0.0030122995376586914,1.0
6189,0.5630433651589134,4.369566348410865,0.003008604049682617,1.0
6190,0.5421358531764974,4.578641468235026,0.002944159507751465,1.0
6191,0.4441577630005969,5.558422369994031,0.0028151750564575197,1.0
6192,0.42649255601335023,5.735074439866499,0.002978229522705078,1.0
6193,0.4282767033649309,5.71723296635069,0.002845907211303711,1.0
6194,0.42570128736400126,5.742987126359987,0.0028790950775146483,1.0
6195,0.4853355269763511,5.146644730236489,0.0029233455657958984,1.0
6196,0.5080881100945482,4.919118899054518,0.0028601646423339843,1.0
6197,0.5393548646055369,4.606451353944631,0.0025661945343017577,1.0
6198,0.4625023038929183,5.374976961070816,0.0029199838638305662,1.0
6199,0.42801700869912696,5.719829913008732,0.002565622329711914,1.0
6200,0.4579525926254634,5.420474073745366,0.002996516227722168,1.0
6201,0.5382139579680765,4.617860420319235,0.0028805255889892576,1.0
6202,0.5272288622342653,4.727711377657347,0.003074169158935547,1.0
6203,0.467409248732049,5.325907512679511,0.0031043052673339843,1.0
6204,0.5317164973420013,4.682835026579987,0.0031895160675048826,1.0
6205,0.4446745253841744,5.553254746158254,0.002996540069580078,1.0
6206,0.4135843347790238,5.864156652209762,0.0031447410583496094,1.0
6207,0.5429974041789727,4.570025958210272,0.002932620048522949,1.0
6208,0.5883695412228814,4.116304587771185,0.0029450178146362303,1.0
6209,0.5832953913186957,4.167046086813042,0.002775287628173828,1.0
6210,0.5236429339154932,4.763570660845067,0.0028339385986328124,1.0
6211,0.48015417203469124,5.198458279653088,0.0030061483383178713,1.0
6212,0.5002734987911248,4.997265012088752,0.0028614044189453126,1.0
6213,0.5732777806871479,4.2672221931285215,0.002977132797241211,1.0
6214,0.5986069652093817,4.013930347906181,0.0028075933456420898,1.0
6215,0.5053579695450223,4.946420304549777,0.0029858112335205077,1.0
6216,0.5221536081887297,4.7784639181127035,0.0029079437255859373,1.0
6217,0.5144077048962915,4.855922951037086,0.0027123451232910155,1.0
6218,0.6154262579182312,3.845737420817687,0.002959585189819336,1.0
6219,0.5203949043876852,4.796050956123147,0.0029579639434814454,1.0
6220,0.5526088422538606,4.473911577461394,0.002925682067871094,1.0
6221,0.5177598699741223,4.822401300258777,0.0026846885681152343,1.0
6222,0.4819066099922857,5.180933900077143,0.003113269805908203,1.0
6223,0.5153439503222094,4.846560496777906,0.0030992507934570314,1.0
6224,0.5181097374946639,4.818902625053361,0.0030647039413452147,1.0
6225,0.52058516014133,4.7941483985866995,0.003021049499511719,1.0
6226,0.4967121349188213,5.032878650811786,0.0030125856399536135,1.0
6227,0.4891624980280037,5.108375019719963,0.0029564619064331053,1.0
6228,0.5004318642017705,4.995681357982294,0.0028525829315185548,1.0
6229,0.5055024365180921,4.9449756348190785,0.002801823616027832,1.0
6230,0.5191337755484424,4.808662244515575,0.0029242753982543944,1.0
6231,0.5355154384977395,4.644845615022605,0.0030113935470581056,1.0
6232,0.5306469312711812,4.693530687288186,0.0029051542282104493,1.0
6233,0.5253927776506121,4.74607222349388,0.002921581268310547,1.0
6234,0.4619510754048486,5.380489245951514,0.0029265165328979494,1.0
6235,0.5506974884516086,4.493025115483913,0.0029870748519897463,1.0
6236,0.5519163234509209,4.480836765490791,0.002985978126525879,1.0
6237,0.5409490552896667,4.590509447103334,0.0028888940811157226,1.0
6238,0.5357708845303798,4.642291154696201,0.0030565500259399415,1.0
6239,0.5049592757038732,4.950407242961267,0.0029008865356445314,1.0
6240,0.5219525044799114,4.780474955200885,0.0029834747314453126,1.0
6241,0.516355548906176,4.83644451093824,0.0029381275177001952,1.0
6242,0.471639826205803,5.283601737941969,0.003061509132385254,1.0
6243,0.4359921630939394,5.640078369060605,0.0030414342880249025,1.0
6244,0.485111669027221,5.148883309727789,0.0030131101608276366,1.0
6245,0.46445394780076804,5.355460521992319,0.0027080774307250977,1.0
6246,0.5268715554456094,4.731284445543905,0.0030304670333862306,1.0
6247,0.5641996257768377,4.358003742231624,0.002911686897277832,1.0
6248,0.5434932625025336,4.565067374974663,0.002825927734375,1.0
6249,0.5645126319622501,4.354873680377498,0.002792167663574219,1.0
6250,0.451641431865098,5.4835856813490205,0.002949428558349609,1.0
6251,0.39571839995224334,6.042816000477567,0.0030988216400146484,1.0
6252,0.4317717041583832,5.6822829584161685,0.002867579460144043,1.0
6253,0.4113983525080399,5.886016474919601,0.0029654502868652344,1.0
6254,0.5387934184855172,4.612065815144829,0.002829241752624512,1.0
6255,0.579664643949722,4.203353560502781,0.003000688552856445,1.0
6256,0.5952199597724468,4.0478004022755325,0.002987527847290039,1.0
6257,0.5764969155606828,4.235030844393171,0.002982211112976074,1.0
6258,0.5985892410589645,4.014107589410355,0.003029465675354004,1.0
6259,0.5837882623425048,4.162117376574953,0.002872323989868164,1.0
6260,0.5564886030755828,4.435113969244172,0.002965855598449707,1.0
6261,0.5235351055858237,4.764648944141763,0.0028212785720825194,1.0
6262,0.5166258008119916,4.833741991880084,0.0026333808898925783,1.0
6263,0.5253024010633827,4.746975989366172,0.0030204057693481445,1.0
6264,0.47943797201157495,5.205620279884251,0.0029334068298339845,1.0
6265,0.5020866738896095,4.9791332611039065,0.002938199043273926,1.0
6266,0.4955722471185629,5.044277528814371,0.003002786636352539,1.0
6267,0.48157933357375776,5.184206664262423,0.0031008481979370116,1.0
6268,0.45623395420178126,5.4376604579821874,0.0029485464096069337,1.0
6269,0.5369184083695923,4.630815916304075,0.0028821706771850588,1.0
6270,0.603573980282903,3.96426019717097,0.0029388904571533204,1.0
6271,0.5780582610369918,4.219417389630083,0.0030855655670166014,1.0
6272,0.5645933418004666,4.354066581995334,0.002952313423156738,1.0
6273,0.5100480013807055,4.899519986192945,0.0031472444534301758,1.0
6274,0.5467206416218697,4.532793583781304,0.0028620004653930665,1.0
6275,0.5394629111764878,4.605370888235121,0.003054213523864746,1.0
6276,0.5311492398684609,4.688507601315392,0.0028740406036376954,1.0
6277,0.5010317964855726,4.989682035144273,0.0028886318206787108,1.0
6278,0.5482476114133424,4.517523885866576,0.002939152717590332,1.0
6279,0.5331316782972095,4.668683217027906,0.002866697311401367,1.0
6280,0.48376065486264286,5.162393451373571,0.002618551254272461,1.0
6281,0.5876184727095463,4.123815272904537,0.0027879953384399416,1.0
6282,0.5588053237290078,4.411946762709921,0.0027579784393310545,1.0
6283,0.5224940688684327,4.7750593113156725,0.0026595592498779297,1.0
6284,0.5569424228680881,4.430575771319117,0.00306546688079834,1.0
6285,0.5137183057482282,4.862816942517719,0.00293583869934082,1.0
6286,0.5355218957237476,4.6447810427625225,0.003097057342529297,1.0
6287,0.5476087599213685,4.5239124007863145,0.00304872989654541,1.0
6288,0.5388068705530495,4.611931294469505,0.002876424789428711,1.0
6289,0.48934793445918634,5.106520655408136,0.002960991859436035,1.0
6290,0.5106541924526036,4.893458075473964,0.0029967069625854493,1.0
6291,0.5634369548817242,4.365630451182758,0.003084230422973633,1.0
6292,0.5620060031890122,4.379939968109879,0.0026036739349365235,1.0
6293,0.5616492606165526,4.383507393834473,0.0030448198318481444,1.0
6294,0.46344115069108244,5.3655884930891755,0.0029418230056762694,1.0
6295,0.5953449022168404,4.046550977831595,0.0029095172882080077,1.0
6296,0.5997132548648019,4.002867451351981,0.0029409646987915037,1.0
6297,0.5480761653163108,4.519238346836891,0.0029712200164794924,1.0
6298,0.470192941472927,5.298070585270729,0.002928757667541504,1.0
6299,0.4165536159171091,5.834463840828908,0.0028400659561157227,1.0
6300,0.5305001066842172,4.6949989331578275,0.0029659032821655273,1.0
6301,0.5768191137204619,4.231808862795383,0.0028651952743530273,1.0
6302,0.49717485540742434,5.028251445925756,0.002960610389709473,1.0
6303,0.5305849559281237,4.694150440718762,0.0030353784561157225,1.0
6304,0.5536182457110939,4.463817542889062,0.0030214786529541016,1.0
6305,0.6027391363563103,3.972608636436896,0.003057098388671875,1.0
6306,0.5362196281014558,4.637803718985441,0.0030571937561035155,1.0
6307,0.4497729032631369,5.502270967368632,0.002998638153076172,1.0
6308,0.46121183866267634,5.387881613373237,0.0030020475387573242,1.0
6309,0.6102406096869595,3.8975939031304057,0.002821183204650879,1.0
6310,0.5417925255897926,4.582074744102075,0.002861690521240234,1.0
6311,0.5483449098277787,4.516550901722212,0.002852129936218262,1.0
6312,0.5414941622454228,4.585058377545771,0.003006458282470703,1.0
6313,0.5200324167919312,4.799675832080687,0.002964639663696289,1.0
6314,0.5563175291370914,4.436824708629086,0.0029088973999023436,1.0
6315,0.49558447378081744,5.044155262191825,0.002948141098022461,1.0
6316,0.5232299848880106,4.767700151119893,0.0029072284698486326,1.0
6317,0.48402908581690574,5.159709141830941,0.002966141700744629,1.0
6318,0.5193955365163757,4.806044634836242,0.0029685258865356444,1.0
6319,0.4115178587389017,5.884821412610983,0.003038978576660156,1.0
6320,0.46663334077561663,5.3336665922438335,0.0029764175415039062,1.0
6321,0.40489339844636135,5.9510660155363855,0.0029221773147583008,1.0
6322,0.510914040820128,4.890859591798719,0.0029853343963623046,1.0
6323,0.5290894986542248,4.709105013457751,0.003057241439819336,1.0
6324,0.5654519989880222,4.345480010119777,0.003083944320678711,1.0
6325,0.5998337767397993,4.001662232602007,0.0028116464614868163,1.0
6326,0.54006678259858,4.5993321740142,0.0030429840087890627,1.0
6327,0.591482016881309,4.0851798311869105,0.002969026565551758,1.0
6328,0.5301199329016265,4.698800670983735,0.0028000831604003905,1.0
6329,0.47081655913453685,5.291834408654632,0.002743387222290039,1.0
6330,0.5811356767841203,4.188643232158797,0.002808022499084473,1.0
6331,0.4526679216208892,5.473320783791108,0.0028557777404785156,1.0
6332,0.5110906467006152,4.889093532993848,0.0030485153198242187,1.0
6333,0.4515793877221969,5.484206122778031,0.0029401779174804688,1.0
6334,0.4986717764972882,5.013282235027117,0.0027170181274414062,1.0
6335,0.46969206707740574,5.303079329225943,0.003086233139038086,1.0
6336,0.43051383067095667,5.694861693290433,0.003036689758300781,1.0
6337,0.5034913315221881,4.965086684778119,0.002991032600402832,1.0
6338,0.49567375936751673,5.043262406324833,0.002689671516418457,1.0
6339,0.5645151840234137,4.354848159765863,0.0031623363494873045,1.0
6340,0.49389633944031874,5.061036605596813,0.0028678178787231445,1.0
6341,0.5336654168275212,4.663345831724787,0.0030266523361206056,1.0
6342,0.4368282641499338,5.631717358500661,0.0029456615447998047,1.0
6343,0.48369983834037555,5.163001616596244,0.0029482364654541014,1.0
6344,0.5378305275727697,4.621694724272304,0.003024125099182129,1.0
6345,0.6015610763686026,3.9843892363139743,0.0029457569122314452,1.0
6346,0.5048396049403657,4.951603950596342,0.002880859375,1.0
6347,0.4416920057211902,5.583079942788098,0.002980685234069824,1.0
6348,0.4877341509870267,5.122658490129733,0.00280303955078125,1.0
6349,0.5060795004076383,4.939204995923617,0.0027980804443359375,1.0
6350,0.525340128725362,4.746598712746379,0.002821683883666992,1.0
6351,0.5433764446787673,4.5662355532123255,0.0028728246688842773,1.0
6352,0.5751862328249752,4.248137671750248,0.0031681060791015625,1.0
6353,0.5136298670013703,4.863701329986297,0.0030473947525024416,1.0
6354,0.5092186540974402,4.907813459025599,0.003070211410522461,1.0
6355,0.5552073497959471,4.447926502040529,0.003014826774597168,1.0
6356,0.4780387921079157,5.219612078920841,0.003071761131286621,1.0
6357,0.4461540954949764,5.538459045050235,0.0028840065002441405,1.0
6358,0.5273910879041298,4.726089120958703,0.0029892683029174804,1.0
6359,0.5339175437545727,4.660824562454272,0.0030050039291381835,1.0
6360,0.5315376548176283,4.684623451823717,0.002897977828979492,1.0
6361,0.46305133076750743,5.369486692324925,0.002929973602294922,1.0
6362,0.5605947758241536,4.394052241758464,0.002868914604187012,1.0
6363,0.50197781908707,4.9802218091293,0.0028771400451660157,1.0
6364,0.5349287186729106,4.650712813270895,0.002996206283569336,1.0
6365,0.5084632267467377,4.915367732532622,0.0029779911041259766,1.0
6366,0.49257594819631817,5.074240518036818,0.0029232978820800783,1.0
6367,0.5607685922870178,4.3923140771298215,0.002942490577697754,1.0
6368,0.5415529563250859,4.5844704367491405,0.002570343017578125,1.0
6369,0.5698462515685214,4.301537484314786,0.0029964685440063477,1.0
6370,0.5573557416595665,4.426442583404336,0.0030586957931518556,1.0
6371,0.5410195705684739,4.589804294315259,0.0030375957489013673,1.0
6372,0.6115162831553878,3.884837168446121,0.0031209468841552736,1.0
6373,0.5837871744292965,4.162128255707035,0.0031290292739868165,1.0
6374,0.5341095744827692,4.658904255172308,0.003128528594970703,1.0
6375,0.6009386256270768,3.990613743729232,0.0029735803604125977,1.0
6376,0.6036752228187758,3.9632477718122403,0.002989840507507324,1.0
6377,0.47052857020913696,5.294714297908628,0.002936387062072754,1.0
6378,0.47345431968523116,5.265456803147687,0.002892899513244629,1.0
6379,0.48274401892064667,5.172559810793532,0.0026392221450805666,1.0
6380,0.4807507229539715,5.1924927704602855,0.002853727340698242,1.0
6381,0.4781585773261624,5.218414226738376,0.002885603904724121,1.0
6382,0.4987847142154326,5.012152857845672,0.0028281927108764647,1.0
6383,0.567978893173185,4.320211068268151,0.002879023551940918,1.0
6384,0.5748264711679374,4.251735288320626,0.0029364824295043945,1.0
6385,0.550466106255979,4.495338937440209,0.0031203031539916992,1.0
6386,0.5754835285144302,4.245164714855697,0.0030447006225585937,1.0
6387,0.5479204896236759,4.520795103763241,0.003049278259277344,1.0
6388,0.6454096891155409,3.5459031088445903,0.00286712646484375,1.0
6389,0.5535488412379892,4.464511587620108,0.0031035661697387694,1.0
6390,0.6090440362188699,3.9095596378112996,0.00291748046875,1.0
6391,0.5393614455577219,4.60638554442278,0.0029307126998901365,1.0
6392,0.5654773717581951,4.345226282418048,0.003052520751953125,1.0
6393,0.5443015654654977,4.556984345345024,0.0030910730361938476,1.0
6394,0.5330229862599165,4.6697701374008345,0.0026139020919799805,1.0
6395,0.5909019472363735,4.0909805276362645,0.0029328107833862306,1.0
6396,0.5628300050888068,4.3716999491119335,0.0029137134552001953,1.0
6397,0.46689182693805326,5.331081730619467,0.0029286623001098635,1.0
6398,0.48867061698134584,5.1132938301865405,0.0029214143753051756,1.0
6399,0.5958492763627314,4.041507236372685,0.0029441118240356445,1.0
6400,0.5393607259710558,4.606392740289442,0.0028197765350341797,1.0
6401,0.6204257283517183,3.795742716482817,0.0029297828674316405,1.0
6402,0.6120989272610758,3.8790107273892396,0.002993011474609375,1.0
6403,0.5350950342922002,4.649049657077997,0.0029182672500610352,1.0
6404,0.4687360645555921,5.312639354444078,0.00274813175201416,1.0
6405,0.5585116285122995,4.414883714877004,0.003102231025695801,1.0
6406,0.496362321344271,5.036376786557289,0.003097939491271973,1.0
6407,0.4589385863148777,5.410614136851223,0.0031050682067871095,1.0
6408,0.547034355170655,4.529656448293449,0.002948951721191406,1.0
6409,0.5977894085138431,4.022105914861568,0.0026258230209350586,1.0
6410,0.5023507345483698,4.976492654516301,0.002839493751525879,1.0
6411,0.5950737481760862,4.0492625182391375,0.0028110742568969727,1.0
6412,0.5791804278605508,4.208195721394492,0.002926158905029297,1.0
6413,0.5737729150548639,4.262270849451361,0.0031308889389038085,1.0
6414,0.558559234718009,4.41440765281991,0.0027128934860229494,1.0
6415,0.5682628961379226,4.317371038620775,0.002922344207763672,1.0
6416,0.525470419457679,4.7452958054232095,0.0029037952423095702,1.0
6417,0.5566022030376483,4.433977969623515,0.002935504913330078,1.0
6418,0.4448720959187981,5.551279040812018,0.0029526472091674803,1.0
6419,0.5456860655424529,4.54313934457547,0.0030217409133911134,1.0
6420,0.5456223021784353,4.5437769782156465,0.0029198169708251954,1.0
6421,0.5205615985029028,4.794384014970971,0.0029937267303466798,1.0
6422,0.4962859363599553,5.037140636400446,0.002923464775085449,1.0
6423,0.5081066872037927,4.918933127962073,0.003031635284423828,1.0
6424,0.3971907994020822,6.028092005979178,0.0030762672424316405,1.0
6425,0.46091579011406364,5.390842098859363,0.0031486988067626954,1.0
6426,0.4713486208334574,5.286513791665426,0.0030239582061767577,1.0
6427,0.4942075898221259,5.057924101778741,0.0030157804489135743,1.0
6428,0.5281799354451195,4.718200645548803,0.0027911186218261717,1.0
6429,0.5100111508603782,4.899888491396218,0.002866840362548828,1.0
6430,0.5657666678568026,4.342333321431972,0.002812790870666504,1.0
6431,0.5760230600097512,4.239769399902488,0.002767777442932129,1.0
6432,0.6295643147986095,3.704356852013903,0.0028337478637695313,1.0
6433,0.5673577638844535,4.326422361155464,0.0030391693115234377,1.0
6434,0.5197286898759239,4.80271310124076,0.002877020835876465,1.0
6435,0.5134986075084256,4.865013924915743,0.003070354461669922,1.0
6436,0.5391765262734322,4.608234737265678,0.0029975414276123048,1.0
6437,0.48039509246689815,5.196049075331017,0.003074932098388672,1.0
6438,0.5097742056616006,4.902257943383994,0.003045344352722168,1.0
6439,0.5956991984624133,4.043008015375868,0.0029587507247924804,1.0
6440,0.5758587798707712,4.241412201292287,0.0030647754669189454,1.0
6441,0.5154749928975548,4.845250071024452,0.002881503105163574,1.0
6442,0.44931820507374187,5.506817949262581,0.0029363632202148438,1.0
6443,0.5179981995068712,4.8200180049312875,0.002988743782043457,1.0
6444,0.5392678757814102,4.607321242185897,0.003003549575805664,1.0
6445,0.5618540252356595,4.381459747643405,0.0027816057205200194,1.0
6446,0.5076613626312565,4.923386373687434,0.002695012092590332,1.0
6447,0.4387428937700532,5.612571062299467,0.003029632568359375,1.0
6448,0.45395597423502193,5.460440257649781,0.0028009891510009767,1.0
6449,0.4816189833303325,5.1838101666966745,0.0028406381607055664,1.0
6450,0.5298969723492852,4.701030276507147,0.002800178527832031,1.0
6451,0.5873488033893492,4.126511966106508,0.002797245979309082,1.0
6452,0.537224480213496,4.62775519786504,0.0026404142379760744,1.0
6453,0.5235892052294775,4.7641079477052255,0.0029999494552612306,1.0
6454,0.47798826445436127,5.220117355456386,0.0029738426208496095,1.0
6455,0.44827099497559664,5.517290050244034,0.0029819488525390627,1.0
6456,0.48582803912360467,5.141719608763952,0.003043460845947266,1.0
6457,0.4870657819375578,5.1293421806244215,0.0029738187789916993,1.0
6458,0.45851295866308706,5.414870413369129,0.0030563831329345702,1.0
6459,0.4150559055222785,5.849440944777214,0.0030573368072509765,1.0
6460,0.5611615258771353,4.388384741228646,0.003006601333618164,1.0
6461,0.41988515478914945,5.801148452108507,0.0029422521591186525,1.0
6462,0.5204178832329898,4.795821167670102,0.0029681921005249023,1.0
6463,0.5415257594929451,4.584742405070548,0.002849841117858887,1.0
6464,0.5759908472872506,4.240091527127494,0.00298006534576416,1.0
6465,0.5265050556599685,4.734949443400315,0.002960658073425293,1.0
6466,0.4431957406356637,5.568042593643362,0.0029265880584716797,1.0
6467,0.5410096727371438,4.589903272628563,0.002910804748535156,1.0
6468,0.5036042642630284,4.963957357369715,0.0028392314910888673,1.0
6469,0.4663476494235944,5.336523505764055,0.003013324737548828,1.0
6470,0.4502763536283738,5.497236463716261,0.0029285192489624024,1.0
6471,0.5251308297272415,4.7486917027275855,0.0028917789459228516,1.0
6472,0.5434571248973714,4.565428751026285,0.0028621435165405275,1.0
6473,0.506422577634721,4.935774223652788,0.003100419044494629,1.0
6474,0.5519735468462513,4.480264531537486,0.0030373573303222657,1.0
6475,0.517626700501782,4.823732994982178,0.0031417369842529296,1.0
6476,0.5096065904678769,4.903934095321231,0.0029886722564697265,1.0
6477,0.5063200769350467,4.936799230649532,0.0029364824295043945,1.0
6478,0.5410535681080118,4.589464318919883,0.003005504608154297,1.0
6479,0.5705951928161042,4.29404807183896,0.002906942367553711,1.0
6480,0.5399693513459113,4.600306486540888,0.0028773784637451173,1.0
6481,0.5654426472170333,4.345573527829666,0.0028307437896728516,1.0
6482,0.5222581447968718,4.777418552031282,0.002879953384399414,1.0
6483,0.5341581006994406,4.658418993005594,0.002878117561340332,1.0
6484,0.4355555122399772,5.644444877600228,0.0029544591903686523,1.0
6485,0.4799165543242248,5.200834456757752,0.00313875675201416,1.0
6486,0.4915257596314178,5.084742403685821,0.0029584884643554686,1.0
6487,0.5245369686924266,4.754630313075733,0.0030721426010131836,1.0
6488,0.5423201800095787,4.576798199904211,0.0028759002685546874,1.0
6489,0.5249706630395823,4.750293369604178,0.002994394302368164,1.0
6490,0.49707324049863677,5.029267595013632,0.0029761791229248047,1.0
6491,0.5543566942428805,4.456433057571195,0.0028379201889038087,1.0
6492,0.528605167232455,4.713948327675449,0.0029062986373901366,1.0
6493,0.512805090297163,4.871949097028371,0.0028963088989257812,1.0
6494,0.5307700463300062,4.692299536699938,0.0030214071273803713,1.0
6495,0.4927525752687595,5.072474247312405,0.0029279232025146485,1.0
6496,0.5940705309049015,4.059294690950984,0.0028716087341308593,1.0
6497,0.5914988862752992,4.085011137247006,0.0029643774032592773,1.0
6498,0.574598222884715,4.25401777115285,0.003028273582458496,1.0
6499,0.549539935550314,4.504600644496859,0.0026561498641967775,1.0
6500,0.5627605490921975,4.372394509078025,0.002869391441345215,1.0
6501,0.5860453909331749,4.139546090668252,0.0028047561645507812,1.0
6502,0.41711332896742076,5.8288667103257925,0.003017568588256836,1.0
6503,0.5241771762082432,4.758228237917568,0.003011631965637207,1.0
6504,0.44954498901230694,5.50455010987693,0.0029171228408813475,1.0
6505,0.5391016662234186,4.608983337765813,0.003099393844604492,1.0
6506,0.5515154858310648,4.484845141689353,0.0031967401504516602,1.0
6507,0.5466121149250389,4.533878850749612,0.0032142877578735353,1.0
6508,0.5507387582068735,4.492612417931264,0.0030392885208129885,1.0
6509,0.5463670115623008,4.5363298843769915,0.002963876724243164,1.0
6510,0.48770232298107297,5.12297677018927,0.0029465913772583007,1.0
6511,0.590976525501585,4.09023474498415,0.002869129180908203,1.0
6512,0.57946360071414,4.205363992858599,0.0027950525283813475,1.0
6513,0.6410931371736274,3.5890686282637256,0.002903866767883301,1.0
6514,0.5253279198443911,4.74672080155609,0.0029628753662109377,1.0
6515,0.5130397496338988,4.869602503661012,0.0029108524322509766,1.0
6516,0.5613304531781542,4.386695468218458,0.002947568893432617,1.0
6517,0.5540001396147717,4.459998603852283,0.0028198957443237305,1.0
6518,0.5893896534923823,4.106103465076177,0.0029430627822875977,1.0
6519,0.5892849991694662,4.1071500083053385,0.002887248992919922,1.0
6520,0.5424653190961719,4.5753468090382805,0.002921652793884277,1.0
6521,0.5678508793514305,4.321491206485694,0.0029298543930053713,1.0
6522,0.5954014264025539,4.04598573597446,0.003107118606567383,1.0
6523,0.5257727882327008,4.742272117672992,0.00304868221282959,1.0
6524,0.5329326858933404,4.670673141066596,0.003116798400878906,1.0
6525,0.5546658674308687,4.453341325691311,0.0030529975891113283,1.0
6526,0.4986451281902834,5.013548718097165,0.00300443172454834,1.0
6527,0.5468884398248224,4.531115601751775,0.003078746795654297,1.0
6528,0.5076400435628312,4.9235995643716866,0.0025976896286010742,1.0
6529,0.5129324671594496,4.870675328405504,0.0029747724533081056,1.0
6530,0.5187769626346661,4.812230373653338,0.0031601905822753905,1.0
6531,0.5744567379303196,4.255432620696803,0.002615547180175781,1.0
6532,0.469947143018745,5.300528569812549,0.002964162826538086,1.0
6533,0.46863857299163775,5.3136142700836215,0.002990245819091797,1.0
6534,0.5653352515823851,4.346647484176148,0.0030462026596069338,1.0
6535,0.584145454473165,4.158545455268351,0.0029413461685180663,1.0
6536,0.5561494480160258,4.438505519839741,0.003007173538208008,1.0
6537,0.4921512342751774,5.078487657248226,0.002845001220703125,1.0
6538,0.5412206382918532,4.587793617081468,0.002992534637451172,1.0
6539,0.5029351824529561,4.970648175470439,0.002875614166259766,1.0
6540,0.5041513406971574,4.958486593028426,0.0029458522796630858,1.0
6541,0.48222573810190933,5.177742618980906,0.0028790950775146483,1.0
6542,0.45954665154294094,5.40453348457059,0.0029459476470947267,1.0
6543,0.4694729745497706,5.305270254502293,0.0027928590774536134,1.0
6544,0.5164015638352591,4.835984361647408,0.002878260612487793,1.0
6545,0.5026207455993768,4.9737925440062325,0.002889251708984375,1.0
6546,0.4516270786588765,5.483729213411235,0.0025913238525390623,1.0
6547,0.5090949490361502,4.909050509638498,0.002942824363708496,1.0
6548,0.4350731739145576,5.6492682608544245,0.0029792070388793947,1.0
6549,0.4790432592336832,5.209567407663168,0.0029514789581298827,1.0
6550,0.44522976435289296,5.5477023564710715,0.002961874008178711,1.0
6551,0.5628835189752476,4.3711648102475245,0.0029737234115600588,1.0
6552,0.44558425830852366,5.5441574169147625,0.0030441999435424803,1.0
6553,0.5070403907002031,4.9295960929979685,0.003189229965209961,1.0
6554,0.5723827873813873,4.276172126186127,0.003089761734008789,1.0
6555,0.561261903153411,4.387380968465891,0.0029758453369140626,1.0
6556,0.5624761712988705,4.375238287011294,0.0030878782272338867,1.0
6557,0.45591644145903265,5.440835585409674,0.0029898881912231445,1.0
6558,0.5156409342962329,4.8435906570376694,0.002953457832336426,1.0
6559,0.522667245942958,4.7733275405704205,0.0029449224472045898,1.0
6560,0.4969115664413509,5.0308843355864905,0.0028911828994750977,1.0
6561,0.4638671837973485,5.361328162026515,0.0027930736541748047,1.0
6562,0.47603853888417547,5.2396146111582445,0.0028494119644165037,1.0
6563,0.46593053207910734,5.340694679208925,0.002765512466430664,1.0
6564,0.48855046245921185,5.114495375407881,0.0028641223907470703,1.0
6565,0.49807903235723217,5.0192096764276775,0.0029405593872070313,1.0
6566,0.49630931172937665,5.036906882706232,0.002875232696533203,1.0
6567,0.518583756762397,4.814162432376029,0.0029011964797973633,1.0
6568,0.554919911814994,4.450800881850059,0.002909994125366211,1.0
6569,0.5258423975289617,4.7415760247103815,0.0030195951461791993,1.0
6570,0.5483903411046901,4.516096588953099,0.0030992984771728515,1.0
6571,0.5000066387904165,4.999933612095835,0.003019094467163086,1.0
6572,0.6080717776631811,3.9192822233681888,0.0031880617141723635,1.0
6573,0.4860152650238054,5.139847349761945,0.002928924560546875,1.0
6574,0.5054247751480339,4.945752248519661,0.0032126665115356444,1.0
6575,0.5064450058696816,4.935549941303185,0.0030032873153686525,1.0
6576,0.5034257533478006,4.965742466521993,0.0030501842498779296,1.0
6577,0.4662709031024459,5.337290968975539,0.002861952781677246,1.0
6578,0.5371695684903212,4.6283043150967895,0.0028386354446411134,1.0
6579,0.48892030065074066,5.110796993492594,0.0027956724166870116,1.0
6580,0.5097499417795512,4.902500582204487,0.0028164863586425783,1.0
6581,0.5830598630669332,4.169401369330667,0.0027634382247924806,1.0
6582,0.4949479642954261,5.050520357045739,0.0028136014938354493,1.0
6583,0.4759194337792912,5.240805662207088,0.002740478515625,1.0
6584,0.5931754103809316,4.0682458961906836,0.002787470817565918,1.0
6585,0.5290155851435869,4.709844148564131,0.002776360511779785,1.0
6586,0.568489189289459,4.315108107105409,0.0029447078704833984,1.0
6587,0.5272226177826542,4.727773822173458,0.0028880834579467773,1.0
6588,0.5794329208271602,4.205670791728397,0.002948760986328125,1.0
6589,0.5840699642719367,4.159300357280633,0.003064084053039551,1.0
6590,0.4896226724334426,5.103773275665574,0.003197765350341797,1.0
6591,0.5594421684024982,4.405578315975018,0.00310971736907959,1.0
6592,0.5428233599666801,4.571766400333199,0.003149747848510742,1.0
6593,0.5002775182819543,4.997224817180457,0.0032832145690917967,1.0
6594,0.4554335358793774,5.445664641206226,0.0031702280044555663,1.0
6595,0.48169682534527675,5.1830317465472335,0.0029427051544189454,1.0
6596,0.44225511354587577,5.577448864541243,0.0027115345001220703,1.0
6597,0.5082105270429891,4.917894729570109,0.0029030323028564455,1.0
6598,0.5243770453986365,4.7562295460136355,0.0029100894927978514,1.0
6599,0.4130618194904331,5.869381805095669,0.0025540828704833985,1.0
6600,0.47085237002884783,5.291476299711522,0.002812695503234863,1.0
6601,0.48728489036883504,5.127151096311648,0.0027955293655395506,1.0
6602,0.5550499194449826,4.449500805550174,0.0027759313583374024,1.0
6603,0.5333500712952502,4.666499287047497,0.0029079198837280275,1.0
6604,0.4222730660947659,5.77726933905234,0.0028975725173950194,1.0
6605,0.5303806784238596,4.6961932157614035,0.002858591079711914,1.0
6606,0.5543785492587698,4.456214507412302,0.0030643701553344726,1.0
6607,0.5784506002449203,4.215493997550798,0.0029019594192504885,1.0
6608,0.5541727178828444,4.458272821171556,0.002992677688598633,1.0
6609,0.56450057641679,4.3549942358321,0.0030118227005004883,1.0
6610,0.5047759442838922,4.952240557161078,0.003073596954345703,1.0
6611,0.4477089268497479,5.522910731502521,0.003012204170227051,1.0
6612,0.4850325191175272,5.149674808824727,0.003008913993835449,1.0
6613,0.522326069378354,4.776739306216458,0.003210616111755371,1.0
6614,0.4885527080878903,5.114472919121098,0.0031599998474121094,1.0
6615,0.4762555353482652,5.237444646517347,0.0029897451400756835,1.0
6616,0.5287971671609945,4.712028328390055,0.0028201818466186525,1.0
6617,0.5164608882385499,4.835391117614501,0.0028978586196899414,1.0
6618,0.4702059678964218,5.297940321035782,0.0028790950775146483,1.0
6619,0.5447044936620922,4.55295506337908,0.002765798568725586,1.0
6620,0.4584393595497042,5.415606404502957,0.002909255027770996,1.0
6621,0.3312323799577242,6.687676200422757,0.002875685691833496,1.0
6622,0.3917632691131192,6.0823673088688075,0.0029972553253173827,1.0
6623,0.47299405774417747,5.270059422558226,0.002704358100891113,1.0
6624,0.47975013013968776,5.202498698603122,0.0029114246368408202,1.0
6625,0.49883112931912077,5.011688706808792,0.0029285192489624024,1.0
6626,0.59235849965171,4.0764150034829,0.0028665542602539064,1.0
6627,0.5917117527180313,4.082882472819686,0.002840542793273926,1.0
6628,0.46338863897983823,5.3661136102016185,0.002790522575378418,1.0
6629,0.48972461076997054,5.102753892300294,0.003044581413269043,1.0
6630,0.4989420678234346,5.010579321765655,0.0026846408843994142,1.0
6631,0.5337843688217249,4.66215631178275,0.0029947519302368163,1.0
6632,0.5443237535934964,4.556762464065035,0.0030594110488891602,1.0
6633,0.5565538271047069,4.434461728952931,0.003092312812805176,1.0
6634,0.506263942125512,4.93736057874488,0.003224968910217285,1.0
6635,0.4557753125044564,4.942246874955437,0.002702951431274414,1.0
6636,0.5987031928499201,4.012968071500799,0.002985644340515137,1.0
6637,0.5049888759691179,4.9501112403088205,0.0029964685440063477,1.0
6638,0.4932665546600985,5.067334453399015,0.0029907703399658205,1.0
6639,0.3573585825003413,6.426414174996587,0.0030016422271728514,1.0
6640,0.529581913752722,4.704180862472778,0.0029966115951538088,1.0
6641,0.5448663592177532,4.551336407822467,0.0028993844985961913,1.0
6642,0.5826932536371623,4.173067463628378,0.002875614166259766,1.0
6643,0.630862823759186,3.6913717624081395,0.0028585195541381836,1.0
6644,0.49284614518363357,5.071538548163664,0.0028482675552368164,1.0
6645,0.47848744222229733,5.215125577777027,0.00269927978515625,1.0
6646,0.5608877009765714,4.391122990234285,0.002582073211669922,1.0
6647,0.612361368183974,3.8763863181602587,0.002800178527832031,1.0
6648,0.538091605405558,4.6190839459444195,0.0027848958969116213,1.0
6649,0.5822295707864099,4.177704292135901,0.0028669118881225588,1.0
6650,0.46556153290957836,5.344384670904217,0.003007030487060547,1.0
6651,0.5753246573694084,4.246753426305917,0.0030110836029052734,1.0
6652,0.5376443584098002,4.623556415901998,0.0029405832290649416,1.0
6653,0.4318932476492158,5.681067523507842,0.00310361385345459,1.0
6654,0.5108822604960126,4.891177395039874,0.003349494934082031,1.0
6655,0.5664514751222477,4.335485248777522,0.003239607810974121,1.0
6656,0.5069951774496686,4.930048225503312,0.0032553672790527344,1.0
6657,0.4548598678736309,5.451401321263692,0.0031255483627319336,1.0
6658,0.410785977970228,5.892140220297719,0.0026912689208984375,1.0
6659,0.5097029272237187,4.9029707277628125,0.0029424428939819336,1.0
6660,0.4083307548379992,5.9166924516200075,0.002918386459350586,1.0
6661,0.5097367116921143,4.902632883078856,0.0027890920639038084,1.0
6662,0.5279127248048849,4.72087275195115,0.0027963876724243163,1.0
6663,0.430458358286789,5.69541641713211,0.002764391899108887,1.0
6664,0.4961336288734598,5.038663711265402,0.002783656120300293,1.0
6665,0.5629926558561354,4.370073441438644,0.0027112483978271483,1.0
6666,0.5953357444539247,4.0466425554607515,0.0027935266494750976,1.0
6667,0.5804895607703269,4.195104392296732,0.0028353214263916017,1.0
6668,0.5268397522931157,4.731602477068842,0.002819657325744629,1.0
6669,0.48905858679175634,5.109414132082437,0.002858257293701172,1.0
6670,0.47405079345937395,5.259492065406262,0.0028830528259277343,1.0
6671,0.5505021327950683,4.494978672049316,0.0030317068099975585,1.0
6672,0.5599802640150935,4.4001973598490665,0.002984142303466797,1.0
6673,0.4323890727642009,5.176109272357991,0.0029230594635009767,1.0
6674,0.4619364449913087,5.380635550086913,0.0033151388168334963,1.0
6675,0.536682303586065,4.633176964139349,0.0032701730728149415,1.0
6676,0.5800619330360217,4.1993806696397815,0.003164982795715332,1.0
6677,0.5635903576120818,4.364096423879182,0.0029561519622802734,1.0
6678,0.5111101206897988,4.888898793102013,0.0029072999954223634,1.0
6679,0.5829195440318466,4.1708045596815335,0.002860260009765625,1.0
6680,0.4819218419342909,5.180781580657091,0.002800321578979492,1.0
6681,0.5384594324789629,4.615405675210371,0.002792763710021973,1.0
6682,0.5344628965819319,4.65537103418068,0.0028147220611572264,1.0
6683,0.5653993545509907,4.346006454490093,0.0027627944946289062,1.0
6684,0.4837772913367643,5.162227086632356,0.0027804851531982424,1.0
6685,0.5136558136121657,4.863441863878344,0.0027019500732421873,1.0
6686,0.5261451937822439,4.73854806217756,0.0028104782104492188,1.0
6687,0.4808704810261971,5.191295189738029,0.0028060436248779296,1.0
6688,0.5298243761280543,4.701756238719456,0.002776503562927246,1.0
6689,0.5514300593824772,4.485699406175227,0.002929997444152832,1.0
6690,0.5353601643694825,4.646398356305175,0.0029937028884887695,1.0
6691,0.5448476353194428,4.551523646805572,0.003102564811706543,1.0
6692,0.5269342618362074,4.730657381637926,0.0031121015548706056,1.0
6693,0.5300044032744733,4.699955967255267,0.003191518783569336,1.0
6694,0.496061121372788,5.03938878627212,0.0033623933792114257,1.0
6695,0.5236645336433259,4.763354663566742,0.0030692577362060546,1.0
6696,0.5485311928750396,4.514688071249603,0.0028667688369750977,1.0
6697,0.5300496294513345,4.699503705486654,0.0030082225799560546,1.0
6698,0.5387781011482311,4.612218988517689,0.002959585189819336,1.0
6699,0.5272007658599077,4.727992341400923,0.002864384651184082,1.0
6700,0.5699693938827758,4.3003060611722415,0.002804279327392578,1.0
6701,0.4923721129943039,5.076278870056961,0.002779531478881836,1.0
6702,0.44615294159425883,5.538470584057411,0.002838277816772461,1.0
6703,0.5444274623505986,4.555725376494014,0.0027337074279785156,1.0
6704,0.5824512646880079,4.175487353119921,0.0025537490844726564,1.0
6705,0.5461223474899085,4.538776525100914,0.002761435508728027,1.0
6706,0.486903046645992,5.130969533540079,0.002826881408691406,1.0
6707,0.4958390573371327,5.041609426628672,0.002770066261291504,1.0
6708,0.568699457831107,4.31300542168893,0.002804064750671387,1.0
6709,0.5134594803498038,4.865405196501962,0.0027488231658935546,1.0
6710,0.424802278757184,5.75197721242816,0.002907252311706543,1.0
6711,0.48588474704528106,5.141152529547188,0.0028606653213500977,1.0
6712,0.5126542100492171,4.873457899507828,0.0029915332794189452,1.0
6713,0.48692241358999855,5.1307758641000145,0.0030148506164550783,1.0
6714,0.5111896314402393,4.888103685597606,0.0033520936965942385,1.0
6715,0.5539132157704306,4.460867842295693,0.0032863855361938477,1.0
6716,0.428596642286135,5.7140335771386495,0.0033298015594482424,1.0
6717,0.4567902268527354,5.432097731472645,0.0031081438064575195,1.0
6718,0.43104433334320263,5.689556666567973,0.0030394554138183593,1.0
6719,0.414113456805479,5.85886543194521,0.002997565269470215,1.0
6720,0.503877672592173,4.96122327407827,0.0028636693954467774,1.0
6721,0.509408846587005,4.905911534129949,0.0028208017349243162,1.0
6722,0.5561710266958675,4.438289733041325,0.002873992919921875,1.0
6723,0.5207400868988289,4.79259913101171,0.0028326034545898436,1.0
6724,0.4979300263056447,5.020699736943553,0.00259854793548584,1.0
6725,0.4377988751008834,5.622011248991166,0.0028415918350219727,1.0
6726,0.5017348320419797,4.982651679580204,0.0027586698532104494,1.0
6727,0.3853023941224937,5.6469760587750635,0.0027983427047729493,1.0
6728,0.47886142661373315,5.211385733862668,0.002722620964050293,1.0
6729,0.5049710606684507,4.950289393315494,0.002732205390930176,1.0
6730,0.51247597699768,4.8752402300232,0.0028166770935058594,1.0
6731,0.6180068181920264,3.819931818079737,0.0029491424560546876,1.0
6732,0.5986926489055723,4.013073510944277,0.003132152557373047,1.0
6733,0.538963428476152,4.61036571523848,0.003087949752807617,1.0
6734,0.5197852884766303,4.802147115233697,0.0032162904739379884,1.0
6735,0.549566236342889,4.50433763657111,0.003234100341796875,1.0
6736,0.5092404002811299,4.907595997188699,0.003045797348022461,1.0
6737,0.47083463974751705,5.291653602524829,0.0029676675796508787,1.0
6738,0.49591529495313624,5.040847050468637,0.0029779911041259766,1.0
6739,0.4815725719524778,5.184274280475222,0.0029586076736450194,1.0
6740,0.4091806748280066,5.9081932517199345,0.0030354022979736327,1.0
6741,0.46708799848423865,5.329120015157613,0.002868318557739258,1.0
6742,0.5181488970288975,4.818511029711024,0.0028745651245117186,1.0
6743,0.5395080231239265,4.604919768760736,0.0028595685958862304,1.0
6744,0.4609232790303298,5.390767209696701,0.0025597810745239258,1.0
6745,0.4964482644628503,5.035517355371497,0.0027852535247802736,1.0
6746,0.4509717943408284,5.490282056591715,0.00270388126373291,1.0
6747,0.4899395048717022,5.100604951282977,0.002708840370178223,1.0
6748,0.5163535299664311,4.8364647003356875,0.0028101444244384766,1.0
6749,0.5603038967980395,4.396961032019604,0.002814912796020508,1.0
6750,0.4998503765995155,5.001496234004844,0.002969646453857422,1.0
6751,0.48965765325181493,5.103423467481851,0.002967095375061035,1.0
6752,0.5088371188716799,4.911628811283201,0.00296630859375,1.0
6753,0.4501312033626193,5.498687966373807,0.002843427658081055,1.0
6754,0.5294081885400601,4.705918114599399,0.003051447868347168,1.0
6755,0.5098620643086129,4.901379356913873,0.003020477294921875,1.0
6756,0.47326509034791053,5.267349096520895,0.0029262542724609376,1.0
6757,0.5622356925622833,4.377643074377167,0.0032056570053100586,1.0
6758,0.5106917550317347,4.893082449682653,0.003094649314880371,1.0
6759,0.5378633952564311,4.621366047435688,0.0029315948486328125,1.0
6760,0.510919809394579,4.89080190605421,0.002968883514404297,1.0
6761,0.5034651014066325,4.965348985933674,0.002877473831176758,1.0
6762,0.5109411400701861,4.890588599298138,0.0027355194091796876,1.0
6763,0.5268245346087388,4.731754653912612,0.0025565624237060547,1.0
6764,0.5677615719452273,4.322384280547729,0.002916121482849121,1.0
6765,0.519889690957329,4.801103090426711,0.0029988527297973634,1.0
6766,0.5594415849503421,4.405584150496578,0.0029045820236206056,1.0
6767,0.5140982130706295,4.859017869293703,0.0029267072677612305,1.0
6768,0.6140668675595815,3.8593313244041836,0.0028292179107666016,1.0
6769,0.5482709332103695,4.517290667896305,0.0029656648635864257,1.0
6770,0.5645655669611207,4.354344330388792,0.0027340412139892577,1.0
6771,0.486467811553885,5.13532188446115,0.0028289318084716796,1.0
6772,0.530513326003191,4.694866739968089,0.0029002904891967775,1.0
6773,0.5833137515330031,4.166862484669969,0.0032109737396240233,1.0
6774,0.5340097971295907,4.65990202870409,0.0031510114669799803,1.0
6775,0.5433443334732132,4.566556665267869,0.0032305002212524416,1.0
6776,0.5755838026699163,4.244161973300836,0.003308224678039551,1.0
6777,0.5266129176174829,4.73387082382517,0.0031023025512695312,1.0
6778,0.5130631129759771,4.869368870240229,0.0030672311782836913,1.0
6779,0.4079212011660519,5.920787988339481,0.0028391122817993165,1.0
6780,0.5242734452165698,4.757265547834303,0.002869868278503418,1.0
6781,0.534731050051081,4.65268949948919,0.002902650833129883,1.0
6782,0.5413243163988024,4.586756836011976,0.0029307126998901365,1.0
6783,0.5100453852521959,4.89954614747804,0.0028806209564208986,1.0
6784,0.43459727596471726,5.654027240352827,0.0029927968978881838,1.0
6785,0.4493316406034271,5.506683593965728,0.002957272529602051,1.0
6786,0.4805383738014779,5.194616261985221,0.0028466224670410157,1.0
6787,0.5864835282655217,4.135164717344782,0.002821063995361328,1.0
6788,0.49348892481234763,5.065110751876523,0.002771615982055664,1.0
6789,0.5093005826606009,4.906994173393992,0.002733612060546875,1.0
6790,0.4938442672471869,5.061557327528131,0.0028499603271484376,1.0
6791,0.49496516465235524,5.050348353476448,0.0028913259506225587,1.0
6792,0.572110872895782,4.27889127104218,0.0029637813568115234,1.0
6793,0.5187572328015702,4.812427671984298,0.0032598018646240235,1.0
6794,0.5731986529809925,4.268013470190075,0.0031625509262084963,1.0
6795,0.5401554010449925,4.5984459895500756,0.003069281578063965,1.0
6796,0.5343416662524397,4.656583337475604,0.003195667266845703,1.0
6797,0.5295489753068747,4.704510246931251,0.0030813217163085938,1.0
6798,0.5493045019018635,4.506954980981364,0.003081965446472168,1.0
6799,0.5291142117447423,4.708857882552577,0.002960681915283203,1.0
6800,0.46817341402271867,5.318265859772812,0.0029748916625976563,1.0
6801,0.46397447938168473,5.360255206183154,0.0029773712158203125,1.0
6802,0.4983303783101535,5.016696216898465,0.0028106689453125,1.0
6803,0.5363509715110141,4.636490284889858,0.0028850555419921873,1.0
6804,0.5508908322993422,4.491091677006578,0.002866220474243164,1.0
6805,0.47770706372639865,5.222929362736013,0.002897167205810547,1.0
6806,0.4938790096086624,5.061209903913375,0.0027889013290405273,1.0
6807,0.4962802597226138,5.037197402773862,0.0029653072357177734,1.0
6808,0.5491578931696659,4.50842106830334,0.002868843078613281,1.0
6809,0.3935523419934166,6.064476580065833,0.0028461217880249023,1.0
6810,0.5206442170351085,4.793557829648914,0.0028411388397216798,1.0
6811,0.5275210579978439,4.724789420021561,0.0025521993637084963,1.0
6812,0.5633181535006002,4.366818464993997,0.0029810190200805662,1.0
6813,0.553588709633873,4.46411290366127,0.0030522823333740236,1.0
6814,0.5597136911156028,4.402863088843971,0.003084421157836914,1.0
6815,0.5612457789651787,4.387542210348213,0.002818727493286133,1.0
6816,0.5303522907241254,4.696477092758745,0.003082537651062012,1.0
6817,0.4979493418859883,5.020506581140117,0.0030687332153320314,1.0
6818,0.4811901930070722,5.1880980699292785,0.003084087371826172,1.0
6819,0.4531899077318663,5.468100922681337,0.0026295661926269533,1.0
6820,0.45736077750204174,5.4263922249795815,0.0027935981750488283,1.0
6821,0.43003604601583645,5.699639539841635,0.002942657470703125,1.0
6822,0.4902712687247851,5.097287312752149,0.0028153419494628905,1.0
6823,0.548065306996309,4.519346930036909,0.0028211593627929686,1.0
6824,0.5032410515540298,4.967589484459703,0.003126835823059082,1.0
6825,0.5235651139004677,4.764348860995322,0.002967691421508789,1.0
6826,0.4869786908996902,5.130213091003098,0.00293576717376709,1.0
6827,0.4932669448124363,5.067330551875635,0.0029139280319213866,1.0
6828,0.5534347974841582,4.465652025158417,0.002863502502441406,1.0
6829,0.49699543272690844,5.030045672730915,0.0028078317642211913,1.0
6830,0.5728845001671259,4.271154998328741,0.0027507543563842773,1.0
6831,0.5763676381953675,4.236323618046325,0.002790546417236328,1.0
6832,0.5072743375561448,4.9272566244385505,0.0029281139373779296,1.0
6833,0.5470115967676137,4.529884032323862,0.003086423873901367,1.0
6834,0.45403702120348194,5.459629787965182,0.003081655502319336,1.0
6835,0.4499591004436197,5.500408995563802,0.0027623653411865236,1.0
6836,0.4325546133688708,5.674453866311291,0.0030422449111938477,1.0
6837,0.5011280866933786,4.988719133066214,0.0030197858810424804,1.0
6838,0.41892648176487385,5.810735182351261,0.002987504005432129,1.0
6839,0.438456725085843,5.61543274914157,0.002920389175415039,1.0
6840,0.4925940813691067,5.074059186308934,0.00279538631439209,1.0
6841,0.5270192396650795,4.729807603349206,0.0026857614517211913,1.0
6842,0.5099533097162647,4.900466902837352,0.002831292152404785,1.0
6843,0.4779622513431758,5.220377486568242,0.0027734994888305663,1.0
6844,0.5273054452952975,4.726945547047024,0.002884387969970703,1.0
6845,0.6024432002859439,3.9755679971405606,0.002831435203552246,1.0
6846,0.5428201188547767,4.571798811452234,0.002814364433288574,1.0
6847,0.5261859016587751,4.738140983412249,0.002852034568786621,1.0
6848,0.5631779727706234,4.368220272293765,0.0028359174728393556,1.0
6849,0.5357124502392904,4.642875497607096,0.002992677688598633,1.0
6850,0.5078580598295648,4.9214194017043535,0.0029396772384643554,1.0
6851,0.5204188316816668,4.795811683183331,0.002754497528076172,1.0
6852,0.4784062925989968,5.215937074010031,0.0025740623474121093,1.0
6853,0.5496735128349466,4.503264871650534,0.003009176254272461,1.0
6854,0.5462379338096485,4.537620661903516,0.0030641078948974608,1.0
6855,0.5299925114613371,4.700074885386629,0.002880716323852539,1.0
6856,0.48118343589370205,5.18816564106298,0.0031111717224121095,1.0
6857,0.5486022818643926,4.513977181356075,0.0030385971069335936,1.0
6858,0.5158416854537259,4.841583145462741,0.003322291374206543,1.0
6859,0.5168339614031323,4.831660385968677,0.0031137943267822267,1.0
6860,0.5572508167813159,4.42749183218684,0.0027199268341064455,1.0
6861,0.5387170998567231,4.612829001432769,0.0030119657516479493,1.0
6862,0.5833780191938063,4.166219808061936,0.0028524398803710938,1.0
6863,0.5363167019761435,4.636832980238565,0.0028142213821411135,1.0
6864,0.48880680463947196,5.11193195360528,0.002738189697265625,1.0
6865,0.43894826956501865,5.6105173043498135,0.0025777101516723635,1.0
6866,0.5289886685763071,4.710113314236929,0.0029188871383666994,1.0
6867,0.5350688142524184,4.649311857475816,0.0028441190719604493,1.0
6868,0.47858001216790286,5.21419987832097,0.0030163288116455077,1.0
6869,0.5009385964977284,4.990614035022716,0.002933764457702637,1.0
6870,0.5438924165193304,4.561075834806696,0.002864170074462891,1.0
6871,0.527171894403599,4.728281055964009,0.00292510986328125,1.0
6872,0.4493048795125004,5.506951204874995,0.0028270483016967773,1.0
6873,0.46660209195780045,5.3339790804219955,0.0030287504196166992,1.0
6874,0.5378017133402266,4.621982866597734,0.0031209945678710937,1.0
6875,0.5746248490139532,4.253751509860468,0.002952098846435547,1.0
6876,0.5175683440831987,4.824316559168013,0.0031238555908203124,1.0
6877,0.5061359071286995,4.938640928713005,0.0027665138244628907,1.0
6878,0.4907756224895281,5.092243775104718,0.003154158592224121,1.0
6879,0.5737861120592622,4.262138879407378,0.0031300783157348633,1.0
6880,0.5421776421134152,4.578223578865848,0.0029221534729003905,1.0
6881,0.5494713485895348,4.505286514104652,0.0029547929763793944,1.0
6882,0.534780039868908,4.65219960131092,0.002909421920776367,1.0
6883,0.5498994093139618,4.5010059068603825,0.0028931856155395507,1.0
6884,0.5231275587860189,4.768724412139811,0.0028352737426757812,1.0
6885,0.5159073917791039,4.840926082208959,0.0030640125274658202,1.0
6886,0.49097692163843404,5.0902307836156595,0.0028859376907348633,1.0
6887,0.5672055078427718,4.327944921572281,0.0029070138931274413,1.0
6888,0.5416348194825762,4.583651805174237,0.0025129318237304688,1.0
6889,0.4938438226847787,5.061561773152213,0.0028307199478149413,1.0
6890,0.4690512646459338,5.309487353540662,0.002893233299255371,1.0
6891,0.5387194461640417,4.612805538359583,0.002760648727416992,1.0
6892,0.4879543313476109,5.12045668652389,0.0035082101821899414,1.0
6893,0.417842283637379,5.82157716362621,0.002667880058288574,1.0
6894,0.4476054094165544,5.523945905834455,0.003069567680358887,1.0
6895,0.5833487382016673,4.166512617983327,0.002977299690246582,1.0
6896,0.550641947499676,4.493580525003241,0.0029346227645874025,1.0
6897,0.5657659457965999,4.342340542034001,0.002993917465209961,1.0
6898,0.584849897390576,4.151501026094239,0.003096175193786621,1.0
6899,0.5056882253127373,4.943117746872629,0.003036189079284668,1.0
6900,0.5189824971433423,4.810175028566576,0.0031023025512695312,1.0
6901,0.5783691145252468,4.216308854747531,0.002968287467956543,1.0
6902,0.5227002907656904,4.772997092343096,0.0029767751693725586,1.0
6903,0.5245071300017164,4.754928699982836,0.003044581413269043,1.0
6904,0.545039910920839,4.549600890791609,0.0029573678970336915,1.0
6905,0.5741363088672908,4.258636911327092,0.002906346321105957,1.0
6906,0.5481386950834221,4.518613049165778,0.0028876304626464845,1.0
6907,0.5002701668796558,4.997298331203442,0.0028226613998413087,1.0
6908,0.46619127973627006,5.338087202637299,0.002954387664794922,1.0
6909,0.5214044469003968,4.785955530996034,0.002957010269165039,1.0
6910,0.5344020489172188,4.655979510827812,0.002910351753234863,1.0
6911,0.44994982235046754,5.500501776495324,0.002986574172973633,1.0
6912,0.5599976450014136,4.400023549985863,0.0030452966690063476,1.0
6913,0.5224377440140948,4.775622559859051,0.0029541015625,1.0
6914,0.5327046477614974,4.6729535223850265,0.002936267852783203,1.0
6915,0.5372179305345381,4.627820694654618,0.0029504060745239257,1.0
6916,0.5764082970028328,4.235917029971671,0.002919721603393555,1.0
6917,0.5366398520532834,4.633601479467166,0.0029973506927490233,1.0
6918,0.5889438523051924,4.110561476948075,0.0031121015548706056,1.0
6919,0.5554341936438718,4.4456580635612815,0.002658700942993164,1.0
6920,0.5718312698033383,4.281687301966618,0.003117227554321289,1.0
6921,0.6378074490067905,3.621925509932095,0.0028931856155395507,1.0
6922,0.6527683989423692,3.4723160105763085,0.002970767021179199,1.0
6923,0.5641173015803624,4.358826984196375,0.0028537511825561523,1.0
6924,0.5034363867392836,4.965636132607164,0.00304715633392334,1.0
6925,0.4380619242273875,5.619380757726125,0.0030107021331787108,1.0
6926,0.45320603645128016,5.467939635487198,0.0025859355926513674,1.0
6927,0.5946775235276182,4.053224764723818,0.0029661178588867186,1.0
6928,0.5296589801516505,4.703410198483494,0.0029240846633911133,1.0
6929,0.48078339463926223,5.1921660536073775,0.0028468847274780275,1.0
6930,0.4238609250346578,5.761390749653421,0.0028016090393066405,1.0
6931,0.524802369732432,4.75197630267568,0.002803611755371094,1.0
6932,0.5936990750439096,4.063009249560904,0.0029580116271972655,1.0
6933,0.5648539120866426,4.351460879133574,0.002972722053527832,1.0
6934,0.4941633889534602,5.058366110465398,0.0031403303146362305,1.0
6935,0.5109607924570134,4.890392075429864,0.002986502647399902,1.0
6936,0.5068094975788329,4.931905024211671,0.0029308080673217775,1.0
6937,0.5023566579408122,4.976433420591878,0.003067278861999512,1.0
6938,0.48630381399781175,5.1369618600218825,0.0030517578125,1.0
6939,0.6208102626848427,3.791897373151573,0.002999567985534668,1.0
6940,0.517221631504512,4.82778368495488,0.0029936313629150392,1.0
6941,0.525177392741498,4.74822607258502,0.0028324365615844727,1.0
6942,0.48680603946331613,5.131939605366838,0.003070354461669922,1.0
6943,0.523860767593407,4.7613923240659295,0.002869844436645508,1.0
6944,0.5576742331043248,4.423257668956751,0.002849125862121582,1.0
6945,0.580601094111974,4.193989058880259,0.002879166603088379,1.0
6946,0.5505215864965323,4.494784135034679,0.0029614925384521484,1.0
6947,0.5407372861861443,4.592627138138559,0.0029872655868530273,1.0
6948,0.49666033488305994,5.033396651169402,0.0028584957122802734,1.0
6949,0.524302304054529,4.756976959454708,0.002838611602783203,1.0
6950,0.4834082218256269,5.165917781743731,0.002924036979675293,1.0
6951,0.46979884784268416,5.302011521573158,0.0028962135314941407,1.0
6952,0.42747836143314233,5.725216385668576,0.0025596141815185545,1.0
6953,0.46618045321787066,5.338195467821295,0.002714109420776367,1.0
6954,0.511639112498704,4.8836088750129605,0.0030219316482543944,1.0
6955,0.5268658507700306,4.731341492299695,0.0029704093933105467,1.0
6956,0.5058257511489128,4.941742488510872,0.002904796600341797,1.0
6957,0.5112822527248246,4.887177472751754,0.003021574020385742,1.0
6958,0.5662245365134985,4.337754634865015,0.003104758262634277,1.0
6959,0.6020174337991453,3.9798256620085475,0.0028812646865844726,1.0
6960,0.5435018438129644,4.564981561870355,0.003181934356689453,1.0
6961,0.46842799946572333,5.315720005342767,0.0029253005981445313,1.0
6962,0.6121084371191973,3.8789156288080258,0.0031078338623046877,1.0
6963,0.5024109449474359,4.975890550525641,0.002794647216796875,1.0
6964,0.5694535542997349,4.3054644570026515,0.0030794382095336915,1.0
6965,0.5385709461231527,4.614290538768472,0.0023914575576782227,1.0
6966,0.5463871016020978,4.5361289839790215,0.0028480768203735353,1.0
6967,0.5775330393740464,4.224669606259535,0.003066253662109375,1.0
6968,0.5300504363282225,4.699495636717776,0.0028833627700805666,1.0
6969,0.5508111139588854,4.491888860411146,0.002916574478149414,1.0
6970,0.5701864879401786,4.298135120598214,0.0028093814849853515,1.0
6971,0.5233569214348839,4.7664307856511625,0.002884531021118164,1.0
6972,0.5210971278172412,4.789028721827587,0.0027878284454345703,1.0
6973,0.5523547296409668,4.476452703590332,0.002976679801940918,1.0
6974,0.5439390670372719,4.560609329627281,0.0029728174209594726,1.0
6975,0.590950597216319,4.090494027836809,0.0028800249099731447,1.0
6976,0.5370131863673894,4.629868136326107,0.0029524564743041992,1.0
6977,0.5329739499371713,4.670260500628286,0.0029334068298339845,1.0
6978,0.5755446809624803,4.244553190375196,0.0031569242477416993,1.0
6979,0.4983566832857636,5.016433167142364,0.0028075218200683595,1.0
6980,0.5413616977064938,4.586383022935062,0.003051948547363281,1.0
6981,0.566652031104735,4.33347968895265,0.002969670295715332,1.0
6982,0.5381723142654895,4.618276857345106,0.0029247045516967774,1.0
6983,0.5794063400514482,4.2059365994855185,0.0028411149978637695,1.0
6984,0.5699892076188668,4.300107923811332,0.003151559829711914,1.0
6985,0.5673534454434851,4.326465545565149,0.002927684783935547,1.0
6986,0.5286365218315731,4.713634781684268,0.0029477357864379885,1.0
6987,0.5158466195846575,4.841533804153424,0.0029726505279541017,1.0
6988,0.5309021875118829,4.6909781248811715,0.0027735233306884766,1.0
6989,0.5117135249302783,4.882864750697217,0.0028609991073608398,1.0
6990,0.5266849543600266,4.733150456399734,0.002709364891052246,1.0
6991,0.539024388873124,4.60975611126876,0.002831101417541504,1.0
6992,0.5123042600196593,4.8769573998034055,0.0028000593185424803,1.0
6993,0.6064830136279139,3.935169863720861,0.002972722053527832,1.0
6994,0.5682632983890871,4.317367016109129,0.0031511783599853516,1.0
6995,0.5663173369165098,4.336826630834901,0.002962684631347656,1.0
6996,0.5417127691466662,4.582872308533338,0.0027220487594604493,1.0
6997,0.511143057912951,4.888569420870489,0.002892947196960449,1.0
6998,0.5092039644672134,4.907960355327866,0.0026810169219970703,1.0
6999,0.48629870645416906,5.13701293545831,0.0029914379119873047,1.0
7000,0.4640262589244628,5.35973741075537,0.0030115127563476564,1.0
7001,0.4895587615264869,5.104412384735132,0.003078007698059082,1.0
7002,0.46508408899999204,5.349159110000079,0.0029730796813964844,1.0
7003,0.537072978514507,4.629270214854931,0.0030231237411499023,1.0
7004,0.4834089908874972,5.165910091125028,0.00291898250579834,1.0
7005,0.5226300079175188,4.773699920824812,0.0029856204986572266,1.0
7006,0.547574429926013,4.52425570073987,0.002951955795288086,1.0
7007,0.5478674251616292,4.521325748383709,0.003044867515563965,1.0
7008,0.5023994579873599,4.976005420126401,0.0027927398681640626,1.0
7009,0.446083842519288,5.539161574807119,0.0028923511505126952,1.0
7010,0.49544968154497393,5.045503184550259,0.002795720100402832,1.0
7011,0.48102876104658565,5.189712389534144,0.0026519060134887694,1.0
7012,0.5816095754495656,4.183904245504344,0.0030294418334960937,1.0
