request_idx,reward,latency_all,latency_success,processing_time,success
30,0.5883452015353952,17.05760576075049,17.14736485933404,0.01595277786254883,0.85
31,0.42910860206734236,17.565464719276832,19.047915721353796,0.014793205261230468,0.75
32,0.5164457900336734,18.001276255659697,18.509828321792355,0.014648985862731934,0.8
33,0.6545816906215367,18.218066220376357,17.669499491750905,0.015241193771362304,0.9
34,0.5764527873161176,19.54015914011302,19.429329596416117,0.015885329246520995,0.85
35,0.5739189228589571,19.760490505623356,20.4862937310684,0.014733386039733887,0.85
36,0.586041860106105,16.794257961539316,17.33256895050337,0.016149413585662842,0.85
37,0.5182048285447475,18.87694085753863,19.814155984413738,0.01569885015487671,0.8
38,0.8256974951753367,19.59085727029388,19.59085727029388,0.015226912498474122,1.0
39,0.749878309629067,18.82040845612267,18.92897657521878,0.015100681781768798,0.95
40,0.6258735097364896,18.689816108712385,18.525856120217234,0.015080857276916503,0.9
41,0.6321352981849413,21.992718483607298,22.482516022571183,0.014418292045593261,0.9
42,0.7212197283834207,21.445306624941754,21.55488987509548,0.014779877662658692,0.95
43,0.5292471332647992,21.53370856080422,23.249441496098374,0.015036845207214355,0.85
44,0.6176346398682294,22.946356293507865,23.441088017875735,0.015018439292907715,0.9
45,0.6337903228731984,23.002077743020518,23.562716798461235,0.015463316440582275,0.9
46,0.57269389968077,17.295699709782713,17.458749056071056,0.01607016324996948,0.85
47,0.2997634844958258,19.517454978021387,21.184495691360507,0.01502676010131836,0.7
48,0.5010556994762507,19.236612690114594,19.56110574466572,0.014527082443237305,0.8
49,0.6430557001852141,19.61252872523107,19.688400538771337,0.014985990524291993,0.9
50,0.6357035464117815,20.34217025077788,20.99641515608209,0.015081286430358887,0.9
51,0.6705357065139262,21.381174031428717,21.958982176735955,0.014968228340148926,0.9
52,0.5906730502728111,22.100129995118884,21.180920895522863,0.014665770530700683,0.9
53,0.5202635171332762,22.224293842643124,21.878148968785055,0.014960181713104249,0.85
54,0.4685580268242875,20.846937075041478,19.930898817760692,0.015138745307922363,0.8
55,0.7155655126607731,20.80128294457529,20.786160075376937,0.015290331840515137,0.95
56,0.7360305509389103,20.517831829555043,19.90283176627102,0.015249884128570557,0.95
57,0.5124071284254066,18.356167636549433,17.86428209355262,0.01591312885284424,0.85
58,0.5574960342675379,18.20051937119514,19.19095003084224,0.015227890014648438,0.85
59,0.5330432521083538,19.372719799775307,19.579801026476233,0.014724719524383544,0.85
60,0.6007265088050265,21.379774596140017,21.992087203406157,0.015157461166381836,0.9
61,0.45584494854086277,23.074024888582105,25.507811604559187,0.014729475975036621,0.8
62,0.5055096605144509,21.886954924785794,21.60341124949886,0.015069711208343505,0.85
63,0.6149334926821178,22.62034091601037,23.356208397598323,0.016060543060302735,0.9
64,0.3697984833368831,21.251613684494817,22.498988061790133,0.01544020175933838,0.75
65,0.7096446702351414,24.925798943494634,20.58160385528973,0.015106558799743652,0.95
66,0.7011796978599025,20.614469360909418,20.916037036978317,0.014995265007019042,0.95
67,0.45027425625936307,23.386370187111417,25.298351883798798,0.014914250373840332,0.8
68,0.644464366229198,21.77377161758673,17.07284201394837,0.014572691917419434,0.9
69,0.44441477277145863,28.286570641491657,18.15642527655133,0.01520082950592041,0.8
70,0.5162672220059211,29.178090295525674,25.41480897103664,0.015086567401885987,0.85
71,0.4946908240057768,34.03566838503511,37.407930415666456,0.014766395092010498,0.85
72,0.2774259011071238,31.741885805458395,24.738676498801386,0.014438390731811523,0.7
73,0.361290452519054,27.897886465197566,31.110880514953102,0.014692771434783935,0.75
74,0.44551496478046804,27.50800283015758,18.478506638032144,0.016690540313720702,0.8
75,0.5196740041280321,26.48047492349321,16.87502834157157,0.014412271976470947,0.85
76,0.6159079588473126,26.517767086489652,22.573506279426592,0.015369391441345215,0.9
77,0.6082902821086918,25.20975749408388,26.527847068883865,0.015109837055206299,0.9
78,0.792961364541203,23.125263210116856,23.125263210116856,0.014091336727142334,1.0
79,0.5226034637954099,27.527426824142157,24.497630056180093,0.014447176456451416,0.85
80,0.257584398529989,48.12243831840574,37.62642547240788,0.014735913276672364,0.75
81,-0.060345227442112084,50.62669793697192,33.75972488686963,0.01480616331100464,0.55
82,0.1769109817247279,35.92562184769407,23.609336070047945,0.014972710609436035,0.65
83,0.407659866877235,52.280933715888935,46.38725416257913,0.015423786640167237,0.85
84,0.13560677135967028,50.776414087906154,24.81951101651475,0.1695727825164795,0.65
85,0.13626132196787327,50.395400064303736,39.05162486003311,0.014938008785247803,0.65
86,0.3900242606419383,45.80053465223139,34.8361256425584,0.015176725387573243,0.8
87,0.25704877367314005,49.95849479078123,33.86372206163365,0.014495408535003662,0.75
88,0.6242841048936478,41.58086612280164,37.67475521382221,0.014859545230865478,0.95
89,0.5882854830475159,30.741718220639466,26.84562762068174,0.01471712589263916,0.9
90,0.7068440583108864,31.70730808262399,32.76683750839477,0.015104568004608155,0.95
91,0.3266484722681483,60.06446399682572,52.34321800174248,0.014543163776397704,0.8
92,0.18778709840718638,55.556420586547134,46.0856518928344,0.014444708824157715,0.7
93,0.06800125827455512,35.64426947068499,15.224281494958126,0.014780080318450928,0.6
94,0.1910652330126073,52.806163093303596,41.45690056789031,0.01450972557067871,0.7
95,0.3909634371161136,40.41432596882426,27.974276030568916,0.014599621295928955,0.8
96,0.5054217479094038,41.47308559803564,27.358041930098096,0.014466631412506103,0.85
97,0.398458571444524,43.29245666382148,37.99084400374007,0.015013027191162109,0.8
98,0.4174211809728461,36.366852181156005,34.40585981822598,0.014601516723632812,0.8
99,0.5146697756713248,37.2284336912097,23.41273894397391,0.014605247974395752,0.85
100,0.3771335814027655,42.10099490335509,29.79417381147529,0.014862871170043946,0.8
101,0.09693250944029456,52.91675435809982,29.292512945418174,0.014162695407867432,0.65
102,0.10595174217498438,49.690222988671984,30.207992559176002,0.014843261241912842,0.65
103,-0.0376002586684709,44.940325054456814,14.531325968127488,0.014356470108032227,0.55
104,0.27736164674925795,40.95647482608471,22.933337275171535,0.01417691707611084,0.75
105,0.5004488619326928,36.141091033595686,34.21462188871584,0.014806568622589111,0.85
106,0.24302213932460298,41.7629648693875,22.85417366424353,0.014353156089782715,0.7
107,0.4673648277199883,62.77087024544318,56.606607169047415,0.014993250370025635,0.9
108,0.4186480420513524,38.248187616569766,25.663045297349754,0.014810383319854736,0.8
109,0.44788399727371386,36.97399599220284,23.530729520947137,0.014200329780578613,0.85
110,0.4014130683497645,38.63762358868377,32.45530801967287,0.01504753828048706,0.8
111,0.29290791702263663,42.14689083010894,18.452799669373118,0.015184235572814942,0.75
112,0.5003545479704604,38.48331302322272,36.535873947680855,0.01497499942779541,0.85
113,0.3936182378928411,44.87326388826904,32.99153883279001,0.014694082736968993,0.8
114,0.22485851755138514,43.195192845552334,33.53291853955485,0.014849507808685302,0.7
115,0.4327568340780221,51.19565311257656,45.91605393699608,0.014492964744567871,0.85
116,0.4005978237538771,40.84683502766164,28.801448174154963,0.014645421504974365,0.8
117,0.6050130020507235,47.05706821961225,43.220189683940006,0.014465606212615967,0.95
118,0.3143908137997703,46.4087265994735,30.446375737955144,0.014788281917572022,0.75
119,0.3563956279730744,51.90041066660242,36.15699047575623,0.01477365493774414,0.8
120,0.30944693502829146,48.47825388687804,27.043226678008253,0.014592587947845459,0.75
121,0.3523007883578715,38.90267522158054,27.721683624549634,0.01582794189453125,0.75
122,0.30959712407491125,41.70979076342176,23.250215560047288,0.017097973823547365,0.75
123,0.39775240377580157,38.31001837508906,30.95147235484408,0.015181756019592286,0.8
124,0.2897287205960784,53.265895862187946,32.274772343791,0.01480475664138794,0.75
125,0.18537289318740405,55.655435685766534,38.926534290824534,0.014828634262084962,0.7
126,0.27119791921304814,57.16251224890213,38.298325992811804,0.014426171779632568,0.75
127,0.22419476101913563,45.712881151990715,37.587891044851865,0.014216673374176026,0.7
128,0.39650292243566154,59.86514323727742,49.956022748427486,0.013933670520782471,0.85
129,0.34066088958592233,36.28379089083852,36.81563090080015,0.014502739906311036,0.75
130,0.30822587983719435,46.20510769993383,30.993108799675692,0.014744436740875244,0.75
131,0.05798695817186791,68.03643461161047,43.440525096433404,0.014656770229339599,0.65
132,0.4216288792445141,49.74661039580767,38.301636290034764,0.014664781093597413,0.85
133,-0.0007634426960112962,61.11037924933047,48.13188129104902,0.014332318305969238,0.6
134,0.5148399035057434,35.54304483253331,27.43332751948768,0.013932955265045167,0.85
135,0.46470651450616113,33.55782803226023,25.816405474028503,0.01465071439743042,0.8
136,0.4556515710928205,32.89374489797582,25.436017309486864,0.014044439792633057,0.8
137,0.692206854986267,35.79618494144896,31.77640309451414,0.014338386058807374,0.95
138,0.04801971222236484,52.12605246166429,33.926942914681284,0.014831328392028808,0.6
139,0.48344764690627906,42.588105684020825,28.981113995833496,0.01586594581604004,0.85
140,0.380003239911588,45.409218999200604,28.851345101425125,0.014370870590209962,0.8
141,0.3912352070224907,46.85209422727846,35.69737061052936,0.014396822452545166,0.8
142,0.5758319621421346,46.04093839619041,43.852278872917275,0.014050614833831788,0.9
143,0.4416684553269404,32.257672727103646,23.215969530178306,0.014097034931182861,0.8
144,0.22544094965066946,48.08800414979129,33.85348128353797,0.014208340644836425,0.7
145,0.396588847056519,42.11664919046238,36.29307900715614,0.014458250999450684,0.8
146,0.44809068936147456,42.227963655319094,40.4822177167193,0.013940048217773438,0.85
147,0.6135299491523571,30.805617272491645,27.289528707899255,0.014284956455230712,0.9
148,0.4028587735532915,38.932916275705985,26.659892548907344,0.014528870582580566,0.8
149,0.4651727226390398,31.68381729233236,23.389721714346802,0.013962340354919434,0.8
150,0.5337510766899904,20.030079088642374,20.00587554714801,0.014232993125915527,0.8
151,0.4186176034426123,45.610357936755335,29.567836858058605,0.01424715518951416,0.8
152,0.36472709872482667,35.75793799034061,23.277380220082797,0.014333581924438477,0.75
153,0.5579850145647486,30.579415806823015,21.555261086646084,0.014738094806671143,0.85
154,0.6008560349638238,25.729282052105088,22.162234801805393,0.01420520544052124,0.85
155,0.5049430281444632,35.60120157378094,28.08216594172448,0.014334654808044434,0.85
156,0.47278051380446035,31.095297360852044,21.374444128719016,0.013912999629974365,0.8
157,0.7908864244803483,30.68709902766465,30.68709902766465,0.01416606903076172,1.0
158,0.5685441167089713,26.322142727913803,28.556547429857893,0.014160358905792236,0.85
159,0.5286877406811561,37.45518228390769,35.547493103020216,0.014690637588500977,0.85
160,0.5848049369936945,24.240190663816808,19.949618247225793,0.014571905136108398,0.85
161,0.5163227998638193,25.28893372487321,21.312457165943563,0.014277267456054687,0.8
162,0.5507203252022991,31.684633397573073,28.89310383128437,0.014538002014160157,0.85
163,0.6821876542064075,31.647805104409496,32.16634098228935,0.01455838680267334,0.95
164,0.4364464324507743,41.42918212260642,41.531930181965265,0.014197862148284912,0.8
165,0.7215438531109948,36.78292047543508,32.94267335909002,0.014274895191192627,0.95
166,0.5297262483812151,26.21107216892071,15.830975859098745,0.014471101760864257,0.85
167,0.5422557909108214,47.837428950444504,46.18075684161215,0.014728736877441407,0.9
168,0.7039457987659475,30.826865579689162,26.33167254978966,0.014414381980895997,0.95
169,0.5879322872768008,41.3620832858805,33.47877050621336,0.014832043647766113,0.9
170,0.15533334927474526,46.98187178094612,27.098264909565994,0.014748334884643555,0.65
171,0.44992210671920924,41.10737239683606,29.319133592409358,0.014160168170928956,0.8
172,0.47775693599216085,37.756731875455465,30.287326498807115,0.014306342601776123,0.85
173,0.17878212188385217,40.14875668548118,21.680854518807426,0.013993012905120849,0.65
174,0.33511866607237706,24.204613330702056,18.242667990200836,0.014109110832214356,0.7
175,0.16678403309912546,46.91252468074352,32.51570023055698,0.014035165309906006,0.65
176,0.3516164231841414,39.32229786957584,21.570864280836194,0.013950490951538086,0.75
177,0.03170032814784488,59.809000420370126,31.76418984071783,0.014119446277618408,0.6
178,0.45382677582175657,32.15559225094234,24.792338951943982,0.014269709587097168,0.8
179,0.7753819540281881,37.54046628053898,37.54046628053898,0.0143255352973938,1.0
180,0.6878742095773955,36.58293591678771,32.855441234171,0.01426074504852295,0.95
181,0.7409232094378072,41.58476844229834,41.58476844229834,0.014846122264862061,1.0
182,0.6359601391976148,26.997665813436868,22.708880545564565,0.014699184894561767,0.9
183,0.7200228462659511,27.419951230808294,22.38069378375092,0.01418004035949707,0.95
184,0.5126866238355138,41.33737591192331,34.32267635657549,0.014208745956420899,0.85
185,0.753727766319235,21.79561991482614,22.2317145411824,0.014458394050598145,0.95
186,0.49213216863737685,20.85117595927769,16.410996506916895,0.014348816871643067,0.8
187,0.29975317108870136,36.24859095054487,22.757639370040312,0.014089834690093995,0.7
188,0.6663268654708927,20.480569671156484,21.029287416847673,0.01423633098602295,0.9
189,0.3012271575287807,31.54111546940306,16.80452441816712,0.014110946655273437,0.7
190,0.6892157263636542,26.800551631505698,22.117432659092255,0.014283478260040283,0.95
191,0.5868313853180265,27.508808179723292,18.42911926379473,0.014369773864746093,0.85
192,0.4732719026300883,26.966415983260653,17.461636616647375,0.014385426044464111,0.8
193,0.5107651570855472,42.91403808125288,30.169182804947326,0.014364194869995118,0.85
194,0.7547781621356757,23.723560600567545,24.1919523103297,0.014172279834747314,0.95
195,0.6579525201920446,18.131476150602687,18.452773981302503,0.014633429050445557,0.9
196,0.5338217543619932,31.510919403614423,28.664276897157148,0.014933693408966064,0.85
197,0.7297072213376479,25.12128368104928,24.713883441167063,0.014317071437835694,0.95
198,0.5516990686547033,32.04073675476313,23.493175612578458,0.014107000827789307,0.85
199,0.5511538934208214,33.93611104818978,18.844908702671738,0.014132237434387207,0.85
200,0.459285946313034,38.81312330174128,19.11714697552937,0.014875662326812745,0.8
201,0.5671137077424419,25.845483220454145,15.76519465664358,0.01439601182937622,0.85
202,0.7350726457556604,19.243500658865948,14.057535310017565,0.014802038669586182,0.95
203,0.8094015338614478,27.168563702153932,27.168563702153932,0.014039254188537598,1.0
204,0.4553599205710854,30.791693474468367,22.946764680637017,0.014487814903259278,0.8
205,0.4517998620346318,37.85808439079642,31.633802668030654,0.014172279834747314,0.8
206,0.6327360678072089,33.711632749208704,24.85720946745294,0.01395951509475708,0.9
207,0.7253103717858705,31.346115022232237,32.46554028011891,0.014061594009399414,0.95
208,0.6069581308511613,41.864837640971245,38.11289242063046,0.0145302414894104,0.9
209,0.5643946039276506,27.405450960149768,22.869852497832404,0.014461791515350342,0.85
210,0.6136792400840175,30.942283952353343,27.155790141952327,0.014274811744689942,0.9
211,0.6147189984455619,26.57744578108436,22.059486008038515,0.01394420862197876,0.9
212,0.6719566032119608,38.740818383816205,34.679500344958974,0.014481711387634277,0.95
213,0.7345116668629267,27.40798193953706,22.838482813069476,0.014131283760070801,0.95
214,0.2548556864504282,43.3133399701223,34.95661304519726,0.014030754566192627,0.7
215,0.7451097352888467,21.9028157667257,16.9934883623338,0.014290261268615722,0.95
216,0.5197535734869481,31.523937888014565,22.82385361873066,0.014230823516845703,0.85
217,0.7090997861008091,24.27373623647949,24.68289258882668,0.014487683773040771,0.95
218,0.6548906491400345,45.929785359740805,42.36142130224587,0.014477014541625977,0.95
219,0.33017234415590613,60.91685762881408,54.23967654600302,0.014178907871246338,0.8
220,0.6986747930634756,30.916894003029302,26.53872379115296,0.013962817192077637,0.95
221,0.47064861873158625,28.33805518743789,13.110077736900855,0.014156818389892578,0.8
222,0.6202063654149538,29.6910410726088,20.015605296032746,0.013893330097198486,0.9
223,0.5911948540319105,42.201849138480604,34.032506429088045,0.014864611625671386,0.9
224,0.34594532976404835,37.47771061229971,18.54590957782615,0.014213001728057862,0.75
225,0.2503230556661967,42.03910266401082,24.91545794530358,0.014463317394256592,0.7
226,0.44804012418652733,31.283298545896702,22.953722976860675,0.01449887752532959,0.8
227,0.5064751006307866,20.578560055977587,16.234988024443673,0.014783799648284912,0.8
228,0.6297729144172648,27.246172490325968,23.46114626536881,0.014664649963378906,0.9
229,0.642520067859832,28.256978888366696,24.389882134326946,0.014604473114013672,0.9
230,0.4699750800112666,31.496844434325133,17.557390757738496,0.015493822097778321,0.8
231,0.47803277894758917,29.6825585356585,20.428646052342017,0.014345574378967284,0.8
232,0.40284842477280164,41.879394179134486,23.228567126725636,0.01609381437301636,0.8
233,0.6736933089513923,35.43563383621377,36.49259780355088,0.014858007431030273,0.95
234,0.6947108485526271,20.407105775453353,15.451084556062902,0.014643335342407226,0.9
235,0.5328283139513116,34.61578795825543,26.467396537929297,0.014305353164672852,0.85
236,0.8149823952698645,28.754071853862023,28.754071853862023,0.0140061616897583,1.0
237,0.7293725799819547,20.71294553496558,20.664849295810097,0.014567947387695313,0.95
238,0.5164893108526383,36.658513565441886,23.128825035362926,0.014306509494781494,0.85
239,0.4694991649987973,31.585469574413793,23.158882522600887,0.014158046245574952,0.8
240,0.5277085380169763,37.90650239378809,24.645275416048502,0.01409003734588623,0.85
241,0.4201141170450291,37.50768421789341,25.203229550986812,0.01387723684310913,0.8
242,0.4560324062214409,33.97439839845386,25.89942355106494,0.014741766452789306,0.8
243,0.39601498689621745,51.007179497995494,34.09585587770927,0.014233028888702393,0.8
244,0.49058372551075646,47.68306253504354,35.37301560818733,0.014384841918945313,0.85
245,0.15322511989110693,64.45148926053864,56.64189364424816,0.014072251319885255,0.7
246,0.44979351673521917,32.6132104155254,30.162893667992144,0.014321208000183105,0.8
247,0.4457853961189012,42.48251031054789,23.264615609631925,0.01413712501525879,0.8
248,0.3160412471804436,48.177196305965566,31.66007730794568,0.01459488868713379,0.75
249,0.5239704000142954,38.33935019754978,29.83832530235283,0.014011621475219727,0.85
250,0.2797135941380037,56.468986825644166,37.52016498664724,0.013987815380096436,0.75
251,0.5470287969534828,30.163495516572926,15.272407058369645,0.01415175199508667,0.85
252,0.5862561514777107,43.87576614662939,36.21438795875267,0.01399921178817749,0.9
253,0.5783136626327544,41.159071869768745,33.34835342389741,0.014070677757263183,0.9
254,0.5681533129687655,44.95470221063249,48.35981782812074,0.013951730728149415,0.9
255,0.48976742132089973,44.41287391961223,32.54259525591706,0.014170432090759277,0.85
256,0.4856813313004104,28.753846455741677,14.210905426575135,0.015445709228515625,0.8
257,0.4422889958443081,36.54518603658333,30.035825127951824,0.013961875438690185,0.8
258,0.3312765856181225,45.48545609598405,29.21186463026967,0.014390110969543457,0.75
259,0.5340945551729177,52.76735441955985,45.87429956481395,0.014344263076782226,0.9
260,0.6124516192930285,36.71103445717787,28.201634579505203,0.014503633975982666,0.9
261,0.7214997516105479,28.678879915542957,29.366199212205448,0.014275467395782471,0.95
262,0.43688787953215114,39.882157239364304,21.31930372124701,0.014194905757904053,0.8
263,0.5048367134833216,40.62871935083993,32.89553926397152,0.014362549781799317,0.85
264,0.446199512090831,36.03549143688982,29.144024329392874,0.014368975162506103,0.8
265,0.6660290749965593,25.489915317657363,21.24191922172305,0.014320993423461914,0.9
266,0.6016657228096683,33.620116080586925,24.56095130113369,0.014024639129638672,0.9
267,0.6388133332448324,32.75747916736819,23.791525863118668,0.014626753330230714,0.9
268,0.5458059456541245,37.35066834957072,34.847118668005585,0.013856601715087891,0.85
269,0.7631930996181211,22.949712661425178,18.516011012439122,0.014383339881896972,0.95
270,0.3378716480232718,45.633140752792684,36.51632062789259,0.014552593231201172,0.75
271,0.4941564060897027,40.97105349173357,33.89782560296961,0.014527499675750732,0.85
272,0.40191013406191073,51.573684022590484,36.644640869216026,0.01456279754638672,0.8
273,0.45426068252128643,36.84154519832377,29.47202838865161,0.014284014701843262,0.8
274,0.175391656283531,55.72765583148366,37.894502440024155,0.014383184909820556,0.7
275,0.3860902880291585,46.7996999379047,29.342698242495707,0.014099454879760743,0.8
276,0.5097540360163727,42.10459776563184,40.34029246937919,0.014309418201446534,0.85
277,0.4122900102101011,46.456707992548715,35.27616137054608,0.014673268795013428,0.8
278,0.21886417597138735,50.377208342585746,23.177594257751725,0.01473221778869629,0.7
279,0.31818254723237244,43.84119927812728,21.547994025714576,0.014285767078399658,0.75
280,0.035869336744651384,55.48152228407905,33.32871984845762,0.014251029491424561,0.6
281,0.2852156075679352,53.12268713579432,39.045262113467864,0.014619565010070801,0.75
282,0.4354204201716062,35.90751447229317,28.337632235185154,0.015073871612548828,0.8
283,0.17164783118503046,42.28444799097674,32.68590655893044,0.014155364036560059,0.65
284,0.6909110968569468,43.14289506186638,39.54831206516434,0.014814257621765137,0.95
285,0.4994222400453351,47.96325410120736,42.477779558555206,0.014408278465270995,0.85
286,0.5218743819344225,38.51389939349894,30.580023428741235,0.014485311508178712,0.85
287,0.5194658785334034,36.64330777362406,27.72342246912279,0.01404881477355957,0.85
288,0.2737258317367659,42.91567147018842,26.874962898651493,0.014142894744873047,0.7
289,0.6017526653097824,36.785217216401826,28.338179679320778,0.01425081491470337,0.9
290,0.6916143664609271,33.026582288229065,28.577126263438238,0.014351999759674073,0.95
291,0.2991382761673972,48.64316621051453,33.33525692862183,0.014160585403442384,0.75
292,0.25217351262920534,43.99471258706363,28.4676038873375,0.014064919948577882,0.7
293,0.1801108541106352,45.63420077404457,17.560897172863058,0.013589739799499512,0.65
294,0.2434941707441986,39.074677414953186,14.552963505196601,0.014136981964111329,0.7
295,0.29605852888299317,31.657585458829782,24.290964610437502,0.015333151817321778,0.7
296,0.4613919284969651,36.55337404196783,22.72388858742878,0.014487373828887939,0.8
297,0.18435152531647456,37.20917876053291,17.994646708516257,0.01413106918334961,0.65
298,0.4010348266220106,39.73793499423651,26.78478755532109,0.013865160942077636,0.8
299,0.6310073689650169,31.86088758225439,28.032618080541784,0.014668488502502441,0.9
300,0.7141802757523206,29.88724887617159,25.3779929744899,0.014326357841491699,0.95
301,0.8176241704204635,26.596042449821148,26.596042449821148,0.014240014553070068,1.0
302,0.3312612496170609,45.46643362360521,36.02792272826946,0.014161360263824464,0.75
303,0.5861954513655266,39.71724237121048,31.325226986562843,0.013976204395294189,0.9
304,0.5420360086644747,52.1662796406019,45.664792305682354,0.014101409912109375,0.9
305,0.6272695037883678,35.39527231072822,26.695905506084635,0.014298713207244873,0.9
306,0.22848271255692656,51.39854041222138,44.95327961365306,0.014343655109405518,0.7
307,0.050526440917623525,57.723528943817506,34.29727759792009,0.014124834537506103,0.6
308,0.5664879611431795,31.470809065624753,22.207414729339888,0.014166021347045898,0.85
309,0.3963564530369507,47.342386878618825,43.10498554493639,0.0147147536277771,0.8
310,0.7859363770673774,21.139210312873747,16.37075969778244,0.015163123607635498,0.95
311,0.543888845516429,24.788261659506404,20.82549327544388,0.014228248596191406,0.85
312,0.4674918670929319,36.169180303438914,16.04327445958811,0.014451563358306885,0.8
313,0.36257238200506825,37.24146847436278,18.284621575720184,0.013993179798126221,0.75
314,0.33442165855361244,45.48044330992236,23.754298192038895,0.014478337764739991,0.75
315,0.4387937190265264,44.37834411171085,33.65137271800708,0.02104402780532837,0.8
316,0.38669978156313206,49.646346397895485,33.84823352437536,0.01386277675628662,0.8
317,0.11372088445481254,55.6783881066724,45.61631515299355,0.014106070995330811,0.65
318,0.7576830931051125,22.075261438229628,22.58807137720328,0.01453230381011963,0.95
319,0.4587161771607229,39.38632529875457,27.04416784696008,0.014395618438720703,0.8
320,0.335909521735801,45.737514863288716,35.7251281634432,0.0142966628074646,0.75
321,0.621970515428296,37.3800362403612,39.62203528930359,0.0146881103515625,0.9
322,0.3657707836314784,42.006841394419986,24.785492839122227,0.014097726345062256,0.75
323,0.7884364130770007,29.807272979785022,29.807272979785022,0.014507925510406494,1.0
324,0.5123135782889575,42.59334133151625,30.561918170823567,0.014017820358276367,0.85
325,0.1302028973608158,54.481312691155246,23.381007658595745,0.014844489097595216,0.65
326,0.442658305094901,39.389077354717635,27.36167813988844,0.014392352104187012,0.8
327,0.6028601120086263,33.399228550097895,24.11488055667825,0.014455342292785644,0.9
328,0.6648169925959674,23.49440141013006,14.090442956412511,0.014201641082763672,0.9
329,0.48189073578173475,30.77874443559246,16.203491521411305,0.013887345790863037,0.8
330,0.4817480898615174,31.482030894741065,16.99250237448691,0.014062130451202392,0.8
331,0.4376407942083211,57.520267948095864,47.78269005545792,0.014434194564819336,0.85
332,0.496441034027264,42.88212459694466,41.27395492638331,0.014493787288665771,0.85
333,0.4671647019766307,38.01378799535885,24.53261963666612,0.014128172397613525,0.8
334,0.5164231682765145,41.052992265274916,34.316176583030995,0.014332425594329835,0.85
335,0.3352258155580371,45.94506134254784,30.10721050010794,0.014953315258026123,0.75
336,0.5202667342199139,46.63900492919569,34.60769546654643,0.014333558082580567,0.85
337,0.41999269365518443,40.67729823649567,28.529064636658326,0.014243221282958985,0.8
338,0.44336178056104625,30.353544479509047,21.953478648516672,0.014234566688537597,0.75
339,0.4081697363415232,51.22762114396799,41.64911444138492,0.013884532451629638,0.8
340,0.21399507830535924,54.900439832258755,43.425217373911174,0.014260530471801758,0.7
341,0.20339382128039746,63.30687426694883,49.60420449229131,0.014937067031860351,0.7
342,0.5126586280141112,38.560010512148736,30.32185872651944,0.01394195556640625,0.85
343,0.29916919250755886,57.79884400092798,45.419409989042244,0.014304828643798829,0.75
344,0.2987249994826503,49.59590237810817,35.0150892963425,0.015840482711791993,0.75
345,0.40712191130778574,47.45686017281362,31.38966900602629,0.016767561435699463,0.8
346,0.43456568723937306,60.23154069439897,57.17831439451682,0.014386940002441406,0.85
347,0.3576816359838625,40.03914442438629,29.273242455351863,0.014219236373901368,0.75
348,0.5118929991215716,22.164661586461758,17.35518603065596,0.013942444324493408,0.8
349,0.33107030172037716,41.05782600922637,36.715923200443406,0.013619768619537353,0.75
350,0.4238362448257481,39.47050929307109,27.585277138762365,0.014775025844573974,0.8
351,0.3585248017059219,55.23966610883548,47.28054194339023,0.014423620700836182,0.8
352,0.2649762145506257,46.32997405842739,31.373428994087057,0.014261627197265625,0.7
353,0.6432164872256843,30.503051631567672,26.776525647810267,0.014116370677947998,0.9
354,0.21557536620812953,49.192060642685746,28.952262175520975,0.014338552951812744,0.7
355,0.4775588563366965,50.7280545982961,40.15381067418877,0.014239728450775146,0.85
356,0.4425861704466449,55.57447663251044,51.141730512968955,0.014442026615142822,0.85
357,0.39644074171906035,40.88511156891845,34.74459749809401,0.014176487922668457,0.8
358,0.5232173646712804,39.35027518182466,31.86898472827073,0.014040482044219971,0.85
359,0.5877925820790727,47.77791827786866,40.46216588943676,0.014181017875671387,0.9
360,0.5179773390118896,34.498546888907676,26.03023321977587,0.014069807529449464,0.85
361,0.42477194259899537,45.333365558123646,34.43155713781951,0.014136433601379395,0.8
362,0.5303632845141901,61.71742485469191,61.219588193442796,0.01424713134765625,0.9
363,0.34349856990154065,41.29737375804573,22.85005041291906,0.014807522296905518,0.75
364,0.7132785183334164,32.45721643344772,33.11158642863023,0.014465510845184326,0.95
365,0.6354612581916227,37.03309557725847,28.767094429234078,0.015535271167755127,0.9
366,0.7677018563474468,32.428319933769075,32.428319933769075,0.015098476409912109,1.0
367,0.3442510545043972,36.52059999175224,23.58760680596045,0.014325785636901855,0.75
368,0.41227752762335274,29.55369151184984,15.215236897940933,0.01422574520111084,0.75
369,0.40876843862705536,46.79844165819703,36.55387966507324,0.014275431632995605,0.8
370,0.5051198480977686,45.30003361245925,33.20612918083958,0.014499640464782715,0.85
371,0.2598420063236358,59.395366668083,48.325128828410776,0.014177978038787842,0.75
372,0.31778759367951326,47.36574222242601,38.96154168267061,0.014256918430328369,0.75
373,0.38037253387405634,40.07637149508706,35.77115668831088,0.014039921760559081,0.75
374,0.5177225171226056,40.84675247627723,28.252662095090155,0.013987994194030762,0.85
375,0.4512953391245588,40.99900947055813,35.356209959695285,0.014335060119628906,0.8
376,0.6972658701398606,33.97972728681717,29.589441830337943,0.014208996295928955,0.95
377,0.09917163893973477,66.60081637579283,41.028477111193645,0.01445537805557251,0.65
378,0.3445564445062215,46.067254685865734,36.74929910866241,0.0141068696975708,0.75
379,0.20453493591292352,50.553041072946115,36.555200727273885,0.013888394832611084,0.7
380,0.40165991903978054,53.87037278386835,38.68405289337826,0.013886761665344239,0.8
381,0.23394728427938416,51.08275687725494,24.028729552384622,0.014076018333435058,0.7
382,0.18045729346605593,41.541008712642665,24.457961729391677,0.014004790782928466,0.65
383,0.6392323094306682,31.831977889771753,23.06162900914273,0.014162218570709229,0.9
384,0.20610627691583755,34.488294076934075,14.964405696607002,0.014287424087524415,0.65
385,0.2580326205034163,43.249135538874114,32.40448179659829,0.014120447635650634,0.7
386,0.31700635768921986,47.44514407929145,24.994125278398588,0.015442991256713867,0.75
387,0.6124899006952222,31.524970287230975,27.2155121357861,0.013979029655456544,0.9
388,0.49595270549642007,47.06203164841031,34.73204500213716,0.01445150375366211,0.85
389,0.2858142474331031,41.883012003490535,32.58082706749571,0.01469062566757202,0.7
390,0.5018804114496255,41.63468068037651,28.885834223412672,0.013768255710601807,0.85
391,0.44663812744946174,35.59788345325824,28.884992004806563,0.014167046546936036,0.8
392,0.188638797665572,46.203656528762096,31.84349673983576,0.01459115743637085,0.65
393,0.5646439584079749,43.14706374950758,40.53206933172693,0.014260756969451904,0.9
394,0.6098837257308523,37.86180390630044,29.058725885971747,0.014126718044281006,0.9
395,0.4481234869123358,52.685665220988426,41.87402308675535,0.014142274856567383,0.85
396,0.5945469931741767,43.06017206836767,34.427725123346775,0.014178192615509034,0.9
397,0.13565351937438191,51.70744303260699,32.20991383661863,0.014227581024169923,0.65
398,-0.03934791635808186,58.27668545144843,38.224299190249056,0.014054441452026367,0.55
399,0.5102604903199477,42.36566639469435,35.30134557802722,0.014606976509094238,0.85
400,0.4554774461534879,36.66150477963485,22.92907978306651,0.01431058645248413,0.8
401,0.4304833883148538,44.50599809201201,32.80463105128953,0.01391521692276001,0.8
402,0.4316241288403104,37.40140916828358,30.10827671094139,0.013877558708190917,0.8
403,0.41627199822353217,45.9850075684257,28.645190165078777,0.014416003227233886,0.8
404,0.179477028135817,50.596204390335444,32.05156382243046,0.014287519454956054,0.65
405,0.3543126554760717,36.72465599745376,21.87832734402532,0.014272069931030274,0.75
406,0.3238043208420206,45.92772654652709,22.19200393749433,0.014392948150634766,0.75
407,0.38325039130765715,46.997553557590294,34.81674354102465,0.014470362663269043,0.8
408,0.530802619932905,46.58067483119062,38.20286788440981,0.014151477813720703,0.9
409,0.41204742770386343,31.814450279849428,29.76200794925051,0.014366579055786134,0.8
410,0.44941732715981486,40.11954584554774,28.483061603345263,0.014633393287658692,0.8
411,0.3841065385264672,52.13999318069074,42.08975614559785,0.014589071273803711,0.8
412,0.3566032943252295,43.62923619567715,27.736011007138966,0.014886248111724853,0.75
413,0.24422172992891894,45.99965323081951,36.63027428091851,0.015261518955230712,0.7
414,0.396057879738195,53.30503480801658,43.17894801163975,0.015074527263641358,0.8
415,0.41274761620750067,40.34421677649817,34.512840856666685,0.014364349842071533,0.8
416,0.592728999066987,47.48982550210548,40.190518684998956,0.014642751216888428,0.9
417,0.3959721761226113,36.80368210399833,31.752021487036213,0.014936375617980956,0.75
418,0.5751944123215467,25.609984714109203,21.975770527701563,0.014532351493835449,0.85
419,0.6569181760762699,23.666353788175417,13.619514815829156,0.014719510078430175,0.9
420,0.7814488461811628,31.332194136473326,31.332194136473326,0.014369785785675049,1.0
421,0.284095061926994,41.010825772460365,31.370288549665553,0.014258992671966553,0.7
422,0.4818856482788452,40.508061164783285,33.916986792986684,0.014188563823699952,0.85
423,0.29089927968262824,29.26379213047843,28.02651175486344,0.014582598209381103,0.7
424,0.7202369944498015,19.530301553499214,14.722945858607996,0.014408695697784423,0.95
425,0.5940851180772612,41.86782223440816,38.60142792365614,0.014251947402954102,0.9
426,0.612140511039707,38.74239803758883,30.151462197815086,0.014601147174835205,0.9
427,0.2299310025107754,51.9859941105172,33.43376399171807,0.014613533020019531,0.7
428,0.4444249595261868,34.51951011181093,21.236408137901165,0.014896488189697266,0.8
429,0.27521578033867866,56.05332350956254,36.827045563789845,0.0143776535987854,0.75
430,0.31157385161210416,46.29118674433478,30.643486454241376,0.014499545097351074,0.75
431,0.5874076905002099,46.04981796711936,37.97935091454505,0.014783143997192383,0.9
432,0.3949109807139914,49.874298200522034,46.04915328557041,0.014730846881866455,0.8
433,0.8201830944294585,26.473222086555825,26.473222086555825,0.014235901832580566,1.0
434,0.6858778094850334,23.209689074469576,18.410236765764736,0.014346694946289063,0.9
435,0.6248486517889364,45.93819984655361,38.05906175796151,0.014641678333282471,0.9
436,0.31195661275028147,29.157351050725072,21.62715661243976,0.014730775356292724,0.7
437,0.41207559360574153,46.918008276904146,29.65937875010558,0.014522922039031983,0.8
438,0.13890059242229041,53.083293871386424,27.686124246890486,0.01473308801651001,0.65
439,0.6041837679540186,37.85397137950831,35.31995389477572,0.014955103397369385,0.9
440,0.39972834633464094,45.61193362139035,28.275609276591425,0.015126585960388184,0.8
441,0.33402981812508475,43.865696963804645,33.29146330118709,0.01415562629699707,0.75
442,0.4410238514505346,41.590658938538546,27.928690536986124,0.014658379554748534,0.8
443,0.4914383035987611,27.102244739636394,16.22123593530099,0.014223957061767578,0.8
444,0.6564802237983114,42.9616849073688,39.13956116374538,0.013999831676483155,0.95
445,0.4296651254884355,41.40896621099947,23.26142482175203,0.014450860023498536,0.8
446,0.4337629018734347,40.7676364683912,20.942306820625014,0.014221036434173584,0.8
447,0.43020276968807813,39.8753180116487,26.5465257636594,0.014500367641448974,0.8
448,0.14761030711038378,70.31004610211939,59.065257624483515,0.014587104320526123,0.7
449,0.12917015927628644,54.70303631826064,38.38953975399318,0.013727307319641113,0.65
450,0.1379266613451866,52.755118835249036,43.32707399764968,0.014220345020294189,0.65
451,0.25647499799966145,61.32749001754561,43.500467131994014,0.015829336643218995,0.75
452,0.13513661113257958,46.865497485196855,34.30246658232142,0.015069401264190674,0.65
453,0.4810641292248589,41.33285074702032,28.406885751752416,0.015252959728240967,0.85
454,0.5587085713462044,25.74059674143741,15.799553399406637,0.014564788341522217,0.85
455,0.2781567777136944,40.02938961773013,29.41049585124191,0.015165102481842042,0.7
456,0.43886079046826365,42.65401706595621,36.65806237408195,0.01465224027633667,0.8
457,0.7209331784397659,24.667758480379955,20.10464387973411,0.015362071990966796,0.95
458,0.559368837140811,26.209727596946344,17.01484271026627,0.014422857761383056,0.85
459,0.5156846708812773,40.01634421722436,33.06897611592402,0.01444181203842163,0.85
460,0.6131474683842862,36.550639694654414,28.311824516402226,0.01459752321243286,0.9
461,0.23445643400257815,48.00106019286828,38.015444630125494,0.014352703094482422,0.7
462,0.43991709430627857,35.94352225289339,29.019982845039138,0.01470564603805542,0.8
463,0.3725303137212683,53.533810547701265,38.98410838112183,0.01453413963317871,0.8
464,0.5136036919950685,42.67672852544827,35.37261284338214,0.014999079704284667,0.85
465,0.36564177545260407,31.117407128871406,23.45736286436903,0.01437450647354126,0.75
466,0.33713211661480813,40.944456973867375,30.091319736418065,0.014489197731018066,0.75
467,0.6408002258251548,30.600628776031765,21.01470056387938,0.014331257343292237,0.9
468,0.5194545764953198,32.71094157908234,24.351610552176787,0.014036357402801514,0.85
469,0.3631307754220112,56.08396263638267,47.672878691752054,0.014705753326416016,0.8
470,0.4020814601296559,43.86273923329133,32.75816115868592,0.01461104154586792,0.8
471,0.5499641769822661,35.43043021505663,22.541217761995757,0.014684581756591797,0.85
472,0.215681320834612,57.32746623906669,40.29259863903986,0.014854717254638671,0.7
473,0.5741189174682441,31.060958228335686,22.521230798699868,0.013856863975524903,0.85
474,0.6179416840654884,37.175007234962294,34.209494938434744,0.014254558086395263,0.9
475,0.42821522371941373,41.233529491351426,35.836557589637366,0.01442267894744873,0.8
476,0.07803950222724712,70.91330310083949,55.44358915728758,0.014318728446960449,0.65
477,0.3737586152447974,50.09149532907449,39.936399509331025,0.014952218532562256,0.8
478,0.21758593286943168,56.17080128853628,38.24432374370661,0.01412431001663208,0.7
479,0.349910644441071,54.343770612664194,46.16061698515966,0.014266204833984376,0.8
480,0.3647001490477936,57.242354353458246,43.16312074832118,0.014635288715362548,0.8
481,0.30882074220600253,43.54393798746803,33.32897986756011,0.014489388465881348,0.75
482,0.5544847795116793,45.6158523717637,38.159318666993606,0.014479339122772217,0.9
483,0.41688876788160184,47.754471621145164,31.18436423821017,0.014870047569274902,0.8
484,0.3458619047340458,39.9105336295152,20.80226773614557,0.014765584468841552,0.75
485,0.5089735065075884,31.195014724215092,28.06387714360845,0.014688479900360107,0.85
486,0.5579890323329619,51.681446044894415,44.57493721222508,0.014203524589538575,0.9
487,0.5499039121130187,52.936768580290845,51.944306037320715,0.014098989963531493,0.9
488,0.4805755127422867,34.53280506928607,21.197398150441135,0.013969492912292481,0.8
489,0.43145480247220114,25.393228116101586,17.150567774937265,0.014596688747406005,0.75
490,0.5866973790628979,26.01091154256814,21.788348621507804,0.014808070659637452,0.85
491,0.29637587316580205,51.566875429534306,37.840741278598,0.016025340557098387,0.75
492,0.12448469646514759,56.38627431662187,40.02823097806461,0.014211320877075195,0.65
493,0.4264355891520702,45.29803543004986,27.960080703480866,0.014829611778259278,0.8
494,0.2119554071325643,55.39411875987906,30.019312194808375,0.014209485054016114,0.7
495,0.17517554271933827,45.95438401241681,24.369733491301727,0.01434704065322876,0.65
496,0.19903537454593184,35.90798082336871,16.549799221739907,0.014026856422424317,0.65
497,0.3523966799739929,45.690760520782895,28.99745914868201,0.01422104835510254,0.75
498,0.27633887910006044,40.04401697528291,23.085540869793682,0.01533571481704712,0.7
499,0.4822244515224279,51.725838713016046,40.49519515336711,0.014245939254760743,0.85
500,0.2570031788976388,44.56297525462391,22.08225934027623,0.014750492572784425,0.7
501,0.14232973996678205,44.211329466754236,28.90334490666673,0.014245295524597168,0.65
502,0.5196838888614107,38.147214824727406,24.625179518834656,0.014702725410461425,0.85
503,0.41577038569778135,45.671284661242865,40.290997985752085,0.013790440559387208,0.8
504,0.6213170503667781,30.833259046092724,21.65760238355115,0.014165103435516357,0.9
505,0.45678476856317946,39.32196530919892,33.44168084285372,0.014341497421264648,0.8
506,-0.020426732475606946,66.37651610175837,34.85175068717247,0.014291226863861084,0.6
507,0.36382973206771735,32.710593710005476,18.957936736273975,0.014530956745147705,0.75
508,0.39416379690699854,51.82755019905592,36.11855104817096,0.014640104770660401,0.8
509,0.25882482696249215,62.185512747104084,44.647077950061565,0.014368402957916259,0.75
510,-0.08124873372558465,62.678804313248065,28.481852770849198,0.014285516738891602,0.55
511,0.13557815109187454,48.16883777803638,27.357246161936544,0.014805138111114502,0.65
512,0.25455169138851036,58.896416025274334,41.30830788796613,0.015449702739715576,0.75
513,0.17253875566253904,46.70803165594446,33.474629656191446,0.014742636680603027,0.65
514,0.3606916591333938,41.07080139291553,30.393494323844802,0.014859473705291748,0.75
515,0.1884723794229834,45.68979191066044,32.573467096359494,0.015089011192321778,0.65
516,0.5304199565574207,40.00096128166622,38.480429009710576,0.015266752243041993,0.85
517,0.22916691567714617,50.274778247400434,44.11398434241063,0.020204365253448486,0.7
518,0.6408152540199552,25.742507913048325,21.448303193728385,0.014884364604949952,0.9
519,0.4114333216935786,45.46933027011986,35.22746812440661,0.01423795223236084,0.8
520,0.13396639204304256,56.367755290957746,32.34316407646005,0.014315617084503175,0.65
521,0.44376233950158256,37.77598814175228,18.60698028765516,0.014570605754852296,0.8
522,0.40606330544179253,45.900132386041705,29.019729353890963,0.014266669750213623,0.8
523,0.3661239807138683,30.080343117276037,22.783924794242058,0.014547526836395264,0.75
524,0.5461389085860622,41.54756590730559,29.077399947237915,0.015119206905364991,0.85
525,0.3453025313056818,35.64011480504921,22.259757590021284,0.014472317695617676,0.75
526,0.6408766787977764,25.48082416189832,21.45784316855836,0.014038431644439697,0.9
527,0.2751585119291501,35.49747493952224,28.214916267047666,0.015190589427947997,0.7
528,0.7905882035606965,33.05907859224247,33.05907859224247,0.015299773216247559,1.0
529,0.6651895970478835,29.061194600005216,25.16920047655051,0.014876043796539307,0.9
530,0.5544252825811764,32.09346953592837,29.353582122814867,0.02690141201019287,0.85
531,0.6276361338634276,39.745206884565235,30.684278797688883,0.015004181861877441,0.9
532,0.11241188712000524,41.89120712797826,34.441390615095486,0.014372313022613525,0.6
533,0.2774023121494117,60.76584284134367,41.64761332305485,0.014691758155822753,0.75
534,0.34049594807734745,47.35405307850115,37.57316841576644,0.014652121067047118,0.75
535,0.5833960294366272,29.717075851063477,21.567697995928867,0.01508704423904419,0.85
536,0.6543163112141788,27.48220677427804,28.58301196081565,0.015141129493713379,0.9
537,-0.06551317598597384,62.44241900826519,37.72749307218206,0.024694502353668213,0.55
538,0.5450752252489143,40.448824204951386,27.565195397838487,0.014813685417175293,0.85
539,0.4192814281473313,46.03664827914813,29.381945390211555,0.014857709407806396,0.8
540,0.5072846573579424,45.94405025583485,33.87056376986103,0.022178924083709715,0.85
541,0.45097897577222523,35.68794326810235,22.4971350704589,0.015040576457977295,0.8
542,0.2949097863902336,50.67729836987305,29.536305354960593,0.014940345287322998,0.75
543,0.3939366914522075,50.88400836149453,35.8605617954879,0.014072537422180176,0.8
544,0.2893998859971395,42.06777378989192,32.01449848394085,0.014928698539733887,0.7
545,-0.07306026154404394,55.5744622661971,25.136520961706232,0.01448230743408203,0.55
546,0.3986871978315252,50.91780079562534,34.741959590925504,0.015113127231597901,0.8
547,0.42130731896930634,46.24545942874077,35.6312373158775,0.014290380477905273,0.8
548,0.15485897737865767,66.42469130488574,52.485576845771746,0.014367234706878663,0.7
549,-0.12654469188815085,76.54015923503955,63.19509684311235,0.015437257289886475,0.55
550,0.49456044530917553,39.40422390740944,43.67160673256247,0.014799940586090087,0.85
551,0.6140529810278819,29.2840968457463,30.70123232385598,0.015607178211212158,0.9
552,0.5242363964094237,36.45970124057551,29.012453351602204,0.017001938819885255,0.85
553,0.4961316646418517,44.87523648413698,32.26608431814382,0.015321505069732667,0.85
554,0.489129020183002,41.62291488776653,34.655939333282795,0.018818938732147218,0.85
555,0.28722560168472155,36.592261830315394,17.62218391568285,0.014329278469085693,0.7
556,0.31648383767947846,41.01462325830842,29.77382882156604,0.014781582355499267,0.75
557,0.43123582906333835,35.307077035350225,15.42031411630455,0.014885973930358887,0.8
558,0.3382709584708209,35.96132235134408,22.68381914610552,0.014293968677520752,0.75
559,0.23304214670821805,37.74568137215372,24.86980686158491,0.015121269226074218,0.7
560,0.16675990523915846,46.065521423539096,39.694573921998526,0.01408231258392334,0.65
561,0.1542304018260522,39.36916005739023,14.383168930298268,0.014099216461181641,0.65
562,0.50084650667103,39.6883897056654,26.943503820651063,0.014542734622955323,0.85
563,0.012268113205158544,65.7743849081306,50.530938110597425,0.014454662799835205,0.6
564,0.2391034922073585,41.90775129435044,26.465970751051213,0.015320169925689697,0.7
565,0.4278724516139419,44.31113491598744,33.13014367191114,0.014757323265075683,0.8
566,0.18931899966256802,55.552416041463005,44.30782381683772,0.014827203750610352,0.7
567,0.36919219129044023,40.61475366698273,23.51062136645243,0.014599001407623291,0.75
568,0.3184443566870196,31.07722490640478,22.999968588364368,0.014669287204742431,0.7
569,0.3308094190427878,61.66451828312391,54.49021689486672,0.014906489849090576,0.8
570,0.4694587424322991,32.73528237500717,24.727117200312296,0.014753007888793945,0.8
571,-0.17858598816407362,75.81809378803912,47.20840272465157,0.014760637283325195,0.5
572,0.17520876617656986,45.66497580741877,23.78485504081643,0.014891421794891358,0.65
573,0.12650225382101415,59.687964798791015,37.79896587325731,0.014324760437011719,0.65
574,0.6045650760839761,41.0665074460761,32.9344658917008,0.01397331953048706,0.9
575,0.27148301139814923,42.54439352086752,33.13279131931548,0.014027822017669677,0.7
576,0.06707687917201141,49.110172795462596,30.436356398540507,0.014469897747039795,0.6
577,0.4774833430670925,28.447132159009747,19.299286980433415,0.01432037353515625,0.8
578,0.44689456319844967,49.87022079208564,37.72661821027473,0.014457416534423829,0.85
579,0.3036287620976917,70.3708918892106,66.38676502424363,0.014888381958007813,0.8
580,0.3374638870264526,45.468625458521345,35.95255775766505,0.014783346652984619,0.75
581,0.5035058913621151,40.0420700143505,32.99914915421584,0.014581453800201417,0.85
582,0.3464930919537076,40.0029504429623,28.805038684495027,0.01477799415588379,0.75
583,0.2538329466578311,42.94427535537997,26.301671140789114,0.015201830863952636,0.7
584,0.34216850314938824,34.918387514816416,21.336790552138154,0.01519416570663452,0.75
585,0.7186346119949824,24.98021379863247,20.435099728627552,0.014800703525543213,0.95
586,0.6290584148085906,27.14453941874492,23.096882944328943,0.015184307098388672,0.9
587,0.5208485585547913,30.69060405180349,28.01417549612318,0.014692342281341553,0.85
588,0.2725793750181611,62.44396608793623,51.6801727074786,0.015071988105773926,0.75
589,0.2857514545496232,56.03983135073869,36.61451964431171,0.014370226860046386,0.75
590,0.462303873468276,36.135293566886894,22.51211198285786,0.014518845081329345,0.8
591,0.23734924492007528,49.240889080516546,36.51752218491398,0.014797282218933106,0.7
592,0.5618091020861614,50.844168690758515,44.13838893703133,0.014777803421020507,0.9
593,0.4236389788657912,45.037581181497856,28.398940053811543,0.015018463134765625,0.8
594,0.3353127645766914,45.67070634142324,35.48986474351186,0.014934384822845459,0.75
595,0.1274583049657128,57.01654713579118,26.427083840464338,0.014441871643066406,0.65
596,0.23419515413247258,50.94404549993718,23.653246905864762,0.01445302963256836,0.7
597,0.1336659324533868,55.257793283711365,24.918956957221376,0.014492201805114745,0.65
598,0.113540868042223,55.35349026564338,32.361473269220625,0.014930033683776855,0.65
599,0.3357710187939178,40.85421031840334,23.285918237017604,0.014769041538238525,0.75
600,0.111573825702692,54.53950722660717,37.87899326347164,0.014791274070739746,0.65
601,0.32318793648880334,49.1335226448891,34.012370568880364,0.015665936470031738,0.75
602,-0.024700444408321698,50.023229110594905,15.60715056776617,0.015591037273406983,0.55
603,0.5632554040694915,27.314465927956423,23.58445687461077,0.01631098985671997,0.85
604,0.14352850452824337,52.88916099774095,50.17565826401797,0.015284538269042969,0.65
605,0.3604177814761283,41.75186440644556,23.78773520544957,0.014729297161102295,0.75
606,0.5304985284651779,37.3432303758172,28.747032808611856,0.014766216278076172,0.85
607,0.37041820011862087,37.28566256507678,25.33844138898926,0.016243183612823488,0.75
608,0.2334083352039606,51.52023465976008,24.08423467826972,0.01490849256515503,0.7
609,0.40371848118340176,45.09560989479978,34.45726158666665,0.015076041221618652,0.8
610,0.21893399517439488,30.00853643372567,15.29094776960976,0.0150168776512146,0.65
611,0.16790644660022744,45.176406809795346,30.00418623085432,0.015489673614501953,0.65
612,0.23732080603769062,49.912499582771495,28.551562842540164,0.015005195140838623,0.7
613,0.29022165687622825,55.93950061301423,36.020780231067555,0.01470942497253418,0.75
614,0.17729913131601727,56.199366406726384,43.55330383855987,0.014910590648651124,0.7
615,0.4744064692682092,36.078920136342695,22.98817071525991,0.015120768547058105,0.8
616,0.17162638143504466,44.63179108767492,22.75908102149397,0.014606308937072755,0.65
617,0.503854609087602,41.64319671182186,34.730383620131356,0.014359378814697265,0.85
618,0.3842238183673492,45.58370772734564,34.9949845368114,0.014381802082061768,0.8
619,0.32780269269635776,41.10124731798557,30.028426503422097,0.014785730838775634,0.75
620,0.6640673111988281,27.580645883158844,29.3648865371953,0.014905178546905517,0.9
621,0.38543432306613357,56.793594291590395,48.40396472687733,0.014834082126617432,0.8
622,0.5085462928437653,31.882651652458197,23.651576926775725,0.014420294761657714,0.85
623,0.42070817486205864,40.31172840219521,21.916610339198762,0.014467477798461914,0.8
624,0.31938901381550283,50.323911972815594,41.77564972427437,0.015629398822784423,0.75
625,0.255491407805995,56.64492408864025,50.58044731502394,0.014786458015441895,0.75
626,0.6223732120395994,31.258274872871358,28.029822269043304,0.01508793830871582,0.9
627,0.5207059194378283,42.961345759076906,42.17920940132924,0.015334844589233398,0.85
628,0.2019500385096527,61.99396663738069,39.27127530589056,0.01568427085876465,0.7
629,0.22629029242662493,49.72080501171302,37.08795559162996,0.024858152866363524,0.7
630,0.42415913353696605,45.98914319797604,41.255231481598884,0.015851366519927978,0.8
631,0.5728808192578265,31.469830894450986,22.26722931495299,0.015532112121582032,0.85
632,0.41170874409835445,39.04642155704655,20.783904233812816,0.014510905742645264,0.8
633,0.16093575372282612,46.18509542021626,17.127019169173476,0.0148237943649292,0.65
634,0.34002782691850697,38.39153783545247,13.866353049617882,0.01610299348831177,0.75
635,0.42881879310193405,49.189354326161165,33.1574063376531,0.014644420146942139,0.8
636,0.5135057087158174,41.222349743229145,34.61378605047056,0.014636456966400146,0.85
637,0.3119209470996635,56.58741832187902,37.31512204426376,0.015029430389404297,0.75
638,0.1537343305937498,52.80370057730838,26.76281680978287,0.014439070224761963,0.65
639,0.30939287606169064,53.3861935857478,39.293482277916766,0.0149932861328125,0.75
640,0.3849352940742642,55.94795358028149,41.89720595542674,0.014358210563659667,0.8
641,0.5881299053232266,44.83335261354487,37.20911192002726,0.014495909214019775,0.9
642,0.5944701199833707,41.801112817453216,33.75167432283567,0.014198219776153565,0.9
643,0.2384414352357113,47.635833418367014,25.280869654663793,0.014432036876678466,0.7
644,0.10713065666791186,57.64591635309004,26.138233729595672,0.01453697681427002,0.65
645,0.17203032497094978,45.76057244131304,22.97950676137183,0.014381051063537598,0.65
646,0.43549616415345743,43.711445027430216,30.88263074642387,0.015628302097320558,0.8
647,0.5052760069580897,41.70323601613218,28.724514902928643,0.014440226554870605,0.85
648,0.5274514410801057,35.862724461869526,27.82909692849824,0.014321851730346679,0.85
649,0.41475597823642196,36.149605826174245,22.63800253158043,0.01408306360244751,0.8
650,0.6223687705540634,34.09487603675996,30.875164158725575,0.014183855056762696,0.9
651,0.637482517420956,26.627183347015812,21.46739051377854,0.014592337608337402,0.9
652,0.670968036704412,19.302191916013946,14.381851456242966,0.014380598068237304,0.9
653,0.31022159515162673,66.46425635646668,67.21559320396008,0.014399492740631103,0.8
654,0.540535289800228,37.57238236584662,24.136164537326312,0.014486598968505859,0.85
655,-0.10668417725313792,55.65454488416547,37.89318900244867,0.01470543146133423,0.5
656,-0.09870289567560556,51.40882692113363,37.50610480371235,0.014006078243255615,0.5
657,0.40981587141846887,42.047554101040916,28.98637955242789,0.013941752910614013,0.8
658,0.4927888487658422,25.607648146554823,15.066744168362149,0.01439809799194336,0.8
659,0.17124632822568078,41.133410705966114,23.765640806339853,0.013975179195404053,0.65
660,0.2196038145207376,50.83854159223968,30.50226345361182,0.014578282833099365,0.7
661,0.6360670709757704,37.61436924091289,28.97703739046006,0.014515388011932372,0.9
662,0.46535478326056323,30.686436986919198,21.81970735595725,0.015046179294586182,0.8
663,0.15290822938250148,44.991791036721395,22.512206967025595,0.014671015739440917,0.65
664,0.38840219358242944,49.19879168340894,38.72372552178546,0.01624044179916382,0.8
665,0.638610990372521,28.398320245108117,29.704642115460487,0.014217770099639893,0.9
666,0.35170651732818936,47.06619636616288,23.805912112559067,0.014821040630340575,0.75
667,0.12852195680768186,54.59836455986218,30.567264932475407,0.014413130283355714,0.65
668,0.5023904455754991,39.8774753336635,32.96743200676149,0.014151489734649659,0.85
669,0.13395193358600627,59.67056997706277,53.123267694722315,0.014506852626800537,0.65
670,0.304420886823026,49.950477700533796,34.52990008207088,0.014081215858459473,0.75
671,0.5757585771275212,44.46621320239508,36.42591000713822,0.01503610610961914,0.9
672,0.5687564179133144,46.642852998072655,38.89030163536227,0.01416374444961548,0.9
673,0.6455951551187414,27.418280268375923,23.521296158189536,0.014294683933258057,0.9
674,0.587662414206694,48.33703739879008,40.96352776545845,0.014293873310089111,0.9
675,0.09473770876109391,41.04058722909353,25.602938665779728,0.014413285255432128,0.6
676,0.2625392778376793,41.310225402192955,30.83267526014468,0.014840483665466309,0.7
677,0.4923096793516876,42.426971355647254,29.68252549444717,0.014655649662017822,0.85
678,-0.03604809014175063,71.3232485689409,68.85623692937516,0.01526942253112793,0.6
679,0.3411672712591948,39.755025221222795,21.354044272409524,0.015143930912017822,0.75
680,0.38312430333093184,56.14252297960388,54.05623798742158,0.014394140243530274,0.8
681,0.38606377403923064,50.21212940742598,40.157666975267034,0.014646267890930176,0.8
682,0.23542336304826583,48.32009841584197,34.17499567688535,0.014493310451507568,0.7
683,0.4359934925175941,45.35875080901231,34.84172173109318,0.01450645923614502,0.8
684,0.37229112287128413,36.51186710827787,23.527233720508654,0.01437767744064331,0.75
685,0.249192453580876,66.2149102002212,63.104432437596856,0.015232431888580322,0.75
686,0.35126440003697085,46.85742098678968,30.915790975133234,0.0161077618598938,0.75
687,0.3429618830598792,45.28212441120699,22.03492760983763,0.014886415004730225,0.75
688,0.48268950288176227,42.56229826944627,30.277421507096754,0.014622032642364502,0.85
689,0.43429890949565786,33.46983530574531,26.43328678226605,0.014865529537200928,0.8
690,0.18991655291536053,39.38896190689733,14.796337898955121,0.014467000961303711,0.65
691,0.448140176224989,45.30319910214851,33.863504774988634,0.014870524406433105,0.8
692,0.4351282279219066,60.52207721150843,51.0930901724288,0.014338433742523193,0.85
693,0.17779759889736435,62.6821722381625,39.092477765606894,0.014828360080718994,0.7
694,0.4124682530252898,45.95682264988854,35.4008719809902,0.016517794132232665,0.8
695,0.4511637442838229,52.83774523107083,41.45077546764193,0.014071059226989747,0.85
696,0.6088073034122827,43.061129890743175,40.30395097374125,0.014681792259216309,0.9
697,0.384994565143696,42.11253193073354,30.40153472899396,0.01421273946762085,0.8
698,0.13111461741321837,78.08167343921397,60.42635127349002,0.014364135265350342,0.7
699,0.24715419554585458,47.6336582406037,40.18595740395411,0.014558756351470947,0.7
700,0.11282071664977114,61.80846460591111,40.610038165854306,0.014145267009735108,0.65
701,0.5088301695625137,43.216428729261395,30.138778251572187,0.017225241661071776,0.85
702,0.3839223620963047,35.71805818832283,15.751845504320132,0.01449989080429077,0.75
703,0.11154086094689122,56.583673171363536,32.98776299675145,0.014001822471618653,0.65
704,0.36707978295888627,39.24988767623797,27.642796875185397,0.014435529708862305,0.75
705,0.16962480973719307,64.39142715647301,43.33132786370846,0.014377093315124512,0.7
706,0.29539254274250354,55.267557816629335,42.80419347636538,0.014204776287078858,0.75
707,0.6042517880170434,35.55206656618731,26.989998568623115,0.014314985275268555,0.9
708,0.3970550177417431,48.865658152316,32.97592962208269,0.01408604383468628,0.8
709,0.21212118996698742,49.059184298540124,29.78212035907208,0.014164543151855469,0.7
710,0.10107334529262535,44.357161049095204,23.623531001948436,0.014244294166564942,0.6
711,0.6974477774834048,28.75687859903993,24.434132361241858,0.014669084548950195,0.95
712,0.6235509271872786,29.337341630144948,24.944980797373336,0.014399051666259766,0.9
713,0.6373408332017675,31.921577945138125,27.8972994814787,0.014216697216033936,0.9
714,-0.0258360367604051,50.91165518497183,26.165671784240637,0.014156842231750488,0.55
715,0.6404940786626542,33.551950949329765,29.42428830974855,0.014353513717651367,0.9
716,0.41573592612772803,46.84927277384897,36.586584000872904,0.014321863651275635,0.8
717,0.3410212295530267,39.27714623741206,27.68263073095452,0.014190292358398438,0.75
718,0.6737717366895671,21.9582641170416,22.716631790658862,0.014115071296691895,0.9
719,0.5197432518020314,37.65933590316054,30.48548990165147,0.014114713668823243,0.85
720,0.39274280229834535,54.843236833890714,40.05731372299765,0.01450895071029663,0.8
721,0.5351650557585608,31.908459379177287,23.687711151479682,0.014273500442504883,0.85
722,0.4382498668043772,35.861477509118984,28.442309680191812,0.014695310592651367,0.8
723,0.471311820457172,29.536215947938523,27.436431660410264,0.014579069614410401,0.8
724,0.6190510048029436,35.31913579611515,32.30797641175664,0.014027595520019531,0.9
725,0.5398559235213316,31.556853611365096,29.124541107254533,0.014049196243286132,0.85
726,0.3210155042225715,45.475322547438445,28.572165334539328,0.014633429050445557,0.75
727,0.2962660724589662,35.98042380135145,23.362010842983725,0.015254008769989013,0.7
728,0.39436550085204436,52.49679759542157,36.896445744588,0.014270663261413574,0.8
729,0.39590034282875247,48.02789536507484,37.34376441285726,0.01434342861175537,0.8
730,0.2320039450212977,63.630125214297586,46.53126379316358,0.01442265510559082,0.75
731,0.4562230178551733,52.93359743615666,41.917434277636005,0.01406846046447754,0.85
732,0.1994791950417327,56.846862735016565,45.99579870208514,0.014296782016754151,0.7
733,0.15585599363343938,45.97214274288244,31.91885814251003,0.014100790023803711,0.65
734,0.6471259356275807,31.05415646517755,27.872073887560916,0.014766716957092285,0.9
735,0.5370585173576072,35.19809996810774,32.05362045707257,0.014223039150238037,0.85
736,0.40137750148342316,52.05411177231862,42.22902677869785,0.014433586597442627,0.8
737,0.5651988571776257,31.305993525417612,22.303235925833633,0.01503751277923584,0.85
738,0.30291151341443817,61.6146446233652,44.22518157004615,0.014010441303253175,0.75
739,0.23825513240757806,30.42756156680602,15.217737606706196,0.014273691177368163,0.65
740,0.6002596674468336,22.103633621818958,22.535969169120154,0.014372932910919189,0.85
741,0.0720233919641439,46.97200673459277,25.87078676362618,0.014809358119964599,0.6
742,0.37693423201949583,48.82249698069205,38.73316776835707,0.01395958662033081,0.8
743,0.28962245556856425,54.56813505839021,41.34970551414035,0.013796591758728027,0.75
744,0.3713907456612387,52.91725995610172,42.772887054132404,0.014604759216308594,0.8
745,0.49698098554144005,44.084374184568375,30.488717188287325,0.014120519161224365,0.85
746,0.5465052618054649,46.8067438851658,38.69561442622435,0.014498960971832276,0.9
747,0.2725428562412261,59.13959852066133,41.50956738101358,0.01415623426437378,0.75
748,0.2990870354884124,51.157200514899216,37.124037067258946,0.014354121685028077,0.75
749,0.48599798065392674,40.81469307442008,34.0979397189351,0.014172041416168213,0.85
750,0.3985568019427264,50.51408240820122,47.3332579578263,0.015242290496826173,0.8
751,0.09946055070637347,64.51528743211506,45.33408218134988,0.014138126373291015,0.65
752,0.2944976652205675,55.719053653830585,42.48244251259379,0.014182913303375243,0.75
753,0.13404609122442795,55.371712894119696,31.58322342701879,0.014270997047424317,0.65
754,0.3999906149195037,41.133187791386675,29.342307352179798,0.014045965671539307,0.8
755,0.56371639189963,21.305430430819918,17.01343157915827,0.014310610294342042,0.85
756,0.026992369416472,61.45615557694557,41.71158276301756,0.014094924926757813,0.6
757,0.13764541010243314,54.52575639114324,45.59302406885878,0.01457819938659668,0.65
758,0.4298858382137835,42.314920212879194,30.78297899020441,0.014191102981567384,0.8
759,0.6693406737767219,36.053875624287436,31.98218727785158,0.014255738258361817,0.95
760,0.45118237194421174,35.209295273874176,15.795505394293672,0.014848899841308594,0.8
761,0.5490075765863738,35.727067890268835,28.233799831374963,0.014465641975402833,0.85
762,0.5373679350651362,43.81187877862731,35.859475855679605,0.014397728443145751,0.9
763,0.3895821612946647,46.88636654874552,36.256646628566685,0.014526772499084472,0.8
764,0.43891724413878414,38.55685277937208,31.443289013535534,0.014923405647277833,0.8
765,0.5548092464545359,31.77841506945766,23.21909326691027,0.014078986644744874,0.85
766,0.5251336182316866,50.81282390079927,44.34261205151489,0.014805746078491212,0.9
767,0.3542378757125134,43.35041332689785,33.53089576556604,0.014525938034057616,0.75
768,0.4688138407528809,41.679638838633345,40.02794819444645,0.014726626873016357,0.85
769,0.5497112298914288,31.043659013795395,34.106036642274205,0.01399623155593872,0.85
770,0.28102603058675146,32.08854999853366,15.643666757165494,0.01448575258255005,0.7
771,0.4378111396981777,23.327751447603248,21.091906409243457,0.01442112922668457,0.8
772,0.5870092806462835,22.746964502653285,16.767273120328177,0.014368832111358643,0.85
773,0.2696130550572769,44.47923814689314,28.79966736373337,0.014380443096160888,0.7
774,0.2068271611907612,46.132905183343915,23.500109712606122,0.014011287689208984,0.7
775,0.46440302997579763,44.83292493520929,32.92463013903321,0.014383184909820556,0.85
776,0.48046834560930457,41.582632403365636,29.244285806944877,0.014430606365203857,0.85
777,0.14467827798081984,51.38252458683279,25.187498015370014,0.015254151821136475,0.65
778,0.2507474820952574,43.32823428771654,33.38191074358889,0.014785468578338623,0.7
779,0.45487163487715254,37.89076873873824,30.985318604500883,0.014403939247131348,0.8
780,0.42579157509307625,41.040433664142746,41.548164431143256,0.01458820104598999,0.8
781,0.6095960700035989,37.008059406596274,28.530813509060977,0.014218616485595702,0.9
782,0.4925332335664999,39.919017799152286,26.868106872394105,0.015239787101745606,0.85
783,0.2457941597894921,42.51490220476957,19.963079141580867,0.02740887403488159,0.7
784,0.34937948174815797,64.2186564435942,51.87426097243774,0.01453101634979248,0.8
785,0.370948628509428,30.96757584011395,23.060919457984504,0.014368951320648193,0.75
786,0.23478276643246737,45.971339845324344,37.27475977152022,0.014353477954864502,0.7
787,0.39761060972966755,52.000131810239985,42.460419336608666,0.014643073081970215,0.8
788,0.180274273794623,65.33753894735538,58.03809536434344,0.014979064464569092,0.7
789,0.7349202210692968,37.10214358909916,37.10214358909916,0.01434948444366455,1.0
790,0.5998730376878629,41.41906953612232,38.83273625857496,0.014858686923980713,0.9
791,0.6297034159327365,32.283426434633014,28.682319359002218,0.015007925033569337,0.9
792,0.518893281771248,50.68958819697825,43.577800261558025,0.015061414241790772,0.9
793,-0.08041729404232849,59.70965135186316,41.35119583432899,0.014713072776794433,0.55
794,0.5438461071546445,32.77962415307145,29.807650184356465,0.014515912532806397,0.85
795,0.3375606025555705,47.33068010677771,31.357959224669415,0.014602100849151612,0.75
796,0.4815750574197324,45.7429099710854,39.45239946955623,0.01453239917755127,0.85
797,0.5865368260059891,36.51059995345734,27.56789423794438,0.014557790756225587,0.9
798,0.6331689774854463,26.352716032844654,22.513448630492704,0.014392352104187012,0.9
799,0.25555073542580964,38.960438308409906,13.74239191936007,0.014737915992736817,0.7
800,0.4417898238108485,35.71516366986767,34.7366713873445,0.015448737144470214,0.8
801,0.5584433982237762,35.74105729365871,27.848049572832586,0.014534986019134522,0.85
802,0.4187515890939828,41.63373195923143,35.68782570756224,0.015035891532897949,0.8
803,0.2461677464517889,47.48058874836055,25.069962267040914,0.015274322032928467,0.7
804,0.43421044295037314,40.66143731462137,35.244555775443594,0.01440209150314331,0.8
805,0.544111974414444,43.05001935424487,40.26580265079853,0.014793193340301514,0.9
806,0.761229084461098,33.95072809128156,33.95072809128156,0.014282619953155518,1.0
807,0.35992939030403304,35.04486174466477,21.646281599179336,0.01479182243347168,0.75
808,0.2973043598425992,53.46473421776049,40.57910868185021,0.01461278200149536,0.75
809,0.49266508018987276,45.28804794559345,45.37276541047797,0.014861202239990235,0.85
810,0.4285209570154196,45.31398754087568,27.739814805494014,0.015251719951629638,0.8
811,0.3306608641698872,42.78918005383081,26.278295728300478,0.0150107741355896,0.75
812,0.28691688008889926,50.52176232188772,42.923588687016114,0.015274465084075928,0.75
813,0.522356066220031,34.18100666563371,25.954473466725588,0.015235793590545655,0.85
814,0.436152300920139,35.63867658416679,21.549506343839404,0.014590716361999512,0.8
815,0.15772579568419468,60.40209808602415,43.890694883334035,0.014242184162139893,0.7
816,-0.03168042558802545,54.672134030578135,34.3524175567348,0.015052855014801025,0.55
817,0.2471666970046217,61.02176866220775,42.917916468112445,0.014494800567626953,0.75
818,0.5010976451769631,46.52628205473589,40.46193762980925,0.01480029821395874,0.85
819,0.49632760873523446,41.09994952556948,34.06761479829099,0.014419770240783692,0.85
820,0.4695924664067242,55.81627768043003,45.75396891354375,0.015434765815734863,0.85
821,0.371329058260434,62.17835919416224,48.501796203827865,0.014407813549041748,0.8
822,0.2764215010441847,50.75163917857656,29.743589333863422,0.014327967166900634,0.75
823,0.11015869456168548,57.08999421617492,26.494627152503504,0.015211760997772217,0.65
824,0.30882877114357377,46.18922875871507,30.675549808677882,0.015437400341033936,0.75
825,0.23313363713040344,50.57647614403752,44.919858829556055,0.015191113948822022,0.7
826,0.4157208365384597,45.37399977828794,27.9750010194498,0.014655351638793945,0.8
827,0.6506145153344911,29.751113647594217,24.90737364981268,0.01495819091796875,0.9
828,0.3395278983299538,41.24284894789868,23.716371914770853,0.014794361591339112,0.75
829,0.413313104744134,47.124233766756326,36.33990796982677,0.014884257316589355,0.8
830,0.3114239060359215,51.3221857196981,37.00261403175227,0.014871561527252197,0.75
831,0.4117513309850782,46.00002445701184,41.75679111105058,0.014697420597076415,0.8
832,0.30916585583579326,47.21099239942751,37.32155656906427,0.014845430850982666,0.75
833,0.32602795099188964,46.88907649733669,38.09522586767578,0.014859616756439209,0.75
834,0.7374239244897931,27.468629852808885,22.286623127678975,0.014415371417999267,0.95
835,0.2196478214048681,51.85964965944483,31.081205795043985,0.014774107933044433,0.7
836,0.7145816865251188,30.620437516385472,26.286399973595984,0.014711737632751465,0.95
837,0.7082976997597734,31.50824029065768,32.30768835244413,0.014669907093048096,0.95
838,0.5449562220382745,34.78893827449456,20.71213963245289,0.01468747854232788,0.85
839,0.6665101073618052,26.754842345559258,22.5040343543349,0.015245044231414795,0.9
840,0.6361162340728388,27.759579465585936,23.65775068687845,0.014581644535064697,0.9
841,0.31968693140943233,38.24776853956378,18.82971896796793,0.01472160816192627,0.75
842,0.3337930551499052,42.42724701645776,31.403057614268103,0.01454174518585205,0.75
843,0.4156763076969769,39.69801683628665,33.41056687017255,0.014815950393676757,0.8
844,0.5941892340467348,40.314472563658974,37.76023461716189,0.014229357242584229,0.9
845,0.39925201279323996,46.768663800437295,36.54916255002794,0.014010357856750488,0.8
846,0.47496786099128585,32.26644135217687,35.46171148149127,0.014261794090270997,0.8
847,0.6702893305668894,38.942025503024084,34.72325520725036,0.014826631546020508,0.95
848,0.7519433449455832,30.10061441054731,25.80638975977514,0.013997352123260498,0.95
849,0.36299711790981254,34.94142507788398,15.008327475639465,0.014245951175689697,0.75
850,0.6159574901319084,32.29803892140744,28.45375558741408,0.014256823062896728,0.9
851,0.6791491167346888,25.066156393938606,20.73736651752141,0.01461646556854248,0.9
852,0.7653282268198993,19.381568628138968,19.573016690317523,0.015194928646087647,0.95
853,0.5415933926569898,34.42766526906949,26.270783282919286,0.014224493503570556,0.85
854,0.29394423660369556,34.68293893489017,15.275372394118039,0.014490914344787598,0.7
855,0.4238759689408355,41.3158339074399,23.374363116470064,0.014151978492736816,0.8
856,0.36049341181910755,41.16345706868853,22.44250604680862,0.01455857753753662,0.75
857,0.4364502107041669,46.62324326139934,29.663065500251335,0.014676988124847412,0.8
858,0.674218633801946,31.172825978555068,22.076838793188507,0.01506417989730835,0.9
859,0.2714138191682723,56.18549086567007,47.42776160443852,0.015362095832824708,0.75
860,0.466244459492507,53.390634542433304,41.92522910894077,0.015055227279663085,0.85
861,0.4504419646855803,35.77199373326913,22.00122696824162,0.014820849895477295,0.8
862,0.6971363720245838,36.83009071248438,32.88964885514596,0.015171146392822266,0.95
863,0.6899147553134652,41.36928011186932,37.383412428309335,0.014932596683502197,0.95
864,0.4337132998397945,39.28450243637692,27.236229773720517,0.014488625526428222,0.8
865,0.6397828878884713,31.764106882677947,28.41409246891978,0.014666354656219483,0.9
866,0.40731186501950817,49.63069308507302,38.55736373422472,0.015385174751281738,0.8
867,0.496745078385264,42.83122092914707,30.66031488117232,0.01615062952041626,0.85
868,0.2715784535822464,54.26392745120521,34.98831398453896,0.015242230892181397,0.75
869,0.6239280981201043,39.93222125672955,31.897579230817282,0.0338327169418335,0.9
870,0.2758315375588997,36.12334751332247,24.006199554233934,0.015066468715667724,0.7
871,0.3811719975351681,51.33796210766618,35.85946836307946,0.01540590524673462,0.8
872,0.504837450004777,41.46166620044071,40.47034613707178,0.014498937129974365,0.85
873,0.421246168704562,40.362703482804804,28.091160446548713,0.015083158016204834,0.8
874,0.38571109339195736,31.311577356222642,16.904387928151426,0.014625608921051025,0.75
875,0.274837797177939,55.10585540897044,49.10063677325842,0.014875006675720216,0.75
876,0.23754482992042925,44.156090564998394,28.60250587563036,0.014430415630340577,0.7
877,0.5444015933536771,30.68638715910809,21.45993245055211,0.014536631107330323,0.85
878,0.09244192632602219,54.30223668996767,44.65502558532589,0.015396034717559815,0.65
879,0.4451354872432852,33.69695667942444,19.831762618252238,0.014608669281005859,0.8
880,0.13742512388525693,47.8110401394316,35.315375619342994,0.014924657344818116,0.65
881,0.4059085981621623,41.44764129570371,28.960188967113073,0.015282118320465088,0.8
882,0.2000063623839527,61.07844024074732,46.04059936084762,0.015297746658325196,0.7
883,0.23571462062667195,65.57505061679069,55.69576552522681,0.015227019786834717,0.75
884,-0.05906668064847174,77.81874023995299,62.35391290908732,0.015244054794311523,0.6
885,0.4972010735697257,39.7087421943286,26.741807448737486,0.015136158466339112,0.85
886,0.3325742005546939,42.62468184733975,26.334266918611018,0.015195357799530029,0.75
887,0.529824978521283,36.694216140666136,28.578718911704364,0.014728796482086182,0.85
888,0.02438131818536533,62.925367584868944,35.58607556075293,0.015032303333282471,0.6
889,0.5938549653727313,40.59971393759415,37.95992674222336,0.014561522006988525,0.9
890,0.6305359122347108,36.0815736657896,26.79372794181019,0.015222954750061034,0.9
891,0.6201839399630826,31.916040895811143,22.836896823881357,0.014755070209503174,0.9
892,0.385074835772761,31.852971566694304,24.71826939458382,0.014962208271026612,0.75
893,0.7127190293317436,33.226440839196094,29.03032473885661,0.01531604528427124,0.95
894,0.3586904278007538,36.6547280720775,30.51827813270198,0.01472409963607788,0.75
895,0.6776937236222352,37.15872905948843,32.75619818248941,0.015137827396392823,0.95
896,0.3836357847460999,53.47483852560764,43.70482608681884,0.014837944507598877,0.8
897,0.6612274704808132,33.073572305110936,29.520048849937513,0.014881324768066407,0.9
898,0.09720048371445508,67.192378711438,48.81406863023886,0.014964878559112549,0.65
899,0.626213761761333,36.41716030546972,27.83970617903413,0.014286613464355469,0.9
900,0.30996156227607397,43.63518369507453,20.18480128031491,0.01430516242980957,0.75
901,0.3373145759587325,47.09173594751373,25.07687355594738,0.014603006839752197,0.75
902,0.23970254146050554,50.004945763426846,37.44606366109889,0.014649665355682373,0.7
903,0.3819010037380643,49.229976640934765,32.40492321383917,0.014640414714813232,0.8
904,0.34050215914541104,45.242122692486234,29.320785449169534,0.014423704147338868,0.75
905,0.465447422034137,55.68345179486462,45.273516893217725,0.014519643783569337,0.85
906,0.5251540191970907,30.271318950604034,21.562931099423302,0.014962434768676758,0.85
907,0.5735369169864486,46.37790811787284,38.97366635161652,0.0145898699760437,0.9
908,0.2109963162651904,54.891223475033186,36.596254995039985,0.014172744750976563,0.7
909,0.5991417281892661,40.5063229382289,32.3136249825099,0.013949787616729737,0.9
910,0.23144153059196362,45.84586358979748,31.497859459406026,0.014287209510803223,0.7
911,0.46840115793443216,46.11978721290127,34.04723655652096,0.014306306838989258,0.85
912,0.17255494541671498,48.671292400702036,43.824769091679336,0.014215373992919922,0.65
913,0.27101728951976767,64.55557483809022,60.62696763754722,0.014205217361450195,0.75
914,0.45868058288751357,45.75290952212722,39.70149236048825,0.014397048950195312,0.85
915,0.2616548564551039,47.53061752077279,39.653048618130825,0.014220988750457764,0.7
916,0.6296185254602535,31.392139455875053,27.30329239717642,0.013999128341674804,0.9
917,0.18834036938020224,60.99766620493648,45.86196779393729,0.014874100685119629,0.7
918,0.015294772947232993,35.21524693819275,14.991149940004334,0.013882923126220702,0.55
919,0.17107601181702653,41.6660145927263,33.96915205642911,0.015131342411041259,0.65
920,0.3288340131612404,51.88725821432767,36.44985085244623,0.014727818965911865,0.75
921,0.09206415964550145,65.99606099865633,48.7163694434497,0.013935017585754394,0.65
922,0.4302034701016139,41.68118503125604,24.361423631039813,0.015028893947601318,0.8
923,0.5672015491244669,24.821077174553544,20.891582040078934,0.014219188690185547,0.85
924,-0.10790333563879959,55.483845904257656,26.48957262700342,0.014041757583618164,0.5
925,0.4487300093803805,32.20736911960653,24.304263870707793,0.014488470554351807,0.8
926,0.27226073499367776,40.912261935452996,37.455605867700896,0.01415926218032837,0.7
927,0.4138905795636397,36.954898893971325,25.096613102027295,0.014521551132202149,0.75
928,0.5408890215771753,35.8648787091776,21.32531433448627,0.013999056816101075,0.85
929,0.4600215934314164,31.31503139589131,23.21577375787203,0.01405162811279297,0.8
930,0.6111496310102722,25.804710110183226,16.079684929042482,0.014142751693725586,0.9
931,0.08040544797293533,61.679524270033006,40.9605224338677,0.014366221427917481,0.65
932,0.45812700251539457,32.19541020309485,30.725180414277062,0.014491331577301026,0.8
933,0.4102904471358073,41.28667652727328,29.25439252820584,0.014211881160736083,0.8
934,0.5258846838396815,21.954325265614965,17.92576097637673,0.014648509025573731,0.8
935,0.10964124150235102,52.90788963819178,28.51631914722217,0.014049744606018067,0.65
936,0.5098564893550833,37.29535891843224,29.21560554853154,0.014226317405700684,0.85
937,0.538285196406877,37.0657034656338,28.982166928855296,0.014366984367370605,0.85
938,0.44774400409003323,52.66704256184588,41.68692662810964,0.014340949058532716,0.85
939,0.5889216388627772,41.43740994067702,33.34529963042088,0.014503848552703858,0.9
940,0.6037489669180724,37.752572520287615,34.357858014680374,0.014564311504364014,0.9
941,0.45926048722343565,50.7139340208302,39.654588097442556,0.014029335975646973,0.85
942,0.4886245774270536,46.29341937354069,34.69165204453915,0.015196382999420166,0.85
943,0.5138249286917154,36.70448276338861,33.720915329585544,0.01461542844772339,0.85
944,0.32705715121677165,42.72868084425315,31.72301844907583,0.014845716953277587,0.75
945,0.6073748013497109,41.086045969318576,32.59654520837095,0.014797699451446534,0.9
946,0.5396403238148563,35.879334546794425,21.89933394329911,0.014191710948944091,0.85
947,0.4471603559024609,37.868696262682924,31.530414301570772,0.014928269386291503,0.8
948,0.37409438209450546,50.525548569978824,34.35983947613386,0.014632499217987061,0.8
949,0.10097717685259675,41.74277128103218,26.581678770931735,0.014328682422637939,0.6
950,0.39406423226863996,44.487156543147194,33.46046742919074,0.015489459037780762,0.8
951,0.32212704342452936,46.07818042235319,37.13853742312296,0.01524425745010376,0.75
952,0.667921594455658,36.0551326010156,31.942313725898526,0.014887487888336182,0.95
953,0.5292671264635478,42.44202807225904,35.153332560287,0.015084600448608399,0.85
954,0.6157040472410207,43.58454076277673,36.50204045187359,0.016087031364440917,0.9
955,0.01993833403798455,34.39932112506885,23.554745597012765,0.014927446842193604,0.55
956,0.4626297678551616,34.24237282557882,20.068997612040484,0.014960181713104249,0.8
957,0.4343983700846521,40.38339747046917,40.175933176147225,0.015010654926300049,0.8
958,0.13931225085028137,47.11405104895116,26.653009775588227,0.015285742282867432,0.65
959,0.1546970718477772,45.805001193754855,31.52361349792921,0.014821875095367431,0.65
960,0.16346145800357517,39.950457396872295,23.11731688247341,0.01522059440612793,0.65
961,0.09356305106882996,63.84620120315094,52.6261478481281,0.015235424041748047,0.65
962,0.4007179654889598,43.120136439829544,38.13630771958361,0.015533530712127685,0.8
963,0.47637228769474377,35.38635057632618,21.381141654581665,0.015281331539154053,0.8
964,0.4445661684014987,47.26604872312758,36.0134501923926,0.015118730068206788,0.85
965,0.24489609743579935,45.35555027507707,21.983224192352328,0.015586721897125243,0.7
966,0.31292678298759924,46.57586628190374,31.497664511660535,0.015019416809082031,0.75
967,0.32033176212062636,45.83839262268527,30.219382599342065,0.015244507789611816,0.75
968,0.25398218576797554,50.24529205892293,30.27927546791344,0.014806950092315673,0.7
969,0.36086839201736637,35.12835559259587,16.009852927047795,0.01536545753479004,0.75
970,0.3968060475316267,46.16702302849517,35.16504080126628,0.015364623069763184,0.8
971,0.7249115287391392,31.477758709021565,27.129688730696635,0.015861988067626953,0.95
972,0.4018287291656538,45.462839046804326,27.56422894780216,0.015209639072418213,0.8
973,0.15050684339107212,56.8227784749444,33.86393390264996,0.015341067314147949,0.65
974,0.34748811962260573,45.053772107406914,29.019527075398024,0.015837204456329346,0.75
975,0.615146444694963,26.865813411041056,22.657416023289024,0.03616492748260498,0.9
976,0.026220146276437685,48.437234553541074,36.30209712862086,0.015204477310180663,0.6
977,0.33979104327238313,47.37328528139713,30.789085612669762,0.015197992324829102,0.75
978,0.5942128009589822,42.141539837811806,34.541888137956754,0.015044081211090087,0.9
979,0.5942163742724993,42.819926029388384,39.51879510116598,0.01483668088912964,0.9
980,0.6499390586743765,52.003525124144744,48.74566839030597,0.015746355056762695,0.95
981,0.5179815712275769,40.01286322147814,26.510719922945228,0.015223169326782226,0.85
982,0.32673833770169436,50.906796309790884,35.37606243231586,0.01487269401550293,0.75
983,0.4182658180577484,42.68872937771172,42.654113523772324,0.014913344383239746,0.8
984,0.32404692875933155,40.765627564692096,28.399352947311133,0.01485368013381958,0.75
985,0.6938293556060532,37.44935123641788,32.86181519810877,0.01495206356048584,0.95
986,0.34024821450087384,47.394435921764206,38.35746795052125,0.014833652973175048,0.75
987,0.5950185296222481,40.00555495108266,37.558000423872635,0.014880692958831787,0.9
988,0.39859993488331,51.27994451036401,34.65346185603333,0.014770150184631348,0.8
989,0.26844687076456825,40.35826889095819,30.755163006520824,0.015174937248229981,0.7
990,0.5179386226574643,41.000546818657035,34.27751799131254,0.014937102794647217,0.85
991,0.19419482133167457,55.499045850263215,37.18342733948233,0.014355695247650147,0.7
992,0.08322933044274902,49.82174952974265,24.24584799729313,0.014746105670928955,0.6
993,0.4041518244668178,40.87498776001643,28.90929999398063,0.014923524856567384,0.8
994,0.3660917329955977,37.36777372494198,18.37805682740928,0.014931273460388184,0.75
995,0.34509898586174204,64.23538083314986,57.925731494692755,0.014851486682891846,0.8
996,0.4900119794338041,58.3431450948028,52.22482687335356,0.015024280548095703,0.9
997,0.5842902689014204,43.758386922899106,36.29901719582923,0.014807796478271485,0.9
998,0.46978272330533344,51.99163837226905,46.784680577241645,0.014572525024414062,0.85
999,0.5444079489616827,26.451093570991322,16.661525664041996,0.015120947360992431,0.85
1000,0.5238711365330146,36.447623508865156,28.11594920620723,0.01520930528640747,0.85
1001,0.3341552655352354,42.55385054289155,37.48220200807525,0.014821481704711915,0.75
1002,0.42235408492091847,47.34459788296655,36.873768607041015,0.01485128402709961,0.8
1003,0.35427386288000245,38.644487536239,19.352162931626125,0.014887058734893798,0.75
1004,0.22002429961043357,53.49453936234714,34.012227716455136,0.014742434024810791,0.7
1005,0.2410027298781312,51.13497695157258,24.134182552878666,0.014252912998199464,0.7
1006,0.5404935042586604,34.025363069827286,25.320411858727773,0.015072059631347657,0.85
1007,0.43858713727275733,36.59310404484913,23.802015952434786,0.014687752723693848,0.8
1008,0.547610128398546,30.905374059128707,16.476448750666925,0.014991247653961181,0.85
1009,0.31883299123834696,50.09286860255079,28.34219443998568,0.014883971214294434,0.75
1010,0.2974409046223005,53.78376601847386,44.02662786385903,0.01501295566558838,0.75
1011,0.6165594146755093,42.492490149134355,34.00771007843159,0.014783167839050293,0.9
1012,0.043526587683965154,60.43037914377717,33.710891737369856,0.014707958698272705,0.6
1013,0.24680425262258837,45.879542488160276,16.14059600259318,0.015086102485656738,0.7
1014,0.4321981976986612,54.83452177634744,44.366920883498736,0.01517658233642578,0.85
1015,0.6335561835725139,24.73576427584645,20.62198940064935,0.014642417430877686,0.9
1016,0.5720831508991545,46.48584937355666,39.468314428605424,0.015295147895812988,0.9
1017,0.3553594085289671,34.521811802595465,26.190046602355135,0.01493508815765381,0.75
1018,0.48723252366360253,48.01296983163794,36.747350957309386,0.014851009845733643,0.85
1019,0.2948202860644679,51.981825083854325,37.74833928178251,0.04905432462692261,0.75
1020,0.19938693303401706,56.938686721204974,61.01721414782891,0.015126824378967285,0.7
1021,0.2852570275193972,53.10719303348054,33.65034555228164,0.014833271503448486,0.75
1022,0.272776174896156,38.609164994928484,20.8371450480376,0.014297056198120116,0.7
1023,0.5239328349531925,54.274061810156276,53.30223965651897,0.014777398109436036,0.9
1024,0.2878776125406456,56.25223957257326,43.491426205963,0.014751005172729491,0.75
1025,0.4195228173948823,39.356267435311835,20.54857653478271,0.015577912330627441,0.8
1026,0.49279080752657467,45.172547454597364,39.22057950697731,0.016350758075714112,0.85
1027,0.26153289065112584,59.599093633032474,47.69948827091762,0.015426337718963623,0.75
1028,0.5929929989373318,20.812801771663327,21.80746794653693,0.015219151973724365,0.85
1029,0.49184341673768517,46.515294438846574,34.399525864282694,0.016032099723815918,0.85
1030,0.3983012180317788,51.887004437468434,42.52939657543639,0.014720988273620606,0.8
1031,0.3652191683859272,53.37121526483153,43.825804702196805,0.015218162536621093,0.8
1032,0.4831689793413913,41.10925847166464,39.861624856341464,0.015140378475189209,0.85
1033,0.2293723755718978,47.5351075960614,25.540263555325133,0.015090572834014892,0.7
1034,0.3753032515846784,53.451853143775736,51.39760550577259,0.01500922441482544,0.8
1035,0.30728038870180824,44.1822140770542,34.42067739324458,0.01551511287689209,0.75
1036,0.41490207668428314,42.108123784377,30.00243239835404,0.015020406246185303,0.8
1037,0.4292878739921748,35.59360405025698,22.436135569327618,0.014476621150970459,0.8
1038,0.34961651055757054,35.55047430367175,36.9301364002465,0.014959323406219482,0.75
1039,0.27539424355592784,48.85945828669087,26.87943498157348,0.014692533016204833,0.75
1040,0.4161815920647606,45.109090192385565,28.974147532426315,0.01517411470413208,0.8
1041,0.3841356774272243,51.65500810581735,42.17385616475245,0.015019512176513672,0.8
1042,0.35317688686840715,57.13779552218044,42.77644709748908,0.015497815608978272,0.8
1043,-0.027952840248485867,51.24106021774257,18.470345569880212,0.014878010749816895,0.55
1044,0.32351320704614184,52.393353513632164,31.061625101159684,0.015017557144165038,0.75
1045,0.5018036457203895,37.950648542156316,29.029525731995182,0.014427030086517334,0.85
1046,0.16324358373840014,65.97562120976428,59.70454410317995,0.014902651309967041,0.7
1047,0.34780201612419975,37.121290080633756,18.29749489047708,0.014924359321594239,0.75
1048,0.31005235863244235,71.67868808141364,60.85546569378736,0.014392375946044922,0.8
1049,0.14569570990116723,70.95948161096086,59.34398964832611,0.014175188541412354,0.7
1050,0.4594588238868786,36.716731147798605,29.84236368620882,0.014780831336975098,0.8
1051,0.21716709405513349,56.050894227002686,37.43828258379998,0.014426100254058837,0.7
1052,0.3108443415762749,51.91306632835293,44.19473494514516,0.01525198221206665,0.75
1053,0.45804397638675204,36.013279784347645,22.91158205307083,0.01487271785736084,0.8
1054,0.3038849992288074,51.13946373741117,29.854883826307002,0.014120149612426757,0.75
1055,0.19063710682078275,59.409576573676944,43.87492156410297,0.014724838733673095,0.7
1056,0.5277239770337269,45.2728460866743,37.97131963640924,0.01494072675704956,0.85
1057,0.572540147984582,39.016273812312974,36.31749018042184,0.014804768562316894,0.9
1058,0.35975264730929524,45.49187789899092,29.175217638267885,0.015055608749389649,0.75
1059,0.745639878828505,29.90741926003048,25.440892896354047,0.014864957332611084,0.95
1060,0.37818654554623543,29.832917498990298,21.639702033023173,0.015109443664550781,0.75
1061,0.30087198106264523,50.416805464918866,35.43711789917169,0.014095163345336914,0.75
1062,0.5930690804843255,29.99430140581914,20.369010633342125,0.014212357997894286,0.9
1063,0.24888033330719664,28.527726559772425,20.601342606168537,0.014232659339904785,0.65
1064,0.3641159407195073,59.09318366551863,45.73148378665516,0.014511454105377197,0.8
1065,0.5232397319075556,60.726087307503576,60.56359816001085,0.014264225959777832,0.9
1066,0.26563149250956564,39.63713730145683,22.75600746547616,0.014121592044830322,0.7
1067,0.5069521277580427,60.542572816438465,54.85413282939166,0.014549827575683594,0.9
1068,0.6187149331240004,27.736676997703576,29.075659512724982,0.014015293121337891,0.9
1069,0.634908228780498,32.90505506704866,23.780593105231908,0.014987671375274658,0.9
1070,0.16457431782488421,45.89832330179761,23.656326843478908,0.014558362960815429,0.65
1071,-0.06947799917948949,60.22363822384185,34.67446575467538,0.014479708671569825,0.55
1072,0.1938250088640449,54.93808632561634,35.7942982120487,0.014685285091400147,0.7
1073,0.46889301048383747,26.015516942978234,22.37493266429622,0.014534640312194824,0.8
1074,0.604951954156528,38.995630658701884,30.897148429082094,0.014718616008758545,0.9
1075,0.47899671971059704,32.997947978702754,18.09024667837167,0.014896488189697266,0.8
1076,0.2609148937495528,55.82425902867944,42.82184670182882,0.015400540828704835,0.75
1077,0.5235072192798302,58.96377362897381,52.46821831897229,0.014852476119995118,0.9
1078,0.16462726567297117,45.88997165512956,15.252819980638055,0.01512739658355713,0.65
1079,0.2608592239268976,58.397376542248104,51.15731869868683,0.014427483081817627,0.75
1080,0.2822478274524736,54.94112124955308,34.678497989158906,0.014917075634002686,0.75
1081,0.41531571132949263,41.83439990448427,30.38087074976545,0.014252710342407226,0.8
1082,0.4741188468147133,52.5206511516206,41.33045262514411,0.014613258838653564,0.85
1083,0.5822151178732347,46.7354532723575,39.463725996773455,0.015446531772613525,0.9
1084,0.36646371478090367,38.40911029591928,19.6827254919134,0.014876914024353028,0.75
1085,0.38905364014698296,45.47417441090774,41.02102628574455,0.014459693431854248,0.8
1086,0.5751000921022074,25.696554444000178,15.467009343685424,0.014738845825195312,0.85
1087,0.3197527468208373,45.81505990767086,22.94566381088658,0.014556646347045898,0.75
1088,0.6137172865922909,29.69609151005576,25.782859460687835,0.014589822292327881,0.9
1089,0.5313803002556179,34.98615130373369,21.45886647654195,0.01484302282333374,0.85
1090,0.0794615632794117,50.684337110744735,23.939038307731426,0.014657700061798095,0.6
1091,0.4344128596453566,35.784596853320735,34.84429785442068,0.014393603801727295,0.8
1092,0.5162950491486886,39.874584659264315,38.42274590187264,0.014163446426391602,0.85
1093,0.5171209915631586,41.85680555227255,34.96833798955095,0.014239287376403809,0.85
1094,0.3519338139128249,40.97535534506751,22.940959338177166,0.014898192882537842,0.75
1095,0.5189976545077977,36.127851337007804,22.776386830417938,0.014811992645263672,0.85
1096,0.829677976058003,20.93911667019135,20.93911667019135,0.015343964099884033,1.0
1097,0.4657733030710875,46.75264644150032,35.1474440156726,0.015529072284698487,0.85
1098,0.6778961031886578,45.72546442709679,42.15313398209535,0.014262378215789795,0.95
1099,0.3306187269460449,45.231675676951376,35.04827103274917,0.014316403865814209,0.75
1100,0.3829368947507262,58.689402750460246,50.67904126618052,0.014858496189117432,0.8
1101,0.42330643680148183,46.46182613625515,29.934602584294208,0.014960837364196778,0.8
1102,0.7247454707477783,31.18568804409004,26.93017636093798,0.01589224338531494,0.95
1103,0.6118863783982957,36.89618584966395,28.517823063630058,0.014641904830932617,0.9
1104,0.4017710684484282,36.98186847800248,18.29897990619243,0.014600801467895507,0.8
1105,0.4415233896335824,39.85888539581475,27.492934459261228,0.014529144763946534,0.8
1106,0.458965648938246,35.07357843175724,21.913023541763167,0.014796626567840577,0.8
1107,0.10817703398970184,56.581724108063646,33.00968945788627,0.01825171709060669,0.65
1108,0.40047946353324126,45.37805316556475,34.17015853986554,0.015501391887664796,0.8
1109,0.664918930457469,46.44320255730001,48.31274183663665,0.01482750177383423,0.95
1110,0.2545227282228654,45.66963442969818,20.48202516868017,0.015046834945678711,0.7
1111,0.3890349363837743,48.83064848913804,32.13092752285423,0.015064060688018799,0.8
1112,0.3115654243054563,45.63839205053716,29.5606537359703,0.01483978033065796,0.75
1113,0.030814108213842163,59.25083591396977,31.00464479986309,0.014836561679840089,0.6
1114,0.5873354929085549,33.60363905314345,25.077651571724004,0.015216267108917237,0.9
1115,0.4973203199341367,46.39905061934742,34.30934152067986,0.014769792556762695,0.85
1116,0.446462906153415,37.451845799213494,18.545693552863526,0.014586389064788818,0.8
1117,0.3934995560289246,29.036168353527017,20.838464064759286,0.014622354507446289,0.75
1118,0.2378685214736258,72.31008025044396,58.6593941068479,0.01430971622467041,0.75
1119,0.6349601926677185,30.853724209880152,21.631996581180132,0.015187084674835205,0.9
1120,0.3623449711956792,36.49987938478493,23.59073147339064,0.014685165882110596,0.75
1121,0.22086208796761805,54.46340226796351,36.01932864374844,0.01389615535736084,0.7
1122,0.17400367202255435,39.65630602983435,30.37017708788022,0.014993810653686523,0.65
1123,0.554914544174953,35.13870272799373,26.51446944133169,0.014401078224182129,0.85
1124,0.3773428036720933,59.858939067219126,46.73520926903011,0.014980196952819824,0.8
1125,0.32559880833907767,46.41219322336613,30.98832699539678,0.014913856983184814,0.75
1126,0.5352337967979098,35.98406946526361,28.471320498481553,0.014471352100372314,0.85
1127,0.5016457081217647,43.83121401439678,31.555036512569707,0.014410626888275147,0.85
1128,0.21902913420994582,50.300769138221376,44.30034731268872,0.014859938621520996,0.7
1129,0.42719455748628593,42.106431795803616,23.83618502673358,0.014361655712127686,0.8
1130,0.4491240955247225,44.53103934156184,37.79081340307525,0.014821076393127441,0.85
1131,0.2990289337383737,49.65231691334492,35.11176121308303,0.014547777175903321,0.75
1132,0.5813137823656029,47.21717125090553,39.9982845049756,0.014544868469238281,0.9
1133,0.763870898572458,20.706142960456685,15.338811105476164,0.014650511741638183,0.95
1134,0.3968750913496506,51.688261681943196,35.8048435882603,0.014043009281158448,0.8
1135,0.36249869612966545,49.752831366045726,40.245414233084574,0.014982080459594727,0.8
1136,0.33059542771626355,41.42845530241852,30.81455609775048,0.01422586441040039,0.75
1137,0.4883187356260558,29.279419316663972,26.818565753128674,0.014364373683929444,0.8
1138,0.7240139482479667,31.41688596412586,27.070552273026998,0.01534348726272583,0.95
1139,0.043117193784924804,53.97185811787434,37.982504305054796,0.014147305488586425,0.6
1140,0.43273624416354206,45.66194937252662,28.309002380768792,0.014581072330474853,0.8
1141,0.5187767119423616,35.38908919675721,26.278372897572083,0.0143815279006958,0.85
1142,0.7763963955037472,26.580810900748066,26.580810900748066,0.014988112449645995,1.0
1143,0.3627202956750688,34.89075104024129,27.841107570490223,0.014021408557891846,0.75
1144,0.4453676484025911,38.124128393742765,18.080546429757444,0.014601540565490723,0.8
1145,0.5169949774066602,37.62095604650571,24.176595831570815,0.014871394634246827,0.85
1146,0.20961984576731735,55.09448526443015,29.02398299265795,0.014098691940307616,0.7
1147,0.4645304132691144,56.998746653323245,46.79391339289932,0.014565062522888184,0.85
1148,0.6460095841375313,47.98526960271876,44.17347579593038,0.015130317211151123,0.95
1149,0.4267672656019104,43.096865282798646,31.967656432096575,0.014796149730682374,0.8
1150,0.5178081395229536,41.51783287547925,34.39752750345194,0.014846229553222656,0.85
1151,0.43936647086967867,38.40171509195136,31.884667604361248,0.014834284782409668,0.8
1152,0.7680640890982375,24.14896915979161,19.532737616120016,0.014653372764587402,0.95
1153,0.5252565939815014,19.791405043482296,15.537925205742134,0.01470797061920166,0.8
1154,0.3632181983859244,46.63573880544652,43.83850164007613,0.014525294303894043,0.75
1155,0.36819800439026007,37.09170304691766,31.11941600284264,0.014577674865722656,0.75
1156,0.5528959479340065,51.67257048377468,50.51040422467677,0.014684665203094482,0.9
1157,0.5308341311362975,34.70855022567009,32.61210931081292,0.01547013521194458,0.85
1158,0.25252228517045144,45.994883363547956,31.878279715908718,0.014726209640502929,0.7
1159,-0.06023443052917425,57.18629023641597,37.235238799464334,0.014701247215270996,0.55
1160,0.5793393613019919,40.103162456271306,43.33739025826674,0.015395748615264892,0.9
1161,0.301797171546959,47.39205897601171,37.6100066112226,0.014740216732025146,0.75
1162,0.5110325271517892,40.988300506735996,33.42781836110453,0.015068209171295166,0.85
1163,0.6506774025421309,21.97807045521803,16.933792193620306,0.014500343799591064,0.9
1164,0.4874388814764689,26.21365967163694,16.843037117338206,0.014991748332977294,0.8
1165,0.5446316555895235,36.178490690345306,23.209210937455495,0.014721477031707763,0.85
1166,0.4964642421228758,45.15712138707871,45.31792497689313,0.014949548244476318,0.85
1167,0.5115794937784105,56.608140299215734,50.39310552589088,0.014590489864349365,0.9
1168,0.3999489141021841,44.77148288626281,40.404695112637654,0.014610970020294189,0.8
1169,0.3962997692980534,40.38919536468708,34.54739950198974,0.014786314964294434,0.8
1170,0.4681901882194543,52.579341411608766,41.30909932179765,0.014460909366607665,0.85
1171,0.4545143757540552,55.98842816672046,45.52534344386755,0.014803504943847657,0.85
1172,0.5911984595644755,41.92221476835119,33.71633748618798,0.01440434455871582,0.9
1173,0.13087401159871942,51.184411364631025,32.88185998663993,0.014444100856781005,0.65
1174,0.5380607853354393,26.740621770121116,17.425833175260248,0.014806485176086426,0.85
1175,0.5861368655535465,31.106502603295553,27.043787265208536,0.014334273338317872,0.9
1176,0.4141826095297387,42.086013077851305,36.31910158247854,0.0146856427192688,0.8
1177,0.29544418254454347,55.657991087923605,43.005086832097895,0.014428293704986573,0.75
1178,0.3579631538004939,37.62419793123385,18.42369521439942,0.015009117126464844,0.75
1179,0.6246428904847047,32.3011932228104,28.535533890530505,0.014722490310668945,0.9
1180,0.33800670049939796,40.98062189735233,22.941699691724498,0.014306104183197022,0.75
1181,0.5806638675131276,37.346517763706444,29.33772803673763,0.01463834047317505,0.9
1182,0.5642994483801809,40.77388515350874,37.937409084637665,0.014529967308044433,0.9
1183,0.31123375241495077,29.962005244203027,21.712552745325493,0.014409923553466797,0.7
1184,0.34040451354114065,42.61787960277813,32.625958695978746,0.014636945724487305,0.75
1185,0.28648246506539154,58.21989215879046,52.157334040600674,0.014170467853546143,0.75
1186,0.18782726446210624,61.132306260490545,45.02659475484268,0.014885473251342773,0.7
1187,0.27257914073925066,62.556773982820985,50.07060932641627,0.014734041690826417,0.75
1188,0.4150088494735133,45.91192757939968,28.78926131432701,0.015180623531341553,0.8
1189,0.3813955852135778,28.999212587992997,21.01970014418605,0.014772510528564453,0.75
1190,0.3510241385589311,40.709547882065685,29.473834734518576,0.01452186107635498,0.75
1191,0.4989182033868671,41.27054590790094,39.40231834597226,0.014853358268737793,0.85
1192,0.4155956539969513,41.10103127088958,22.356296515900127,0.014499485492706299,0.8
1193,0.26105586700094,41.26608938118748,23.88289241128091,0.014662587642669677,0.7
1194,0.44123482556741855,31.63834660100712,23.425458465994062,0.01466916799545288,0.8
1195,0.37151747150866754,56.07079222794423,41.918031488210254,0.01443016529083252,0.8
1196,0.6977836343629714,33.40206253403522,29.450654338326732,0.014537549018859864,0.95
1197,0.2784467293671893,41.668099790073214,30.66529884461637,0.014749467372894287,0.7
1198,0.5148703796328871,25.363447376439858,21.819907410169375,0.014887535572052002,0.8
1199,0.7454706509869256,21.27079553262741,21.78917207359325,0.014998769760131836,0.95
1200,0.41977492860275295,35.15956771198237,27.751069447187554,0.01439359188079834,0.8
1201,0.6989854915452481,32.97873030152973,28.731730019540684,0.014776790142059326,0.95
1202,0.595612473320856,38.255387515368895,29.948481076117403,0.014363348484039307,0.9
1203,0.6284433626787885,38.627799909593364,29.905018670074817,0.01476515531539917,0.9
1204,0.5433245346529004,27.525263323277994,16.917253559207182,0.014524197578430176,0.85
1205,0.7569741255974843,27.109686769398895,22.365742794051044,0.01407238245010376,0.95
1206,0.754976487572599,17.424334212221552,17.63010141559471,0.01463252305984497,0.95
1207,0.5098580824217427,38.55344713845939,30.622480720898437,0.014651715755462646,0.85
1208,0.6137703982970945,21.638130295230884,16.744476338642993,0.014533925056457519,0.85
1209,0.48214279447836184,18.81905856315597,18.639648238084973,0.014624512195587159,0.8
1210,0.4019092775575962,28.7715658543821,25.413840127815135,0.01484060287475586,0.75
1211,0.5246307654084066,22.326720180137016,18.284723839702817,0.015211892127990723,0.8
1212,0.461043624712819,37.65261948501754,18.012766746147264,0.014753615856170655,0.8
1213,0.3536137951861981,42.306558964301416,31.984678632106128,0.014368438720703125,0.75
1214,0.5115560138888207,42.99393975145817,47.54667046595093,0.014753317832946778,0.85
1215,0.4661965515031066,34.96957191441378,21.429359544196565,0.014591670036315918,0.8
1216,0.3432106598499669,40.89387325279062,22.76801314042471,0.014554131031036376,0.75
1217,0.31624872842575,53.307244540494615,32.939871220854194,0.01468878984451294,0.75
1218,0.3657659631103446,57.265401844327336,49.12401339215613,0.014448118209838868,0.8
1219,0.4440077844783955,40.60667226787927,27.709519312377545,0.014551031589508056,0.8
1220,0.8342832606603083,26.88518761888877,26.88518761888877,0.014768671989440919,1.0
1221,0.4831151612733093,35.48093801835846,28.44327583656999,0.01615558862686157,0.8
1222,0.5299253109371497,36.440961334835904,21.958503529729946,0.014304590225219727,0.85
1223,0.41119635322414866,43.38442585933218,31.591433845833997,0.014544594287872314,0.8
1224,0.4295714960460447,43.74019259939333,32.196363443084195,0.014843285083770752,0.8
1225,0.6335082051579826,29.6717838520948,25.350112470690394,0.014358985424041747,0.9
1226,0.46903705502789245,47.01218284113392,35.51425390582841,0.014895367622375488,0.85
1227,0.40329831030608937,45.42973686437721,34.37167339054662,0.014882075786590575,0.8
1228,0.45093640656865575,29.82753464299268,21.835366647898717,0.014839518070220947,0.8
1229,0.6068633825665855,42.13007850411037,34.53345678656021,0.015196645259857177,0.9
1230,0.38013800816607735,55.57713881978087,41.38299427982267,0.01438812017440796,0.8
1231,0.5315440540914687,30.826757665057357,16.558900210554267,0.014733707904815674,0.85
1232,0.6574471563000769,18.26376672528415,13.17038008924099,0.015105915069580079,0.9
1233,0.47543108204772616,45.85367203288623,33.80176095158071,0.014804577827453614,0.85
1234,0.3437262825544202,54.933218785690045,46.119432454634214,0.01512504816055298,0.8
1235,0.45094045205742556,35.91379875592904,28.52616763021561,0.014530563354492187,0.8
1236,0.6048634873208139,36.285934929530036,27.53130718227189,0.015160489082336425,0.9
1237,0.3867903948614407,24.136212096083817,13.973207831126341,0.0147666335105896,0.75
1238,0.7567881061088668,23.331570143630515,23.99106355182964,0.015506541728973389,0.95
1239,0.27644891170882896,36.187723786389974,24.583311432818824,0.01542147397994995,0.7
1240,0.7102330894927983,32.716557899334795,28.39779037432224,0.015301334857940673,0.95
1241,0.4414752837624583,41.741693289918814,29.674580941166447,0.015205609798431396,0.8
1242,0.5389305345957526,38.43235677294434,36.518691240507316,0.0147438645362854,0.85
1243,0.3309877120852793,45.41110279062691,33.79469011881743,0.014925336837768555,0.75
1244,0.7031174747104701,31.736083710443285,27.315941268525716,0.014885497093200684,0.95
1245,0.24711362797664482,44.274530001679786,27.68800333818337,0.014792191982269286,0.7
1246,0.374740511945718,51.052434827495226,40.761506920664445,0.014836382865905762,0.8
1247,0.2708104523989056,57.83579800134994,45.944211065920435,0.014989590644836426,0.75
1248,0.36415900026343195,53.9771979278623,45.794519837217806,0.015049242973327636,0.8
1249,0.3639629196215388,57.800099573181924,43.27739290294938,0.015051734447479249,0.8
1250,0.44795472971024264,30.311808253132007,14.81679088185105,0.015155994892120361,0.8
1251,0.5630174786936892,30.54947472254945,16.514050950817246,0.015217792987823487,0.85
1252,0.2861606478451754,35.19061404492017,22.936692769075876,0.014999520778656007,0.7
1253,0.2664377642057537,40.448081739281406,44.64664253008459,0.015064549446105958,0.7
1254,0.2738403098504019,57.630966505740105,51.40643003890241,0.01459188461303711,0.75
1255,0.359313861648996,32.210777773818926,15.65331395594385,0.014536762237548828,0.75
1256,0.6106122385131464,32.0660097892718,27.39895299301754,0.014369595050811767,0.9
1257,0.42967998261713847,35.66946989004713,22.249463934333612,0.014816772937774659,0.8
1258,0.5448780174042567,37.83090986710272,28.07975793419169,0.014426445960998536,0.85
1259,0.659970472041964,23.466498354028364,19.188520307353112,0.014494383335113525,0.9
1260,0.34211555458470183,39.26334243338651,21.43909399162756,0.015099799633026123,0.75
1261,0.20842131736695463,53.96078215457753,35.12095364819005,0.015300488471984864,0.7
1262,0.5865488293745618,47.57400225428641,45.74365091696423,0.015001142024993896,0.9
1263,0.5050853129347967,42.83640319480651,36.199675065061726,0.014503538608551025,0.85
1264,0.51817563907089,43.75835402600531,30.41434944425329,0.014844834804534912,0.85
1265,0.16677651805023405,46.00836329561251,24.67368523647376,0.014925611019134522,0.65
1266,0.2905323331652273,52.56316004766418,44.9114920131212,0.0142997145652771,0.75
1267,0.35496068149230653,56.11790846746944,46.977182023805234,0.014912402629852295,0.8
1268,0.10568362745983702,55.91571654804259,31.086208312700755,0.014090120792388916,0.65
1269,0.6480601911475581,31.28228461694288,22.028735329214165,0.014396870136260986,0.9
1270,0.4268040666268589,45.16378069181683,34.31368677864581,0.013899719715118409,0.8
1271,0.47851816481823584,51.42581528271594,40.531759058765594,0.014468860626220704,0.85
1272,0.4384524941856137,40.45832793582524,28.774587005841102,0.013962852954864501,0.8
1273,0.4679472082319774,26.9073660466933,22.69224909089324,0.014367985725402831,0.8
1274,0.19006865988894156,61.508786732211924,52.56834206162874,0.015284132957458497,0.7
1275,0.36696809935238267,39.801900339214555,15.159746501929618,0.01422121524810791,0.75
1276,0.4880104399293267,25.88043644670243,16.79155333946277,0.014882183074951172,0.8
1277,0.7614224390466442,21.99525088130568,22.467014144953577,0.014636170864105225,0.95
1278,0.5424603298113407,36.053631139482505,28.541002973416848,0.01448993682861328,0.85
1279,0.6191435524551168,35.53894549215049,26.857612665537836,0.014731395244598388,0.9
1280,0.6628648254111728,29.050620090414856,19.52601650575859,0.014848732948303222,0.9
1281,0.43016376642722765,36.73373178874179,23.28549704878552,0.015020608901977539,0.8
1282,0.452485451549714,36.76851958360453,16.880045158137033,0.014971601963043212,0.8
1283,0.6584521377071273,26.639901846470725,28.13503765236366,0.01464385986328125,0.9
1284,0.352615987377554,46.6904392577089,37.92421314400146,0.014843881130218506,0.75
1285,0.7715891187550596,36.154669403042746,36.154669403042746,0.013968491554260254,1.0
1286,0.43846658659608406,41.273885603815906,22.754890978384946,0.01434389352798462,0.8
1287,-0.044427936642491804,55.91942965187004,34.14302985213368,0.014179933071136474,0.55
1288,0.5326070959389103,35.39735089655383,32.16103256224521,0.014400625228881836,0.85
1289,0.39958611488637197,52.676648037051976,42.13596411656659,0.0146942138671875,0.8
1290,0.7415148703765576,27.079842497454308,22.463258034790773,0.01424560546875,0.95
1291,0.6223463240849177,30.445322887065124,21.067987815553643,0.014795815944671631,0.9
1292,0.8040873185010607,26.340185318945487,26.340185318945487,0.014222252368927001,1.0
1293,0.6410714046185577,38.14297731964775,29.860978884808517,0.01480041742324829,0.9
1294,0.4298462697745459,41.4043035664314,40.78647604320785,0.014079415798187256,0.8
1295,0.22479738037800248,49.7786674889426,29.954906837612985,0.014915120601654053,0.7
1296,0.4211639370052752,37.84235123812755,19.087600831501838,0.01411576271057129,0.8
1297,0.4576999172256042,39.67090680592879,26.924452908069767,0.014167845249176025,0.8
1298,0.760053879807822,23.511163831590125,23.93311798212357,0.014501440525054931,0.95
1299,0.5504282269418206,25.711299701982615,27.812858474562262,0.014069509506225587,0.85
1300,0.711817664329305,32.70399830233624,33.64928074443749,0.013699960708618165,0.95
1301,0.8035942665416707,31.46133065326485,31.46133065326485,0.01427476406097412,1.0
1302,0.40477463961324356,45.49986172051758,40.739367583407386,0.01555551290512085,0.8
1303,0.4518911378318366,34.94663127925069,21.28956339391115,0.014042079448699951,0.8
1304,0.7499048308314581,23.39219358122497,18.88985482562063,0.014367055892944337,0.95
1305,0.5262949873872195,35.68347435916586,32.86569612335205,0.014166343212127685,0.85
1306,0.4105710748534065,46.50237433942563,28.862223048871687,0.01426013708114624,0.8
1307,0.5266897830783102,35.26914885867281,21.258941804250167,0.014025795459747314,0.85
1308,0.6499269916864907,24.791098202527998,19.359937492654275,0.014222896099090577,0.9
1309,0.3055852783504254,51.795431817704454,44.39258951162585,0.014480364322662354,0.75
1310,0.5471271108800602,32.56023839764824,24.66209035233382,0.014238560199737548,0.85
1311,0.3509745392289714,45.037095149607346,36.00763586353886,0.014201056957244874,0.75
1312,0.3426335947743999,46.08914369857771,36.5289285923532,0.014656269550323486,0.75
1313,0.4942054918877593,41.166735046551906,39.8596102870565,0.0145699143409729,0.85
1314,0.42237722508093717,44.68161775944647,38.98766128897808,0.014687776565551758,0.8
1315,0.6190906427262752,36.31627693502122,27.647792303220136,0.014209187030792237,0.9
1316,0.44490477181033034,36.792470426283884,25.01218507156435,0.014266228675842286,0.8
1317,0.4101984734641001,42.83894414505848,24.918643457043206,0.014033699035644531,0.8
1318,0.32739801776794797,41.69525212265455,30.600529105525286,0.014125239849090577,0.75
1319,0.35010968559838535,55.90421776789081,41.633099743316635,0.014260351657867432,0.8
1320,0.6249186536062741,26.666203547208276,22.455516185927706,0.014201474189758301,0.9
1321,0.20837403964117168,56.56406612745316,38.3626497674514,0.014420509338378906,0.7
1322,0.3193325361413908,44.27484138767738,27.458886544480563,0.015610897541046142,0.75
1323,0.42759569519334917,36.63596391655293,16.54207838230669,0.015009880065917969,0.8
1324,0.5486404670443001,32.466109856600006,22.555819449033226,0.013876760005950927,0.85
1325,0.53792043129423,38.17536436457663,23.939006326549976,0.014701902866363525,0.85
1326,0.5885847476132664,32.41088783089282,23.28579543485678,0.01468721628189087,0.9
1327,0.20138972443258685,57.31759838683636,53.35611226273833,0.014132440090179443,0.7
1328,0.2086621913164906,37.665749838650335,19.132197436663546,0.014333379268646241,0.65
1329,0.578414436614006,47.69737839160367,45.12279265288539,0.01640470027923584,0.9
1330,0.3927676357086952,57.40015656222994,42.79589045811581,0.01463688611984253,0.8
1331,0.5310641415967566,35.95051875765271,22.02755675246619,0.014633119106292725,0.85
1332,0.3727921763773845,57.57400584666764,43.48757148799009,0.01486595869064331,0.8
1333,0.43810350577676493,37.30463640244049,17.28679885555166,0.01391690969467163,0.8
1334,0.724546365304118,27.27592260398861,27.091801041240625,0.014554667472839355,0.95
1335,0.2771730880446658,60.94737352447167,43.85201282691441,0.01445082426071167,0.75
1336,0.7204894828972088,32.69094385912961,33.809564036845735,0.014567303657531738,0.95
1337,0.523518159041741,36.80721895333859,22.68593170858127,0.014417386054992676,0.85
1338,0.5776303295396518,30.780194121650016,22.13260866382283,0.014204168319702148,0.85
1339,0.3911968791544416,52.257097284107296,41.93603870754129,0.014029467105865478,0.8
1340,0.3126741391237672,38.86742152964163,27.45247321385758,0.01510603427886963,0.75
1341,0.16200309849717398,69.97421158365327,58.24836470816049,0.014443325996398925,0.7
1342,0.3257775768547134,44.95771319980687,34.92311824800344,0.01462540626525879,0.75
1343,0.4300289645067143,50.10799844934435,40.4465433609369,0.01445009708404541,0.8
1344,0.3721350156704594,35.7816002125961,30.275248666346602,0.01446220874786377,0.75
1345,0.6349862469423373,33.125422433218695,24.217075921986563,0.014079296588897705,0.9
1346,0.6569701671235441,25.367214248456413,21.002177202527065,0.01439574956893921,0.9
1347,0.46020696395272453,38.67531929363726,20.177131640218413,0.014521503448486328,0.8
1348,0.1606781913540823,42.838098764697044,13.463873347547791,0.014808571338653565,0.65
1349,0.09860349263957328,43.957308872094465,30.3791259658326,0.014970386028289795,0.6
1350,0.7573980366136303,23.40997344551656,18.417587977150003,0.015282952785491943,0.95
1351,0.6031796047251816,37.2883954437553,28.62578552827683,0.014491558074951172,0.9
1352,0.686077316875499,17.74329731190362,17.409848758679416,0.01498105525970459,0.9
1353,0.333344555856845,32.644041495357136,18.061435749907314,0.014538908004760742,0.7
1354,0.5379420209914495,37.80947593615947,30.5063907290608,0.014444363117218018,0.85
1355,0.26180867367963157,43.74533336316329,32.52253421560808,0.014888608455657959,0.7
1356,0.4326719712311048,37.588396090889795,17.881196673515337,0.014757061004638672,0.8
1357,0.5923749054064332,37.018920096010746,27.719127462429388,0.014486360549926757,0.9
1358,0.6316973895805583,31.242524855217322,26.86920706457998,0.01508502960205078,0.9
1359,0.25531826005789204,45.18692975177198,29.8974022462852,0.0144339919090271,0.7
1360,0.337525030720604,40.68292598218738,29.01214158031127,0.014439940452575684,0.75
1361,0.48346344495204996,32.63803783321599,24.531839156167457,0.014707589149475097,0.8
1362,0.6713097231024865,43.517576417281,39.77546533476032,0.014748656749725341,0.95
1363,0.44376387227768843,35.28905618189039,28.406572737633955,0.01504981517791748,0.8
1364,0.5205886728659606,36.633678089600714,28.405242504641816,0.014924705028533936,0.85
1365,0.367182896945735,44.55777393794851,32.29708870767787,0.014785408973693848,0.8
1366,0.364613008567687,50.38861305597918,40.894779140122665,0.014637124538421632,0.8
1367,0.6487472777986392,30.29995154966832,26.60936897856538,0.015248644351959228,0.9
1368,0.4678763832595597,18.09002594649192,18.637508737364243,0.014924955368041993,0.8
1369,0.40669847658233865,46.40580866240911,35.403062296163434,0.01413944959640503,0.8
1370,0.7305007363447666,31.885424647935224,32.94577684255845,0.014560556411743164,0.95
1371,0.553519176091557,35.9318293111703,33.92780163345109,0.014332306385040284,0.85
1372,0.43552870694912504,42.397651051854,37.151418133975085,0.014081287384033202,0.8
1373,0.5401363380563602,37.71595175896147,24.274468894427294,0.01449270248413086,0.85
1374,0.31394463373444775,52.321118282322786,44.40898460061029,0.014628124237060548,0.75
1375,0.4797827693402537,30.76753716703758,15.606660032211048,0.014553713798522949,0.8
1376,0.7290214271884142,25.776609163347537,21.36913074077409,0.014588105678558349,0.95
1377,0.4768278129698075,30.633813632380146,28.054722073443813,0.01436924934387207,0.8
1378,0.5548813210034063,20.83133343593444,22.32866836994131,0.014498543739318848,0.85
1379,0.7504419348043866,28.810841276606965,24.354238840118253,0.01458885669708252,0.95
1380,0.3239416910858821,40.26509989756122,35.488997314975556,0.01420764923095703,0.75
1381,0.3065451534568229,44.446644273111964,27.137515613405625,0.014525103569030761,0.75
1382,0.638457145083609,28.622298551114444,24.350920949358247,0.014824891090393066,0.9
1383,0.529948321296939,27.104779128846054,17.134510215308286,0.01563279628753662,0.85
1384,0.5496889513575471,29.91858499312254,32.18788318427977,0.014097189903259278,0.85
1385,0.4076734701773745,48.783968482130334,38.15504559281895,0.014313995838165283,0.8
1386,0.4300534983191886,44.54471333932197,33.551151298677055,0.014670705795288086,0.8
1387,0.39815246323655584,40.74934927728058,35.294836400275855,0.014407193660736084,0.8
1388,0.17310583115429207,60.673486502753136,44.56649216387648,0.04211908578872681,0.7
1389,0.375930181521538,52.398584715460935,49.14998861805162,0.014331638813018799,0.8
1390,0.3707149375226763,40.33945523842085,21.060677732961857,0.014338171482086182,0.75
1391,0.5378178630651934,35.59539314677057,25.570152380322977,0.014437222480773925,0.85
1392,0.23895819662241907,48.66152805524474,34.34933115159275,0.01638472080230713,0.7
1393,0.6379707656795242,35.67762045450537,31.103300621051094,0.014440369606018067,0.9
1394,0.47664396163288336,31.00407383936956,15.771629971175427,0.014356744289398194,0.8
1395,0.47856679767949134,46.37458180922592,33.78379384078814,0.014164769649505615,0.85
1396,0.5885340840398001,47.20025569069336,39.99805291055432,0.014723539352416992,0.9
1397,0.5349249718220453,36.62516184546748,29.066752511619843,0.014326763153076173,0.85
1398,0.32060840685662856,49.37281170795973,27.552512135276682,0.014609766006469727,0.75
1399,0.44455604630330503,35.69138671604565,22.193866562333934,0.014202511310577393,0.8
1400,0.5196466004866437,40.52251046426725,33.66908761424796,0.014638149738311767,0.85
1401,0.1535589602950112,45.079090026641026,28.963680032349593,0.01409897804260254,0.65
1402,0.43331774863325495,40.74710285804393,22.111975474445877,0.0144400954246521,0.8
1403,0.6031381079250651,36.14219068489763,33.2087444748072,0.014161336421966552,0.9
1404,0.6057955654012076,38.40774246917501,29.96064711105325,0.014756524562835693,0.9
1405,0.3472222307146435,34.85805997663864,20.767874547211708,0.014583075046539306,0.75
1406,0.33183355301304523,46.88020939727103,23.70896623467183,0.016137206554412843,0.75
1407,0.6008367805216946,36.62830188124488,27.73870076306766,0.014270877838134766,0.9
1408,0.5851182509243933,19.69147510233905,15.410456479812149,0.014394855499267578,0.85
1409,0.24982504727447297,41.51834718048232,16.349978937616054,0.014907348155975341,0.7
1410,0.45598015174975554,52.466861167621346,52.93160483401681,0.014432621002197266,0.85
1411,0.549344714581094,54.17386013380199,46.851811680329966,0.014147543907165527,0.9
1412,0.40980070428210835,65.87714517690351,62.20437962537952,0.014212441444396973,0.85
1413,0.17729369305236709,58.17023217296131,34.528135861100495,0.014444506168365479,0.7
1414,0.4406180079354843,42.04858843519932,36.10827059150621,0.014170920848846436,0.8
1415,-0.22774591876981048,59.41368929570607,25.47879160708258,0.014239215850830078,0.45
1416,0.4302786596675552,46.596887707664635,34.3930990587716,0.014493238925933839,0.8
1417,0.5664061901099716,44.827950698113355,42.42568881348227,0.015213882923126221,0.9
1418,0.4555059535490775,35.167336167336956,28.505290675702625,0.014700639247894286,0.8
1419,0.21765896932909387,51.57180492822852,39.32391750049884,0.014457356929779053,0.7
1420,0.3266993031690818,41.86668319121569,30.80676629321887,0.014794242382049561,0.75
1421,0.3360500825843496,41.57820862293364,36.63599495064807,0.014341175556182861,0.75
1422,0.4915950890987267,45.19260663546546,38.313238238233744,0.014784777164459228,0.85
1423,0.29757483768883,37.346066453286696,25.727410069475205,0.01420222520828247,0.7
1424,0.20008476285503196,55.39548771327155,37.080145900311024,0.01427454948425293,0.7
1425,0.633226071467466,32.84681153903088,29.202533673316996,0.014563500881195068,0.9
1426,0.5199080736971571,20.21625782390904,15.58123952497273,0.014561748504638672,0.8
1427,0.6030276459621733,34.14732782568198,35.115325693191366,0.014312148094177246,0.9
1428,0.5132599217356084,40.354345760280935,38.70653526336803,0.014585661888122558,0.85
1429,0.6463713613410135,28.09401912720794,23.998343319211763,0.015767240524291994,0.9
1430,0.7624354536455737,15.928510098120764,15.18139814197031,0.014918017387390136,0.95
1431,0.44718461263629,38.07479845243356,31.152079319688916,0.014831912517547608,0.8
1432,0.6266259131261569,27.320712074209656,28.907419459917744,0.014931583404541015,0.9
1433,0.6250852059532946,30.721219014454228,27.00864464242363,0.014676153659820557,0.9
1434,0.6528023186426191,30.98855911807408,27.434563468698958,0.014825356006622315,0.9
1435,0.6189648599758569,33.200239297268794,29.530748211301677,0.0146864652633667,0.9
1436,0.4794465536689253,31.367673387088217,29.17127043948158,0.014929139614105224,0.8
1437,0.6310803252073052,28.166916035025714,24.378595046702625,0.014500951766967774,0.9
1438,0.44293568666404,34.92755555414168,28.181860865104902,0.014910471439361573,0.8
1439,0.5730898668255759,48.08767244099666,46.73499680442179,0.014220499992370605,0.9
1440,0.8086843362966233,29.41891229126034,29.41891229126034,0.014847111701965333,1.0
1441,0.532492338217692,31.70510264748147,22.540948165059586,0.014436137676239014,0.85
1442,0.5311443611881902,38.98362519924962,25.086455371558745,0.015576279163360596,0.85
1443,0.7537076115759103,27.39319614661187,23.087116649474236,0.015067625045776366,0.95
1444,0.043753143387475754,58.4149546474798,36.55995748341716,0.015216612815856933,0.6
1445,0.5269414470769093,40.56761651396501,27.910258151334997,0.014702236652374268,0.85
1446,0.58345962740808,39.419076160304975,36.78033892118552,0.014495646953582764,0.9
1447,0.516168704990163,35.552120486837474,33.267156991244256,0.014567804336547852,0.85
1448,0.36188509739402963,37.74488246985285,31.83453262748951,0.014243805408477783,0.75
1449,0.524908613924779,36.828340667023646,34.30421112868757,0.014246678352355957,0.85
1450,0.615481378104678,38.04812716412468,40.52127677387335,0.014418876171112061,0.9
1451,0.29089808484061996,37.91624899524598,17.66683378995494,0.014915072917938232,0.7
1452,0.551428787133302,45.068280258759735,43.072730083502705,0.014751613140106201,0.9
1453,0.45156498571971265,31.760136283351805,35.31367781725977,0.014562666416168213,0.8
1454,0.499902360882895,23.116853577895306,23.356219361807113,0.01509155035018921,0.8
1455,0.47348735138764847,48.33907337739788,42.45958968661983,0.014569425582885742,0.85
1456,0.29558622132132245,48.33409254955714,39.83723994526391,0.014643502235412598,0.75
1457,0.377699864948206,36.928421145263215,17.175875139901507,0.014962470531463623,0.75
1458,0.14663890244837025,52.31560864101327,34.051008720091914,0.014350032806396485,0.65
1459,0.14317922037181785,51.2080424968765,22.529363816506898,0.01460425853729248,0.65
1460,0.7481592955717529,28.50679608283384,23.803884213095547,0.014631223678588868,0.95
1461,0.5164033275158177,40.95487094224621,33.47679712675165,0.014660501480102539,0.85
1462,0.6150581651517446,36.43332616760652,33.51997990077414,0.014888298511505128,0.9
1463,0.5885021422114063,24.809040505893268,14.94548732741029,0.014849221706390381,0.85
1464,0.19595634060591965,35.6329506125197,16.659071427708355,0.014921677112579346,0.65
1465,0.544589142466845,37.32405429014979,35.7184171486239,0.014799952507019043,0.85
1466,0.6507123383978874,26.67026106572873,21.30506945251257,0.01433560848236084,0.9
1467,0.45155697193789807,32.76130712818626,24.361627502536532,0.015119218826293945,0.8
1468,0.5535096529960909,31.888539496583224,29.09379298375039,0.014913928508758546,0.85
1469,0.5856066620342365,24.85130530112189,20.85549241096374,0.014340627193450927,0.85
1470,0.7669416093565343,27.917326762078176,28.268956944367407,0.014684545993804931,0.95
1471,0.3244859629544183,31.92768290991262,17.045749741750523,0.01430208683013916,0.7
1472,0.7229542680652987,29.86437466201166,30.522942996117667,0.014478373527526855,0.95
1473,0.657384033302617,28.521352873709596,24.267780543633492,0.014642274379730225,0.9
1474,0.6446782250786708,32.52167605209613,28.29153320038148,0.01474449634552002,0.9
1475,0.6655561084305166,23.90809251792578,25.17240736818666,0.014848089218139649,0.9
1476,0.46249872869136677,30.95826456314872,27.814963929517468,0.014351224899291993,0.8
1477,0.656029476473935,27.052071766638072,28.44365795924385,0.014957571029663086,0.9
1478,0.38936544091178105,23.922641937087,18.387212340943158,0.015000545978546142,0.75
1479,0.5109540778925294,39.35033209414523,26.04707134050979,0.014235115051269532,0.85
1480,0.5448664593103231,39.31607309649341,36.86224539081586,0.01422102451324463,0.85
1481,0.6980698007548543,37.53891804279028,33.58248613130521,0.014261591434478759,0.95
1482,0.6481537413218292,22.83660996055271,23.76302248129132,0.014295709133148194,0.9
1483,0.6593080427572987,26.99119023581058,22.59360229545069,0.013942265510559082,0.9
1484,0.7639991611115984,17.098428426984047,17.186052717405968,0.014208829402923584,0.95
1485,0.713487517706529,33.05562388741129,28.929972815077917,0.01466900110244751,0.95
1486,0.5985400157551967,32.27993737807929,28.68963139753348,0.014758729934692382,0.9
1487,0.7192988703795574,33.84086612299921,29.736769171538807,0.014509892463684082,0.95
1488,0.4045978112397056,49.97597663240577,33.366547722497884,0.014549565315246583,0.8
1489,0.5416288348115854,35.078974641727044,20.702873170593882,0.014439773559570313,0.85
1490,0.20360523580183357,38.01004946805081,17.590699668908414,0.014533662796020507,0.65
1491,0.44881209967095453,32.67415067906193,25.296012810683692,0.014464831352233887,0.8
1492,0.37114210741284054,43.22868195381993,19.645161433448795,0.013774394989013672,0.75
1493,0.38412873135110026,52.787517026747274,43.849567278866516,0.014582252502441407,0.8
1494,0.43369262248700774,42.518678568367235,30.905595910871806,0.014354276657104491,0.8
1495,0.5235834744681679,42.846444745885485,30.509152517706646,0.015257370471954346,0.85
1496,0.40372209063336567,41.216235830591316,35.81795979107136,0.014378952980041503,0.8
1497,0.4960758918715906,37.284615028267076,30.294667360050457,0.014304864406585693,0.85
1498,0.7236459210768473,32.211192175631865,28.029790269155832,0.014751088619232178,0.95
1499,0.6019714474044613,32.203909784569156,27.978293146505127,0.014458775520324707,0.9
1500,0.6413531921675937,26.428743608359724,22.11354283863503,0.01497507095336914,0.9
1501,0.4605933785022788,33.99006714900186,31.470375483523142,0.014444220066070556,0.8
1502,0.32913383611027514,29.85163820718782,15.665121730894336,0.016668474674224852,0.7
1503,0.8232872317328301,22.66308361440769,22.66308361440769,0.015912449359893797,1.0
1504,0.7672738392940465,33.80666123461305,33.80666123461305,0.014645707607269288,1.0
1505,0.5624728449326478,30.705443744420467,26.43266391773892,0.014651846885681153,0.85
1506,0.5871012544290353,24.576997546810382,15.156872635190389,0.014717447757720947,0.85
1507,0.7473339818196532,37.91594206158351,37.91594206158351,0.015114378929138184,1.0
1508,0.7323177975259687,25.31996142832624,20.271927485658665,0.014334571361541749,0.95
1509,0.4823105403755986,39.61464624128754,27.231464758306828,0.01574050188064575,0.85
1510,0.5422025106986373,29.468110851404738,20.696822666408348,0.015643048286437988,0.85
1511,0.5731910364271114,23.25709368880249,19.146598628779202,0.014592552185058593,0.85
1512,0.4314320839033615,27.615059668879546,18.828128124705234,0.014819681644439697,0.75
1513,0.7972142365369972,28.79166415593239,28.79166415593239,0.014329159259796142,1.0
1514,0.5010101549391219,38.071756413517264,35.39252786975676,0.01417158842086792,0.85
1515,0.5535433901148273,32.062984295237705,35.229698088828364,0.014584040641784668,0.85
1516,0.8376125284507623,24.12448691579032,24.12448691579032,0.014293015003204346,1.0
1517,0.6823700387956152,21.414610965836268,16.447957700714202,0.014462363719940186,0.9
1518,0.6054583815224814,37.315464301454746,29.030099266111034,0.014396452903747558,0.9
1519,0.6139033258210922,43.20149443114057,35.679954195364466,0.014160084724426269,0.9
1520,0.40594553039319126,26.57529752472491,17.042670494016033,0.01563441753387451,0.75
1521,0.856159924905261,15.356198624842417,15.356198624842417,0.014800584316253662,1.0
1522,0.6384328706370941,28.22504906567604,29.36917485503771,0.014588570594787598,0.9
1523,0.7631171588289869,21.10033860755219,15.936799816669454,0.01421433687210083,0.95
1524,0.6842734786509069,25.6869600900654,21.218127180217504,0.014230835437774658,0.9
1525,0.3042664191793649,33.33832310500303,17.700079812993923,0.014261186122894287,0.7
1526,0.5227136022325708,30.50407243514697,26.084688132006445,0.014737367630004883,0.85
1527,0.5922078331615793,41.90351970973984,32.7788965263509,0.014670896530151366,0.9
1528,0.6070791232372621,18.62944328904435,18.731784558757916,0.014547371864318847,0.85
1529,0.6523295914516495,27.10042908842405,23.185709221252818,0.014071965217590332,0.9
1530,0.6458196120283265,32.4186266877837,28.956926442472916,0.014090371131896973,0.9
1531,0.556694123841011,23.058265734577866,23.029867369447416,0.014395189285278321,0.85
1532,0.4847317232359192,45.72235126877736,43.09740153768358,0.01790810823440552,0.85
1533,0.531480245225654,42.78201237589576,30.20578661735757,0.017204630374908447,0.85
1534,0.6115670105480231,21.96918685380149,22.93337911820523,0.015173518657684326,0.85
1535,0.8649913769559048,17.303451326492397,17.303451326492397,0.015526175498962402,1.0
1536,0.5016582014475934,39.32270509457604,37.54169708331234,0.01482696533203125,0.85
1537,0.22930959076481824,41.103196275933215,23.562134079717392,0.015190958976745605,0.7
1538,0.6371002266864885,35.4861158773934,30.69742981998725,0.01487215757369995,0.9
1539,0.46422606082915213,26.434929082263295,22.375508034906176,0.014931535720825196,0.8
1540,0.6364259187245818,24.470580433607424,23.9334850071168,0.016531407833099365,0.9
1541,0.5230593253835647,34.70865170147873,26.478845517418485,0.01679072380065918,0.85
1542,0.5914169953333606,40.72848324912336,37.4345197755471,0.017193734645843506,0.9
1543,0.574430813283857,45.42072742451383,37.144016965047655,0.016963350772857665,0.9
1544,0.527055020879041,40.291587727558635,39.295706776913825,0.0151519775390625,0.85
1545,0.6580915225082006,21.684422089740572,21.906569633421814,0.014930462837219239,0.9
1546,0.6369477495288755,27.019205033315256,16.889111857207343,0.014899647235870362,0.9
1547,0.32434428496740414,42.77567246949468,38.580913303245,0.014292573928833008,0.75
1548,0.6731079995460071,39.05901305750946,40.505978204767914,0.014376962184906006,0.95
1549,0.5230677527365987,29.606248440332035,25.746410261541396,0.014632332324981689,0.85
1550,0.25767716552876935,43.030359668741745,19.42372536714708,0.013902521133422852,0.7
1551,0.5387654390745781,28.055512759231256,24.432764451459015,0.014172577857971191,0.85
1552,0.6951686337331506,31.771374571371844,27.56517209670566,0.014042508602142335,0.95
1553,0.3888838576873332,31.22002935102096,22.921448171063055,0.013979339599609375,0.75
1554,0.5783611117247657,30.755339268851422,28.051331840111374,0.01460670232772827,0.85
1555,0.4208020383631584,24.825430556903896,21.337846895588438,0.014689552783966064,0.75
1556,0.7490598099148765,23.792877635070436,24.45499427344313,0.014268612861633301,0.95
1557,0.49993771606716864,34.67665639228288,21.10377198965751,0.014147651195526124,0.8
1558,0.5194827292571175,36.802906057377605,29.365996953803357,0.01445910930633545,0.85
1559,0.5862002165879259,27.0526368595487,23.57888177176853,0.014285027980804443,0.85
1560,0.381383270940098,20.710304114578435,15.354727511167068,0.014532530307769775,0.7
1561,0.6361463403978979,26.745762814724923,22.91562747645729,0.014740204811096192,0.9
1562,0.5102811028747074,29.889411979550896,19.887534456229574,0.014301347732543945,0.8
1563,0.5238657584095796,36.61182641457566,28.277132965407933,0.014744794368743897,0.85
1564,0.7688750070439936,36.68360281194127,36.68360281194127,0.014301955699920654,1.0
1565,0.4981867741771233,43.09877902200445,41.3414142136597,0.014544296264648437,0.85
1566,0.5451442056998189,35.12488400642715,27.293541866220465,0.014281654357910156,0.85
1567,0.7588939781054098,25.775005244705813,26.44402342294335,0.014711260795593262,0.95
1568,0.43705607317967443,32.000647373618705,16.98896962594614,0.01456824541091919,0.8
1569,0.7169910198500252,31.636239056184678,27.43765144943068,0.014373481273651123,0.95
1570,0.6419281312539858,33.65230267661775,28.70344145046944,0.014705610275268555,0.9
1571,0.7645640815247086,22.103253412471773,22.739724545414994,0.01682288646697998,0.95
1572,0.7061752461358889,23.875729878388114,24.26576829740611,0.01428004503250122,0.95
1573,0.7058968000247432,18.615509622258863,19.457587440596157,0.01494271755218506,0.9
1574,0.7622970142528348,23.114971992549627,18.051629326684964,0.014943158626556397,0.95
1575,0.6553340544360664,27.99604450423705,29.66310240550003,0.014733600616455077,0.9
1576,0.4731470011735581,33.96892034877276,26.242833263652223,0.01415579319000244,0.8
1577,0.49538619596312133,27.558563484943726,18.591293220823523,0.014356982707977296,0.8
1578,0.7635635138016521,22.174083497705023,22.368321066047642,0.014140045642852784,0.95
1579,0.5565675268871463,26.300033018853718,22.366060020854302,0.013966965675354003,0.85
1580,0.610346695963371,27.24359556758991,28.732884858776938,0.014129996299743652,0.85
1581,0.4024821931631214,18.556009678987074,17.760816203195933,0.014264059066772462,0.75
1582,0.8174505684811793,25.637740330809965,25.637740330809965,0.014544188976287842,1.0
1583,0.7764813015262906,23.49958241208936,18.63829783502814,0.01443570852279663,0.95
1584,0.5635911035159286,31.414729979447145,16.585941954709856,0.014361560344696045,0.85
1585,0.6770961371437638,24.101195676402817,19.83195638028632,0.014550459384918214,0.9
1586,0.7294442586198494,32.64335599886495,28.293970750871555,0.014151132106781006,0.95
1587,0.61881803150408,27.851670702279268,23.856684605046524,0.014577686786651611,0.9
1588,0.5358349276747185,37.855386268186116,30.52354102980334,0.014622890949249267,0.85
1589,0.7434047667236718,18.555300386708893,18.64132821958423,0.01463102102279663,0.95
1590,0.5341737545237741,21.113569423903424,16.187861681653523,0.01460028886795044,0.8
1591,0.3988589815416369,31.556514499487257,16.70316731366567,0.014318740367889405,0.75
1592,0.29073702636214704,37.41793369350363,24.699367617692022,0.0184145450592041,0.7
1593,0.22617698295761265,48.92612957012579,40.93782221066847,0.014410245418548583,0.7
1594,0.5787891812012818,35.33928608187071,26.840233303019218,0.023070085048675536,0.85
1595,0.7126778808183614,34.739931614874784,35.54854246784758,0.014102959632873535,0.95
1596,0.7218057392644529,29.642226834890828,30.304505944435792,0.014303886890411377,0.95
1597,0.5599245221625957,29.775402944793814,19.90647545308214,0.014109158515930175,0.85
1598,0.6762265504046951,30.560152408858084,20.769806490954572,0.014320147037506104,0.9
1599,0.6623569615536364,22.761543070412834,23.6530895957827,0.014163970947265625,0.9
1600,0.7572611479921538,21.860611266008156,22.08229642245777,0.014551866054534911,0.95
1601,0.7546574342026577,22.890908219401936,17.48595322830358,0.014851021766662597,0.95
1602,0.7418236189585635,25.656750700642544,21.02123788645323,0.014564073085784912,0.95
1603,0.6752230569894646,18.33473889112127,18.951870571740436,0.014330196380615234,0.9
1604,0.6773105984068952,18.955538309187244,13.979386519388884,0.014411664009094239,0.9
1605,0.7474995928045112,21.509585591097252,21.779193595304957,0.014272916316986083,0.95
1606,0.5475981529280894,32.56934561518976,29.852954113508986,0.01468963623046875,0.85
1607,0.7711590252587655,16.36807847537556,16.535049021272226,0.013992786407470703,0.95
1608,0.7269048457992346,14.998300988295611,15.117597115742749,0.013781332969665527,0.9
1609,0.3784727453554344,37.33688818411342,23.575236339340915,0.014258146286010742,0.75
1610,0.7282665349665043,25.49758991909885,21.014804309770977,0.014132630825042725,0.95
1611,0.49362544895463917,31.163332772517187,29.492189920422884,0.014676058292388916,0.8
1612,0.4324286596144846,33.02374503454952,25.317808817974893,0.01390904188156128,0.8
1613,0.5259484600422638,24.454323170262793,19.134107790203835,0.013805699348449708,0.8
1614,0.5523764728057985,29.94480278661094,25.546834185520485,0.013878548145294189,0.85
1615,0.709520726003068,34.59857852400139,29.913087438322584,0.01462395191192627,0.95
1616,0.4458355053283082,38.15857864958186,25.34864451484291,0.014341819286346435,0.8
1617,0.39296212420316595,53.89413518419052,44.269306057420735,0.014268481731414795,0.8
1618,0.5114141196182949,23.688109894307807,17.865508532282945,0.014379775524139405,0.8
1619,0.5799721739774684,21.10253350227537,16.240903437247063,0.01440279483795166,0.85
1620,0.28197564462114555,41.939973440852114,38.98313471726853,0.014741075038909913,0.7
1621,0.6281214522078412,33.795204762960296,29.330543132384307,0.014715731143951416,0.9
1622,0.7368100728760417,27.701470287924188,28.236397403970674,0.01405928134918213,0.95
1623,0.4796996800387635,36.54935247218502,34.358556826786305,0.014664232730865479,0.8
1624,0.717806151669175,24.310766440320492,24.633779445321853,0.01439448595046997,0.95
1625,0.6832470220516697,22.136598403803738,17.254506935846543,0.014325082302093506,0.9
1626,0.7380725942006775,18.284823418301723,18.570021605779164,0.014489376544952392,0.95
1627,0.5793582812176443,20.473467085119402,15.709457796753039,0.014803194999694824,0.85
1628,0.7357554947205822,23.888232579071172,23.565487586789544,0.014783751964569092,0.95
1629,0.6794984468987157,18.436017512061873,17.697490668092836,0.014819395542144776,0.9
1630,0.6638554812583564,24.577739313829618,18.957368135848142,0.014064514636993408,0.9
1631,0.5763008169515295,24.89695868451392,15.215703486662491,0.014087104797363281,0.85
1632,0.5732671521044213,26.9785063093371,22.689128706357813,0.014770269393920898,0.85
1633,0.766212461108227,21.867506377047892,22.030184499025637,0.014005351066589355,0.95
1634,0.791652807932049,16.780899469127995,16.776243623854256,0.014588367938995362,0.95
1635,0.8598275440080358,21.257129327545638,21.257129327545638,0.013980615139007568,1.0
1636,0.6787117112833877,27.65071130307649,23.549325897720294,0.014346742630004882,0.9
1637,0.4769133621881497,26.79878942501809,17.522350058805884,0.014115500450134277,0.8
1638,0.560757192816799,27.62443486318159,17.38866564263415,0.014401412010192871,0.85
1639,0.8617038210064321,15.980139288592506,15.980139288592506,0.01493973731994629,1.0
1640,0.6079572202295076,17.011041503534035,17.757524323549468,0.014448213577270507,0.85
1641,0.588952608262219,22.53368642915994,17.26525410848848,0.014186584949493408,0.85
1642,0.7815765345295225,17.220451767207678,17.500503039425823,0.014282464981079102,0.95
1643,0.6680760184537149,23.9790785805375,24.831601799466068,0.014682960510253907,0.9
1644,0.5837629309362784,20.462509657153838,15.925371362822315,0.014203047752380371,0.85
1645,0.5224995666549608,35.97501418704586,28.358519033464695,0.014206922054290772,0.85
1646,0.6614539302932976,22.3473912939995,23.36313882494339,0.014486706256866455,0.9
1647,0.6756509620216621,27.271485698638095,23.199711314561156,0.014310324192047119,0.9
1648,0.7620085228148875,16.37818830673102,15.531547358230744,0.015024960041046143,0.95
1649,0.5923174407474964,21.464994442198225,16.600257714096927,0.01805330514907837,0.85
1650,0.758845296053546,22.38411415999726,23.00635565075665,0.014193868637084961,0.95
1651,0.611147024535837,23.413078171164408,19.086551362948985,0.014210259914398194,0.85
1652,0.7644553515908045,22.229622329116104,22.605002020442914,0.017193400859832765,0.95
1653,0.8581771521191948,23.263559930406917,23.263559930406917,0.014123761653900146,1.0
1654,0.7315979073199127,24.731741707345503,25.46504686149908,0.014715027809143067,0.95
1655,0.7069222065105267,21.473486997845487,22.27838595982661,0.014390397071838378,0.9
1656,0.7852502199365452,32.86117950317845,32.86117950317845,0.014984512329101562,1.0
1657,0.48316303532228655,25.36757045080787,21.691344638094105,0.014155828952789306,0.8
1658,0.661548483109186,27.858559182766164,29.30357717912805,0.014033949375152588,0.9
1659,0.3684019174206365,25.51561249514962,15.789357204431264,0.014165782928466797,0.75
1660,0.4726919667483248,29.098548392202552,25.881970768239384,0.0147979736328125,0.8
1661,0.6460166559422886,28.887746903194873,24.54089991456749,0.014697515964508056,0.9
1662,0.3911868354071492,32.44714646664535,16.925036967644154,0.014252126216888428,0.75
1663,0.8140139860385986,28.294735404627893,28.294735404627893,0.014368915557861328,1.0
1664,0.6653675859163296,25.85224101622533,15.745082754721775,0.013925325870513917,0.9
1665,0.5982822054433217,39.151477199844535,30.72491618951462,0.014470136165618897,0.9
1666,0.6382200951967214,30.451548243519426,21.14354155441949,0.014153802394866943,0.9
1667,0.48605195285707137,29.021046204438335,18.874645222766596,0.014366519451141358,0.8
1668,0.6582333593852783,18.123328375741416,18.799624052967264,0.014666092395782471,0.9
1669,0.7490042977931245,23.532809966514396,23.934066548261093,0.014850866794586182,0.95
1670,0.5931296915774259,19.71100589303147,19.330916977461968,0.014470517635345459,0.85
1671,0.49279090774527246,24.91114063561985,20.851579754561747,0.013910675048828125,0.8
1672,0.7273784273925316,32.71708040553131,28.62331456964027,0.014507544040679932,0.95
1673,0.640820037991881,27.66578236329793,28.962509508267747,0.01443420648574829,0.9
1674,0.6893467551393938,39.12722323415939,35.23435560225521,0.014790081977844238,0.95
1675,0.5318235164902222,32.83900549511215,23.599809511858027,0.014216732978820801,0.85
1676,0.7553703877591009,22.67036603536895,22.98621954619674,0.014388883113861084,0.95
1677,0.42035119046760433,26.014495175229285,23.565114397716627,0.014010906219482422,0.75
1678,0.6557192557900331,23.696969443092495,19.460137869651263,0.014090466499328613,0.9
1679,0.6588566429400196,27.769036038864602,23.413263904217697,0.014228498935699463,0.9
1680,0.5390288116728553,33.20571620219866,31.03395820558913,0.014325404167175293,0.85
1681,0.5500017273737264,31.71589902832679,28.40367922472317,0.014244008064270019,0.85
1682,0.5335566673017736,31.4405721448005,22.700446014108078,0.014466631412506103,0.85
1683,0.4725244797435231,33.231451552776306,25.26914205905382,0.01513345241546631,0.8
1684,0.5831614981786448,23.709414970958864,19.168617822075703,0.0142350435256958,0.85
1685,0.7626011269833601,18.024878103341962,18.1085078583437,0.01470041275024414,0.95
1686,0.5790177479776567,22.552093893345805,17.9449421658355,0.014441251754760742,0.85
1687,0.7696918735753707,23.540737234461552,18.70283754922493,0.014544641971588135,0.95
1688,0.6196310181696307,18.37698029811826,18.940173301287512,0.014335501194000243,0.85
1689,0.6338048212939458,32.34797639578734,28.45501071612148,0.014178705215454102,0.9
1690,0.7328952866473794,30.05287719398537,25.42347394615766,0.014155220985412598,0.95
1691,0.5026550703041066,21.573893692653996,16.39551314569742,0.014649665355682373,0.8
1692,0.7476971785767428,22.2191667209643,17.496911500013532,0.014032900333404541,0.95
1693,0.4790770035382132,25.060549679482207,21.06017045232247,0.014344465732574464,0.8
1694,0.638086198578335,25.888537538398545,26.22970324465789,0.014140045642852784,0.9
1695,0.6259300409901056,31.932215961839006,27.952348881008493,0.014623260498046875,0.9
1696,0.7347019847568825,25.77852458448437,21.13896113860231,0.014240515232086182,0.95
1697,0.8276357517994951,27.144061381459572,27.144061381459572,0.014182341098785401,1.0
1698,0.5614811123314328,25.759481714538992,21.890763877074633,0.014366793632507324,0.85
1699,0.7766881803877458,21.177738017389313,21.63929824609023,0.014235210418701173,0.95
1700,0.2973508508146637,36.6989430940196,24.26293551410087,0.014938759803771972,0.7
1701,0.6970478208450172,17.475526382982487,17.841145792540626,0.014254617691040038,0.9
1702,0.6483854209528086,26.941380162029162,21.78454606275793,0.014486145973205567,0.9
1703,0.5689008181398526,33.178508003613615,30.977018631278966,0.01409134864807129,0.85
1704,0.6662154732104069,22.38698241082411,17.761343909245376,0.014460623264312744,0.9
1705,0.6274780546454941,33.19489674317182,29.914605970554426,0.014267361164093018,0.9
1706,0.6484533389709282,25.226140335700684,20.65221175670647,0.014309120178222657,0.9
1707,0.6344086631087681,27.91077463655829,23.872108542824755,0.014368045330047607,0.9
1708,0.542003489892903,18.767328342695944,18.46989128547273,0.014492928981781006,0.8
1709,0.8524599916666137,16.681603978051562,16.681603978051562,0.014193999767303466,1.0
1710,0.7405302041504285,24.063230794920987,18.789188130699216,0.013951611518859864,0.95
1711,0.643313481369064,27.392305129737146,22.16172071230134,0.013935911655426025,0.9
1712,0.6722694444834344,21.177921292719116,16.267395263691483,0.01437612771987915,0.9
1713,0.7486124711058795,19.86425032396273,20.079135000756757,0.014027154445648194,0.95
1714,0.4672440052537512,27.315093611448567,22.678134050831666,0.014187431335449219,0.8
1715,0.5664633865678653,22.476396041917454,17.58289223252489,0.013724875450134278,0.85
1716,0.6571055652706684,17.15060374629417,17.39746025928112,0.014117658138275146,0.9
1717,0.8402385616175108,23.76549882743394,23.76549882743394,0.013815522193908691,1.0
1718,0.6668441692256283,24.12216323772589,24.96514327313063,0.01587822437286377,0.9
1719,0.7605219807103935,21.897761822868766,16.950386687114293,0.01513141393661499,0.95
1720,0.6938566251845024,19.231292200338245,19.60272203182068,0.014480853080749511,0.9
1721,0.7603851925102905,23.676209104924403,24.052589354547706,0.014550626277923584,0.95
1722,0.5707456744785636,26.090236556050705,15.96080717369221,0.014323163032531738,0.85
1723,0.6773617109773478,28.507175698596615,24.410900215390765,0.014340853691101075,0.9
1724,0.5492977422746576,37.64185644333452,35.773113626743665,0.014287829399108887,0.85
1725,0.5660148908554881,26.74790977801332,23.124842570148484,0.014399993419647216,0.85
1726,0.6869024203617504,23.86011023306123,25.038001630862688,0.014216017723083497,0.9
1727,0.711438912250145,19.320544989948992,19.993875400804413,0.01418008804321289,0.9
1728,0.5104153015689541,20.24028853793078,15.230804810798038,0.014152801036834717,0.8
1729,0.7689113001692887,22.571085187599554,22.952176518477128,0.014071297645568848,0.95
1730,0.6432930143094784,26.953664899946368,23.071609511642528,0.01463611125946045,0.9
1731,0.6076346532006989,36.48415278814455,27.751443391914464,0.014047634601593018,0.9
1732,0.5487844340850327,20.73469812935942,15.80366229562763,0.01421198844909668,0.85
1733,0.6086943338871527,28.96333414752512,26.076867835125164,0.01433049440383911,0.85
1734,0.5720099179675531,26.366750044006324,28.548430363782025,0.014534008502960206,0.85
1735,0.5961308768018754,20.20792993744331,15.069545266155918,0.014455962181091308,0.85
1736,0.7685471533442854,20.57509796345201,20.568256595273603,0.01442934274673462,0.95
1737,0.701550864999532,21.92005042809177,17.235811675795237,0.014746522903442383,0.9
1738,0.6889048132348237,23.36879592334588,23.85461375052535,0.014836513996124267,0.9
1739,0.4979633523698158,28.058601639821653,23.990453896231344,0.01403346061706543,0.8
1740,0.5898301529115229,20.404880875425683,15.363279982644698,0.01426537036895752,0.85
1741,0.47225315422990677,31.167434385179952,17.004785874008018,0.014638006687164307,0.8
1742,0.4018351362298751,27.468846795999156,17.954583151630242,0.014766407012939454,0.75
1743,0.5528115040801753,32.82041731989416,23.96351141259239,0.014189279079437256,0.85
1744,0.7971958438580751,18.6333143449207,18.58069140325492,0.01419367790222168,0.95
1745,0.37370569524497343,34.632946582269156,21.10756920889938,0.01432424783706665,0.75
1746,0.6606829215633097,28.617484635783732,24.631176434162786,0.014534735679626464,0.9
1747,0.5757948989226668,27.48571696181,23.876281996344858,0.014578068256378173,0.85
1748,0.684473723570848,22.289680554449372,23.380745715360884,0.014600372314453125,0.9
1749,0.7275214822649716,16.85325899918825,17.07538641116699,0.014483034610748291,0.9
1750,0.5685460741606412,28.9056111748503,25.081766426498593,0.017017781734466553,0.85
1751,0.8263093074055124,26.277235906441227,26.277235906441227,0.013818359375,1.0
1752,0.698141769103378,18.87428928317886,18.954259455415453,0.014178764820098878,0.9
1753,0.5651775910280067,27.44822873016336,23.561826171612,0.01451730728149414,0.85
1754,0.7499721538278236,24.664113191315195,19.97874515342434,0.014054977893829345,0.95
1755,0.8363050913643626,19.63311292839891,19.63311292839891,0.014078009128570556,1.0
1756,0.8039919724759894,18.646455243200563,18.785703021399407,0.01463472843170166,0.95
1757,0.6659674577979731,17.510134871715813,17.63211231338911,0.014445638656616211,0.9
1758,0.7730350753982052,17.832398504767788,17.82185553761047,0.01422576904296875,0.95
1759,0.5686945496712094,27.755751618237394,23.690508941046186,0.01399376392364502,0.85
1760,0.6563230371301226,23.56733839699958,19.113705536731196,0.013958752155303955,0.9
1761,0.6062310647326339,24.06179870048025,25.48894022370927,0.014470243453979492,0.85
1762,0.7470334955987246,21.052046786476314,21.210663967789323,0.014491963386535644,0.95
1763,0.7640183135652887,21.644545335693,22.22416568586318,0.01457827091217041,0.95
1764,0.6027593663374561,16.828656084228946,17.244143240243567,0.01448979377746582,0.85
1765,0.6366750468254192,18.536377589933217,18.492994394518913,0.014026010036468506,0.9
1766,0.7801714938707974,16.965265130900995,16.14921597900201,0.014324319362640382,0.95
1767,0.7668917971146019,22.972930813609615,23.577269787788925,0.014169895648956298,0.95
1768,0.6547765114265386,20.873708331061216,21.25584407121784,0.01461731195449829,0.9
1769,0.7726123165450742,18.226079360298648,18.32801888044737,0.014621686935424805,0.95
1770,0.510128392781376,16.23095697555563,16.16879980474196,0.014428246021270751,0.8
1771,0.7775241799618993,16.87459649318785,16.681208595727153,0.014504039287567138,0.95
1772,0.8776809268765662,16.679197087361025,16.679197087361025,0.014637577533721923,1.0
1773,0.7868952500001303,18.241211279159113,18.281261446841835,0.014332354068756104,0.95
1774,0.7052181487357438,17.74978922365255,18.30329669387798,0.014523196220397949,0.9
1775,0.5726362012176386,17.428474856149144,17.528480898776706,0.01413179636001587,0.85
1776,0.7620599561144815,16.338103543391647,16.624859345538145,0.014771533012390137,0.95
1777,0.7052665623099293,17.436468594357294,17.5008484512452,0.014133703708648682,0.9
1778,0.7765463321337078,19.809922706361498,20.003181224177272,0.014170598983764649,0.95
1779,0.7919107911293387,17.556215524882525,17.89423788865481,0.014582538604736328,0.95
1780,0.7717079008082975,17.637186858454346,17.69072892247698,0.014418256282806397,0.95
1781,0.601256903790039,22.379537471807303,17.803384145101983,0.014532864093780518,0.85
1782,0.4069201681858531,23.768521066909145,19.90339387340331,0.014327776432037354,0.75
1783,0.49056134381518585,24.186684983297592,20.414796337244407,0.014298152923583985,0.8
1784,0.7902443904023613,17.615278915128947,17.828247162414254,0.014374852180480957,0.95
1785,0.8669275890324164,18.24852474822013,18.24852474822013,0.014738702774047851,1.0
1786,0.8675283432064133,15.413006964249863,15.413006964249863,0.014348864555358887,1.0
1787,0.8483704404516944,19.086815169132045,19.086815169132045,0.013929033279418945,1.0
1788,0.7886061322215308,17.111366188044897,17.36367051241128,0.014593923091888427,0.95
1789,0.5866135255975725,26.056164206968287,22.19996274052398,0.01401968002319336,0.85
1790,0.6844601712598888,25.479995228541714,26.541655038670612,0.01417398452758789,0.9
1791,0.595186943578943,23.17517847291546,18.89483002588267,0.013781118392944335,0.85
1792,0.41085834910192354,27.114398843284267,25.0251102158362,0.014909827709197998,0.75
1793,0.7015026130227867,18.373098749150536,18.770894132747852,0.014308285713195801,0.9
1794,0.7498425444629911,19.50183183725395,19.757570290596306,0.014843273162841796,0.95
1795,0.6910730740921048,17.376382856800895,17.343062506639725,0.01401674747467041,0.9
1796,0.6548716749817933,22.515168895775293,22.791642881397525,0.01414550542831421,0.9
1797,0.6852162634975445,21.115061345339164,21.058032445994094,0.014083635807037354,0.9
1798,0.5254070116676683,19.47960709337364,20.629911999082722,0.013845300674438477,0.8
1799,0.7109537078513533,17.60180750538121,17.861848231707004,0.01416252851486206,0.9
1800,0.7847159389252434,18.639984020925976,18.026969963828424,0.014017713069915772,0.95
1801,0.6045544355689056,23.850972190718267,19.872947078707742,0.01398981809616089,0.85
1802,0.7569715457966566,16.801111086887616,16.972755427075455,0.014683878421783448,0.95
1803,0.7767473435948521,16.564802331099813,16.677746787947445,0.014271032810211182,0.95
1804,0.6841364660718332,18.737265961794055,13.742447773447427,0.014012038707733154,0.9
1805,0.8803085913484658,17.685151054852177,17.685151054852177,0.014325094223022462,1.0
1806,0.8842463362531603,16.847532175395763,16.847532175395763,0.014524328708648681,1.0
1807,0.4846934178011336,20.821851292078602,15.927276775476672,0.01459563970565796,0.8
1808,0.6168811758898685,15.658282413490701,15.873617068289875,0.013989830017089843,0.85
1809,0.769843163410915,17.982463744040466,18.110938158196277,0.013818609714508056,0.95
1810,0.6835109443004751,25.024085105409707,19.644191540542607,0.01410503387451172,0.9
1811,0.8463399422980666,20.822781917229683,20.822781917229683,0.013817787170410156,1.0
1812,0.42769588345624643,18.040065773124205,18.997478946470224,0.013809490203857421,0.75
1813,0.6911734677711625,18.48978846804432,18.85813103350298,0.014275813102722168,0.9
1814,0.7102963534186213,16.630163345562416,15.908153679931551,0.014056885242462158,0.9
1815,0.3557689103753508,14.484298288002552,14.697940203807464,0.01405864953994751,0.7
1816,0.7008526735437954,19.21705185618205,19.37706299545883,0.014112555980682373,0.9
1817,0.8652834381235671,18.977985966033664,18.977985966033664,0.014565026760101319,1.0
1818,0.6305105658905263,18.2313586824822,18.421958446108892,0.014125990867614745,0.85
1819,0.8321371389182775,22.988366263647382,22.988366263647382,0.01434999704360962,1.0
1820,0.7715188272960071,18.760706477771933,18.69647155045384,0.014119100570678712,0.95
1821,0.7078270769795987,17.958543820116777,18.172011297946042,0.014063394069671631,0.9
1822,0.7453699919773044,16.555360947991712,16.29426940754519,0.014058160781860351,0.95
1823,0.7144988163646616,15.424559464349954,15.586934562524066,0.013781237602233886,0.9
1824,0.6164586557392696,17.278399748630783,17.357630165968036,0.014843666553497314,0.85
1825,0.6547617301254547,16.969114017204284,17.44089734962219,0.025792765617370605,0.85
1826,0.5992600011284438,16.959056793843565,17.713698370442096,0.014662528038024902,0.85
1827,0.686884228070433,18.006389090837384,18.524362388242714,0.014077568054199218,0.9
1828,0.6077868932773994,15.662224222573766,15.816417024555108,0.014625275135040283,0.85
1829,0.8538951400949681,17.50117511351346,17.50117511351346,0.014341151714324952,1.0
1830,0.750619141387689,18.8250659909477,18.98357724851962,0.014158415794372558,0.95
1831,0.6449848335055319,17.477955554459108,17.991305761197047,0.014743006229400635,0.85
1832,0.6924606663798977,20.29090513144546,21.163663867326836,0.014103782176971436,0.9
1833,0.6905379847671029,19.94484330815064,19.357360430372246,0.014256834983825684,0.9
1834,0.691155152348292,20.827914220422997,21.320097466004285,0.014603281021118164,0.9
1835,0.861734526631988,19.03472846666986,19.03472846666986,0.014653933048248292,1.0
1836,0.4409255252001424,18.395089614443144,19.113131584856987,0.014104497432708741,0.75
1837,0.7032150160220008,17.789602990829305,16.99771181724629,0.014189195632934571,0.9
1838,0.860353735543694,15.051699816622792,15.051699816622792,0.014188969135284423,1.0
1839,0.7919519463544477,15.19062102101418,15.024775346263459,0.014114475250244141,0.95
1840,0.8006285388967027,16.75292651780081,16.945603866390982,0.014086461067199707,0.95
1841,0.6343197882547666,17.398496612442454,17.606392974348694,0.014265930652618409,0.85
1842,0.7701624683641587,16.484212801914445,16.569951140948366,0.01380908489227295,0.95
1843,0.6939763220598908,19.3540753726127,19.615086306398297,0.014021015167236328,0.9
1844,0.8127642121525005,15.971549869621546,15.674879767581762,0.014119255542755126,0.95
1845,0.6264894608303134,16.974109232880927,17.389001818800722,0.014452040195465088,0.85
1846,0.7206759573148626,17.545400774512807,18.064498773707093,0.01425529718399048,0.9
1847,0.8942607767045023,17.12995448070268,17.12995448070268,0.014176571369171142,1.0
1848,0.8571349875413196,18.75147249752004,18.75147249752004,0.014036929607391358,1.0
1849,0.6316051114717596,19.044217171604956,19.35961379648753,0.014020371437072753,0.85
1850,0.7566716578141602,18.46971594025918,18.313982765499333,0.014110469818115234,0.95
1851,0.6098141655309539,16.815498422948632,17.14146058673813,0.01428612470626831,0.85
1852,0.8120365476934411,14.891387137342884,14.998576967818586,0.01430445909500122,0.95
1853,0.6791123561463194,18.085929411982,18.223794795921876,0.013998949527740478,0.9
1854,0.7943332623681647,16.353626175712115,16.277804883384405,0.014215147495269776,0.95
1855,0.5900683289947591,18.639198240340306,19.034882694363287,0.014198851585388184,0.85
1856,0.7958049836506267,16.08028447655601,16.082189815820747,0.01498197317123413,0.95
1857,0.5124178877963651,16.70662492559458,17.02199513315631,0.013914930820465087,0.8
1858,0.66624740538877,16.262763762606898,16.488514171163345,0.014383506774902344,0.9
1859,0.6449706323867888,17.853470493275257,16.96944459914783,0.014115142822265624,0.85
1860,0.6213297072062104,18.329354607437978,18.691416884409463,0.01382136344909668,0.85
1861,0.706374302638671,20.629368466894213,21.08038069711629,0.014060699939727783,0.9
1862,0.7058758536911445,19.15576694901403,19.75989385620677,0.01422584056854248,0.9
1863,0.69618122486484,17.97477710538009,18.138272440790377,0.014072978496551513,0.9
1864,0.8963021744938363,17.12873397212251,17.12873397212251,0.014045119285583496,1.0
1865,0.47770177130600333,18.352455058714572,19.128382302740825,0.013708400726318359,0.8
1866,0.7742029177218218,17.36253613433274,17.462832390819045,0.014357757568359376,0.95
1867,0.6388515369133969,14.941325599369176,15.304766491218556,0.014452576637268066,0.85
1868,0.7921962166854561,17.06402269435603,17.2326681681247,0.014127695560455322,0.95
1869,0.6149403770806211,18.047647566223652,18.636850138412886,0.014250743389129638,0.85
1870,0.45765821185382183,19.029227487234067,18.504522643639348,0.014334940910339355,0.75
1871,0.6094484075806188,18.672938433211804,18.225484840792713,0.014124262332916259,0.85
1872,0.7600010283353905,17.909027915524288,17.99138182460428,0.01474515199661255,0.95
1873,0.7483890368334157,21.170720450020024,21.381300443879606,0.014288866519927978,0.95
1874,0.7940010594002818,17.46749518649462,17.52279733063509,0.014541900157928467,0.95
1875,0.8170739564621556,18.084331389555203,18.472081285603064,0.014692652225494384,0.95
1876,0.516533382595746,15.900572453126703,15.788451613003602,0.014215266704559327,0.8
1877,0.6177622561324153,17.956478788790307,18.229049422339838,0.01397017240524292,0.85
1878,0.7591048023497293,17.913827017798024,18.07868170381462,0.01398247480392456,0.95
1879,0.6175214764213831,16.69322378216724,17.047107383877954,0.014120006561279297,0.85
1880,0.47499428657653836,14.434283412479237,14.03179609155241,0.013662600517272949,0.75
1881,0.3613799495374047,20.072839007728195,21.4871904359361,0.014306473731994628,0.7
1882,0.7621634748642466,18.884731449530967,19.17481842377007,0.014126336574554444,0.95
1883,0.507297796047885,17.123256714950358,16.74614632925063,0.01361677646636963,0.8
1884,0.7824979597822125,18.132908751035863,18.394756882761346,0.014488625526428222,0.95
1885,0.6710052853432946,19.132722639894293,19.392171523861915,0.014472854137420655,0.9
1886,0.5995768270248815,17.794243960716905,16.990976567537235,0.01454923152923584,0.85
1887,0.6260418034881702,17.064657664648642,18.02417678171132,0.01447204351425171,0.85
1888,0.682341076527851,16.100283438458195,16.318069738439288,0.014061450958251953,0.9
1889,0.6873847991714596,17.33969280339875,17.347748136014857,0.014394521713256836,0.9
1890,0.7906532691113557,16.001055425874377,15.944470204634136,0.014279317855834962,0.95
1891,0.7981546032048282,17.30389475225879,17.28795756321456,0.014410197734832764,0.95
1892,0.8661623560448415,19.044750311873052,19.044750311873052,0.014681601524353027,1.0
1893,0.5302344719608604,17.1212816914305,16.959497153048613,0.014500224590301513,0.8
1894,0.46811694872781506,18.06024564046613,19.01185118520518,0.014270913600921632,0.75
1895,0.8859188092753083,19.960870576345243,19.960870576345243,0.014083683490753174,1.0
1896,0.8019043922268976,18.33635794626992,18.715616170429584,0.01373145580291748,0.95
1897,0.694834522555627,17.100271142408765,17.04880935321596,0.014426112174987793,0.9
1898,0.3776794372603387,18.018119176028115,19.098627068492757,0.014205503463745116,0.7
1899,0.7987269134842172,16.68475145494605,16.743661273654006,0.014194047451019287,0.95
1900,0.5155676584209046,14.56131661774551,13.980700275997025,0.014015328884124757,0.8
1901,0.5950931893985848,17.53264902390914,17.710553438847917,0.014595580101013184,0.85
1902,0.7226749750643604,20.026433356635643,20.411611873840357,0.013826131820678711,0.9
1903,0.4329725996715938,19.550875735196556,20.90190387778658,0.014036238193511963,0.75
1904,0.5082704913416938,19.46408506625504,20.592826760672853,0.014826858043670654,0.8
1905,0.7773097719436589,19.072916999568633,19.153764802408592,0.014133822917938233,0.95
1906,0.6751294774975782,17.292863742262284,17.41267208962611,0.014148437976837158,0.9
1907,0.699531808127037,17.090050681341552,16.66953808789517,0.014270186424255371,0.9
1908,0.7673128686569548,18.916955128744203,19.24005038884347,0.016767454147338868,0.95
1909,0.7220021441734248,16.597287059285378,16.70211409331247,0.01387336254119873,0.9
1910,0.7876820460976103,16.80955023710017,16.815564322817956,0.014385473728179932,0.95
1911,0.7989462407019117,17.238322423255504,17.53347928565799,0.014898431301116944,0.95
1912,0.6987697329158962,17.443406113276904,17.677526690755435,0.014543700218200683,0.9
1913,0.6305280813861207,17.29282894728812,17.685802032398623,0.014236712455749511,0.85
1914,0.7948975486456094,15.98518697666477,15.830750816730298,0.013847506046295166,0.95
1915,0.7866169432268599,16.611351255178562,16.82095402122029,0.01433192491531372,0.95
1916,0.515641420525926,15.99375937710551,16.315982925168356,0.015143167972564698,0.8
1917,0.5273545942252321,18.08891104794008,17.935873258135164,0.014557421207427979,0.8
1918,0.6910647712117852,17.204023882075212,17.45214613756188,0.014284348487854004,0.9
1919,0.7608897306173943,17.349528873297928,17.332069212131,0.014487659931182862,0.95
1920,0.7592579868623666,16.924566544105325,16.93936616961645,0.014159941673278808,0.95
1921,0.533690816321076,15.134140473125061,15.04516405134303,0.014190196990966797,0.8
1922,0.7968769179636945,16.631529373142094,16.585191311843335,0.014604103565216065,0.95
1923,0.5252091579536237,17.807694091237913,18.051342795404114,0.014163458347320556,0.8
1924,0.7032152705950507,16.910484444837973,16.773925733193735,0.015333235263824463,0.9
1925,0.6850242592193789,17.05504104683812,17.441194444560665,0.014499306678771973,0.9
1926,0.5269604142914246,15.312248566696436,15.243861248960805,0.014529132843017578,0.8
1927,0.8768849360718163,16.20082118435123,16.20082118435123,0.014599275588989259,1.0
1928,0.7760577638569828,16.371767454467804,16.68434815230262,0.014381659030914307,0.95
1929,0.6434825666353122,16.800285290202787,16.776285776061275,0.01484386920928955,0.85
1930,0.8686710525918555,16.66703304336805,16.66703304336805,0.014341998100280761,1.0
1931,0.8176603101151038,16.708444137229186,16.575418416739193,0.014319133758544923,0.95
1932,0.8023016588200929,15.989002243707148,16.068609020677847,0.013975083827972412,0.95
1933,0.4534082333011997,17.91819510950357,18.634495585240497,0.01444706916809082,0.75
1934,0.6397687408020689,16.602440818535893,15.868511304311706,0.014067554473876953,0.85
1935,0.702957746349514,15.496170353103494,15.209271462395005,0.014703869819641113,0.9
1936,0.5191397947554288,16.58811543725469,15.562253281852994,0.014648950099945069,0.8
1937,0.6151697110903878,16.762839524155726,17.495045272830662,0.014441990852355957,0.85
1938,0.6945377410733744,16.930736260272205,17.21251258982457,0.014421355724334717,0.9
1939,0.6370278161118007,17.16008260561397,16.723988209056046,0.014475548267364502,0.85
1940,0.7869556633904196,18.887316007973226,19.032970803030608,0.014486467838287354,0.95
1941,0.7695793349945536,20.631212600732972,20.82951556971532,0.014793038368225098,0.95
1942,0.5002061478553137,17.486003525235002,18.446391589760783,0.014568960666656494,0.8
1943,0.6960014997699849,16.104220112677574,16.27200258614011,0.014398729801177979,0.9
1944,0.45603194495203764,18.817231078846582,19.86784107564021,0.014469563961029053,0.75
1945,0.6429431563426726,17.114072361057943,17.11902979012982,0.01467832326889038,0.85
1946,0.8663823135752251,21.05464044029415,21.05464044029415,0.014332950115203857,1.0
1947,0.7550326430211243,19.527967623356208,19.686043297903595,0.014206898212432862,0.95
1948,0.6085398078073512,18.251054043969148,18.778718132437525,0.014407134056091309,0.85
1949,0.7886605571614043,19.1648965027291,19.305073098764286,0.014173007011413575,0.95
1950,0.5223050442574584,18.096290579863428,18.793376693111895,0.014259040355682373,0.8
1951,0.5459518523863769,16.693452184949912,16.925842294541805,0.01465359926223755,0.8
1952,0.7183794924271255,16.753451221795068,17.091108766203053,0.014081966876983643,0.9
1953,0.7011292367093522,16.79592052492481,17.09585085420265,0.01422581672668457,0.9
1954,0.7796643640466756,16.938692513128423,16.962921946111347,0.014578962326049804,0.95
1955,0.60036340628445,16.779378642776784,17.27865367375315,0.014789152145385741,0.85
1956,0.6641720960548828,18.628068093711434,17.497002261527573,0.014060235023498536,0.9
1957,0.6793442137952397,18.075808810791195,18.14564015223872,0.014232432842254639,0.9
1958,0.6187829333678299,18.178450373476785,18.993513329011343,0.014284646511077881,0.85
1959,0.7668378074387103,16.790415578825296,16.9242471074003,0.013944196701049804,0.95
1960,0.6794741175925425,17.1404312006049,17.10374205909233,0.016755270957946777,0.9
1961,0.8634038003893396,17.533925636875498,17.533925636875498,0.013955366611480714,1.0
1962,0.7007782073464139,19.613329814960448,19.850943477988164,0.014342856407165528,0.9
1963,0.7011013447912144,17.465828101767592,17.834875453743553,0.014503896236419678,0.9
1964,0.6298966322061867,18.063618302600737,19.155472804509717,0.014196193218231202,0.85
1965,0.5990639105833286,16.89817402876261,17.49308492853655,0.014134979248046875,0.85
1966,0.7093034027501839,17.078411874129625,16.42944035501351,0.014078593254089356,0.9
1967,0.6982468065441167,17.906590155695557,18.25869473615544,0.013865149021148682,0.9
1968,0.6017803094087181,17.038740925428854,17.523583005455503,0.014050483703613281,0.85
1969,0.561537030741054,19.068279845687073,18.988411973431866,0.0142303466796875,0.8
1970,0.6752609121034998,16.94293959850647,17.303593416629532,0.014208900928497314,0.9
1971,0.6968192699960969,16.57966770449961,16.761582261636935,0.014246797561645508,0.9
1972,0.5076752680567251,17.809367146497696,18.369571238116876,0.014298176765441895,0.8
1973,0.7789370757182692,18.20856611983665,18.46483296179962,0.01395031213760376,0.95
1974,0.64734081949329,16.986933229083288,17.437810871525215,0.01406456232070923,0.85
1975,0.6107546820604902,15.253567621790742,15.162988992796466,0.01440659761428833,0.85
1976,0.6893413889471208,15.00587376086197,14.74808511187429,0.013749480247497559,0.9
1977,0.763316883590475,15.822018740078056,15.679589890874434,0.01492372751235962,0.95
1978,0.8650973828153055,17.46394959921394,17.46394959921394,0.014274525642395019,1.0
1979,0.6935184128593593,19.843017672480055,20.636473915297387,0.014322805404663085,0.9
1980,0.6742638405172326,19.293538063904144,20.06248977367362,0.01439058780670166,0.9
1981,0.7625065357958826,18.963731935770237,19.280315005165857,0.014487922191619873,0.95
1982,0.7539487784747696,18.8669002940054,19.158619410788187,0.014984512329101562,0.95
1983,0.6162406783000459,18.344257340581436,18.514448478461958,0.014484012126922607,0.85
1984,0.7609706905799885,18.304408865341706,18.348893860720366,0.014970898628234863,0.95
1985,0.6125543628427053,17.918937622883355,18.316685490160495,0.01440349817276001,0.85
1986,0.692539603603036,17.608298446418686,18.327431729395784,0.01415315866470337,0.9
1987,0.7718771893720792,16.72716842227045,16.683932185902883,0.014704978466033936,0.95
1988,0.5660327034955683,17.026787539622596,17.907476122222363,0.013979017734527588,0.8
1989,0.7548565744351757,17.892214450791702,17.950210217863166,0.014167475700378417,0.95
1990,0.6043592239270313,18.957781505412086,18.387562227703516,0.014209771156311035,0.85
1991,0.6717714976818805,16.392627920847964,16.27260441310311,0.014154064655303954,0.9
1992,0.7650864099820002,18.094830385788278,18.205897018302053,0.014449024200439453,0.95
1993,0.6027395777078517,18.711384717916562,19.582625419143415,0.014426124095916749,0.85
1994,0.7611410369143201,18.671360625075465,18.87753744805256,0.01447700262069702,0.95
1995,0.6925938153075477,19.305378417013674,19.46185068503356,0.01452254056930542,0.9
1996,0.8421387434128004,20.720189756839396,20.720189756839396,0.014696919918060302,1.0
1997,0.7774048724914705,17.868722737185767,18.151151397773976,0.014224052429199219,0.95
1998,0.7710805454370668,18.6127738263393,18.727003579130166,0.014408528804779053,0.95
1999,0.6894262329167059,18.652448555471707,18.97644023808238,0.014357686042785645,0.9
2000,0.6695099551391742,16.15031365111816,16.23330377916635,0.016362488269805908,0.9
2001,0.7602739951301873,19.625620626161073,19.680460786465023,0.014913761615753173,0.95
2002,0.48673279803958264,19.043878732778488,20.11692531790919,0.014376425743103027,0.8
2003,0.7466950794001679,20.478666880302228,20.6279348694828,0.01444183588027954,0.95
2004,0.8557754158959202,17.091016822155574,17.091016822155574,0.014388251304626464,1.0
2005,0.6906184958732837,16.504878535073342,16.459692733980486,0.014665055274963378,0.9
2006,0.3385765332713028,16.359191774360948,17.084475124380358,0.015204119682312011,0.7
2007,0.8668016479754016,18.348614069658446,18.348614069658446,0.014084577560424805,1.0
2008,0.764437550515114,16.96153184083429,17.219752716959583,0.015061068534851074,0.95
2009,0.7476580615512255,17.486339928118095,17.572552202349936,0.01453258991241455,0.95
2010,0.4906725141410403,16.49944648954424,16.452826958808814,0.014681625366210937,0.8
2011,0.7594577993801834,20.329658960920703,20.61516167736502,0.014746177196502685,0.95
2012,0.8165946794346046,17.960771191556333,17.960771191556333,0.014656412601470947,1.0
2013,0.6758787276080416,15.277614297639412,15.312116578898715,0.01382826566696167,0.9
2014,0.3221163403505215,17.511468781177857,17.204118300631077,0.014069128036499023,0.7
2015,0.5294758086072402,16.348187840948256,16.86926488349384,0.014687514305114746,0.8
2016,0.6106444167457006,17.654326840480714,17.3143318026295,0.014439094066619872,0.85
2017,0.5773399242354548,19.622739252011506,20.452602170723637,0.014780962467193603,0.85
2018,0.666299427195586,19.290533270565035,19.794709688495974,0.013585400581359864,0.9
2019,0.7900306452314868,18.763407756820072,19.114721840607835,0.014035975933074952,0.95
2020,0.6858992263484933,16.924611638792502,16.895211907172904,0.014196813106536865,0.9
2021,0.6834838066619604,17.143457686781296,17.52051077270627,0.01367267370223999,0.9
2022,0.6184736715846096,16.64550855801378,16.820093586752577,0.014390897750854493,0.85
2023,0.6307975869382633,17.630703772205646,18.164366152484273,0.014302265644073487,0.85
2024,0.7877231391386096,17.452511332064393,17.833343476478387,0.014010798931121827,0.95
2025,0.768658609593546,16.91134727871691,17.001992473491317,0.014053022861480713,0.95
2026,0.7868910671342212,17.483150948784036,17.704645768037924,0.014649403095245362,0.95
2027,0.6813969755135154,20.342019239252185,21.265346279261166,0.013923156261444091,0.9
2028,0.8437829363840679,19.538611891352993,19.538611891352993,0.01477048397064209,1.0
2029,0.48827341400439594,18.307857260421102,19.08016824342001,0.013811957836151124,0.8
2030,0.6917968366443527,17.400727755179222,17.480151946606174,0.01429520845413208,0.9
2031,0.7689810677099316,18.60861075966166,18.87907373704512,0.01408294439315796,0.95
2032,0.5946025005751967,16.224442549674105,16.725062439006837,0.0141829252243042,0.85
2033,0.41525847962826895,19.113497333344966,19.753424088302395,0.014182662963867188,0.75
2034,0.5990566864918534,18.89057778321609,19.37494884722373,0.014269542694091798,0.85
2035,0.8436427260745247,19.890467984008673,19.890467984008673,0.016879522800445558,1.0
2036,0.3672999016583298,17.304425869480312,18.574121254397387,0.013906168937683105,0.7
2037,0.5752853751722726,16.489370929987484,16.875373956833233,0.014259243011474609,0.85
2038,0.7280959668913816,15.521278934791871,15.449713353132058,0.01416778564453125,0.95
2039,0.6624974352777977,16.941865353008126,17.052723028200322,0.01380389928817749,0.9
2040,0.6759890609253052,19.809487433891697,20.278881235760796,0.014302170276641846,0.9
2041,0.33539186559953904,22.01208645542298,24.42095451221158,0.014238309860229493,0.7
2042,0.6928698747755238,21.877220440883274,17.36500661077612,0.014350461959838866,0.9
2043,0.668686835241658,15.0461848263635,14.779267027520522,0.013928389549255371,0.9
2044,0.5073872665974422,20.921338827876017,15.508842492524984,0.014147579669952393,0.8
2045,0.6817784591974065,16.568067481960775,16.771982469876605,0.014774644374847412,0.9
2046,0.7701141288349806,15.474009047145847,15.613427879207096,0.014760899543762206,0.95
2047,0.6832646178261816,17.416361927223594,17.63077222374474,0.014453554153442382,0.9
2048,0.7731547778795881,16.719202641394155,17.049767509765736,0.014291393756866454,0.95
2049,0.6869129360185557,19.341116772899465,19.919897320154334,0.014116632938385009,0.9
2050,0.6789966851888938,19.55583384219957,19.782212527283793,0.014284658432006835,0.9
2051,0.47876245096379944,18.283982746948116,18.421910868080204,0.013949942588806153,0.8
2052,0.7378070052025311,20.731137255364168,20.962981432802916,0.014328265190124511,0.95
2053,0.6674261070310425,21.87531384695984,21.662214277197293,0.013961386680603028,0.9
2054,0.7543930690034812,17.20216333201241,17.490396867165003,0.014004004001617432,0.95
2055,0.7704827855876204,17.381006581629226,17.49020362716727,0.015048551559448241,0.95
2056,0.8306113201645816,18.460738846046393,18.460738846046393,0.014765560626983643,1.0
2057,0.6141770250441017,19.00494124571059,19.820312810659075,0.014194226264953614,0.85
2058,0.6961471509673302,18.26205754320903,18.611444162853257,0.014411056041717529,0.9
2059,0.6807199217997253,18.081463623864703,18.21986380441215,0.014221596717834472,0.9
2060,0.7000568927732386,19.115403277190698,19.6163778094225,0.014168834686279297,0.9
2061,0.42447159487208397,17.248127826817118,17.862120220095946,0.014619672298431396,0.75
2062,0.6789669818812958,18.103543755319976,18.537525921477528,0.01423804759979248,0.9
2063,0.5720941141412702,20.47712675639842,21.20986089794772,0.014135122299194336,0.85
2064,0.698810110081441,22.63825538057843,23.609195912722,0.014097702503204346,0.9
2065,0.5200594641287112,17.055033099728988,17.645756103060176,0.014274299144744873,0.8
2066,0.7935115460954394,23.92687232526709,23.92687232526709,0.014455437660217285,1.0
2067,0.7631282398375315,17.858138393064834,18.012523522645257,0.014342188835144043,0.95
2068,0.744271876190526,18.63647541793923,18.777590412821592,0.014226555824279785,0.95
2069,0.7469542258196602,16.99712489646993,17.10932705452602,0.014616107940673828,0.95
2070,0.6759996680442366,17.182624248798717,17.649781908875198,0.014132606983184814,0.9
2071,0.6556924524567187,23.105890932153944,18.491476249520602,0.014653337001800538,0.9
2072,0.5783456148124861,23.816595482423924,19.352777982956393,0.014519321918487548,0.85
2073,0.8486434560984806,17.54899208957395,17.54899208957395,0.014175593852996826,1.0
2074,0.5919252994694859,21.71666117874201,23.027435237563992,0.014524531364440919,0.85
2075,0.5060859036606666,23.0020361876207,25.27103712650742,0.014089035987854003,0.8
2076,0.46043056217229106,23.331559958371113,18.758483253715287,0.014343905448913574,0.8
2077,0.5230598092484603,16.71984991104879,17.554782607865718,0.014223182201385498,0.8
2078,0.48217264550850303,23.888530447257512,18.52145250513425,0.014020872116088868,0.8
2079,0.7400342953435448,23.412608760197813,18.833645485553376,0.014312171936035156,0.95
2080,0.57548775167864,23.962606768031698,25.424313291316224,0.014483177661895752,0.85
2081,0.5928819696779327,24.640132739846585,25.150932430375537,0.014589643478393555,0.85
2082,0.7285046450100777,29.31958728508971,24.42710664296679,0.014332497119903564,0.95
2083,0.6566911285782823,24.736224313794626,20.230678405604287,0.014897036552429199,0.9
2084,0.7618931650325709,20.18065777621924,20.560465612355806,0.014989042282104492,0.95
2085,0.5610971130128873,21.61493771878682,17.32817673192569,0.014903068542480469,0.85
2086,0.6602641349206111,23.536515266899436,23.519698648351874,0.01455848217010498,0.9
2087,0.5785534782170916,22.190583959549212,17.908105631279064,0.014713871479034423,0.85
2088,0.6132426776362528,29.614226616294218,25.764018882228154,0.014816343784332275,0.9
2089,0.4821055396038531,29.80158193216501,20.25422180508371,0.01432175636291504,0.8
2090,0.5687746391752666,25.000173505686192,20.551238328956806,0.014209628105163574,0.85
2091,0.6560874190155793,23.90851304200576,19.751731502675437,0.014713692665100097,0.9
2092,0.6682307401214886,18.622178445455905,18.818987006539075,0.014620006084442139,0.9
2093,0.6808336228494765,18.625252111018433,17.983625794545453,0.014342999458312989,0.9
2094,0.38369970086564037,21.80922971709524,16.989219961149274,0.014394259452819825,0.75
2095,0.5834045577114184,16.866078948313874,17.22735333320959,0.014326798915863036,0.85
2096,0.5154916733731667,21.90533927407992,17.902905233471124,0.014820826053619385,0.8
2097,0.7646534486257425,18.914535377283194,19.33267106031748,0.014548730850219727,0.95
2098,0.8137858016243374,22.389153739112253,22.389153739112253,0.014997506141662597,1.0
2099,0.481753136892156,20.89535270293909,16.845155521008753,0.013990628719329833,0.8
2100,0.7060893381939938,27.833503801188748,28.32853252018369,0.014504528045654297,0.95
2101,0.7568805876442434,23.214235283628643,22.616786753601524,0.014213240146636963,0.95
2102,0.5630365146657071,25.17171825341629,19.910481202437513,0.014432930946350097,0.85
2103,0.5042804015493639,19.604195769137135,20.243849992698333,0.014266467094421387,0.8
2104,0.609869123172988,17.365949120216076,17.15447142409524,0.014388751983642579,0.85
2105,0.5927210765148482,18.29909942659445,18.70504046356291,0.014758861064910889,0.85
2106,0.593880484988962,19.92942412135026,20.450520307971125,0.0140916109085083,0.85
2107,0.5459962537434948,22.854614687577186,23.90550131206792,0.01443178653717041,0.85
2108,0.5666927199519118,22.24776525372773,17.73503767335207,0.014239180088043212,0.85
2109,0.6666081173070604,25.27321255748807,21.090283415186335,0.013985323905944824,0.9
2110,0.45793927455714883,33.45714148331116,24.965729198643295,0.014628612995147705,0.8
2111,0.6627239387829071,21.03282676716708,16.243517095874555,0.014683794975280762,0.9
2112,0.5494805858751995,28.705148458787853,19.24089512645483,0.014134013652801513,0.85
2113,0.6791175431661776,21.404358034128492,17.174945232394474,0.014614033699035644,0.9
2114,0.6374360633401002,23.602381300585556,24.716177425775626,0.01445767879486084,0.9
2115,0.3780528134881713,28.174648816601138,18.891026038510503,0.014153432846069337,0.75
2116,0.4634941053447654,24.061667446579044,19.463572665436857,0.014438450336456299,0.8
2117,0.5523988961773579,18.520213094073473,19.163247691892106,0.014400756359100342,0.85
2118,0.5529226164870839,24.807557399720306,19.56548939022293,0.014728271961212158,0.85
2119,0.7283335578430354,25.056111963880443,20.290279723724552,0.014500927925109864,0.95
2120,0.7479014267776252,21.808255630109098,22.21217189522021,0.014755642414093018,0.95
2121,0.6408661802249337,26.34169266658201,22.18703612372694,0.015119338035583496,0.9
2122,0.7273043615398284,27.56022830475875,28.147725537992528,0.01450047492980957,0.95
2123,0.7442514671353394,16.391454587714883,16.276489109537998,0.014507246017456055,0.95
2124,0.6522190732961737,21.37349695282983,22.082224429486555,0.014889538288116455,0.9
2125,0.5379749357720176,27.18045335014498,29.473024110599052,0.015116727352142334,0.85
2126,0.7860068611418025,18.138093384718548,18.413970431736384,0.014999723434448243,0.95
2127,0.6624440513000847,23.614204699744175,24.51444019319566,0.014548730850219727,0.9
2128,0.7327903365923973,23.79680121971277,24.244009777852266,0.014555466175079346,0.95
2129,0.3842242083270283,24.489994216976136,25.19772431434199,0.014586997032165528,0.75
2130,0.5419459147218504,31.2530373247963,21.648848600254848,0.014250731468200684,0.85
2131,0.39529526070221765,30.28635432526682,27.1387956421309,0.01443154811859131,0.75
2132,0.6373940146525053,23.53591737344618,24.5467160260867,0.01424257755279541,0.9
2133,0.657532923066087,22.3640795666385,23.11264132384539,0.01422790288925171,0.9
2134,0.2596927775835739,40.619497252288575,29.53035733534449,0.014394593238830567,0.7
2135,0.726910674729606,21.30257609852768,21.346212394003214,0.014748358726501464,0.95
2136,0.2883832976614589,32.761599350722236,24.780642213576005,0.014272463321685792,0.7
2137,0.5420718880459993,29.639474418374753,25.946583392151062,0.014466381072998047,0.85
2138,0.5669607598539262,22.021107525265563,17.432779991837837,0.014540326595306397,0.85
2139,0.8177785003952531,24.179764074457378,24.179764074457378,0.014479148387908935,1.0
2140,0.6389951890179209,16.705317800374793,16.86786210925645,0.014932632446289062,0.9
2141,0.7435050959541576,18.646873831024607,18.941821229207783,0.014760076999664307,0.95
2142,0.5773193505663677,19.045169780816263,19.83313447883379,0.014168453216552735,0.85
2143,0.6551265131190231,19.92906725533691,20.59110244330152,0.014464879035949707,0.9
2144,0.6573319640929616,16.953391835639273,16.926787331416918,0.013913357257843017,0.9
2145,0.45334698142871954,28.261750415863467,18.198196799622604,0.014757692813873291,0.8
2146,0.4976805396632364,26.286178777638288,21.883945028511953,0.014426302909851075,0.8
2147,0.6764048743304526,20.49198935570393,21.227737805678142,0.014985156059265137,0.9
2148,0.6147236505508016,31.48555380120493,32.43613184035461,0.014123427867889404,0.9
2149,0.7455927442881152,21.25927205447561,21.686302092419133,0.014333641529083252,0.95
2150,0.7245283465185038,27.85078525445727,28.626834950211457,0.014430463314056396,0.95
2151,0.6392740209392016,23.12860492033639,24.026057689887963,0.013866829872131347,0.9
2152,0.660662414137234,16.663150227358628,16.80384344327989,0.014717566967010497,0.9
2153,0.5317552462264642,29.835538541923007,26.31808588350027,0.014196300506591797,0.85
2154,0.5492025294528262,31.167132219971858,21.77958163333299,0.014101123809814453,0.85
2155,0.8342128993027178,20.922279585115575,20.922279585115575,0.014430630207061767,1.0
2156,0.4408005190683541,32.46102925558341,23.578207385699873,0.01460806131362915,0.8
2157,0.7200895962395911,32.82778183629083,28.634551018820645,0.014185941219329834,0.95
2158,0.6668743236424934,18.32878377974997,18.640063512861097,0.014444267749786377,0.9
2159,0.742363237211916,18.652284700042625,18.774094387673024,0.014435923099517823,0.95
2160,0.7091034104262512,26.961905881066524,27.501441208132572,0.014408540725708009,0.95
2161,0.3605927246816608,32.305134680848944,17.92599901235068,0.014297664165496826,0.75
2162,0.6253768338567804,23.087136570363114,17.122288692799792,0.014412343502044678,0.9
2163,0.698108438873534,17.359790309241113,17.61218180880193,0.01458667516708374,0.9
2164,0.5361326849474144,22.440818417693325,23.208521466208722,0.014337503910064697,0.85
2165,0.7703775259725208,16.581750565028987,16.85937039390061,0.0140625,0.95
2166,0.5942349128815233,19.129067951223554,19.47807598094286,0.014424467086791992,0.85
2167,0.7469301466200309,18.00316461067384,18.289806658331024,0.014326822757720948,0.95
2168,0.4285049920251338,28.524655529732552,25.28463154643461,0.014933860301971436,0.8
2169,0.7553770893676133,18.423486645325518,18.376178274628543,0.014075851440429688,0.95
2170,0.636141522264057,26.57969236316138,22.043596425320587,0.014478588104248047,0.9
2171,0.6756219668608562,32.25958965247072,33.21757762168432,0.014051878452301025,0.95
2172,0.7086607366654042,24.361127065470036,24.708501720313308,0.014288318157196046,0.95
2173,0.5551959429027,23.757930319657703,25.617186867863953,0.014881455898284912,0.85
2174,0.7292257863433151,19.355249943074515,19.683640909389137,0.014725542068481446,0.95
2175,0.5410464394192903,25.72004937650155,21.673036339976836,0.013797926902770995,0.85
2176,0.5524324945757331,25.60659800894016,22.1017624937723,0.014168870449066163,0.85
2177,0.8177133966566703,22.535186731639946,22.535186731639946,0.014661598205566406,1.0
2178,0.649370694093325,16.606613513406685,17.003255502210216,0.014641880989074707,0.9
2179,0.5422235731285389,20.529895203587245,16.28510863262612,0.01541212797164917,0.85
2180,0.6611110678983328,18.168333787568184,18.539634058908277,0.014364755153656006,0.9
2181,0.4079452081501554,25.442052670104662,21.65721056488216,0.014148557186126709,0.75
2182,0.6627924773348539,24.175145669619212,19.382116075958933,0.014469730854034423,0.9
2183,0.7739643205254971,18.207748951186158,18.562449446335492,0.014493596553802491,0.95
2184,0.6479853020954659,19.98716452756915,20.529201597056815,0.014156579971313477,0.9
2185,0.6354373783349814,24.278041375267783,20.306437771072453,0.01446843147277832,0.9
2186,0.5618757402282194,18.734533189181555,16.797727294057996,0.015114116668701171,0.85
2187,0.43858737691069993,29.150174660767185,18.902863795401053,0.014401638507843017,0.8
2188,0.6323216064854547,20.687222241788003,21.11171084589119,0.014382743835449218,0.9
2189,0.5500463564778535,26.074035395028382,22.170614803747398,0.014094722270965577,0.85
2190,0.28477431127152353,31.319022944523482,16.198923928938093,0.014286398887634277,0.7
2191,0.39238053831653724,27.909920425262946,25.275609254792105,0.014269816875457763,0.75
2192,0.4133214138537181,24.803402749710404,27.17076219112604,0.014309263229370118,0.75
2193,0.6177674258237082,22.80017768838227,17.703422646253458,0.014875674247741699,0.9
2194,0.47048991261654366,32.105932112202495,29.422392085796815,0.014394736289978028,0.8
2195,0.6266903034643454,26.96217425427228,22.313312347067384,0.014631533622741699,0.9
2196,0.3552434168561927,37.683421412503655,24.446556533853766,0.01416388750076294,0.75
2197,0.6239119117047306,31.959401425697205,27.840507610533272,0.014161789417266845,0.9
2198,0.6043863697943921,27.90472039289325,17.667980438160352,0.013956725597381592,0.9
2199,0.5765124750658724,23.72899931579257,25.563629470248998,0.01849287748336792,0.85
2200,0.436548980622873,38.9305141310488,32.76239643014126,0.013992846012115479,0.8
2201,0.5481015591273317,27.806242947238093,18.280495189308496,0.014017856121063233,0.85
2202,0.6164382498992672,26.579881560922523,17.2142361165761,0.014069712162017823,0.9
2203,0.716699611233355,21.978592951193782,16.82220920059613,0.013862693309783935,0.95
2204,0.7488777102136983,33.06919026866489,33.06919026866489,0.013793957233428956,1.0
2205,0.6200713826317699,25.299223485346204,19.4653966375778,0.013888323307037353,0.9
2206,0.6276761911770044,28.093472423893303,28.299985129374885,0.0148492693901062,0.9
2207,0.6400983654163452,30.050458293591838,26.286629607534948,0.015043163299560547,0.9
2208,0.37508095723300017,31.69873778663824,23.272327182609036,0.014203894138336181,0.75
2209,0.6458031188097437,22.12840139162955,17.812318581548958,0.01371462345123291,0.9
2210,0.26112268667985805,21.24189870965851,17.267105175645234,0.014252007007598877,0.65
2211,0.5332106028667827,24.020868016458856,19.604737394251853,0.014195394515991212,0.85
2212,0.6473277562485711,18.78839598841292,18.818015326065037,0.014477717876434325,0.9
2213,0.7315388588667846,22.578461210588664,17.92839063383287,0.014731693267822265,0.95
2214,0.5531262623160106,24.0253129033644,18.510863179741474,0.01410660743713379,0.85
2215,0.8241377370752578,18.975849537117803,18.975849537117803,0.014284121990203857,1.0
2216,0.6109356159396115,28.346936770213972,24.20459460810269,0.015141654014587402,0.9
2217,0.7560976305593657,25.687155572291015,25.687155572291015,0.030475592613220213,1.0
2218,0.7435761106937169,17.09133223842745,17.2237872929626,0.01619664430618286,0.95
2219,0.6158322194325679,27.538933893729563,28.465637593051554,0.014751160144805908,0.9
2220,0.7249800349753747,20.650261693374286,20.8180937014867,0.015338826179504394,0.95
2221,0.43109017864085225,33.78909783885079,25.62430428462909,0.02247415781021118,0.8
2222,0.6406556038130425,22.980652096941498,18.280116207461834,0.014345026016235352,0.9
2223,0.6074476521634691,33.81806289376337,25.064173596080675,0.014489710330963135,0.9
2224,0.601102461148949,34.93481902087048,31.649877849821777,0.01404820680618286,0.9
2225,0.6270457283050402,27.207218677947843,17.411979184656904,0.014398133754730225,0.9
2226,0.5301868536502956,34.463340116313404,25.148224758576653,0.0143538236618042,0.85
2227,0.7001097177611425,25.376160064933128,20.328637911816767,0.014567673206329346,0.95
2228,0.6055717691915214,35.03320794477763,31.85421168628624,0.014413988590240479,0.9
2229,0.5024395796651382,26.09893684339506,22.878263348644445,0.013842451572418212,0.8
2230,0.6833749359190224,32.64599841089157,33.385856976841204,0.014170122146606446,0.95
2231,0.812116297622367,20.916011967637225,20.916011967637225,0.013802361488342286,1.0
2232,0.630129424869545,22.37073036344831,17.438150632330697,0.013782894611358643,0.9
2233,0.5630941242812842,26.582819844148084,22.674656928931725,0.015064585208892822,0.85
2234,0.46396116641878715,28.832128476055583,25.760309700639297,0.014271187782287597,0.8
2235,0.6366257638757126,22.47399143075003,23.607109413263434,0.014305591583251953,0.9
2236,0.6663537685946804,23.222689483477506,22.867934974917304,0.013988971710205078,0.9
2237,0.6454407587062263,32.68334055694358,28.163926378732835,0.014156126976013183,0.9
2238,0.6498794577604571,22.89995403621924,24.05680691829768,0.01391834020614624,0.9
2239,0.6857035134586297,35.13723583645552,30.874288291367083,0.014218950271606445,0.95
2240,0.6884146923046313,29.32298717007014,29.95589993399594,0.014901065826416015,0.95
2241,0.5233981488946685,38.28158059848787,30.914060701935462,0.013904201984405517,0.85
2242,0.7693099076604736,28.362453871094488,28.362453871094488,0.014223313331604004,1.0
2243,0.31496819855666636,46.94918931331673,30.898820886957743,0.013755440711975098,0.75
2244,0.6386934342821661,27.899225175637298,29.05860597634456,0.014048898220062256,0.9
2245,0.20083658328188664,57.873444963335736,47.75615544295458,0.014043796062469482,0.7
2246,0.5871308520856464,38.29293818742033,34.370705250637094,0.014141905307769775,0.9
2247,0.5270396887647496,31.706303365642775,16.328381181951812,0.014703547954559327,0.85
2248,0.5547714718677275,43.134647691187055,35.19787505682756,0.014277291297912598,0.9
2249,0.40211698669743773,41.0144575668911,35.34149578950564,0.014663124084472656,0.8
2250,0.5230494556343207,32.49606027053821,29.363636649847095,0.014028823375701905,0.85
2251,0.6231739895727836,27.148280397011906,27.245900337811953,0.014321911334991454,0.9
2252,0.4561568192110143,37.403878485160085,30.921666893843856,0.014265739917755127,0.8
2253,0.5133641192927764,37.75084506393443,36.513241564643145,0.014486885070800782,0.85
2254,0.30651320883736444,52.620593959901626,45.60660337977958,0.014530277252197266,0.75
2255,0.39118718258103685,43.76405385618307,26.40235334007659,0.014261043071746827,0.8
2256,0.4353706806735983,32.7904171772398,37.16086240151738,0.01447378396987915,0.8
2257,0.3301506098936186,32.85092019691181,23.98526583233802,0.013975739479064941,0.75
2258,0.3582546665452263,42.00324822488149,29.142198198325737,0.014589083194732667,0.8
2259,0.6396767585705015,25.139253798318343,20.92409771059182,0.014069223403930664,0.9
2260,0.48285020622204505,29.416811375245164,20.612533133249947,0.01379011869430542,0.8
2261,0.5303231613347605,32.80159700327596,28.876135561029027,0.014903545379638672,0.85
2262,0.47631067788590664,17.114813027279933,17.57502757251438,0.014463603496551514,0.8
2263,0.5359745551206977,23.724484584311206,17.78504055171662,0.014518916606903076,0.85
2264,0.14117616545960637,39.84207310714315,35.915844742981335,0.0158622145652771,0.65
2265,0.5255980817494914,32.38823797708603,23.4288883256361,0.014234328269958496,0.85
2266,0.39733429544364596,37.484565935841175,29.973410317719612,0.014842712879180908,0.8
2267,0.4102173592249998,40.95313347624276,28.41814870661372,0.014811861515045165,0.8
2268,0.5395036542390255,37.56727032061665,40.86192005732717,0.0143804669380188,0.85
2269,0.7405720869731212,32.57344426270689,32.57344426270689,0.014152348041534424,1.0
2270,0.4258251250148069,34.008407233633896,25.244727094576355,0.01561720371246338,0.8
2271,0.6358758268028896,17.044216389084365,17.210590254662275,0.01472616195678711,0.9
2272,0.5746210210395359,33.19428609389449,24.191991199303725,0.014331436157226563,0.9
2273,0.7231298208296628,17.018797210491904,17.251198864545277,0.014425671100616455,0.95
2274,0.6889976378067175,24.441727864821306,19.45024641328307,0.015014576911926269,0.95
2275,0.7501790322184204,24.21730768556881,24.537510062374434,0.014310300350189209,0.95
2276,0.2956292069091825,46.51881344550489,37.19357640498492,0.014487934112548829,0.75
2277,0.47556021049590874,35.129454288963224,26.997861753036837,0.014536476135253907,0.85
2278,0.5493067500620793,28.447530682911328,19.539347163628758,0.014405167102813721,0.85
2279,0.5902873423839166,31.177273742412694,22.06782918958363,0.014404821395874023,0.9
2280,0.5851645985710945,38.654483309206995,35.954469481083386,0.014330041408538819,0.9
2281,0.5567198210624067,27.709044747391403,24.28670993754945,0.014979207515716552,0.85
2282,0.41058074126602595,37.14635374688286,36.87809871521738,0.014535033702850341,0.8
2283,0.8289734317736024,20.589711760302304,20.589711760302304,0.014367794990539551,1.0
2284,0.7545195487959327,17.339644440782262,17.6337467381701,0.014341199398040771,0.95
2285,0.5496146819109972,28.189844875731534,19.44251199480131,0.014734876155853272,0.85
2286,0.5669997431000603,30.361595134793617,25.37395139903891,0.01453942060470581,0.85
2287,0.3847493661645213,28.888488719786938,19.554833856837906,0.014411282539367676,0.75
2288,0.6269434970835421,28.032455006193953,22.993548918195742,0.015025341510772705,0.9
2289,0.8126365419681365,21.63517357400306,21.63517357400306,0.01486208438873291,1.0
2290,0.629628771506383,26.899470023096278,22.98314822311313,0.014563405513763427,0.9
2291,0.5547469996206436,26.294219941817737,16.74350759836168,0.014572179317474366,0.85
2292,0.6052075566596444,26.115957836944023,21.053123518605172,0.014296984672546387,0.9
2293,0.37596231054153895,51.995703497349226,48.21275290024918,0.015394449234008789,0.8
2294,0.6333779309006489,27.892416721252538,28.990489755965882,0.01403576135635376,0.9
2295,0.7763206379568424,25.889588635773134,25.889588635773134,0.014336979389190674,1.0
2296,0.5958140196791705,27.00539696507741,22.873516746115264,0.014125621318817139,0.9
2297,0.5293646624153467,32.11942553024362,22.617529742844052,0.015464913845062257,0.85
2298,0.5869808451417573,16.581519933465223,16.809396789548853,0.015254628658294678,0.85
2299,0.530107079109037,26.96132872849128,17.565587241440912,0.01514664888381958,0.85
2300,0.3928924746962554,33.507642807504865,26.532777264974747,0.01602005958557129,0.75
2301,0.6872625430005967,27.64170514827797,23.367066533555366,0.015536439418792725,0.95
2302,0.6085992630399579,19.19307556453912,19.32526033656552,0.014946067333221435,0.85
2303,0.44909388329605404,34.60477327134393,26.58321483008075,0.01455528736114502,0.8
2304,0.6312415467084305,27.624915979653878,23.40285578818512,0.014420878887176514,0.9
2305,0.6032810107145822,33.272716752288304,24.204613945920133,0.014531302452087402,0.9
2306,0.5921373260039436,34.048760804831126,30.061985607185875,0.014104998111724854,0.9
2307,0.6057193695653083,28.89984719229044,23.79145127568003,0.014478695392608643,0.9
2308,0.6381774411967744,26.062968588477514,24.914873108335552,0.014388763904571533,0.9
2309,0.6853816664151886,27.564506629858755,28.387150304867504,0.014000248908996583,0.95
2310,0.44170167760265067,25.337687135054793,21.592096078505406,0.014052462577819825,0.8
2311,0.6360880228748751,28.307609305142563,24.40471763108281,0.014114451408386231,0.9
2312,0.44149877415871996,32.59225792279487,36.51253045700331,0.01422199010848999,0.8
2313,0.4239385474135536,27.379444259441346,22.264514778513195,0.01430281400680542,0.8
2314,0.44734903583874386,37.33006127832496,29.291848048007715,0.01395643949508667,0.8
2315,0.43954429438216397,31.471953897982637,17.55866650899192,0.014461445808410644,0.8
2316,0.39757939081923194,44.501964609635834,33.67089813917848,0.014906847476959228,0.8
2317,0.7391855693413767,22.136260972818423,22.76856009156383,0.01397782564163208,0.95
2318,0.6767353699578842,32.584294469731375,28.13424254281278,0.014054739475250244,0.95
2319,0.6150349461398145,29.54000696004502,25.929937513738707,0.014062714576721192,0.9
2320,0.5332959725156355,46.60713032788127,39.4999386870989,0.014281010627746582,0.9
2321,0.4811983180597025,41.82691490229971,41.04881711639411,0.013903927803039551,0.85
2322,0.45002130979953947,30.313965487737363,22.043563410085373,0.014230620861053467,0.8
2323,0.5605378957758559,29.978671767719483,27.338045404876706,0.0159282922744751,0.85
2324,0.5503260651780114,25.56455549157398,21.985147327145242,0.015000414848327637,0.85
2325,0.6349129478533646,20.923456560627642,21.499878688548804,0.014609777927398681,0.9
2326,0.44159133810989915,32.27405095613291,23.328837525462607,0.014440679550170898,0.8
2327,0.6086348064938051,29.54691556367767,25.229430774661886,0.015982556343078613,0.9
2328,0.3158745399430323,43.08859989197914,32.87732603542325,0.01430591344833374,0.75
2329,0.5800765517689509,43.194853425635145,35.40904714991262,0.014283859729766845,0.9
2330,0.3304341018607749,43.14357010457988,45.981806480894015,0.014849364757537842,0.75
2331,0.2956193799368407,47.548265998676285,44.976087866787935,0.014364027976989746,0.75
2332,0.23652741651901002,48.11011315325251,30.24851913020121,0.01496109962463379,0.7
2333,0.4067665093288032,24.82251925595219,18.820137569394173,0.014177727699279784,0.75
2334,0.33309467675682713,37.907524963159446,25.459306100150386,0.01426771879196167,0.75
2335,0.4285296049146054,26.797582027746536,30.003010723477573,0.014140987396240234,0.8
2336,0.5304576101604068,26.114045079683372,16.332491216850684,0.01384575366973877,0.85
2337,0.39841017090317976,26.918847576170386,23.190246348666438,0.014291524887084961,0.75
2338,0.7993043801086555,22.241406038258898,22.241406038258898,0.014610564708709717,1.0
2339,0.3715980571166476,46.80002513382852,41.09344574408832,0.014318454265594482,0.8
2340,0.32359400392304527,32.1025399234058,31.815883979099294,0.014543306827545167,0.75
2341,0.24632577500595154,43.00011085373765,40.86535602168557,0.014247870445251465,0.7
2342,0.35538548247655816,33.71391094889443,33.51180382516063,0.014135825634002685,0.75
2343,0.4541243196967771,43.70402570825161,36.45937178025193,0.014567601680755615,0.85
2344,0.6005952400133748,33.50018939309179,23.927298462621454,0.014999175071716308,0.9
2345,0.6590101395869652,38.15830065484907,34.262536322106335,0.01566232442855835,0.95
2346,0.5257632596662656,35.136798561012995,21.013064054411917,0.014559030532836914,0.85
2347,0.40314766953084613,40.63292996721792,34.51739791394062,0.015065109729766846,0.8
2348,0.5834066806095738,41.15462839275303,33.208117842294605,0.015800786018371583,0.9
2349,0.6959944591901173,26.18495957914911,26.98837275842959,0.01438760757446289,0.95
2350,0.5103637562341841,36.91249836615375,23.721665381228373,0.014521074295043946,0.85
2351,0.5032777822107171,33.92741211206056,31.466159264518865,0.01472080945968628,0.85
2352,0.5258103692069092,34.000393264862794,31.47757254231147,0.014036059379577637,0.85
2353,0.7389887752086561,17.785915538336873,17.876835661814873,0.0142608642578125,0.95
2354,0.6867894358646068,37.08852441317898,33.01068761151609,0.014715850353240967,0.95
2355,0.6326123516913051,38.57162652322761,34.44513249681778,0.014765989780426026,0.95
2356,0.41560786185944193,35.37072056704105,28.22796577060377,0.013940572738647461,0.8
2357,0.5518019053942422,29.779217363256016,20.552783949994076,0.014859604835510253,0.85
2358,0.45423605249539173,27.666475014302335,19.10143934993946,0.014615905284881592,0.8
2359,0.30801910261503096,49.391488748295856,34.36869957876775,0.014389288425445557,0.75
2360,0.5463648703403878,24.84747634720463,24.577487541770193,0.01459594964981079,0.85
2361,0.4737945988628144,24.950062854056284,20.709028436268017,0.014302778244018554,0.8
2362,0.44123833244323807,37.26342369651764,23.837555968244743,0.014395928382873536,0.8
2363,0.4709054127729191,22.516861468147958,24.233286364335893,0.014101994037628175,0.8
2364,0.6291929431074073,24.290758304113375,19.408000636903864,0.014275610446929932,0.9
2365,0.5260131190592838,27.080356204953894,24.09739317596219,0.01446235179901123,0.85
2366,0.37193404985554895,32.87638929046143,26.34984990960845,0.014009392261505127,0.75
2367,0.3267415091635003,46.27573324637123,35.43840888984372,0.014497327804565429,0.75
2368,0.4075768441847131,42.14309559003515,30.045167238791688,0.014477431774139404,0.8
2369,0.39989156419551947,19.29262618751472,14.24898828740015,0.01551973819732666,0.75
2370,0.3887002675377861,39.355647965150816,32.88187977912705,0.014268910884857178,0.8
2371,0.567743972945161,41.28223031044905,33.50305808155498,0.014427220821380616,0.9
2372,0.5239007088310783,41.95125703172656,39.374255634284076,0.014671504497528076,0.9
2373,0.4503691221368175,30.28136049017106,15.563590930928692,0.014148247241973878,0.8
2374,0.5393896707529084,25.755511781121225,21.743605262839758,0.014213323593139648,0.85
2375,0.4829208435818312,39.95324836355838,27.378197434498333,0.014290535449981689,0.85
2376,0.4198340830283126,30.96994626323876,22.375658384124613,0.014423823356628418,0.8
2377,0.24205096895965603,40.326479892675046,23.386764359656873,0.01464921236038208,0.7
2378,0.7145483639179372,25.990944619263946,21.219623379110033,0.014810991287231446,0.95
2379,0.528307120858172,35.48371489678361,33.910709181771104,0.014940297603607178,0.85
2380,0.6157609664785525,30.461160060046033,26.120482957426887,0.014575040340423584,0.9
2381,0.5407159486367618,31.602832860755598,16.615013701458658,0.014136552810668945,0.85
2382,0.3464678963501389,33.01294483114889,19.78344447550608,0.014903450012207031,0.75
2383,0.3907081964537865,42.84482528911831,31.951690436110415,0.014665794372558594,0.8
2384,0.07618126572687071,42.26212903940019,35.91181771921358,0.014173734188079833,0.6
2385,0.6146601211657166,31.973241053147074,32.95491407669068,0.014391124248504639,0.9
2386,0.5801537250195891,32.65176500637414,23.028869296483823,0.014195561408996582,0.9
2387,0.17955109066525196,34.728696246214945,14.303941723136479,0.014535391330718994,0.65
2388,0.1764234332927869,56.04766263281141,44.90384992696638,0.014571630954742431,0.7
2389,0.7073805675442438,28.399788229128596,23.90595445938797,0.015195393562316894,0.95
2390,0.3522917747209673,36.700312427491056,23.956988411128023,0.015129268169403076,0.75
2391,0.5799653006959342,36.68903771911175,27.87072302564781,0.01516129970550537,0.9
2392,0.46420145438721566,42.46064466483328,40.66210484167515,0.014790141582489013,0.85
2393,0.3971304315485249,47.11287569983731,30.46576859644729,0.014448153972625732,0.8
2394,0.5304168486534104,36.818786763759434,23.471804480700392,0.01459285020828247,0.85
2395,0.5364570211082667,48.53729186056165,41.363390340686074,0.015725553035736084,0.9
2396,0.27187455964055823,57.946761774482376,45.67821340347079,0.014703738689422607,0.75
2397,0.5567344723495797,51.00525949691811,44.42878352011062,0.014700984954833985,0.9
2398,0.340108646759982,31.996611481941898,30.94316962874767,0.01447761058807373,0.75
2399,0.5000509147044554,26.343209210212155,21.481707320386015,0.014604699611663819,0.85
2400,0.08083827764451704,41.3535549580249,18.541321805435715,0.014836692810058593,0.6
2401,0.5358983080782758,28.821291364556977,25.6057142559369,0.014607119560241699,0.85
2402,0.4523917004123793,31.24117788246046,23.501047865506646,0.015024387836456298,0.8
2403,0.7066029006188531,26.7475590135464,22.316204962196434,0.01475520133972168,0.95
2404,0.5444628103509487,28.591766026387297,24.065459479633276,0.014873600006103516,0.85
2405,0.5236517143246731,34.318853047756086,32.62758719305969,0.01413726806640625,0.85
2406,0.5872910508539619,38.795999592108785,35.763339638364485,0.014270281791687012,0.9
2407,0.6427409832284864,21.294783914145604,16.54170023247653,0.014263057708740234,0.9
2408,0.33891340861270336,41.97793063723453,24.132803446166996,0.014367818832397461,0.75
2409,0.27846064428727957,52.17670781179403,31.562882711914668,0.015316271781921386,0.75
2410,0.16699460881986283,43.41572182859878,28.30803288592936,0.014440023899078369,0.65
2411,0.21379905670886862,48.97118406041467,32.617323211308126,0.014842700958251954,0.7
2412,0.35618858379678675,31.234354896958543,23.666381969191075,0.015042996406555176,0.75
2413,0.3699040800183938,51.133860976678676,34.642851514935614,0.014901769161224366,0.8
2414,0.6729288164904531,36.65877204171881,37.73092774804686,0.015130507946014404,0.95
2415,0.2615828206770444,62.51178104795141,45.36009701532669,0.014835381507873535,0.75
2416,0.29616565406326045,62.247847498436315,53.64637806818988,0.01450951099395752,0.8
2417,0.604814215240815,27.21676828167556,17.167770153542005,0.015033650398254394,0.9
2418,0.39131138111075947,20.08979267543705,16.14705926261898,0.014705729484558106,0.75
2419,0.7622944250249761,16.50099865295936,16.776983342889373,0.014721107482910157,0.95
2420,0.7108391816568187,28.10777422975234,23.0328798914873,0.014696645736694335,0.95
2421,0.3579396002529704,32.92311434847541,19.14008722523069,0.014467334747314453,0.75
2422,0.4278159587432155,34.895110232118874,27.46639330962638,0.014415979385375977,0.8
2423,0.5889878896721756,33.135089676415106,29.583977304204407,0.014945650100708007,0.9
2424,0.3341019565386806,42.707934235720316,24.56918711820598,0.01472545862197876,0.75
2425,0.439524061715194,32.95742473146697,30.766208158370848,0.01453855037689209,0.8
2426,0.6159438929326921,37.77663692159726,34.560598678992946,0.014491641521453857,0.9
2427,0.6288164671295372,29.269313704646102,30.8882838438527,0.014434909820556641,0.9
2428,0.6140784142932566,25.528804300283284,14.950695356273346,0.014599323272705078,0.9
2429,0.6104826717226075,26.92320723347447,22.373972352968913,0.014064157009124756,0.9
2430,0.28411834119147555,51.463163444972096,37.61886387137795,0.014411377906799316,0.75
2431,0.3072325445140335,40.4926190365271,22.374735497514962,0.014173579216003419,0.75
2432,0.39342524900247317,25.042728821410407,15.02856956560283,0.014218246936798096,0.75
2433,0.6151347552382492,28.72686400804713,19.157211895583757,0.014452946186065675,0.9
2434,0.8130747474359745,21.81152542380223,21.81152542380223,0.014574933052062988,1.0
2435,0.47212907911757923,30.0599249183956,28.292729784877796,0.014527559280395508,0.8
2436,0.5706870210942537,39.26797979781751,31.719483618424874,0.014377450942993164,0.9
2437,0.355935552397773,35.97397174367055,29.954060918967407,0.014837241172790528,0.75
2438,0.5585647365757528,36.31433109032993,27.765151925535903,0.014452826976776124,0.9
2439,0.4713615327204216,27.61347866983892,23.423358530842307,0.014594686031341553,0.8
2440,0.5631125235760646,36.14112712961321,27.340319957714005,0.014109206199645997,0.9
2441,0.36247558311071987,25.59732934783088,21.488718342251218,0.014415204524993896,0.75
2442,0.6596116398008495,19.847549357663485,14.626189644704757,0.014107894897460938,0.9
2443,0.4837040831925054,42.67509308022731,29.37746941024298,0.014446794986724854,0.85
2444,0.7462533104048187,21.192836737574375,21.375216008536047,0.014422428607940675,0.95
2445,0.7945842473847037,23.760924938983397,23.760924938983397,0.014184319972991943,1.0
2446,0.7141304473768386,20.21588674421904,20.485491863395193,0.014183998107910156,0.95
2447,0.6109754852692684,27.02842281516888,17.364781173853974,0.014054059982299805,0.9
2448,0.5248770644133631,30.969734096367443,21.45025935235927,0.01400153636932373,0.85
2449,0.46258760158700013,31.720642845056325,17.628070038248577,0.014240169525146484,0.8
2450,0.42673054974948676,37.99629653711324,31.245659541957984,0.014773404598236084,0.8
2451,0.3888728626490797,46.56646123592455,35.17741648324464,0.014448940753936768,0.8
2452,0.42372296415887406,44.05350027658899,38.61132379392384,0.014443659782409668,0.8
2453,0.22693981255848605,52.512469764785635,24.65180323999227,0.014644801616668701,0.7
2454,0.6101475660203962,26.3618989633105,15.898293559759143,0.014490139484405518,0.9
2455,0.6019323627706781,33.96472317618426,25.021771526347738,0.013968706130981445,0.9
2456,0.5588182883734112,21.282458992273735,16.00592032503955,0.014682459831237792,0.85
2457,0.4471803663205014,33.149659861556735,19.58652991508299,0.014329111576080323,0.8
2458,0.21670051735509244,41.66963102430308,16.048151853319478,0.014254462718963624,0.7
2459,0.6650747398446211,27.560670851980415,22.834972159786243,0.014133822917938233,0.95
2460,0.7085559963735161,21.795887486815825,17.09223781106767,0.01535954475402832,0.95
2461,0.5270546882040452,38.873983074602094,35.995304820955475,0.0183671236038208,0.85
2462,0.6131855884300994,30.225769630526543,26.556016494106355,0.014816498756408692,0.9
2463,0.671317519113538,37.13794260559314,33.28869121542126,0.014096724987030029,0.95
2464,0.5876423808949512,33.73267934620865,35.80620012174565,0.01423395872116089,0.9
2465,0.7363422201072207,20.859537092455874,20.21820697978576,0.014085876941680908,0.95
2466,0.5265194255327866,35.204478212739026,26.475849507490302,0.014015889167785645,0.85
2467,0.6440250697179346,22.359600917847295,17.494607672446918,0.014422619342803955,0.9
2468,0.43578853120556416,27.526953583895345,18.26181826871494,0.014741170406341552,0.8
2469,0.3203449991372028,42.52087915795592,36.52613814064673,0.01453568935394287,0.75
2470,0.7444409502292332,28.1373246085514,28.680797157658606,0.014025509357452393,0.95
2471,0.3411363368556174,33.316408437792944,26.01333863175296,0.014315521717071534,0.75
2472,0.5640423433683774,24.876748365865105,14.894167839335651,0.014905083179473876,0.85
2473,0.34682801377239725,42.18499550001242,23.731754565479196,0.014507102966308593,0.75
2474,0.2845378228258792,33.74556644518121,18.63156009610547,0.015029692649841308,0.7
2475,0.588115655141676,42.64634656931027,33.967481214626595,0.01414705514907837,0.9
2476,0.5849598584285902,42.83728008116219,34.868866945074146,0.01423102617263794,0.9
2477,0.5777634001897989,40.80925421747053,37.88837783380407,0.01452854871749878,0.9
2478,0.4057703548560541,39.09497792971465,32.447298115728216,0.014290571212768555,0.8
2479,0.5143924569822282,32.810379358004695,30.436407685581752,0.014367854595184327,0.85
2480,0.6118205672623059,27.99799936554831,28.34054814812798,0.014734745025634766,0.9
2481,0.4534021491457563,46.251659310762285,34.152793717718886,0.014797115325927734,0.85
2482,0.5199869622880526,26.311732172813556,16.647856017507802,0.014305341243743896,0.85
2483,0.577124072403655,30.989297059993426,33.095880463771806,0.01447232961654663,0.9
2484,0.2979016077577531,46.853227082215895,31.353616343684386,0.013984334468841553,0.75
2485,0.3060883301089024,46.74332552161061,38.1666909641821,0.014454257488250733,0.75
2486,0.33053006245209865,40.894801670479794,23.1368531068749,0.014095842838287354,0.75
2487,0.566765590583358,37.09228496808809,34.22218287688026,0.014702880382537841,0.9
2488,0.26451538322595075,36.73987946650812,24.442579538169667,0.014057290554046632,0.7
2489,0.43164646543206564,51.516903727033664,40.487062762820834,0.01406780481338501,0.85
2490,0.6131758079758414,47.79683303265982,44.336954201222525,0.014583003520965577,0.95
2491,0.43491722010397693,57.75908972310883,52.482621487358415,0.014465641975402833,0.85
2492,0.7403976211792155,24.236640816742614,23.91885741562061,0.014623486995697021,0.95
2493,0.4990413310395237,37.716224609993006,28.062517932526056,0.014996755123138427,0.85
2494,0.7414038487904312,20.844199441958402,20.724706994526034,0.014518249034881591,0.95
2495,0.4895336903179137,44.762392522575034,44.290057598927504,0.014168763160705566,0.85
2496,0.561301436052833,48.5555901506693,41.34768103960153,0.014654719829559326,0.9
2497,0.40379028495609603,48.28112848710432,38.317817983846,0.01419379711151123,0.8
2498,0.7393072321742467,27.137203519762345,27.86967151742362,0.014135503768920898,0.95
2499,0.47076650006323534,29.839306672398425,20.11182541841707,0.014213788509368896,0.8
2500,0.6199617256463912,45.69800379491592,42.014696007201216,0.014111518859863281,0.95
2501,0.7878963470817596,31.537147487226285,31.537147487226285,0.014265322685241699,1.0
2502,0.5965853437011999,36.43649727056818,27.452355059192314,0.014364469051361083,0.9
2503,0.15689821405410967,61.26258970889868,45.32959354980803,0.01458066701889038,0.7
2504,0.5689783651421185,40.015424722867365,31.691304029385435,0.014424443244934082,0.9
2505,0.2571139943599572,40.74032467087529,22.583865288379858,0.014940285682678222,0.7
2506,0.42625545649255675,38.070896088934916,31.58101947364395,0.014269828796386719,0.8
2507,0.4008313162477421,45.31463056998215,34.76847763844445,0.014652824401855469,0.8
2508,0.4925779594121007,42.288846974927125,29.41038722346558,0.014213347434997558,0.85
2509,0.4912348786781548,28.752466028016084,24.4419536632542,0.014654397964477539,0.85
2510,0.5113276326193417,33.99220750022032,25.686019723554274,0.014710819721221924,0.85
2511,0.3217322769877955,49.894364763579034,41.18919153974355,0.014623022079467774,0.75
2512,0.5780198412104209,39.46112432130954,31.30232277374692,0.014282262325286866,0.9
2513,0.5091667365691037,35.18132332148143,21.756659983947486,0.014217305183410644,0.85
2514,0.6026342844663097,36.21725624151482,27.461701491286956,0.014718008041381837,0.9
2515,0.3885880025039747,47.14944162125112,36.018390532804176,0.014822447299957275,0.8
2516,0.4985400120684709,30.49679294851843,20.90804038035921,0.015046191215515137,0.85
2517,0.6077007464340067,47.15526119025558,43.874441126817736,0.014832055568695069,0.95
2518,0.4201484815118036,41.771276188268224,35.57092844086203,0.014665114879608154,0.8
2519,0.49025761562745995,39.30619636981581,31.788541081938366,0.015121781826019287,0.85
2520,0.6295345016285543,26.934944870674883,28.47984767024049,0.0144883394241333,0.9
2521,0.4186960701016392,38.07884690676253,25.702787569065443,0.014788615703582763,0.8
2522,0.3711565302159912,52.243517420250235,42.618934202673664,0.014103198051452636,0.8
2523,0.2984925537117485,48.806868325311186,40.11823794545632,0.014333248138427734,0.75
2524,0.609957640834501,51.95132575100014,48.81190543059929,0.015004765987396241,0.95
2525,0.4618259940724389,54.03565053939536,43.257840876957026,0.014631593227386474,0.85
2526,0.2738109541974735,52.158812072335465,43.021843159966274,0.015185034275054932,0.75
2527,0.5224852083881644,35.959250409453404,32.56325656542438,0.014956247806549073,0.85
2528,0.7032668988595416,18.926479508206647,19.302852419103022,0.014793026447296142,0.95
2529,0.2255494739945329,39.79126891081935,21.75383044416164,0.015051710605621337,0.7
2530,0.5225446693743254,33.404043254598534,30.369237231190283,0.014717233180999757,0.85
2531,0.5279883182413582,24.42140458544544,14.769660842991469,0.01471337080001831,0.85
2532,0.6543291061651713,37.729580238841564,38.76721365537842,0.014958643913269043,0.95
2533,0.5904327286505866,27.03860352304246,28.574008828709857,0.015098178386688232,0.9
2534,0.3799501470532113,46.992936373924444,47.2661482348416,0.014862585067749023,0.8
2535,0.44423039355553334,35.132407487842364,21.440311648725007,0.014632201194763184,0.8
2536,0.12475488964217618,55.89465521563211,40.57907989568702,0.014416885375976563,0.65
2537,0.2508686754503318,41.42210216138716,24.036010115326892,0.014945971965789794,0.7
2538,0.44653285542180193,32.00539863854343,24.04455193047859,0.014931750297546387,0.8
2539,0.44119796476063655,47.03783326800859,34.86604388143825,0.014648771286010743,0.85
2540,0.3363650021318284,36.850906601118744,30.8536779910518,0.01512361764907837,0.75
2541,0.2289468430009014,45.914397772852816,30.88938413923089,0.014708113670349122,0.7
2542,0.630285967258409,25.890374182144306,21.57498240835528,0.014444184303283692,0.9
2543,0.38710102288283027,36.550192263308595,23.228503828371863,0.014138305187225341,0.8
2544,0.6315767396091234,18.85404149664228,14.09005226514191,0.014935147762298585,0.9
2545,0.5268845904435772,45.883169523123506,43.52028418516348,0.01478961706161499,0.9
2546,0.6015527042133163,25.99613413292534,16.061932075691157,0.014995729923248291,0.9
2547,0.709157573117403,26.664122711719994,22.338142602520644,0.014809191226959229,0.95
2548,0.31203534791938214,46.35001656477955,31.444290679840215,0.014346647262573241,0.75
2549,0.47094783028354803,27.18377902933191,18.45783529800479,0.014671146869659424,0.8
2550,0.401129659491526,51.14021061999545,35.155763087564694,0.014252865314483642,0.8
2551,0.6187809205127767,24.255761560884004,14.39646134200875,0.014799141883850097,0.9
2552,0.41740820007745666,40.49527413106932,35.00617265854922,0.01521763801574707,0.8
2553,0.35848821634710837,25.876829913536437,22.87788054624568,0.014820742607116699,0.75
2554,0.5629373127003883,42.51267012748355,39.90796276651732,0.014763545989990235,0.9
2555,0.20048294755062912,57.83546067645666,46.87254405554599,0.014701342582702637,0.7
2556,0.5560984736840424,24.906288839807786,21.304658985895692,0.01479722261428833,0.85
2557,0.49797372447544913,42.16633762978898,35.78698294008102,0.014586257934570312,0.85
2558,0.4154495234524679,39.047662640966244,26.392456483372147,0.014765131473541259,0.8
2559,0.5081996439978799,40.39123803875809,38.99317435338574,0.014242470264434814,0.85
2560,0.6336283711479268,38.68492781273438,35.09022793533672,0.015099358558654786,0.95
2561,0.47040895444780106,46.58409748989125,34.709639554828904,0.014412605762481689,0.85
2562,0.44681547853795855,51.749042900400674,46.54459016803051,0.014344191551208496,0.85
2563,0.38918726681516985,46.43621639147849,30.040775515708972,0.014302635192871093,0.8
2564,0.2753705051315575,52.77192267296449,33.33640947782566,0.014421451091766357,0.75
2565,0.486557842452087,37.27187221818646,23.76310306470147,0.014917707443237305,0.85
2566,0.6331926424007996,25.88530553882768,16.672886576473562,0.01478877067565918,0.9
2567,0.5099447094076114,38.36975497873614,25.069837866823477,0.015114426612854004,0.85
2568,0.4447547320431361,47.457535223838605,35.75638591039408,0.014737594127655029,0.85
2569,0.6029949373808516,32.58839430534471,34.50238540333815,0.014867305755615234,0.9
2570,0.40868258882263014,34.68948880451183,14.333035278600548,0.0147086501121521,0.8
2571,0.4180548659981211,41.61238464609384,29.248996430048983,0.014918708801269531,0.8
2572,0.24608965664354193,41.28794885492704,17.32485902037677,0.01451658010482788,0.7
2573,0.5003164340105013,37.69008146740312,24.44046388455722,0.014698421955108643,0.85
2574,0.6224718981745692,26.757511287153942,28.481910732099397,0.014944744110107423,0.9
2575,0.2671001196196302,36.18080409864211,24.660753369839284,0.014939582347869873,0.7
2576,0.4593572596928137,27.301186654544658,18.386392033589708,0.01506819725036621,0.8
2577,0.28939970462627923,49.20005895037532,38.601624050923796,0.014819252490997314,0.75
2578,0.24302407880822616,47.766988529209044,38.52464686910559,0.015060901641845703,0.7
2579,0.6846406602411422,29.771548581490173,25.40207523604183,0.014964520931243896,0.95
2580,0.08143374827244096,60.06829267758219,46.46111323910442,0.014749348163604736,0.65
2581,0.30776246875280233,48.07699410272471,33.512671021054736,0.014906907081604004,0.75
2582,0.41690129773642753,46.364657639279685,29.81911624138702,0.014755868911743164,0.8
2583,0.39214690630784815,45.91921969138518,28.913096563076763,0.014470791816711426,0.8
2584,0.4250667229911169,56.19094640168849,46.1967352711555,0.014843106269836426,0.85
2585,0.2768282969333403,55.55952493296702,42.6333096016599,0.014613699913024903,0.75
2586,0.5905322355948914,41.802527946969654,33.719306348435346,0.015147781372070313,0.9
2587,0.292494915200635,42.964329251771275,23.488828090016554,0.014591598510742187,0.75
2588,0.47575600088480935,41.74872931934342,27.995745327845484,0.014675796031951904,0.85
2589,0.4134853904417108,43.21228118100068,30.37438054294529,0.014780974388122559,0.8
2590,0.16439732381537336,57.28734416266737,39.60893663773605,0.014849412441253661,0.7
2591,0.3504213772788342,39.620399686663696,41.773842171010855,0.01518247127532959,0.75
2592,0.11645324832883164,52.355399206250084,32.329402420122705,0.014994657039642334,0.65
2593,0.3249951253831129,46.432945890444365,37.134580390709864,0.015762841701507567,0.75
2594,0.3459672338764093,38.954939947767784,39.6925364924999,0.01518172025680542,0.75
2595,0.3758207336071889,50.128092201104586,40.67272255880064,0.015214204788208008,0.8
2596,0.3676367369618573,53.010148007289544,44.09114615560149,0.014869701862335206,0.8
2597,0.4462211351502818,50.893069654343975,45.593034879572016,0.014882886409759521,0.85
2598,0.47106742569002724,48.131685427758484,36.64503638604397,0.014470112323760987,0.85
2599,0.4605812824831469,56.11352906527209,46.120625672902605,0.014736855030059814,0.85
2600,0.7541144614820168,35.690162524188636,35.690162524188636,0.014452338218688965,1.0
2601,0.4843120230846358,21.192275758981822,16.776788166624296,0.014529478549957276,0.8
2602,0.6172327158823646,26.92338088191957,22.630630999683444,0.014534187316894532,0.9
2603,0.5928623383700391,35.6434356911085,26.52677715770062,0.014498639106750488,0.9
2604,0.39988522430543644,46.26761925986205,48.242873530725916,0.01463332176208496,0.8
2605,0.4506119453830067,31.608640995080588,23.13334094632618,0.014822661876678467,0.8
2606,0.5821593814965881,38.061221270145936,34.90253660487628,0.01523970365524292,0.9
2607,0.6789574674890837,30.34690645577166,25.52416523891174,0.015257143974304199,0.95
2608,0.0051526560820494005,63.08556828287777,27.449432192884576,0.014689946174621582,0.6
2609,0.23786232509123845,49.23437140021378,35.93903411724709,0.015024805068969726,0.7
2610,0.334175605931098,44.59036573121899,27.55333376531096,0.014864122867584229,0.8
2611,0.4956273103964378,37.996963076681375,29.892969983315695,0.014582669734954834,0.85
2612,0.21395553950751167,45.867293169271065,23.128639809029178,0.014560234546661378,0.7
2613,0.5880651428174604,34.80557526308306,31.51506296418219,0.015042769908905029,0.9
2614,0.469370248229528,45.070432558392966,32.989628673960226,0.01434781551361084,0.85
2615,0.4305649891658366,34.69373804109628,27.607458282757342,0.014950418472290039,0.8
2616,0.4482326723478556,30.928623713713193,28.378422964164145,0.014081776142120361,0.8
2617,0.35596193592077163,54.944251881591356,40.73304744405364,0.014640939235687257,0.8
2618,0.4842934875108812,45.65492375929244,33.96347954145331,0.014717638492584229,0.85
2619,0.5618419114064521,45.26516779538448,48.84094357904914,0.014097893238067627,0.9
2620,0.43282852570274966,29.93377144981079,21.959664218401123,0.014687860012054443,0.8
2621,0.23493532774579426,45.551200035024884,30.127931990513012,0.01446075439453125,0.7
2622,0.510272568222726,40.28065546679615,32.54497205104587,0.01493755578994751,0.85
2623,0.4120493610734872,35.90875287689874,29.424338731078038,0.014362037181854248,0.8
2624,0.303753020033713,40.571737453875755,22.280364014283577,0.014124143123626708,0.75
2625,0.802459516944001,26.446646951051015,26.446646951051015,0.014408564567565918,1.0
2626,0.5463209736714375,26.20766808785919,16.495960637167737,0.014156711101531983,0.85
2627,0.6161508180869333,31.791087107825,22.983621514907945,0.014087855815887451,0.9
2628,0.5248558082707875,40.99984682288277,39.692366548633444,0.014607882499694825,0.85
2629,0.23271705109827528,44.97306431772906,37.468649087432894,0.014992380142211914,0.7
2630,0.5147868657258783,30.97823283059655,22.55329232223031,0.014098966121673584,0.85
2631,0.725110881062115,27.435218489251497,22.867633626740933,0.015112984180450439,0.95
2632,0.6327828790754596,19.22482035478249,14.623446607856714,0.014528775215148925,0.9
2633,0.2435194901438012,41.89375930496291,25.300450065553434,0.014334237575531006,0.7
2634,0.4098182561868553,25.55990548985596,22.47298908988421,0.01477208137512207,0.75
2635,0.6077927249804828,31.17754803704569,27.158866949189324,0.014861190319061279,0.9
2636,0.4229591373954412,40.767711920768136,29.272955579648077,0.015292108058929443,0.8
2637,0.4732153353787244,20.01690170214038,15.199781729869024,0.015063607692718506,0.8
2638,0.5111340224017005,31.248445042395605,28.205257930550353,0.014596164226531982,0.85
2639,0.4239104194649405,35.857862656396904,34.669365493349176,0.01511753797531128,0.8
2640,0.3114851418416894,49.34745288850052,35.02742589089561,0.01499943733215332,0.75
2641,0.3897350896424738,44.30838376827056,32.60350126555787,0.0143440842628479,0.8
2642,0.7593064999550222,24.57927992949495,24.57927992949495,0.01481015682220459,1.0
2643,0.4173241475090207,37.33483797773586,29.310340909048207,0.01501842737197876,0.8
2644,0.19058916142850038,45.301319185194835,22.587093951663412,0.01449136734008789,0.7
2645,0.5091602821329364,33.574367911284554,25.44901464512672,0.0142197847366333,0.85
2646,0.026854238835469557,43.07660854099748,38.02749967093125,0.014535868167877197,0.55
2647,0.33490779309806645,44.72629624140203,34.225041949327824,0.014290058612823486,0.75
2648,0.27922241964634636,55.3175210534434,42.031369555964226,0.014524316787719727,0.75
2649,0.3981419516601931,41.560039795070274,23.655400301510383,0.014194023609161378,0.8
2650,0.07329550578114408,42.8735482730556,34.698981993714455,0.014289653301239014,0.6
2651,0.25501361958448543,41.80324442095079,24.457878804243546,0.014458692073822022,0.7
2652,0.3560092397553301,38.39728952401279,25.99138457607265,0.014246582984924316,0.8
2653,0.5904977347383822,35.808000451118986,27.335182288761946,0.014438009262084961,0.9
2654,0.09685538740388251,61.065966935163274,34.48639294116464,0.01455777883529663,0.65
2655,0.21206252988087454,51.361726986120004,45.87992112949213,0.015800881385803222,0.7
2656,0.7138442184545197,25.51078473778727,26.057046881496607,0.014941728115081787,0.95
2657,0.6278724880442269,48.06132121261432,44.392159321301484,0.015247297286987305,0.95
2658,0.3738066476757055,52.580724609366186,49.4412633503228,0.015106463432312011,0.8
2659,0.4650478849163312,33.41280916857862,24.11806772720866,0.014935457706451416,0.8
2660,0.41767609088996716,40.36227709970431,26.928080449345764,0.015070462226867675,0.8
2661,0.5674714744830198,26.81623399616742,23.02981287920089,0.014995956420898437,0.85
2662,0.4175381211104475,41.9359601224725,23.71045796000442,0.014900767803192138,0.8
2663,0.3455456270676446,48.23335937967146,37.0948867635976,0.01500551700592041,0.8
2664,0.3268245618219431,43.47775477684429,31.98738782069463,0.014816856384277344,0.75
2665,0.2959475723438628,51.04548993653975,41.53612386338399,0.015223431587219238,0.75
2666,0.4381825215232816,40.51271011011795,34.29045609067778,0.01498582363128662,0.8
2667,0.3781362279598464,51.5077959102622,42.0843715547737,0.015005993843078613,0.8
2668,0.5563365051101609,42.136266936636694,33.713254966205994,0.01451171636581421,0.9
2669,0.06572228979411801,43.11841119512187,21.138203141129193,0.01522078514099121,0.6
2670,0.16918784539336792,56.06772839944723,45.405842391544816,0.015630602836608887,0.7
2671,0.07819697240132613,66.75595442935567,41.00207924681573,0.014914953708648681,0.65
2672,0.35692561218405705,49.06765384791853,32.447110631246986,0.015396392345428467,0.8
2673,0.3475106811189545,50.20781479849249,39.52821845651955,0.014879024028778077,0.8
2674,0.03891843608776895,69.01510024192,46.02006940891786,0.014705681800842285,0.65
2675,0.39514449406724805,71.07185970837344,63.81058694024215,0.014970541000366211,0.85
2676,0.2814451563302624,51.22808782711591,43.378434540240946,0.014322328567504882,0.75
2677,0.07731821370634825,54.984139838595254,46.502443257431274,0.014485836029052734,0.65
2678,0.6289641937325656,44.79355217119704,41.10833318055261,0.014363253116607666,0.95
2679,0.5026980853994493,30.81327693636008,33.375860155895026,0.014326226711273194,0.85
2680,0.381037681297887,30.94570097251854,16.458978153675062,0.014149463176727295,0.75
2681,0.3501983142648006,51.5427526117443,36.01902006179258,0.014755046367645264,0.8
2682,0.33206803769047366,60.02346261495563,46.42258269647284,0.01457747220993042,0.8
2683,0.412875684851837,41.39945375674457,29.21036263318171,0.014682567119598389,0.8
2684,0.3729868952713806,46.74106482598954,30.019126822310017,0.014557111263275146,0.8
2685,0.455156313771156,47.202235995376235,35.084525001478866,0.014861929416656493,0.85
2686,0.4193609850757573,41.12566769750177,28.81896521063118,0.01455230712890625,0.8
2687,0.2536928415538532,40.85538856798314,17.033274285377896,0.014556705951690674,0.7
2688,0.4020554780682498,39.89194021982265,27.605969779264726,0.015074467658996582,0.8
2689,0.38173266299388187,49.189033957010636,46.06109069642602,0.015267288684844971,0.8
2690,0.40739614768684457,45.323501125529404,34.24103011650682,0.014863014221191406,0.8
2691,0.23175375826609285,45.90917851679436,24.99597356447117,0.014920926094055176,0.7
2692,0.41374003853646385,55.603075371491585,45.55999756349181,0.015020859241485596,0.85
2693,0.6068159059091471,30.012687131484387,20.846428906582688,0.015425395965576173,0.9
2694,0.6163744705889871,44.549214178013806,45.9170624313085,0.015151727199554443,0.95
2695,0.12075560431423804,60.99243560161483,47.95227851860181,0.045103263854980466,0.65
2696,0.5810446131484452,40.89595571948382,32.10113903964544,0.015271782875061035,0.9
2697,0.3477186602393872,59.73736930746168,45.89330815244515,0.015087759494781494,0.8
2698,0.5802854161408152,31.63830340600016,28.104796705041842,0.014805018901824951,0.9
2699,-0.002112021067362879,65.54423402992634,32.50910375279324,0.015370368957519531,0.6
2700,0.29205270928129445,51.983511259537366,37.28202682622809,0.015349853038787841,0.75
2701,0.5556794153077851,47.088474892303324,40.2091532767779,0.014876914024353028,0.9
2702,0.18752087580081045,54.65030763767295,28.49407130103674,0.01510317325592041,0.7
2703,0.4990594715641044,36.9828170173655,23.669620721337314,0.01482248306274414,0.85
2704,0.02598687515260495,51.14460167243097,24.570304979272066,0.015077614784240722,0.6
2705,0.1868152443048834,59.77521089844835,43.865908836844106,0.015930545330047608,0.7
2706,0.15197948696661664,66.00891462273815,51.585999688693825,0.014920234680175781,0.7
2707,0.3805775463651279,44.45145947126514,32.995053353248935,0.01509472131729126,0.8
2708,0.45329773095080866,51.1151577354267,46.38496757972896,0.014832913875579834,0.85
2709,0.2998644822404484,47.99135001917021,25.051476778230143,0.015269947052001954,0.75
2710,0.15617404799379384,41.398456806653385,23.8915005664363,0.014698934555053712,0.65
2711,0.36103742561044044,71.25600841788182,63.860416144181244,0.015049338340759277,0.85
2712,0.04336479969006547,50.159580755199904,15.360480272796607,0.015328526496887207,0.6
2713,-0.12288560799730719,76.8127740810269,54.50057834598769,0.016381263732910156,0.55
2714,0.24966756389642591,41.203039069565364,14.882162060554858,0.015633749961853027,0.7
2715,0.499310086122422,40.67639467585753,32.92933288356605,0.01554093360900879,0.85
2716,0.407978165714587,38.04147447959474,37.73283296449709,0.014994263648986816,0.8
2717,0.38686673391461085,46.71396221900555,36.15932644456619,0.014308750629425049,0.8
2718,0.15883516042860407,62.43161031704285,40.08544261644032,0.014921259880065919,0.7
2719,0.312343890190662,41.323221835973996,30.329634914566633,0.015683579444885253,0.75
2720,0.10593637455991219,57.66825166826938,41.680615445669716,0.014979743957519531,0.65
2721,0.24571190340762694,40.61160315211068,22.588772580250772,0.015052640438079834,0.7
2722,0.1468003610796137,70.57988105073629,57.84395443497625,0.015340292453765869,0.7
2723,0.004032937007017257,54.50025467012589,30.572562807057427,0.015178930759429932,0.6
2724,0.010215799027078365,60.84015400348718,25.46519502685197,0.015033292770385741,0.6
2725,0.3208679727111633,45.14847329741774,29.390881990113144,0.014953577518463134,0.75
2726,0.5726433892075882,42.71597901036864,34.34394316720105,0.015015006065368652,0.9
2727,0.09132878884048816,60.61661374918505,39.285994946717146,0.015041589736938477,0.65
2728,0.21145183392172667,50.76445941319501,44.23677885448831,0.01562633514404297,0.7
2729,0.21887674916699273,50.63017476846189,30.20175801298051,0.014647960662841797,0.7
2730,0.1688172305816233,61.314540888507494,46.754305347172064,0.014449036121368409,0.7
2731,0.042866738775979,46.26270638944604,25.77545899528508,0.01439824104309082,0.6
2732,0.3250907700522858,38.669677919739044,33.85302390463559,0.014709258079528808,0.75
2733,0.3330499057987641,34.47683925415559,22.076004097861922,0.014077425003051758,0.75
2734,0.32549118097174545,41.75569501784166,37.11861672196826,0.014382195472717286,0.75
2735,0.471866312120229,45.55101047020724,39.82712746359459,0.01457287073135376,0.85
2736,0.42613981014701763,39.41247178796729,39.71393220263296,0.014821922779083252,0.8
2737,0.5007853579963438,39.984160950685556,26.990879725754645,0.014574575424194335,0.85
2738,0.4925268044208241,46.03683823830038,34.36829169321279,0.014393877983093262,0.85
2739,0.30282663939014015,37.86931299403792,19.444695966628785,0.014135789871215821,0.75
2740,0.3757842223609408,51.28028806971213,35.37280353645117,0.014339351654052734,0.8
2741,0.5122385777318927,51.23846785635665,44.20940480431443,0.014489805698394776,0.9
2742,0.08394985270315611,62.56389472319388,35.58105085552582,0.014437508583068848,0.65
2743,0.21370879503430346,48.09044786218764,25.989356170878914,0.01440044641494751,0.7
2744,0.44388880583444806,54.31621958201915,49.84248606566821,0.014678990840911866,0.85
2745,0.543745359875171,31.685042391883663,23.355366942144304,0.014676523208618165,0.85
2746,0.2541538222435853,59.64123967908246,47.870254144037524,0.01430283784866333,0.75
2747,0.3173636860515358,45.28037954577408,29.520186771189312,0.014583432674407959,0.75
2748,0.7480055671092178,40.68596660685767,40.68596660685767,0.014332878589630126,1.0
2749,0.6031764473442508,36.89960111034223,27.79823170471221,0.014458894729614258,0.9
2750,0.2677336612799082,56.58112818405998,44.03874972299218,0.014256298542022705,0.75
2751,0.3264358088702355,47.858867173364054,25.15639874502871,0.014425051212310792,0.75
2752,0.5021280241134382,38.66425493007959,24.669087048271027,0.014184486865997315,0.85
2753,0.5334353603127953,29.64655291480927,26.492519849522537,0.01410365104675293,0.85
2754,0.6017510085385431,32.6962792500544,23.47751164023286,0.014478468894958496,0.9
2755,0.5189017318249908,38.02253326556196,24.657519038918068,0.014254629611968994,0.85
2756,0.4197270342624111,32.34151024212393,24.201562588570642,0.015156364440917969,0.8
2757,0.37292600497409334,47.874709662292915,37.05220004741052,0.015548801422119141,0.8
2758,0.29589553443203215,47.30349759495266,30.637010047905168,0.014573335647583008,0.75
2759,0.6483098475056697,29.197603650975946,19.261717942899878,0.014690136909484864,0.9
2760,0.617812618200167,29.995004858936237,26.480108721035535,0.014726614952087403,0.9
2761,0.4539072006879249,31.583662356151393,29.708219302524178,0.014652657508850097,0.8
2762,0.5683205404437134,26.76239944080435,23.095041292407775,0.014714384078979492,0.85
2763,0.18604200680148236,37.057145002404454,25.71579012182585,0.014592969417572021,0.65
2764,0.656585000758336,36.93377297517345,32.70396242493314,0.014693093299865723,0.95
2765,0.25308991383486495,36.908992483747,38.65916914261974,0.014772748947143555,0.7
2766,0.533151454409339,35.90714710683811,27.493890033587082,0.01473768949508667,0.85
2767,0.3992760167482416,46.7722127555126,30.508908728371097,0.01529102325439453,0.8
2768,0.30105267294328486,43.48502697000164,40.17365907196116,0.014808332920074463,0.75
2769,0.6739628692824935,35.19040520097715,31.169633900068817,0.014407408237457276,0.95
2770,0.13211315888634573,47.49685494579794,26.035601824649216,0.01461399793624878,0.65
2771,0.0029858476653666756,64.50205321813672,40.12240516566295,0.014473843574523925,0.6
2772,0.3085673792152681,43.355645352376754,32.629608627958746,0.014401566982269288,0.75
2773,0.40455216399856475,41.50732599142958,36.57444804253887,0.014658010005950928,0.8
2774,0.40987268895960505,40.41707322046927,34.43878333707296,0.01448439359664917,0.8
2775,0.23729886176334708,39.69497988547896,21.850780022527545,0.014244341850280761,0.7
2776,0.31876930721256674,43.43971404647503,27.0979612580635,0.014624977111816406,0.75
2777,0.39634454259978835,48.70403068204844,39.45880051988007,0.014173388481140137,0.8
2778,0.24937124280568543,38.38662597565279,26.69981225093059,0.014511847496032714,0.7
2779,0.21495001763904648,49.30236079235975,29.598415502938842,0.014750039577484131,0.7
2780,0.14896790134601762,44.27884215982373,22.537266195181424,0.014716827869415283,0.65
2781,0.41752557070128093,34.40472542719998,20.871982176353765,0.0153969407081604,0.8
2782,0.2762187558578908,45.71381789295424,30.933951034568306,0.014087831974029541,0.75
2783,0.2247902105885678,46.33524964498376,23.465662019813855,0.014198851585388184,0.7
2784,0.41951129717192365,30.275407249395847,22.2541106145447,0.014287066459655762,0.8
2785,0.17608024682166912,54.657220515090124,36.89360461686063,0.014206624031066895,0.7
2786,0.48027273334952414,40.91742611717579,33.8820964954563,0.014670479297637939,0.85
2787,0.23251632170458653,44.32079864943617,36.14392638014353,0.014339578151702882,0.7
2788,0.3194307078439609,42.336041354579166,18.076191093570973,0.014715278148651123,0.75
2789,0.2690844342354649,51.35255032200647,37.69152505588078,0.01458956003189087,0.75
2790,0.628597652851848,31.691575032277363,22.684352771965326,0.01427614688873291,0.9
2791,0.3054033380722599,50.51515154495878,29.551398552066598,0.014324915409088135,0.75
2792,0.47783332049420596,46.95665675182568,40.71131426644535,0.04438607692718506,0.85
2793,0.3350634693078167,56.13081125054386,42.00951985716491,0.014522242546081542,0.8
2794,0.40131805333728404,39.702048476320634,27.63501942103415,0.014871668815612794,0.8
2795,0.30600323666753254,49.8136414737711,28.423588326507755,0.014380729198455811,0.75
2796,0.7489876567862368,36.47642975730994,36.47642975730994,0.014194166660308838,1.0
2797,0.30857272163898325,40.03677888148644,22.18267707423011,0.014881038665771484,0.75
2798,0.5079151667257485,40.75727374991388,27.626581613884394,0.01488931179046631,0.85
2799,0.3067577266914684,47.40989254929945,25.51417540796056,0.01432197093963623,0.75
2800,0.5772095224839073,42.91414675268615,34.710040198123394,0.01469426155090332,0.9
2801,0.33942387855380796,60.467861084551046,47.39163080109924,0.014796316623687744,0.8
2802,0.39614983563838424,46.804648149609584,43.066899479428045,0.014272761344909669,0.8
2803,0.517454005772455,31.5507985787827,17.070795783549,0.014443516731262207,0.85
2804,0.6079570687465168,27.874821953749915,18.319530437234377,0.014110052585601806,0.9
2805,0.32215144672386914,37.163997475022164,18.30971057775257,0.014598727226257324,0.75
2806,0.4276726280772395,52.40313429095154,40.32914873581234,0.014645934104919434,0.85
2807,0.3361570943967564,61.3753444435957,54.72940655204136,0.013725411891937257,0.8
2808,0.13875032180309438,50.517606669079356,24.814541003383788,0.014184987545013428,0.65
2809,0.38086326296113276,45.24626293311532,41.01554530814974,0.0141973614692688,0.8
2810,0.4558745007699218,27.98347256641178,19.103067791258056,0.014267849922180175,0.8
2811,0.8342676787021268,15.507608703698466,15.507608703698466,0.014533936977386475,1.0
2812,0.2950908339936481,51.22944407620997,49.5581542772758,0.014484715461730958,0.75
2813,0.48554330618885383,25.670712783777883,16.642829778627622,0.0150099515914917,0.8
2814,0.19378333875006817,57.19420572827727,39.289442427495935,0.01475510597229004,0.7
2815,0.5319525593860652,51.03350067575009,44.238735856722215,0.01451176404953003,0.9
2816,0.6757466519135107,22.125104428075495,22.345667905321722,0.014678406715393066,0.9
2817,0.2561207943824159,33.4852874481353,26.158820072907552,0.014500737190246582,0.7
2818,-0.012979893661436237,64.84618302061752,40.67204796049906,0.014050376415252686,0.6
2819,0.4583185138686535,43.896736820062394,37.98323010906764,0.014262473583221436,0.85
2820,0.6175059999769766,42.73751164716044,39.04657394177445,0.014154982566833497,0.95
2821,0.20626145439212412,54.895741015797135,42.93094235382004,0.014260053634643555,0.7
2822,0.3801890091249667,50.52931968534048,40.29501227696848,0.014209342002868653,0.8
2823,0.13856232235472316,45.94239510088096,32.09998072510794,0.01426091194152832,0.65
2824,0.3361558710777291,43.74761397413754,25.846735495190163,0.014341318607330322,0.75
2825,0.5175802017820931,30.630476127718204,16.03359693924965,0.01481095552444458,0.85
2826,0.1512529191066027,75.3290225579115,59.559953616257516,0.015096938610076905,0.7
2827,0.6326504560026145,45.483186738284076,42.258034466471045,0.015261495113372802,0.95
2828,-0.05896850669026593,57.35006904957729,39.72652729975075,0.014854121208190917,0.55
2829,0.37610184732884433,49.816678771509444,40.213978913073525,0.014356088638305665,0.8
2830,0.4372826992759083,39.572838525978554,20.63576316681261,0.014849185943603516,0.8
2831,0.36867502799932805,33.82417345543253,13.831156728830475,0.01490952968597412,0.75
2832,0.29981080308879354,49.373064665072796,33.45240033663351,0.014523851871490478,0.75
2833,0.5624403777731299,30.626113192927864,27.08445170365158,0.015029728412628174,0.9
2834,0.7553423487802331,32.914941903495034,32.914941903495034,0.015904557704925538,1.0
2835,0.42387964057871086,37.80773356279538,30.234335698309344,0.014823615550994873,0.8
2836,0.5182239864796674,31.870492726361952,17.458322295648465,0.014384043216705323,0.85
2837,0.22572482673232314,43.79664438092065,35.04033492830364,0.014656686782836914,0.7
2838,0.27609567724789186,50.0905994182739,35.54433034643332,0.01464146375656128,0.75
2839,0.668068208913409,32.54500800228452,28.484419279902234,0.014444863796234131,0.95
2840,0.5628949128314975,32.35581416283067,23.194921345073418,0.014334523677825927,0.9
2841,0.42989770133586636,35.90795374373752,28.450276932024437,0.01416923999786377,0.8
2842,0.590842325711581,36.66436671185461,27.78610627423802,0.014781439304351806,0.9
2843,0.24864802134775216,45.54687482593128,30.154195065696655,0.014749133586883545,0.7
2844,0.19156474193481327,49.198653407281554,28.587744290736108,0.014490342140197754,0.7
2845,0.18306591783617185,61.76419244239948,53.89361288194194,0.014912843704223633,0.7
2846,0.5584584572002418,38.56192982497671,34.555116781207595,0.014433944225311279,0.9
2847,0.39785946650984416,43.79381064799246,26.03301104725413,0.014095008373260498,0.8
2848,0.46781420180693,43.08605279596988,36.05000276608526,0.014625000953674316,0.85
2849,0.32881347438548864,42.894000573539856,30.74999482064165,0.014564275741577148,0.75
2850,0.49729151116805215,36.312508813693256,22.422907643696824,0.014553117752075195,0.85
2851,0.3989115392605309,40.86115210452539,22.81794241095574,0.014529502391815186,0.8
2852,0.4520977170244705,44.856096741376646,37.97928927439504,0.014516878128051757,0.85
2853,0.46511206795723653,44.147644070186416,31.495550615699592,0.014686298370361329,0.85
2854,0.4788776503333925,46.55738091752882,40.44888113692192,0.014645814895629883,0.85
2855,0.4966008017632027,34.30003248628203,20.589195359716882,0.014735424518585205,0.85
2856,0.45673369973328654,46.90049366093279,40.896402790872685,0.01447291374206543,0.85
2857,0.6288684692502182,30.524268073159703,21.79212706976523,0.014741659164428711,0.9
2858,0.31373673138832714,41.07118003197007,28.029304808200017,0.014462041854858398,0.75
2859,0.1262251695651607,61.32394104737212,36.99070334980526,0.014413285255432128,0.7
2860,0.3298199705610151,63.94574960449163,49.336226656746504,0.014396309852600098,0.8
2861,0.22283217522292248,39.877396565058014,21.603391162832803,0.014382278919219971,0.7
2862,0.09153618552234984,57.31749664698081,25.721553394540592,0.015237641334533692,0.65
2863,0.38595444863369316,35.14069391016533,22.20448468254101,0.015230929851531983,0.75
2864,0.3203808394290376,41.21792227341381,23.919239497193566,0.015224981307983398,0.75
2865,0.45669687207626897,55.96030920661561,45.9310584320037,0.014698731899261474,0.85
2866,0.43865173228153076,36.114660496917715,23.266014136598663,0.015409386157989502,0.8
2867,0.3312738595129264,37.21750298010826,18.218884110890123,0.015552842617034912,0.75
2868,0.2400808838458884,41.30808915389612,17.308231522392422,0.014890933036804199,0.7
2869,0.5101485696364579,36.62696139425494,28.51873084414874,0.014474797248840331,0.85
2870,0.3885754103093645,51.63249868711765,35.8980270158287,0.014457333087921142,0.8
2871,0.5050558857652865,36.14664870777066,28.525182379905214,0.014628458023071288,0.85
2872,0.1952400015252414,50.21631341257795,23.928413556840443,0.014600610733032227,0.7
2873,0.5453550170906268,42.95909630017398,40.94651526950284,0.0154657244682312,0.9
2874,0.5791426144347379,38.537775977313714,36.22497935415089,0.015098845958709717,0.9
2875,0.5326930128381646,31.5513873378976,22.67161964268531,0.015001976490020752,0.85
2876,0.47010575397261894,44.563647384483104,31.862636163324805,0.014780092239379882,0.85
2877,0.2883156285315277,42.985086739890264,31.21527215325894,0.014734411239624023,0.75
2878,0.08399278566769611,61.838425863910686,32.004416420185294,0.014711451530456544,0.65
2879,0.5427338379379419,25.684670325302523,15.946476892989935,0.015043628215789796,0.85
2880,0.1789363067129458,56.579502507400164,32.592726313397556,0.014880156517028809,0.7
2881,0.4700959780202954,51.112763675901945,40.400348278984964,0.014961910247802735,0.85
2882,0.38039974394586334,45.568088599442106,29.38526409358732,0.014810383319854736,0.8
2883,0.614951041319357,31.531113026872184,22.81153991959331,0.015133047103881836,0.9
2884,0.5400294731715155,51.92819684715325,50.18617446391829,0.015480780601501464,0.9
2885,0.04020619056133322,50.46053719731865,16.7760969287523,0.014761412143707275,0.6
2886,0.2076018838439854,51.76183443813719,31.472736272490863,0.014874517917633057,0.7
2887,0.2858801892690107,50.06119394561498,41.838651075568954,0.014626705646514892,0.75
2888,0.36722514875593143,51.57897653793153,42.787657328186015,0.014715313911437988,0.8
2889,0.1461682208968553,50.93667774999074,31.100408967209805,0.014575374126434327,0.65
2890,0.47899147220556404,49.261254643156676,43.398094507379106,0.015320825576782226,0.85
2891,0.47680676247104287,42.337360985771205,29.50169274949103,0.014428865909576417,0.85
2892,0.3257675499001599,40.198785628100204,22.31338348944528,0.014650166034698486,0.75
2893,0.48383223393042274,58.543753419151,52.5777083830674,0.014540719985961913,0.9
2894,0.5090779204190697,45.641066527313924,38.64713402305331,0.014355218410491944,0.9
2895,0.4164094552738769,36.74209078859059,24.060209497187138,0.014226937294006347,0.8
2896,0.19106900216243206,59.924785324718584,51.136068197045056,0.014458250999450684,0.7
2897,0.31391098940385515,40.94259317080325,22.752347564612815,0.014300847053527832,0.75
2898,0.04522616985346364,50.65661721076384,33.1490859273981,0.014994990825653077,0.6
2899,0.41140662081433943,42.20330124191545,30.288651461944475,0.014631211757659912,0.8
2900,0.2643700895092657,55.518987147441784,42.09627856359715,0.01491544246673584,0.75
2901,0.3324044848577608,64.38577827368559,58.22372615264278,0.014680683612823486,0.8
2902,0.4588293318854162,46.76941328924151,34.13834956195273,0.014697635173797607,0.85
2903,0.21424007152816307,50.9134930528392,30.209449389748528,0.01427074670791626,0.7
2904,0.28909457805728633,56.03970912758665,43.62509538555644,0.014922106266021728,0.75
2905,0.37457900174610764,51.072676607296195,35.28553331475243,0.014217686653137208,0.8
2906,0.322958038311971,43.94076326995349,28.195873064375164,0.014522576332092285,0.75
2907,0.28672675035710976,50.88885509186432,36.71427325352293,0.014673030376434327,0.75
2908,0.2339001651164616,27.064265837725337,26.3714683604071,0.01404120922088623,0.65
2909,0.16130755590054405,40.00477962156116,23.434352159260182,0.014275622367858887,0.65
2910,0.20364280285033357,64.48789813888166,47.57097031215072,0.01441178321838379,0.75
2911,0.35881940220988345,27.980363477712153,13.11769502869149,0.014075124263763427,0.75
2912,0.2915748244442372,47.651681163084966,37.6351431924867,0.014345014095306396,0.75
2913,0.00923708588144434,55.95825880528021,25.277063312665764,0.01458742618560791,0.6
2914,0.12437467305373254,44.361290247747014,29.586206604860372,0.014611101150512696,0.65
2915,0.4251083750915905,36.00547017713261,23.072673544121216,0.014335966110229493,0.8
2916,-0.16837351678438012,65.50052526261952,26.52201889998711,0.014910316467285157,0.5
2917,0.23418561867946736,40.81399455374839,37.6991969897672,0.014368212223052979,0.7
2918,0.3509638346158209,28.315843401645974,25.347574126983645,0.014852142333984375,0.75
2919,0.3336750569663671,34.89804852722797,27.979205179213462,0.01474989652633667,0.75
2920,0.27006396848518766,58.7188020841556,45.82822231996123,0.014140474796295165,0.75
2921,0.3523515649612232,53.445297180573036,37.367179028696825,0.014244580268859863,0.8
2922,0.15125698810071883,42.2510061837471,25.29260464283853,0.013991236686706543,0.65
2923,0.524556246031336,38.98371875932461,25.322758486651253,0.014734387397766113,0.85
2924,0.19442181033337627,58.329040174602405,32.825040753154084,0.014572620391845703,0.7
2925,0.2412363423591155,44.60752901262172,28.208543507231465,0.014564549922943116,0.7
2926,0.24114191632705206,38.244629579665556,19.679660141106236,0.014501941204071046,0.7
2927,0.6706705009243977,36.03532164180645,37.38090097361673,0.014695096015930175,0.95
2928,0.5739680674437904,47.205942358851736,39.44480250747688,0.014317429065704346,0.9
2929,0.3803796687904637,50.2051181318904,46.3617380037631,0.014229404926300048,0.8
2930,0.6485403595468198,36.50838692663905,32.524645420287904,0.014496433734893798,0.95
2931,0.44775418524809696,56.64420036278441,46.40040306046312,0.015227568149566651,0.85
2932,0.764437984926319,35.774489563981774,35.774489563981774,0.015149641036987304,1.0
2933,0.34506054843755074,33.16150611436104,20.27418734868439,0.014949476718902588,0.75
2934,0.5593538819815829,43.061684291819574,35.37721048653949,0.01499708890914917,0.9
2935,0.5089394081196293,34.60779649271445,20.77065686960804,0.01487196683883667,0.85
2936,0.525117603612696,34.93927076466659,26.671774764132913,0.01442347764968872,0.85
2937,0.2872752540396951,51.79602775082543,38.083195365848084,0.014479470252990723,0.75
2938,0.69428906736072,30.707053577512674,26.574016178298308,0.01452176570892334,0.95
2939,0.4425247043685614,54.81667890069709,44.28516707378339,0.014404737949371338,0.85
2940,0.35286997685346283,37.25925777791284,24.428740687142316,0.01456294059753418,0.75
2941,0.7150943877853294,32.357337649827876,33.49673497246638,0.014673256874084472,0.95
2942,0.5929694198890163,42.06537812042824,40.059069833279516,0.014450156688690185,0.9
2943,0.327210633419691,41.46378579178467,37.2844913037561,0.014844584465026855,0.75
2944,0.3594467609122014,54.05217080360978,45.99281885088021,0.0144872784614563,0.8
2945,0.2789027945238182,48.074221849923646,30.240260619222294,0.014706814289093017,0.75
2946,0.5672909392666698,45.769701404492864,42.10044133817977,0.014092719554901123,0.9
2947,0.23415482013069472,44.37963775286094,36.424620981835965,0.014538919925689698,0.7
2948,0.22617292299863614,45.833158132852624,23.820883409349328,0.015133929252624512,0.7
2949,0.44394974004926313,35.23108400063399,22.877413272942114,0.014642572402954102,0.8
2950,0.407463817632655,45.845659272761765,28.006131781170723,0.0144783616065979,0.8
2951,0.554107590043848,21.607947437183533,23.078692707611214,0.014534246921539307,0.85
2952,0.4988839748965447,37.25091925158205,35.501062352076374,0.014518928527832032,0.85
2953,0.5286160647734504,22.72469771900352,18.806549044912202,0.014577746391296387,0.85
2954,0.5539137088304569,35.74389421498633,21.968920510239535,0.014913856983184814,0.85
2955,0.6275330237496928,45.21400363923866,41.58254127954778,0.01451200246810913,0.95
2956,0.6842593456993967,31.5732442471113,27.267882139433357,0.014508318901062012,0.95
2957,0.7691900089645147,42.164022141684555,42.164022141684555,0.01461387872695923,1.0
2958,0.49044101651710276,42.72660940689503,34.67051734702889,0.014644968509674072,0.85
2959,0.2455830790383216,60.67482763806227,55.9705033503125,0.014914929866790771,0.75
2960,0.47585851178485,42.039351427076575,35.516193140498785,0.015160846710205077,0.85
2961,0.553587270665593,41.582751889297036,33.40427629960262,0.014402377605438232,0.9
2962,0.4481058210640529,45.62080809013083,33.27275845864392,0.014579129219055176,0.85
2963,0.6187309473494738,26.51627422448211,16.28280046991262,0.015077638626098632,0.9
2964,0.3014142914901484,66.75701655711143,54.57615437676966,0.014654850959777832,0.8
2965,0.5602228633645767,25.480757828896202,21.167036791322502,0.014851343631744385,0.85
2966,0.3992199781455984,36.35763790441263,22.604863243831424,0.016624486446380614,0.8
2967,0.5709430218717688,26.086624382500098,22.86500656961139,0.014492464065551759,0.85
2968,0.5828657304597622,41.63901097591342,33.46332082282358,0.014353466033935548,0.9
2969,0.423860648116172,51.65581735040695,39.63599004089226,0.014284396171569824,0.85
2970,0.5464009174786655,50.2991042819808,43.15191389623903,0.015066635608673096,0.9
2971,0.3845078683798892,45.10845029967888,26.614961017067504,0.016047358512878418,0.8
2972,0.35863907401227185,34.41442261731943,27.592334238960564,0.014930284023284912,0.75
2973,0.5724487712466578,37.953361847840824,30.292231898520967,0.01523994207382202,0.9
2974,0.3471730596387823,32.89769055356718,19.514706761922632,0.014931559562683105,0.75
2975,0.426491172438603,34.5231130461474,27.140277016472176,0.014642488956451417,0.8
2976,0.004812863387002769,61.962458345534216,26.14252524206805,0.01509774923324585,0.6
2977,0.5022590807031672,38.40115969016335,31.07852408974878,0.01581275463104248,0.85
2978,0.13568423554843417,69.38700399101796,47.395072427798006,0.015070760250091552,0.7
2979,0.5442218661910676,37.68306755300691,33.40833578589625,0.015056419372558593,0.9
2980,0.3652020217124986,46.61962247517569,35.87555234990672,0.014668023586273194,0.8
2981,0.44495479281212297,57.2964656823231,47.08075557320458,0.014974486827850342,0.85
2982,0.327853389552995,45.541533888824425,29.007832211089763,0.014589643478393555,0.75
2983,0.4852354955732676,41.75892717192035,29.556051016412734,0.014684450626373292,0.85
2984,0.1849668483160031,56.81580493444134,45.1520442497997,0.014485859870910644,0.7
2985,0.47433621398463394,29.611781340579363,20.75826566422662,0.014549970626831055,0.85
2986,0.8133233356360202,26.46360977454102,26.46360977454102,0.014577186107635498,1.0
2987,0.46963576581654126,44.17924089647914,43.61903862119847,0.014596128463745117,0.85
2988,0.406396241561506,35.99981608437948,22.978370835983267,0.014600467681884766,0.8
2989,0.35811143159440073,32.847141282956805,25.45845364338719,0.014502274990081786,0.75
2990,0.36768292659957497,52.18762577496974,41.86433504073248,0.014682114124298096,0.8
2991,0.4007442402547043,46.489457832238244,34.14849338769453,0.014637339115142822,0.8
2992,0.726666192527089,21.600755166635857,22.121670788218964,0.014471077919006347,0.95
2993,0.40362156775769503,42.332821834146344,24.48201242910809,0.014577889442443847,0.8
2994,0.48673593571541335,40.954651963008494,34.07913929450176,0.014821040630340575,0.85
2995,0.33409417675508646,39.78281672909149,28.502060104598815,0.014964032173156738,0.75
2996,0.3198766339602675,57.135443455797294,48.68409069651014,0.015225231647491455,0.8
2997,0.16416012579699732,60.932931488454685,52.108715137920754,0.014867115020751952,0.7
2998,0.43793512640888366,38.13916747783515,18.796289052398315,0.015305840969085693,0.8
2999,0.5394983724890943,49.24295085970445,42.30384538580264,0.014747095108032227,0.9
3000,0.053892381551269145,50.13709225434012,23.10951939548127,0.014489173889160156,0.6
3001,0.32289378126448265,56.44264147135668,55.36202082777846,0.015784358978271483,0.8
3002,0.49257761715559817,41.771351995433854,33.536961302735065,0.014649486541748047,0.85
3003,0.4621991617206905,42.41347986359061,28.286930594004172,0.014741337299346924,0.85
3004,0.2950283371187002,48.986459501822544,39.51072011670985,0.014962458610534668,0.75
3005,0.43579142233052987,57.067479062179586,52.61504462379844,0.015429306030273437,0.85
3006,0.14283955637589624,67.06061434274855,52.97639740952585,0.014639878273010254,0.7
3007,0.45063287876217506,31.23922754539896,22.153965557351164,0.014691126346588135,0.8
3008,0.5011425375620827,36.88713258237373,28.23233900769132,0.014399075508117675,0.85
3009,0.3621138751465459,30.7640653511743,15.612351919996234,0.014304637908935547,0.75
3010,0.2186360203221736,45.21160397562476,21.92637205565591,0.014805138111114502,0.7
3011,0.3351534471709693,45.26124787802739,28.875468936947968,0.014927208423614502,0.75
3012,0.47741157199286216,38.6414117616287,25.36454801063959,0.015007007122039794,0.85
3013,0.04919135658961563,49.42292844875185,22.848473180543763,0.014888632297515868,0.6
3014,0.5431334878920746,29.336409869192757,19.877680361644277,0.014454889297485351,0.85
3015,0.3973813378075945,49.81931258475451,39.807952619250685,0.014349782466888427,0.8
3016,0.7679353162405471,33.352735351089905,33.352735351089905,0.015174567699432373,1.0
3017,0.4947067104716381,40.99181252924532,33.98717264858974,0.014603042602539062,0.85
3018,0.28711404135142515,51.90070013481244,30.34665540775955,0.014326679706573486,0.75
3019,0.47589899001353403,53.48304609591436,42.54049683562816,0.014571166038513184,0.85
3020,0.30715619552966766,48.162895112064426,51.627585226405024,0.015251827239990235,0.75
3021,0.08796806964076136,60.30831538388169,38.14575084620561,0.014936280250549317,0.65
3022,0.31540208089115007,59.60810662190477,46.24251613557739,0.014852321147918702,0.8
3023,0.5280970070628583,49.135643895617314,42.22486027379906,0.014747750759124757,0.9
3024,0.41745303937392764,45.637327500145275,41.34245400071638,0.01461465358734131,0.8
3025,0.31329181872601236,43.00623647751849,31.24331837805262,0.014964914321899414,0.75
3026,0.5475828545085556,26.11083025613443,16.541999114066158,0.014875555038452148,0.85
3027,0.45358630066516137,35.854730339615614,21.502214112547804,0.014912140369415284,0.8
3028,0.6152342067434169,27.224819007121585,28.55330159536125,0.014730489253997803,0.9
3029,0.46423852199923255,46.946163763306,46.99899550227684,0.014486980438232423,0.85
3030,0.49877559701296903,42.81608204183742,47.61932671801925,0.01476348638534546,0.85
3031,0.6953393307830131,26.94670136969164,27.30531726339648,0.014889371395111085,0.95
3032,0.2686531347418032,49.64545494418636,28.90434984655612,0.014748311042785645,0.75
3033,0.3254770108677464,40.04084110381058,28.106097170604993,0.014816367626190185,0.75
3034,0.30729473774729804,48.21818438003949,32.680410340004265,0.014678895473480225,0.75
3035,0.2921438161558962,48.39995312068704,45.93610495748994,0.014963281154632569,0.75
3036,0.5636284920508283,47.96281847934283,51.877604567731254,0.01708071231842041,0.9
3037,0.44256246351727,37.21799773765122,23.88839919334415,0.014920318126678466,0.8
3038,0.4701550686057979,23.57422023447546,19.54327434395757,0.014953887462615967,0.8
3039,0.5797867713077608,38.39980883958138,35.2329255765502,0.015009212493896484,0.9
3040,0.4695373215878722,26.11114077853846,28.82015127741581,0.014908194541931152,0.8
3041,0.42080564516028957,26.685871367713766,23.26618362540217,0.015049874782562256,0.8
3042,0.1993075842727755,36.200158745366515,31.89413372237918,0.014945888519287109,0.65
3043,0.44361440691414744,50.54397096994024,44.80265942216333,0.014785838127136231,0.85
3044,0.5890439904671264,39.483482068012044,31.62286840821027,0.014731454849243163,0.9
3045,0.5539059054067931,43.55389318483226,35.17914452047166,0.014862656593322754,0.9
3046,0.48280219019767723,46.46681054758651,40.467935872206596,0.015010571479797364,0.85
3047,0.28569865719281246,37.24575300717228,32.91842154931213,0.014319241046905518,0.7
3048,0.5528411164764029,47.54351398137784,40.50399000028641,0.014975166320800782,0.9
3049,0.17247101410571006,41.68992139158429,32.97949904126647,0.014502418041229249,0.65
3050,0.03541730214857185,52.488130555583595,34.412035106050574,0.014568483829498291,0.6
3051,0.3534976683820364,50.43731088811335,41.27314268496579,0.014484047889709473,0.8
3052,0.17055248327798073,35.195613661623874,29.476882354306603,0.014980828762054444,0.65
3053,0.5061430779026238,36.66727050289988,28.46143532040134,0.014458096027374268,0.85
3054,0.530567590107179,47.370832647781306,45.563933411781655,0.014712905883789063,0.9
3055,0.4181817090995274,34.56198146034462,27.226135425487307,0.015259015560150146,0.8
3056,0.2928691985017299,42.16684517451214,30.43087108557283,0.01506279706954956,0.75
3057,0.44624970509114414,49.08048329921989,47.991350970239466,0.01481081247329712,0.85
3058,0.47439728704510287,40.72757782526992,33.688999996908485,0.015026748180389404,0.85
3059,0.6467973852603717,20.84614279457209,20.6202715138863,0.01453925371170044,0.9
3060,0.004550042782439157,55.68890020805617,32.271147718376604,0.014859199523925781,0.6
3061,0.4623954644232896,41.72246098216114,35.076818046941995,0.014438998699188233,0.85
3062,0.3548263329428504,30.594987939238344,29.95480548859556,0.014614903926849365,0.75
3063,0.5978988070872835,26.555222521478647,22.495783294924642,0.014989089965820313,0.9
3064,0.47629610468016564,39.46362437179508,26.238710848578325,0.014755833148956298,0.85
3065,0.32320523821151176,42.81007882245295,31.551461192285498,0.015159177780151366,0.75
3066,0.4554870084841868,30.855760840575726,28.680987174834193,0.015018439292907715,0.8
3067,0.4898059894231549,36.04709868840437,22.846947028580857,0.014459621906280518,0.85
3068,0.6001613770000704,31.384724676125707,26.824543836262595,0.014735400676727295,0.9
3069,0.48841532009225597,39.59929367188623,37.85724228191491,0.014718985557556153,0.85
3070,0.5935745954702802,24.244478157626343,19.6802714879718,0.014753210544586181,0.9
3071,0.32182576695014453,45.9702455035354,29.805024758005022,0.014411675930023193,0.75
3072,0.022730051217929214,50.57470112854628,15.236564700289312,0.014708876609802246,0.6
3073,0.354179840484064,34.673879495820906,14.396646667904202,0.015105366706848145,0.75
3074,0.49196078894565354,44.28496290538594,31.95961263039651,0.014632344245910645,0.85
3075,0.4294593897139646,38.72101870816318,32.679258780511475,0.014586973190307616,0.8
3076,0.24931546886203337,60.62394644426799,56.442807163979616,0.014600992202758789,0.75
3077,0.16003525278848102,43.97062673319385,30.017680749144855,0.014491510391235352,0.65
3078,0.5700113473199415,32.183795671165356,28.10689845744801,0.015228235721588134,0.9
3079,0.37982170457616954,49.681293825190615,32.97986325322495,0.015396296977996826,0.8
3080,0.5277455912051138,31.836692234706895,35.01145929198237,0.014713704586029053,0.85
3081,0.6334321391986728,47.91426160039888,44.365791210283284,0.015107882022857667,0.95
3082,0.42486294295592214,42.24126115535842,23.893878352460952,0.015192914009094238,0.8
3083,0.3711397518687047,50.99446376400196,47.50414637438723,0.014880454540252686,0.8
3084,0.36210075471201597,55.85522641033376,47.48345603179895,0.014850974082946777,0.8
3085,0.5384790804226064,29.442763695608317,20.516138820429234,0.01487327814102173,0.85
3086,0.4047937444666731,47.36861252639975,30.9628866973613,0.014716231822967529,0.8
3087,0.2079306428112803,60.251182049714,36.683501535320765,0.014366710186004638,0.7
3088,0.37124682925253744,49.5953444752348,33.78642837611308,0.014800834655761718,0.8
3089,0.5785808122278463,34.52183522666371,25.72004900421087,0.01472378969192505,0.9
3090,0.39172100406144433,41.548582593723765,35.52863941358211,0.015564215183258057,0.8
3091,0.2738160775782529,35.37451977612319,29.73347009352516,0.014765453338623048,0.7
3092,0.25368333533210646,62.68268775098697,51.55515146916483,0.015147686004638672,0.75
3093,0.12622181408101968,51.07616987418209,25.050992233894217,0.014378201961517335,0.65
3094,0.28862251921859017,39.28026592185681,27.158487823828757,0.014952445030212402,0.75
3095,0.3013068011027823,48.918965463980626,40.701265842067606,0.014537954330444336,0.75
3096,0.06278424192277543,65.49976232280507,54.01999460883471,0.014428138732910156,0.65
3097,0.3603890702129078,59.874182163927266,45.696255699446226,0.014619863033294678,0.8
3098,0.21588026207578687,40.637060909624786,29.64306603990126,0.014598941802978516,0.7
3099,0.3066550597514115,50.85026276121675,29.613442892797686,0.014619576930999755,0.75
3100,0.3478560106995004,34.180067349711756,19.604179516954176,0.014362049102783204,0.75
3101,0.40730419306537735,40.986013074985124,35.45323634344197,0.014684855937957764,0.8
3102,0.5348519071357447,35.85937948781934,22.33508320695134,0.01497420072555542,0.85
3103,0.26610732335268567,39.39305564972243,21.772686697084982,0.014939260482788087,0.7
3104,0.37939020216911795,35.394450563292104,30.089148355265515,0.015352988243103027,0.75
3105,0.44161030899463494,35.94148227629488,15.75986505480376,0.01464543342590332,0.8
3106,0.40947908955926077,43.893265359298184,39.73627087823466,0.014531731605529785,0.8
3107,0.19933829170510173,54.82689324929053,29.69662768579412,0.015024840831756592,0.7
3108,0.5572089768818114,46.38297291709482,38.93975905892913,0.015247881412506104,0.9
3109,0.8100140605767387,25.01822338373878,25.01822338373878,0.014704883098602295,1.0
3110,0.41493631776497875,39.76726221435469,21.54955851169155,0.014253365993499755,0.8
3111,0.6735612553175516,38.13935799757631,33.79620479140514,0.014796388149261475,0.95
3112,0.621631304992906,31.50962243638126,21.969714576848045,0.01473020315170288,0.9
3113,0.39440871730019145,45.749659619036834,34.54731733104548,0.01503380537033081,0.8
3114,0.23394218856982402,39.88679851571593,29.538275018988948,0.015121650695800782,0.7
3115,0.45074996398353945,55.59966817108756,45.40740315560409,0.014848113059997559,0.85
3116,0.23926560664121652,55.083981079319486,36.98256466418172,0.014891576766967774,0.7
3117,0.5193862689919322,34.84862737559918,20.776917512636675,0.014635157585144044,0.85
3118,0.19452101047076029,49.85376172732647,29.252517779584217,0.015127670764923096,0.7
3119,0.012044748757812262,59.793657864785146,48.625929248218284,0.01490405797958374,0.6
3120,0.4042465885359935,45.626960317327026,35.04072278205658,0.014695179462432862,0.8
3121,0.047748437969748043,64.55299623860857,45.24754032316319,0.014975357055664062,0.65
3122,0.32703484375381153,57.08554299574003,49.089356541176585,0.014881575107574463,0.8
3123,0.487836321522626,36.09860798737047,33.98461064933666,0.014733076095581055,0.85
3124,0.28684362858480794,51.847909798010676,37.579809872092824,0.01491541862487793,0.75
3125,0.4177427411224849,55.3579222184747,50.56829924743951,0.014730691909790039,0.85
3126,0.21714312883526005,45.366930534027354,29.19946494195897,0.014218556880950927,0.7
3127,0.3203282399302798,41.34934865740762,29.319445920762657,0.01561490297317505,0.75
3128,0.37854823503543295,41.98357814565157,35.67099706909583,0.014461219310760498,0.8
3129,0.4178682641889925,36.38078030482531,23.67804715173594,0.014866256713867187,0.8
3130,0.42235269028322797,36.75107024753809,23.90162557702825,0.014590620994567871,0.8
3131,0.6794383750472921,32.902273933636664,28.353475583550036,0.014795660972595215,0.95
3132,-0.05351131216920022,40.398500435947184,15.47635618492258,0.014757835865020752,0.5
3133,0.12151726172682528,57.445159501057375,41.48682776991523,0.014563727378845214,0.65
3134,-0.1745044662226309,45.760700405936106,28.281074899622276,0.014599478244781494,0.45
3135,0.4141552370513205,61.53682350474935,63.65502908883964,0.014856112003326417,0.85
3136,0.30152264090431824,46.16443219571009,43.99257477491567,0.015170490741729737,0.75
3137,0.1408169807687971,57.086275213159624,45.74214378271714,0.01475074291229248,0.7
3138,0.25869388554504313,41.390270123804996,38.86271528359948,0.015107178688049316,0.7
3139,0.0509953295940329,44.18125103933611,14.15661002737099,0.014593160152435303,0.6
3140,0.6163635043946417,24.14636326661958,19.864811538093825,0.015169954299926758,0.9
3141,0.682695893433473,50.326802778540596,50.326802778540596,0.01501164436340332,1.0
3142,0.32053525622992274,43.91352890881995,26.586796717230694,0.014790356159210205,0.75
3143,0.34410852539317066,40.67853869234385,30.373100139769175,0.015340876579284669,0.75
3144,0.5011659461931234,38.07388166271407,24.834043715507875,0.014640021324157714,0.85
3145,0.15801849883985492,44.29850997579348,30.543198169375582,0.015179967880249024,0.65
3146,0.20117792085834957,54.359436960049024,35.97595660627592,0.014511704444885254,0.7
3147,0.4742949974276822,28.309911160123555,19.435434009815708,0.014382219314575196,0.8
3148,0.11163241305759067,56.18781278394133,33.12502011007203,0.014659619331359864,0.65
3149,0.4474712494200112,31.35915910796573,23.061496472913348,0.01519840955734253,0.8
3150,0.5715867673240688,38.040041280140244,29.066227223159427,0.014916002750396729,0.9
3151,0.6182838807709612,26.798901283474798,22.617249581839204,0.014765918254852295,0.9
3152,0.713187985786487,44.710841041907585,44.710841041907585,0.015048384666442871,1.0
3153,0.18319149019571682,55.2797935366262,30.466224518237095,0.014722228050231934,0.7
3154,0.28049609547454235,56.582686070507364,44.3743236976565,0.015897727012634276,0.75
3155,0.44506388346468545,52.32534870923466,42.323555869725396,0.014713692665100097,0.85
3156,0.3282391426065628,60.465970302619404,47.06961944513587,0.014892804622650146,0.8
3157,0.5880607134570282,36.755410743378846,28.882416680407534,0.014636778831481933,0.9
3158,0.5633610414416375,26.643423575855525,21.957907900568983,0.014252638816833496,0.85
3159,0.047862006351220975,50.76460817379057,31.843968709336895,0.014494502544403076,0.6
3160,0.39040543486493207,47.25807034640398,29.36273417400684,0.014903771877288818,0.8
3161,0.041064309033317745,59.91172553809223,48.567250800315094,0.014439833164215089,0.6
3162,0.4086273682876316,35.751737511257474,34.19969508305239,0.015298140048980714,0.8
3163,0.08131238219400408,65.77768992265732,39.425369400050606,0.014737546443939209,0.65
3164,0.18816496484373316,61.077434046841006,46.111717411183626,0.015419578552246094,0.7
3165,0.20612872099583415,57.204472386954855,30.391485162962905,0.014553368091583252,0.7
3166,0.2964224367270812,46.54284016119489,34.946976030071696,0.015428197383880616,0.75
3167,0.39009224244956087,44.23159776833056,33.19947545622219,0.014738094806671143,0.8
3168,0.4423684345518891,52.32664128543672,47.09561823524206,0.015130925178527831,0.85
3169,0.441761000845968,23.102639337086067,12.952157271153094,0.016373634338378906,0.8
3170,0.2602912136102033,61.19732451111012,50.75465804147021,0.01518779993057251,0.75
3171,0.5448210590157467,45.394867753962465,37.575507745020616,0.015458798408508301,0.9
3172,0.5663916358044362,40.542629781086,32.20846558639447,0.014739227294921876,0.9
3173,0.6031152288932754,30.709209114722306,26.51808932773101,0.0148534893989563,0.9
3174,0.4015722836464125,34.382691129426135,27.079542007265253,0.014644968509674072,0.8
3175,0.721171129923074,27.241605481408623,22.3991284404451,0.015757644176483156,0.95
3176,0.4704936376820504,29.84726900227222,14.555618008271615,0.01446826457977295,0.8
3177,0.3441519482228711,37.616881007326214,25.207091895378163,0.01434793472290039,0.75
3178,0.3012338601950763,44.27961923863674,27.742042736789315,0.01442795991897583,0.75
3179,0.3463719773766892,46.167871828264026,37.175716715363855,0.014378964900970459,0.75
3180,0.07397042375410638,65.71007614255947,47.270699383690115,0.014920306205749512,0.65
3181,0.6785637824924255,35.178103096478374,36.349249382566946,0.015011751651763916,0.95
3182,0.285538346755928,50.76455169323809,29.722019337509373,0.014938974380493164,0.75
3183,0.506495181245725,35.70363028216565,22.743983487829524,0.015055620670318603,0.85
3184,0.4842081493010536,44.81308482743245,33.37033191729941,0.014433419704437256,0.85
3185,0.3064545293056095,43.80941853989992,34.737658635028865,0.014809727668762207,0.75
3186,0.40780314292450726,44.877998192228546,34.52807993239477,0.015125429630279541,0.8
3187,0.4843572112263848,45.51121997775284,39.91277181177548,0.014542460441589355,0.85
3188,0.4199641526760757,34.18028209536558,21.234536002467472,0.014615225791931152,0.8
3189,0.6083229784438028,35.49767617718308,32.74625203961763,0.014638006687164307,0.9
3190,0.3346381164725946,36.71428286640166,24.638353813863898,0.015567290782928466,0.75
3191,0.3383309632191189,57.59053052139653,44.196156675028604,0.015070831775665284,0.8
3192,0.15475684724089295,65.17009388902946,44.91644883740454,0.014912569522857666,0.7
3193,0.4623517867116801,46.790522652378115,45.74690889372745,0.01563001871109009,0.85
3194,0.14991729289054195,65.88541463992867,52.832957696683195,0.014710462093353272,0.7
3195,0.34515983608770895,56.42929133036232,41.4224936835393,0.04770206212997437,0.8
3196,0.50509056492137,39.10248741084398,31.805875744434903,0.014519309997558594,0.85
3197,0.4816438110699489,41.823988885161775,29.25990655582427,0.014668381214141846,0.85
3198,0.6317530633455055,23.873041876052568,19.8437815299846,0.014543747901916504,0.9
3199,0.5060488107491937,31.15918453210785,17.034307172107933,0.014834833145141602,0.85
3200,0.4553871222820513,46.466836117763116,34.45728233192545,0.01486610174179077,0.85
3201,0.5017516479424946,33.65478857837973,19.07067260674343,0.014272558689117431,0.85
3202,0.27261294395288954,54.086763337846605,41.06711226721542,0.014274811744689942,0.75
3203,0.21901416087690267,46.15598297630764,30.040014275151353,0.014546334743499756,0.7
3204,0.3817987535977854,44.87564594553516,40.56370591617153,0.014315950870513915,0.8
3205,0.09250734192232823,49.28299407726771,21.611322171197852,0.014317667484283448,0.65
3206,0.3066869722027879,38.43296041525272,33.43463734833927,0.01612769365310669,0.75
3207,0.5551144698873911,45.90496312082395,38.38298311169402,0.014356064796447753,0.9
3208,0.4760077224780628,47.10072356766027,35.18972376333783,0.01455751657485962,0.85
3209,0.6388159908811686,37.63635190649951,33.49574326827264,0.014474856853485107,0.95
3210,0.679378067046561,38.257815291018595,34.229994412380286,0.014654195308685303,0.95
3211,0.7899431942876294,25.301681410392366,25.301681410392366,0.01446077823638916,1.0
3212,0.5384202676486424,28.186208602102198,29.83039452045639,0.014647328853607177,0.85
3213,0.41140901955700215,37.70482072444298,23.42166187602713,0.014241862297058105,0.8
3214,0.5024051402625254,36.658849069220295,34.29545514398055,0.014425742626190185,0.85
3215,0.12138653425781105,48.950936119731196,37.063580756921844,0.014485597610473633,0.65
3216,0.36105953204821317,49.86726937485674,40.09352475086706,0.014749395847320556,0.8
3217,0.30440920614228323,46.81444085830531,30.800330963815494,0.01430971622467041,0.75
3218,0.6217285619592989,26.157625180293387,22.154259400738145,0.014394807815551757,0.9
3219,0.29789080632163395,45.46432771152687,36.95585232663957,0.0153603196144104,0.75
3220,0.5359648599048448,52.6061574039035,51.45839544658961,0.014548730850219727,0.9
3221,0.6310348033206497,46.562948399593424,43.06625621486724,0.014314377307891845,0.95
3222,0.16663291873343772,37.894692701535135,28.994094983818233,0.014781570434570313,0.65
3223,0.2868745489858468,47.02264684869092,31.23761034808052,0.01467658281326294,0.75
3224,0.3983054015227939,42.359312122821066,30.287182598528616,0.01475217342376709,0.8
3225,0.4717583174939156,40.09206113854727,27.34021089697851,0.014816951751708985,0.85
3226,0.25909931064255615,54.72508707766076,34.177006661960526,0.014901459217071533,0.75
3227,0.39169862245270226,43.9789729477263,26.653394286683316,0.014274144172668457,0.8
3228,0.6011812310320555,35.31605591561432,37.708957178749756,0.014070463180541993,0.9
3229,0.38384683366550787,45.597998742119415,40.983967591259,0.014644348621368408,0.8
3230,0.5090159638849862,38.672296456774795,31.188517393251384,0.015378499031066894,0.85
3231,0.436234666789276,36.13234659899739,23.37243663348204,0.01446671485900879,0.8
3232,0.33865104952709196,39.62798801915751,28.621857642421,0.014539778232574463,0.75
3233,0.4115389532362716,41.16892436100897,23.32115169761567,0.014514243602752686,0.8
3234,0.5496833429848296,49.1687626008262,42.52754800575659,0.014118075370788574,0.9
3235,0.4975970001705048,42.70945780166076,30.397379320248366,0.014391934871673584,0.85
3236,0.3138301876147884,40.15711242188855,20.972081628583723,0.015445065498352051,0.75
3237,0.4967949337736372,42.18442484286445,29.527070127465624,0.014337754249572754,0.85
3238,0.37056085121102805,52.849930878621045,36.82062745755949,0.01448739767074585,0.8
3239,0.5180886673880175,36.66229452364904,28.41765217247336,0.014746510982513427,0.85
3240,0.23478704449886684,63.158335294258634,45.54909750991867,0.014998257160186768,0.75
3241,0.17074767710008204,62.14742866351543,54.68313232860455,0.014959919452667236,0.7
3242,0.0796227907274127,47.3672378400637,32.78672582776931,0.014391517639160157,0.6
3243,0.4282937859987145,57.44046274297949,47.127399949251064,0.014924132823944091,0.85
3244,0.5759305425099019,44.35761502645233,36.049104705839326,0.014244639873504638,0.9
3245,0.39982159387026334,45.439334261075516,34.312037035457294,0.014372265338897705,0.8
3246,0.1970791417848492,55.769220353491434,39.3024674384893,0.014622843265533448,0.7
3247,0.1370389619312255,74.78189106541826,58.467949916355295,0.01522676944732666,0.7
3248,0.5872885684396548,35.762134683883154,32.538659629311866,0.0144453763961792,0.9
3249,0.14855197467503786,38.93792735415622,22.032821961513946,0.014519500732421874,0.65
3250,0.34863648617800924,37.24754566620251,24.841617627665105,0.014704489707946777,0.75
3251,0.3022278893651904,46.07013368565917,30.42217207919043,0.014597201347351074,0.75
3252,0.5439493188882621,45.63904996564889,37.69789219805223,0.014403390884399413,0.9
3253,0.26707595847230514,57.67546346953044,45.41491822151135,0.014363265037536621,0.75
3254,0.5440272150718388,44.751323166669145,37.10555366872346,0.014834463596343994,0.9
3255,0.31052331469792704,46.678634890740916,37.6359264060185,0.01428896188735962,0.75
3256,0.2606899538763791,40.85029239764413,30.741819846291985,0.014571666717529297,0.7
3257,0.31372016492654475,42.89492812680703,25.94203607698855,0.0139695405960083,0.75
3258,0.18320936420855177,52.297658426970585,26.462791858093656,0.01439340114593506,0.7
3259,0.6832040305043895,31.51025283100418,27.02148290905707,0.014448583126068115,0.95
3260,0.44231202578717294,34.375870529017654,20.231386414450157,0.014809000492095947,0.8
3261,0.41534266984466794,42.57616224366461,24.229076987056896,0.014272677898406982,0.8
3262,0.5679395445090478,39.64388331748981,37.17262656240318,0.014346516132354737,0.9
3263,0.4925015463509723,38.623658680252476,30.356002808010505,0.014633429050445557,0.85
3264,0.53642616981315,48.45051529088085,41.37184685711619,0.014049124717712403,0.9
3265,0.39827458719475356,43.05940945979594,31.368485966811694,0.014271271228790284,0.8
3266,0.40620100032339906,36.6402524706711,29.818448960276427,0.014257943630218506,0.8
3267,0.2467610204893679,40.441272814920225,28.6769512164502,0.014200818538665772,0.7
3268,0.43687526425069123,35.22258562732985,21.4886302646027,0.014829301834106445,0.8
3269,-0.03418506786821679,49.78224245017274,29.71921526718543,0.01470794677734375,0.55
3270,0.5432024751761192,41.50220966426958,33.359852269738305,0.014577126502990723,0.9
3271,0.6144370348594813,33.58532351897153,30.093496354874063,0.014116239547729493,0.9
3272,0.5099703761588099,38.083108460438226,33.83680612236326,0.01440814733505249,0.85
3273,0.605166272251739,38.02219118672447,34.488030870138346,0.014300131797790527,0.9
3274,0.720239291634333,26.010905257381854,26.768256455734665,0.014540266990661622,0.95
3275,0.4101064467100016,40.72064642540809,23.03081264375161,0.014339983463287354,0.8
3276,0.40354369317349204,43.08784271348658,37.641888378425946,0.014588916301727295,0.8
3277,0.1669346269498781,59.94683891057268,43.91324537457864,0.01446671485900879,0.7
3278,0.6641364641173401,37.16671383603157,33.07754668828589,0.014682519435882568,0.95
3279,-0.11392510114828755,46.062881309811004,58.300700231009934,0.014257383346557618,0.5
3280,0.4281582100428382,40.842985811760215,28.072150107468374,0.014786899089813232,0.8
3281,0.3190318898827763,51.778488031397714,37.36374668455664,0.014965331554412842,0.75
3282,0.22073375130586165,48.007041549103974,31.689548798421253,0.014877057075500489,0.7
3283,0.4300124685381622,37.831788108689985,30.943255611880744,0.014528334140777588,0.8
3284,0.37303974929120703,46.945611804456675,42.545446391784864,0.014358067512512207,0.8
3285,0.17623060733477572,42.54302748572224,17.72309906709065,0.014600956439971923,0.65
3286,0.4970622772194292,36.94954907572745,29.27129246337558,0.014735960960388183,0.85
3287,0.09520770097929845,61.40215350646631,48.95480110901496,0.014512979984283447,0.65
3288,0.11277275884147757,55.10843363776581,37.76784330505918,0.01488577127456665,0.65
3289,0.3353599538146056,35.86198380049424,23.27965134970224,0.014751553535461426,0.75
3290,0.22011621775546017,51.26817872830335,23.668516150424402,0.014684104919433593,0.7
3291,0.03945672316248121,56.71812193337786,32.49120052749074,0.014406418800354004,0.6
3292,0.22214080070955014,53.8868898475793,32.203984480576445,0.015177679061889649,0.7
3293,0.4980730074201464,43.60541161375936,29.689176181258862,0.014992213249206543,0.85
3294,0.2192710379887631,49.24633300107178,25.034219241577222,0.014959800243377685,0.7
3295,0.427593854625386,39.916288781742786,20.14955781903451,0.015065836906433105,0.8
3296,0.5936707885518013,27.06312379457834,22.487668639784633,0.014761817455291749,0.9
3297,0.49079263002162554,18.44141097800746,13.227205838403414,0.01445920467376709,0.8
3298,0.5279864594889756,25.512968055585027,21.54620409930299,0.01457444429397583,0.85
3299,0.6303384823497717,24.952979646895535,20.687541121525935,0.01433635950088501,0.9
3300,0.6086612311431312,26.420177940237853,16.624206240050977,0.014352178573608399,0.9
3301,0.37909392295672706,50.190398408485194,34.37828979649602,0.014019441604614259,0.8
3302,0.6084165835609028,30.682789352305768,21.364398162927948,0.014395451545715332,0.9
3303,0.5602870426647749,41.21247985280166,38.13607018463713,0.014897298812866212,0.9
3304,0.6203737805699526,33.56675736021868,29.80449924997119,0.014477729797363281,0.9
3305,0.41876664554674353,35.49107353026759,33.21298785672579,0.014552342891693115,0.8
3306,0.2766312599270963,43.25890920498741,26.440502069772418,0.014664971828460693,0.7
3307,0.30848747988873787,46.61800898238982,36.242417632322436,0.014633822441101074,0.75
3308,0.5085467656656879,34.88088759047217,26.9059188933564,0.014547944068908691,0.85
3309,0.561308062336322,40.54062692546595,32.69099328825428,0.01437814235687256,0.9
3310,0.2925083872439916,46.423472136507435,30.59551966754012,0.014876234531402587,0.75
3311,0.529595644105496,31.474838030791823,22.883759237401705,0.014285123348236084,0.85
3312,0.38247630988865794,45.09593509710807,40.8864552849585,0.014956974983215332,0.8
3313,0.2644890656239038,55.65380292602022,41.96465741869825,0.01510930061340332,0.75
3314,0.6222824850879598,30.423060004991054,21.038992891645314,0.014565110206604004,0.9
3315,0.12503671056392043,53.75229788959774,36.26262406235573,0.015054023265838623,0.65
3316,0.25259121572260185,53.25987426943395,40.39225175335638,0.014569509029388427,0.75
3317,-0.01150425782311395,47.756355022539395,26.484180145272273,0.014671909809112548,0.55
3318,0.40322348488151505,38.82626348710472,31.29797557029416,0.014709222316741943,0.8
3319,0.45299251249542694,48.59472997886364,37.16719475280878,0.014870977401733399,0.85
3320,0.4266949241398579,30.393066399537826,21.17624554994013,0.01462925672531128,0.8
3321,0.291468583327433,55.0250192554134,60.807536588581,0.014891314506530761,0.75
3322,0.2971535849397138,45.79136845514937,30.104013249986636,0.014564275741577148,0.75
3323,0.5800977198325417,29.422220668322133,19.659531361648064,0.01434626579284668,0.9
3324,0.4395848351984063,32.08692034779727,28.11033600872951,0.015059709548950195,0.8
3325,0.46579322009886803,44.0313727407565,37.67055733273561,0.014651620388031006,0.85
3326,0.265717305195947,36.385680871457694,16.463026298885275,0.01451345682144165,0.7
3327,0.4238073895372825,35.638898410453876,28.000272383404642,0.014592790603637695,0.8
3328,0.005821515127617416,55.87482609265171,49.05590172290021,0.014639782905578613,0.6
3329,0.11268462861704572,55.12699553858274,29.496213412519385,0.01525648832321167,0.65
3330,0.1290474176929301,50.974523682520044,31.981411912721885,0.01543891429901123,0.65
3331,0.5073179661145764,34.68299943862744,32.81991381216394,0.014744555950164795,0.85
3332,0.5705442899929322,39.91635545646428,37.497492089149326,0.01456151008605957,0.9
3333,0.23385976299222025,46.651314018673574,24.14291022565977,0.015030992031097413,0.7
3334,0.4674105146549998,48.147717059989716,42.30570041348979,0.014831840991973877,0.85
3335,0.2151507108055799,56.14308719914038,31.138124274943866,0.014440000057220459,0.7
3336,0.5224647484566652,37.1276797563283,29.358213695512184,0.014610493183135986,0.85
3337,0.570943839720891,40.97848257618615,32.84786902019269,0.01467878818511963,0.9
3338,0.3459297031287017,47.74314030711587,31.916864502370156,0.014607894420623779,0.8
3339,0.2837508562478902,49.83541981183922,34.38257252157348,0.014914345741271973,0.75
3340,0.415543415961909,42.69188264125644,36.63716217270479,0.014510917663574218,0.8
3341,0.39139282610133375,48.015271344180576,43.81409939331852,0.01506800651550293,0.8
3342,0.2670843546172414,62.78091348740962,44.78845302603236,0.014599812030792237,0.75
3343,0.21867428299987815,51.639384543245285,31.2210880830332,0.01475144624710083,0.7
3344,0.3335678051596388,42.421649931641554,30.95938209844356,0.014829576015472412,0.75
3345,0.3950970972701223,46.73844692188299,42.00866001577586,0.014736974239349365,0.8
3346,0.6277302425094095,32.84385027412453,35.086921169798025,0.015279293060302734,0.9
3347,0.5305100282943597,32.89558052842268,30.803977306011962,0.015530884265899658,0.85
3348,0.41564352136255545,33.98504515729564,26.097529639856855,0.01503291130065918,0.8
3349,0.3013053192346762,46.63994306587094,30.807972615836103,0.014561164379119872,0.75
3350,0.5828129838960187,36.35437090207476,28.317734947631052,0.015401613712310792,0.9
3351,0.4856050208379342,46.47592948031581,39.560625824391764,0.015205013751983642,0.85
3352,0.6585853404654505,25.82274191656561,21.19453023505752,0.015253853797912598,0.9
3353,0.39682561846441844,39.71941923732584,20.924930691393605,0.014721500873565673,0.8
3354,0.4883491464790347,41.903486741963306,29.41841171982913,0.014558207988739014,0.85
3355,0.43818243821569586,52.29256469092187,41.29182257802914,0.01482781171798706,0.85
3356,0.2857157420595824,53.71947644085486,32.96182658192975,0.014763891696929932,0.75
3357,0.45554483149808983,45.57776810377502,39.08317895356597,0.014487802982330322,0.85
3358,0.4019304229855334,29.84729909996803,21.704360367331567,0.01483539342880249,0.75
3359,0.11709361437808521,55.274580790980266,46.88243807425072,0.01456003189086914,0.65
3360,0.19547761153299528,57.37901056450848,39.562639650210976,0.014775574207305908,0.7
3361,0.40918497729053527,51.51030530912492,47.843553620762655,0.01461181640625,0.8
3362,0.4300033655112029,35.413142289044444,27.87699679087129,0.014584517478942871,0.8
3363,0.2945904434052184,51.444587315322806,35.53175077285514,0.015041518211364745,0.75
3364,0.5300856833320221,35.39286699984337,26.57539208571016,0.014923083782196044,0.85
3365,0.17721206923293986,40.45336745485324,31.918300763268956,0.014355146884918213,0.65
3366,0.4134014282803783,43.740395335026946,38.63134505210544,0.014503097534179688,0.8
3367,0.34691773805367454,41.67650104071962,17.42865151520131,0.014758062362670899,0.75
3368,0.31533917681456236,41.02554536002883,22.72226501755458,0.014928960800170898,0.75
3369,-0.06149970082155174,61.1726079690916,25.762797064345012,0.014770436286926269,0.55
3370,0.21578247168612955,42.259108184686056,18.630834702110906,0.014945554733276366,0.7
3371,0.5270411541572436,32.24996349644987,23.169610277751673,0.014964544773101806,0.85
3372,0.16742819585977128,45.9818406732655,31.399489843354893,0.014878463745117188,0.65
3373,0.49432188935803223,43.23633267430539,36.50252141089053,0.01510462760925293,0.85
3374,0.7668806611267062,31.96153890592001,31.96153890592001,0.015343415737152099,1.0
3375,0.7393505414074497,19.982920453111806,20.118417900564005,0.014615476131439209,0.95
3376,0.3697278963495815,29.585251162723058,14.134254788276738,0.015186631679534912,0.75
3377,0.5208308882374059,25.088092400664106,21.371274574352423,0.014900755882263184,0.85
3378,0.32776494531983213,44.42529956365739,28.514988057431356,0.014761900901794434,0.75
3379,0.37643264967313045,52.23128414499111,43.38657546155103,0.014984965324401855,0.8
3380,0.6070162109618904,25.195914588560818,20.727232352572482,0.014945149421691895,0.9
3381,0.34030452695431834,55.84558033163463,46.746523394014645,0.014725601673126221,0.8
3382,0.14737203941182214,44.71687945467713,29.87335034522762,0.014852237701416016,0.65
3383,0.4260635272222184,37.02674990177345,24.145118953216677,0.01460624933242798,0.8
3384,0.4971577929474834,35.63827670978939,27.696265161129674,0.014369773864746093,0.85
3385,0.37738626010754195,51.11752482015703,35.28991664753463,0.01466817855834961,0.8
3386,0.5603256717071596,45.99034155463094,37.97273476675845,0.014560914039611817,0.9
3387,0.4651917358617636,46.607929671478026,34.658371838732904,0.014934873580932618,0.85
3388,0.1667392435367264,56.81638639830428,32.45275184885268,0.014767313003540039,0.7
3389,0.2644876905753044,56.117263113320476,43.51441366936372,0.014765667915344238,0.75
3390,0.580094656268249,39.536291894238765,31.421566588604687,0.0147314190864563,0.9
3391,0.25843988223617503,42.36077979739487,24.695677689049514,0.01485006809234619,0.7
3392,0.4818587651958889,47.00291563306551,35.60642271562644,0.014599418640136719,0.85
3393,0.21373660615994156,51.284671825842736,31.4010192785407,0.014974749088287354,0.7
3394,-0.012155560533632597,43.91226869975322,22.406926380815467,0.014393091201782227,0.55
3395,0.4665320431895335,45.55488831833038,33.34445098141482,0.014337921142578125,0.85
3396,0.4574709750255764,50.09844790554261,38.41440871081497,0.014737284183502198,0.85
3397,0.15132447097981375,46.13452885143067,23.978930676540358,0.014781546592712403,0.65
3398,0.5071969242168116,31.755280034094493,17.141140149697996,0.014265060424804688,0.85
3399,0.6621034498926128,36.35789740021871,32.22560525433542,0.014501500129699706,0.95
3400,0.24653729071080085,62.40069717912453,44.92045650309476,0.014945757389068604,0.75
3401,0.5256391364656646,41.465228492211104,28.07818864381248,0.01446683406829834,0.85
3402,0.6275987811043287,29.987352802057224,26.36967838337553,0.015230810642242432,0.9
3403,0.5807818375367301,34.470143383678135,25.40082420196604,0.015425491333007812,0.9
3404,0.6257526640048596,30.44444731004888,21.834039744664018,0.014695584774017334,0.9
3405,0.6238169776636167,27.465667722049755,23.021322321589594,0.014386332035064698,0.9
3406,0.39915730882685974,40.62290976322067,28.78961469150171,0.014370298385620118,0.8
3407,0.4906013079584227,38.33501524332509,23.534786589050363,0.014440798759460449,0.85
3408,0.42264642750490833,34.4092954120646,26.330505494035357,0.013939452171325684,0.8
3409,0.31289051526761436,61.143540084143126,47.94302649772227,0.014018213748931885,0.8
3410,0.3823784069788731,51.0222403676831,40.95641388527178,0.014656031131744384,0.8
3411,0.4662245562949849,33.55642932371893,19.7598951930209,0.014183747768402099,0.8
3412,0.3322598799149695,43.214218707340535,31.940974976998234,0.01435171365737915,0.75
3413,0.3164443050444711,46.75721305979638,35.95175456696823,0.014150416851043702,0.75
3414,0.5101000006021865,37.77249373177912,23.91772374730271,0.014642906188964844,0.85
3415,0.791369934162719,23.819138512862292,23.819138512862292,0.014790308475494385,1.0
3416,0.3380811053236217,40.4966549407758,22.994156926655844,0.015006279945373536,0.75
3417,0.25400107418114193,34.95723937407497,29.785957271524776,0.014124250411987305,0.7
3418,0.44207804711650134,37.88035430179681,18.554526776284753,0.014494383335113525,0.8
3419,0.4506513202473908,46.90140708338895,34.82870857672093,0.014365661144256591,0.85
3420,0.16150572350268047,41.336570349368074,24.133621138242976,0.014374542236328124,0.65
3421,0.3893994153285069,45.471590885237006,27.844411394586743,0.01454002857208252,0.8
3422,0.2418252541645712,36.704462087826855,17.02650162105829,0.015051138401031495,0.7
3423,0.6126552705030381,30.48081917435574,26.15560193747009,0.01536339521408081,0.9
3424,0.5157665146255177,51.35416098071683,44.530771070614634,0.014862990379333496,0.9
3425,0.17618321779594534,45.4211479708005,31.24455854172546,0.014935195446014404,0.65
3426,0.389373733277834,44.092769267799426,31.962556335697368,0.014423573017120361,0.8
3427,0.23256479003771915,36.99211039341115,31.180871398765415,0.014493131637573242,0.7
3428,0.35451003019980754,39.071038587705644,27.353661378147663,0.014663028717041015,0.75
3429,0.2299145541254472,46.56356040247244,38.58131028870933,0.014406716823577881,0.7
3430,0.3637553798097672,29.58245834946834,21.72530461475637,0.014644110202789306,0.75
3431,0.49260254136427745,37.25474058828526,35.16908849980959,0.014305925369262696,0.85
3432,0.6013418421804958,41.57830567990648,33.616460671007005,0.014706861972808839,0.9
3433,0.5470342535197388,26.804371870910053,23.201579594150207,0.014623475074768067,0.85
3434,0.09273818335960429,43.37900057134728,27.457546991760648,0.014458155632019043,0.6
3435,0.4464329791044209,32.37569685090461,23.67163802324043,0.01467750072479248,0.8
3436,0.4230585488942271,34.03239324808699,20.04514529255492,0.014821720123291016,0.8
3437,0.6281281205507906,27.055836944513686,22.72730449626749,0.014595329761505127,0.9
3438,0.3232809833499867,38.02417079340502,20.360574309179235,0.01479806900024414,0.75
3439,0.5838056617082038,37.63641922417854,29.357821616814494,0.014828979969024658,0.9
3440,0.6198479555213712,26.65265891003898,22.400718322686814,0.014543771743774414,0.9
3441,0.7759278493985291,25.021353571234304,25.021353571234304,0.014887523651123048,1.0
3442,0.4333838444637241,33.160211198836535,32.09387041576669,0.014828658103942871,0.8
3443,0.5228738861811544,30.05356986062791,21.376461568196262,0.015775418281555174,0.85
3444,0.7754068572745941,32.91123570292784,32.91123570292784,0.01504424810409546,1.0
3445,0.4236829776172718,53.16474898197786,47.806614033570106,0.015105140209197999,0.85
3446,0.5005498711399248,38.28343553275841,30.790741125070486,0.014978981018066407,0.85
3447,0.4923244803110179,47.791825066389386,42.18058618238839,0.014746201038360596,0.85
3448,0.5593303164985772,27.05493393887026,23.778211453105346,0.014933204650878907,0.85
3449,0.13441533129331204,54.26645313037034,29.968482155401226,0.014676380157470702,0.65
3450,0.5470321469064238,32.55520954826527,18.400809875707786,0.014595115184783935,0.85
3451,0.43958484556775285,32.19043947995108,18.056989737554552,0.014783954620361328,0.8
3452,0.28107676066642895,38.599123538448545,24.713286308716693,0.01466515064239502,0.7
3453,0.5029934223219182,36.95573231060259,27.911915020738903,0.014529478549957276,0.85
3454,0.6250265238598878,22.19079855495992,22.99527060102515,0.014422380924224853,0.9
3455,0.4829231437959649,36.4449702700867,22.614845324599983,0.01434175968170166,0.85
3456,0.3355944838205773,37.31313423516978,24.811017682668332,0.014601099491119384,0.75
3457,0.35333452591781833,35.4149733715412,27.395024057324914,0.020483028888702393,0.75
3458,0.4104098660594511,43.14010060795792,36.88299932589605,0.014659726619720459,0.8
3459,0.5198927802049089,50.76897496983808,43.554806694480455,0.014389193058013916,0.9
3460,0.38244617425911565,31.629712566357853,16.631197682919314,0.014583706855773926,0.75
3461,0.49035472885995,42.03621931786088,29.068484191522117,0.015108299255371094,0.85
3462,0.500810323466894,42.313422691127435,29.71449150166116,0.014822852611541749,0.85
3463,0.29362961962273587,51.40569556431111,37.98196784933339,0.014608168601989746,0.75
3464,0.3031341875597745,49.89362475943794,29.51778867149291,0.014642834663391113,0.75
3465,0.3962953631736287,35.22899534420526,28.304872632730643,0.014845764636993409,0.8
3466,0.1932437760500152,48.14663895636839,28.17980533548906,0.014842343330383301,0.7
3467,0.28911902665828887,50.70456504835993,43.45099152620989,0.014948129653930664,0.75
3468,0.21320159571869865,48.81517243346719,35.5233195000272,0.014509820938110351,0.7
3469,0.3419502483171988,35.1979103719233,22.289216425853542,0.014686882495880127,0.75
3470,0.3577636049048672,56.380141620988375,42.373807188040026,0.014790403842926025,0.8
3471,0.5269004688646358,51.34995331470886,44.39054947598403,0.014669036865234375,0.9
3472,0.4159950414096065,44.54422027046668,33.79591367411561,0.014906466007232666,0.8
3473,0.18419959282488949,58.112452974987285,33.59383686036501,0.015506529808044433,0.7
3474,0.20111549467058693,49.418303116245184,28.43272051686298,0.01503673791885376,0.7
3475,0.22683221991961897,30.864423656868222,38.83299623917344,0.014917683601379395,0.65
3476,0.12929130491555552,47.3511237856729,35.96168628383315,0.015105533599853515,0.65
3477,0.3473366408341919,43.380700945983264,32.85083376273312,0.014599180221557618,0.75
3478,0.6486750671920916,23.716518688230632,18.800352410118105,0.014701616764068604,0.9
3479,0.3272021141259553,45.502443980084976,29.58922776850762,0.014560866355895995,0.75
3480,0.22751548852476117,51.98029868628369,31.768271649915523,0.014610743522644043,0.7
3481,0.34681803193447225,57.479213447814594,42.68148891152913,0.014567756652832031,0.8
3482,0.4192453509173494,37.134500493022806,23.957367811556022,0.014777266979217529,0.8
3483,0.39486825760573036,43.65351157457326,38.06354036945324,0.014417731761932373,0.8
3484,0.3188042740587037,49.97712967398563,35.70845837425263,0.014891862869262695,0.75
3485,0.21844545494052037,50.53746629923844,38.14779942877054,0.014581382274627686,0.7
3486,0.4806473289738068,40.450301815790326,27.555290297236283,0.014553976058959962,0.85
3487,0.3150956881528939,43.627332207917576,34.162914472672355,0.014649581909179688,0.75
3488,0.3261454875598876,40.26438079118215,29.281804160739533,0.014675378799438477,0.75
3489,0.13984602766729332,38.63955718248039,13.890496968585751,0.014605355262756348,0.65
3490,0.29873761827403145,49.767259596480706,27.928279138564644,0.01456763744354248,0.75
3491,0.23664936372909282,40.98698830594258,17.424713048501566,0.014723396301269532,0.7
3492,0.3105143428999104,41.71390391196775,30.704959216269273,0.014478933811187745,0.75
3493,0.21828896744880738,38.043655394843434,19.51281443547671,0.014289045333862304,0.7
3494,0.4209940119214142,40.710391886966114,29.44480124993803,0.014407980442047118,0.8
3495,0.38006712681688565,52.03857880369486,42.87804783427945,0.015098702907562257,0.8
3496,0.11992193654305758,40.65209879132483,23.073865101863515,0.014684724807739257,0.65
3497,0.45374905956999323,53.46942509090727,48.892744112705834,0.014632534980773926,0.85
3498,0.08800512695044627,56.37792912153445,40.24230122544023,0.014397740364074707,0.65
3499,0.5834327145286904,28.697703803225483,24.517680518060537,0.014497268199920654,0.9
3500,0.4032328617924317,40.853387782074165,28.919790030396985,0.014496254920959472,0.8
3501,0.2578652491004172,36.371345794896406,22.980281612761036,0.014973628520965575,0.7
3502,0.28661985938516954,50.16873975561113,35.69065129745097,0.014925241470336914,0.75
3503,0.05487455665513885,56.55654099259648,34.73198854296992,0.01436305046081543,0.6
3504,0.2428650267833831,54.26384120696557,41.71553553271536,0.014761066436767578,0.75
3505,0.3963655864003055,39.920195207079,20.97338536458409,0.015009379386901856,0.8
3506,0.5073572728405863,31.291769830763087,29.027331173429943,0.015013670921325684,0.85
3507,0.24232081063541497,46.100384028844374,38.86410187415801,0.014990973472595214,0.7
3508,0.5184815582212666,35.915220501424315,22.283272432073073,0.014715969562530518,0.85
3509,0.3122720885258894,42.057849607941435,24.835053519935226,0.014858102798461914,0.75
3510,0.5801769164201097,45.10542341850627,37.20794524179851,0.01472179889678955,0.9
3511,0.32013087469625046,39.03376017439272,27.327949780849114,0.014567482471466064,0.75
3512,0.4150123456866945,41.47902649294276,22.665992549926322,0.015093994140625,0.8
3513,0.5692190615752367,21.434667787965616,16.151757340408846,0.01392437219619751,0.85
3514,0.20750829492658807,48.15877760798593,28.073869073305445,0.014127910137176514,0.7
3515,0.30283643715926034,42.67719637808777,25.00822979684701,0.014594340324401855,0.75
3516,0.5860522787640163,37.51080757551074,28.138259530796994,0.014370441436767578,0.9
3517,0.5776168981875873,36.3962774476272,38.746973001613505,0.014811372756958008,0.9
3518,0.5122736191290238,31.677951500959626,28.596278242829253,0.014696776866912842,0.85
3519,0.5913081421199754,32.06996941979104,23.084648711710145,0.014433574676513673,0.9
3520,0.41996073058548566,42.59876904720672,24.66468486864033,0.014580261707305909,0.8
3521,0.5041331700849356,31.902395799216514,34.62128532065509,0.014336180686950684,0.85
3522,0.4781008889478512,20.266290996447864,14.90587294199318,0.014596736431121827,0.8
3523,0.5884888025543658,35.11357220816309,26.35784071766075,0.01479121446609497,0.9
3524,0.3502600788236013,39.49198464165138,35.49033846753113,0.014388489723205566,0.75
3525,0.561382041644157,43.65500020341706,36.31864255713651,0.01471647024154663,0.9
3526,0.5380091949656415,30.753319917508016,22.42589625382409,0.014681613445281983,0.85
3527,0.5384852676608877,38.15199365519362,30.902395962285702,0.01399528980255127,0.85
3528,0.3631635937498956,23.756952519866445,13.948920471366597,0.014509797096252441,0.75
3529,0.5454240231706153,21.60451576830931,16.523802488125817,0.01455388069152832,0.85
3530,0.6735700451917611,36.64351140731733,37.61905555696294,0.014196479320526123,0.95
3531,0.5598392893153206,24.79373678429136,14.543728760140397,0.014971745014190675,0.85
3532,0.42156757939398937,33.5942290264218,13.152576474929987,0.015092766284942627,0.8
3533,0.15491250973747459,47.07527564268621,25.250070042690858,0.01505882740020752,0.65
3534,0.6378543007103247,26.61463535367408,22.859049610252338,0.014811885356903077,0.9
3535,0.7042399866294825,25.81240391244731,21.13857261487621,0.014904892444610596,0.95
3536,0.4514871983700234,31.22293507235217,23.335324453082407,0.015000319480895996,0.8
3537,0.4198244401924354,42.49775017735949,36.918539928389926,0.014399063587188721,0.8
3538,0.5667336046439722,31.355425106059563,22.271626408432226,0.014873480796813965,0.85
3539,0.5218163959171693,31.47772354024882,22.81933841486526,0.014622175693511963,0.85
3540,0.44158434773695043,29.940469719314148,20.53910837333484,0.014483249187469483,0.8
3541,0.2684632832225634,35.595771322188455,22.06710033042605,0.014525365829467774,0.7
3542,0.5642388520720015,27.37096463915129,24.1195245603471,0.015273523330688477,0.85
3543,0.5739224883422814,20.43384876347397,15.469511357224341,0.014395105838775634,0.85
3544,0.5419118134867853,26.25867272015038,22.61364351088625,0.014372789859771728,0.85
3545,0.42619839837033757,40.844539823638314,40.900741102076665,0.014451682567596436,0.8
3546,0.36449060556313095,39.32616935933002,27.13123027399265,0.014419126510620116,0.75
3547,0.5765219819590133,37.755978236479436,29.17225475874633,0.014906835556030274,0.9
3548,0.5563659333653828,48.95349945589031,51.75694056346407,0.01472461223602295,0.9
3549,0.08320156780060514,43.94442665860288,20.097030376324252,0.01538630723953247,0.6
3550,0.5099533680942443,38.9797113500304,36.045397762987754,0.014556491374969482,0.85
3551,0.5984705714029152,38.73862677831485,30.213416747001265,0.01529613733291626,0.9
3552,0.42138992506607165,31.516433698904073,16.134611640781095,0.014857244491577149,0.8
3553,0.6649577062759363,22.673452420874547,22.607726447834082,0.014977371692657471,0.9
3554,0.49070204741098306,37.158408081838886,28.16005579860071,0.015198349952697754,0.85
3555,0.32838376405192077,45.56416019474262,28.79376612170573,0.015086793899536132,0.75
3556,0.29648885047315393,46.86972554704339,25.333882094467388,0.014929771423339844,0.75
3557,0.4731906190999665,30.24239322599533,21.708774013937266,0.01460559368133545,0.8
3558,0.6251681654923297,24.06847616931323,19.788541678837205,0.014872479438781738,0.9
3559,0.39039128615487,50.817465186459266,41.378516203970705,0.014856052398681641,0.8
3560,0.6023917328901193,30.884358782712987,26.79194145383972,0.015149176120758057,0.9
3561,0.4816839076971634,26.737082906884048,17.029227991333542,0.014805173873901368,0.8
3562,0.5006553855453134,35.15744652698088,26.802365732925782,0.015201413631439209,0.85
3563,0.14284294948431148,50.06932441695034,30.022388513955015,0.014876902103424072,0.65
3564,0.4001720241973709,40.43076945202608,34.76265498914424,0.015050542354583741,0.8
3565,0.46810525104422823,45.28494696101558,32.9687386574899,0.01461329460144043,0.85
3566,0.5746858740013728,47.208372623564216,39.906900392603944,0.014832448959350587,0.9
3567,0.48558268445760716,45.46233535708608,33.46015843924505,0.015158843994140626,0.85
3568,0.3259325204868097,60.72906900826128,53.70883465171811,0.01485224962234497,0.8
3569,0.5274002299145583,38.27291817524164,30.176810041759463,0.01435229778289795,0.85
3570,0.3390884959172727,41.41673056928604,23.593237491055483,0.014908647537231446,0.75
3571,0.5290713243763877,35.211646859353266,32.80254382970555,0.014954519271850587,0.85
3572,0.5559548424314444,19.718563821222784,15.144563884329433,0.015118622779846191,0.85
3573,0.5033382231565641,36.685937514702275,29.44945504743142,0.014264917373657227,0.85
3574,0.24759477092485152,41.994093460640194,39.67198647368265,0.015084123611450196,0.7
3575,0.7166125840729529,19.903011571755382,20.3433869114223,0.014451384544372559,0.95
3576,0.4377468005155804,36.69018265921217,29.08359566842031,0.015313029289245605,0.8
3577,0.4116804741244768,61.48521877924189,52.25106131183021,0.014776229858398438,0.85
3578,0.6087771727214801,30.558959013793856,26.977794252690046,0.015009987354278564,0.9
3579,0.2467016549278312,44.93528931284637,36.45762098525861,0.01477515697479248,0.7
3580,0.289103249202514,46.54299293256908,31.018369423567588,0.01497262716293335,0.75
3581,0.6054151511612639,36.41149094926098,38.960610058462265,0.015172767639160156,0.9
3582,0.5825547118622678,41.94313587636729,39.89662861144797,0.01575556993484497,0.9
3583,0.38535443531877056,39.32452695848592,26.4585915009769,0.01461646556854248,0.8
3584,0.4483802487268262,32.07478203618593,23.861887290679782,0.014662730693817138,0.8
3585,0.3957995098468073,44.32373508246659,32.85462320118467,0.014778482913970947,0.8
3586,0.40181085829285834,51.12287670049729,34.548119142526446,0.014641523361206055,0.8
3587,0.4479221340034415,30.345756439887793,22.427020444135785,0.01478433609008789,0.8
3588,0.35315870979247277,34.16894139710554,20.478952079792304,0.01443873643875122,0.75
3589,0.5274171632450643,36.289320480007795,28.465707757053636,0.014860248565673828,0.85
3590,0.604701663079433,29.469607306705853,25.91864844939426,0.014748799800872802,0.9
3591,0.4630136651905815,40.1898757551855,26.97041163295109,0.015236079692840576,0.85
3592,0.5475608007819982,33.06164862798298,24.012565498198622,0.01527097225189209,0.85
3593,0.7145989025735663,30.65191122355489,31.331461503092967,0.014703893661499023,0.95
3594,0.6236688452597463,32.03717951469988,28.24999694101748,0.014561855792999267,0.9
3595,0.6254299726855252,23.702463403237363,19.24107633934312,0.014941263198852538,0.9
3596,0.3241692080933971,26.13475830171324,15.710975499833877,0.014981591701507568,0.7
3597,0.5960726737464579,44.96534502943016,36.98941390473064,0.015747475624084472,0.9
3598,0.5845322453203611,31.966975949796897,28.07104867834381,0.014740610122680664,0.9
3599,0.6938385323812671,18.730535661183843,13.57785990648777,0.014585602283477783,0.95
3600,0.5339567417782376,31.991162369719717,28.55603179868758,0.015130019187927246,0.85
3601,0.3649965263890357,27.667864196749527,18.36164622635588,0.014522266387939454,0.75
3602,0.4178595814942154,33.97183817424206,26.404216581902098,0.01433020830154419,0.8
3603,0.6850203785420811,19.84080527606463,20.40168923664202,0.014777910709381104,0.9
3604,0.7670372111100014,32.59700834036852,32.59700834036852,0.014531743526458741,1.0
3605,0.7144437993395737,25.49883168347434,25.876614999105378,0.014267027378082275,0.95
3606,0.26993752476144695,36.03896023615027,15.665344390144144,0.014444005489349366,0.7
3607,0.7098688138436751,32.077515011748616,28.118743637819186,0.015016520023345947,0.95
3608,0.5193126881547244,32.08069722620213,23.219229468254674,0.014410364627838134,0.85
3609,0.541331275197799,25.564673686680038,21.751790109023062,0.014236009120941162,0.85
3610,0.6474535391509101,22.358452336423262,23.14421193982306,0.014318370819091797,0.9
3611,0.7017377216371994,27.32823938077861,28.127558240049737,0.01477266550064087,0.95
3612,0.6763822352803197,18.076911574671474,18.598249943955967,0.014358437061309815,0.9
3613,0.7300943849602167,28.185910472380165,29.061316739709277,0.014444470405578613,0.95
3614,0.5949432033798694,30.102043796309182,25.85634310962195,0.014722514152526855,0.9
3615,0.579258741430734,21.2597426040956,22.272967854476292,0.015406763553619385,0.85
3616,0.7216290083880805,23.963950748583482,24.39271203478532,0.01560676097869873,0.95
3617,0.1822260602852742,45.30302085365868,21.013863151306907,0.015176093578338623,0.65
3618,0.5802417916070676,44.03479965250885,35.95489347179449,0.0152654767036438,0.9
3619,0.475400870848442,46.55634242416884,45.71594686283291,0.01509321928024292,0.85
3620,0.45166492473147846,31.07362004807851,28.81886482785721,0.015250933170318604,0.8
3621,0.43409224302645716,32.8550420413456,18.42630248266125,0.015101349353790284,0.8
3622,0.35025635383490084,34.90640214768872,26.464691541649742,0.014623737335205078,0.75
3623,0.40792502124951513,42.621710427006846,36.12895607871213,0.014686477184295655,0.8
3624,0.48729084203827144,45.46903153412888,38.92547847489153,0.015255606174468994,0.85
3625,0.5680343134700794,40.21826655668939,37.370298909005065,0.014919137954711914,0.9
3626,0.35346897267398114,57.64660420312597,43.47125267178092,0.014861023426055909,0.8
3627,0.5012766925681721,36.513034545063896,27.89911548171963,0.015100133419036866,0.85
3628,0.4359312829913519,32.67155990910155,18.097125901467344,0.014659357070922852,0.8
3629,0.5313326937369292,31.792271978271863,23.342288655369725,0.014621877670288086,0.85
3630,0.31142101791522236,48.571138804055934,32.900551065263386,0.014967596530914307,0.75
3631,0.5053135814437407,31.647646439297723,22.916167885552483,0.014967882633209228,0.85
3632,0.4808425501523992,45.64131551960646,39.29805591385145,0.015142905712127685,0.85
3633,0.5697931178121987,46.36959387645775,39.01224835693469,0.014944922924041749,0.9
3634,0.5141441426919883,41.14971218691382,28.261510543424365,0.015058183670043945,0.85
3635,0.5904356060762359,30.91803729713603,27.124745067717782,0.015224659442901611,0.9
3636,0.4910418666350921,39.19469579865787,38.11735214023615,0.014909720420837403,0.85
3637,0.615835345266088,32.254746997027226,28.47004252167966,0.01474977731704712,0.9
3638,0.46121719905868536,32.29105605309634,30.783919485881825,0.01496572494506836,0.8
3639,0.6029846290368922,28.3394512995009,23.827770594815306,0.015313053131103515,0.9
3640,0.7881573547891848,29.42966894922764,29.42966894922764,0.014744317531585694,1.0
3641,0.22266157982777388,53.279561653951475,40.69345149390349,0.015156114101409912,0.7
3642,0.5042836614529148,43.16718906161215,29.784783818347073,0.014951682090759278,0.85
3643,0.5546428909692451,27.865553212332976,18.207428361216643,0.014583563804626465,0.85
3644,0.7263436020109835,32.7064836358455,28.75318563381805,0.014927339553833009,0.95
3645,0.3218863242595033,44.32493685893745,27.492814433377564,0.014656507968902588,0.75
3646,0.49572550784635305,43.14933929427175,40.93363993467227,0.014978587627410889,0.85
3647,0.30331767782637703,43.614599674367085,31.72245301476894,0.014748942852020264,0.75
3648,0.01645423990007307,55.63926532874505,34.169232314065006,0.014576411247253418,0.6
3649,0.3990039905170049,43.40175773863664,38.070728428730575,0.014266657829284667,0.8
3650,0.29176877887352837,53.12384937939153,39.584627941438576,0.014646244049072266,0.75
3651,0.5925402396512658,36.498411478334155,32.487763241683496,0.014323151111602784,0.9
3652,0.5229627784622584,31.506349872232242,22.10862169251249,0.014388728141784667,0.85
3653,0.5416704044915386,32.38344906041705,35.41365586383933,0.014870095252990722,0.85
3654,0.5067062107243239,34.924104018100714,20.493617895772715,0.014399611949920654,0.85
3655,0.3388771842066291,44.500533625799015,21.03059717880087,0.014618110656738282,0.75
3656,0.40525936568598553,39.673125697357236,26.63296925577868,0.014888834953308106,0.8
3657,0.3734124359723764,42.88783207221754,24.240038210069127,0.015185666084289551,0.8
3658,0.2731737274527713,54.41044644718826,34.05025413443583,0.015312159061431884,0.75
3659,0.16085172901315342,50.89094770093083,30.756561036556427,0.015341532230377198,0.65
3660,0.3006133199643106,50.21773297096977,29.714661548158105,0.01484752893447876,0.75
3661,0.34893582978763277,31.381433344464977,17.752527661161476,0.016173398494720458,0.75
3662,0.35236669797643005,36.270593944827034,23.555121816986805,0.015354490280151368,0.75
3663,0.32897610725365994,33.438017212919945,24.976360673283992,0.014702725410461425,0.75
3664,0.6080806207660877,37.58968599294348,34.93453602070853,0.014853572845458985,0.9
3665,0.4404910954432034,48.920884081988916,43.23959775193616,0.015106892585754395,0.85
3666,0.5551024716778425,29.8778515727516,26.869651982407753,0.01479942798614502,0.85
3667,0.4032146966470019,45.713717405495174,39.302906970730824,0.014985406398773193,0.8
3668,0.33774471194065564,41.09950630857795,22.82131862032312,0.015459883213043212,0.75
3669,0.5210576279017296,26.14663264681335,22.740704126734684,0.01474900245666504,0.85
3670,0.4060328187812116,36.94188144834396,30.141555950905026,0.015243017673492431,0.8
3671,0.4320940148438955,36.433240954485434,23.202870282204156,0.014835405349731445,0.8
3672,0.8131428037749592,25.18321802259493,25.18321802259493,0.01524726152420044,1.0
3673,0.2442046650750438,52.06552766281722,31.277095128240344,0.015362370014190673,0.7
3674,0.5888561871365751,37.803854336281695,28.83940477440105,0.014722692966461181,0.9
3675,0.45672219004605036,47.500457584382154,35.94044029370728,0.015902602672576906,0.85
3676,0.21212512330706054,51.51981968894611,31.288673708609775,0.015606200695037842,0.7
3677,0.43820953103067184,30.991576791964842,16.320868274328674,0.015214681625366211,0.8
3678,0.3950136970894459,42.97788259661424,31.105828986080823,0.01514744758605957,0.8
3679,0.2767444561691561,52.970302482106796,45.87602476843929,0.015310335159301757,0.75
3680,0.4671950030771567,42.527302423070985,30.024483833395685,0.01513580083847046,0.85
3681,0.48520921596534217,36.17958168348325,22.394895861892692,0.01563838720321655,0.85
3682,0.4186732478268521,42.246421213966755,35.873611639120824,0.014895296096801758,0.8
3683,0.41428990316972547,41.42340100653042,29.615485957517826,0.015048563480377197,0.8
3684,0.2582831720864033,50.72849668025406,29.516370973034388,0.015479648113250732,0.75
3685,0.41274403449794334,42.16683545152695,30.797287982086033,0.015121722221374511,0.8
3686,0.42377597169154646,36.146028199987704,22.296172306166678,0.015416479110717774,0.8
3687,0.1083513051916644,63.13035638272029,43.467144456423654,0.01444321870803833,0.65
3688,0.5146221251963075,33.677048375297375,29.961153626575967,0.01589773893356323,0.85
3689,0.34716413691717685,56.44927108759505,47.1063297324959,0.01542583703994751,0.8
3690,0.3885593944200553,47.10581599462826,30.17848318898706,0.014647960662841797,0.8
3691,0.44010797822201286,33.02654478200945,24.50346775212204,0.015114843845367432,0.8
3692,0.5940570127225104,31.092253683829,27.5390562071115,0.014566922187805175,0.9
3693,0.2962792628135368,51.40127987084443,37.58982492266724,0.014546680450439452,0.75
3694,0.35919054215352153,55.87974187277378,48.25134381124586,0.014844167232513427,0.8
3695,0.5468403526319939,32.4279777136547,29.873139830357065,0.014707136154174804,0.85
3696,0.4717527716068246,45.968510562938285,33.7734213678604,0.01488882303237915,0.85
3697,0.03261317873683082,52.40560771894178,33.795694318039175,0.014362776279449463,0.6
3698,0.15387532524540037,46.00981863038292,23.97559846029664,0.014031004905700684,0.65
3699,0.38183664052634203,30.8008890996743,16.225648437250207,0.01474921703338623,0.75
3700,0.627764450580186,33.04186550527085,24.147715990008006,0.01497868299484253,0.9
3701,0.5903150473019748,27.942203145115524,23.782375403725055,0.014162373542785645,0.9
3702,0.5326403522719115,33.46934157839917,24.836759042525852,0.014640581607818604,0.85
3703,0.31219270690067935,41.20148889278964,43.9261320295088,0.014800345897674561,0.75
3704,0.5318073876514738,33.878576034240425,24.593757954521372,0.014354753494262695,0.85
3705,0.5328808257724532,27.327161266608954,24.049137908910705,0.0145424485206604,0.85
3706,0.46671297323001626,47.92977339280314,42.133170295543934,0.01438051462173462,0.85
3707,0.470226129403419,33.13344615804415,24.138371225608726,0.014632070064544677,0.85
3708,0.49210142669504087,33.13527821166022,30.056657519170752,0.014607048034667969,0.85
3709,0.3660634541183221,52.252819482584115,43.2872446546468,0.014561104774475097,0.8
3710,0.6724104005270861,15.059940190615823,15.145686805557476,0.015390169620513917,0.9
3711,0.5104121465020643,40.58360887621047,33.47860211869553,0.01513611078262329,0.85
3712,0.5646423977447859,26.181648488256297,21.93894684126971,0.014563703536987304,0.85
3713,0.544083589497985,25.272867189643506,20.519471716118332,0.01492089033126831,0.85
3714,0.7888431139458483,25.593065758082,25.593065758082,0.014380264282226562,1.0
3715,0.44009905838880137,48.192510162261534,37.50391540692401,0.015195953845977783,0.85
3716,0.5544654793615795,30.695905085532036,22.423457814278773,0.014603996276855468,0.85
3717,0.30659304414724653,38.002414443235054,25.29814391383302,0.015066850185394286,0.75
3718,0.38251130412329604,31.308166568269662,23.831929682664864,0.0159637451171875,0.75
3719,0.6600281359968759,21.769025230883024,17.04694233341814,0.016570401191711426,0.9
3720,0.4332602107852453,31.008967862433224,15.266836171450258,0.01481490135192871,0.8
3721,0.5232564100824708,35.331164829608724,21.69663141359311,0.014527809619903565,0.85
3722,0.30202085867970946,39.75640767438445,28.860455529607318,0.014230740070343018,0.75
3723,0.4546552723344073,29.277535156529403,20.719419091039786,0.014183330535888671,0.8
3724,0.6365662375317798,25.66267946334965,15.647137967763136,0.014523983001708984,0.9
3725,0.4390586452923004,34.994298575613776,21.936702385697288,0.014197051525115967,0.8
3726,0.5810000862492087,25.20737869664799,21.029243128127394,0.014484524726867676,0.85
3727,0.6126909668680376,31.847875261759675,28.40653055206158,0.014010310173034668,0.9
3728,0.7561823380016751,21.890654167354594,17.16210729870887,0.014509904384613036,0.95
3729,0.44241958063121595,32.006546088132374,17.67911758701784,0.014295673370361328,0.8
3730,0.7127630833161793,29.58846884950478,24.815704708242578,0.014321660995483399,0.95
3731,0.6380522211268664,31.441566349356115,28.13535611773603,0.014642906188964844,0.9
3732,0.3596790887531497,36.61238066132727,16.926202656686634,0.014332985877990723,0.75
3733,0.743141772485262,22.70781990407799,23.08646247107899,0.014506685733795165,0.95
3734,0.5507723541423925,41.98875821419256,33.87612417676215,0.014330089092254639,0.9
3735,0.6938000684096777,31.89051560211546,32.704565023294805,0.014355170726776122,0.95
3736,0.2724122788041869,29.788624282215995,15.162467277059255,0.01534944772720337,0.7
3737,0.6115968763981517,28.989707162792968,30.665436536795614,0.01466606855392456,0.9
3738,0.5509303895388163,26.356880635244618,22.700606901661335,0.014854013919830322,0.85
3739,0.5067985835679705,37.73168732958386,36.19770516032385,0.014555203914642333,0.85
3740,0.5919652788287039,37.6487067373749,34.27832911546045,0.01418076753616333,0.9
3741,0.6992916204665834,16.72138949722828,17.056520039793753,0.014325451850891114,0.9
3742,0.5674457189637099,37.8605145925398,28.851158255820692,0.014521348476409911,0.9
3743,0.6527311137651053,22.583013801959005,22.063846648221606,0.014208185672760009,0.9
3744,0.3722963076176839,35.17678469013752,32.981607882636766,0.014532482624053955,0.75
3745,0.18770298059299861,30.64595670162897,23.492909467923603,0.014658355712890625,0.65
3746,0.6338595553762623,25.98474687006784,21.267146976248473,0.014726126194000244,0.9
3747,0.7235404750664699,32.94610239996518,33.702213940593026,0.015158462524414062,0.95
3748,0.40130302579894533,48.348604380575054,31.268467798124846,0.03336365222930908,0.8
3749,0.5245427171711883,31.770570457498376,22.76376118943346,0.01481335163116455,0.85
3750,0.5569416412103089,38.39763554016979,34.583943774792615,0.02058969736099243,0.9
3751,0.2070326733340587,48.686904951191586,48.73622344855955,0.015268969535827636,0.7
3752,0.41064696272395074,31.943345427973593,23.441749706775155,0.014323627948760987,0.8
3753,0.5143191615713433,36.657184124319436,34.51290014277965,0.014606606960296632,0.85
3754,0.5307435647905667,30.57725690003442,27.483367555658738,0.014384770393371582,0.85
3755,0.6227177366575237,33.3391538425202,29.337532469335883,0.015032327175140381,0.9
3756,0.5817359620279511,43.41274152653962,40.77560358466205,0.014284217357635498,0.9
3757,0.5869118219595858,22.492752159544523,18.37788179013901,0.014903545379638672,0.85
3758,0.6249499916081261,31.235333582931993,32.99504828089072,0.014100432395935059,0.9
3759,0.5718995259357461,41.79982154412656,33.852821423582014,0.014521455764770508,0.9
3760,0.633318086437628,31.717531661337524,22.172500287572667,0.014791285991668702,0.9
3761,0.6645038328133636,19.773588985388002,14.993702983606703,0.014435946941375732,0.9
3762,0.8161441772714484,20.59518713240023,20.59518713240023,0.014293050765991211,1.0
3763,0.5369552908603241,31.9710602196895,24.154188773904433,0.014820122718811035,0.85
3764,0.6956792877372313,31.97952141997453,27.815192429843318,0.01567370891571045,0.95
3765,0.4431100426658273,37.32069402539424,25.230769499565028,0.014949822425842285,0.8
3766,0.5971865788549892,33.36416502804106,24.23300142379483,0.014557337760925293,0.9
3767,0.023531584115094383,60.169051552990425,31.69490378615954,0.014578211307525634,0.6
3768,0.40966100354657453,42.76005384350648,31.184896197771316,0.014892232418060303,0.8
3769,0.5165617413633098,40.540444284755395,26.84383087427234,0.014942216873168945,0.85
3770,0.5103841352088919,37.380018386349015,28.610324014840124,0.014411509037017822,0.85
3771,0.49246796270888876,21.00118520837244,15.537864515995384,0.01440260410308838,0.8
3772,0.5109242555142229,34.621972175812566,20.54837165696979,0.014469659328460694,0.85
3773,0.40762056829374693,48.985354976914095,44.602736171701494,0.015149497985839843,0.8
3774,0.48221577932025017,47.640644857203405,35.51288341641527,0.014290392398834229,0.85
3775,0.31769067940452145,42.53002240312496,38.43431984183617,0.015214848518371581,0.75
3776,0.4919839897200641,45.6416660089762,45.65534099411967,0.015243148803710938,0.85
3777,0.6219329713584779,27.058707643479238,28.676526109616262,0.014261138439178467,0.9
3778,0.3729055673956204,29.4449213577174,14.661756725883016,0.014901673793792725,0.75
3779,0.5374366641511317,51.45336228961189,50.021430217656565,0.01480802297592163,0.9
3780,0.28236721707572454,30.98534997564668,15.885625076610564,0.017711973190307616,0.7
3781,0.15085490317410682,49.80200440777357,36.27147258217067,0.014529287815093994,0.65
3782,0.6773609525910935,32.267879053647576,28.114526974518796,0.015030503273010254,0.95
3783,0.6735192274779284,30.85856354154496,26.51722715189271,0.01508406400680542,0.95
3784,0.6604813865496081,17.930888527243386,12.878860621905352,0.014737999439239502,0.9
3785,0.4990578632885979,31.269453672453686,34.15617813906109,0.01485283374786377,0.85
3786,0.4064007659426957,41.99562550794978,23.596222298887263,0.014480531215667725,0.8
3787,0.7223098841402074,20.403667213677764,20.344529492330256,0.014339184761047364,0.95
3788,0.5085464683229461,42.36790150243752,29.93427089321192,0.01453869342803955,0.85
3789,0.8186757312118118,20.841317489040257,20.841317489040257,0.016291117668151854,1.0
3790,0.6054501483371262,33.83083021246993,24.372868792089125,0.01457371711730957,0.9
3791,0.6485356215906874,20.736575522099535,15.687511995355614,0.014435219764709472,0.9
3792,0.713857658586513,23.53284378964394,18.485160377184126,0.01464627981185913,0.95
3793,0.6026304129013156,28.31391868184363,19.001743326100325,0.015591120719909668,0.9
3794,0.3540182695094894,38.0764634703264,31.86234718201757,0.015084016323089599,0.75
3795,0.4727557744336899,31.427609206311843,29.793585803587504,0.014670372009277344,0.8
3796,0.6692357468541376,35.387798048502205,31.457832599829043,0.01481781005859375,0.95
3797,0.7857515464399691,32.87680505990563,32.87680505990563,0.014719974994659425,1.0
3798,0.6917339881708193,25.573793707181046,26.312549495260146,0.015389668941497802,0.95
3799,0.5702720380479666,32.693223296187796,30.11964728551315,0.014763855934143066,0.85
3800,0.8571632959150886,17.327070825357,17.327070825357,0.014703321456909179,1.0
3801,0.7433478374629476,23.789118966901935,24.02273122463298,0.015079963207244872,0.95
3802,0.7470181595333889,22.126155162122007,22.262233031411853,0.015258264541625977,0.95
3803,0.705909516632963,28.18749793350735,28.74001681727502,0.014521443843841552,0.95
3804,0.6307253381831457,28.20190036424889,18.070328937488426,0.015025472640991211,0.9
3805,0.5972342188286867,26.773041529916867,22.738250453910066,0.014960777759552003,0.9
3806,0.4598553291147535,28.402318064468023,25.065177615237268,0.016991591453552245,0.8
3807,0.5155612419296609,32.34913484646562,28.57105577904741,0.015400207042694092,0.85
3808,0.58622062709763,39.43062553160993,30.715017871927394,0.014731478691101075,0.9
3809,0.617257828475985,34.448047646816136,31.636100096906627,0.01533435583114624,0.9
3810,0.7276758480411699,28.947205311457857,24.489378474432314,0.01544409990310669,0.95
3811,0.5555860738514689,22.866796496620616,18.152959032263283,0.014927899837493897,0.85
3812,0.5426715627574216,25.04284950640496,15.445871386619718,0.0144881010055542,0.85
3813,0.6050754156736963,31.059741517623024,27.486153592473134,0.01573082208633423,0.9
3814,0.38344809687411285,29.78254959811643,21.595514083899065,0.014640069007873536,0.75
3815,0.3109168904604896,25.797401254019423,13.703639572954682,0.01551971435546875,0.7
3816,0.6972629219036094,30.713590310024664,26.62000720155748,0.014924240112304688,0.95
3817,0.5347311597715863,31.585841193974318,23.538851556791318,0.014843523502349854,0.85
3818,0.6226247018369369,32.05750580102776,28.427483518345515,0.014823949337005616,0.9
3819,0.519716146196627,33.250675592493806,36.70247190004803,0.015582633018493653,0.85
3820,0.7449541675558753,25.39228586991728,25.865651300240348,0.015232467651367187,0.95
3821,0.6065857140935129,14.865686467810644,15.570771930061229,0.01549856662750244,0.85
3822,0.6283636177734971,22.083852017861364,22.553511828485423,0.014618074893951416,0.9
3823,0.6603173939575033,26.47740640751524,16.839808521032992,0.01497260332107544,0.9
3824,0.529319178826251,30.925317445727273,27.674108558950042,0.014744901657104492,0.85
3825,0.819549332323081,27.691004058211472,27.691004058211472,0.0151253342628479,1.0
3826,0.476941331866478,42.79037357449324,29.326385593733615,0.014726006984710693,0.85
3827,0.6321978698562909,27.72821078193479,28.827111577708095,0.014614009857177734,0.9
3828,0.3182451974582328,21.922094620346012,16.713937155920963,0.014906001091003419,0.7
3829,0.6046680914956153,30.25031472295858,26.209384173863256,0.014750874042510987,0.9
3830,0.7326956584241235,27.88823324570946,28.8026070442277,0.014730286598205567,0.95
3831,0.5330864320529858,27.55815751833949,23.089728959396297,0.015134072303771973,0.85
3832,0.5565337468283595,26.63931434349549,23.41654973350709,0.015033578872680664,0.85
3833,0.7015264384985757,29.639761681089958,30.671882616134386,0.015692782402038575,0.95
3834,0.7127589155045934,28.176528669494452,23.366492894616254,0.015082049369812011,0.95
3835,0.6956185811574571,33.33142134421449,33.42444332272327,0.014701533317565917,0.95
3836,0.7079458229252595,32.576943716922116,33.67484825571859,0.015108764171600342,0.95
3837,0.552723010788698,29.160045935252896,26.031267515467796,0.014987599849700928,0.85
3838,0.749121935222633,23.367040611161833,22.989534898342516,0.015349555015563964,0.95
3839,0.6522669634417546,26.123044963647686,21.743346878121343,0.014890778064727783,0.9
3840,0.6910711701753428,22.050655958764928,17.448100504725492,0.015126681327819825,0.9
3841,0.47553248999832914,31.91962738480254,29.203583930939672,0.014480078220367431,0.8
3842,0.5542066020476994,23.064830633998657,18.619907078464887,0.014396858215332032,0.85
3843,0.5877314179552959,33.55769870905693,30.300596536149254,0.015024113655090331,0.9
3844,0.6285018484861056,21.295542241244334,16.526685963079345,0.014839732646942138,0.9
3845,0.2847752557801634,29.366751219346344,14.647365772567996,0.015828812122344972,0.7
3846,0.3704435701640645,30.040679759509622,22.557238547760242,0.014984095096588134,0.75
3847,0.5240919004978858,31.591304711774637,22.816423282427834,0.015663397312164307,0.85
3848,0.6418126572859882,26.896938766883228,28.266946710609066,0.014631104469299317,0.9
3849,0.4559365631960263,29.26628067117615,25.78022471123996,0.01541048288345337,0.8
3850,0.5820746395307942,16.96798847558064,17.2572031171649,0.015481829643249512,0.85
3851,0.6959920028453463,18.79295923794168,17.138603807832446,0.015151667594909667,0.9
3852,0.6718994188848613,21.688646448471108,16.352044774870837,0.014861047267913818,0.9
3853,0.7024257230259698,32.22472843212769,27.870361168219006,0.014854812622070312,0.95
3854,0.22835023256317455,45.31601275168253,37.53165516169538,0.014896106719970704,0.7
3855,0.2867514092664277,36.01844367849561,23.529650137398587,0.015233457088470459,0.7
3856,0.4618517784344112,29.093524334083845,26.278088550632962,0.014972543716430664,0.8
3857,0.5521396014745201,27.366148533280352,17.218970127730472,0.015203869342803955,0.85
3858,0.5907659069127791,37.58044047619352,28.964378328320258,0.015174496173858642,0.9
3859,0.372060811798562,28.08049517831082,19.140153824349692,0.015200650691986084,0.75
3860,0.6035816162822762,27.451438375963857,23.13144063612454,0.015081000328063966,0.9
3861,0.6476398744405558,27.453652455624074,18.047337956730548,0.014639341831207275,0.9
3862,0.5480821462257842,24.350170544822625,25.864960319408617,0.014815437793731689,0.85
3863,0.5783931128766097,23.273556663173743,23.1113117440911,0.015397465229034424,0.85
3864,0.7487609882971401,30.1852304585593,30.922494078698726,0.014642739295959472,0.95
3865,0.4636044731785035,34.945085247294045,21.01826885714287,0.014872217178344726,0.8
3866,0.8338119200500209,20.032614766289036,20.032614766289036,0.015075778961181641,1.0
3867,0.584202327153477,26.208200508511972,20.6482422750182,0.015041255950927734,0.85
3868,0.5193551627757482,33.621477506782675,18.498448766504627,0.014820420742034912,0.85
3869,0.4537980040749752,28.167376808888395,23.618082647067048,0.014905714988708496,0.8
3870,0.6377227651318812,30.045050584712374,30.040568443125437,0.01520082950592041,0.9
3871,0.5069023357010655,34.61457348793801,24.42707231058767,0.015327775478363037,0.85
3872,0.7255605334512121,21.066840030490454,20.541723000286993,0.015252864360809327,0.95
3873,0.6397817402971183,24.411691820931637,19.83708118948336,0.016753005981445312,0.9
3874,0.6436916791661973,30.608319180637285,24.975464652302954,0.014356327056884766,0.9
3875,0.4918309449910052,23.127683322983437,18.525068902219754,0.015334081649780274,0.8
3876,0.5045033217483287,23.16984723902427,24.98893677028702,0.015469574928283691,0.8
3877,0.5047844910408804,37.57881671022855,29.258475210929387,0.015159499645233155,0.85
3878,0.7289381348486229,23.681560651662103,23.921143135230757,0.015068399906158447,0.95
3879,0.6332570592962119,25.98258961026396,25.17635659622792,0.01508268117904663,0.9
3880,0.7484027493616525,19.55045809100436,19.68482019918552,0.015162551403045654,0.95
3881,0.5523066888453771,28.165122986819302,24.462024804988403,0.015434885025024414,0.85
3882,0.3583297732828116,29.819955160397107,21.24200674959373,0.015292108058929443,0.75
3883,0.7502597831265011,39.819482237020715,39.819482237020715,0.015354132652282715,1.0
3884,0.7043900011811294,20.10343415144075,19.69003371683477,0.015193009376525879,0.9
3885,0.7701564510082681,22.0836688759067,22.688694315123268,0.014978384971618653,0.95
3886,0.7239584768349325,22.98067942792955,23.420993529197244,0.015077996253967284,0.95
3887,0.6603578332165385,28.651975621329836,24.630329315655345,0.014871275424957276,0.9
3888,0.673516671165655,15.876457433752947,15.626233378886857,0.015328240394592286,0.9
3889,0.3129083549956774,32.993004786327056,24.422969549703772,0.014913511276245118,0.7
3890,0.42401511102921186,18.21516724992255,19.13331338150088,0.015048837661743164,0.75
3891,0.5764795307838249,22.124606178623694,17.00663446457133,0.015612339973449707,0.85
3892,0.7241695751720854,24.269200051144406,24.65315785483644,0.015341341495513916,0.95
3893,0.579617343616502,23.151172508694863,18.804267574821235,0.020866799354553222,0.85
3894,0.640980575404517,22.576495808265364,23.339023974506972,0.014755380153656007,0.9
3895,0.6399978526991167,20.89659757606375,16.17053368333144,0.015043509006500245,0.9
3896,0.5562727520174628,18.81333154277506,19.44227496349498,0.01486499309539795,0.85
3897,0.720174995759667,23.470196132845675,23.735331933576152,0.01486361026763916,0.95
3898,0.5845928803488281,21.252416737405262,22.161946413581095,0.014503872394561768,0.85
3899,0.448024222187828,33.83600103566161,25.211974870321903,0.01464848518371582,0.8
3900,0.3856545873231705,36.39505570363756,23.625163962972316,0.01496729850769043,0.75
3901,0.6535087512862797,22.106441765253436,16.500825300286806,0.01512826681137085,0.9
3902,0.7435692766601439,22.907740726432642,23.307384503939872,0.015049159526824951,0.95
3903,0.6695653042892589,21.277232245371273,21.82702581964126,0.015018129348754882,0.9
3904,0.6099103935619564,31.756381425268113,33.069142209149646,0.014823544025421142,0.9
3905,0.14650700449697057,26.939465599040762,18.197205272729295,0.01473698616027832,0.6
3906,0.5403063756522628,31.915289477034342,28.900274466080557,0.014894974231719971,0.85
3907,0.7322748437147861,26.295283669924054,27.141521831611378,0.0148720383644104,0.95
3908,0.7242478324348145,28.17136911817145,28.764776239416943,0.014672195911407471,0.95
3909,0.7195956015011771,25.633661776366647,26.057528432354772,0.01501542329788208,0.95
3910,0.5486982252895284,27.330480901819072,17.99477783479698,0.014423835277557372,0.85
3911,0.6514116604729834,22.284437132706778,22.96737354069744,0.01458444595336914,0.9
3912,0.8168605915018954,21.984167621666334,21.984167621666334,0.014898085594177246,1.0
3913,0.5697757297350718,23.336608636135892,19.32783308478444,0.014573276042938232,0.85
3914,0.5576581262360404,27.828817056271866,18.014321581344113,0.015006113052368163,0.85
3915,0.5103699317022674,33.33123811339338,31.06123870332689,0.015289092063903808,0.85
3916,0.6293852216340927,26.603125431765818,22.429308165752545,0.014648342132568359,0.9
3917,0.5764579408500211,28.34040359198923,18.62843426835132,0.014764893054962158,0.85
3918,0.31370668153861836,31.111196893306698,16.733326346486223,0.01506568193435669,0.7
3919,0.3847220160460383,36.179830992668556,23.3241891946171,0.015462124347686767,0.75
3920,0.41378882235781844,27.298243098978116,18.51911795721977,0.014295434951782227,0.75
3921,0.5941605203042354,16.495774797494285,17.118574950536814,0.01464517116546631,0.85
3922,0.7426693986246458,19.674648289806825,19.792113745635024,0.014808893203735352,0.95
3923,0.7010500208004653,28.20090173780764,28.677733707736245,0.014844143390655517,0.95
3924,0.5553430668885826,24.186626026927627,19.427656812981084,0.014735376834869385,0.85
3925,0.6499159063013101,21.478919410902336,16.719546776319348,0.015722012519836424,0.9
3926,0.7488787070942798,17.14818690940999,17.381924456933827,0.015104305744171143,0.95
3927,0.8221241913704583,25.495454800665073,25.495454800665073,0.014476394653320313,1.0
3928,0.6241932155986009,27.758378000330367,23.577830089558592,0.015164124965667724,0.9
3929,0.6496597888676112,27.916624674526382,29.503304721430904,0.014688968658447266,0.9
3930,0.4748598064021438,27.337262355562938,24.313565360988296,0.01481691598892212,0.8
3931,0.7614912694446123,17.82065582532933,17.9666267759534,0.014272463321685792,0.95
3932,0.6325966217408611,17.21956968793218,17.115568683520788,0.015074467658996582,0.85
3933,0.7794483205965987,18.336172518889484,18.485780200704244,0.014569509029388427,0.95
3934,0.7932166094587391,16.164241181397458,16.357181057638833,0.014616131782531738,0.95
3935,0.6501649975552581,23.665868415530166,19.504237059780184,0.014832818508148193,0.9
3936,0.6882879952174754,17.168787973326758,17.056652271629773,0.014662981033325195,0.9
3937,0.831178994602887,24.61006265048065,24.61006265048065,0.014449083805084228,1.0
3938,0.8161094062113741,18.756405773898205,18.756405773898205,0.014698565006256104,1.0
3939,0.5945587793256253,17.224238933402766,17.45717277494391,0.014685630798339844,0.85
3940,0.5553108290275658,26.05106437146666,22.02514928335141,0.014475572109222411,0.85
3941,0.652129037604227,26.370451798339456,22.347969337770724,0.014525580406188964,0.9
3942,0.7498087990299052,23.613993497943802,18.557649459984894,0.014570176601409912,0.95
3943,0.6427365812997083,22.349047585890816,17.707262547858704,0.0140816330909729,0.9
3944,0.8203608191260676,22.883117844676374,22.883117844676374,0.014781534671783447,1.0
3945,0.5601594996311947,28.08813545266321,18.671055119231795,0.014748787879943848,0.85
3946,0.6003944230961082,27.00589867943021,28.19816013208201,0.014808785915374757,0.9
3947,0.5742333820962024,21.420790946545985,16.381288759451053,0.01478668451309204,0.85
3948,0.590144441145067,34.45748533831051,30.745685813739588,0.014970779418945312,0.9
3949,0.5509137266660569,28.274521626598833,23.54293555959561,0.015712010860443115,0.85
3950,0.6686387049760742,24.95536094469397,19.62819393167522,0.015739166736602785,0.9
3951,0.7712177782571701,20.367529496963655,20.85312269053196,0.01547534465789795,0.95
3952,0.7764220814351356,17.747878144032125,18.080064133080306,0.015475809574127197,0.95
3953,0.6729278964545747,15.72689369055207,15.49377156723988,0.015950024127960205,0.9
3954,0.5927771425799253,16.231967063984563,16.86832944982455,0.015271544456481934,0.85
3955,0.7602145307999593,21.455999997354585,21.591954407523616,0.015214455127716065,0.95
3956,0.7262515955070735,21.85614494288218,16.962658365693148,0.01418132781982422,0.95
3957,0.6706937937383326,21.743550855248706,22.63021380684593,0.014025402069091798,0.9
3958,0.66089196851781,24.106195851845122,24.94563191157026,0.01394745111465454,0.9
3959,0.6055525116105952,19.178679764672047,19.731107334345303,0.014571881294250489,0.85
3960,0.6841309394796347,19.547150866700186,19.832402804208925,0.01477487087249756,0.9
3961,0.7384633611198497,18.85908012400882,19.264646354525524,0.014799463748931884,0.95
3962,0.7672760609907987,17.730599425480335,18.087134161265762,0.014001619815826417,0.95
3963,0.6546844006936967,22.006185236770676,17.51873366940482,0.01426156759262085,0.9
3964,0.7389495408967434,19.39903748860366,19.56736229934093,0.01436445713043213,0.95
3965,0.5487181507505652,16.124543897736846,16.664750970447383,0.014589083194732667,0.8
3966,0.6718787437752685,15.669013303010194,15.590954858113097,0.014722859859466553,0.9
3967,0.7855761531510629,18.285605331401676,18.403940148316686,0.015439021587371825,0.95
3968,0.830379882496904,16.475778879252765,16.475778879252765,0.01448369026184082,1.0
3969,0.648330856638652,19.347168775726598,19.846401347036668,0.014404368400573731,0.9
3970,0.5712112211471484,24.62436310496582,20.758180670242748,0.01440490484237671,0.85
3971,0.6499659643584965,25.159878940336206,20.851250428233136,0.014432072639465332,0.9
3972,0.5789314036067242,23.569115621727725,24.302341221890053,0.014255130290985107,0.85
3973,0.6984196277715224,19.677071038954246,20.053189416277107,0.014394032955169677,0.9
3974,0.5442976958879593,27.738063058617723,18.318184905329222,0.014624929428100586,0.85
3975,0.42251680362374716,22.33061796528442,25.16875932155927,0.01435537338256836,0.75
3976,0.4940154574595551,23.49741167264512,19.417338101613574,0.014804673194885255,0.8
3977,0.6720069893732,17.479148323886413,18.052204480996426,0.014161670207977295,0.9
3978,0.7157872302104977,29.723100173613574,30.377369305347806,0.014709067344665528,0.95
3979,0.47951615106666223,22.844946542932036,23.30893288319932,0.014618265628814697,0.8
3980,0.6715273616224777,17.16746921535043,17.359301454939228,0.014407217502593994,0.9
3981,0.684629211956079,18.283103351870928,18.58117703464056,0.013790595531463622,0.9
3982,0.6189742601721203,22.485495971146264,23.454335027220317,0.014104843139648438,0.9
3983,0.6022139221886488,17.532954940592802,17.375134843538344,0.01465679407119751,0.85
3984,0.6875695536761388,19.180060562246172,19.606017470444424,0.014442360401153565,0.9
3985,0.7019477986427527,22.81634818452651,23.899673529005288,0.014332234859466553,0.9
3986,0.6727358816785924,18.795161552675665,19.049496202662194,0.014448738098144532,0.9
3987,0.5887840331707472,17.483871325480543,16.31187448200697,0.014654743671417236,0.85
3988,0.7641361633500254,23.550968626448526,18.71779680618697,0.014341020584106445,0.95
3989,0.7834833633252143,18.31450807840408,18.39434935704874,0.014513802528381348,0.95
3990,0.6847459662748684,18.430052843641764,19.0576293475975,0.01453338861465454,0.9
3991,0.7037679751807275,22.42379296632071,22.99954981119467,0.014299774169921875,0.95
3992,0.711591264944618,20.986700218449336,21.14325419392709,0.014389526844024659,0.95
3993,0.7751060317941421,19.186346299213277,19.26434591023551,0.01400446891784668,0.95
3994,0.5624980700731722,21.34589890161315,22.6866377751156,0.014377212524414063,0.85
3995,0.36228543832701693,17.963333953845332,18.79627678034215,0.014489805698394776,0.7
3996,0.5714859465519495,28.842499295769045,24.889980242118252,0.014385426044464111,0.85
3997,0.6117839228712156,26.61654978860573,22.399845915581956,0.014999306201934815,0.85
3998,0.5330613382770576,29.35032813726545,26.309770717532153,0.014503550529479981,0.85
3999,0.5325672192837883,32.17760574382202,35.40301436285303,0.014377093315124512,0.85
4000,0.5833774990362881,22.1501619170865,17.554373904793728,0.014861190319061279,0.85
4001,0.7358990695950044,22.74693846357643,23.101702805993288,0.015006840229034424,0.95
4002,0.5420535160743334,28.326526162985754,24.77014737742555,0.01469748020172119,0.85
4003,0.6819644404659078,16.83999174046982,16.865451433208413,0.014493775367736817,0.9
4004,0.38682848618896026,26.48913558302243,14.446904124377621,0.014896690845489502,0.75
4005,0.646228384375239,30.477397615810276,31.96568597047336,0.014963638782501221,0.9
4006,0.40946495635782626,28.109741206191426,17.212343740441938,0.014914774894714355,0.75
4007,0.6663314800055907,23.924237869353174,24.642201182364204,0.015032684803009034,0.9
4008,0.6229796126850923,28.844544851208788,24.98277232610547,0.015450119972229004,0.9
4009,0.6873177663354364,19.108995941216996,18.302431332419776,0.014712488651275635,0.9
4010,0.52347896656827,15.656644748612567,15.53706376101466,0.01529923677444458,0.8
4011,0.6880344081747509,24.146532472627065,19.698510132810434,0.014883387088775634,0.9
4012,0.7504938816606102,21.244718647197892,21.62787550853512,0.015477335453033448,0.95
4013,0.6571659556453379,15.585725593013724,15.636131699246445,0.015349268913269043,0.9
4014,0.7470067916234477,19.03140529490392,19.235060500202497,0.015440964698791504,0.95
4015,0.6515564585468515,16.599584447909965,16.946852612010424,0.014808905124664307,0.9
4016,0.7464704019882424,15.395218575340332,15.281766647868608,0.014661931991577148,0.95
4017,0.7627596562837661,18.25125639331467,18.53730760096684,0.015308308601379394,0.95
4018,0.5836480000977657,24.68936674608366,20.823284041298706,0.0150596022605896,0.85
4019,0.5941522087374846,15.762585427147764,15.373900433554457,0.015473258495330811,0.85
4020,0.7657191921515539,16.789059305570564,16.899515873862487,0.014997243881225586,0.95
4021,0.6624790044055295,22.09195728040039,15.979738529155863,0.014802467823028565,0.9
4022,0.6980553757623953,17.08096380185388,17.542217996655033,0.014779043197631837,0.9
4023,0.4249076934001305,20.2447154369257,20.862560488113235,0.016196846961975098,0.75
4024,0.779511179915724,20.57879243845367,20.669230851567356,0.015565276145935059,0.95
4025,0.5755559541920605,15.578002204148472,15.984485597992368,0.015067660808563232,0.85
4026,0.6800023330800291,20.147776516628372,20.881432891623863,0.015261590480804443,0.9
4027,0.8572629615628742,18.593640562812432,18.593640562812432,0.01483699083328247,1.0
4028,0.5940244307611797,22.774671278651606,23.77339792109436,0.015291869640350342,0.85
4029,0.6952419628590516,15.803435006086676,16.092673620513256,0.014668095111846923,0.9
4030,0.7992106136620014,15.725560198646326,14.880827478516004,0.01502542495727539,0.95
4031,0.5512401629616395,15.729666324336256,15.687022333911152,0.015071594715118408,0.8
4032,0.5779759698530575,21.687296600241147,21.458863334757254,0.01438063383102417,0.85
4033,0.8505887970643726,21.60904871301822,21.60904871301822,0.015101051330566407,1.0
4034,0.7615838849963155,15.68180625418473,15.91215409688125,0.014912211894989013,0.95
4035,0.5998267292301851,16.884282022084204,16.847053930014766,0.014696812629699707,0.85
4036,0.8789439018711935,18.33968396820641,18.33968396820641,0.014553582668304444,1.0
4037,0.7430425243404974,23.453836050704318,23.77461429137707,0.01486506462097168,0.95
4038,0.6641335631759291,17.771921648919772,17.672455469754652,0.0149680495262146,0.9
4039,0.5869295920589254,22.05045316692273,23.22898548615405,0.01449199914932251,0.85
4040,0.6522726396438007,16.850682878761546,16.946904184378493,0.015436375141143798,0.9
4041,0.5047207342231251,14.927501648915015,15.228387218323864,0.014837813377380372,0.8
4042,0.6138090769815344,17.846515722284742,18.12618738798045,0.01428893804550171,0.85
4043,0.7530092280685341,17.481551049681393,17.742884737833787,0.014362180233001709,0.95
4044,0.7657168646382778,20.024188536372908,20.43428259132289,0.014366018772125243,0.95
4045,0.6367909530745728,25.807632669219622,26.817715002232706,0.014237451553344726,0.9
4046,0.6585840039156016,22.935488666190317,23.778099267017744,0.014688897132873534,0.9
4047,0.7507347217113198,21.143186689310333,21.34739124400488,0.014461958408355713,0.95
4048,0.5025918052968595,20.153985866409165,19.692547677731834,0.014385735988616944,0.8
4049,0.504334259759029,17.978283514180713,18.565804180831844,0.014585554599761963,0.8
4050,0.8780269058607377,18.60525731793041,18.60525731793041,0.01423647403717041,1.0
4051,0.6867070380787446,16.51152592931047,16.89119289119766,0.014357078075408935,0.9
4052,0.5824040604018712,18.942811594734902,19.593230286332155,0.014290714263916015,0.85
4053,0.6772164548879986,20.434502525241783,20.625890636500465,0.01430748701095581,0.9
4054,0.4980147620292289,18.007981554490794,18.19833379526689,0.014368844032287598,0.8
4055,0.6816550537438147,16.353961922945224,16.20414182031832,0.014674901962280273,0.9
4056,0.600705067238237,19.242632948834036,18.206756224461245,0.014776384830474854,0.85
4057,0.6256235198714555,18.431406549811335,18.79212827527627,0.014178740978240966,0.85
4058,0.8405152208802897,18.706097186536663,18.706097186536663,0.014263534545898437,1.0
4059,0.7646093972558391,17.250460822373437,17.0301978539045,0.014923608303070069,0.95
4060,0.8561788685193719,17.04099900286075,17.04099900286075,0.015087950229644775,1.0
4061,0.7771475463561245,18.511278981631808,18.91929130917598,0.01600193977355957,0.95
4062,0.8089147007853947,18.00672675508037,18.113324642457663,0.015021216869354249,0.95
4063,0.669111202086364,17.198058400195322,17.359588597965708,0.01435835361480713,0.9
4064,0.6649935404881306,20.199575577073325,15.168435138720229,0.01491696834564209,0.9
4065,0.857177953368622,16.666054291217293,16.666054291217293,0.014828300476074219,1.0
4066,0.5289325874711779,19.11034694967672,20.12867121951912,0.01483154296875,0.8
4067,0.6751673369391198,17.689814529856555,17.256173115481516,0.014173221588134766,0.9
4068,0.754397771813105,17.00314203412339,17.094440755466866,0.01456221342086792,0.95
4069,0.7020284799740913,16.05933078324096,16.313963001077497,0.014432680606842042,0.9
4070,0.7022695014887123,17.74815465422245,18.341706967098492,0.014292073249816895,0.9
4071,0.684169509272084,17.111136894747936,17.32402177706858,0.014768028259277343,0.9
4072,0.7997556977492675,16.98271262606622,17.340101735178976,0.014708685874938964,0.95
4073,0.7539662300364146,21.829478830140186,22.300935833919517,0.014809763431549073,0.95
4074,0.8650721478735865,16.554176459002047,16.554176459002047,0.015031659603118896,1.0
4075,0.5129075976785984,15.82051691170864,16.049402400907848,0.015126872062683105,0.8
4076,0.657028277907847,18.786398117221793,18.973119705186164,0.015054357051849366,0.9
4077,0.7588869702947796,17.871038031378603,18.179996018343758,0.014492952823638916,0.95
4078,0.6058454713583863,17.582140804225084,18.2592023316799,0.014777863025665283,0.85
4079,0.5191948915041553,17.2154687691321,16.99812577550434,0.01435307264328003,0.8
4080,0.3384291064934227,16.61183474729809,16.715233696020505,0.014938843250274659,0.7
4081,0.5454376725726575,17.824985575473406,18.056546053133662,0.014359557628631591,0.8
4082,0.7589583378567617,15.697272080228725,15.929083076427482,0.015000271797180175,0.95
4083,0.778239984704476,19.42564742437208,19.60867495401742,0.01486130952835083,0.95
4084,0.7542370087757135,19.383856207251114,19.809646227238364,0.014676737785339355,0.95
4085,0.6746202087281774,18.011850376024196,18.20974546873538,0.014670205116271973,0.9
4086,0.7177467172853815,18.525889324295733,18.43233920626162,0.013966178894042969,0.95
4087,0.6660668300282951,18.883957274077808,19.15432956851508,0.014481210708618164,0.9
4088,0.6719802596472914,16.705333357051593,16.44461234119531,0.014588403701782226,0.9
4089,0.5952188186105623,21.324115537963493,22.173241807926185,0.014945363998413086,0.85
4090,0.7600072926370329,17.11086276766691,17.099439335491606,0.014382696151733399,0.95
4091,0.5811720900855748,19.59144561043525,20.05688439284762,0.01485062837600708,0.85
4092,0.6700902056124279,17.038427542068657,17.06500227488766,0.014502167701721191,0.9
4093,0.6895125237404461,17.508892881548803,17.68150250089018,0.014648449420928956,0.9
4094,0.5771002415925837,17.96733758039978,17.67660529090902,0.014463686943054199,0.85
4095,0.604181085507141,17.967785473317456,18.695227144435055,0.014852631092071533,0.85
4096,0.6986895533668565,16.533412751774918,16.621605322507435,0.014643979072570801,0.9
4097,0.5767249528005661,23.583066288750647,24.800174817272282,0.014920699596405029,0.85
4098,0.5974224178441425,24.81805283013916,21.175217976285953,0.01471850872039795,0.85
4099,0.602830452372759,17.42846351665394,17.791600091344332,0.014366841316223145,0.85
4100,0.6877180353035075,16.77848238965111,16.846610238403212,0.01438448429107666,0.9
4101,0.8536753305250316,16.672746586968522,16.672746586968522,0.014684712886810303,1.0
4102,0.6208978309108031,16.39732625394837,16.067633757594752,0.014459872245788574,0.85
4103,0.8283581570671862,19.135102000542947,19.135102000542947,0.014679539203643798,1.0
4104,0.6110230033053804,18.694523571480694,19.55602909176542,0.015082252025604249,0.85
4105,0.5400364678573887,17.87620683158963,18.17268154892438,0.01491457223892212,0.8
4106,0.5411527405597847,16.735337138497712,16.69945998922573,0.014234447479248047,0.8
4107,0.5740411594697259,16.08271621944566,15.841000748028497,0.014976608753204345,0.85
4108,0.4229075420323161,17.332475890374834,17.670895147499937,0.014759993553161621,0.75
4109,0.6849743279905283,16.699057829393077,17.031333453093723,0.014444530010223389,0.9
4110,0.7876159813470268,17.2109922898556,17.391101235473613,0.014676833152770996,0.95
4111,0.7687429062620017,18.51634701699819,18.648828213777847,0.014655971527099609,0.95
4112,0.6896662232072541,16.93747494801874,17.113747970265983,0.014652514457702636,0.9
4113,0.8647789193214812,16.779387966371665,16.779387966371665,0.01474294662475586,1.0
4114,0.7861082319800765,17.092572159005602,17.370651194363703,0.0144425630569458,0.95
4115,0.6817111966534639,17.130015261359766,17.287774840216144,0.01463383436203003,0.9
4116,0.6484732010964247,18.197327994975492,18.242079391513652,0.014087522029876709,0.9
4117,0.6691055360182825,18.30380576422658,18.471262394681666,0.014041006565093994,0.9
4118,0.6568885430015101,18.964283493517303,19.347431249970196,0.014224421977996827,0.9
4119,0.7807467033640234,18.02750759027333,17.296245449509804,0.014282703399658203,0.95
4120,0.4467362900640075,19.205882079381105,21.152360519996474,0.014784002304077148,0.75
4121,0.7600688570695031,18.37960522226227,18.36964395052278,0.014900684356689453,0.95
4122,0.5929002140313389,18.53722590283687,18.718527341926485,0.015036666393280029,0.85
4123,0.7631854923366075,18.62429802863323,18.801382279728927,0.01541590690612793,0.95
4124,0.5853741018198722,21.4523200438265,16.899200645270017,0.014898300170898438,0.85
4125,0.5932787862721554,15.824470133722006,16.32794579633182,0.014342904090881348,0.85
4126,0.6722025450563136,17.914391834185835,18.059100464153946,0.014619207382202149,0.9
4127,0.6924005087412379,17.00455008266806,16.586310020404344,0.01454942226409912,0.9
4128,0.7935572605677284,17.141126994808538,17.24598199062216,0.014539313316345216,0.95
4129,0.7333594949846332,19.353151728962068,19.50847307768932,0.015133404731750488,0.95
4130,0.8630320471062449,17.546354162509953,17.546354162509953,0.014786028861999511,1.0
4131,0.7720816782527196,16.69259128870261,16.83315623740111,0.014582228660583497,0.95
4132,0.6919125385373863,17.119955356481995,17.15698060938182,0.014872229099273682,0.9
4133,0.7868100844668977,17.474094160538495,17.833847631753077,0.014200854301452636,0.95
4134,0.7789091255335752,15.74161715443206,15.998031603113244,0.014293849468231201,0.95
4135,0.6944781296791812,15.137985484259143,15.240275228906462,0.014568686485290527,0.9
4136,0.6189999569766876,17.91891237638739,18.43234554553494,0.014374268054962159,0.85
4137,0.6963513301432391,18.087705989151296,18.518685528983763,0.014480435848236084,0.9
4138,0.7615733319776492,19.11492352476935,19.315572597039523,0.014401757717132568,0.95
4139,0.685686108191601,16.966573842690106,16.904193288167605,0.014067733287811279,0.9
4140,0.7409710598773822,18.873046264693606,19.016411003409978,0.014231240749359131,0.95
4141,0.6409385179873683,20.174325434308038,19.775922114669324,0.014347028732299805,0.9
4142,0.6532574481957807,17.763630509930678,18.061873956181017,0.014439213275909423,0.9
4143,0.5748439396525307,16.86779149887561,17.477183739694272,0.014357411861419677,0.85
4144,0.7433805742762882,16.930858276539446,16.85856329949425,0.014354407787322998,0.95
4145,0.6842444706099926,16.082062051615395,16.161993774585458,0.01464548110961914,0.9
4146,0.5145837059580574,16.856975009910023,17.757778785396425,0.014734816551208497,0.8
4147,0.7707665071601983,19.069025662951397,19.396930080180454,0.014622986316680908,0.95
4148,0.8620566185832723,16.233448994567013,16.233448994567013,0.014678072929382325,1.0
4149,0.6927420614830508,15.297653035701927,15.225097668758988,0.014450776576995849,0.9
4150,0.5819848077786096,18.549313785506964,18.69516553359844,0.014393329620361328,0.85
4151,0.7852462009749965,18.105405776735655,18.516061982847532,0.014323675632476806,0.95
4152,0.7080731707481567,18.417559404455936,18.716458579665364,0.014258790016174316,0.9
4153,0.7605420427870243,18.417215628394597,18.417985228159306,0.01447385549545288,0.95
4154,0.6758168140638682,21.7062519955417,22.515635622688436,0.014906001091003419,0.9
4155,0.7493741266110311,17.37122595278934,17.475377648297155,0.01490706205368042,0.95
4156,0.7877020602042358,16.681212729582523,16.622044855498917,0.0150138258934021,0.95
4157,0.5514002570456725,22.583334801344172,23.611438758678396,0.01485215425491333,0.85
4158,0.8335400755411418,18.23324786316902,18.23324786316902,0.014865243434906006,1.0
4159,0.7592521145383897,17.963877597181916,18.368307484954936,0.014905238151550293,0.95
4160,0.6650752554530023,17.024327696359762,17.029119476908683,0.015012693405151368,0.9
4161,0.6804162973980655,17.07923957073665,17.439398138399927,0.01468130350112915,0.9
4162,0.7667817276813834,17.17343423690862,17.118157618826054,0.014669275283813477,0.95
4163,0.6189741155181985,17.180267446370287,17.60063782910021,0.01472989320755005,0.85
4164,0.6740101424788476,17.233126861059965,16.982204758067056,0.014930462837219239,0.9
4165,0.6815101915102113,16.542012922360676,16.49668189194206,0.014357650279998779,0.9
4166,0.8672558871240199,15.816422748824289,15.816422748824289,0.01483767032623291,1.0
4167,0.7364247073938912,17.982948753394624,18.250774975090454,0.01504371166229248,0.95
4168,0.5153007318800906,17.511553866413266,18.77744123441086,0.014876282215118409,0.8
4169,0.6855495816314114,17.739087557614962,17.762302564288785,0.014399921894073487,0.9
4170,0.5919271281282406,15.441240259835492,15.769963533244653,0.014712846279144287,0.85
4171,0.5241063230358303,16.597178630006788,16.67543275066626,0.014587163925170898,0.8
4172,0.7007183020592842,17.15098012601119,17.60911445107408,0.014450335502624511,0.9
4173,0.6819564099978694,18.091971304855793,18.24588028241885,0.01497342586517334,0.9
4174,0.600128847034217,16.07389906606013,15.866236460409834,0.014399218559265136,0.85
4175,0.681516524167118,16.65627913332524,16.702037544307743,0.015113925933837891,0.9
4176,0.5148982552281558,17.97597396709255,18.663237828295465,0.014204180240631104,0.8
4177,0.7001678727100862,15.508185291204995,15.290428631639125,0.015138447284698486,0.9
4178,0.6837353729719532,16.43866025207212,16.440727279224557,0.01452406644821167,0.9
4179,0.7017677893284453,16.932711477390693,17.14806876172037,0.014984798431396485,0.9
4180,0.4577212659395807,18.708508620397684,19.84799725317248,0.014959192276000977,0.8
4181,0.7601215833430014,17.38267067389138,17.499349083666036,0.014950764179229737,0.95
4182,0.5793239777190364,17.90276542889692,18.78512169199834,0.014722061157226563,0.85
4183,0.7158665372513332,18.37088124446489,18.58347925921665,0.01514838933944702,0.9
4184,0.44131121437183685,16.79146505735692,17.55814822241242,0.014622509479522705,0.75
4185,0.8428418283257667,18.006345589965434,18.006345589965434,0.014751648902893067,1.0
4186,0.6634473963017448,18.300612148802045,18.555232046463715,0.014435398578643798,0.9
4187,0.8582292173054686,17.686732325794356,17.686732325794356,0.015066790580749511,1.0
4188,0.7860421180421628,16.622560915721778,16.62518217970258,0.014998602867126464,0.95
4189,0.777040382377382,17.427289020969052,17.457169002722996,0.014451634883880616,0.95
4190,0.7519580639959511,18.285841049458995,18.32317754248461,0.014958250522613525,0.95
4191,0.7914814734817983,17.31737994957996,17.459021777118156,0.014516484737396241,0.95
4192,0.6926225934835875,17.803258167076812,17.916717592648958,0.014054036140441895,0.9
4193,0.8382981018104964,17.713040651956877,17.713040651956877,0.014732933044433594,1.0
4194,0.7122828632386555,16.344960624171744,16.789972120058824,0.014245474338531494,0.9
4195,0.5284376410445237,17.4377539624968,18.159622885914345,0.014083337783813477,0.8
4196,0.7043553110895895,16.509574052303872,16.75958523681373,0.01475290060043335,0.9
4197,0.7124508101569456,14.756643107412259,14.388619685532948,0.014163684844970704,0.9
4198,0.5147851458245942,17.41638318778706,17.722001031113496,0.014440965652465821,0.8
4199,0.6021271412270607,14.782082118135795,14.908747589916015,0.014299452304840088,0.85
4200,0.7990219814274895,16.206348214521665,16.484371370783883,0.013963258266448975,0.95
4201,0.7654401408739565,20.629322527089407,15.183860095727518,0.014286339282989502,0.95
4202,0.780980252320799,15.70231786194087,15.959090588870197,0.01442176103591919,0.95
4203,0.7638243471084218,20.826777156854348,20.981753212054286,0.014672160148620605,0.95
4204,0.5055856546144505,24.605743798888405,19.64791317217115,0.014403951168060303,0.8
4205,0.5029831668242812,17.45290601117318,18.52893614296785,0.01471039056777954,0.8
4206,0.5081920556372266,19.3427515851983,21.231514881774565,0.014631474018096923,0.8
4207,0.7484674703089809,19.62132908626718,18.751748978813875,0.014528799057006835,0.95
4208,0.8380655056875399,18.27669582740165,18.27669582740165,0.014381635189056396,1.0
4209,0.45543849382094087,20.45053713288201,21.092061486463724,0.014642632007598877,0.75
4210,0.7585833147522014,19.19956493276944,19.397880431750103,0.014564335346221924,0.95
4211,0.6889489192116552,18.43382449893909,18.314331651087723,0.01445704698562622,0.9
4212,0.5826299179350847,17.59484938843127,17.63853886543937,0.01440424919128418,0.85
4213,0.6063118995868612,18.28124737586906,19.018774385229694,0.01453181505203247,0.85
4214,0.6652479274318777,19.90411642902145,20.628071016008132,0.014796030521392823,0.9
4215,0.5437116588786515,18.61161940739941,18.100506621978,0.014150357246398926,0.8
4216,0.665671698068379,18.035878193854213,18.368827280282446,0.014868700504302978,0.9
4217,0.698543599034884,18.6857082641474,17.94335161930428,0.014095354080200195,0.9
4218,0.6113361753559303,18.295932462043716,17.697315208906407,0.014901769161224366,0.85
4219,0.49878446440205826,19.981643646850443,20.880389398793724,0.01477067470550537,0.8
4220,0.7754465545887517,20.595353757884443,20.817630018520337,0.014721214771270752,0.95
4221,0.7803321245405648,15.884994339721668,15.870574591795368,0.014279401302337647,0.95
4222,0.6207872298039012,17.23864420600313,17.550852449006072,0.01443479061126709,0.85
4223,0.6294629883249528,16.57388233963381,17.358351147826234,0.014977478981018066,0.85
4224,0.6844495102030461,16.367829367170074,16.34181637445524,0.014323687553405762,0.9
4225,0.3534878137617655,15.899121417024002,15.950348089415447,0.014144206047058105,0.7
4226,0.7575145143293913,17.476235720861915,17.2197502640837,0.014350330829620362,0.95
4227,0.43000370992050174,16.83083789790428,16.861370938931522,0.014674687385559082,0.75
4228,0.5086299890929273,16.572354173645824,16.494753332110786,0.01447732448577881,0.8
4229,0.5005515882870059,17.72905203290564,18.013063491423182,0.014924490451812744,0.8
4230,0.7581103942971554,18.130934863596714,18.424819156611562,0.014628911018371582,0.95
4231,0.6785874888708029,17.68987811212717,17.767043873341542,0.014505565166473389,0.9
4232,0.8367928021019571,16.662043418048803,16.662043418048803,0.015414130687713624,1.0
4233,0.7421934905155936,19.38341140885801,19.62368660715443,0.014385592937469483,0.95
4234,0.6453457251643269,18.941630196450348,18.93831888540247,0.014737105369567871,0.9
4235,0.8532594465730241,18.373598680934123,18.373598680934123,0.014769768714904786,1.0
4236,0.6823205576006781,18.7938859237157,19.143864022860107,0.014214611053466797,0.9
4237,0.7886790969998931,18.232740296280447,18.340842595745784,0.014409017562866212,0.95
4238,0.6624541288362328,18.90664739974068,19.452172331609358,0.0148340106010437,0.9
4239,0.7547695721046592,16.50474436001235,16.56801592710096,0.014280581474304199,0.95
4240,0.7382356787975062,15.02573423088018,15.446064677863031,0.014557337760925293,0.9
4241,0.6700545041091217,16.169578749063227,16.09652316105411,0.01445178985595703,0.9
4242,0.5917579060938685,16.205472853203286,15.922876119759675,0.01432785987854004,0.85
4243,0.6155486308631108,17.40536729604274,17.8328523719834,0.014747035503387452,0.85
4244,0.6825416678459816,17.178839562240587,17.309764613868285,0.01382904052734375,0.9
4245,0.5183567497211676,16.58543845520051,17.621675566302585,0.01476067304611206,0.8
4246,0.6631685056137568,16.13714129537052,16.206699826796935,0.014152455329895019,0.9
4247,0.8441551128789857,17.723788744031772,17.723788744031772,0.01436690092086792,1.0
4248,0.6934388568051273,19.2269617380803,19.593162100529405,0.014361584186553955,0.9
4249,0.6751275198392273,17.22962119562476,17.120754189962867,0.014237534999847413,0.9
4250,0.6865069209045793,17.811111394361774,18.29290423240064,0.014214026927947997,0.9
4251,0.7620084570520707,18.41269966342299,18.432264580592566,0.014758944511413574,0.95
4252,0.6845789842409892,19.232100523051514,19.85788473316915,0.014242768287658691,0.9
4253,0.6497655428451735,16.801883576196552,16.654191887063703,0.014545273780822755,0.9
4254,0.6775186105684489,16.8230001526085,17.037737630826385,0.014361882209777832,0.9
4255,0.7806330234608361,16.531866813471456,16.74899095593796,0.014126551151275635,0.95
4256,0.6172236565496447,17.9905349698494,18.38041644821046,0.014276063442230225,0.85
4257,0.7610010050161687,16.562166880747228,16.599394710207513,0.01450117826461792,0.95
4258,0.681315700854823,16.53445895040466,16.658922827890947,0.01423410177230835,0.9
4259,0.7699232456307591,17.33814422776758,17.576091603295588,0.013745367527008057,0.95
4260,0.7991229588452801,23.64715224351912,24.30448163956992,0.014538133144378662,0.95
4261,0.5242668194727494,18.02747274992918,18.66816896564524,0.01517946720123291,0.8
4262,0.7764498663468398,18.83833168002976,19.22988279424959,0.014712166786193848,0.95
4263,0.7406288708329802,17.4880682482581,17.319574864881922,0.014954161643981934,0.95
4264,0.6903061548991228,18.107863755113698,17.316652658055197,0.015237808227539062,0.9
4265,0.6039871932742834,19.1524649087128,19.229822704380176,0.014501500129699706,0.85
4266,0.4262718065553942,17.525391856714712,17.034689584725996,0.01528526544570923,0.75
4267,0.7859611886891275,20.197866835987263,20.46291003470996,0.01463487148284912,0.95
4268,0.5635556680251362,19.151913082820933,19.516398384212224,0.014447462558746339,0.85
4269,0.5138513823590973,17.071709915409812,16.778567559332274,0.015116536617279052,0.8
4270,0.5325181828634389,17.122317909873626,16.488250990758495,0.014626228809356689,0.8
4271,0.4381253403272705,18.642493960679264,19.63437245802241,0.014866983890533448,0.75
4272,0.66149382309728,18.639619010122054,18.940231250804345,0.014465093612670898,0.9
4273,0.6827659078236998,17.576573732108407,18.299295565299342,0.014362919330596923,0.9
4274,0.5503321597886561,17.38899921342201,18.32117501724264,0.01465456485748291,0.8
4275,0.7092739303975117,18.30160361134201,18.678377341359187,0.014637792110443115,0.9
4276,0.49268085123121297,17.489910101329198,18.3936471216931,0.014158320426940919,0.8
4277,0.6245486967141762,17.327875817125584,17.034947111140067,0.01444692611694336,0.85
4278,0.8072696856388708,18.086965126454594,18.086965126454594,0.014529252052307129,1.0
4279,0.7355527234349748,17.904485753007428,17.949318666633925,0.014400815963745118,0.95
4280,0.7637976850289915,17.826978666347674,18.22682277238983,0.014275431632995605,0.95
4281,0.46296362412465875,17.234181276529537,17.077348284868428,0.015902280807495117,0.8
4282,0.6418304866345798,17.10504826075469,17.355915726067753,0.014583277702331542,0.9
4283,0.6844074429748381,17.19517010265424,17.633825039534823,0.014524626731872558,0.9
4284,0.3146644069903491,20.741025776975683,20.98161214205428,0.014313554763793946,0.7
4285,0.6593356763949785,20.367855178496917,19.567388794496576,0.014849281311035157,0.9
4286,0.740378026561091,18.031529454228483,18.24670345112551,0.014619827270507812,0.95
4287,0.4975332180280869,17.579134768531496,18.30381404174247,0.014390528202056885,0.8
4288,0.8706350459710508,18.642985633989632,18.642985633989632,0.014902091026306153,1.0
4289,0.5838211078145179,20.11412119514461,20.73723114266513,0.014689242839813233,0.85
4290,0.7590090038843126,18.095196947389393,18.222755569139892,0.014340996742248535,0.95
4291,0.6041834981817195,17.42020463564693,17.93179833350236,0.014281761646270753,0.85
4292,0.5949061361702321,16.89487611485483,17.143013579581424,0.014347314834594727,0.85
4293,0.6611490335832169,17.81159896822556,18.43296108229533,0.01400831937789917,0.9
4294,0.6747588805492859,16.188060988822073,16.010222441706684,0.01404961347579956,0.9
4295,0.5942674304687209,17.082070652020207,17.041243399730945,0.014169633388519287,0.85
4296,0.6382071290392368,27.109751492528517,28.531151405191977,0.013815808296203613,0.9
4297,0.6848964330827807,19.332572391028275,18.650235542290613,0.013844406604766846,0.9
4298,0.6747831051183051,18.7241518871269,19.167983742079073,0.014143729209899902,0.9
4299,0.7014552534787825,16.021063421857786,16.56674897795836,0.014145338535308838,0.9
4300,0.6789428018140488,17.93015577609151,18.130828894851284,0.015114164352416993,0.9
4301,0.6745002899704693,23.995419960586,18.981463128184046,0.014258837699890137,0.9
4302,0.7345358453224572,19.589219268785975,19.573321709746704,0.014373266696929931,0.95
4303,0.5635812944204164,25.515954686528218,21.755851316215427,0.014639317989349365,0.85
4304,0.7265324015487543,24.40794740913587,19.730250037049696,0.0143355131149292,0.95
4305,0.6314549068001502,29.35254841037994,30.745913014604625,0.014429950714111328,0.9
4306,0.5623851657163232,18.905566219680892,19.261135726407332,0.014443325996398925,0.85
4307,0.6550316668600776,25.43240483662537,26.646992382042008,0.014525663852691651,0.9
4308,0.7229382009117941,21.18720817546062,21.565305104285557,0.01465977430343628,0.95
4309,0.8397208791823119,18.699616899719764,18.699616899719764,0.014645063877105713,1.0
4310,0.41535719311658,23.072172739987117,18.88382373680121,0.01439216136932373,0.75
4311,0.6593091384464767,25.127521707902538,20.52160786357434,0.01443343162536621,0.9
4312,0.5690899057935456,29.54683266245157,26.083147397442236,0.01410846710205078,0.85
4313,0.47415744981434127,21.85206954177589,22.531116830259677,0.014032077789306641,0.8
4314,0.7732066895321512,17.11815311249212,17.1336252219184,0.014195013046264648,0.95
4315,0.6884482764714711,18.03117776178023,17.812755921822035,0.014496266841888428,0.9
4316,0.7885525579006963,16.16897562291167,16.114256519759284,0.014546608924865723,0.95
4317,0.6577565566420481,17.32580916761177,17.291998833318107,0.014189314842224122,0.9
4318,0.68282062959667,18.2867771791143,18.666327267351623,0.014556515216827392,0.9
4319,0.5121335056308972,15.887052147601858,16.18002699011421,0.014123809337615967,0.8
4320,0.7596016428090197,15.972271531933412,16.10202174127237,0.014936387538909912,0.95
4321,0.7811052082220635,19.56407291008571,19.67740178506598,0.01487734317779541,0.95
4322,0.6516787719944152,21.472984978706993,22.580546377151094,0.014505338668823243,0.9
4323,0.4906211248321125,20.63667189459182,15.567691311060836,0.014452910423278809,0.8
4324,0.8454417783736149,18.583530242136913,18.583530242136913,0.014610862731933594,1.0
4325,0.6987157093423002,22.675757562286403,17.341677588605293,0.01490398645401001,0.9
4326,0.7719406259314975,16.81312177533814,17.015249281493304,0.014328205585479736,0.95
4327,0.48601637479352994,28.025410664318947,24.99519914593182,0.014556896686553956,0.8
4328,0.6588009676322271,21.974364779656604,17.295019216728587,0.014770925045013428,0.9
4329,0.6600440449443133,17.398699212394988,17.025573773366677,0.014628159999847411,0.9
4330,0.6345121306405004,29.867604161681527,20.22900686387361,0.014186584949493408,0.9
4331,0.5885808914395244,22.038567342738087,22.518205045770056,0.01444467306137085,0.85
4332,0.48011254774896994,27.68724960567352,24.9429146340591,0.014131891727447509,0.8
4333,0.7262925167969532,16.91735928825983,16.96452070258868,0.014707505702972412,0.95
4334,0.41761540551294873,22.604961940001097,24.96248915904478,0.014197003841400147,0.75
4335,0.5765603530927982,17.601012975914852,17.948340008293755,0.01456778049468994,0.85
4336,0.8215759331264667,19.241657600473594,19.241657600473594,0.01470571756362915,1.0
4337,0.48875267156089847,18.876459072543746,19.65670863985899,0.014568424224853516,0.8
4338,0.47493057697957825,16.908168328614632,17.32340258948415,0.014649057388305664,0.8
4339,0.5997282919355016,18.088957491240865,18.267430066053862,0.01444854736328125,0.85
4340,0.5726241235019212,17.86175489525505,17.859571505736255,0.014844059944152832,0.85
4341,0.5835608739652028,17.074758667786092,17.11294230256138,0.014877867698669434,0.85
4342,0.647690237468358,24.191595848158904,19.62071338886455,0.015105295181274413,0.9
4343,0.7335830405428113,22.621097347156038,23.27973315708384,0.01421741247177124,0.95
4344,0.7884292953615748,23.063595353601293,23.063595353601293,0.014688980579376221,1.0
4345,0.5610558837708304,23.130778974470754,18.254837271517182,0.014183390140533447,0.85
4346,0.47884159713203767,18.34956852992075,19.100853755698484,0.014585638046264648,0.8
4347,0.7098968876641404,27.631883823408977,28.37457237319141,0.014329338073730468,0.95
4348,0.5989017358098407,21.240148336001475,22.387729188211004,0.014774048328399658,0.85
4349,0.37287149803422565,37.486055312897285,18.869629577128173,0.013806045055389404,0.75
4350,0.5818447442800149,16.42244936707066,16.55682943725182,0.01450272798538208,0.85
4351,0.6646567636522944,17.241832441170217,17.172613664650665,0.014677226543426514,0.9
4352,0.6054256760178329,17.215922005388045,17.547763307206985,0.015117502212524414,0.85
4353,0.7118555307729925,26.910683405020126,22.314646330313852,0.014390790462493896,0.95
4354,0.4632607508839805,29.075186653096704,19.44627849566735,0.014233720302581788,0.8
4355,0.7550388143979334,19.770148356747573,20.009811774928178,0.014223015308380127,0.95
4356,0.7426253765754638,19.23732588110585,19.440035318841694,0.013943314552307129,0.95
4357,0.7354223219326922,18.256789050340295,18.518414013020273,0.014665281772613526,0.95
4358,0.6802239689419379,16.776520870806138,16.948053001829763,0.014573001861572265,0.9
4359,0.5163709976488027,18.015930190847165,18.149991694608804,0.01449974775314331,0.8
4360,0.6585688174203498,28.855777732440902,25.16932963128381,0.014767754077911376,0.9
4361,0.5313724638411836,18.583851081111025,19.461005958419246,0.014492499828338622,0.8
4362,0.8066645049735612,27.922803738570536,27.922803738570536,0.014908039569854736,1.0
4363,0.6338587524566814,27.0035306141781,28.53992434497903,0.014189064502716064,0.9
4364,0.5995046917597767,21.875204048262653,22.46770326773356,0.014353144168853759,0.85
