request_idx,reward,latency_all,latency_success,processing_time,success
30,0.6739422201637524,16.416327893864732,16.380493467890552,0.015773403644561767,0.9
31,0.5936672537718817,17.799726609009817,18.177359688933482,0.01649034023284912,0.85
32,0.5460350500219755,19.0343602814851,18.51935035752578,0.016482388973236083,0.85
33,0.7317828980465808,17.74577008011915,17.83664036425889,0.015613245964050292,0.95
34,0.6613472313006242,18.205653795214733,17.6488320736064,0.016076505184173584,0.9
35,0.584982221341183,19.71123850372711,20.396997977191276,0.016056156158447264,0.85
36,0.5389232017205445,17.944782171442206,17.742487817869474,0.016167724132537843,0.85
37,0.6003376892679267,16.825284315168105,16.568206782574695,0.016250598430633544,0.85
38,0.7622367940937503,18.66213670005679,18.627793832935193,0.016798102855682374,0.95
39,0.6974282299404577,17.941814749913426,17.935349857601594,0.016632330417633057,0.9
40,0.47758199423386705,19.663613619229885,19.56382340084435,0.016031539440155028,0.8
41,0.6410545430237544,22.005145787002693,22.291997075066742,0.01580994129180908,0.9
42,0.7258617720742169,20.95065550469611,21.034204485363222,0.016156268119812012,0.95
43,0.5450610427068491,20.06747604990975,20.968967534060795,0.016064107418060303,0.85
44,0.5576945138761229,21.541540253733494,22.479593167164605,0.016318202018737793,0.85
45,0.6418485660097666,22.33607836691599,22.82271749167842,0.016238844394683837,0.9
46,0.5075098439135199,16.83024647822264,17.17857418899581,0.015833628177642823,0.8
47,0.38293097593413583,18.570956684071028,18.96482575678201,0.016128170490264892,0.75
48,0.5920304134041376,18.71392948736391,19.883292475466824,0.015639019012451173,0.85
49,0.4853781247357235,20.295891586171116,20.485702742597198,0.016325223445892333,0.8
50,0.7134397821191745,19.854331242118395,19.70862965889887,0.016077542304992677,0.95
51,0.7307596838666728,20.17125823368219,20.09636192708727,0.016459381580352782,0.95
52,0.5094047696414739,22.563818921345824,21.37815346886297,0.01619904041290283,0.85
53,0.4796144509790189,21.307591487310322,20.144826502339253,0.01648268699645996,0.8
54,0.4765738827950649,20.28754876167158,19.840803951318687,0.016026246547698974,0.8
55,0.6478125640122372,21.068711188548523,21.509642953662365,0.01590545177459717,0.9
56,0.7302754199890991,20.611276668402983,20.00119475453201,0.015892493724822997,0.95
57,0.45247275968113315,19.199558873255036,19.330598786942648,0.015507912635803223,0.8
58,0.5115264807164046,18.874158345351674,18.941011921492418,0.015544354915618896,0.85
59,0.3609405848436193,19.96647085201881,20.188629437101792,0.016276061534881592,0.75
60,0.6089037394566222,20.851973599196324,21.058886142873156,0.015810835361480712,0.9
61,0.5094230214880564,23.38967226074078,23.83811778024423,0.01617189645767212,0.85
62,0.35448460595904707,23.04025614394848,22.3892974183713,0.016499710083007813,0.75
63,0.5445491721845689,22.317571627179525,23.33753878160208,0.015592741966247558,0.85
64,0.46100197232087525,20.413474882718624,21.50392501144919,0.016476774215698244,0.8
65,0.657438441148917,31.382116890131392,27.37772800964421,0.016103506088256836,0.95
66,0.6743968418447659,26.29051527480263,26.66219705069408,0.016342854499816893,0.95
67,0.5563072160658649,17.281387199207966,17.610842071862944,0.01625763177871704,0.85
68,0.5226027774898285,27.600612879849336,18.163157176767974,0.016149580478668213,0.85
69,0.5265452571993237,24.450596229471863,19.165159225720767,0.016182422637939453,0.85
70,0.6238946233866829,24.74820141448251,25.47318321191743,0.016233909130096435,0.9
71,0.49706204192382264,29.312645258293877,31.115716864617927,0.016316914558410646,0.85
72,0.43517859109378454,28.242278806142725,24.850989799575526,0.015903735160827638,0.8
73,0.44265565164703125,26.817679269792666,29.34699820883906,0.016260242462158202,0.8
74,0.5286236605842949,23.794959457202022,19.52904829079388,0.015947389602661132,0.85
75,0.43385039278704535,27.1746279167294,17.273124221717175,0.015557491779327392,0.8
76,0.3286471834149316,36.58622135325396,30.61830347409206,0.017053186893463135,0.75
77,0.5010915068944095,36.38154690535345,27.898893903377584,0.0690194010734558,0.85
78,0.6195720020165756,30.485484267760818,21.714958347320298,0.01607285737991333,0.9
79,0.532401919208451,23.393151429541113,24.608060289006016,0.016132330894470213,0.85
80,0.20074076147543568,47.69157827727473,37.38483846964812,0.015812981128692626,0.7
81,0.24894906399687705,36.44064272043164,17.057411902411552,0.01611899137496948,0.75
82,0.2482427663238808,31.51716640438575,23.13339965508757,0.015934514999389648,0.7
83,0.2307454929264468,57.54298904000829,50.200836042482024,0.01554574966430664,0.75
84,0.5988999165437164,32.25228435498259,23.153333610479493,0.015684378147125245,0.9
85,0.30196692377208667,46.47314025406602,37.2602654029569,0.015803217887878418,0.75
86,0.29858380983864513,42.8080160276453,25.12480931305117,0.016290116310119628,0.75
87,0.2164781996827274,40.772754165773925,21.835536207513734,0.016031908988952636,0.7
88,0.4785901288235374,37.98650383485409,35.80580573376773,0.0154571533203125,0.85
89,0.659355313575744,27.28773371504129,27.801331176018905,0.016006982326507567,0.95
90,0.5283848296392092,32.095314429150854,29.128919741629744,0.016337573528289795,0.85
91,0.41170949718442956,47.85417061472036,41.249309004528634,0.015553653240203857,0.85
92,0.17153429850876573,56.13501396684963,46.40324179826538,0.015768003463745118,0.7
93,-0.07528414911622601,36.07194483312017,13.611246383684719,0.015655946731567384,0.5
94,-0.20469731811717523,75.29358865779118,57.21856286848174,0.015821170806884766,0.5
95,0.22826514014301388,45.23140038467535,29.71731694282317,0.01572815179824829,0.7
96,0.387592842987831,47.21262481425795,35.241287037353835,0.01587545871734619,0.8
97,0.40152469462330165,38.51846170196029,32.42702555716346,0.01682898998260498,0.8
98,0.34616917207080783,42.49567103904473,35.809979507051956,0.01587848663330078,0.8
99,0.6025114409003962,32.82761974191622,23.55681408984068,0.016139006614685057,0.9
100,0.21419958296093017,46.291964347953,31.661337548646525,0.015727853775024413,0.7
101,0.1773070894542123,52.54016766151883,34.573832880155784,0.01616891622543335,0.7
102,0.13970467645123238,41.692942207415214,33.38664320729777,0.015876340866088866,0.65
103,-0.11983769767451954,46.432115491403124,18.536190107283396,0.015301144123077393,0.5
104,0.3491491551968315,40.954723592626166,22.890736805427757,0.016068220138549805,0.8
105,0.2949677052098155,46.09045178404283,43.522175178684535,0.016494762897491456,0.75
106,0.1548163467965537,38.502065475004784,25.302018842850586,0.015844392776489257,0.65
107,0.49258772126625805,57.87428747301917,51.16595964413185,0.016055262088775633,0.9
108,0.13051091712509844,48.639554914170915,28.142989118063046,0.0162026047706604,0.65
109,0.12748624437367248,43.25330486189207,26.752091052229442,0.01662102937698364,0.65
110,0.2833429407641842,40.31638315684839,34.59243284097983,0.016442787647247315,0.75
111,0.06279743905966771,47.330345840432194,18.437331772970158,0.016771626472473145,0.6
112,0.5313687759130887,48.2321747982681,46.130519762384765,0.01653900146484375,0.9
113,0.3747913536527375,49.33068997969983,44.54145439194279,0.016421592235565184,0.8
114,0.22663927418665505,38.99455954347787,28.299427041066057,0.01675734519958496,0.7
115,0.5273393140370606,32.673981763198995,29.164540191218617,0.016089272499084473,0.85
116,0.3119634989345973,41.67517635354763,30.499891549269982,0.015987837314605714,0.75
117,0.5395906022787558,47.01018297300149,44.27293963270115,0.016219210624694825,0.9
118,0.30409686577374484,46.676773181316484,36.974545624201475,0.015619516372680664,0.75
119,0.3230126205872872,43.33685965156771,26.346093836673024,0.016145205497741698,0.75
120,0.39279448879946816,40.95274215939383,23.048342118690123,0.016280901432037354,0.8
121,0.1505560084287632,46.47738068920422,33.160045181399845,0.01608341932296753,0.65
122,0.11367052080738922,51.0545288472247,25.094367342154616,0.016241741180419923,0.65
123,0.30000960334259597,45.89295422730111,35.003588214718235,0.015773892402648926,0.75
124,0.5044547271615616,42.161426242160026,28.75335349026659,0.01630524396896362,0.85
125,0.6839494145304966,32.714964127300476,33.51168499958119,0.016462790966033935,0.95
126,0.3004155505107796,52.14315021311389,37.98146902412535,0.01642758846282959,0.75
127,0.2468753536071766,51.51230697108387,42.78064641318382,0.016727781295776366,0.75
128,0.3963996026906865,59.94323528164811,56.081661648098994,0.016600441932678223,0.85
129,0.23262143787987175,37.33509536580765,32.41695981206496,0.016818749904632568,0.7
130,0.15115198768758487,47.45040507940262,34.313026894107914,0.016178882122039794,0.65
131,0.12000506748069237,72.85623337919333,55.091890853628634,0.016978347301483156,0.7
132,0.2521302034400648,46.86418571683987,37.12478937200477,0.016525530815124513,0.75
133,-0.06630587967578658,61.470728172515706,52.64494408102087,0.016220295429229738,0.55
134,0.44473540338171136,31.416402105629096,28.629536790053074,0.017044150829315187,0.8
135,0.284737840559207,36.40225199732459,31.08788445984026,0.016589426994323732,0.7
136,0.38858096925056934,42.704553292556284,31.168894663968885,0.024830150604248046,0.8
137,0.6797534440256706,29.947760736852672,30.57133642980722,0.01638634204864502,0.95
138,0.05401721495764146,51.71405857801708,33.16455669620141,0.017002928256988525,0.6
139,0.2264893706845085,43.287655088757425,24.796519349321223,0.016357064247131348,0.7
140,0.18962466794483882,54.586238543542564,36.99937286564876,0.020073521137237548,0.7
141,0.2327356519996334,46.546226769615174,38.03209412333805,0.021699845790863037,0.7
142,0.6535183994303206,42.631948835068435,39.00644232497557,0.01676288843154907,0.95
143,0.3706547888587841,37.343397660613434,30.926657281619136,0.01672203540802002,0.75
144,0.14686849908714183,51.605260644740156,31.33563366597405,0.01617426872253418,0.65
145,0.30293864789752717,47.17838091464364,37.1007822416025,0.01676769256591797,0.75
146,0.4725167732056198,41.206191365631774,39.49179121244213,0.016107022762298584,0.85
147,0.5532354493689142,26.972283645822234,28.887856715130717,0.01644890308380127,0.85
148,0.32851967638783164,43.59951968489887,26.7629310252924,0.015742683410644533,0.75
149,0.6290721294307202,30.743235431690504,27.032488182019605,0.01672971248626709,0.9
150,0.34071616646369457,22.665928355472662,23.00458004334928,0.01586782932281494,0.7
151,0.32058793713619116,51.860007191009416,37.67338522912485,0.015993773937225342,0.75
152,0.13604371413516306,46.6314106112996,32.95963517839409,0.015661215782165526,0.65
153,0.4363417721673247,35.34828655133234,21.8736872215601,0.01602025032043457,0.8
154,0.5113678363217932,26.325209150107906,23.289282295824464,0.015585267543792724,0.8
155,0.17241718409808313,42.77589374789741,34.24313060115614,0.015984225273132324,0.65
156,0.2724578078359003,36.804058779784356,23.166721633763625,0.015938758850097656,0.7
157,0.4584566953870535,32.8916110533141,37.32682572828632,0.016281843185424805,0.8
158,0.5007160304763156,33.50798052761347,35.82397532783036,0.015958476066589355,0.85
159,0.3943839850111953,47.5804220638152,42.643697567717865,0.016769134998321535,0.8
160,0.5036158953401625,21.567938538629416,16.65878269689461,0.016478514671325682,0.8
161,0.572483785482082,30.269941909314674,26.890020610103164,0.016096603870391846,0.85
162,0.4239312414897253,26.476476482006593,23.847054330870176,0.015505611896514893,0.75
163,0.44676684281227974,31.781479664091798,36.03621666347482,0.015791034698486327,0.8
164,0.5091002139708942,26.678776734120618,27.97455600761664,0.0158388614654541,0.8
165,0.6184894545684371,42.71269316742712,34.990594147238745,0.016373610496520995,0.9
166,0.397919097139287,26.50406003512478,15.992095039505553,0.01630009412765503,0.75
167,0.4783122934536144,47.016561155793084,40.082294235528956,0.015230965614318848,0.85
168,0.6665042514091221,35.60596707298016,31.362305700622283,0.015320014953613282,0.95
169,0.15835862241618773,46.59220282100695,33.602321405549205,0.01562575101852417,0.65
170,0.37119752403995704,32.2245515198241,18.707384638535128,0.015740966796875,0.75
171,0.42922131181651785,45.43136004220919,28.854403535041,0.015516555309295655,0.8
172,0.062049527156381123,43.26349008981036,35.35344724024059,0.01592288017272949,0.6
173,0.09956552088903695,36.11352201079788,22.64377383970212,0.015355002880096436,0.6
174,0.41872233115996316,23.193157678228612,24.258221013491575,0.01563009023666382,0.75
175,0.18600878196227427,45.2911426188853,30.541801090720224,0.015354287624359132,0.65
176,0.32750341477646794,39.62999318092486,22.075643920240207,0.0153631329536438,0.75
177,-0.04867270183019713,57.01208838078357,36.011015190286976,0.016001880168914795,0.55
178,0.17316935370206618,38.03023163767781,19.366828023929124,0.01598036289215088,0.65
179,0.7824850940351642,37.727025899248375,37.727025899248375,0.016046345233917236,1.0
180,0.2913213392528689,34.77809965265827,41.65077971353775,0.01588289737701416,0.7
181,0.2143060401996244,52.631700487919055,53.997428878136226,0.017497444152832033,0.7
182,0.455282724474142,32.598127998698295,24.6875757949013,0.015745389461517333,0.8
183,0.5775145344360592,27.387201861106753,23.777233468087065,0.015919673442840575,0.85
184,0.33477272070033703,42.64689587589172,38.48108042765979,0.015851688385009766,0.75
185,0.5564123813130992,31.99704179731477,29.248501996893943,0.016716575622558592,0.85
186,0.2854114533691225,26.346372353017085,23.45093538997993,0.015406513214111328,0.7
187,0.395433913446994,28.451147974908043,17.786132088775577,0.01558229923248291,0.75
188,0.47579926693139213,23.2089477033855,24.62746750763383,0.01579948663711548,0.8
189,0.30851895830251835,30.28235253424029,14.678313043335605,0.01567617654800415,0.7
190,0.522337602140299,31.745962681146022,22.527476351155272,0.01591193675994873,0.85
191,0.3095711265874974,37.428458967373736,19.136701834249497,0.01575205326080322,0.7
192,0.1829441893164134,33.50761402927476,19.634037343475164,0.015960538387298585,0.65
193,0.5495087768852075,33.022963720830305,24.297504267020752,0.016598474979400635,0.85
194,0.47373574527444606,30.406591040833888,26.876279409827738,0.016106462478637694,0.8
195,0.5292981371971882,23.695337348518894,24.877105016609892,0.016046226024627686,0.85
196,0.4871828560254232,23.64930385730905,26.191757659940727,0.01621417999267578,0.8
197,0.6414960560042993,29.354864356628987,25.05565171417895,0.015738928318023683,0.9
198,0.279709157986166,34.97445674445875,27.62266454744339,0.015495085716247558,0.7
199,0.6290291589766366,34.12727853705054,24.392549717352168,0.01560971736907959,0.9
200,0.4711489700040851,34.23854082062461,19.652161323887988,0.015508174896240234,0.8
201,0.3775520235947388,27.681605811361145,18.404555627825054,0.015840029716491698,0.75
202,0.2946300955275618,22.38175137668273,17.631519313553486,0.01600455045700073,0.7
203,0.5069655012813545,36.505920198725484,28.168708864367336,0.015798509120941162,0.85
204,0.4219195874372069,39.66309691977651,33.579267163810925,0.01558612585067749,0.8
205,0.4319497908189572,37.72908505317346,30.278913024438996,0.015470457077026368,0.8
206,0.5175163666680926,41.339417458678405,28.629145384201685,0.016233944892883302,0.85
207,0.6173508091812773,32.10320588792436,33.380834191212884,0.015862917900085448,0.9
208,0.7002116741315915,37.964425601062665,38.27752480244493,0.016036224365234376,0.95
209,0.5223511284392688,32.85313726556042,29.15644057892002,0.01596261262893677,0.85
210,0.47201463286624623,28.576710919860723,31.541722530802083,0.015978467464447022,0.8
211,0.4383499746048035,27.659974225703376,24.094509912527244,0.015614509582519531,0.8
212,0.6752503137446211,33.64022757112381,29.310457384230148,0.015992891788482667,0.95
213,0.617070592151672,33.375634887381125,24.47584907592198,0.016739821434020995,0.9
214,0.1535534592239747,44.04157860848906,35.919746884906615,0.015726697444915772,0.65
215,0.4500404542682184,33.12064262023605,24.87476947977892,0.01707296371459961,0.8
216,0.3576009053066314,36.12472088977945,28.455627300377838,0.015768706798553467,0.75
217,0.4314473263405588,37.22512482663995,30.421527158258755,0.015964579582214356,0.8
218,0.35800303229434377,60.90421911846355,60.08320370185401,0.015986144542694092,0.8
219,0.3344242615542757,57.279191414033164,49.172774514397815,0.016281187534332275,0.8
220,0.5237804359970204,35.872942891376056,33.92240704254729,0.015901660919189452,0.85
221,0.3594245403034248,29.618353668055136,14.921594440340964,0.015618336200714112,0.75
222,0.5611720642149514,29.874767695209574,20.450557979218694,0.015999019145965576,0.85
223,0.3604951558733894,41.937580597762874,30.59782277185151,0.016184544563293456,0.75
224,0.44779652345192594,32.70145876311468,18.435310761967465,0.01608269214630127,0.8
225,0.35920077551325436,36.51029775979017,23.031094502560517,0.016030287742614745,0.75
226,0.45312376709448976,31.26626263021875,22.635926312234577,0.015725600719451904,0.8
227,0.41176582220045893,18.117140054370864,17.979719060719074,0.015579295158386231,0.75
228,0.6146822502654441,32.39405423058862,28.822862956145222,0.015982282161712647,0.9
229,0.4309408097720223,40.83709454398253,28.433796291334062,0.01560072898864746,0.8
230,0.5212364876756743,22.009651235626063,17.596585297168097,0.015599322319030762,0.8
231,0.3094733050026347,48.26449112238562,31.715513203585676,0.016080081462860107,0.75
232,0.2533464674759115,38.96112796614072,34.573003131907996,0.015622031688690186,0.7
233,0.439514212501303,32.69272996720225,35.92868151261936,0.01566215753555298,0.8
234,0.6643841846145078,22.13682787636249,17.540213319714955,0.015468227863311767,0.9
235,0.5432291402284013,31.18209479289927,28.236514563741117,0.015586352348327637,0.85
236,0.8479662902041334,22.528805557275795,22.528805557275795,0.01588534116744995,1.0
237,0.3101974877732877,27.01798058902179,23.853827262912194,0.01615351438522339,0.7
238,0.33587133457680995,38.88792848367665,26.295079909717106,0.01558229923248291,0.75
239,0.2699814430997093,37.17922885165273,25.475978774095154,0.01585111618041992,0.7
240,0.417558563473342,42.908125403306755,31.119803844508994,0.015441274642944336,0.8
241,0.27241974904110655,33.8033433794363,20.747435238471194,0.015530538558959962,0.7
242,0.4574174694731921,34.34678072937673,31.528545043207522,0.016040849685668945,0.8
243,0.3189690552960055,50.84651604766488,34.19577925594849,0.01551351547241211,0.75
244,0.4120772927185496,49.98649493879557,39.56052069847702,0.01808741092681885,0.8
245,0.35523722063714264,55.88427176293756,58.640007080897185,0.015549802780151367,0.8
246,0.3966373214909732,41.0390178772612,34.936524140215084,0.0154976487159729,0.8
247,0.34725408222427545,47.715139672249094,24.492790323173622,0.01556910276412964,0.75
248,0.05485726157817592,50.73424976244115,37.981003908512,0.01597493886947632,0.6
249,0.5051639067387003,47.678766796308004,40.6485370412374,0.015372908115386963,0.85
250,0.29911418117695804,51.532473334117526,36.34332363192662,0.01677581071853638,0.75
251,0.4292089130597505,36.1647061208564,23.073317761488738,0.01560368537902832,0.8
252,0.347071114840965,41.800751160830785,36.50699245571403,0.015223467350006103,0.75
253,0.446207605105827,37.73375655506207,37.06663371256123,0.01552203893661499,0.8
254,0.6702424028410144,35.016312678171616,36.26328284551075,0.015779173374176024,0.95
255,0.510209743719914,40.09574268451188,32.619471490209264,0.016221058368682862,0.85
256,0.2778275054018386,36.031948399870146,17.827068378720398,0.015835416316986085,0.7
257,0.3916818550013458,36.32380869230025,24.534159144820748,0.015547752380371094,0.75
258,0.4302741994267488,45.91850778394945,34.92351467219825,0.015957677364349367,0.8
259,0.494942752621078,47.42129665504417,35.32856286872682,0.01618891954421997,0.85
260,0.7004666797375665,36.61361868104188,32.47524575901895,0.016075730323791504,0.95
261,0.7453425623224849,27.384103246700032,27.803602119802644,0.015631139278411865,0.95
262,0.3819765770554634,32.36384426604756,24.09779689413957,0.015035879611968995,0.75
263,0.18468867532458166,41.9578702106517,40.83335597314809,0.015419507026672363,0.65
264,0.31167926211361,50.90922513367659,43.281571340520614,0.015175855159759522,0.75
265,0.5742407917793867,21.674501631455552,16.33778486558194,0.015404760837554932,0.85
266,0.1746196126700525,40.58974223272267,29.44545960834784,0.01598479747772217,0.65
267,0.5772034355834954,29.357601669350526,24.887298482620242,0.015602421760559083,0.85
268,0.6141445279645212,37.68409709125613,34.08501999236881,0.015500295162200927,0.9
269,0.5671883584082315,33.64427807998054,25.456680616354422,0.015313994884490967,0.85
270,0.4638925093993153,28.79424733421734,31.111496037846628,0.015828073024749756,0.8
271,0.456799367802424,36.38131767614617,29.55684495126262,0.015872418880462646,0.8
272,0.44090425110590575,43.02275328606663,25.612389568550327,0.0158939003944397,0.8
273,0.3013157434339629,46.359404200296126,30.360439690186233,0.015605080127716064,0.75
274,0.21799000457249723,46.64200124403547,30.873852534678015,0.016435742378234863,0.7
275,0.32955627138878063,45.24389743776719,34.97195270741749,0.015902781486511232,0.75
276,0.603160706508764,37.64831441769913,34.407748526991355,0.01569291353225708,0.9
277,0.5073509625176384,42.499490141829234,29.805686036600115,0.01618649959564209,0.85
278,0.25276070025821645,46.156326014157216,24.981793456212237,0.01620628833770752,0.7
279,0.28979424574467066,35.4736712047122,23.00617370527985,0.016082632541656493,0.7
280,0.237407012804423,41.85905201219512,24.60638407034173,0.015887367725372314,0.7
281,0.2812150496715156,57.957315890567145,45.42505507250552,0.016040551662445068,0.75
282,0.11586070587905942,37.55942329136142,33.53618289983029,0.015463697910308837,0.6
283,0.0692467334950853,47.87803490669182,43.45756993738163,0.016298842430114747,0.6
284,0.3257638167858207,53.81066906034928,47.17902416304564,0.015833628177642823,0.75
285,0.5545445514603419,49.48918533943462,47.50154237426764,0.016047251224517823,0.9
286,0.43165943804539897,43.671954420550286,31.734943344996573,0.01609569787979126,0.8
287,0.36884797466087926,38.54946754349546,39.25428904661024,0.015759050846099854,0.75
288,0.39834665709225386,33.0938147239044,25.123872274820233,0.015825140476226806,0.75
289,0.26817334285059063,37.40189403046878,32.02296846378575,0.015887415409088133,0.7
290,0.4115536353053092,43.73733170208568,44.19513381824831,0.016240465641021728,0.8
291,0.4161718922673633,46.94994216404452,36.317483773028414,0.015474176406860352,0.8
292,0.36345821892398394,32.61800699832689,25.30090962919086,0.01592494249343872,0.75
293,0.18544869577820328,42.23542814952985,19.833641692694204,0.01568582057952881,0.65
294,0.12094239122605992,49.74746095517396,30.636372276332075,0.01604959964752197,0.65
295,0.18092711015629456,37.51145867909529,24.911032253057645,0.015607571601867676,0.65
296,0.49436127779274086,27.92158196836151,24.46219547934232,0.015492463111877441,0.8
297,0.2265841635101528,45.29708828489379,15.21958050336294,0.01587064266204834,0.7
298,0.5439448091859375,25.10948793448115,14.316907908806161,0.015424549579620361,0.85
299,0.4958763008992646,42.10980465876486,35.29048049492854,0.015766382217407227,0.85
300,0.6185931400002327,34.499670544775036,31.06068780955009,0.015598940849304199,0.9
301,0.6491957267001898,32.09783182904207,28.36619385656094,0.015795135498046876,0.9
302,0.17455735997878621,43.00414845113928,27.365213181770155,0.015995705127716066,0.65
303,0.3682099755918483,36.36976700483509,29.891833012186886,0.015999197959899902,0.75
304,0.3837721639716225,48.14238865167312,38.23276733937237,0.015365409851074218,0.8
305,0.4030802175814648,47.69051128760325,36.477333050374455,0.015355145931243897,0.8
306,0.3885003216073729,47.331106785882604,36.856740860395774,0.015703475475311278,0.8
307,-0.026927145557527444,57.79904940827394,36.13660041509035,0.015418696403503417,0.55
308,0.581860999037722,27.71793751617375,23.501021512743062,0.01564791202545166,0.85
309,0.6510093318772296,28.43755419712386,30.056008696413908,0.01568121910095215,0.9
310,0.5714971787692242,31.114747694391554,16.614618389495355,0.015229558944702149,0.85
311,0.4314693049513322,29.066722421679977,20.04633457440711,0.01582934856414795,0.8
312,0.4707718391795038,33.07752876684196,18.439959276861973,0.015541839599609374,0.8
313,0.4029438335110231,38.54259108131764,25.181142609920244,0.015609335899353028,0.8
314,0.43172647649606527,41.06633276746682,23.29432988507106,0.01604849100112915,0.8
315,0.14122808201544026,50.72079782546876,39.140801591478876,0.015468430519104005,0.65
316,0.01361045157023109,52.25418396744614,46.082976179062605,0.01561201810836792,0.55
317,0.11251396163393604,56.12018751996076,46.80341516668227,0.015559470653533936,0.65
318,0.35485390929782257,40.79535682863757,36.32154625449867,0.015443384647369385,0.75
319,0.39634983030303805,32.18772768816203,24.712899294257564,0.015374529361724853,0.75
320,0.1444144681104743,47.29530037930275,33.015289392488256,0.015377604961395263,0.65
321,0.6999106330452276,32.872491337483545,33.71117138652179,0.015302705764770507,0.95
322,0.2602629465597287,51.124644806325925,31.57699875877587,0.015629684925079344,0.7
323,0.7877562847703148,30.467452903195493,30.467452903195493,0.015586376190185547,1.0
324,0.6710107335951687,27.220615961441716,17.983491980654307,0.015840017795562746,0.9
325,0.5282809092969677,36.684487685276146,23.1252486617072,0.015568161010742187,0.85
326,0.4495595568735671,34.68952903626105,20.84740115063199,0.0158052921295166,0.8
327,0.2697751228682277,39.65540678432835,28.512121648194572,0.015577399730682373,0.7
328,0.4073783357640058,25.570146562589013,16.55219387322908,0.017354047298431395,0.75
329,0.2763405473605727,40.89885261683995,23.483188801713897,0.01560196876525879,0.7
330,0.5838394714063039,23.60298872385149,19.46837939432938,0.015616953372955322,0.85
331,0.2626843542769995,62.52448701281624,51.670061983344354,0.015409886837005615,0.75
332,0.450150472468873,52.76921302956168,52.27420969517837,0.015319502353668213,0.85
333,0.42905366926276906,38.77575344003232,25.091107339465147,0.016044354438781737,0.8
334,0.3946008479613755,46.04103719735251,42.67819148758061,0.016016733646392823,0.8
335,0.3121346771074568,50.046940798876584,28.49761231052748,0.015873467922210692,0.75
336,0.49120601921096974,48.937738330058075,43.10408747374047,0.016776371002197265,0.85
337,0.16687413918765934,41.38906016484969,24.063156444494766,0.015951871871948242,0.65
338,0.33770794281857547,35.09766154004156,21.81775151864506,0.015785360336303712,0.7
339,0.3798289177643076,55.488727868297744,46.394144648953926,0.016218113899230956,0.8
340,0.19990956887102523,52.066022982212544,45.644303525843206,0.015428364276885986,0.7
341,0.4224530960853435,64.13634611022601,61.67779447450313,0.015545570850372314,0.85
342,0.42828586300448546,38.81792266390927,31.208310629206444,0.016066539287567138,0.8
343,0.5167253876051986,46.1974449660689,33.829566410885214,0.01600860357284546,0.85
344,0.24478424310170732,41.20807855348224,30.337993728578642,0.015697145462036134,0.7
345,0.3427373625132366,45.959551567377936,23.919447920965073,0.015835988521575927,0.75
346,0.47565003362571945,50.591427069765494,45.6305183279275,0.01572955846786499,0.85
347,0.37721653552573214,35.318165719216395,29.305763397076703,0.016134583950042726,0.75
348,0.3299466930135061,27.422512551949023,18.307930888009764,0.017029976844787596,0.7
349,0.2416929763395383,41.9812480979974,38.946691494649045,0.017115628719329833,0.7
350,0.5234958114616866,34.79654520104162,27.07272625608842,0.016955840587615966,0.85
351,0.48874741732715227,45.9755152714543,39.67920029848849,0.016191577911376952,0.85
352,0.1979416867289529,41.944054535354326,25.194144498367407,0.016677463054656984,0.65
353,0.37957995487644924,32.114962583856716,23.444366101182233,0.015780162811279298,0.75
354,0.5184931063233906,35.36174341973708,27.29583173775557,0.01567004919052124,0.85
355,0.5686562500025418,41.850723460819594,34.143066299127184,0.0162792444229126,0.9
356,0.3785504366842888,45.71408445128954,41.24251463469011,0.016177165508270263,0.8
357,0.505948295748502,35.3123242501693,32.78036245350796,0.015897274017333984,0.85
358,0.33385713734858774,44.86068912685575,34.26222975002115,0.016534388065338135,0.75
359,0.5029819155288353,47.465819630210916,35.21947041616826,0.01583271026611328,0.85
360,0.3603958954595343,34.04374277719133,20.36935501202197,0.01648392677307129,0.75
361,0.3951660075023828,46.15495131351356,35.4585393320569,0.01652548313140869,0.8
362,0.5739322679163705,52.30206267556603,50.75441918219326,0.016167593002319337,0.9
363,0.4079850615080559,41.4040130020088,22.459851109524344,0.015450882911682128,0.8
364,0.6002763640576745,38.8887993210413,36.10143280929182,0.015583693981170654,0.9
365,0.44220335265757027,42.22872829904034,30.22364777977939,0.016144883632659913,0.8
366,0.5045774900835053,41.11583927403594,33.959277422116315,0.016056251525878907,0.85
367,0.4676116077981032,30.544424805389202,21.749151161889753,0.01565612554550171,0.8
368,0.3356399121756321,40.67657032152246,22.903243362543336,0.015758347511291505,0.75
369,0.3165027821230707,51.73432940190818,38.049177490084894,0.015533375740051269,0.75
370,0.2657461323186131,46.115044521220526,30.90138967546051,0.015670251846313477,0.7
371,0.17240752189277786,60.08092261279328,44.796538042817545,0.0158480167388916,0.7
372,0.28534687748167326,52.02868336980053,38.702201068525135,0.015544700622558593,0.75
373,0.2370937425363182,50.61529868827031,38.659152443454936,0.01647920608520508,0.7
374,0.4172439945145925,45.73481027889976,29.46918570313212,0.016443419456481933,0.8
375,0.5792482243780674,42.18568450505565,34.294919372005346,0.015995228290557863,0.9
376,0.4348798418283911,42.08466761517501,30.274437955081574,0.015896141529083252,0.8
377,0.14681301387735454,57.24080495057194,34.60024414147027,0.015534865856170654,0.65
378,0.4175184488674043,41.27736469727871,29.42616016336779,0.01574755907058716,0.8
379,-0.3138120878169438,57.86507350840628,55.618079295810205,0.01586967706680298,0.4
380,0.2990751518282016,54.210570396547425,33.779605652117006,0.01612793207168579,0.75
381,0.4221412330599043,46.23779684773254,29.281990381949566,0.015647077560424806,0.8
382,0.19912554163450474,47.22848674814326,32.20038111718731,0.015504753589630127,0.7
383,0.23007634972556987,51.541686876337245,32.13282587641986,0.01580052375793457,0.7
384,0.07466080386991061,40.17467157559469,15.487811237246065,0.015600717067718506,0.6
385,0.2443622765882772,43.38319431943632,26.849845459563536,0.016207730770111083,0.7
386,0.350183181765287,42.15014216421511,23.759713852387954,0.01574535369873047,0.75
387,0.32326515003978606,45.643074854595035,28.835764429300465,0.015970492362976076,0.75
388,0.1984304543205011,56.41458195244945,37.79464626980113,0.016617798805236818,0.7
389,-0.003554381388537431,47.587948900925724,20.550814874855792,0.01599862575531006,0.55
390,0.20039932359193013,56.41186583868368,31.6358854832971,0.01618475914001465,0.7
391,0.2674749727741715,37.26462271411968,31.976412624126798,0.015510845184326171,0.7
392,0.10474323071563099,46.896712066997466,42.44097781074104,0.01628742218017578,0.6
393,0.2858719785280658,48.953814658754084,45.85405235766455,0.01583911180496216,0.75
394,0.4758284775428886,47.831207350117516,35.76806904522419,0.0159359335899353,0.85
395,0.38638019093669096,50.879474440326554,41.102640000653125,0.015720069408416748,0.8
396,0.3974250576977042,48.01183671407752,36.9609826117632,0.015639793872833253,0.8
397,0.2562008230991862,42.807523886691165,32.49214394598426,0.015338730812072755,0.7
398,-0.2432755446059955,63.260403746649004,42.01964775841787,0.016940593719482422,0.45
399,0.6062524088840466,38.72048229748834,35.665507919604224,0.015970075130462648,0.9
400,0.4175088270691168,42.69264041525351,36.714783483926695,0.016399645805358888,0.8
401,0.25831433728728675,49.107966388160705,35.16399546442723,0.016432249546051027,0.7
402,0.4182826690174126,37.59120539083422,30.118146622095832,0.016324615478515624,0.8
403,0.13364765388568803,51.42554434526113,32.815119210913906,0.015781605243682863,0.65
404,-0.038217174305579804,56.87330232338256,36.051507070126625,0.01651376485824585,0.55
405,-0.017290127596461403,47.09986145504614,23.566954985071106,0.01615927219390869,0.55
406,0.5125431256394473,33.36422389199049,23.410860864399453,0.018527209758758545,0.85
407,0.2512958004620645,43.334905758585144,25.648087389375437,0.016733741760253905,0.7
408,0.1491295231025082,61.030154139424646,44.35063753857845,0.01742227077484131,0.7
409,0.49794200881601647,35.371796797210145,33.31194762041345,0.015529155731201172,0.85
410,0.44419417339830564,36.36052072763762,29.503830754654132,0.015745878219604492,0.8
411,0.3052214709493003,52.32003968592638,44.0704361412712,0.01582498550415039,0.75
412,0.26242221749504224,42.034089149919694,38.71412165665482,0.01598782539367676,0.7
413,0.24274104546283531,42.311792271844624,37.925377586279964,0.0167988657951355,0.7
414,0.42196291949539744,48.05833594567527,42.724984391279854,0.01758918762207031,0.8
415,0.40972615456521383,40.51597519836362,34.42818035778146,0.01600421667098999,0.8
416,0.5332344404811982,46.75306018817476,35.12747189530909,0.015644431114196777,0.85
417,0.4873291848602155,30.439068700940613,21.698123118136554,0.01581157445907593,0.8
418,0.3844682299035146,26.700788683712943,17.532139203182094,0.01596721410751343,0.75
419,0.5427272812075998,29.057872066571917,13.798015426208668,0.015986049175262453,0.85
420,0.5380557690068964,31.800136098152716,34.351119587205346,0.015743935108184816,0.85
421,0.3067374441732009,51.840056560766314,37.89269282563257,0.015441513061523438,0.75
422,0.26398683132661016,35.24014964939251,16.248873711708942,0.01607503890991211,0.7
423,0.09905336463268506,34.29567919682917,29.987672178068852,0.015485572814941406,0.6
424,0.5379191010556024,24.27397758291705,19.76931286878172,0.01622253656387329,0.85
425,0.4486359791095751,33.66450587843572,36.03176545232235,0.015967905521392822,0.8
426,0.43372793930638204,43.136650869031214,31.84678569559739,0.01675260066986084,0.8
427,0.6874595432491281,27.308299155569138,23.348558884846916,0.015936100482940675,0.9
428,0.42741006734489906,34.092451644346646,26.275234357931396,0.016601765155792238,0.8
429,0.12556924524945762,56.17838715324747,39.8460921059019,0.017211174964904784,0.65
430,0.07591435261912913,61.146617729413286,48.39627750353258,0.015521824359893799,0.65
431,0.47574459105693334,51.38531656159232,39.92459395921176,0.01615656614303589,0.85
432,0.49714486582226297,37.704488003126265,35.58136449105464,0.015678262710571288,0.85
433,0.6090412873557293,40.5059248085682,37.80241274335054,0.015440118312835694,0.9
434,0.5609116212450296,33.542758623241866,31.023597423093968,0.015706706047058105,0.85
435,0.7011933857450756,37.94447725900533,33.91973848260576,0.01603294610977173,0.95
436,0.3000244962736294,25.062088364076203,14.093153733522842,0.01641674041748047,0.7
437,0.5977415763466695,42.13650696590204,33.99587646015978,0.016097557544708253,0.9
438,0.7147791468311263,32.80898239084372,28.580573606016586,0.015597963333129882,0.95
439,0.675665460624365,34.16728113846908,29.86819641656576,0.018167150020599366,0.95
440,0.5200572959757302,36.4930836630032,28.305202804174066,0.015885841846466065,0.85
441,0.3218699180717729,50.56558932686716,29.26795014793886,0.01603928804397583,0.75
442,0.6326767457473694,32.50117005009291,22.27904008336878,0.01587350368499756,0.9
443,0.03690905959968526,41.20129356016688,15.584955872641517,0.015916883945465088,0.55
444,0.6231530514744186,51.740156462032154,48.38005753707521,0.016342031955718993,0.95
445,-0.059832708977589556,61.66149096413535,36.85664736540259,0.015727746486663818,0.55
446,0.3378221929190908,38.111543775541726,24.288580344244973,0.016128456592559813,0.75
447,0.2163176495786594,51.18753642171986,37.32531953214544,0.01579924821853638,0.7
448,0.15292101504578975,70.62055883063852,59.19857023542052,0.01664806604385376,0.7
449,0.3032774611592059,50.00071524830613,35.427179919716316,0.01691089868545532,0.75
450,0.14481097286721814,45.49769556449111,39.14246955365796,0.0160988450050354,0.65
451,0.255845661997413,61.906107506162655,44.234786408549915,0.016126573085784912,0.75
452,0.3157085420102738,40.956474052636835,22.99988490866256,0.016356921195983885,0.75
453,0.3547470078260942,39.51342436969796,20.999858701767057,0.015428650379180908,0.75
454,0.36148806298846825,30.86502361715703,16.03210894514303,0.015943264961242674,0.75
455,0.1741922859977787,42.03740252076675,32.872624404532395,0.01574934720993042,0.65
456,0.5395546058398637,37.71520329514876,36.09517736061832,0.015922939777374266,0.85
457,0.6249813042258475,25.973934037286625,21.082760013484776,0.015513527393341064,0.9
458,0.5829314844545831,21.2698788455096,16.692292727615683,0.01584286689758301,0.85
459,0.5103215394016316,40.671900793388645,33.88915080899804,0.015810620784759522,0.85
460,0.24642700429274042,50.96599956316286,38.55093060696727,0.016011083126068117,0.7
461,0.23785191657720034,42.94467590483036,39.04516635847891,0.0152396559715271,0.7
462,0.345906870023675,37.22228719720869,31.314225983147114,0.015865206718444824,0.75
463,0.04807209245513109,72.56133562683489,58.01463378929365,0.015673089027404784,0.65
464,0.5645955504365909,43.442406282430795,40.040538742084465,0.016675448417663573,0.9
465,0.26769907040071356,28.192146135183542,25.346632598970107,0.015918529033660887,0.7
466,0.16352840500874755,46.26898310107376,33.48304740145023,0.015545487403869629,0.65
467,-0.0046041596149772376,43.416555270005624,20.692390897363396,0.015529203414916991,0.55
468,0.22925491573347356,46.60855783034397,39.11657183748042,0.016003632545471193,0.7
469,0.3229027336653547,51.63129684764366,43.913227892019066,0.015467894077301026,0.75
470,0.10254211800208098,53.81612052604147,37.60166199311449,0.01529862880706787,0.65
471,0.29575152183856124,39.66486674048172,29.83410118288311,0.015531861782073974,0.7
472,0.21373627706644713,57.0202730163263,46.143774333634916,0.01618046760559082,0.7
473,0.47323730383761237,32.94044099315699,25.405104014826314,0.015439248085021973,0.8
474,0.29968750850110837,51.715638881833854,37.62883629059568,0.015691089630126952,0.75
475,0.5922342149322087,36.60190988863763,38.678996980653864,0.015278780460357666,0.9
476,0.17686871526642894,61.90951394205962,53.127771582593944,0.01797635555267334,0.7
477,0.07132850668540684,60.46547473148021,54.51029361039496,0.015752065181732177,0.65
478,0.33317243376276406,48.67550427928597,39.457339975701295,0.01618736982345581,0.75
479,0.27668025912299177,54.96809365749154,48.54465541320822,0.016234445571899413,0.75
480,0.44242888861748925,56.73599862539969,46.49220517329895,0.016189181804656984,0.85
481,0.2271083527522046,40.23271708678858,29.049761756526873,0.016116857528686523,0.7
482,0.48839760124999076,46.044001995502,39.76054187990672,0.016429054737091064,0.85
483,0.24336028791608433,52.06013225231366,39.40014942330338,0.015622520446777343,0.7
484,0.09704681436397203,42.967185024166504,35.16975739695005,0.01516956090927124,0.6
485,0.30945502573319117,40.438518586695174,35.97795766365231,0.015271782875061035,0.75
486,0.5421684420293312,53.34340496863073,51.874271441118026,0.015802168846130372,0.9
487,0.3604082642801482,57.7451282275119,56.43582191967809,0.01510159969329834,0.8
488,0.43575827114619414,40.418694747586194,27.96454730226946,0.015674304962158204,0.8
489,0.40365208701747013,25.92050583811986,15.454733465657407,0.015332341194152832,0.75
490,0.45649971032152503,31.825190175938417,24.204207243199498,0.015160083770751953,0.8
491,0.31505683573234095,46.634608357100355,37.09420527818694,0.015458261966705323,0.75
492,-0.36018112638782707,71.6902867938752,55.72913250154043,0.015285074710845947,0.4
493,0.22931543243982944,51.842682120934874,31.912252796354128,0.015776920318603515,0.7
494,0.26600469462987075,46.34171865842298,24.109542407382428,0.015547049045562745,0.7
495,0.469566144560816,34.92948838484676,21.327925453337283,0.015455853939056397,0.8
496,0.42493645247904127,25.569243608118157,15.207022886400413,0.015421319007873534,0.75
497,0.2956221449437053,51.808401563325084,37.89225544396154,0.01589977741241455,0.75
498,0.24826618920704266,44.127350626129626,21.13083530437989,0.016302037239074706,0.7
499,0.2753241979159598,61.22707846288015,44.13559842440172,0.015599191188812256,0.75
500,0.04731375820855499,54.688746902307834,23.776383762846745,0.015448987483978271,0.6
501,0.02185232588403204,49.16067029791502,29.750840464076788,0.015392696857452393,0.6
502,0.055112235210844664,49.87165894032384,31.955202533936056,0.015464103221893311,0.6
503,0.25745043635024845,60.454058656642154,49.43816321712664,0.015415191650390625,0.75
504,0.44448424532591096,34.91588533206458,21.65466806988278,0.015501296520233155,0.8
505,0.510397351133102,40.83076718821728,34.821909544760345,0.01683831214904785,0.85
506,0.09694400318312461,56.90470062134578,34.36633325724518,0.015907227993011475,0.65
507,0.38004427948841685,27.522254001438846,18.070771319264118,0.015547263622283935,0.75
508,0.32661331934744187,44.22266514555692,33.949626338795674,0.015892434120178222,0.75
509,-0.05527619191697834,77.19441443205675,66.81966635696773,0.015666186809539795,0.6
510,-0.2001637794215591,71.73064492247468,37.72701031202029,0.017479681968688966,0.5
511,-0.25725412319360197,63.23061930964578,34.97532297349645,0.015256893634796143,0.45
512,0.35962474925528676,54.804846993843434,46.5615538425204,0.01579385995864868,0.8
513,0.2897351555564274,40.88400054781555,30.813579658297297,0.016000580787658692,0.7
514,0.32457932529633554,45.74120478091836,29.940715087475887,0.015523111820220948,0.75
515,0.3148885849810998,49.2288410437746,35.52023985941767,0.015601062774658203,0.75
516,0.5331594485978874,36.61355785013821,34.56971612296079,0.01568150520324707,0.85
517,0.12694993879462932,51.21814866322973,47.64773792847263,0.016174399852752687,0.65
518,0.2692298434818303,36.87292251538977,32.007298331252585,0.01598597764968872,0.7
519,0.7280311473860684,31.52254751333112,32.54457310112399,0.016238224506378175,0.95
520,0.25909774716628486,48.28459649503759,33.33516907846581,0.015606462955474854,0.7
521,0.5635035551363125,32.827832305173004,18.496251002173935,0.015212011337280274,0.85
522,0.6992993599694428,27.43269954698086,22.959925528512624,0.016183876991271974,0.95
523,0.37031893415576417,29.97474285561544,27.53155794409394,0.016631901264190674,0.75
524,0.5587121658128625,36.75283018140004,23.101327341024064,0.015590322017669678,0.85
525,0.45535315507660884,30.767331770831806,22.01021360910475,0.015372645854949952,0.8
526,0.4915757501903773,27.22838864114065,29.475343927561745,0.015209674835205078,0.8
527,0.3533621456438156,32.0938593742584,31.088998747757312,0.015230536460876465,0.75
528,0.7278398124437756,32.77805139918057,33.56160176451322,0.015276384353637696,0.95
529,0.483084872917863,34.16219651837099,26.293309345682754,0.015275287628173827,0.8
530,0.6305959748711079,27.663756667794036,29.089187169192957,0.015347552299499512,0.9
531,0.3912281430376633,53.26412147484338,37.14449488112875,0.01582381725311279,0.8
532,0.26946001343432907,36.76210890632128,23.59730721789382,0.015794920921325683,0.7
533,0.12979901181569437,56.854762185402556,32.82447966012136,0.015789854526519775,0.65
534,0.3422498254823775,45.82225484370791,35.2855782945096,0.015507733821868897,0.75
535,0.5382582380931259,35.422423603527136,27.92775159360806,0.01628587245941162,0.85
536,0.6215714354659801,32.59601141337404,34.26501711536676,0.016216719150543214,0.9
537,0.07592743291696276,62.87241259295399,48.79291030660279,0.01594299077987671,0.65
538,0.4138329686874379,43.67434448329938,38.23405174709556,0.016058921813964844,0.8
539,0.2563676277228497,46.99359120211442,32.62175616469831,0.016177618503570558,0.7
540,0.45775047896078797,38.78854125393184,32.32338493095482,0.017058813571929933,0.8
541,0.6563087319628734,20.865231671078384,20.661792126040012,0.01740022897720337,0.9
542,0.1883742988289791,45.85051200957622,31.382757147653745,0.016014373302459715,0.65
543,0.3999793832896487,51.05395900942245,35.81369861874808,0.016035377979278564,0.8
544,0.4349197644292223,36.76869173183116,29.086979313215778,0.015702080726623536,0.8
545,0.1195619417473655,46.328240600241884,23.18643337814334,0.015542840957641602,0.65
546,0.334571773084018,47.07311772387026,30.886245188204406,0.016129696369171144,0.75
547,0.24562616667513776,51.09124811823761,37.84719559783133,0.015902888774871827,0.7
548,0.2528576909917139,61.48101083509748,49.990272552374535,0.015545952320098876,0.75
549,0.0567901763451041,71.2860615465117,55.655127345008836,0.018000268936157228,0.65
550,0.6698827402727894,34.48068549297128,35.163514389977735,0.01578179597854614,0.95
551,0.5281422007549418,29.04751536334147,25.62365687613563,0.015579319000244141,0.85
552,0.5612874896057939,42.037476955597086,39.52119566506412,0.01572030782699585,0.9
553,0.347421564768596,44.37791671069671,33.79294827448829,0.015693283081054686,0.75
554,0.5014676865720681,43.865615085555845,37.19247707674531,0.016092908382415772,0.85
555,0.3839305297054341,34.902450430358215,22.256733378182624,0.015241599082946778,0.75
556,0.41764204124512894,32.02664740326948,30.587157939094265,0.015613687038421632,0.8
557,0.0800609020998843,41.16475262123062,17.27581447154766,0.015349555015563964,0.6
558,0.21950812419773733,49.53699345636512,29.80571585936044,0.015486443042755127,0.7
559,0.02341337114112308,37.16166215240972,18.17006724815756,0.01516050100326538,0.55
560,0.32644711171659724,41.80530897113687,37.02432726649314,0.016129660606384277,0.75
561,0.1642414463406599,39.017503193489006,14.064946401697679,0.016084945201873778,0.65
562,0.26628642924687457,37.70698030561566,32.88183674707782,0.015931355953216552,0.7
563,0.12339696709275645,56.94996556757319,41.25894213116983,0.016148698329925538,0.65
564,0.11692408555952763,40.44844097445902,31.023064399155867,0.015709638595581055,0.65
565,0.06889354994506239,46.796369037600805,34.858416799285905,0.015592730045318604,0.6
566,0.21290756895916188,46.68914531558208,31.91294604144432,0.015532279014587402,0.7
567,0.34294719128418905,41.00496351016149,23.614154044195327,0.01604045629501343,0.75
568,0.2821650203662437,39.50327501643483,27.76995106807033,0.01572002172470093,0.7
569,0.49852924425410333,42.79252236203879,41.4833964441964,0.016269266605377197,0.85
570,0.6420570195065912,31.377809692084487,27.51361726356009,0.015642070770263673,0.9
571,0.22755746086489986,56.53283130580208,39.00727801227995,0.01567624807357788,0.7
572,0.12402830261053985,32.98045664170242,17.589834381581895,0.016400766372680665,0.6
573,0.08576950128072473,47.01308672865948,17.63885328050869,0.01582900285720825,0.6
574,0.38897448383363187,51.50958004933261,41.4046763514586,0.01585812568664551,0.8
575,0.44731363177779093,36.19319099135163,28.4105338725158,0.015480470657348634,0.8
576,0.2585385191909683,40.32255446701905,30.184457944753802,0.01555323600769043,0.7
577,0.4493275665641681,29.516743657180605,20.636301353146987,0.015889310836791994,0.8
578,0.09834943696955066,55.663986323765855,38.28379749361846,0.016021132469177246,0.65
579,0.2039911836744134,71.33279501538345,63.87554075258443,0.016084730625152588,0.75
580,0.3224335602194802,46.75668366638879,37.82316581228467,0.016075873374938966,0.75
581,0.4890085973348527,40.2327858752099,33.350630471830904,0.01577920913696289,0.85
582,0.26191422546273174,36.306671830236084,23.801752128186678,0.015322732925415038,0.7
583,0.26009055641363077,35.303080963534605,21.852059086425673,0.01604330539703369,0.7
584,-0.008146916604341681,44.78526564751981,32.18172485223785,0.016446471214294434,0.55
585,0.4195297244939667,21.756656721287346,16.395649781278973,0.015763688087463378,0.75
586,0.28365452672069813,38.20206130510509,32.982088496407734,0.01650538444519043,0.7
587,0.05450506665991767,45.34482348531811,40.347755603400145,0.016404592990875246,0.6
588,0.4323916826486357,61.02232891674953,51.3185088554487,0.015903103351593017,0.85
589,0.2978998958134213,52.83265892238088,45.445746362287345,0.016140639781951904,0.75
590,0.5131689531888757,42.03230224672866,29.017884506018646,0.015844178199768067,0.85
591,0.3359349629802354,45.91694550926225,37.281255811945876,0.01570786237716675,0.75
592,0.24885842655834028,66.0719445712532,63.68252994461812,0.0163938045501709,0.75
593,0.5251914759198519,40.93936420795087,28.495554823585486,0.016247081756591796,0.85
594,0.1464341746127424,51.4964280366827,39.34218603434674,0.015711069107055664,0.65
595,0.21141350727939018,53.48075043418787,34.59450569123461,0.016112899780273436,0.7
596,0.3448521873101285,41.60923142223614,17.192594242810944,0.01622580289840698,0.75
597,0.008036421028144919,61.306175915379335,26.556999691244325,0.016330790519714356,0.6
598,0.07582242834990578,56.884002550343745,34.46031334656983,0.0162756085395813,0.65
599,0.2635037595362946,38.21808089440846,26.636681703295267,0.01573042869567871,0.7
600,-0.19856996501734916,51.43794267330203,39.683006477898125,0.0158642053604126,0.45
601,0.33790865296236566,45.21545583171918,35.390836121476475,0.015774595737457275,0.75
602,-0.38667006513929414,60.29239160515802,15.199423753528077,0.015895581245422362,0.35
603,0.4968852561162144,26.94002782453284,23.136664244415243,0.01588045358657837,0.8
604,0.2942457823256051,48.00419720676676,38.333116001555396,0.01603614091873169,0.75
605,0.349761703433385,39.70233340316661,27.134453257492446,0.016123294830322266,0.75
606,0.28951292262257244,51.894815087744504,36.74664773999652,0.016265904903411864,0.75
607,0.42210563014935343,41.509815829831275,35.59342344105764,0.015532267093658448,0.8
608,0.16160571796248707,51.5248463697831,31.97916331741337,0.015824508666992188,0.65
609,0.22800760637105685,49.50007183877553,42.84903623365557,0.016566288471221925,0.7
610,0.27646283870815513,34.22588761049384,20.90167861990133,0.016103804111480713,0.7
611,0.05856180080140799,45.946308370297395,32.26745438732508,0.016260135173797607,0.6
612,-0.045099545853919114,59.93944628160646,32.524985840280436,0.015890634059906004,0.55
613,0.4194753940098209,46.37163495926255,34.83728626361794,0.01590721607208252,0.8
614,0.36524350500273056,50.45575824003295,45.50379729510314,0.015541291236877442,0.8
615,0.25288764897282534,43.01815002424272,25.837390815040727,0.015632247924804686,0.7
616,0.03007184903656347,50.998807347447425,32.704266603425886,0.01577497720718384,0.6
617,0.5079702725318167,40.51411949589803,28.358031615682957,0.01580101251602173,0.85
618,0.38233768988232697,41.40927116340033,29.280107718928747,0.015475893020629882,0.8
619,0.2882439886636899,33.38198098989164,34.194965726435136,0.01555337905883789,0.7
620,0.7152520514026305,32.44519606984553,33.351497704774474,0.015897083282470702,0.95
621,0.44674773513850685,58.45408162900234,48.62385556341951,0.01566812992095947,0.85
622,0.2516676510616951,36.49823949935593,23.757267215910424,0.01584339141845703,0.7
623,0.35907475407488076,32.201432320274236,23.248864406162607,0.015351665019989014,0.75
624,0.3046967628000453,50.87949797685229,42.20263431420086,0.01539841890335083,0.75
625,0.12749149399070625,52.43661648057203,49.278291319265335,0.015277671813964843,0.65
626,0.4663966754412573,31.403421232180374,29.744605317081593,0.015479958057403565,0.8
627,0.5221959848660109,38.501725880940256,36.39251125290135,0.016220760345458985,0.85
628,0.444402077694009,42.66415221923417,31.97701416301634,0.015238749980926513,0.8
629,0.05838937481090124,49.7226152363153,32.493044527029696,0.015269064903259277,0.6
630,0.3986163062889101,47.05864325749493,42.69512028646463,0.015530896186828614,0.8
631,0.42704227357637814,42.80761156528391,24.657689952005953,0.014904594421386719,0.8
632,-0.0608791404976408,36.76721803143529,19.061561633453223,0.017641055583953857,0.5
633,-0.03026709028976209,51.71266252228986,18.47159875872194,0.015711188316345215,0.55
634,0.4412641248512953,34.52280006904983,20.882423412997937,0.015876996517181396,0.8
635,0.5465455329499257,43.43112866714506,30.96960346834453,0.01539238691329956,0.85
636,0.4968671079322153,41.38788617149309,34.253040252148764,0.015151464939117431,0.85
637,0.3566900516122673,63.30450007413962,50.63512537950561,0.01533677577972412,0.8
638,0.6613055920983273,29.016642649576983,24.779089081752716,0.015261316299438476,0.9
639,0.13558562308292463,56.78753126623187,33.699799382579315,0.015348780155181884,0.65
640,0.4042446809145145,47.79527256457586,37.69320714605033,0.015966176986694336,0.8
641,0.43151125180773703,42.245392364883784,36.65559153822323,0.01568220853805542,0.8
642,0.4750147110052147,47.13509791831397,35.16104498390016,0.01586991548538208,0.85
643,0.2246175957039907,51.92031495693682,31.03494953675073,0.01549372673034668,0.7
644,0.1494158073100949,53.445984017831144,27.79974597520273,0.01598149538040161,0.65
645,0.3581207287734748,37.076801721686095,24.148607629513037,0.015845894813537598,0.75
646,0.3000911901608568,38.99273719756527,19.888744315348465,0.01593371629714966,0.7
647,0.3204883605954141,48.00860141798488,38.2830921909959,0.015873968601226807,0.75
648,0.4406230051791663,40.68726062764976,34.33289266561741,0.01602449417114258,0.8
649,-0.20626548328251623,52.23354191210886,28.639694553265272,0.016065430641174317,0.45
650,0.4593176067093717,30.875188424030483,34.464588213990844,0.01564030647277832,0.8
651,0.2842389494002714,36.76709292949948,30.614205517935773,0.015377664566040039,0.7
652,0.4920866354883128,20.632597112084255,15.41719992765162,0.014887857437133788,0.8
653,0.41749622746159254,60.99666971715362,57.44036769180844,0.015497303009033203,0.85
654,0.4057351292396939,46.80355323722155,29.686063001144866,0.015939462184906005,0.8
655,0.5386650112292267,31.524040674752513,28.706428736206757,0.015495288372039794,0.85
656,-0.014181259963414183,51.16969776232593,34.3591050044601,0.015372109413146973,0.55
657,0.17250161707493442,47.2766529718872,32.52193974486143,0.015774834156036376,0.65
658,0.2804700698254298,31.779617840756252,23.05709412465436,0.016217589378356934,0.7
659,-0.043287143641403736,46.71084999733232,16.91812455650651,0.01590569019317627,0.55
660,0.1257535331474171,51.272492087868386,31.942520745405165,0.01575613021850586,0.65
661,0.39471621365440235,51.86166068895646,36.139806731298926,0.015818095207214354,0.8
662,0.2487456884043823,41.3808444844831,31.19025298688049,0.015897083282470702,0.7
663,-0.040170126460413694,50.20233608477359,23.6301754139787,0.015520179271697998,0.55
664,0.2224757468318912,50.0785871949886,43.79576708443936,0.016150844097137452,0.7
665,0.554573849372692,32.62527194167497,30.100087163521444,0.01578930616378784,0.85
666,0.4820434864414799,52.25511688986724,40.95913814934407,0.015632975101470947,0.85
667,0.025369526983811407,59.47282889343213,30.63026320100694,0.01592116355895996,0.6
668,0.563163180242684,44.735059159369634,43.114357618252754,0.015693676471710206,0.9
669,0.27924510133946173,59.50295132620937,47.41928615178062,0.016129815578460695,0.75
670,0.16734778318899515,42.0602171294055,32.598051924998096,0.015567851066589356,0.65
671,0.389828211018603,46.37174044973999,41.738127701858446,0.015851616859436035,0.8
672,0.515867426409266,43.50407255871535,42.39302654114644,0.015751969814300538,0.85
673,0.35269823276174994,38.00541364100365,31.815209983330064,0.016289675235748292,0.75
674,0.40400440657808934,54.397463154603656,39.77328447505196,0.015872156620025633,0.8
675,-0.2986024630123203,51.83996352412807,29.77331671524958,0.014992630481719971,0.4
676,0.294468518193726,32.35334093881801,23.96204370345523,0.015627992153167725,0.7
677,0.15024232477866975,46.28707419690134,16.870315811587794,0.015619933605194092,0.65
678,0.052851254986719554,51.770893286910606,35.61377982831994,0.015296351909637452,0.6
679,0.18191303811910756,36.44760384849827,23.485644536863983,0.015673506259918212,0.65
680,0.4126610805661781,47.03486080020267,42.17482915021907,0.015535080432891845,0.8
681,0.22956102495252714,47.28354735755061,31.49020727455325,0.015478217601776123,0.7
682,0.3935055633923951,47.930317159757536,36.02311876455199,0.015425801277160645,0.8
683,0.5149874131986324,45.33375051698839,33.64555517779085,0.015852153301239014,0.85
684,0.17314528717011904,46.93623337003232,25.74150135851824,0.015746700763702392,0.65
685,-0.2762236152550893,76.32442418730656,72.77300294513677,0.015516221523284912,0.45
686,0.44218855197495366,41.54754222161644,29.812338521942273,0.015243816375732421,0.8
687,0.08793368526040087,45.34496240100396,22.99184286834549,0.015146327018737794,0.6
688,0.20993604484206144,34.15574560582984,21.489275886595212,0.015076541900634765,0.65
689,0.11451323784246689,38.49666141762603,29.973368334583494,0.015544712543487549,0.6
690,0.4585968779995701,30.607427493722803,15.849659416668835,0.015608417987823486,0.8
691,0.35351337489139895,46.02549536201432,29.69414037031412,0.014986801147460937,0.75
692,0.46681798999546675,51.634710545264795,45.89776037290247,0.015619111061096192,0.85
693,0.038028883226802306,57.60877367173468,34.3322693299227,0.015293693542480469,0.6
694,0.420239671915727,42.90589895192987,36.83564323471906,0.015578174591064453,0.8
695,0.4761037079972315,51.56315618991749,39.951258948638,0.015346920490264893,0.85
696,0.3135194643389009,48.1046338430165,39.1180356850515,0.015540623664855957,0.75
697,0.513162895256204,33.180208715640006,25.024178477731567,0.01555306911468506,0.85
698,-0.010009152392709353,74.09984026271114,52.42174930585255,0.015617156028747558,0.6
699,0.2567308201044928,44.14036406525908,42.03750086714519,0.015187275409698487,0.7
700,0.28425992007812484,57.40741142045577,44.44575660434321,0.015184915065765381,0.75
701,0.4192938625042735,48.22866728900129,42.78222908370656,0.01526421308517456,0.8
702,0.3134247679811485,32.830954403524636,17.772560604616576,0.015323472023010255,0.7
703,0.007295403129531896,62.40322009439099,44.58919127832643,0.015306663513183594,0.6
704,0.41383421909067336,40.107828907055016,27.55682874754222,0.01565171480178833,0.8
705,0.2612074526685805,60.13368620827252,42.18009894793854,0.015400898456573487,0.75
706,0.3706217480561951,56.124813567117926,47.60998154459895,0.015386998653411865,0.8
707,0.03219486468681752,55.25730370267191,41.66354403602542,0.015609896183013916,0.6
708,0.5393490625765521,38.9234618438625,31.718047559086123,0.015620291233062744,0.85
709,0.17885941869173394,54.923460346761146,44.150828600179516,0.015937960147857665,0.7
710,0.1472795039587252,45.131951131791325,23.432705972860028,0.01553330421447754,0.65
711,0.28267924033413466,28.06248883288393,25.26839740712526,0.015896320343017578,0.7
712,0.4504582368842633,30.140331037898004,26.825670546770745,0.015562403202056884,0.8
713,0.34789312213416035,37.59102649461879,31.10071850687456,0.015887963771820068,0.75
714,-0.10731303821506555,51.79189475070285,29.174203062809603,0.015987908840179442,0.5
715,0.6502123496166425,32.679977697989116,28.659756203980482,0.015934956073760987,0.9
716,0.37742976006405776,38.34370000544577,33.05155888622106,0.015955495834350585,0.75
717,0.14192779177932083,49.72744761240425,45.3623792353977,0.01571223735809326,0.65
718,0.5489327427534393,26.03678642001703,22.203444552653547,0.015473246574401855,0.85
719,0.32523061119878904,39.98417385986304,35.07450380250268,0.015889763832092285,0.75
720,0.40237080656163277,51.139762376046825,35.42797065069277,0.015060961246490479,0.8
721,0.373675525867953,31.96574412252471,17.66166699775437,0.015836524963378906,0.75
722,0.4621262851045628,31.599123715792892,29.616088829250227,0.0157684326171875,0.8
723,0.4489908609099064,31.822692261091344,30.02428040459084,0.015477776527404785,0.8
724,0.29660675426200733,45.91154994216468,36.53412145360813,0.015291643142700196,0.75
725,0.31757538693144316,41.98932946080863,38.08575753536614,0.016056144237518312,0.75
726,0.29469440552333953,33.25498511433472,25.535919479407408,0.01586028337478638,0.7
727,0.35384645112638285,37.06720364004324,23.674658324524497,0.01606605052947998,0.75
728,0.38702017041756315,52.15642652869742,36.6536197698498,0.015999507904052735,0.8
729,0.081144188440438,67.55385549336225,49.38069574417412,0.015480029582977294,0.65
730,0.10776128832647824,57.848866744400155,34.79864240474624,0.015866172313690186,0.65
731,0.3874702716565643,52.304805017531464,42.79257796256157,0.01561582088470459,0.8
732,0.009224869269642787,77.02633766788497,70.95636435097877,0.016310477256774904,0.65
733,0.3149538631784431,50.604732518281736,42.83946159597259,0.01657642126083374,0.75
734,0.44842228090000713,36.859805719827946,29.244950248591948,0.015978586673736573,0.8
735,0.22571124346175658,45.85523834454644,44.85013419272182,0.016170203685760498,0.7
736,0.7144968452474041,33.07406634994377,33.753747205813035,0.01690850257873535,0.95
737,0.46337381464421024,36.65802957942956,23.809577014867067,0.015640246868133544,0.8
738,0.10690736821414366,65.98033429355502,40.466714821671836,0.015730726718902587,0.65
739,0.1601855804111082,23.133951477673445,17.759458609470897,0.01564549207687378,0.6
740,0.1729931652736433,39.49134753094715,29.19295210988778,0.015682637691497803,0.65
741,-0.034168113895950654,48.72356745268818,28.697639539474014,0.016011416912078857,0.55
742,0.17016029119471487,63.077957577116614,53.264165664864485,0.01628873348236084,0.7
743,0.2731633828894592,59.16846835539118,48.025114356937635,0.01599060297012329,0.75
744,0.17092406106842645,57.86987247896485,47.610868142191926,0.015546703338623047,0.7
745,0.5245975233859853,39.525443814797306,25.276461762855273,0.0162508487701416,0.85
746,0.33183185335184845,61.37504972554673,53.88274896275562,0.015453124046325683,0.8
747,0.2905565105669962,54.5458248039814,41.40062285133869,0.015348196029663086,0.75
748,0.31307002464268224,50.497979050917635,35.626153037535644,0.01645350456237793,0.75
749,0.6980328226281518,29.90482682082582,30.525786706098295,0.0155975341796875,0.95
750,0.5146520519391251,41.535541870138886,40.905674439998705,0.015333044528961181,0.85
751,0.18879888256857283,60.591352477988984,38.16213580414752,0.0156438946723938,0.7
752,0.28475405463436093,52.12105148261189,37.74660677119451,0.0158453106880188,0.75
753,0.16268122151839193,50.652911323086116,31.611691039052342,0.016184818744659425,0.65
754,0.22996286349512962,45.62078475981502,38.39658264567999,0.01536400318145752,0.7
755,0.5127657425996022,31.151673875992117,22.13324751229571,0.015763068199157716,0.85
756,0.20506948068627323,56.20801005784015,38.1540005461599,0.01606372594833374,0.7
757,0.06501218418197127,51.159461362518904,50.55869571293055,0.015369975566864013,0.6
758,0.2226837972631209,50.47644450429324,30.444443690162412,0.015825748443603516,0.7
759,0.4152478629637673,41.199448077133425,35.35469076279145,0.015982496738433837,0.8
760,0.34684030621951073,36.51751170625593,17.27791932382131,0.015368890762329102,0.75
761,0.6165849642321642,35.878210506376284,27.397594779249182,0.015369284152984618,0.9
762,0.2272364060238127,44.45031689297964,34.82164412989736,0.015661454200744628,0.7
763,0.10031344647473797,61.98868935686643,41.572095553573604,0.015110456943511963,0.65
764,0.24809857699579344,47.20730112554544,38.75699939454932,0.015175199508666993,0.7
765,0.3359009903025105,38.00985713731624,25.694492796731154,0.015116560459136962,0.75
766,0.45128691165487317,54.78605741947156,44.687891761382204,0.015277361869812012,0.85
767,0.33403724863498085,40.71056964035224,35.59459536770876,0.015229547023773193,0.75
768,0.21008100291628612,50.81846976462563,50.09770076998534,0.016102612018585205,0.7
769,0.08582681263654146,41.78088343274483,41.53403067973831,0.015410590171813964,0.6
770,0.07022275591108787,47.206610118839016,26.132991865013874,0.015179073810577393,0.6
771,0.35844216479689806,18.750556303250526,15.942401497760885,0.01541275978088379,0.75
772,0.49518738568816356,24.245554224813297,24.263703704253714,0.015833628177642823,0.8
773,0.35363058108563405,40.548021961750315,27.76563017491939,0.015532326698303223,0.75
774,0.23445282327309663,38.69138889499552,26.249653663290214,0.014940226078033447,0.7
775,0.310690784963022,46.00627834351434,36.203616983839694,0.015045619010925293,0.75
776,0.29406200917902825,50.82216171370919,29.810414121222312,0.014847803115844726,0.75
777,-0.13313785532865538,61.09642795161507,37.8697199391503,0.01573467254638672,0.5
778,0.1461990625761803,47.934200690718384,34.06963116590865,0.015121746063232421,0.65
779,0.531031395577564,37.59212492652524,29.626888840403858,0.015277230739593506,0.85
780,0.32053904009779194,46.805527248387655,42.83921007889948,0.015587997436523438,0.75
781,0.24671544248273092,46.681907003120045,32.53757081695093,0.014977455139160156,0.7
782,0.319849967757625,44.35177638658863,27.946287157388372,0.01498335599899292,0.75
783,0.10461248008497874,38.50210286322165,21.5000707878591,0.015780818462371827,0.6
784,0.45906171707637283,55.103136880124325,45.195270343924946,0.015968096256256104,0.85
785,0.3390903289060935,32.858577469095415,24.362431462722537,0.015589797496795654,0.75
786,0.18082292844327866,36.52883219207114,23.156681819721616,0.015259099006652833,0.65
787,0.3224302128706983,49.13100249881919,39.50538569212726,0.01543189287185669,0.75
788,0.4890081454825248,44.120239760566946,42.98710962111723,0.015198564529418946,0.85
789,0.33963587056365363,34.14476958107364,33.596201533844905,0.015601956844329834,0.75
790,0.48568481435154387,43.627878002829775,42.28851720133272,0.01572777032852173,0.85
791,0.14193209664203804,51.63931512466185,33.344846666225735,0.015491509437561035,0.65
792,0.36747557683563536,43.522268016816874,43.908126206843605,0.015430259704589843,0.8
793,0.02219773726408273,51.22819285396339,40.84881187266628,0.01584188938140869,0.6
794,0.24285167156980908,50.685164880579485,44.14148830340017,0.015796351432800292,0.7
795,0.5362528809956835,34.28929779769622,25.441596027676983,0.015998589992523193,0.85
796,0.557511126814342,41.913522382049806,39.67616821384317,0.015823781490325928,0.9
797,0.6948301141007656,31.451459323832847,26.855285804634097,0.016138744354248048,0.95
798,0.2451422807806022,40.346751834527225,23.830021958760845,0.016267693042755126,0.7
799,0.10354235630574457,39.340648396169165,13.40684799837002,0.015485334396362304,0.6
800,0.34802382342461163,35.74446249213328,28.710685943857857,0.015785527229309083,0.75
801,0.557651745483866,32.108008591193084,28.94192482922014,0.01589587926864624,0.85
802,0.5921603243553759,37.64116785876843,34.05522947914328,0.016065526008605956,0.9
803,0.43878349577517656,37.89783853263306,24.4533541024511,0.015989160537719725,0.8
804,0.24483074484437548,47.29692346757362,39.598957772139535,0.015583181381225586,0.7
805,0.4053089233955302,42.41045188670704,29.803682365337114,0.016317152976989747,0.8
806,0.6770646742382759,34.319252650019216,35.53199484524499,0.016374099254608154,0.95
807,0.358152390137083,34.38570977640002,21.708008437386198,0.015877389907836915,0.75
808,0.5014202438904196,39.582378036334035,32.38793273324783,0.01572463512420654,0.85
809,0.36315343704633435,55.46572152276407,53.02146850372506,0.01563771963119507,0.8
810,0.40948717907237964,49.766575705221065,33.305550010925735,0.015723991394042968,0.8
811,0.2276398982369209,45.46455093000233,37.0545485040392,0.01630079746246338,0.7
812,0.30430613188237265,50.07389642172372,42.57116552037339,0.016583192348480224,0.75
813,0.5298384131548146,37.49183706095573,29.849568049457382,0.016733610630035402,0.85
814,0.4581428234190589,23.487796523648875,18.370356412589267,0.016567373275756837,0.8
815,0.11326878323862692,55.87521702497298,45.83289529012648,0.016588985919952393,0.65
816,0.09054370354093187,46.839321038396754,36.02571083217399,0.01660696268081665,0.6
817,-0.2622233869350682,71.88563610537503,64.0199740381778,0.016729581356048583,0.45
818,0.3536616966719207,57.090132618018075,49.31687393577208,0.017050492763519286,0.8
819,0.45011451091733645,31.972268669404322,23.955645001114082,0.016416823863983153,0.8
820,0.397042824092869,66.63719192983581,58.52266902415107,0.016374683380126952,0.85
821,0.2747970000638488,61.823169964580856,44.15855520192212,0.016165757179260255,0.75
822,0.1810595395406987,55.28003122302598,30.56127150021758,0.016195106506347656,0.7
823,-0.05417938599446128,57.255933767310054,19.97026086674941,0.01678968667984009,0.55
824,0.421603663081452,41.40053025468534,35.60518064972443,0.016426563262939453,0.8
825,0.250408148880802,43.72668465661083,47.69952032839181,0.016443192958831787,0.7
826,0.5272725896958306,37.58804893391879,23.766920552992662,0.016997790336608885,0.85
827,0.47271362045048104,35.6424982893555,32.944461078152074,0.015970444679260253,0.8
828,0.1740065103108387,41.22555232130301,23.134570335298918,0.016185593605041505,0.65
829,0.21630433314440128,52.2461265689151,45.91937304669123,0.016202926635742188,0.7
830,0.41243529598084294,42.80388897817921,31.00198009021535,0.0156571626663208,0.8
831,0.4157138867907162,27.890349479209334,24.43093351458058,0.01551429033279419,0.75
832,0.4068933920840972,38.64937449225992,30.906621170570702,0.01592869758605957,0.8
833,0.38528253041833743,52.55753848468171,48.94722500483666,0.015730452537536622,0.8
834,0.4040205257432873,29.236751048342477,26.81770363456146,0.015927374362945557,0.75
835,-0.03649945326439599,57.793107606042476,45.59666043229082,0.015753495693206786,0.55
836,0.23225528884141985,47.323193339433075,39.33577457294727,0.016527652740478516,0.7
837,0.3024829329385724,32.245259032226734,23.797449970705713,0.015899837017059326,0.7
838,0.37721535615375423,36.10046671975263,22.65375528118738,0.016275250911712648,0.75
839,0.2681803401706482,41.22814074427985,23.416154679999746,0.015446674823760987,0.7
840,0.3565292036989437,38.43351191235128,32.3639663444,0.015900850296020508,0.75
841,0.11788031968854498,52.17985930763884,33.46910284891027,0.015742075443267823,0.65
842,0.22684585518751174,46.740220900604626,30.251932074121665,0.01537233591079712,0.7
843,0.09219299787167383,40.66674813864579,32.620722426038114,0.01545804738998413,0.6
844,0.3321016855770025,45.53428741100346,42.45134344347443,0.015463590621948242,0.75
845,0.3268047868059724,42.927814544711524,37.71540313504165,0.015904045104980467,0.75
846,0.5320503894465054,32.91325265863985,34.633389270099975,0.01567049026489258,0.85
847,0.31549647945574444,51.89791725030723,37.3982506777424,0.015712380409240723,0.75
848,0.46528485167687705,36.46171374154159,29.139094743773086,0.015452051162719726,0.8
849,0.0668130854453394,44.60693232316539,14.620388324059823,0.015183532238006591,0.6
850,0.32438588377089744,46.48188882760839,36.50125532064832,0.015613698959350586,0.75
851,0.5579192910209049,30.113078966531305,21.27065463126913,0.015827345848083495,0.85
852,0.506982184253847,21.645615798336095,22.244600399932516,0.015784847736358642,0.8
853,0.5723601253937594,39.93470394554717,31.43838088653867,0.015557813644409179,0.9
854,0.3190889187546303,39.80804598911792,14.994463888635625,0.015850317478179932,0.75
855,0.34947058609893167,41.401020211427166,23.69367401771086,0.016185426712036134,0.75
856,0.057728974618601644,56.31821956160785,25.923931297382428,0.016935479640960694,0.6
857,0.3362450627684514,47.96644170943469,32.43849436371178,0.015849626064300536,0.75
858,0.46877597302270557,37.73077310584276,25.149947315330223,0.016483831405639648,0.8
859,0.4263678743410696,38.255889721040795,29.817697448449398,0.016412687301635743,0.8
860,0.46563987281171026,52.910123090000084,41.74318781044434,0.01647219657897949,0.85
861,0.45118015101184544,31.996392105520435,23.41681959437529,0.015469181537628173,0.8
862,0.7602533372731465,26.16979562371779,21.668285603812702,0.015888452529907227,0.95
863,0.3724189053257316,56.82853985305097,48.549808005280944,0.01599900722503662,0.8
864,0.3280033984206934,40.41305202179711,29.360768552911278,0.016405606269836427,0.75
865,0.4217788373686763,42.6734349663722,36.8685995435268,0.018903446197509766,0.8
866,0.38544847274284255,50.617662376782235,39.876979118085565,0.016192853450775146,0.8
867,0.4529619093190201,53.376963711431486,43.004322238542606,0.01567370891571045,0.85
868,0.5216559839648782,50.29674905822453,43.43410955687008,0.015990042686462404,0.9
869,0.5125073338423686,45.63799438849459,39.439156681112145,0.015752959251403808,0.85
870,0.17541898038468556,40.534958523097536,24.083167058115034,0.015837013721466064,0.65
871,0.427266420973489,42.4274637857731,30.20481293428117,0.015958726406097412,0.8
872,0.4625235496380469,33.12460552739005,31.171527613406376,0.01554032564163208,0.8
873,0.3107490844997358,45.617334231433986,36.16145635369195,0.015408766269683839,0.75
874,0.2695988609612554,37.054151671221916,18.125008299374574,0.016034412384033202,0.7
875,0.48994959906601687,45.13971855559617,38.76963857496461,0.016128671169281007,0.85
876,0.2719664746704304,36.304213625820054,30.236504265351364,0.01600329875946045,0.7
877,0.2687125380688734,35.80330214368427,22.645461986035762,0.015221905708312989,0.7
878,0.15190541859130097,45.55413893919726,38.402648913049504,0.015597772598266602,0.65
879,0.3605947644048441,35.33156932532,29.286948470908687,0.01576676368713379,0.75
880,-0.05396679880981422,49.481016973559754,40.97816455964902,0.01549745798110962,0.55
881,0.3237678993163112,41.39942595301063,29.181163675687955,0.015525829792022706,0.75
882,0.2797749176132226,56.36458729673198,43.35892451477862,0.015289819240570069,0.75
883,0.08726949471752392,61.08802140613326,47.590138521661444,0.015935397148132323,0.65
884,-0.29057010034851455,75.10488655766369,81.8945217560659,0.015360879898071288,0.45
885,0.27491630005858775,54.405822563817274,41.513648760285626,0.015885770320892334,0.75
886,0.5207124893631427,34.65111576316232,31.872140271620484,0.016688776016235352,0.85
887,0.6248559067255166,32.71970176153764,29.107994895354906,0.015589165687561034,0.9
888,0.2709529930112812,36.28959473379562,21.467986616421534,0.015622138977050781,0.7
889,0.43355585550346926,37.31571481096574,30.24721195458983,0.015620362758636475,0.8
890,0.4830961028963481,47.084981677360865,34.72929193255567,0.015977561473846436,0.85
891,0.5312729543515677,36.63583995681016,22.627487653363783,0.015490007400512696,0.85
892,0.2880539457644211,32.39894106953379,24.813938009818962,0.015666329860687257,0.7
893,0.4211291011442021,46.71469606559719,35.87447172887022,0.01585381031036377,0.8
894,0.13464446243582742,51.402044730126406,39.48704997288518,0.015958631038665773,0.65
895,0.16392981514182856,46.44427940698127,39.35834442729858,0.015545165538787842,0.65
896,0.4045175264684917,48.59754518490418,38.3390610103708,0.01589287519454956,0.8
897,0.6877095454405185,28.623675762745496,24.85902653172506,0.015305137634277344,0.9
898,0.012026373459361167,67.86619592516959,44.37557754073592,0.015140008926391602,0.6
899,0.4263702583170946,46.023192392205694,33.819823671037355,0.015282344818115235,0.8
900,-0.02319677224259481,45.4194075469607,25.565009889392886,0.015330612659454346,0.55
901,0.6401336245083418,32.50095997067411,23.854081819723007,0.015711236000061034,0.9
902,0.15160650107734716,49.35369834238641,37.540141277742336,0.016178226470947264,0.65
903,-0.0665795556345645,60.964324066254356,51.599723403138654,0.01577826738357544,0.55
904,0.24878464986728477,45.745452362144164,30.009523788702932,0.015658140182495117,0.7
905,0.6604254799041527,47.13910314862983,43.31399596019103,0.015963935852050783,0.95
906,0.19638987331503144,31.938809070940994,25.511852422650477,0.015891504287719727,0.65
907,0.5506556071466491,32.95456176695554,30.4702865891218,0.016415739059448244,0.85
908,0.06255414353768944,55.12194377560657,33.24568465666153,0.015836524963378906,0.6
909,0.6841933996887584,35.70158762125793,31.646995590751185,0.016114962100982667,0.95
910,0.1545240192700031,40.96262769631377,23.64755681419377,0.016303789615631104,0.65
911,0.34918290467312096,38.608649886748005,37.68355638722137,0.015839338302612305,0.75
912,0.22875915719459544,45.51743744718313,42.97398551772532,0.015621817111968994,0.7
913,0.5064800361564049,46.47646582726297,44.63187796800689,0.015958476066589355,0.85
914,0.39130722788042055,41.96546107888595,36.50441121613443,0.01549142599105835,0.8
915,0.42308143391559944,42.01718305184281,35.80334686128538,0.015600943565368652,0.8
916,0.4324368624502427,37.10736544350692,23.528868275960725,0.015187203884124756,0.8
917,0.2794090011341938,56.398518141126054,43.62670902620514,0.01648409366607666,0.75
918,0.3865800199412945,20.60109388855348,15.09327474818344,0.016762173175811766,0.75
919,0.35305784882292723,36.6090758656483,30.761872712693016,0.016514849662780762,0.75
920,-0.013744617328593467,70.74014698455467,49.90918258532907,0.0177631139755249,0.6
921,0.06853654670966905,69.96227626913338,54.20675464362853,0.016395413875579835,0.65
922,0.09010341088421983,46.483452269101036,26.390073376317517,0.015851938724517824,0.6
923,0.3417185118043562,34.47694120604398,20.737777410069093,0.01575281620025635,0.75
924,-0.04450528928374201,56.10922332328467,34.05994102832552,0.015752744674682618,0.55
925,0.3181079573446925,31.540156157697236,24.730792833696942,0.016065335273742674,0.7
926,0.0820216647399489,42.288887181727425,41.72844226539258,0.015841639041900633,0.6
927,0.4000205885254777,50.91775946906567,41.38181659136576,0.015826117992401124,0.8
928,0.37685634413165725,33.88451262770495,25.624872632507397,0.015957486629486085,0.75
929,0.502930685221208,32.720030381181616,29.486505042214798,0.016164731979370118,0.85
930,0.38082951161226397,27.062055204064524,17.692237975742646,0.016694295406341552,0.75
931,0.10606216382670235,56.95908245219226,34.25746596957804,0.015605711936950683,0.65
932,0.16904103188525027,38.737636102559634,35.21757169797929,0.0156316876411438,0.65
933,0.4574176115632058,32.11486836135021,29.18610141585703,0.01583845615386963,0.8
934,0.45975438775516625,35.198784061461836,21.72228625968386,0.01581418514251709,0.8
935,0.05653578568347449,49.064458809353425,38.869756430433775,0.015638983249664305,0.6
936,0.45711720976233366,36.74008983170124,29.1801225507268,0.015856730937957763,0.8
937,0.39825509470714954,52.491269434953,42.93706733083814,0.015917325019836427,0.8
938,0.24915126755512423,65.17544824401392,49.04865368407492,0.015835380554199217,0.75
939,0.429948213003245,41.45501216210867,35.18286873565385,0.015251481533050537,0.8
940,0.3238484038991195,47.27462270992192,36.612120908734305,0.015358412265777588,0.75
941,0.2614656862038756,60.327042118484904,49.3402913622524,0.01582038402557373,0.75
942,0.2865291030513264,60.450652312654185,49.135261086379835,0.016084277629852296,0.75
943,0.5273622883857183,31.54954104903079,22.460487593016182,0.015768814086914062,0.85
944,0.30571919107574097,48.005771801217975,44.903329945660055,0.015488409996032714,0.75
945,0.4423215232340307,38.32373946224165,37.48241300680023,0.01601834297180176,0.8
946,0.43303312456967114,40.83807409606405,22.090239121414214,0.015810608863830566,0.8
947,0.39222550574276066,34.275527178903104,27.31519511572526,0.015510463714599609,0.75
948,0.25530193341078583,41.15733744511941,22.509605802957882,0.01579468250274658,0.7
949,0.1644792542775014,41.975942481171316,25.616676552095555,0.015565586090087891,0.65
950,0.2517010537014284,40.58724172934161,22.785689091557025,0.015426170825958253,0.7
951,0.4402187819576514,36.69459859924913,29.861019356719005,0.01571863889694214,0.8
952,0.32307845127109347,45.612299289662374,42.218138631761,0.016193056106567384,0.75
953,0.6538022619464048,35.86603015721873,27.10387299744232,0.015680038928985597,0.9
954,0.58224906292843,48.530471646001956,41.3139594992643,0.015689003467559814,0.9
955,-0.001480981648283719,34.44692336816274,21.99332685508412,0.015692496299743654,0.55
956,0.4159320112554652,26.96558025296638,30.222766812684366,0.015579116344451905,0.75
957,0.4584493028197528,31.974388635009383,27.65722508997574,0.015609824657440185,0.8
958,0.11514351481542973,55.685103964331596,39.96715213526374,0.015453362464904785,0.65
959,0.06793511792364129,45.39834262522355,31.58490363721454,0.015831303596496583,0.6
960,0.07478830860624994,37.155547351871704,27.243778623019065,0.015532445907592774,0.6
961,0.24350158814108216,47.347203646822656,39.91139725869814,0.015905141830444336,0.7
962,0.31389944171613815,43.83463097190015,40.40750998010313,0.016024911403656007,0.75
963,0.1812366631529907,43.035046919929215,33.37991107240008,0.015833592414855956,0.65
964,0.48433015474033114,41.76434308727158,34.745231336451084,0.015618455410003663,0.85
965,0.17065236464303918,41.57113416802002,16.508181216732712,0.014980101585388183,0.65
966,0.031123318023125866,56.933268810469905,34.71588937595409,0.015776419639587404,0.6
967,0.2268566698402715,45.62107695727984,30.11036589049665,0.015574765205383301,0.7
968,0.3613831315798835,40.75129830620328,23.165016757208853,0.015266871452331543,0.75
969,0.20663651969752328,32.53705038639985,17.622672985350896,0.015925216674804687,0.65
970,0.5100474891356218,34.19010524736776,31.251310336347874,0.01561734676361084,0.85
971,0.23549072033232674,46.68689904064573,22.79656075151028,0.015992295742034913,0.7
972,0.29867884757812024,32.286351400090766,25.292524097213086,0.01646714210510254,0.7
973,0.2369429392428331,56.82182681766405,31.871676475086733,0.01598341464996338,0.7
974,0.23209429449806152,45.88293115184475,23.876418136325963,0.016676819324493407,0.7
975,0.12224627677371051,46.723020351703475,40.22158327967538,0.016110169887542724,0.65
976,0.018024089709152515,48.95559846542154,37.282482428016145,0.01564645767211914,0.6
977,0.22763399562499856,45.1080062452582,33.869040193622375,0.015438783168792724,0.7
978,0.5082598848430098,42.68748114147796,35.087643295666105,0.015802693367004395,0.85
979,0.4968702997993045,48.085810174386346,41.532396688475295,0.01573678255081177,0.85
980,0.6439561711925188,48.19468027124428,44.73635801883181,0.015548157691955566,0.95
981,0.1367251184254331,56.75230034323316,25.6010438604831,0.015979516506195068,0.65
982,0.22308253524341243,52.299878491819996,32.664821342514614,0.015794646739959717,0.7
983,0.4141780086159139,38.825568683328996,42.359065813602015,0.015532994270324707,0.8
984,0.1727406624864108,37.31678625837606,23.56129559775358,0.015623366832733155,0.65
985,0.4087785388608635,47.33720279880414,36.90733250703553,0.015679287910461425,0.8
986,0.23791181057066552,51.737076820584925,46.194247972674205,0.015628743171691894,0.7
987,0.5602457211072476,30.75887934796048,27.46120849079987,0.015390193462371827,0.85
988,0.13459788117909036,59.740842003434125,37.659262352681296,0.015467464923858643,0.65
989,0.1909640962650121,36.08460245953468,24.771180391104114,0.0158280611038208,0.65
990,0.4393349090659783,40.7272255327773,34.874774032657676,0.015324258804321289,0.8
991,0.1257882752002224,51.19593460275086,31.11718448946381,0.015127837657928467,0.65
992,0.3347243245693953,37.23832222765602,24.180862626468933,0.01557464599609375,0.75
993,0.40500047788465,37.305042959757216,24.515010408873223,0.0156419038772583,0.8
994,0.24406053490860197,42.662801574998426,19.638798951620014,0.016057705879211424,0.7
995,0.5110449731334067,60.24767659057611,53.966906988283554,0.016184461116790772,0.9
996,0.43044398863785027,55.139452323713996,55.90980992518377,0.015547895431518554,0.85
997,0.7052104708825474,30.521792480053488,31.112292348883006,0.015993928909301756,0.95
998,0.3870448611458021,52.30581807934559,43.05604804253092,0.01550137996673584,0.8
999,0.5515842588253635,25.55155837900829,15.657734924588688,0.015605449676513672,0.85
1000,0.2212159505945781,50.759574123192195,37.20395711955043,0.015912675857543947,0.7
1001,0.42880931254523497,39.01809844542425,31.972841120212028,0.016114163398742675,0.8
1002,0.6733765334786278,42.69975552363365,38.981546670599904,0.01789790391921997,0.95
1003,0.21717924727582982,52.52746480881474,39.2411954191935,0.016383719444274903,0.7
1004,0.5253321337519379,42.96138386506594,30.019378294023756,0.016095221042633057,0.85
1005,0.3673519141733118,42.120062519221875,24.46602126261643,0.017212629318237305,0.75
1006,0.256599628637883,44.062038818195326,32.81171172175015,0.017851197719573976,0.7
1007,0.04077597466725395,51.82463198074224,27.285939514128245,0.01588444709777832,0.6
1008,0.30208170763957226,34.85155586435982,14.271384146465438,0.016072165966033936,0.7
1009,0.18911476377741737,52.59578469935163,46.46804150530378,0.01574690341949463,0.7
1010,0.333981833698388,48.40376530764284,30.531870545532726,0.016232514381408693,0.75
1011,0.6129072721464951,43.14714465318163,34.735103971817466,0.016129672527313232,0.9
1012,0.340067915303074,46.21113136163118,30.130439440265192,0.015653502941131592,0.75
1013,0.24760993994180547,41.813165941686925,24.791414187364314,0.01545330286026001,0.7
1014,0.27146571163672645,56.451914101906745,56.56507064547792,0.01589956283569336,0.75
1015,0.32518037297800617,39.516117705706066,41.04804916898946,0.01565568447113037,0.75
1016,0.39100757445160367,51.98292984673493,42.479294844953415,0.015998101234436034,0.8
1017,-0.0032112916563756255,41.316508389923804,33.3055241023836,0.016439199447631836,0.55
1018,0.3107147830445135,56.01750872651212,37.58174304250887,0.01561952829360962,0.75
1019,0.2236816558844735,52.60505030580005,40.909878954166786,0.015719223022460937,0.7
1020,0.16601047412480963,61.92637962006305,67.33996508374092,0.015796971321105958,0.7
1021,0.30371262943509103,52.1776162274807,32.69615018208473,0.01625559329986572,0.75
1022,0.054865509131111455,52.56447479591645,35.797928895994716,0.015791380405426027,0.6
1023,0.2675031491521752,59.238830666314996,53.29205532619633,0.015856075286865234,0.75
1024,0.4074901004869423,43.00678840788087,31.610272895503183,0.01573597192764282,0.8
1025,0.05439342394070712,49.40717841042889,29.75031182933505,0.015660762786865234,0.6
1026,0.32753999086272645,45.862992889925934,43.171127140738164,0.01635829210281372,0.75
1027,0.18183297188651673,56.426154805399804,46.2866329699198,0.015251660346984863,0.7
1028,0.3708453860758469,31.40356720195958,30.08302758654526,0.015710616111755372,0.75
1029,0.3925959173941356,48.34763922174648,37.33198166477955,0.01582622528076172,0.8
1030,0.21702677979879015,48.686192951709316,40.96028560563748,0.0154579758644104,0.7
1031,0.2106779774361054,52.75975923873689,39.75631818974885,0.01539534330368042,0.7
1032,0.3200878866205132,46.571946639059156,43.81490179258762,0.016145777702331544,0.75
1033,0.15098048227205177,47.61389505533358,32.950886640705015,0.015552270412445068,0.65
1034,0.2744375954597125,55.43138106201161,62.12453669633735,0.015564835071563721,0.75
1035,0.3072205288526713,44.15444632362758,34.182802524023984,0.015380990505218507,0.75
1036,0.20421923185769625,52.34250343906653,32.838036772732195,0.01573798656463623,0.7
1037,0.2362468209780555,41.3942817882589,31.058764235638353,0.01573038101196289,0.7
1038,0.22924670702569633,40.07055798499615,29.375152125627494,0.015425002574920655,0.7
1039,0.25104214294888216,50.86369908428095,36.38831235542104,0.01569976806640625,0.75
1040,0.2623090582658748,44.839854173161754,30.715485175491445,0.015548121929168702,0.7
1041,0.3076455769663842,52.2654439815092,43.91755305227662,0.015330123901367187,0.75
1042,0.3574251510254931,53.536627985144946,51.07082985244539,0.015610074996948243,0.8
1043,0.2421920142678557,42.295866192904995,19.301790490926674,0.01589308977127075,0.7
1044,0.36172626846894823,46.57900995252089,23.309167019677993,0.015232419967651368,0.75
1045,0.24854354886289096,46.69438938253294,31.070276308592497,0.01572180986404419,0.7
1046,-0.01723658707658422,67.40729332916516,66.31719210896902,0.01597508192062378,0.6
1047,0.545577192614252,28.176824007943218,18.315472286131932,0.015492963790893554,0.85
1048,0.08145511161418215,71.71156674406413,64.03895259348366,0.015552735328674317,0.65
1049,0.18390842391671725,61.958702880498095,46.74443334791213,0.01603536605834961,0.7
1050,0.5161511765547944,36.86948925778844,34.43110780115289,0.015675318241119385,0.85
1051,0.10381990096499734,57.89254445382918,41.21624875467376,0.015450620651245117,0.65
1052,0.39779285568020867,48.22631854900182,43.99077816384357,0.01589808464050293,0.8
1053,0.3779231905325672,36.63418123551075,24.286310465620268,0.015450429916381837,0.75
1054,0.1127920830547311,57.926752916846,42.73691556099164,0.016026771068572997,0.65
1055,0.21361237315800782,51.31535455150458,45.28715854314118,0.015522575378417969,0.7
1056,0.5933213263852993,38.88521312541972,35.391640510892856,0.015606319904327393,0.9
1057,0.2019543038066332,48.43655135528352,27.698382499399816,0.015790784358978273,0.7
1058,0.3571153432203762,45.56708899248402,29.27549909625866,0.015662229061126708,0.75
1059,0.5585692853575763,34.94262392561846,27.12548272099028,0.016275238990783692,0.85
1060,0.2978627239585703,31.32515003606011,24.283712896595848,0.01662391424179077,0.7
1061,0.2661233290942861,37.57021912001376,24.402810654713164,0.016121017932891845,0.7
1062,0.39821381813738205,25.477790005813564,22.141179927239374,0.01635345220565796,0.75
1063,0.3538213905817316,33.66596725291912,20.362772269500983,0.01570549011230469,0.75
1064,0.326334508923163,50.78609981384677,43.08636226033699,0.0165128231048584,0.75
1065,0.31653658306734633,65.72009764699281,59.305185700151995,0.01548994779586792,0.8
1066,0.06616240539401733,45.86428862247992,24.965712709072587,0.01615065336227417,0.6
1067,0.37443784935427415,56.74844858468187,55.4845904196339,0.015751469135284423,0.8
1068,0.22894135505666405,42.7254889860095,46.26933578608233,0.01607872247695923,0.7
1069,0.3986922312408876,48.04673965942131,37.50818479526647,0.016001522541046143,0.8
1070,0.13937157631699332,50.399600060694105,22.96953199361758,0.015881335735321044,0.65
1071,-0.14141915506001185,53.349197854465366,39.50441068283987,0.01599133014678955,0.5
1072,0.23179521516806983,45.984594806322946,37.12766422686633,0.015678131580352785,0.7
1073,0.37091059869793574,26.298612437486064,22.333117665159403,0.016222882270812988,0.75
1074,0.30781400070276205,48.12545520450331,31.921854327948175,0.015895152091979982,0.75
1075,0.5537675382391676,32.77807140702414,23.02411669114949,0.015995335578918458,0.85
1076,0.44289923747463844,28.752591947767787,25.353347696543782,0.015957725048065186,0.8
1077,0.47667718758043964,53.93031435270878,42.85614716724079,0.016172409057617188,0.85
1078,0.11339585052367382,42.463103742782124,18.059405398615585,0.01608375310897827,0.6
1079,0.007178789386602602,67.11720350190771,50.59374418774113,0.016318273544311524,0.6
1080,0.3849114257729368,46.19397500513784,34.56202511586582,0.016304361820220947,0.8
1081,0.06959189537426577,47.74557462402713,27.40587528628154,0.016625034809112548,0.6
1082,0.43152083746587183,48.00590557027833,43.45599067866378,0.01605154275894165,0.8
1083,0.7041546627099544,37.07172437185079,37.950426130701075,0.01575683355331421,0.95
1084,0.2995526444710851,42.36654349967782,25.54976565297419,0.016137897968292236,0.7
1085,0.18400566850020345,51.84615048530882,52.55760735028982,0.016617703437805175,0.7
1086,0.6645038651344248,25.180986121413188,14.977453814367571,0.01654595136642456,0.9
1087,-0.05541096744248154,56.23810834595846,25.836261533244166,0.01564610004425049,0.55
1088,0.17402972391900626,37.590143345722325,41.1648814241361,0.016329681873321532,0.65
1089,0.23382877318646167,42.83274775177297,32.606399880174166,0.016311049461364746,0.7
1090,0.16017225062079932,42.47934943502677,24.71796794911881,0.015467166900634766,0.65
1091,0.26908813552033445,31.194732374175477,22.964296205362736,0.016347312927246095,0.7
1092,0.34197509895455225,41.68059032014056,43.62949540754688,0.01608109474182129,0.75
1093,0.41745681582048394,46.391849743615275,41.658346586296034,0.01584796905517578,0.8
1094,0.23186468570102706,46.83976273506765,24.82644072079012,0.12788041830062866,0.7
1095,0.36718259477561466,36.37967408925689,23.793962918599785,0.01779390573501587,0.75
1096,0.5535481270841602,31.529960862156344,28.851718083097513,0.017027401924133302,0.85
1097,0.7170607723970084,27.693470655878876,28.34864485627206,0.017524087429046632,0.95
1098,0.4530102131142265,56.38618605522781,51.902956584254014,0.01737947463989258,0.85
1099,0.28567719031455,50.68952449690535,41.52067607084477,0.017018055915832518,0.75
1100,0.4475019646988178,57.528531789368515,47.0410380942787,0.017208945751190186,0.85
1101,0.5593199133576675,33.81625213306363,25.546938465895902,0.01775314807891846,0.85
1102,0.629812684242605,33.364840282920674,30.144425628375856,0.033669328689575194,0.9
1103,0.5759857071825004,27.14654444369217,17.57547195429287,0.016795098781585693,0.85
1104,0.0523742426111772,40.07532549493165,23.51077475117418,0.015774750709533693,0.6
1105,0.5164915630131588,42.74719877279729,30.171541830512552,0.0163515567779541,0.85
1106,0.5425854667246496,36.21179512435204,34.130092136050024,0.01552201509475708,0.85
1107,-0.01415180278263381,69.17012135170738,38.39156524862674,0.016054630279541016,0.6
1108,0.5751045086268669,40.49046495839799,31.81914555561732,0.015997421741485596,0.9
1109,0.5522941945534641,47.99197349654134,45.9403150200698,0.016055655479431153,0.9
1110,0.3229384184308405,42.20032790872546,23.01941367305276,0.016441118717193604,0.75
1111,0.0898617185594121,65.00262668067597,52.77032388868376,0.015822458267211913,0.65
1112,0.3064627138343307,47.36347438571854,44.647755650020784,0.016261565685272216,0.75
1113,0.2676051228952458,41.36851029658888,23.888411742644497,0.016215550899505615,0.7
1114,0.22419440495387066,40.17503400168506,29.60355084576063,0.016370153427124022,0.7
1115,0.12735853151415694,57.28742105628851,41.26478710817699,0.015731394290924072,0.65
1116,0.3347410996118386,39.68414246146413,28.203392350438193,0.015850865840911867,0.75
1117,0.10398634205482833,38.2967909128608,20.575883572944054,0.015787220001220702,0.6
1118,0.1835512430591393,67.09912015260898,54.24599992753208,0.01672673225402832,0.7
1119,0.4879754894305234,26.954478040878154,17.437110398992004,0.016129207611083985,0.8
1120,0.18880013952927377,37.083965823086814,25.80904040373596,0.016235971450805665,0.65
1121,0.12698789627582166,47.43057240842013,32.776056381027516,0.01596335172653198,0.65
1122,-0.038785809698305904,41.92934310422081,36.44321770918508,0.01630256175994873,0.55
1123,0.27761811971028266,41.60419159405607,30.05292632458978,0.015983772277832032,0.7
1124,0.37252466902304,60.29072747151228,47.27494477439652,0.019110894203186034,0.8
1125,0.6075183283439738,36.94611469085961,28.87687868339664,0.016437983512878417,0.9
1126,0.45123573341691736,36.269189795158596,23.91206828767202,0.016142797470092774,0.8
1127,0.42915820435974467,41.130005207953566,34.68965194354112,0.016032862663269042,0.8
1128,0.15085914722748806,42.9664438258477,41.46237862729789,0.016164278984069823,0.65
1129,0.4915597456464097,28.80701116423627,19.75258167774449,0.016067516803741456,0.8
1130,0.21619202732603116,42.50967146371558,39.99688744270173,0.015835785865783693,0.7
1131,0.2126877449118342,50.62203288676583,37.795397315289854,0.015843009948730467,0.7
1132,0.4949662494560744,48.26230182988561,42.19472502636872,0.016531550884246828,0.85
1133,0.6544409122187229,27.14792596595027,22.176203839223977,0.016203439235687254,0.9
1134,0.4192487969405154,44.27984591871409,32.87584796543881,0.016177427768707276,0.8
1135,0.42320463293846383,51.174038637289776,45.597810254933016,0.01630023717880249,0.85
1136,0.33033678471109085,42.333081919715966,38.66684118372093,0.016022765636444093,0.75
1137,0.4523979126844976,33.48379568766843,25.842771538528616,0.01615738868713379,0.8
1138,0.5567188630013581,32.02576824041633,28.76585991538728,0.015746808052062987,0.85
1139,0.03520052027299825,54.002884103274575,37.070707204471454,0.015901470184326173,0.6
1140,0.11756395368856176,61.519396081259245,47.50052054970997,0.01582944393157959,0.65
1141,0.025371802060216365,51.51995709269745,32.8583575398901,0.016325211524963378,0.6
1142,0.4464272800309928,28.327957127066394,24.289543920188265,0.0169769287109375,0.8
1143,0.09905866236996445,37.73248585856413,35.23408755299079,0.016154909133911134,0.6
1144,0.42265341724335814,38.232051346464154,18.168341659305206,0.01653028726577759,0.8
1145,0.39670935604385704,44.21814956667072,32.89991773935503,0.016372942924499513,0.8
1146,0.13409473731531002,54.866493914437946,30.017331288565842,0.016958320140838624,0.65
1147,0.28821774643264986,57.886016638746355,38.93660771554486,0.016256046295166016,0.75
1148,0.5436931442912277,53.199900016808286,45.972503689998135,0.0160494327545166,0.9
1149,0.2655536994921649,57.21811146738746,38.93685283938056,0.01522204875946045,0.75
1150,0.47359085218023617,33.17790389749205,24.9253742065869,0.01579279899597168,0.8
1151,0.506242478928572,39.167211372588355,31.896308324131578,0.015767228603363038,0.85
1152,0.6453386857763497,27.19728499857545,23.209685819307406,0.015446805953979492,0.9
1153,0.0836512435169717,39.94169822616069,15.930719542661569,0.015632760524749757,0.6
1154,0.4418310555144619,43.6474564763631,36.60810660983847,0.01580178737640381,0.8
1155,0.38084629690114324,33.15921883742832,32.10279862581318,0.02250339984893799,0.75
1156,0.3809110930585275,51.50898875007399,48.94069444019152,0.015693116188049316,0.8
1157,0.3677888411652146,35.978748205118286,35.684711522888215,0.015507888793945313,0.75
1158,0.13438697279590042,49.57670072614032,23.354676034869524,0.01568427085876465,0.65
1159,0.03154195059605821,52.47153373872294,35.41189003373521,0.015891098976135255,0.6
1160,0.28424340758615746,36.52707382600015,37.74793601178484,0.01578214168548584,0.7
1161,0.143084067765328,47.687681816853754,33.97490097106793,0.015664446353912353,0.65
1162,0.3196169764488147,47.573730381972005,37.56212193465519,0.01616562604904175,0.75
1163,0.37833828825036264,31.398526274685292,16.81112826517984,0.015773022174835206,0.75
1164,0.45468613400262337,30.63831645159317,21.558722730254118,0.0161865234375,0.8
1165,0.4674837557376767,36.18532516956377,22.918721498640373,0.016237497329711914,0.8
1166,0.5560881180703815,27.505471710081355,29.145765309511404,0.015560579299926759,0.85
1167,0.4894952346755958,50.85865836109314,39.37029931409464,0.015270376205444336,0.85
1168,0.39027938324852013,45.464139981868136,46.854360775596845,0.015619444847106933,0.8
1169,0.3191922261548897,40.849239012317156,34.87200388713368,0.015384089946746827,0.75
1170,0.4350848096224384,58.13033554327311,53.561810101241115,0.016179478168487547,0.85
1171,0.168708017101913,65.91990741478284,58.58771532403318,0.017437684535980224,0.7
1172,0.3660025040240705,60.31796926020185,46.33441398627419,0.015808355808258057,0.8
1173,0.3361049588982046,41.23360897894257,30.819599211425587,0.015616357326507568,0.75
1174,0.32269796658184,33.255972150208706,18.6623092679275,0.015924108028411866,0.75
1175,0.29349512623522983,49.850273802468436,41.595866706470694,0.015638113021850586,0.75
1176,0.5534671663275306,39.18311946626705,35.91929325009455,0.015755128860473634,0.9
1177,0.38836981424731293,48.20137377982449,37.45882031671933,0.015897929668426514,0.8
1178,0.21827447340249956,46.920987085507576,25.236492992634812,0.016244065761566163,0.7
1179,0.5486623749311319,36.73629114460543,28.55278527517895,0.016090893745422365,0.85
1180,0.2334544958992252,46.44378320603257,23.610059189274942,0.016351842880249025,0.7
1181,0.22720058391190107,47.2765743077243,40.56687167073157,0.016246724128723144,0.7
1182,0.38799939062346744,41.756431051446704,35.10856888025984,0.016043078899383546,0.8
1183,0.11581861631021066,31.8691157472668,23.808646752775186,0.016130292415618898,0.6
1184,0.44815531988053625,34.11147115095323,32.78953731162984,0.015911877155303955,0.8
1185,0.2450174116160641,51.95858096217364,39.26923051173768,0.016339695453643797,0.7
1186,0.030841632124130786,57.602933457592236,43.123492800152285,0.015523695945739746,0.6
1187,0.38415650618283137,57.04414262329989,42.19419730762684,0.01595885753631592,0.8
1188,0.1888669203836464,57.325768084705544,47.10161047298054,0.01533447504043579,0.7
1189,0.2327305701887657,29.467264024176398,22.40720400339959,0.015926027297973634,0.65
1190,0.4179149587201875,37.96108204755161,30.870131956386334,0.015816497802734374,0.8
1191,0.41487915094431715,42.036762322011036,41.73533104594591,0.015689826011657713,0.8
1192,0.24859343130169265,42.32672326716313,24.675975778058785,0.015619480609893798,0.7
1193,-0.037187052470394784,52.35631743885185,28.634844645066668,0.01561828851699829,0.55
1194,0.11993542997033749,42.826889502172484,26.271201083197692,0.015991270542144775,0.65
1195,0.2331303764930094,53.180749231265,47.63663926977191,0.015504038333892823,0.7
1196,0.5624591469833147,36.40477807975065,28.93514478032807,0.015596342086791993,0.85
1197,0.43193290472483603,38.17688161954813,29.906049535343595,0.016057193279266357,0.8
1198,0.29878499743203374,31.633466015732715,24.2845505675775,0.015980803966522218,0.7
1199,0.3806357656179447,31.12793489246393,17.242254897152822,0.015529263019561767,0.75
1200,0.4040760921099486,35.772320354872235,27.884658999244955,0.015464937686920166,0.8
1201,0.5918786708575313,38.204836201233,35.16092659240084,0.01549001932144165,0.9
1202,0.43134402582684317,39.08491324366152,31.48975785512952,0.015907144546508788,0.8
1203,0.543785336902096,38.548124703954386,30.04740345965175,0.015638816356658935,0.85
1204,0.25929660324275067,37.120506563589984,16.796515236858195,0.016017258167266846,0.7
1205,0.5230253492650236,37.47632952415881,29.23540408713686,0.016042435169219972,0.85
1206,0.27643354024635325,37.763430509252814,24.75515233160504,0.01598883867263794,0.7
1207,0.6069778054191749,32.71803371195063,28.84172750737444,0.015866625308990478,0.9
1208,0.4478206557525598,22.3982083067919,17.375960607179437,0.0159473180770874,0.75
1209,0.4127608636063961,25.19467090254052,26.035004116946485,0.015785074234008788,0.8
1210,0.38089905626919396,26.213271347385387,20.505118674690703,0.016221058368682862,0.75
1211,0.26698277913300494,37.84771567378949,32.62148311595733,0.01583108901977539,0.7
1212,0.3372017826473336,51.086899504635625,36.327372669195285,0.016102206707000733,0.75
1213,0.21561345866589407,51.55081476636228,38.00344185591102,0.016248655319213868,0.7
1214,0.5029448009077604,43.817808565202476,48.125853943197846,0.0157672643661499,0.85
1215,0.4626609682870703,35.96150182654348,27.91472162337307,0.015430295467376709,0.8
1216,0.31975679419504077,44.880169707224155,28.083152545455523,0.016169977188110352,0.75
1217,0.2300493613465469,55.4683935047634,44.200614462501434,0.016327834129333495,0.7
1218,0.30747418897908285,52.1382444710292,37.92929098986167,0.01565093994140625,0.75
1219,0.4391251225631369,37.466982559282386,23.851393172952882,0.016092252731323243,0.8
1220,0.5996755949481749,43.08002547680458,40.39037316369974,0.015459775924682617,0.9
1221,0.29636898018995883,36.85562244259861,31.71739958062606,0.01592932939529419,0.7
1222,0.5244480478084854,36.82196654396974,28.65366894689548,0.01543344259262085,0.85
1223,0.3373749427782559,40.10210492953349,27.93449965148652,0.015223145484924316,0.75
1224,0.26023674543330017,46.19532445926463,31.436769059882153,0.015449249744415283,0.7
1225,0.38898610497633135,48.41994831359061,32.394404125183854,0.01544877290725708,0.8
1226,0.39360914107140066,46.02089888314696,35.165245861306474,0.015365886688232421,0.8
1227,0.16569902721224042,42.62494181866858,33.709144720025236,0.016340887546539305,0.65
1228,0.4556494562574357,30.34189768332202,22.478320448310395,0.015302896499633789,0.8
1229,0.5044517637301674,42.58225836022152,30.56562366705851,0.016166770458221437,0.85
1230,0.27840877699347505,60.200260518742745,42.82431795781492,0.01651676893234253,0.75
1231,0.6465947406879005,21.91851657844534,17.30209131146416,0.016060376167297365,0.9
1232,0.6216762068734865,20.653736906923193,20.805627605220074,0.015459883213043212,0.9
1233,0.09634537022550069,60.64988151071358,54.90884855633468,0.015289676189422608,0.65
1234,0.3550217666773839,50.06972949980245,39.92871369279972,0.015146410465240479,0.8
1235,0.6972904167032863,29.89670595905225,25.282221646255646,0.015288424491882325,0.95
1236,0.42677855897295053,42.240434084840196,43.28808879581274,0.01547631025314331,0.8
1237,0.11154116224565672,34.13089865468336,21.182748624942413,0.015220308303833007,0.6
1238,0.7836072973383652,14.663681581349405,14.866970328375837,0.01568702459335327,0.95
1239,0.19256726207903435,35.97119559696787,23.71855428485903,0.015535008907318116,0.65
1240,0.6881668670110703,36.43391652163438,32.354348534988056,0.0156460165977478,0.95
1241,0.11684124332379571,55.48466956474731,31.121575105019282,0.016171908378601073,0.65
1242,0.5854701899992192,43.547657734686034,41.40309247984274,0.015612280368804932,0.9
1243,0.23307304198796305,54.13443948808532,34.755856111887034,0.016094458103179932,0.7
1244,0.6119371678123324,32.79179197443755,23.5422304978661,0.015804827213287354,0.9
1245,0.2395278575334301,44.2604100737287,33.666721835111666,0.015714609622955324,0.7
1246,0.18783313466382454,41.32498878630712,39.01745198485564,0.015440893173217774,0.65
1247,0.3968581566549968,47.82468865701674,37.24424792446733,0.015748476982116698,0.8
1248,0.3035479433198189,52.295350464473664,38.06425256662522,0.015433835983276366,0.75
1249,0.3417010423384984,58.46905880356758,44.13768788253745,0.015659964084625243,0.8
1250,0.294576695394079,35.87009045362716,23.71625843971881,0.016015291213989258,0.7
1251,0.6019498304479167,22.814563810611926,18.575420466766175,0.01567775011062622,0.85
1252,0.34154799276022607,22.70927720513802,18.27458715622449,0.015634691715240477,0.7
1253,0.17337122321968274,37.88175917745396,34.47461225208106,0.01566082239151001,0.65
1254,0.5479523816980553,47.53600820542393,44.98997123697636,0.015479815006256104,0.9
1255,0.2663491847934175,33.01076165493906,16.502526985625998,0.015522873401641846,0.7
1256,0.439560594435455,37.353972719469056,29.799302802327823,0.01654367446899414,0.8
1257,0.26978796074755396,36.11875861424286,23.321823561497922,0.015579664707183838,0.7
1258,0.621963754535104,30.43419179996,26.354674245821396,0.015625464916229247,0.9
1259,0.5451352906735268,28.630252369981235,19.369807661134153,0.016006994247436523,0.85
1260,0.37356978052498285,31.262690472116596,16.459334493834533,0.01657567024230957,0.75
1261,0.3311694483858346,43.68117970344393,33.31760344849608,0.015753281116485596,0.75
1262,0.41674823651715337,48.4772719784241,49.139931596799855,0.0159379243850708,0.8
1263,0.44807333060001964,38.890110217471104,37.07096369753587,0.015374588966369628,0.8
1264,0.41586627297908685,47.10616560175863,29.53332249567969,0.015802836418151854,0.8
1265,0.3073691492534309,28.613990993960858,18.861804700319773,0.01542137861251831,0.7
1266,0.33425642775019593,35.38197537947302,35.36412330679577,0.015655434131622313,0.75
1267,0.17683759352941225,53.521269368503035,47.45557004679722,0.01580878496170044,0.7
1268,0.15985974818515372,47.31747336934503,34.1687490423428,0.016237950325012206,0.65
1269,0.7381461059294372,22.674435754949563,17.6596325024934,0.015724754333496092,0.95
1270,0.2117835641701677,54.69763397258795,43.473494441508976,0.015499913692474365,0.7
1271,0.6909781981505817,38.097273974504255,34.18383012556884,0.015533947944641113,0.95
1272,0.26112702997466364,41.56158874890244,31.291932191769423,0.015592777729034423,0.7
1273,0.6341890720604595,25.832522355165032,26.092308661109225,0.015796327590942384,0.9
1274,0.17985579592918585,61.17544630500949,52.242629767161375,0.016052591800689697,0.7
1275,0.4215061065419229,41.56650529547553,23.652682331173356,0.015953803062438966,0.8
1276,0.3890569504818561,26.60559177800632,16.528974169568425,0.01622340679168701,0.75
1277,0.5864930577558065,22.64346675824435,23.62097646891823,0.016348958015441895,0.85
1278,0.6667639153901485,23.946376805988045,24.80568450916576,0.015489578247070312,0.9
1279,0.34503846596712223,41.64523949419178,30.258181758844394,0.015540611743927003,0.75
1280,0.26699937309122646,47.37636955061915,24.708411440639985,0.015489292144775391,0.7
1281,0.35575247864846277,36.76377721642508,23.761465075048346,0.015768218040466308,0.75
1282,0.6450320471955602,33.03048209181532,29.079881670528266,0.01539304256439209,0.9
1283,0.629896655980515,26.942947578692575,27.947121402790753,0.015609192848205566,0.9
1284,0.31718862183993746,51.57672936854063,50.47396039886356,0.015755367279052735,0.75
1285,0.6126297579642299,36.36741018258381,37.93526370105198,0.015661394596099852,0.9
1286,0.5353356598164397,35.25052247007831,21.170843281449518,0.015685200691223145,0.85
1287,0.012571250533677091,56.650496129147804,34.28389129682356,0.015832030773162843,0.6
1288,0.3504821565188507,41.41032453467803,36.6549861690256,0.01535876989364624,0.75
1289,0.3666482572428732,54.0929474051792,39.03577957077431,0.01591932773590088,0.8
1290,0.5760950544799607,28.290779693226703,24.58301274846073,0.015551948547363281,0.85
1291,0.21200039437762838,31.65881482571417,24.160703540947775,0.015544331073760987,0.65
1292,0.5667194082683461,31.540188549947977,28.884356272997746,0.015460360050201415,0.85
1293,0.5510235044598233,41.973992280828014,29.37670223687799,0.015456473827362061,0.85
1294,0.4494450068810221,36.118002733515986,35.14184399914001,0.015156161785125733,0.8
1295,0.5405371280718309,31.337671669261447,22.732802859155093,0.016498637199401856,0.85
1296,0.06148778991632997,49.03418493324548,20.342457075664893,0.015574443340301513,0.6
1297,0.36404541720371864,43.90680461884684,26.37916905501824,0.015345597267150879,0.75
1298,0.584012503630857,26.969712135221215,16.643085680027,0.01582601070404053,0.85
1299,0.4293079730572599,27.44126833073659,29.577786942874006,0.015792787075042725,0.8
1300,0.3846978853666503,47.07560535352394,36.82428706946055,0.01587345600128174,0.8
1301,0.4375517341411427,41.761890571176856,35.783049949656785,0.015866506099700927,0.8
1302,0.6886185139013059,35.599897214718766,36.59959506590869,0.016060340404510497,0.95
1303,0.35327177732238224,36.32589541051326,23.354238476611176,0.016217613220214845,0.75
1304,0.6554546775206083,26.98848092323656,22.696135412947974,0.015912044048309325,0.9
1305,0.23214377216296497,42.065212346401815,38.452830596937154,0.016399872303009034,0.7
1306,0.5467555042067822,33.14758977001495,18.23807569882612,0.015798628330230713,0.85
1307,0.448929210780409,32.68368834271605,23.359877752872958,0.016068458557128906,0.8
1308,0.6185318612014519,26.449586031570288,21.311766307083097,0.015611004829406739,0.9
1309,0.37995104471830243,51.4695647713467,47.93204126764013,0.01596207618713379,0.8
1310,0.742237174464076,25.568033030249627,21.039882807064277,0.015834951400756837,0.95
1311,0.302441301001411,47.37338774787081,38.264090515296324,0.015831398963928222,0.75
1312,0.2081522037877821,56.72750313039772,45.663640328635736,0.015867435932159425,0.7
1313,0.23986473668378064,47.45695342794461,46.79451830484335,0.01583479642868042,0.7
1314,0.4138647526009656,40.84774174945788,34.189310569807844,0.016007375717163087,0.8
1315,0.5586238700298457,32.36944171043201,29.316750454642992,0.015711557865142823,0.85
1316,0.44735935559970336,37.2233089105974,30.342212383476866,0.015754878520965576,0.8
1317,0.31602739559247234,47.222573090505804,24.402069515131835,0.015762948989868165,0.75
1318,0.5091638518217534,36.1870267035364,27.746182944128208,0.01621156930923462,0.85
1319,0.3369098098139948,42.32471373519776,31.795162039222998,0.015557515621185302,0.75
1320,0.26787631218937075,33.62433202826084,33.24639465596662,0.015553176403045654,0.7
1321,0.5209106492248026,42.771096055825886,35.463274014179646,0.015530121326446534,0.85
1322,0.22569348562763253,45.881497656650154,30.15800323689333,0.015601933002471924,0.7
1323,0.12119615987573791,47.22741450408587,32.471635854622896,0.01597130298614502,0.65
1324,0.5977037910177972,26.730949871332143,21.606909817180046,0.015994930267333986,0.85
1325,0.04827470936739642,62.45688228241297,35.1154326793515,0.015763354301452637,0.6
1326,0.2612538940215432,37.5320255441312,32.35564653191495,0.015175271034240722,0.7
1327,0.2834057879184545,56.65974068096178,50.10723072999742,0.015910375118255615,0.75
1328,0.20956935481910194,33.38167760919272,17.468215295685948,0.016004467010498048,0.65
1329,0.5169523845568257,43.845789740244776,42.519352646097225,0.015792930126190187,0.85
1330,0.4891071441451265,49.4251140884042,43.42120470582921,0.01575968265533447,0.85
1331,0.5288783391922057,36.764738248512224,28.766411478196797,0.016029012203216553,0.85
1332,0.3248297880202763,52.55033973755106,45.47768050947458,0.01578267812728882,0.75
1333,0.2723169301168472,37.462066350938834,17.019240486693658,0.016225624084472656,0.7
1334,0.5422553360304395,32.55259371962087,23.34281420218473,0.015952038764953613,0.85
1335,0.5813755310233566,46.56528499666399,39.31220878547393,0.015996241569519044,0.9
1336,0.3735812603872683,37.97220617242483,31.757969346345472,0.015634429454803467,0.75
1337,0.3449753287699539,43.17133301560032,31.774150656342254,0.015619611740112305,0.75
1338,0.4796481957461718,31.306114511750856,29.26298933819199,0.016191375255584717,0.8
1339,0.38523158136344493,48.501689439840156,44.474708483759336,0.01583712100982666,0.8
1340,-0.212585788636734,39.426866440482975,44.1991170507743,0.01580219268798828,0.45
1341,0.23750061069288558,73.1780460649198,59.53284386935127,0.01591099500656128,0.75
1342,0.25622825776937025,37.406688583536706,31.52546747630698,0.015604722499847411,0.7
1343,0.48980461290322913,46.854103697132345,40.71354457391711,0.01666700839996338,0.85
1344,0.3148811064356706,41.20373293422536,30.249675599082423,0.01636505126953125,0.75
1345,0.8149221229672887,21.355709285813564,21.355709285813564,0.016821372509002685,1.0
1346,0.5148529483427304,38.96069670394979,31.580738467516788,0.017244458198547363,0.85
1347,0.5545616649139316,34.386587641353366,20.63062447097786,0.017429435253143312,0.85
1348,0.3608190780841088,30.745612222569,17.09139031387848,0.01586780548095703,0.75
1349,-0.01788807991981397,42.187831039258796,35.51042999289061,0.015467405319213867,0.55
1350,0.8514058248249559,17.81777116478813,17.81777116478813,0.015892231464385988,1.0
1351,0.47836137069867063,46.91219982089322,40.65495239283079,0.015427923202514649,0.85
1352,0.4641135909749856,31.74611462047367,23.36003956879982,0.01584874391555786,0.8
1353,0.4466435605834243,37.80961922610573,24.137689156494545,0.01528780460357666,0.8
1354,0.5043222290236542,42.50206995154396,35.19949027896137,0.016200923919677736,0.85
1355,0.18177021944461935,54.495519872286536,39.52417097660704,0.01535782814025879,0.7
1356,0.5969823949703608,37.11032381515955,33.60239598054213,0.015537786483764648,0.9
1357,0.4291734297784885,37.16011889401473,23.469911570402424,0.015395283699035645,0.8
1358,0.3932031555260432,31.08803459269155,16.31789400126187,0.016103553771972656,0.75
1359,0.22840270636768759,46.68467918467905,38.34090388815455,0.015305328369140624,0.7
1360,0.3110060826979868,41.66119251332302,29.52207726731244,0.015553498268127441,0.75
1361,0.5514511835761242,36.96810705463667,34.905801888125865,0.0156599760055542,0.85
1362,0.5235024425966717,39.745433010298,38.27654002366013,0.015669810771942138,0.85
1363,0.47136774519434443,26.89592116602244,23.612572457294238,0.01561124324798584,0.8
1364,0.47559956199534204,45.65499381631327,39.3185274254498,0.01515742540359497,0.85
1365,0.5361283010210744,42.422970657886694,34.40979932007518,0.015400314331054687,0.9
1366,0.43172320503870604,54.924797789045144,44.143977469452615,0.015262353420257568,0.85
1367,0.2499202524843685,41.951560260162374,31.622562312639786,0.01594942808151245,0.7
1368,0.26290211672132974,31.169168510650405,16.25869358097037,0.015103352069854737,0.7
1369,0.5029848564113928,46.42794962141083,46.22757901421503,0.015716946125030516,0.85
1370,0.3591466691352706,42.94468285693427,38.669782608847136,0.01636084318161011,0.75
1371,0.44838007714542255,36.97104930626473,35.86706254622722,0.0161238431930542,0.8
1372,0.4291606060231133,37.669493974159955,42.62232598225319,0.016613590717315673,0.8
1373,0.3806060434692182,37.92942156470046,25.648449994321343,0.016197097301483155,0.75
1374,0.35487792257374184,42.57945234609794,30.724052741348878,0.01636815071105957,0.75
1375,0.41165927963670396,26.858557021876017,17.82261356089794,0.015725743770599366,0.75
1376,0.585595331259959,21.761662535147277,22.723134800340286,0.015608429908752441,0.85
1377,0.30259898898196763,27.09614061799302,23.032711870973788,0.015858590602874756,0.7
1378,0.3727570123521103,21.26928483576422,22.938237334047496,0.01580944061279297,0.75
1379,0.7225945357816581,31.689904905659365,27.384832133857618,0.016194796562194823,0.95
1380,0.3465330916356678,35.82658116971908,36.02686321743126,0.015784072875976562,0.75
1381,0.34552948051092625,36.264697142822236,22.349136108644146,0.015779078006744385,0.75
1382,0.6438548051609438,25.32931010638203,20.68689978893362,0.015593910217285156,0.9
1383,0.24677204785749254,41.719573648698656,31.62409033163319,0.015768635272979736,0.7
1384,0.38068212832880727,48.446658850625745,43.63886222789932,0.015746033191680907,0.8
1385,0.4446518089752927,43.87140964923168,31.93515378881246,0.015688180923461914,0.8
1386,0.5072659746808723,45.09646735196962,44.10573069392977,0.01626288890838623,0.85
1387,0.3382468746189264,32.798977467102624,25.847201549526726,0.015776681900024413,0.75
1388,0.26600641060759195,56.226899163570316,43.001667000683554,0.016078650951385498,0.75
1389,0.2418585275842448,62.67568524691268,57.67259985593317,0.015771901607513426,0.75
1390,0.1933411724870188,38.220454639997826,24.86426739203287,0.01668386459350586,0.65
1391,0.47283788000288773,49.97811826839021,42.038869740836205,0.015516090393066406,0.85
1392,0.06598114834491811,52.060964940418806,34.597811863501946,0.015351212024688721,0.6
1393,0.5165146204124396,45.14176169586936,38.369530774695356,0.015469765663146973,0.85
1394,0.24422163322774706,27.647607659220018,18.690758009241453,0.015299570560455323,0.65
1395,0.3011094461486891,51.129864597432636,35.31984326943366,0.0157340407371521,0.75
1396,0.512803280336289,44.49518386009517,42.61464659796893,0.015641069412231444,0.85
1397,0.40267523210370015,45.76378280509701,34.763772790571835,0.016013216972351075,0.8
1398,0.33707689561409565,45.177790995814874,28.236224608878594,0.01588101387023926,0.75
1399,0.29325851631584676,36.05124742230274,23.278697830442674,0.016233170032501222,0.7
1400,0.1926265161573572,41.32447124771987,24.901348399035424,0.015874600410461424,0.65
1401,0.2610694569992462,35.713350757734034,27.863560998585285,0.015866386890411376,0.7
1402,0.42573245548976296,36.78017321460471,23.028277350522362,0.015499329566955567,0.8
1403,0.49088584761601267,41.83627428672192,40.26941037911213,0.015817975997924803,0.85
1404,0.39592703585709443,48.77260767332075,31.523103491015053,0.01533273458480835,0.8
1405,0.02658836173761727,53.89284873626379,36.4276386909153,0.015596127510070801,0.6
1406,0.33727758478304065,44.05002084277926,32.895333643406474,0.015490758419036865,0.75
1407,0.6295267381267605,28.17515016525133,29.28380255549132,0.015452814102172852,0.9
1408,0.48908812221148174,17.28986726455475,16.752289817021975,0.015707921981811524,0.8
1409,0.3730661944960588,29.057955445980856,19.106296230842553,0.01562972068786621,0.75
1410,0.4324371483185506,39.71986734072168,39.164804391451426,0.015451931953430175,0.8
1411,0.44288441972791553,59.56667106414454,49.20298989914209,0.01599271297454834,0.85
1412,0.2378494776314907,67.19903851890484,57.77519674812803,0.016241490840911865,0.75
1413,-0.005623157493656045,67.266035995375,42.86514335396524,0.015379583835601807,0.6
1414,0.5053569234272909,38.174712768478024,35.77287529840847,0.015151822566986084,0.85
1415,-0.051670978098389345,50.492819359351394,25.384364869361885,0.015618622303009033,0.55
1416,0.42540867426301165,45.983683712317,27.71446747666618,0.015662670135498047,0.8
1417,0.37289281461622725,51.33358044209579,53.48364825095804,0.0160675048828125,0.8
1418,0.43410331496600235,33.02690247208362,30.91610282271477,0.016121768951416017,0.8
1419,0.3562642531664185,52.18274944439685,43.06410509854982,0.015652215480804442,0.8
1420,0.15265821384875572,46.94492472312904,40.35548948937189,0.01583329439163208,0.65
1421,0.34649340234687387,38.06967145788063,38.379643077062795,0.016172385215759276,0.75
1422,0.4320680868511049,40.178205072254954,32.602912388176506,0.01562622785568237,0.8
1423,0.36756392573898056,33.13512290799694,25.08698318944237,0.015600371360778808,0.75
1424,0.39701613895160887,41.96081376259775,29.91506322000613,0.015961289405822754,0.8
1425,0.4392831016357877,38.17325805142316,31.345907989573597,0.015970444679260253,0.8
1426,0.2671415558467728,36.63613201895474,30.854220082705016,0.015916335582733154,0.7
1427,0.4640230242766732,44.8961485182928,43.870451477917555,0.01558990478515625,0.85
1428,0.38482227139511826,32.111884780269406,23.148386619168512,0.015722930431365967,0.75
1429,0.7552557691954782,22.652921282519078,22.61974360846982,0.01576884984970093,0.95
1430,0.6890615172293046,16.80540754843993,16.21822628798749,0.015962743759155275,0.9
1431,0.529813017155919,32.848071235678134,29.518005004310805,0.015711104869842528,0.85
1432,0.37693666076090737,32.15693723055249,31.569363683469298,0.016115522384643553,0.75
1433,0.6559017641300932,25.91179741985718,26.796967699205755,0.016198647022247315,0.9
1434,0.4171917810914126,30.416876157422614,21.793285628753374,0.01619381904602051,0.75
1435,0.5234668234885457,33.91933790098205,30.47797480390338,0.01559147834777832,0.85
1436,0.3541954380343607,33.593905773438934,31.739415804342038,0.015926456451416014,0.75
1437,0.4399073538066077,33.71100684441056,25.93409942998933,0.015729880332946776,0.8
1438,0.5602544255259793,21.965348767584704,22.57303197643605,0.015837335586547853,0.85
1439,0.43295118476587896,44.2327932005507,44.10535397100743,0.015413308143615722,0.8
1440,0.6348538564322308,35.58214030103893,31.82477059705214,0.015562093257904053,0.9
1441,0.42784253819105256,36.93565767583343,29.86316747481483,0.01551741361618042,0.8
1442,0.753912948891121,22.681921996760884,22.97082080499001,0.015768206119537352,0.95
1443,0.6053726276585907,23.776341175622832,18.467458011042524,0.015518617630004884,0.85
1444,0.3937025152855379,45.436497293954254,33.575495563826365,0.015962553024291993,0.8
1445,0.6160942064244684,39.7122188791608,31.166758699518407,0.016231215000152587,0.9
1446,0.4476270028247663,32.18047048781512,29.56361618381811,0.015534114837646485,0.8
1447,0.3963393328599282,23.250577072695517,25.469496162731186,0.01554044485092163,0.75
1448,0.37280901198998573,36.763976235043344,23.721220063956284,0.01544642448425293,0.75
1449,0.5131970187001988,33.54889290106463,35.860487801015644,0.015496838092803954,0.85
1450,0.7088624417908411,33.053306171265596,34.19540810756334,0.015504288673400878,0.95
1451,0.11153577103986208,39.216562952858176,18.977861579504793,0.015863204002380372,0.6
1452,0.396874216129425,40.10422886569177,39.66346702534737,0.0158927321434021,0.8
1453,0.288104421071999,29.121056629977204,27.265453713477346,0.015598273277282715,0.7
1454,0.48160844604031866,32.002811232785156,28.69703439528755,0.01587257385253906,0.8
1455,0.30912178199617224,47.610188854286044,31.708181362549357,0.01667342185974121,0.75
1456,0.3418526295697548,42.7035473334366,38.414197783355355,0.015520620346069335,0.75
1457,0.37621883789803584,37.508639157592725,24.429944291803306,0.01538304090499878,0.75
1458,0.31954289560136306,47.14627668547908,31.320276031968657,0.016426551342010497,0.75
1459,0.12881075590162477,51.30584033410683,23.54400862054145,0.016332781314849852,0.65
1460,0.41947599283350484,44.021378480241665,32.338469023179236,0.016437280178070068,0.8
1461,0.24827593876160758,46.07765331839657,37.35293446682406,0.016867172718048096,0.7
1462,0.22157982855474137,52.184501577080866,32.99088980896619,0.017168498039245604,0.7
1463,0.6658130794753988,26.273240894307435,21.81025051095748,0.02040712833404541,0.9
1464,0.06319119978244041,31.0469494497425,16.7402103496982,0.017251551151275635,0.55
1465,0.4160057676889914,50.30081029392441,46.67677292861357,0.016513299942016602,0.8
1466,0.43728380022601954,38.182272718149825,35.53650820566149,0.016692149639129638,0.8
1467,0.3575501817564003,30.079504774875847,27.741118190959007,0.01624424457550049,0.75
1468,0.7272543505175458,26.404318318699232,26.818315826841435,0.015577924251556397,0.95
1469,0.5488828097279164,27.026724152210797,22.73738354901341,0.015514278411865234,0.85
1470,0.7424333539503551,28.65625934481065,29.04678071566474,0.015347695350646973,0.95
1471,0.07051922162767352,37.230810328137196,16.51423236699109,0.015353763103485107,0.55
1472,0.5381629578980801,35.22501170429032,37.710916299208264,0.015876781940460206,0.85
1473,0.5501877589793618,32.3386608877815,23.2577183866199,0.015808486938476564,0.85
1474,0.5992635554755976,41.97932712924554,39.68474881547514,0.01639895439147949,0.9
1475,0.6294108375321684,33.09089647382783,29.001131813290733,0.015837562084198,0.9
1476,0.46371077691341195,29.801680449836606,19.89283545355983,0.015679073333740235,0.8
1477,0.5067526996838321,41.7381219170473,46.295349122360044,0.01572202444076538,0.85
1478,0.23985535847967948,33.155624404820045,23.460981421919165,0.016044354438781737,0.7
1479,0.5219593571322295,42.03684564748651,34.88093070698663,0.01570998430252075,0.85
1480,0.6238795705144952,37.592169154026244,33.530450781377475,0.0159121036529541,0.9
1481,0.7110676417852433,33.18988938207001,28.71123728300058,0.015862751007080077,0.95
1482,0.632886930185198,22.87940049182028,23.121445844182446,0.016173839569091797,0.9
1483,0.7677175624588495,18.11027754970138,18.242425879203576,0.016276168823242187,0.95
1484,0.6328713961141496,23.175807717597348,18.345485479948454,0.015946078300476074,0.9
1485,0.3363790614646171,48.53895582197119,38.632676256090605,0.016099607944488524,0.75
1486,0.43803314403750016,32.374941524344926,29.82196297278923,0.015917205810546876,0.8
1487,0.5121224684794141,40.011685958525874,32.7553135067725,0.015598344802856445,0.85
1488,0.3894551456899548,54.17794653260057,39.54974699332358,0.015910685062408447,0.8
1489,0.4778164543145703,31.714549205040726,22.939020791920573,0.015644407272338866,0.8
1490,0.19160234465331596,38.13550898210251,24.75222926366849,0.015864264965057374,0.65
1491,0.5595100023026405,28.071171454725043,30.261768822811224,0.0152512788772583,0.85
1492,0.7041080490261574,23.8887292367841,18.688125591216643,0.015378594398498535,0.9
1493,0.30612498048215775,53.3728708354446,38.44532691867341,0.01543889045715332,0.75
1494,0.6448016028413679,33.0319742575678,24.33918118993286,0.015718746185302734,0.9
1495,0.4644111809020946,38.294844780367285,25.486902747545805,0.01585099697113037,0.8
1496,0.26616923537579246,33.87333421654183,32.163201653112125,0.015402019023895264,0.7
1497,0.19131642786011666,38.07975878540906,34.65983086069081,0.01566547155380249,0.65
1498,0.5097623297646139,29.28893325322021,25.21869336739922,0.015856051445007326,0.8
1499,0.4304561060918727,36.92547692679663,29.559562016795905,0.015731632709503174,0.8
1500,0.4036458265780939,27.661754443215916,17.134943963918438,0.015852141380310058,0.75
1501,0.38102932456297317,39.82046098052628,38.46009637428655,0.015864694118499757,0.8
1502,0.4863144305603523,25.89710274997342,16.36015189245412,0.015447461605072021,0.8
1503,0.6288182893855844,28.51929015037888,24.492474329098915,0.015911996364593506,0.9
1504,0.5563644568222829,30.318826238221334,31.483302539167507,0.015833699703216554,0.85
1505,0.6241309757869763,27.370325389863496,23.149198364808743,0.015726530551910402,0.9
1506,0.5861830642845363,17.782118729222237,17.54146398788189,0.01566135883331299,0.85
1507,0.6852993893843197,33.378547052579194,28.857330584642956,0.017422425746917724,0.95
1508,0.5567170888877551,27.239351609140403,23.63069256252505,0.015197670459747315,0.85
1509,0.6231110207837993,25.354111094801286,15.898540257460017,0.01642543077468872,0.9
1510,0.5748221806890088,26.0379046184702,22.728048184282986,0.016084825992584227,0.85
1511,0.42665913561008384,30.434093387157283,27.317460212712458,0.015864884853363036,0.8
1512,0.5208550070886504,22.744871560414104,18.538520917649965,0.01613234281539917,0.8
1513,0.5108067285817277,39.05271653159265,31.794806894396235,0.016027426719665526,0.85
1514,0.4889170724235554,42.26129058847477,40.0658693686912,0.015778779983520508,0.85
1515,0.4627119133277211,32.86814291622825,37.886824308526556,0.015910375118255615,0.8
1516,0.814679342782313,24.87175164962236,24.87175164962236,0.01570991277694702,1.0
1517,0.37923077559829343,32.85962377784448,31.16412708823242,0.01593179702758789,0.75
1518,0.3395326133724602,42.62951655444205,31.912357735844292,0.015709996223449707,0.75
1519,0.7019684997559227,38.695578969816225,34.763421903139886,0.015822017192840578,0.95
1520,0.4978466964018368,25.144651564845216,15.219288878334083,0.015728914737701417,0.8
1521,0.4828624195975042,26.449625141270353,16.880651344797105,0.015997374057769777,0.8
1522,0.086107224550689,42.42374793105106,35.21886077186083,0.01596059799194336,0.6
1523,0.4903664604348779,25.82344124110785,15.805187003185722,0.015426766872406007,0.8
1524,0.6969709182444656,22.25243612062384,22.909145407148973,0.016447579860687254,0.9
1525,0.3639575834536165,32.97665790900885,18.845468851019863,0.016672980785369874,0.75
1526,0.4628736060602242,26.580345689481597,29.54180510418125,0.016495323181152342,0.8
1527,0.4189201209064771,43.44492470171822,30.867048877984004,0.015863704681396484,0.8
1528,0.5024434173007395,22.183158933970297,22.276680106855206,0.015728199481964113,0.8
1529,0.27894156751467575,37.53095075110616,31.007103265380852,0.01567347049713135,0.7
1530,0.43361754854634327,42.46769593449157,30.388697533218856,0.016561436653137206,0.8
1531,0.4062325444078663,22.582520951071512,17.485658120534207,0.016021525859832762,0.75
1532,0.38580780313962076,49.69203793664046,43.97194193918931,0.015579044818878174,0.8
1533,0.6483477962464981,33.933134540659445,24.827542436829543,0.01605226993560791,0.9
1534,0.5105012208255506,26.86324919676158,23.270407126822985,0.016116738319396973,0.8
1535,0.6142045232706717,18.480880184331177,18.57434387669828,0.015596294403076172,0.85
1536,0.4291937607410917,34.033210644859096,25.862788995536313,0.016037261486053465,0.8
1537,0.16048862843256487,37.665857050868816,26.364426998348737,0.015639090538024904,0.65
1538,0.5768715929294997,30.231513670199654,25.188379066934985,0.01576155424118042,0.85
1539,0.3439841103745416,35.043212013306444,21.73524647158452,0.015110456943511963,0.75
1540,0.2633885700620259,40.528325665020645,35.509078404315424,0.015471053123474122,0.7
1541,0.3325117722812454,42.64119836711539,25.238062105376567,0.015649700164794923,0.75
1542,0.731851036709954,41.842469199513275,41.842469199513275,0.015478003025054931,1.0
1543,0.683015639705301,38.737192624586484,34.616204488272814,0.01661064624786377,0.95
1544,0.5247621619713929,40.644979864444494,45.34357881087684,0.016173481941223145,0.85
1545,0.4817504526161153,26.62196833158318,22.081964227299082,0.016019797325134276,0.8
1546,0.3931732137759096,28.253147827389874,17.97429717097639,0.015799558162689208,0.75
1547,0.25871320251281754,35.256116029965085,28.729314634928073,0.015785074234008788,0.7
1548,0.5016947925289518,36.415983671514134,40.096211054078836,0.01674370765686035,0.85
1549,0.33701622405354215,31.944466891477486,30.927856245139694,0.015576040744781494,0.75
1550,0.37346024170074565,38.21154227797426,18.895443303098507,0.01559823751449585,0.75
1551,0.39659320864943937,24.484780768088534,25.409455042766243,0.016207075119018553,0.75
1552,0.519585399427584,36.55193517515052,34.55516486288893,0.015662872791290285,0.85
1553,0.3719190416498944,31.571087625688875,23.125587860300392,0.015608787536621094,0.75
1554,0.4819762452648709,32.65099741362679,31.09924200925647,0.016223299503326415,0.8
1555,0.4078063155546083,23.21203373191795,24.08286484380819,0.01576162576675415,0.75
1556,0.5322795596524296,31.494374840948108,34.00484039265653,0.01642054319381714,0.85
1557,0.6346616074459708,32.36137746856495,28.95314046038324,0.015620481967926026,0.9
1558,0.6557846044980739,22.484987647876757,22.84812196990815,0.016044652462005614,0.9
1559,0.4870740141667743,27.94907705792574,24.677967996357552,0.015928685665130615,0.8
1560,0.39633778178230344,25.261418270349417,15.365035191908644,0.015521132946014404,0.75
1561,0.4502554502223788,28.776167677951634,32.36922928624716,0.016603875160217284,0.8
1562,0.40683140245948357,30.84900124863945,22.03702497037924,0.01598536968231201,0.75
1563,0.6516424563054289,27.476853315355225,23.072684120856252,0.01556832790374756,0.9
1564,0.5674897251119151,31.168826439103885,28.232895667908203,0.015938031673431396,0.85
1565,0.5328266655443128,37.53188740734063,34.421212240328735,0.01630007028579712,0.85
1566,0.20852778892940577,40.51158148826876,31.066892484365766,0.015901732444763183,0.65
1567,0.5789522893078342,27.000883870801527,22.801902191719048,0.01590043306350708,0.85
1568,0.5193289020457552,27.770687564393018,17.80523156597394,0.016658830642700195,0.85
1569,0.5632545021167671,32.08825675118412,23.642595125876465,0.015958142280578614,0.85
1570,0.4363838333644267,38.8692442468157,24.518077158345886,0.015465795993804932,0.8
1571,0.5683508985378021,27.701433896797333,24.020815305648444,0.01643873453140259,0.85
1572,0.36867035136947374,28.921514792487166,25.909149644328828,0.015459823608398437,0.75
1573,0.5785805499186882,23.321864482555952,24.00643012317721,0.01572389602661133,0.85
1574,0.5616826397707155,32.265907283873176,22.91277927111159,0.01576731204986572,0.85
1575,0.5836795680435276,24.35543722279386,25.83469773375773,0.015504670143127442,0.85
1576,0.6651312513515837,28.579106779040764,29.858045341279837,0.01643970012664795,0.9
1577,0.6814907444898238,25.94228452910658,16.546633389397496,0.01587831974029541,0.9
1578,0.7542917140673074,22.856228258985116,23.086368183184575,0.01570279598236084,0.95
1579,0.37222451903205317,31.44379310867662,22.1690331983851,0.01583254337310791,0.75
1580,0.5877882269921914,24.41045390714456,25.026585912861698,0.01608428955078125,0.85
1581,0.44509514136092587,23.373982366290758,23.912039660936728,0.01581605672836304,0.8
1582,0.5890349721090844,36.923158454104495,38.79762901868842,0.01620866060256958,0.9
1583,0.7700637082120176,27.273118562501217,22.581257394108004,0.015725469589233397,0.95
1584,0.4818475185009884,32.4870554306449,17.77430139215134,0.015474152565002442,0.8
1585,0.6851188202319494,24.339275088924488,20.09648906086595,0.015886616706848145,0.9
1586,0.765415515346538,27.07255284344676,22.429967429378724,0.016402947902679443,0.95
1587,0.3738512557670755,36.74351103242422,24.034941887813815,0.016088128089904785,0.75
1588,0.3498964432979929,43.58174379725074,33.06873705851134,0.016787683963775633,0.75
1589,0.626145090603212,26.9068845915064,27.695305656596435,0.015569865703582764,0.9
1590,0.6977903486232863,16.388452593266802,16.641347530748146,0.015837502479553223,0.9
1591,0.3716584899817943,36.94095639667562,23.791720742627557,0.015674829483032227,0.75
1592,0.35666034427536053,37.89322541762693,24.77898441565069,0.0159132719039917,0.75
1593,0.3144051312219279,43.73302178265501,32.70110804273629,0.016225945949554444,0.75
1594,0.5598278109563161,39.50611711672891,31.742387461675918,0.015464115142822265,0.85
1595,0.6257587687477113,31.375098511842218,32.52701507267618,0.015479207038879395,0.9
1596,0.7431384042864924,24.17868187315032,24.33637601757578,0.015446805953979492,0.95
1597,0.3114115361543658,35.05740905476199,19.85005982941646,0.015561223030090332,0.7
1598,0.3382199519345573,49.64642557814085,27.611099688653386,0.01579200029373169,0.75
1599,0.6740803990068857,18.19246501758854,18.5763362037557,0.015336108207702637,0.9
1600,0.6671060031394338,23.271429157600895,24.118474142638487,0.01581617593765259,0.9
1601,0.6244847866052468,32.64732349786821,22.92139425328054,0.016095685958862304,0.9
1602,0.6648162135412237,23.248706552979076,24.038672923804725,0.015371370315551757,0.9
1603,0.6532386770681871,22.54063495668452,23.283270212045114,0.015266311168670655,0.9
1604,0.40700964435620746,25.323892005645067,15.26309736593596,0.015647101402282714,0.75
1605,0.5095951540529209,32.4094538107219,23.520941425194625,0.01543412208557129,0.85
1606,0.5229824978838752,32.806439608264874,29.576393685553267,0.01573290824890137,0.85
1607,0.8258799513160076,20.903241338432444,20.903241338432444,0.015710866451263426,1.0
1608,0.5817579912892972,21.850870009838328,16.945406955929794,0.01527341604232788,0.85
1609,0.4547442635827517,36.86251328774462,28.282116302081526,0.01539309024810791,0.8
1610,0.6335839379675,26.326885282382978,22.22294546606438,0.016024744510650633,0.9
1611,0.4411496751216443,21.993068369375287,18.13043639170898,0.015821588039398194,0.75
1612,0.45781788221608394,24.25518763094024,19.952763135632317,0.016163945198059082,0.8
1613,0.5220417366783283,20.53693997749118,20.396503799816468,0.016148078441619872,0.8
1614,0.5727035025786147,23.917936597734816,18.456403375077986,0.01558079719543457,0.85
1615,0.7233413292215316,34.365071283988364,29.667290343572027,0.015574049949645997,0.95
1616,0.4076631205385812,34.232470672729896,26.160450349393514,0.015358376502990722,0.75
1617,0.578442351742993,44.70819371427641,36.54931008810999,0.015288901329040528,0.9
1618,0.3408591737295528,25.72726158221975,20.88946659015719,0.015482139587402344,0.7
1619,0.4586013830354756,26.390982857685362,22.989497607440384,0.01600304841995239,0.8
1620,0.5194856538928251,30.24241271398647,31.05776986684063,0.015761196613311768,0.85
1621,0.5942475956391273,23.884051715970614,18.604141430706566,0.01625465154647827,0.85
1622,0.7311937328458911,27.476959959881714,28.010798556995162,0.015354883670806885,0.95
1623,0.6483213665446155,27.507662692367724,22.734626029310373,0.015489006042480468,0.9
1624,0.6424113009551276,28.780874669952475,30.17918640940252,0.015917861461639406,0.9
1625,0.7545159223143978,19.242594435388504,18.9210192455349,0.015799570083618163,0.95
1626,0.6087924317167053,28.146390391952128,29.241911050615418,0.01577737331390381,0.9
1627,0.23364850242155302,26.666884533785584,16.168635281772833,0.01555933952331543,0.65
1628,0.566065143438912,24.291229221891104,25.25711930326958,0.01578056812286377,0.85
1629,0.4729999152171449,29.051201693513537,32.28013207697023,0.01581031084060669,0.8
1630,0.5946219084732856,24.650893086083705,24.931628565481677,0.016009962558746337,0.85
1631,0.5059278194634017,25.020876595262475,15.31159206235143,0.01567661762237549,0.8
1632,0.6056707141710199,22.966166840005535,18.653836059427224,0.015701329708099364,0.85
1633,0.7559504920315143,21.762567437749876,21.919722457659308,0.01560293436050415,0.95
1634,0.7419711148459947,25.64121438346684,20.942725631207587,0.01579267978668213,0.95
1635,0.61354189871029,22.878455047069412,24.528231787607076,0.015534126758575439,0.85
1636,0.7631947581405889,24.162716476841798,24.758933385843577,0.01563568115234375,0.95
1637,0.4516972138456527,27.364820948037885,17.63967651653379,0.015416204929351807,0.8
1638,0.4487126196050911,29.545621055264366,20.027829921407935,0.015765047073364256,0.8
1639,0.852765627680266,16.417098797307595,16.417098797307595,0.015578925609588623,1.0
1640,0.5044300389071464,17.523305626119082,17.87431172694951,0.015618503093719482,0.8
1641,0.6700577475620273,22.158079960739204,17.665776943219484,0.01552952527999878,0.9
1642,0.4539685580461928,22.208611222538114,17.579733274346104,0.015850305557250977,0.75
1643,0.5699454379616338,27.72924076800548,29.606579980612874,0.015503108501434326,0.85
1644,0.39502837454299905,25.889516299435268,16.92427630876036,0.01569279432296753,0.75
1645,0.6373411554590266,25.730757348118395,21.364341820622847,0.01603907346725464,0.9
1646,0.6739037668240615,17.834264596416737,17.496886730673342,0.016053617000579834,0.9
1647,0.671446238734338,18.882956266488073,18.88054000081231,0.015621781349182129,0.9
1648,0.1400086610880599,25.277489074094376,20.53157760620732,0.01577814817428589,0.6
1649,0.4089703637170726,22.049662963401623,16.634813909358673,0.016089200973510742,0.75
1650,0.6284168143778103,29.199959955193815,24.714770707624307,0.015661120414733887,0.9
1651,0.3022975024709215,29.5700166913012,20.31862430883371,0.01565845012664795,0.7
1652,0.5714806255306726,28.297269475455824,30.14496300633888,0.015691590309143067,0.85
1653,0.6491618632357499,29.13338047954382,30.470588873963454,0.015611112117767334,0.9
1654,0.741608166337603,23.14504790803482,23.794842862224673,0.01602569818496704,0.95
1655,0.6553925068651856,24.107623027049375,24.767527868298338,0.015249335765838623,0.9
1656,0.6034583279568921,35.170799673138056,31.499536306808587,0.015074372291564941,0.9
1657,0.22553680894592837,27.886258675859136,17.912795203707176,0.015441620349884033,0.65
1658,0.5701026440714525,28.802081383298468,30.44225281700151,0.015657615661621094,0.85
1659,0.46407618705295767,21.54012975516593,16.603191561450526,0.01547412872314453,0.8
1660,0.7365295949096604,26.773074155958465,22.08558109107004,0.01614701747894287,0.95
1661,0.5412329916643487,34.83068023443809,26.241183223129397,0.015854930877685545,0.85
1662,0.10329684834843231,38.43473607588756,19.485552558117128,0.015715467929840087,0.6
1663,0.6844083756816436,37.695302217485654,38.78535485046024,0.015947842597961427,0.95
1664,0.6688783434730453,25.929798943930315,15.83125822994953,0.01598644256591797,0.9
1665,0.2919467580522769,35.84543129525832,29.706244928344972,0.01603885889053345,0.7
1666,0.5225386776990837,37.19254567193698,28.578694891942376,0.01602543592453003,0.85
1667,0.5762533010643085,24.44217113134178,19.538071095329475,0.015728199481964113,0.85
1668,0.6234821159732664,16.32749539620207,16.287323608173548,0.01590695381164551,0.85
1669,0.5977477886035603,34.01822608478503,30.775745762165904,0.01616387367248535,0.9
1670,0.5412373610693567,25.84639793890774,25.987094029758037,0.016947126388549803,0.85
1671,0.3957026274768637,22.838328183068832,24.841227942894,0.015787065029144287,0.75
1672,0.5643526770856535,33.23328568284049,30.73845488834533,0.015529119968414306,0.85
1673,0.2699252705403863,34.005149303104545,34.49320600311311,0.015846920013427735,0.7
1674,0.6157053978650187,38.70797157041553,35.94479559886504,0.015656495094299318,0.9
1675,0.49202946107042206,27.943384409908543,24.588549718405773,0.01586097478866577,0.8
1676,0.371739796874078,37.0894373270783,29.95553595688558,0.01564657688140869,0.75
1677,0.41870966612214033,22.204678697563835,24.45608732242322,0.015734934806823732,0.75
1678,0.6540354910047499,22.322387014487866,17.38892828256397,0.016616618633270262,0.9
1679,0.43645377659503354,34.4348475609835,32.23922800101572,0.015771234035491945,0.8
1680,0.651051285516993,24.279148958273545,25.22454274533321,0.015853333473205566,0.9
1681,0.6638769600621449,21.713473018271596,22.30360931009252,0.01560513973236084,0.9
1682,0.46565534052585084,30.50298595978098,21.782042955977314,0.01567385196685791,0.8
1683,0.3808464629020969,34.552761292235814,26.893668447499028,0.015510749816894532,0.75
1684,0.4915244438888223,27.5744048525969,18.501374778481306,0.015666282176971434,0.8
1685,0.5896074659909155,19.4888478909153,20.162262131648614,0.01543046236038208,0.85
1686,0.39312319058507084,27.13381781896972,23.436454997797316,0.01495591402053833,0.75
1687,0.6584640776497681,29.447588330405914,19.97740187672025,0.015816307067871092,0.9
1688,0.4765468101036821,25.540271797076564,27.00617617433148,0.015573787689208984,0.8
1689,0.5285954054516111,39.97599248324787,26.541944644470785,0.01574629545211792,0.85
1690,0.8511940969688118,19.863058283969686,19.863058283969686,0.015677011013031004,1.0
1691,0.49677271829877234,19.09521997931998,19.287270554300413,0.015696704387664795,0.8
1692,0.5443121182416826,26.984658858055315,17.395457889871288,0.01611051559448242,0.85
1693,0.3706985045511598,26.554365950240925,23.120134209980343,0.015844845771789552,0.75
1694,0.3920928568779652,27.80222777390734,24.586638134804254,0.015427815914154052,0.75
1695,0.7108475214844371,28.36980729778752,28.830803139492087,0.0157240629196167,0.95
1696,0.7483283553703302,18.526278737434545,18.562683780999453,0.01582047939300537,0.95
1697,0.5574477357112516,29.52773840179936,20.524345238609577,0.01578810214996338,0.85
1698,0.4524892853966853,30.8164876556046,27.839847446922768,0.015370666980743408,0.8
1699,0.6880803841753882,22.83319099948246,23.823680563933735,0.015893971920013426,0.9
1700,0.24153623951066047,38.813068429429215,25.259527321096872,0.015326869487762452,0.7
1701,0.6804012463272402,21.83219285981783,21.097214847479407,0.015892326831817627,0.9
1702,0.6516868190678785,30.74443926477294,25.726860114724083,0.015857243537902833,0.9
1703,0.5525847202691239,30.574820788124462,32.794756338027675,0.015600490570068359,0.85
1704,0.6612687364766873,23.196005463083292,17.236299800631954,0.015671050548553465,0.9
1705,0.6798036719403514,23.037371025765406,24.02531459568884,0.015887236595153807,0.9
1706,0.47873106258303616,26.518892608382714,22.912116556677187,0.01596766710281372,0.8
1707,0.36335898206523776,29.354748969338317,26.851512240702423,0.015695858001708984,0.75
1708,0.3507705968409586,21.159146410559106,21.076103533986288,0.016199934482574462,0.7
1709,0.496372623048184,20.32277468859812,21.30565890618933,0.016205871105194093,0.8
1710,0.4127301970509453,25.321722907599582,20.27404093023838,0.01606510877609253,0.75
1711,0.413926463374083,25.096541856918783,20.6306684069516,0.01580157279968262,0.75
1712,0.7127906813225587,22.35219451228655,17.5342537531951,0.01639634370803833,0.95
1713,0.4083395738235488,25.00156558565523,20.857957757992747,0.016270387172698974,0.75
1714,0.42169997068343335,22.73923720908919,21.56890415299779,0.015556907653808594,0.75
1715,0.25372688180433484,18.574024317438614,18.259070066867473,0.01562262773513794,0.65
1716,0.5497614335492157,22.006962343326144,16.81693355333593,0.015518832206726074,0.85
1717,0.8368374545540564,22.9340404671689,22.9340404671689,0.015993845462799073,1.0
1718,0.663090081423172,24.06083923352467,24.414352377655415,0.016136085987091063,0.9
1719,0.5894390959503817,22.969169305228846,17.710867625645598,0.015968465805053712,0.85
1720,0.8321308428578199,23.369641910138284,23.369641910138284,0.015504860877990722,1.0
1721,0.7319899855739758,24.529282842919628,24.853045658672233,0.015801048278808592,0.95
1722,0.4293018292435892,22.895373294370234,18.21769706608558,0.015755343437194824,0.75
1723,0.8323920181786788,24.540715516870215,24.540715516870215,0.015674138069152833,1.0
1724,0.6298320512946898,32.73274745390311,34.050772134864076,0.015567755699157715,0.9
1725,0.62278807455361,27.40545959941228,23.026953570180567,0.01561143398284912,0.9
1726,0.7701658477562473,23.510425328924633,23.704333042241,0.015349018573760986,0.95
1727,0.6065682562361608,20.231524076247556,19.94873541843518,0.015932726860046386,0.85
1728,0.5036946312233319,16.621914110210408,15.737465501449424,0.015884530544281007,0.8
1729,0.6853202390487827,22.257082110299613,17.581982857715722,0.015990054607391356,0.9
1730,0.5333810767998308,27.83609172190406,24.049979060298806,0.01573573350906372,0.85
1731,0.3683235110076728,38.011343747519234,31.899914665573885,0.01614844799041748,0.75
1732,0.42276159444370087,23.977123811254618,13.71041567846312,0.015927791595458984,0.75
1733,0.5842316761285814,33.45586186859542,30.806700028340256,0.015918421745300292,0.85
1734,0.7915014895700161,26.204370606455534,26.204370606455534,0.015593516826629638,1.0
1735,0.4298564492261233,21.06809478777341,15.981339617512651,0.015288269519805909,0.75
1736,0.785939477534508,22.562534844957767,22.660295417911236,0.01564922332763672,0.95
1737,0.4171453575338487,31.614483840572188,17.194102469606925,0.015987563133239745,0.75
1738,0.627552978993467,18.83583170237123,18.970811981314334,0.015535616874694824,0.85
1739,0.6859709556877414,23.0562720261944,23.95794050451657,0.01604180335998535,0.9
1740,0.5305380506588293,17.109041886369862,17.191621763616638,0.015430736541748046,0.8
1741,0.4587010656816207,31.990560247586824,18.033693202016607,0.015267324447631837,0.8
1742,0.40993448040123875,23.570162746756743,18.992674126546014,0.015519499778747559,0.75
1743,0.5594493354018402,29.278770902533807,19.796868568639034,0.015715789794921876,0.85
1744,0.396140233951455,32.84068225648392,25.004123248113594,0.01609339714050293,0.75
1745,0.3835509657118267,30.339567277189918,21.890244759803448,0.01564173698425293,0.75
1746,0.662294338083653,29.96149328131508,26.256796904954246,0.015768265724182128,0.9
1747,0.6578489853716809,23.34932847537993,24.185974458657558,0.016074550151824952,0.9
1748,0.662801638845438,23.540192607912964,24.30276418430595,0.015620613098144531,0.9
1749,0.7236430980035137,16.483083920300423,16.38420058030637,0.01545013189315796,0.9
1750,0.5868363590216374,22.33873673025845,21.974836058466774,0.01530914306640625,0.85
1751,0.608379416017993,36.38513743130127,27.713076847116824,0.01539081335067749,0.9
1752,0.6752110024248268,18.867021707829856,18.769527294962245,0.01566901206970215,0.9
1753,0.6692800069988765,22.794787302163076,23.257714811232088,0.015680134296417236,0.9
1754,0.4774075912795638,30.729119316902654,21.999422439884007,0.01580948829650879,0.8
1755,0.6783601715792484,21.04179967158716,21.48952467445389,0.01564469337463379,0.9
1756,0.6156330957303677,24.39556942186738,19.74885655611095,0.015658020973205566,0.85
1757,0.5698951228713683,18.237515209338046,18.313208566242082,0.0157004714012146,0.85
1758,0.8538454639325049,17.689327979759565,17.689327979759565,0.01599153280258179,1.0
1759,0.6536852285742392,27.201563793698263,22.432650723116993,0.015841877460479735,0.9
1760,0.5815921044720476,27.97651007126741,18.37470228181304,0.015969598293304445,0.85
1761,0.6081868042407882,19.514902085163836,19.88412785173321,0.015967237949371337,0.85
1762,0.5624313117117278,25.392526113530867,21.180098212471993,0.016294002532958984,0.85
1763,0.6588207043155478,22.374223218121337,23.02383016889554,0.016041898727416994,0.9
1764,0.498595469621507,21.825649740539653,16.74973667332683,0.015789449214935303,0.8
1765,0.5829628205276411,16.902659693634504,17.2252741676106,0.015635180473327636,0.85
1766,0.7571134407608977,18.140740820523437,17.945448427873963,0.015347778797149658,0.95
1767,0.6587189342160458,25.87240062903924,26.92791455704463,0.015720105171203612,0.9
1768,0.6640457752201048,19.999945412310506,20.22360694182236,0.015735459327697755,0.9
1769,0.5704362058854294,28.9053403638383,25.66709688155812,0.01588386297225952,0.85
1770,0.4717160877800537,20.9523563085609,14.32740886376835,0.015871500968933104,0.8
1771,0.6855283888263394,18.595682008382887,18.24816777918556,0.016052472591400146,0.9
1772,0.8164695712301391,16.142055147762427,16.385961388760197,0.01588510274887085,0.95
1773,0.8635487474805608,17.823686906062754,17.823686906062754,0.015727460384368896,1.0
1774,0.6934033966441583,17.62357235056724,18.163055723783188,0.01577085256576538,0.9
1775,0.7304043178317278,17.553822142291644,17.307915512761976,0.01646207571029663,0.95
1776,0.68457702709419,16.76100597695682,16.862203442244695,0.01615452766418457,0.9
1777,0.6988757659921764,17.362974655830655,17.484992994446813,0.015946674346923827,0.9
1778,0.6910022214527382,19.57929048484926,19.89878615869685,0.015616023540496826,0.9
1779,0.593520853216192,18.70707010454351,18.21525025987708,0.01604839563369751,0.85
1780,0.5646796346751239,23.483359323385486,19.169532721125513,0.016065156459808348,0.85
1781,0.49371366840924125,24.046032277255215,18.6391816295485,0.016170358657836913,0.8
1782,0.5495785044141485,19.71970708751865,19.720230757348634,0.015718615055084227,0.85
1783,0.6612520240247411,21.164618268917035,16.263578325514445,0.01604783535003662,0.9
1784,0.8053303261317243,16.83724413356018,17.00926318181555,0.01578686237335205,0.95
1785,0.8579902760801417,18.26167099241446,18.26167099241446,0.015737617015838624,1.0
1786,0.6241699592547798,17.040397215539766,17.035839544991717,0.015855693817138673,0.85
1787,0.601973694347572,20.711577398695432,21.008697554902863,0.016104400157928467,0.85
1788,0.6409309986329661,17.94378291123928,18.183409312018238,0.015363466739654542,0.85
1789,0.5690079403929531,22.760488761013924,17.767202972533585,0.01596195697784424,0.85
1790,0.759532915073122,21.475083581482696,21.752224879563272,0.015600049495697021,0.95
1791,0.5121198079310627,24.11183652042383,20.16174419116293,0.016132616996765138,0.8
1792,0.34685734137715596,33.05709845322292,31.689588744187805,0.015998756885528563,0.75
1793,0.6203845775856041,18.34585575410296,18.616632716129157,0.015910911560058593,0.85
1794,0.5501414438259059,24.58434800179938,19.832216054422688,0.015525805950164794,0.85
1795,0.6130046457144663,17.908682031713944,18.014428135732494,0.01571730375289917,0.85
1796,0.4930815452819736,22.964327939666894,24.65919391699012,0.016169261932373048,0.8
1797,0.7531439805565587,24.057446305521324,24.60107708587064,0.015863049030303954,0.95
1798,0.523575452341806,19.93611306334524,20.92905208546817,0.015535449981689453,0.8
1799,0.4400742490250222,20.195724197661633,22.016720638183074,0.01525958776473999,0.75
1800,0.7488460952725426,20.406018752179033,20.34240507119816,0.015395772457122803,0.95
1801,0.6847580978108764,19.87084025229384,20.051659728777715,0.015584874153137206,0.9
1802,0.6648913164686087,17.494983843115172,16.87482611608932,0.01559453010559082,0.9
1803,0.4737708971016139,23.53380229075008,23.995744095428286,0.015739834308624266,0.8
1804,0.5800251742158545,16.740874719424756,16.749240022232794,0.015258467197418213,0.85
1805,0.799715894766304,18.936209367696495,18.99614479389452,0.01583442687988281,0.95
1806,0.7859245689243648,18.466597677732544,18.41372215621674,0.015850234031677245,0.95
1807,0.1549650602074942,21.773705343366757,16.837103034901798,0.01638152599334717,0.6
1808,0.33958821789394283,18.3188228137844,18.17441425408013,0.016101276874542235,0.7
1809,0.7752067716084191,17.54317532090117,17.525104748076114,0.01696430444717407,0.95
1810,0.6630998834165784,24.541562843414795,20.234240077754315,0.01568763256072998,0.9
1811,0.7530912491509785,22.364276101383396,22.96455472051355,0.015822839736938477,0.95
1812,0.3971737278507167,19.730716575163967,19.994473010419906,0.015271246433258057,0.75
1813,0.45770896052859966,18.863677151179672,19.908609263101145,0.015748369693756103,0.75
1814,0.5161213568859976,18.4193722382486,17.49201109534952,0.015804553031921388,0.8
1815,0.2934190628625105,17.929939189230502,16.196589935174657,0.015560078620910644,0.7
1816,0.7702733894593099,19.559647363573337,19.571799602403324,0.015707969665527344,0.95
1817,0.8593574296618837,19.820210612884953,19.820210612884953,0.01555711030960083,1.0
1818,0.6091323667644103,19.042408228732697,19.145365630976954,0.015929365158081056,0.85
1819,0.6570227823953779,24.7660993358788,24.010733357742506,0.015512347221374512,0.9
1820,0.6940713401040131,19.382763518706074,19.48574142395493,0.015186798572540284,0.9
1821,0.7998916278457049,17.05751211266293,17.062736618326444,0.01534658670425415,0.95
1822,0.6606719402776411,17.223273910803886,16.643436688206933,0.015482842922210693,0.9
1823,0.7859589501292433,15.81455291632921,15.614002940956105,0.015176510810852051,0.95
1824,0.6158694908700327,16.584906129546777,16.374803095827268,0.015391016006469726,0.85
1825,0.7061699557773561,17.003717519215808,16.524798931784414,0.015410244464874268,0.9
1826,0.5092945487834207,17.963074830691312,18.71530056619699,0.015527689456939697,0.8
1827,0.6785329875824309,17.518556769397435,17.31428443042765,0.016136300563812257,0.9
1828,0.36601229331726604,17.65026810590917,18.7009606699068,0.015644538402557372,0.7
1829,0.6991659876371269,17.64311599042216,17.530521246544925,0.01555246114730835,0.9
1830,0.7477954284942225,22.800598232434286,17.77855779134144,0.01548936367034912,0.95
1831,0.6453919439483052,16.351697189810917,16.857069258083335,0.01627107858657837,0.85
1832,0.7172592691170235,18.00710900026553,18.384786053945543,0.01615302562713623,0.9
1833,0.7062734023275439,18.417708055221546,17.557599587841136,0.015921759605407714,0.9
1834,0.6817148003101723,20.762698105400897,21.24763511597973,0.01577596664428711,0.9
1835,0.8524549649562493,19.146573299441805,19.146573299441805,0.01541728973388672,1.0
1836,0.43161669384508217,17.788866423264732,18.20888668324942,0.015419960021972656,0.75
1837,0.7532340362611651,19.46704682377466,19.656912893012294,0.015728652477264404,0.95
1838,0.685810705253062,16.604177605384926,16.6092161459623,0.015727639198303223,0.9
1839,0.7024098192183894,15.714332642894627,15.373996778546704,0.01585162878036499,0.9
1840,0.8114089093627358,17.610762243699227,17.8485888410209,0.015706610679626466,0.95
1841,0.6257776581417578,18.223267522634732,18.57671169222196,0.015907251834869386,0.85
1842,0.6921371516035951,16.68826661459497,16.81994400149233,0.01631779670715332,0.9
1843,0.7200773419632243,17.606960230327164,17.77073718269774,0.01619107723236084,0.9
1844,0.7910007906245108,17.180300302086298,16.947248643860448,0.01605701446533203,0.95
1845,0.7753924146878823,16.560087221616868,16.77758520680209,0.01568934917449951,0.95
1846,0.6386733834109123,18.607257453668048,19.825244219376994,0.01571687459945679,0.85
1847,0.8952809163812965,17.990048461970865,17.990048461970865,0.01537102460861206,1.0
1848,0.8559951405611155,19.504819416859018,19.504819416859018,0.015549468994140624,1.0
1849,0.7042235851461869,19.209891557374544,18.948637760557034,0.0158480167388916,0.9
1850,0.5829337606558181,19.35468785819438,19.505734980322615,0.015264379978179931,0.85
1851,0.8588367561705421,16.57614215459795,16.57614215459795,0.015623068809509278,1.0
1852,0.7406827705397688,15.868279802651873,15.6894652814517,0.015693819522857665,0.9
1853,0.6001020947869062,18.822836561551583,18.820977960262525,0.01576179265975952,0.85
1854,0.7918220764524733,16.130572226358694,15.765297505224414,0.01609431505203247,0.95
1855,0.7556946020377151,17.91699651225038,17.973479879441097,0.01565878391265869,0.95
1856,0.7203294815652315,16.237952019202034,16.396911951096314,0.015369081497192382,0.9
1857,0.5048761403913712,16.441920798051733,15.897244086960251,0.01580348014831543,0.8
1858,0.423845963645904,16.63571879576174,16.872687346230787,0.015621793270111085,0.75
1859,0.710513663518906,17.947752519100035,16.860737828553077,0.016026318073272705,0.9
1860,0.5883955929191662,19.94763478490156,20.595275916719558,0.016014516353607178,0.85
1861,0.7749240455012407,21.42368080539608,21.33451435482188,0.016203534603118897,0.95
1862,0.6177181205692841,20.623898407013918,20.523210288196736,0.016128158569335936,0.85
1863,0.692693321980027,18.584143045526098,17.472624397881983,0.01598602533340454,0.9
1864,0.6356071972274946,20.113924701299954,20.344822448664733,0.015751874446868895,0.85
1865,0.5846949892599536,16.65405361517864,17.098907045008133,0.016244888305664062,0.85
1866,0.7036850175806434,16.833626895168937,16.567453751470772,0.015814483165740967,0.9
1867,0.8796170522100601,14.827785731555377,14.827785731555377,0.01603175401687622,1.0
1868,0.8686707962729473,15.93799933552767,15.93799933552767,0.01566735506057739,1.0
1869,0.7875163208086857,16.095962248132047,15.757534010602678,0.015917956829071045,0.95
1870,0.692516078194896,16.367459649987204,16.373825367910868,0.01598646640777588,0.9
1871,0.6078847016908047,18.211410617084297,17.682510939466237,0.01588505506515503,0.85
1872,0.6738621111305022,19.03837238546537,19.123110750645385,0.015748226642608644,0.9
1873,0.6569604898557271,21.984791734372045,22.759079474112028,0.015762054920196535,0.9
1874,0.6040149024562342,21.399119526887684,21.901714618577717,0.015493464469909669,0.85
1875,0.8073800494582238,18.986170383754903,19.421385490023802,0.015919184684753417,0.95
1876,0.43557438915523206,16.579309654188243,16.17571378590938,0.015469539165496825,0.75
1877,0.7137953932991274,16.465167126787836,16.388708212782625,0.015552890300750733,0.9
1878,0.7792312730164703,17.306636152125293,17.439533424159112,0.015999412536621092,0.95
1879,0.6114969907637532,17.00216513676913,17.226621437051282,0.015629220008850097,0.85
1880,0.47260652559069716,14.717610958538703,14.600696080261265,0.016090130805969237,0.75
1881,0.43766221463428473,19.18062033569543,19.57072312907083,0.01596778631210327,0.75
1882,0.7709203703471671,18.350989416223747,18.50956828804306,0.016652989387512206,0.95
1883,0.6458137907038572,17.198302745529315,17.524794051127294,0.016078376770019533,0.9
1884,0.7843721700280566,18.949128541826326,19.253935609909195,0.015714120864868165,0.95
1885,0.6020036175357161,18.70178556545455,18.0324791947479,0.01602046489715576,0.85
1886,0.5725887278262711,19.567993517936124,19.07774075250102,0.01569761037826538,0.85
1887,0.6175434516476013,16.833877646047767,16.347534739413987,0.015925443172454833,0.85
1888,0.4402061655300605,17.793268049899186,17.995707370236573,0.0159635066986084,0.75
1889,0.5874401155161931,18.655861983285828,19.15225331964545,0.01564568281173706,0.85
1890,0.6532794701610187,16.291878111293816,16.457534668866657,0.015602493286132812,0.85
1891,0.7026138741502893,18.864102919373657,19.08051260411745,0.016050732135772704,0.9
1892,0.8809432587428633,18.77453163757425,18.77453163757425,0.01572943925857544,1.0
1893,0.6725349407118473,17.635115850940316,17.374935042701825,0.016679799556732176,0.9
1894,0.5286160474269848,18.969578350306882,19.40290840837957,0.016078782081604005,0.8
1895,0.8913982755035571,19.46830082241592,19.46830082241592,0.01606616973876953,1.0
1896,0.793231848732818,19.017239874260003,19.127292617565068,0.015692102909088134,0.95
1897,0.6880458583249671,18.120212395515075,18.182077412222984,0.016675150394439696,0.9
1898,0.6117712948975262,17.27418440928135,17.378055255516973,0.01597472429275513,0.85
1899,0.7951101740201734,18.017633509282682,18.15249751697672,0.0158622145652771,0.95
1900,0.3366753846604291,16.50739612296577,16.221719424945594,0.01527698040008545,0.7
1901,0.532450118936284,17.814811890644183,17.871316299705388,0.016146135330200196,0.8
1902,0.8946129764193314,17.465242429255674,17.465242429255674,0.015565025806427001,1.0
1903,0.5204994734932925,18.695432368803317,19.47517985832013,0.015939509868621825,0.8
1904,0.5989830049331326,17.596108033025253,17.41831144388267,0.015640032291412354,0.85
1905,0.7153733421103543,18.404836441122903,18.428231658361707,0.016042017936706544,0.9
1906,0.5016966812470549,17.699880669327595,17.639218507314645,0.015627431869506835,0.8
1907,0.6839633533858347,17.761317891329522,16.890681500005435,0.015590691566467285,0.9
1908,0.8185437762021494,19.40816999178658,19.40816999178658,0.01562488079071045,1.0
1909,0.6184296444085635,18.693375128636987,18.573148341554106,0.016094124317169188,0.85
1910,0.6719139750878733,18.618048804857242,18.260536325522935,0.015742218494415282,0.9
1911,0.661290348235657,19.922075623047313,19.75802438322715,0.015669524669647217,0.9
1912,0.8373489819740072,16.79108794027384,16.79108794027384,0.015505897998809814,1.0
1913,0.6086310173958023,18.08575071046076,18.58975825526223,0.016194283962249756,0.85
1914,0.7660217816629602,16.47653389280586,16.34795809687882,0.016057097911834718,0.95
1915,0.7077923776213032,17.037750433800635,16.126172627013634,0.015959393978118897,0.9
1916,0.4536378631042927,16.100395346540985,15.515737297615008,0.015540027618408203,0.75
1917,0.5250393881583938,17.679580363279605,16.667535016716975,0.02110910415649414,0.8
1918,0.7920938110811491,15.333721122151818,15.261209592059378,0.016179704666137697,0.95
1919,0.6923264349230364,18.07563280915982,17.745080511740305,0.016030025482177735,0.9
1920,0.6090640400619707,18.309040686044252,18.95723398924189,0.01589871644973755,0.85
1921,0.40120882645537054,18.123613038726813,18.389958119757967,0.01573580503463745,0.75
1922,0.7751891221080999,18.27516760176251,18.60546572043285,0.015933477878570558,0.95
1923,0.6856318676927953,17.576980603750062,17.7894870257034,0.01590437889099121,0.9
1924,0.6988794583335507,17.912723183893345,17.887524332144146,0.01628146171569824,0.9
1925,0.586771876121011,18.6335501636425,18.602832533811203,0.016964983940124512,0.85
1926,0.6859906735704211,15.004329043310275,15.024656936822396,0.016485679149627685,0.9
1927,0.864362324839469,17.53172584028619,17.53172584028619,0.01614917516708374,1.0
1928,0.8589354133957421,14.88124507245621,14.88124507245621,0.015703761577606203,1.0
1929,0.6248578417608863,17.510474896034047,17.86732519570186,0.016095280647277832,0.85
1930,0.8625636591625568,19.60275271479548,19.60275271479548,0.015752732753753662,1.0
1931,0.8006114298493212,18.675243205630842,18.955290513789624,0.016342973709106444,0.95
1932,0.7991930744388566,15.04094606327548,14.877082140066214,0.016185736656188963,0.95
1933,0.6876699798889936,16.661433871599,16.762886964715474,0.01617971658706665,0.9
1934,0.6757853448820171,18.25401214382122,18.2700202155325,0.023340129852294923,0.9
1935,0.5327249593171002,17.54851723943914,17.540807705402816,0.01660034656524658,0.8
1936,0.6823563547182919,15.93388420917716,15.031110260826088,0.016039741039276124,0.9
1937,0.5262332578960198,16.228741967180373,16.261159600115583,0.016164398193359374,0.8
1938,0.5228532705988114,17.224980011752915,17.669044941011116,0.016306376457214354,0.8
1939,0.7985403667376243,16.206953289871002,16.247653547633764,0.016108214855194092,0.95
1940,0.7790419065207003,18.309965314268158,18.42523323070948,0.01657578945159912,0.95
1941,0.7696454075971859,20.52437163940879,20.71705139990039,0.016479527950286864,0.95
1942,0.5011234608507584,16.924214790483767,17.414982403828184,0.016139066219329833,0.8
1943,0.5065928140192381,18.220571070344082,19.00928912678777,0.01602969169616699,0.8
1944,0.5911161213585101,18.568433998841336,18.90347188409376,0.016379737854003908,0.85
1945,0.7829530595811948,18.775665082261973,18.845073620730442,0.016233336925506592,0.95
1946,0.7948050833235801,19.937448152306832,19.731145118474817,0.016730213165283205,0.95
1947,0.76228768330726,20.135966548034055,20.326042165985537,0.016312885284423827,0.95
1948,0.5939841164159178,19.68556914199941,20.15593053646331,0.015943467617034912,0.85
1949,0.7720963081971127,20.319355731493662,20.520293339569086,0.015995121002197264,0.95
1950,0.5378187724470403,18.938201444838846,19.692792537989323,0.01611156463623047,0.8
1951,0.584113144227572,18.44464867448245,17.941749754481016,0.016026949882507323,0.85
1952,0.6831941993978333,18.412814609696312,18.410212134051687,0.01617434024810791,0.9
1953,0.7863974982898576,15.532048494622163,15.682833777313869,0.015447723865509033,0.95
1954,0.6833321662743213,17.455596925400087,17.17848145483614,0.019497430324554442,0.9
1955,0.6913218088347269,15.412614037624715,15.303602916379178,0.015588128566741943,0.9
1956,0.6639731456777305,19.226946870299226,17.932367578297743,0.016647350788116456,0.9
1957,0.6618634924577848,20.093165104565234,20.38714714532098,0.015406334400177002,0.9
1958,0.6144624092038193,18.120670928898285,18.925537511860163,0.015852189064025878,0.85
1959,0.6535802966919146,19.425046792947544,19.271969221182736,0.015628814697265625,0.9
1960,0.6866865232198862,16.579786575262684,16.29561405823614,0.015818262100219728,0.9
1961,0.7809132588771033,17.89469209715727,17.818259566414422,0.015485239028930665,0.95
1962,0.6893181627450349,19.312008017281705,19.419173050712377,0.015669000148773194,0.9
1963,0.7767351554419041,17.3575816464471,17.711366501308355,0.015782630443572997,0.95
1964,0.6065539446682001,18.287605321235365,18.86349240662402,0.015467953681945801,0.85
1965,0.6725431448708585,17.4621797235734,17.55329971664561,0.015272295475006104,0.9
1966,0.5973948291497212,19.149635484153457,17.847970093091167,0.015638697147369384,0.85
1967,0.8461834315213854,18.263973828015125,18.263973828015125,0.01518704891204834,1.0
1968,0.682891598597996,16.911315868157097,17.381853233484666,0.01501927375793457,0.9
1969,0.7170938626394644,16.071388097309228,15.322142524443068,0.01730678081512451,0.9
1970,0.5062747986761655,18.195530524313302,18.485938125898226,0.016687238216400148,0.8
1971,0.6791088218121597,16.806565470522695,16.737417052693118,0.01592167615890503,0.9
1972,0.669706644954815,16.156648194654448,16.333172462074533,0.015426039695739746,0.9
1973,0.7741760287383865,18.277092217256502,18.536965695925776,0.01549546718597412,0.95
1974,0.6845703029074149,17.38622602298394,17.242096554780446,0.015591716766357422,0.9
1975,0.6005943195531167,16.67788709701908,16.967901916232194,0.01581312417984009,0.85
1976,0.672145826567757,15.983309872301145,16.275752891652044,0.015556848049163819,0.9
1977,0.7613908886447788,16.15638046870091,16.03154960521428,0.015502440929412841,0.95
1978,0.8554241701007733,18.63139825997513,18.63139825997513,0.0156136155128479,1.0
1979,0.6673355243182244,20.87440670866339,21.034298035492647,0.015742671489715577,0.9
1980,0.5662297635181293,20.909264868254358,21.216444008770797,0.015691757202148438,0.85
1981,0.7081343536396612,18.335265001001275,18.458693832971576,0.015720653533935546,0.9
1982,0.8088533256669036,18.674266983464257,18.674266983464257,0.015351307392120362,1.0
1983,0.6864775040455655,19.168907240821518,19.464540097809504,0.015527212619781494,0.9
1984,0.7722034680899617,18.367499644119956,18.41530520680274,0.015430200099945068,0.95
1985,0.5256261808197611,18.746652623701923,18.984274001226247,0.01548607349395752,0.8
1986,0.6471911162581183,18.773637080593666,18.57298497439581,0.01525505781173706,0.9
1987,0.7773146920612504,17.57464753250604,17.302378932204217,0.015417718887329101,0.95
1988,0.7721073556077098,17.15506543881008,16.90534556802694,0.015755295753479004,0.95
1989,0.6707053943532224,19.079699506682644,19.09496505045525,0.015471255779266358,0.9
1990,0.6641043533199668,19.610851598187576,19.613093307253557,0.015617108345031739,0.9
1991,0.5026864978134151,18.261046418506222,19.137352419114336,0.015501439571380615,0.8
1992,0.7589007370169495,19.377314463746195,19.192820443967243,0.015516519546508789,0.95
1993,0.6712289661649095,19.472628541444628,19.79193529302613,0.01599574089050293,0.9
1994,0.7841038870926106,17.214470150429634,17.343968527372738,0.016046273708343505,0.95
1995,0.7594522899720167,17.98997853232966,18.00777255621034,0.01572185754776001,0.95
1996,0.8200345783435224,21.18257750287973,21.18257750287973,0.015460920333862305,1.0
1997,0.7708025799209663,16.93046683864033,16.96157880776021,0.015586411952972412,0.95
1998,0.6807006600129218,19.4196770529968,19.84900809408415,0.015977191925048827,0.9
1999,0.6713632123311809,20.30794006778392,20.81587525176262,0.01533057689666748,0.9
2000,0.6879308704659133,14.636705040207772,14.8496814862191,0.01585420370101929,0.9
2001,0.7668807618646433,19.50960197075363,19.84359208147544,0.016031992435455323,0.95
2002,0.4766135309118381,19.59748016356888,19.413983437844372,0.015494334697723388,0.8
2003,0.8126089600287527,20.880925382688584,20.880925382688584,0.015920233726501466,1.0
2004,0.7547406551493123,19.006062724209826,18.711829470460145,0.017737579345703126,0.95
2005,0.6057421158064378,17.0704989303257,16.912474679569144,0.01642976999282837,0.85
2006,0.499224613556511,15.327305286959136,15.63329059233051,0.01711990833282471,0.8
2007,0.7945803763065366,17.38188728724407,17.153532457857523,0.017195963859558107,0.95
2008,0.8545691178834618,16.94637708962635,16.94637708962635,0.015600645542144775,1.0
2009,0.6612705420763383,17.565795182968888,17.75845694784262,0.015431821346282959,0.9
2010,0.29813666550073836,18.690090386440595,18.25399638116317,0.015268266201019287,0.7
2011,0.8544301264461878,19.530532462284164,19.530532462284164,0.015470075607299804,1.0
2012,0.6624445233747203,18.428548114165867,18.852678424530563,0.01571810245513916,0.9
2013,0.7507769311079301,15.561334067753563,15.225794235297249,0.015718567371368408,0.95
2014,0.4944939157743834,16.577540610821565,16.638352768517546,0.01527092456817627,0.8
2015,0.577895082828467,17.350446186289393,17.047253817940906,0.015525388717651366,0.85
2016,0.692330359967927,16.419196367077518,16.51796025971508,0.015569341182708741,0.9
2017,0.5168878737795031,20.009589914407112,20.83282563588505,0.015858876705169677,0.8
2018,0.6697759522315099,18.28434991378365,18.472401118572893,0.01637599468231201,0.9
2019,0.7784053355628747,18.92009376298463,19.279654478675795,0.01563495397567749,0.95
2020,0.7650323453772039,17.269911122998632,17.50310760218585,0.015732085704803465,0.95
2021,0.6706090040958664,18.083723100537192,18.565250121323928,0.01573113203048706,0.9
2022,0.5137880319133696,18.29153850057576,18.634982146507266,0.015986478328704833,0.8
2023,0.767812957736681,17.770866682025705,17.87785146111687,0.015973150730133057,0.95
2024,0.7510054103603087,19.3503973745136,19.334096829753904,0.017125475406646728,0.95
2025,0.7618587538643076,18.135050859915793,18.033820370401834,0.016165828704833983,0.95
2026,0.7759307489873275,17.96990396484467,17.719995935641254,0.015856218338012696,0.95
2027,0.6941944738315685,19.59031773549291,20.00226535584029,0.016129815578460695,0.9
2028,0.7836133191779066,19.12702179076805,19.532191828391664,0.015902340412139893,0.95
2029,0.4843765545589494,18.253238001197364,17.994315619222476,0.03284153938293457,0.8
2030,0.6698783321840279,17.879863050436636,17.487890767072777,0.015827476978302002,0.9
2031,0.7736127192290808,17.92387171599177,18.15829579633997,0.016165149211883546,0.95
2032,0.609538734729587,16.99511450474703,16.216563099131662,0.016407084465026856,0.85
2033,0.5817149070185419,18.52536643182897,18.399901723170434,0.015733659267425537,0.85
2034,0.6004355529446903,19.496636802093455,19.851280668055768,0.015620970726013183,0.85
2035,0.8219489635346457,19.35355290703321,19.35355290703321,0.01579427719116211,1.0
2036,0.6002414430606434,15.981075543480799,15.930714452053234,0.016044044494628908,0.85
2037,0.4137221417884215,16.879193135843412,16.558142090041457,0.01677989959716797,0.75
2038,0.681268089227178,15.872926697297274,16.44693829415363,0.015500056743621825,0.9
2039,0.5792083743060805,16.46859804750942,16.42900088365869,0.015457534790039062,0.85
2040,0.5279682845094693,19.25191174096524,19.10604742537673,0.01551351547241211,0.8
2041,0.7539622264104053,15.396025381945213,15.424492549664548,0.015767431259155272,0.95
2042,0.7642696849767932,22.956675770397133,18.12617383240315,0.01532762050628662,0.95
2043,0.6791999415232025,16.483537590773135,16.80234533326174,0.015278613567352295,0.9
2044,0.48964305387606694,21.814349017804055,17.09699659951695,0.01567254066467285,0.8
2045,0.6607910675811599,17.230654989860696,17.250648269420672,0.015560364723205567,0.9
2046,0.5236891405537876,17.17921604570065,17.022842681921524,0.015514111518859864,0.8
2047,0.5782302052947711,18.325581602073434,18.750478890327432,0.015201640129089356,0.85
2048,0.7415744413334676,18.611972462220525,18.545135366596146,0.015413272380828857,0.95
2049,0.6805312206602551,19.56279156717974,19.75316102153175,0.015888941287994385,0.9
2050,0.7570808224360288,19.36673119379434,19.24897914326841,0.015223467350006103,0.95
2051,0.3168125582916951,18.636723215942933,17.63440333449968,0.015564191341400146,0.7
2052,0.7534726875532471,19.95818052679771,20.149342771154018,0.01534661054611206,0.95
2053,0.661268306514561,21.999108192783787,21.799763550335015,0.016308343410491942,0.9
2054,0.6537824982880781,22.302056884652725,23.09468016972786,0.015248143672943115,0.9
2055,0.6084003340645017,18.325886612048738,18.27416246908131,0.015318012237548828,0.85
2056,0.7512080681083327,18.491520047154985,18.395416824698092,0.016146361827850342,0.95
2057,0.6144158747335564,18.31949547156438,18.349950720433434,0.015523755550384521,0.85
2058,0.6016558531478144,19.24267398065722,19.335805614425297,0.015397751331329345,0.85
2059,0.6913650885070788,17.878537203879375,17.99439000442845,0.015460014343261719,0.9
2060,0.6859110852930435,18.740773872774376,18.74021623755279,0.015901756286621094,0.9
2061,0.6479144191596123,16.637587256075985,16.433566588523327,0.015679216384887694,0.9
2062,0.4321196400672589,19.639416518354302,19.803802963892245,0.015304839611053467,0.75
2063,0.5624681255144472,19.78417360033213,20.240843139344463,0.015592968463897705,0.85
2064,0.8306315158274314,22.71211311323348,22.71211311323348,0.01601365804672241,1.0
2065,0.49526623233312683,17.05757673198295,16.114262340893447,0.015824079513549805,0.8
2066,0.6462463693169557,24.313058645116893,25.288179608578982,0.01561676263809204,0.9
2067,0.579779035520802,19.04247396326937,18.81028744918021,0.016008496284484863,0.85
2068,0.5673324214223241,21.689589107504446,22.452560352933638,0.01562683582305908,0.85
2069,0.753734867132791,18.02161240496201,18.187734958201894,0.015714490413665773,0.95
2070,0.6466437657602555,18.578476541724743,19.20072890101522,0.015204179286956786,0.9
2071,0.732067453698954,18.247655745253702,17.960302622509666,0.015021693706512452,0.95
2072,0.5650308736943228,24.602374815588824,19.72172971981219,0.015336835384368896,0.85
2073,0.6780195337427894,18.49144579049333,17.558325612311343,0.01550370454788208,0.9
2074,0.5656728480534136,22.691980983101512,23.52039896744009,0.015804982185363768,0.85
2075,0.6518773676183779,21.24391992409179,21.860349698193847,0.015560519695281983,0.9
2076,0.4674218713303319,22.736987124989618,17.75161769087005,0.01565181016921997,0.8
2077,0.4086021356737583,17.2276284407609,17.204331915121845,0.015568840503692626,0.75
2078,0.48237807966139545,23.705039675261652,19.45491820082613,0.015793251991271972,0.8
2079,0.5779114664576567,23.774995482379673,19.440337167553942,0.01597464084625244,0.85
2080,0.6430347344671687,23.57949324253585,24.07744745855969,0.015541326999664307,0.9
2081,0.564915798760679,29.147897054951937,24.5397755384422,0.015479850769042968,0.85
2082,0.6943958077594656,31.213843185817957,26.421060222680733,0.015598297119140625,0.95
2083,0.6480497915183229,24.522340016744838,19.922238694912725,0.015886306762695312,0.9
2084,0.7627385198068461,19.73472237408621,20.091059925899994,0.015591919422149658,0.95
2085,0.4742943914172266,22.634724962828553,18.609362753506055,0.01568502187728882,0.8
2086,0.49221979034263585,24.16273445643862,25.397495376053048,0.016148853302001952,0.8
2087,0.4821371891901138,22.70005148631434,18.60513678303628,0.015502369403839112,0.8
2088,0.7225468086475199,25.084140079574816,20.30827382568099,0.015466856956481933,0.95
2089,0.44986377932234617,30.322214830126182,20.31479998148833,0.015590739250183106,0.8
2090,0.47537839029183837,25.781360990084853,22.402487574733584,0.015332913398742676,0.8
2091,0.6092242365478577,29.99764016494179,26.09515985834227,0.015251708030700684,0.9
2092,0.8064242247887188,18.683468003575975,18.683468003575975,0.015337324142456055,1.0
2093,0.7425174060481166,18.29575260553875,17.274716119634025,0.015672433376312255,0.95
2094,0.47461992485277305,16.747983182628566,16.149660079229086,0.015515899658203125,0.8
2095,0.6768603592351001,15.057476722615457,14.649036982054376,0.015198957920074464,0.9
2096,0.5975745491062738,18.19469916080439,18.534109781073653,0.01565258502960205,0.85
2097,0.47398681427379874,25.10162814114489,21.02120290802752,0.015841734409332276,0.8
2098,0.8333217585220976,21.17727124336463,21.17727124336463,0.01556081771850586,1.0
2099,0.44451579484178794,22.195612020214288,17.54798179809582,0.015935444831848146,0.8
2100,0.8044471912928712,18.725048389962897,18.725048389962897,0.01583542823791504,1.0
2101,0.8159826277111956,22.651450905695853,22.651450905695853,0.015436172485351562,1.0
2102,0.6297614366419222,25.231961659695287,20.561207918666437,0.015431904792785644,0.9
2103,0.4313281072188384,20.884691289314965,21.1902933378871,0.016031479835510253,0.75
2104,0.6529572533255831,22.475980260783285,22.968234325182586,0.015876853466033937,0.9
2105,0.4126339666497477,19.401245714906587,19.738830495569875,0.016480743885040283,0.75
2106,0.5563712751430601,24.06757622398639,24.680243259751425,0.016222167015075683,0.85
2107,0.5438911692924422,23.20063484016248,23.657233981437933,0.015890634059906004,0.85
2108,0.6318689757353301,22.947746198952515,18.472384368692545,0.015810465812683104,0.9
2109,0.6588055960002972,23.713916753673992,19.35773252205958,0.016012406349182128,0.9
2110,0.4418279291386812,37.506552576065026,28.997450976600494,0.015604913234710693,0.8
2111,0.6758324451080953,21.144540175761396,16.36764310542379,0.015335214138031007,0.9
2112,0.5401038533824847,29.329964235327886,19.898637334637712,0.016043055057525634,0.85
2113,0.5655415781069488,22.717370080452007,17.869779864646414,0.015540695190429688,0.85
2114,0.6633374334925932,18.874260134612918,19.393165794026213,0.015460729598999023,0.9
2115,0.38176333379163874,22.94494100754498,17.805168219789525,0.016060853004455568,0.75
2116,0.19262234197769365,29.17011578873406,18.845478963883775,0.015479969978332519,0.65
2117,0.45072159200460515,24.77942794954613,21.006383950249493,0.015661907196044923,0.8
2118,0.3767769921055427,31.273611074581588,28.36965770490416,0.01567004919052124,0.75
2119,0.6434955235207183,23.94087521108965,18.940952617552526,0.015626347064971922,0.9
2120,0.48536255893462543,28.890843829068523,32.37179620732813,0.01533583402633667,0.8
2121,0.7209446390404477,26.297031715222978,21.888746112369567,0.015762138366699218,0.95
2122,0.6566102293916847,24.885645851645084,26.096998449756697,0.01591242551803589,0.9
2123,0.6449085101677773,18.50547338678927,18.207945413026877,0.015654993057250977,0.9
2124,0.5476677058684201,26.75743475782146,22.22904840248591,0.015423929691314698,0.85
2125,0.43703407171763925,28.06662426529578,23.840950636471067,0.015712404251098634,0.8
2126,0.692072094138742,17.970824133749755,18.051203659560674,0.01571335792541504,0.9
2127,0.587721561514792,19.89425798237876,19.873380465939164,0.016237080097198486,0.85
2128,0.6619023844471933,19.354706194131193,19.462159923774237,0.015342998504638671,0.9
2129,0.37247349127762464,25.066847854386854,25.874886645269406,0.015351700782775878,0.75
2130,0.5046031472099087,23.00506875569609,22.691481579804872,0.015649056434631346,0.8
2131,0.5089438425908737,30.55983378037281,31.40415198663283,0.015561950206756592,0.85
2132,0.6236301584087536,23.896979345902658,24.218935203275162,0.01564202308654785,0.9
2133,0.5912913924637995,18.433152711842503,18.236554737519647,0.015963852405548096,0.85
2134,0.41869075283409113,39.41135026723301,32.985339605073975,0.015418720245361329,0.8
2135,0.7445354615644122,18.00278105445974,17.872743926563274,0.015693366527557373,0.95
2136,0.5506778374404141,26.88529801193751,23.39535679258944,0.015981197357177734,0.85
2137,0.5959156695656012,33.80800189887787,24.823791210455123,0.01741037368774414,0.9
2138,0.5586340436042577,22.894282032173113,18.384981148232697,0.01575498580932617,0.85
2139,0.643537387523794,29.658726008879018,25.380925512365067,0.01570831537246704,0.9
2140,0.5220803483969465,18.771418287782648,18.762088670433712,0.016122603416442872,0.85
2141,0.6562152055298991,19.21002299662309,19.375045577758105,0.015463733673095703,0.9
2142,0.6712827310324476,17.604907580340285,17.963144908782553,0.015347230434417724,0.9
2143,0.7181291220832103,19.700453036454768,19.69061806542398,0.015859735012054444,0.95
2144,0.7258785208076997,16.44220245704512,16.222850202747857,0.015282046794891358,0.95
2145,0.3996652390046337,23.213152487657243,17.020464177322605,0.01615884304046631,0.75
2146,0.4775773377301304,22.657118035587683,17.854978452782458,0.015704417228698732,0.8
2147,0.5345991322179119,27.340557169009088,23.480182789688634,0.015868961811065674,0.85
2148,0.6264458014463988,27.752717501192855,27.97866989925082,0.015512263774871827,0.9
2149,0.654414911315682,21.846034895361118,22.972067680459062,0.015508270263671875,0.9
2150,0.5828455358653203,29.220080358361088,30.83784550802348,0.01571422815322876,0.85
2151,0.726074022799669,22.040897201587814,21.568049114690737,0.015538454055786133,0.95
2152,0.746660314499831,16.070231970719046,15.993234144907385,0.015730369091033935,0.95
2153,0.5576149328097902,28.678623148657472,31.2523206424784,0.0162550687789917,0.85
2154,0.6594972873612956,22.231876879072807,22.14331938463617,0.015992271900177,0.9
2155,0.7484273318367168,20.44913838988339,20.796536872668092,0.015110218524932861,0.95
2156,0.5447166219422187,27.259433062612167,22.65688282822342,0.01562638282775879,0.85
2157,0.7337211504532897,28.67756053199572,24.26589701429948,0.015642106533050537,0.95
2158,0.6588843639461068,20.94344653591208,16.427605042364164,0.01560518741607666,0.9
2159,0.7615527191122526,17.929453388881917,18.013219323293328,0.01551569700241089,0.95
2160,0.6203029302849913,28.245050282781385,28.7827109029925,0.016224896907806395,0.9
2161,0.4525744968439983,32.02676214621705,17.163254050217535,0.015710461139678954,0.8
2162,0.5267320694729314,23.88273072938397,18.08862158807912,0.015691304206848146,0.85
2163,0.7664821839420961,17.095761097320313,17.25537850882496,0.015585720539093018,0.95
2164,0.6465412365341899,15.806736876102955,15.467468475259599,0.015671181678771972,0.9
2165,0.5961124955649214,17.297133616948692,17.104203929139715,0.01580296754837036,0.85
2166,0.7492081011520318,18.164865095587196,18.305464765492115,0.01567347049713135,0.95
2167,0.7357631913570122,19.452899547392555,19.31882200557444,0.015267860889434815,0.95
2168,0.5078670956248386,28.277238967587586,24.60575463869544,0.016087162494659423,0.85
2169,0.7296283822369751,20.23730455925756,20.28546028929385,0.015810322761535645,0.95
2170,0.7229850336669775,22.182538416163222,22.434717342825053,0.016272330284118654,0.95
2171,0.5540391964876471,26.91329039161321,23.049049180029307,0.01609145402908325,0.85
2172,0.7098940524022435,28.316837421770423,23.90733297127797,0.015605556964874267,0.95
2173,0.3777677315021661,23.57230753039685,17.982665511631918,0.015217506885528564,0.75
2174,0.7629319890115712,28.036395784984705,28.036395784984705,0.015490412712097168,1.0
2175,0.6272405315651829,21.899873343356855,22.214408555237707,0.015869879722595216,0.9
2176,0.6415582481072853,22.33165620718782,23.260400207567493,0.015294039249420166,0.9
2177,0.7462113772661246,22.370703997998387,22.496747551915963,0.015294325351715089,0.95
2178,0.39771979086703557,20.757523347705284,16.33144397408478,0.015742075443267823,0.75
2179,0.6540575817915105,14.811661699763539,15.189015517094314,0.015241646766662597,0.9
2180,0.6578124130794141,18.504327863668955,17.927499371785697,0.015639293193817138,0.9
2181,0.5495816315636393,25.803501156191395,21.704300510559737,0.0157442569732666,0.85
2182,0.5876806216440362,23.753991129583312,18.99947877577425,0.01582159996032715,0.85
2183,0.6756680719153239,19.40119020939546,20.187389769923875,0.015787851810455323,0.9
2184,0.6439124985840184,20.46187284429086,21.339962455607868,0.01588975191116333,0.9
2185,0.7568258797137648,18.8154151619987,19.20061365562355,0.01575380563735962,0.95
2186,0.45014726702346797,25.035379846810834,24.29988062282761,0.016023874282836914,0.8
2187,0.4095011033516083,29.496490614763058,25.0346684876927,0.015990042686462404,0.8
2188,0.5449390696101336,27.23819264707065,28.659785894785895,0.015803098678588867,0.85
2189,0.5504809222403263,25.909622814823553,21.428880470783263,0.015460145473480225,0.85
2190,0.29060061250571334,28.169727991019123,18.567415040499668,0.016029787063598634,0.7
2191,0.48190073996673244,22.48339958071668,17.299966598025073,0.01606060266494751,0.8
2192,0.5508095745616699,28.24284458171856,29.69521674927481,0.016155934333801268,0.85
2193,0.5856882895732007,28.461656175772056,24.545356255989034,0.016666746139526366,0.9
2194,0.6157101027693859,28.610914384105048,23.209919718305812,0.015778863430023195,0.9
2195,0.4002251620847782,24.161614231743265,26.491532513416562,0.01580345630645752,0.75
2196,0.5144244062959848,33.55195753978298,29.439211242735418,0.016389381885528565,0.85
2197,0.6804003185813559,40.18854472142117,35.72971957388697,0.016295301914215087,0.95
2198,0.42987531704087695,29.108628212879363,19.533353232001524,0.015943777561187745,0.8
2199,0.5557101754921002,24.49021181339945,25.903679047624763,0.016030478477478027,0.85
2200,0.595599396899632,38.6677035046002,35.71838072949682,0.015964305400848387,0.9
2201,0.6332273950415197,23.516019309558708,18.874158334451963,0.016008973121643066,0.9
2202,0.5475156162338793,23.49328687103117,19.384820665838618,0.01604936122894287,0.85
2203,0.5865786064828069,18.043215128175778,17.198185631969107,0.01672438383102417,0.85
2204,0.4972276442309919,35.11140400303083,38.00834986732802,0.016305387020111084,0.85
2205,0.4785999136391994,29.862924032174895,23.75141858292769,0.015702998638153075,0.8
2206,0.6032408069160029,29.71650146549509,29.928864517028146,0.015287089347839355,0.9
2207,0.7318615031734509,25.269115688381994,25.98403818876129,0.016101574897766112,0.95
2208,0.34519777570769117,31.859478267759734,23.493927452632388,0.015679240226745605,0.75
2209,0.5407395485890014,23.420269374049532,19.43335731357217,0.015944433212280274,0.85
2210,0.14639220244948475,23.085213384136132,19.342227067138122,0.015760040283203124,0.6
2211,0.4862677779639575,24.048644980148275,20.25235760749497,0.015338397026062012,0.8
2212,0.37565390941245325,25.236040208793597,27.814949931368098,0.015733504295349122,0.75
2213,0.7369063187634756,19.162598704625175,19.292480047828008,0.015935778617858887,0.95
2214,0.36798518393392476,29.923307490086625,19.232847548586573,0.015641260147094726,0.75
2215,0.6833628042132973,18.01489728444601,18.425877030622917,0.015995275974273682,0.9
2216,0.5387032000137346,31.313231972425278,27.738520364670133,0.015675342082977294,0.85
2217,0.5799780923337867,35.603617214473516,32.207664045721344,0.01577080488204956,0.9
2218,0.7295551712072446,21.493556386513404,21.85770744884255,0.016071522235870363,0.95
2219,0.48574935846234063,26.246074128170637,16.73050103069941,0.015897178649902345,0.8
2220,0.6067092367193719,28.410927516337107,24.26014688791872,0.016143810749053956,0.9
2221,0.4407555222448002,33.443659028512556,25.192505771706305,0.015535449981689453,0.8
2222,0.42800427758096476,29.55759741809638,25.88920071200525,0.015814971923828126,0.8
2223,0.7544370327681168,22.534561990580634,17.585044965310555,0.015783846378326416,0.95
2224,0.5450278943771247,34.35728337473821,31.06223488759834,0.01618797779083252,0.85
2225,0.3784446405838688,32.79656792671827,18.17243463044747,0.016557466983795167,0.75
2226,0.5133532186951612,39.7558900808858,31.374754128661813,0.017626428604125978,0.85
2227,0.7027752386074979,21.048382324076726,20.99231856149457,0.016550838947296143,0.95
2228,0.30126298575893523,49.04751306107879,39.25982622798211,0.01591435670852661,0.75
2229,0.5148078677894564,22.582623038955884,18.35516322839,0.016374385356903075,0.8
2230,0.6146843214889899,31.895719959053405,27.95737235654791,0.01618119478225708,0.9
2231,0.6316638113169748,25.403476626172257,20.725341620338426,0.01633070707321167,0.9
2232,0.7474210770127162,17.68549768441368,17.67560998117217,0.015991878509521485,0.95
2233,0.5910070103484457,21.054603165948244,15.761839343390939,0.016229736804962158,0.85
2234,0.6517103523241686,23.298500814687905,23.652500472887137,0.015620625019073487,0.9
2235,0.32268612947529823,36.782669941917234,22.762672733673647,0.015975356101989746,0.75
2236,0.709314443049673,27.84926110216791,22.661935934864044,0.01619621515274048,0.95
2237,0.6158843067873272,34.87659814003341,35.675366601495256,0.016128146648406984,0.9
2238,0.5536555271892507,23.396746458104655,24.865912413456783,0.015904104709625243,0.85
2239,0.4950810792168169,37.449249506767785,29.541372598552982,0.01598830223083496,0.85
2240,0.45707930443598555,29.657750461379493,26.699818482390704,0.016014575958251953,0.8
2241,0.29346732272504217,51.99528181940953,37.80582317803631,0.015990984439849854,0.75
2242,0.7680522029673063,32.5491666810571,32.5491666810571,0.0161049485206604,1.0
2243,0.43684811709322985,37.36470487348992,30.123358201823635,0.01628950834274292,0.8
2244,0.6278043917476432,28.88446526469819,30.153317186412217,0.01605665683746338,0.9
2245,0.5750037146700662,43.20403488790014,40.401171384232555,0.016642451286315918,0.9
2246,0.7463778427307186,34.27977097897518,34.27977097897518,0.017672955989837646,1.0
2247,0.4507458225255546,31.919442045216137,16.738832710470092,0.016134703159332277,0.8
2248,0.4457439167835452,33.87262391411335,25.99085202430391,0.016357898712158203,0.8
2249,0.4159045165136666,37.0123971601469,29.579055823435734,0.016515862941741944,0.8
2250,0.4280628275693609,34.20236265976534,32.067970077176014,0.016720068454742432,0.8
2251,0.5843649822630302,31.8810451514046,27.77666889851333,0.015535211563110352,0.9
2252,0.45755684312202816,33.4652867192817,31.68816862194479,0.015820467472076417,0.8
2253,0.43948720802724817,39.3690631775791,38.791656047614374,0.015848851203918456,0.8
2254,0.4502130501517798,53.08952930866663,48.26338564308062,0.015707111358642577,0.85
2255,0.2951292139552266,47.74193512661623,26.362694363891915,0.018020856380462646,0.75
2256,0.4100023013351364,37.74967187634877,44.120220932783155,0.016424083709716798,0.8
2257,0.4138881211757036,32.01207075293945,22.551755892850004,0.015936112403869628,0.8
2258,0.2463127806353252,33.05882400935656,17.565564543388128,0.01600381135940552,0.7
2259,0.472942958317212,26.224205975588838,22.78178847196866,0.015852677822113036,0.8
2260,0.39613842064231836,30.260461458944302,22.169510983276332,0.01665804386138916,0.75
2261,0.45782587433416344,29.43265375512805,25.56493805658401,0.01602351665496826,0.8
2262,0.4398128478060309,22.767444194134733,24.20451925615938,0.01614331007003784,0.8
2263,0.5258710345844548,28.190674439383468,30.1086598987925,0.016285276412963866,0.85
2264,0.0772342310451232,36.718978272658724,35.208814386706784,0.016212272644042968,0.6
2265,0.5379244232281494,30.79406313439457,21.45882895120493,0.016120564937591553,0.85
2266,0.33418552385913436,36.675017070847396,29.684005875444974,0.016101503372192384,0.75
2267,0.24670238385778695,42.71812825682375,32.4497795747374,0.01603991985321045,0.7
2268,0.6745849755597272,37.162874956131205,38.265784176824944,0.015889155864715575,0.95
2269,0.5764260920614618,33.47939565184475,35.04526416352215,0.016302216053009033,0.9
2270,0.3383478797062026,33.664890339271295,25.522569430994395,0.015602970123291015,0.75
2271,0.6413909382014225,16.907583774683648,16.673255672754586,0.01647977828979492,0.9
2272,0.5754729591619536,28.477608715356446,19.132580521562293,0.016257321834564208,0.9
2273,0.5503327875852901,21.435099310946907,16.24451866275787,0.016516613960266113,0.85
2274,0.4329506433202637,30.21855434352337,21.160864445804844,0.015895485877990723,0.8
2275,0.72431845845391,24.281509311564683,24.65602528979372,0.016508817672729492,0.95
2276,0.43797588529036735,33.41410387381217,30.454050849635642,0.01565232276916504,0.8
2277,0.3429300966092376,27.363528434946467,24.13659433548626,0.016389298439025878,0.75
2278,0.540088572069802,28.695832273986024,25.274320865456104,0.015498411655426026,0.85
2279,0.5464621846645653,27.125891769527392,23.493962163811453,0.01767810583114624,0.85
2280,0.5242965235641226,38.16860962093337,36.25025299722689,0.01680622100830078,0.85
2281,0.45108713813578954,28.701394229898632,25.404216213588857,0.027425575256347656,0.8
2282,0.4795335902651182,33.30262650433484,35.541863813405996,0.01602334976196289,0.85
2283,0.6325954985042267,26.85372900073411,22.34439340681821,0.016384041309356688,0.9
2284,0.7383512667412715,17.884363747629315,17.71011405396966,0.01588515043258667,0.95
2285,0.3611863513116083,32.891218600646724,19.63685744552983,0.016038453578948973,0.75
2286,0.5901857576137802,39.28564455229679,36.43268676181881,0.01582767963409424,0.9
2287,0.37119463786170714,28.827553740760532,17.924398305178617,0.015321934223175048,0.75
2288,0.596115013386892,29.08799075425629,25.088941305073096,0.015369725227355958,0.9
2289,0.5734382042412438,26.916442440106515,22.82156629516139,0.01564379930496216,0.85
2290,0.7204373015366414,22.567924985188835,22.954648977780156,0.01651303768157959,0.95
2291,0.4554859677145635,27.947271565302106,18.498425990034328,0.015429937839508056,0.8
2292,0.5336719000239988,22.705936450334995,18.411063622638967,0.01583830118179321,0.85
2293,0.4024770776907395,46.194137167593915,46.812006051747076,0.016422903537750243,0.8
2294,0.705462420996014,28.173269860569462,27.964790684499096,0.0159045934677124,0.95
2295,0.48658587041472756,20.964352666771305,21.630897085764584,0.01580018997192383,0.8
2296,0.443484746052349,27.328861955068355,17.51869650123323,0.015271413326263427,0.8
2297,0.4049390485759508,37.781464942863224,31.08940764631489,0.015742993354797362,0.8
2298,0.5715548616396025,17.38006622810866,16.980668029962718,0.015465772151947022,0.85
2299,0.47913874203820567,37.40493522770338,29.296688585411072,0.015507209300994872,0.85
2300,0.5005078011562751,34.42701437403499,25.61855765815238,0.0153283953666687,0.85
2301,0.6821676516677225,28.467730394291614,23.601700006835557,0.015819692611694337,0.95
2302,0.6447924867149951,19.67503301392354,19.422828027297058,0.015725231170654295,0.9
2303,0.4954104580275024,39.43458597019213,31.17228776003561,0.01578623056411743,0.85
2304,0.5069380381773747,33.597038693259265,24.543645077055196,0.01567474603652954,0.85
2305,0.6196865703316771,32.98668042215333,23.886795801325707,0.015978872776031494,0.9
2306,0.6715609590469243,30.003648546870274,30.276489282363883,0.01574094295501709,0.95
2307,0.5341608370280733,29.273257336321752,24.62772057085174,0.01523343324661255,0.85
2308,0.533914809436631,31.01135945170703,24.946822538960504,0.01537076234817505,0.85
2309,0.3252647824827998,39.65416649828755,33.852670014569725,0.015395081043243409,0.75
2310,0.10527820320277895,22.77564034836433,25.90648784894015,0.01565176248550415,0.6
2311,0.4520111869059331,34.116600637296855,32.381266393491856,0.015388643741607666,0.8
2312,0.4933298332401387,33.05395312935576,35.479675609616635,0.015545046329498291,0.85
2313,0.47786086868007527,21.654381080230973,15.402487196179855,0.01577249765396118,0.8
2314,0.3240807353653711,47.38847976020069,50.33227556387755,0.016862499713897704,0.75
2315,0.5654935576726898,24.957971709328056,14.254211589639251,0.016291224956512453,0.85
2316,0.2835290837001342,45.258156071445576,34.78554563486598,0.01650646924972534,0.75
2317,0.3789914880016665,32.48923598393172,25.852913883476145,0.01577204465866089,0.75
2318,0.6190616971446267,27.282884171651865,22.809843484819496,0.01577301025390625,0.9
2319,0.43982569830007295,31.75934316154336,29.947445744898186,0.015523922443389893,0.8
2320,0.45853248828621335,46.817243626673566,40.51780924413901,0.015430045127868653,0.85
2321,0.3970721280022998,46.05129339026444,42.241198339496506,0.01562761068344116,0.8
2322,0.49896528252215305,31.354947141887713,22.41249994657419,0.016337335109710693,0.85
2323,0.5617066116350243,26.0147143034825,27.28425123610587,0.015990793704986572,0.85
2324,0.3881019869223482,27.059846923067646,24.399129625521052,0.015605401992797852,0.75
2325,0.34636713141279274,32.414205137425554,24.276465653488152,0.015176081657409668,0.75
2326,0.4733608074145832,28.011550098957155,30.75858920541458,0.015336716175079345,0.8
2327,0.524931814503446,29.07611022962637,25.34273493576214,0.015411055088043213,0.85
2328,0.4079585905307194,39.70013538052339,38.688657363867684,0.01578277349472046,0.8
2329,0.5924030204168687,38.62213109007935,30.328244554850624,0.015675890445709228,0.9
2330,0.3270195343664816,39.438533091797304,40.41219665473395,0.01543581485748291,0.75
2331,0.3482139748755374,51.777594342337224,48.36244491935153,0.015482866764068603,0.8
2332,0.16559084407008007,44.961405219450185,33.940237377957935,0.015217065811157227,0.65
2333,0.1719956801174213,38.98183555933904,26.819518237661686,0.0159149169921875,0.65
2334,0.2379731438917537,39.55357161023463,27.20787983568332,0.01594250202178955,0.7
2335,0.37098164750906665,33.518117843573755,36.886335491223434,0.015275788307189942,0.8
2336,0.4542027609375941,24.91314055238951,15.069639470940668,0.015146517753601074,0.8
2337,0.3868011613842072,25.813668917967625,22.80356936955439,0.015477991104125977,0.75
2338,0.681945063090825,28.821241379410488,29.441564520769116,0.015495657920837402,0.95
2339,0.3386696166349338,52.162332267967415,47.29949854881094,0.015795624256134032,0.8
2340,0.05750035916922036,37.437370850708675,34.204826161932,0.015700411796569825,0.6
2341,0.3173620605379372,39.19562894270966,33.648281709862175,0.015708136558532714,0.75
2342,0.3304873603591589,24.510135408084018,20.613628204921877,0.015580952167510986,0.7
2343,0.42758914281661964,49.46764405855491,42.68460471374115,0.015545153617858886,0.85
2344,0.626247398326677,29.14792093074817,24.63223269640868,0.015884029865264892,0.9
2345,0.563459170027325,42.938535699030275,35.13759142465019,0.01556013822555542,0.9
2346,0.5166080808908966,33.42500401525974,36.083657790385075,0.015671253204345703,0.85
2347,0.2583388511710511,32.48629027089227,24.401119552819488,0.015416562557220459,0.7
2348,0.5694234513260913,43.27631100129388,35.56554296289557,0.01587388515472412,0.9
2349,0.5389610899588678,26.812647254342902,22.653021681171097,0.015748107433319093,0.85
2350,0.5364896118370992,32.542900385711484,24.617503117599668,0.015463268756866455,0.85
2351,0.6238768970622325,24.055973000387162,24.679449176598993,0.0156294584274292,0.9
2352,0.43032114098868196,37.7215921875504,36.241616114310474,0.015393197536468506,0.8
2353,0.41937726068639,18.576733480034317,18.847642062133012,0.015402114391326905,0.75
2354,0.6039584258828534,36.9470794873573,28.458114014809503,0.015652215480804442,0.9
2355,0.5700500350464985,35.57808047898478,31.972913108422183,0.015736401081085205,0.9
2356,0.4634798425178279,25.301152220021898,20.2200957548026,0.01595827341079712,0.8
2357,0.530643107843342,31.557399790998783,22.59163924616478,0.01522362232208252,0.85
2358,0.3596030765436346,28.51605755565165,19.54015714439344,0.015351033210754395,0.75
2359,0.4241442055282718,41.61625420039437,35.550489966568186,0.015080618858337402,0.8
2360,0.45396369752125976,29.804764499542387,31.446226629341766,0.015267431735992432,0.8
2361,0.25065985317541817,31.837257933290346,22.721588258921916,0.015097975730895996,0.7
2362,0.46140195254831395,33.74680338823586,26.043365581918344,0.01506493091583252,0.8
2363,0.5494788645295742,21.60892352684666,22.381763834916725,0.01601959466934204,0.85
2364,0.41501154539855,34.78233195839673,20.750734488711387,0.016028118133544923,0.8
2365,0.13261067151497813,42.25554397211797,34.20723575840173,0.015354228019714356,0.65
2366,0.30130027497065776,32.008924012798346,23.880117093610068,0.015412521362304688,0.7
2367,0.5133811582567096,40.367375503139584,26.5839367763176,0.015545284748077393,0.85
2368,0.31821468105743833,39.62977059544522,34.34203416140443,0.015003025531768799,0.75
2369,0.2758167859489621,25.518036888091974,22.27482564185961,0.01529334783554077,0.7
2370,0.04259854957070799,45.09853456352241,40.123149491685716,0.016194522380828857,0.6
2371,0.5678815374195979,37.40429081921907,29.19423642463277,0.015891659259796142,0.9
2372,0.3401841599086398,33.23664056160476,32.75523531469814,0.015576589107513427,0.75
2373,0.46158779511695336,26.903227798223032,17.082825079200894,0.015631306171417236,0.8
2374,0.41968127998179483,31.31477892045057,22.735793449409467,0.015427708625793457,0.8
2375,0.6705867058427659,31.207646754246223,26.944182621437353,0.015696382522583006,0.95
2376,0.5207863822397012,30.083914613451054,26.197244278446696,0.01572709083557129,0.85
2377,0.12099122893536467,45.72940461127846,23.91673495850976,0.01567261219024658,0.65
2378,0.6454356144717922,21.96299581445549,17.41207483903268,0.024082493782043458,0.9
2379,0.27694702351182915,36.364071872137956,32.45980305977248,0.015875041484832764,0.7
2380,0.5135590551925072,32.02938123721254,28.844466582256228,0.01667712926864624,0.85
2381,0.442651078898532,32.487764588144856,23.46612709966083,0.016618514060974122,0.8
2382,0.4179090920360822,28.75788109650286,19.426419226558032,0.016100287437438965,0.8
2383,0.3620253250422518,33.79443069306702,20.777522315777297,0.016036403179168702,0.75
2384,0.1601413198722353,38.20925854118444,35.54002682537801,0.016135621070861816,0.65
2385,0.5959220016578275,35.68214945990573,32.24530269123923,0.017161750793457033,0.9
2386,0.2862092866415121,43.009738296023016,25.53797821307211,0.01690988540649414,0.75
2387,-0.01635648018905364,40.37721286528897,24.84896049734745,0.01636810302734375,0.55
2388,0.19005267320700958,47.806492943627376,38.817003896472386,0.01639949083328247,0.7
2389,0.7044049656810434,28.860374175561077,24.390781771422162,0.016335225105285643,0.95
2390,0.16537342741281225,40.81969901555573,16.819032102398953,0.015527808666229248,0.65
2391,0.5865901740272396,32.1299698139628,28.406007784262396,0.01953120231628418,0.9
2392,0.35194145339628563,32.46219393175867,31.279116338161472,0.016646289825439455,0.75
2393,0.39355852241509665,47.50499541836477,43.26607330025976,0.015602898597717286,0.8
2394,0.3072213689381511,51.74936389100312,43.97364919962555,0.01545168161392212,0.75
2395,0.5829373242060877,38.16572848233683,29.864554370358412,0.015923964977264404,0.9
2396,0.2524309540399662,59.20328404344459,46.72401595297045,0.015509116649627685,0.75
2397,0.6528369907534446,43.634686368010115,40.11718002352972,0.015586614608764648,0.95
2398,0.33501863493297035,31.391242973621672,29.404958019988815,0.016207075119018553,0.75
2399,-0.02580517543929816,37.19581806487742,19.08762875842435,0.015738928318023683,0.55
2400,0.07796610378797693,41.69941483170378,26.25295367474676,0.01613377332687378,0.6
2401,0.3635373629820223,30.237107604234456,28.802631402664456,0.01629577875137329,0.75
2402,0.34212800837140434,32.325708768560276,30.898868421693624,0.03666406869888306,0.75
2403,0.6072505847869908,27.615171163707675,23.501458723299045,0.01632429361343384,0.9
2404,0.42815208771775015,35.215153892566995,27.443672003484515,0.016094779968261717,0.8
2405,0.43359094279669314,39.56106942280664,39.55989244676117,0.01659836769104004,0.8
2406,0.4303318559759342,39.518081163540685,32.44916805404293,0.016733646392822266,0.8
2407,0.7129169641435167,22.019870194216637,22.26858961682661,0.016155004501342773,0.95
2408,0.5056716889238982,37.85615435081613,29.127191261266056,0.016407525539398192,0.85
2409,0.31290851552781385,46.982667010493756,30.834438472837316,0.01632258892059326,0.75
2410,0.33505961193537115,37.551587457093326,24.6952595211291,0.015850591659545898,0.75
2411,0.008591257081285626,63.40157221972853,43.13360156215529,0.016622161865234374,0.6
2412,-0.01835334771041288,37.24294240058723,26.278991045785645,0.01601095199584961,0.55
2413,0.29043353574135244,47.43700403699369,37.59169410988146,0.015940046310424803,0.75
2414,0.5702487069652081,38.67649994589434,40.45911124538323,0.016222190856933594,0.9
2415,0.06959636640940325,66.27262757140521,40.33545139637764,0.015969204902648925,0.65
2416,0.16008167112977426,62.45335557056916,59.570419683452904,0.01574850082397461,0.7
2417,0.5260506169202228,27.541589614615855,18.32809460245941,0.015781760215759277,0.85
2418,0.2591749969205474,25.962866418088687,15.95506216410351,0.016059470176696778,0.7
2419,0.6465271945900789,22.442362300009624,22.949494471375615,0.016465771198272704,0.9
2420,0.39561373589665033,47.437970078137994,42.220011781224215,0.015959835052490233,0.8
2421,0.11165537858009984,37.23292360314691,18.372269872845283,0.015825378894805908,0.6
2422,0.42243930547697534,31.071627727598088,22.637850341971635,0.016369009017944337,0.8
2423,0.4503505371632695,32.11956683606973,23.189587386444273,0.015994179248809814,0.8
2424,0.16736469669728998,46.57101010840655,25.11109486027797,0.016189432144165038,0.65
2425,0.19210509340602389,30.379827726106562,35.970350810234855,0.015997314453125,0.65
2426,0.3782630348113127,49.010712781974526,43.73820326899712,0.01656111478805542,0.8
2427,0.518338846851133,34.20514316888956,30.419729549546968,0.015861129760742186,0.85
2428,0.41804182367044856,31.809513401870436,22.719513150809185,0.015780258178710937,0.8
2429,0.3062607708411671,34.61692267807016,27.028416056021307,0.016159164905548095,0.75
2430,0.4715090971438813,38.63233570679313,31.383359668342496,0.015387654304504395,0.85
2431,-0.18001035016629063,42.536041356453346,28.813705412953464,0.016232025623321534,0.45
2432,0.29707623119089505,30.443462504489656,15.256331664712857,0.016360139846801756,0.7
2433,0.4387849345706001,30.312361979577428,21.771593821609795,0.015764844417572022,0.8
2434,0.3272892230182825,40.42424824334052,23.027734637355575,0.015791094303131102,0.75
2435,0.34587163536674254,36.23725573234047,30.395198268063325,0.017132139205932616,0.75
2436,0.5036596167133522,39.06840899354757,32.03884564919514,0.015907883644104004,0.85
2437,0.4385014381829828,32.11024743052122,29.663360725980958,0.01566131114959717,0.8
2438,0.33225973812686177,36.75115840079626,24.577081045824283,0.016260480880737303,0.75
2439,0.3638402974406155,32.551861558115476,25.246434888934246,0.016736257076263427,0.75
2440,0.658638396003865,32.05174997838448,27.569955484715766,0.016716039180755614,0.95
2441,0.01335301261287527,32.29380783141806,24.22174922285332,0.016648805141448973,0.55
2442,0.40351086216470494,22.370466521158097,17.838753997798033,0.016573512554168703,0.75
2443,0.7253112459030631,28.02991192653542,28.90847794522771,0.045513689517974854,0.95
2444,0.5153332638098098,32.45660267650235,23.238182201314274,0.01726973056793213,0.85
2445,0.5549818215204961,23.48227664628003,23.835184450837975,0.01602853536605835,0.85
2446,0.3782597711001768,21.867526143018672,23.348483274245538,0.017325067520141603,0.75
2447,0.44637455020983163,29.003951397104696,20.227720460153137,0.016894936561584473,0.8
2448,0.45500519345477153,31.64885724920871,16.603972610739945,0.016607344150543213,0.8
2449,0.3579680648816882,32.49414052110135,18.177382909013193,0.015870022773742675,0.75
2450,0.35391538236125564,34.04542894986573,32.46689403368604,0.0158366322517395,0.75
2451,0.5190149088555847,37.61491187597441,30.10430764015107,0.015631711483001708,0.85
2452,0.3292629147730358,44.840299512172216,40.84823895332238,0.015384054183959961,0.75
2453,0.3292578918237835,48.44117895057716,32.074598803287486,0.01526486873626709,0.75
2454,0.6166280478118205,30.589367533983584,20.59548086050701,0.015200173854827881,0.9
2455,0.25556104763773224,36.99708483411974,25.26056256243612,0.015290153026580811,0.7
2456,0.39370630907969983,22.93738977465521,17.92346650057793,0.016034388542175294,0.75
2457,0.4158372185000891,41.953873767132045,30.39297321569628,0.015254700183868408,0.8
2458,0.05967446398824403,38.77682004976323,18.815933525742366,0.015585017204284669,0.6
2459,0.15347180127631124,40.784952464504826,15.800325481167546,0.015371620655059814,0.65
2460,0.6090075411260605,22.85547399350399,18.272103971835804,0.01566338539123535,0.9
2461,0.42946527863325945,40.2162178395827,39.085821345157676,0.015523815155029297,0.8
2462,0.596401009675085,31.084624126883313,26.815196844999797,0.015866732597351073,0.9
2463,0.629410685361948,32.01021239091453,28.100241314124663,0.015609550476074218,0.9
2464,0.4825854728748313,37.741060806069974,29.023999913613984,0.015360665321350098,0.85
2465,0.548510843261625,30.070704579658685,26.175099347018943,0.015358221530914307,0.85
2466,0.5677303236661234,26.258279502814577,21.43735385150638,0.016507303714752196,0.85
2467,0.5434816777152153,26.43267381577536,22.249585818665118,0.015596914291381835,0.85
2468,0.5071732205757438,27.19048145209395,17.77995157607161,0.016327881813049318,0.85
2469,0.5651586197302236,37.60245454731775,34.059697993489316,0.015037190914154053,0.9
2470,0.6708158490984238,24.23757991762744,24.91377215344114,0.015280544757843018,0.9
2471,0.3412478132600566,33.01938581638854,24.071528519201316,0.015381991863250732,0.75
2472,0.5819963764612204,22.08101114003866,17.847517865620688,0.015448236465454101,0.85
2473,0.442888227028729,37.62080997874337,23.830682490029375,0.01522068977355957,0.8
2474,0.5050024514473577,29.429239632572614,19.207402913834034,0.018280386924743652,0.85
2475,0.44627084732809613,39.02244989408537,30.840372576128658,0.016464483737945557,0.8
2476,0.4237496129258965,42.96902600982265,37.537040091951965,0.016459178924560548,0.8
2477,0.5713869687328306,38.464871634969626,40.83011923277584,0.01575930118560791,0.9
2478,0.23715364489067903,38.82237296537308,26.910595172343506,0.015802276134490967,0.7
2479,0.43766669058067265,33.17099349553883,31.600646956294128,0.01635974645614624,0.8
2480,0.5957622113219303,31.37535674721034,27.565174859677757,0.016341328620910645,0.9
2481,0.26929680634141284,55.9456830048916,43.12710434714492,0.016391062736511232,0.75
2482,0.5401351616096693,19.139747965727175,18.69604841116329,0.015711641311645506,0.85
2483,0.3772935384704385,36.34575737062862,34.31368401647262,0.016865062713623046,0.8
2484,0.20356407641489352,48.06063988555342,33.136624427362236,0.015967440605163575,0.7
2485,0.3180662956986423,42.57026186181427,31.54925986158274,0.01639026403427124,0.75
2486,0.14069922546751074,46.47951784750105,24.699426774672798,0.016399466991424562,0.65
2487,0.4915905415999422,37.663356433977654,35.76127790383816,0.0159932017326355,0.85
2488,0.1888152877762357,36.05573118316234,24.01539170220527,0.016619765758514406,0.65
2489,0.37093291324267497,48.07565467390674,44.16576858180624,0.016293025016784667,0.8
2490,0.5450691391087529,47.12522057800533,44.921743628421844,0.01701464653015137,0.9
2491,0.5265243408316782,49.235417023395954,46.058373536963266,0.016066062450408935,0.9
2492,0.5109608433448425,35.98144993091303,33.064080480746206,0.01583907604217529,0.85
2493,0.36534343870469094,37.46826066249251,22.125227553807417,0.016834783554077148,0.75
2494,0.5509129194623161,26.672591789311525,22.657719519185235,0.016273641586303712,0.85
2495,0.4264061253366796,59.62294188924608,61.51753461752493,0.016013705730438234,0.85
2496,0.5976395030639731,42.488966968607116,40.05195001857723,0.015515518188476563,0.9
2497,0.5455368009592644,43.82593818588507,36.13312806483205,0.015818989276885985,0.9
2498,0.6729829313868192,37.30521505471286,33.240827622671866,0.0168540358543396,0.95
2499,0.48145444358279177,26.54404344048338,21.89703275894594,0.016469919681549074,0.8
2500,0.34451502995371874,55.943473904065776,46.93286686183427,0.01620091199874878,0.8
2501,0.6900742928445831,33.267026369296296,33.948699279150425,0.01958714723587036,0.95
2502,0.5919615081030558,37.23813987514712,28.235581779926168,0.017403268814086915,0.9
2503,0.3651545745872189,47.01144083559744,35.77596798469551,0.01627953052520752,0.8
2504,0.3667825551355862,31.803503415034157,23.207918455726144,0.016192972660064697,0.75
2505,0.2883733438547815,32.14069894069347,17.24299469793422,0.016584300994873048,0.7
2506,0.28813687265122484,44.2783132547739,39.64947027440179,0.016179800033569336,0.75
2507,0.399859516177163,46.65288708913626,35.6881558814881,0.016248714923858643,0.8
2508,0.2909964083958703,51.24927631448579,29.84431177610451,0.01616247892379761,0.75
2509,0.5070252565895258,25.524594885170806,26.96398502264162,0.016528356075286865,0.85
2510,0.27543328170383585,35.45257892321786,29.688858568299867,0.016829299926757812,0.7
2511,0.4151509783190635,45.35425721480343,33.908106069829145,0.016286754608154298,0.8
2512,0.431624981376757,36.405505746718816,29.233575813085487,0.016709530353546144,0.8
2513,0.25231773087955334,41.135872022516864,25.257511985650773,0.01609785556793213,0.7
2514,0.5406556579326164,28.06711531420615,24.137727157300386,0.016233491897583007,0.85
2515,0.2692265183878352,39.077077512782594,33.95174957852844,0.016345691680908204,0.7
2516,0.15828894358971204,35.893391580888505,21.93940266708878,0.017190539836883546,0.65
2517,0.40018449870625405,47.15082045715577,43.186489808736624,0.01597449779510498,0.8
2518,0.44404399549504275,36.88616599137304,29.783393887157068,0.01596667766571045,0.8
2519,0.31561308761213536,40.90783377575381,35.547135622682,0.016457438468933105,0.75
2520,0.6432703410867797,21.65446814118265,22.171023648181546,0.01616690158843994,0.9
2521,0.43212923631741534,34.809534324777545,26.37370499013958,0.01569647789001465,0.8
2522,0.569462294059855,43.91345243244939,41.69580335036335,0.01598362922668457,0.9
2523,0.40638320018179225,43.757120644196206,38.099732363915905,0.015640735626220703,0.8
2524,0.6150141838394951,51.48442108189164,48.320426831537716,0.016083943843841552,0.95
2525,0.475555547939161,43.45957861589399,36.38485112802294,0.016208410263061523,0.85
2526,0.30583452428649194,43.05896675787801,31.73344428683653,0.016570234298706056,0.75
2527,0.5981863027890292,32.47768260574034,33.34386953686257,0.0161002516746521,0.9
2528,0.3324733174201177,30.269298398205628,28.472779335673952,0.01628882884979248,0.75
2529,0.16679690352816068,40.3568294189308,30.365294057466915,0.016351890563964844,0.65
2530,0.4379072513851695,33.47176160597007,25.291560734917507,0.01638627052307129,0.8
2531,0.737242521799662,14.927542832689985,14.919806878818402,0.017087900638580324,0.95
2532,0.40956756421668067,46.620149313410344,41.83598404012227,0.017472660541534422,0.8
2533,0.47712037495793486,31.730564700394666,28.71152525097432,0.016685378551483155,0.85
2534,0.3797296866523912,46.73607884554388,48.14389901922662,0.01622171401977539,0.8
2535,0.4330799977353556,31.959092056072034,23.043214682576085,0.017791748046875,0.8
2536,0.20310049701827032,47.33482051313481,31.540447404201092,0.01771810054779053,0.7
2537,0.24832111648389543,41.323141566579984,23.584360835797728,0.01654881238937378,0.7
2538,0.27440735597854216,36.74296380015166,25.2047292003821,0.017079746723175047,0.7
2539,0.22502646772538384,47.21084336050092,38.4453789123934,0.015860593318939208,0.7
2540,0.34620037709877777,36.24086163346497,29.092020602253605,0.015793073177337646,0.75
2541,0.3109696079591594,41.46208219449808,30.41135868404043,0.015546536445617676,0.75
2542,0.521058277855697,31.643401003411206,28.268226252871358,0.015843164920806885,0.85
2543,0.3454959967141831,35.48692839491095,22.122481541028645,0.015615904331207275,0.75
2544,0.5002999481571065,19.540549068219658,19.282530438172447,0.0160788893699646,0.8
2545,0.3824869566952174,46.63960230552294,41.61323668881486,0.016238975524902343,0.8
2546,0.3356166457837157,32.23869515944476,24.914300010374337,0.016000449657440186,0.75
2547,0.36877582794052327,31.30170742119655,16.50476796616107,0.015609204769134521,0.75
2548,0.17225583414516887,41.3298019999979,23.742081000807485,0.015738093852996828,0.65
2549,0.1709510249896241,41.173029242259176,16.167481101611973,0.0156777024269104,0.65
2550,0.3927853494639019,48.185833292485604,37.56907793826271,0.015811753273010255,0.8
2551,0.363848519831549,26.527504933384023,15.752789536019622,0.016097474098205566,0.75
2552,0.5922459176325088,35.496469396166766,32.17868679261235,0.015875089168548583,0.9
2553,-0.04392852325998756,41.55003278938908,26.60448793179094,0.01593773365020752,0.55
2554,0.32275961199812886,46.54633118032394,37.65497658717898,0.015861320495605468,0.75
2555,0.428521118141956,43.17020287638279,37.18567635586351,0.015539240837097169,0.8
2556,0.47420709041256853,21.833373362605876,24.181886997647695,0.01614314317703247,0.8
2557,0.30352497090588915,43.09173741984144,38.479455386004865,0.01583070755004883,0.75
2558,0.23965576530683363,44.149783501391994,28.332924676571135,0.015756714344024658,0.7
2559,0.4428927009605431,36.41364214876557,41.53281388947156,0.015951788425445555,0.8
2560,0.236713411583397,61.36732812829312,44.8255334723893,0.01620997190475464,0.75
2561,0.48526366635844626,42.883452407544894,34.74276928712586,0.016184663772583006,0.85
2562,0.36102935816421045,53.10261319009486,56.08603284338592,0.015993559360504152,0.8
2563,0.18148249926920357,56.58723113805403,31.940755467153796,0.015946400165557862,0.7
2564,-0.03196610671447471,70.8304393425424,42.620289413652365,0.01772465705871582,0.6
2565,0.3348066148074961,41.74586337970083,23.90241056761516,0.01670726537704468,0.75
2566,0.24561620003782392,37.38494716314057,18.649416083360055,0.015805935859680174,0.7
2567,0.5205879721945117,38.78770857033241,37.14169901218182,0.015793108940124513,0.85
2568,0.13179605540749428,48.80292247216434,27.791457241490743,0.015874755382537842,0.65
2569,0.33267930077688207,41.63605308656688,36.91817300415669,0.016286289691925047,0.75
2570,0.4137182995334284,36.17993105370336,22.726351711579834,0.015910124778747557,0.8
2571,0.44452917015653115,33.23001238631342,18.873379365012855,0.01551964282989502,0.8
2572,0.28141975922640844,42.75384002415767,25.000265551819396,0.015540671348571778,0.75
2573,0.34759051897494897,41.739514257063014,23.949045263078126,0.016576194763183595,0.75
2574,0.5230709041863177,31.612628540391643,34.636665395864945,0.01686892509460449,0.85
2575,0.15792383597071785,41.969857929487226,25.7134202958969,0.015804409980773926,0.65
2576,0.3961974953833707,27.30521860110901,18.138789453119315,0.016297435760498045,0.75
2577,0.5402441857364227,39.507739962243974,36.47568967203761,0.01686304807662964,0.9
2578,0.3398765255132364,39.257687729770325,32.063243777596256,0.01669619083404541,0.75
2579,0.6304487872254388,24.904723471742436,25.789905834710094,0.016192352771759032,0.9
2580,-0.25841313422416545,66.07874260802875,50.34716024125231,0.016232800483703614,0.45
2581,0.12828190425731245,50.2786714418949,32.51677241108685,0.016049110889434816,0.65
2582,0.3975556111209168,47.3227386525274,36.78593440684135,0.01596020460128784,0.8
2583,-0.04969238144411544,54.94552296550105,24.07356609083378,0.01947000026702881,0.55
2584,0.2359485432365212,51.083870596884566,43.90238180611947,0.016036629676818848,0.7
2585,0.19324797945485533,57.150639761769696,53.41979896554325,0.016023135185241698,0.7
2586,0.3820566651523963,51.25987676890124,35.285290547686365,0.016935932636260986,0.8
2587,0.1297290201343703,43.52198067758749,34.439063677900464,0.015967023372650147,0.65
2588,0.2342700086289474,44.07556983191381,33.576748713478324,0.015364110469818115,0.7
2589,0.5243367696967568,35.83402678777735,26.864322031168612,0.01599287986755371,0.85
2590,0.27605010288796455,51.953398277427766,37.55122674895769,0.015503501892089844,0.75
2591,0.43210740095758665,36.595012226986356,42.086363148978826,0.015965914726257323,0.8
2592,0.03283132843696086,67.24006852569204,48.598718231369645,0.01604633331298828,0.65
2593,0.39214873609256473,45.459480461418835,40.53809990298303,0.015799200534820555,0.8
2594,0.23281503100127718,35.84274754657285,34.323526043080896,0.01528017520904541,0.7
2595,0.3027033347683897,43.59478618030143,39.82367377833704,0.01574246883392334,0.75
2596,0.38793284372050374,44.54125630133478,38.809563209992476,0.0163019061088562,0.8
2597,0.34968184894271326,52.48721256955652,49.68000848821777,0.015597331523895263,0.8
2598,0.5668914089317052,39.46088493965365,31.122316799654275,0.01572500467300415,0.9
2599,0.31755823860176263,47.55326778131243,38.67730164154404,0.016120994091033937,0.75
2600,0.632597703896727,31.175626466309136,32.67600010713678,0.01579587459564209,0.9
2601,0.4592760417086005,29.220063317252272,20.820261132361598,0.01557847261428833,0.8
2602,0.6055680313417875,32.05380483902421,33.45061803280326,0.01816788911819458,0.9
2603,0.47614063061351486,45.47601514379364,38.91912858203794,0.015875256061553954,0.85
2604,0.43890031635414656,50.604792942700314,51.22532560332779,0.015436935424804687,0.85
2605,0.32927763273877575,36.7792648761485,23.516209213900797,0.015584242343902589,0.75
2606,0.4309160583634939,36.59715346573675,29.52322544869663,0.015852642059326173,0.8
2607,0.24638292703324843,36.917514580260516,30.97441107348458,0.01645534038543701,0.7
2608,0.4662358358789378,45.13052309553693,33.326641044176725,0.015738701820373534,0.85
2609,0.20507005141357207,57.92366399393954,40.919223127796535,0.015395593643188477,0.7
2610,0.08076954246788488,49.29433804901807,29.777502755621462,0.015438508987426759,0.65
2611,0.32815258086268795,41.23444762552086,23.000381840649407,0.015608906745910645,0.75
2612,0.47694761396378577,25.941080016554828,15.664632090517795,0.016196119785308837,0.8
2613,0.3223719681043679,39.46629317379207,33.2169047266386,0.01606624126434326,0.75
2614,0.3416769722472563,37.477526738287,31.272232329585012,0.015408217906951904,0.75
2615,0.42118977351241826,34.12155072414282,26.17316684064633,0.01555941104888916,0.8
2616,0.47966940516930306,36.01614308150946,28.537185069974463,0.015425312519073486,0.85
2617,0.2595494304954416,61.527988712614366,44.604237470782024,0.015094625949859618,0.75
2618,0.425979444378018,41.33167490230255,29.62745453665052,0.015031468868255616,0.8
2619,0.541929469555751,45.89136936244179,49.07681641992791,0.015455102920532227,0.9
2620,0.32545341330640876,39.57233891288534,34.08761110369961,0.015390145778656005,0.75
2621,0.4805573267131851,41.76240866779582,34.82024028195516,0.015591883659362793,0.85
2622,0.3846167319428947,46.53652145367546,35.431662806017236,0.015316963195800781,0.8
2623,0.49364424266682294,35.10926233166948,26.59111385337057,0.015466916561126708,0.85
2624,0.6653750285596921,25.67681417690676,20.8883752059622,0.015571510791778565,0.95
2625,0.7128787446483958,27.75443634433851,28.40644763560891,0.01585265398025513,0.95
2626,0.4255014699110685,39.427884516776075,20.821070699958433,0.0160158634185791,0.8
2627,0.5111014251618189,35.738030700677214,27.714179789815336,0.015763986110687255,0.85
2628,0.4221760915329522,45.300266021126184,39.90726431443905,0.01532275676727295,0.8
2629,0.3637913953664998,35.58543850620591,35.05165949737791,0.015284097194671631,0.75
2630,0.32127273605936707,41.53413157553194,30.4854936333161,0.015511763095855714,0.75
2631,0.5525311160225748,32.71925002090495,30.051054600785307,0.015383803844451904,0.85
2632,0.22690137981760544,34.62085898028744,21.022255237119367,0.015337693691253661,0.7
2633,0.38418513325616077,41.60888008150682,29.78305498739091,0.015420258045196533,0.8
2634,0.4800962458785528,25.866168679055892,21.899927399066556,0.015379667282104492,0.8
2635,0.24110123757339794,42.056085118379755,25.171684323947073,0.015452420711517334,0.7
2636,0.3875829784870359,46.70807717609527,29.81973244514756,0.015776121616363527,0.8
2637,0.2898620636415714,25.506303285258646,15.059962773842566,0.015525197982788086,0.7
2638,0.3117055578982558,39.9574989886194,29.133207021787705,0.015752756595611574,0.75
2639,0.4136422002729736,39.07066057721679,38.413870518294985,0.015621984004974365,0.8
2640,0.42387052881679965,41.41847409179631,35.74269898317024,0.01567680835723877,0.8
2641,0.34174734267484586,40.24168263133837,34.7463577347796,0.015864622592926026,0.75
2642,0.5262360016204205,29.44375135788806,32.07286341568567,0.015572965145111084,0.85
2643,0.25067086799266675,41.815155627531155,30.7014793638333,0.015772831439971925,0.7
2644,0.4071190400134836,29.05944517664695,26.297998273168844,0.015538561344146728,0.8
2645,0.3993498145328983,41.888623121066104,29.812345725008072,0.015842700004577638,0.8
2646,-0.015546766439878058,51.73211831103332,36.43536262991158,0.016290438175201417,0.55
2647,0.3434958335257398,43.59132339000569,39.114936174044686,0.016251277923583985,0.75
2648,0.3668351584627635,50.886074920598915,40.49879271210403,0.01574336290359497,0.8
2649,0.47307437590038404,31.89471555532944,23.055384738236175,0.015468060970306396,0.8
2650,-0.1902358135061377,53.304032767902086,41.462887909027145,0.015421462059020997,0.45
2651,0.3367446484198898,42.10888919106131,30.954979248668334,0.015717947483062746,0.75
2652,0.33392964301696265,25.348929671681354,20.49903832792,0.015652215480804442,0.75
2653,0.43844717915601067,31.730004923621664,22.295332702122675,0.0161513090133667,0.8
2654,0.30154999731129467,52.32444663725181,32.06244111504656,0.01575874090194702,0.75
2655,0.39162144334632937,45.15752574229187,39.8168134568768,0.016250717639923095,0.8
2656,0.5236971820139646,31.41374131609415,28.22502515958059,0.01582695245742798,0.85
2657,0.6258404694549208,48.65124311552858,45.01312974542177,0.015360260009765625,0.95
2658,0.3634697800149386,49.07332146450088,44.4402462491488,0.015656089782714842,0.8
2659,0.6452502818466245,24.805014495777325,19.70152537898044,0.015121173858642579,0.9
2660,0.4304179801323265,32.17685064515185,28.941187458437433,0.01578190326690674,0.8
2661,0.6441734152110455,23.042520953284534,23.630134878214918,0.015471220016479492,0.9
2662,0.12015413433367397,53.94370693821734,43.197606124803166,0.015628671646118163,0.65
2663,0.21503062148815485,47.03823007935185,31.726126912854106,0.016035258769989014,0.7
2664,0.0984372860861068,57.071649845998124,40.020414645053606,0.015505540370941161,0.65
2665,0.12126603381805826,51.83773824243379,47.406759351314186,0.015500283241271973,0.65
2666,0.5689656795557907,37.1258290667285,33.07539175560177,0.015736985206604003,0.9
2667,0.28414916285639713,52.25754996393507,44.790896844950794,0.01527782678604126,0.75
2668,0.204763948714977,52.91830852166879,40.83543936103713,0.015419292449951171,0.7
2669,0.33574804839030425,34.60209430075147,28.140885561749837,0.01541275978088379,0.75
2670,0.16145857090154941,55.66416003168047,37.24213287118217,0.015496778488159179,0.7
2671,-0.07745838078395792,67.09715638642072,36.862224426735885,0.015729761123657225,0.55
2672,0.3630211017337347,45.5883701408863,34.24496942967777,0.015495645999908447,0.8
2673,0.45013828945469625,41.94263631567519,40.28915590976967,0.015326249599456786,0.85
2674,0.04947401636908294,65.61564523082652,48.05946704396945,0.015519368648529052,0.65
2675,0.1958806600179021,77.53935000763127,71.95044960735679,0.015838122367858885,0.75
2676,0.28736152848467694,47.4502964652181,44.319108576301716,0.015572643280029297,0.75
2677,-0.05336282671275481,51.055527056446905,54.16893894841516,0.01567884683609009,0.55
2678,0.46030707687358474,49.16035846337384,48.999109358925686,0.01622936725616455,0.85
2679,0.5970741911273209,25.72015607790625,26.568205385795633,0.016062986850738526,0.9
2680,0.4488771632815153,30.356690590183387,15.850090618062449,0.015783095359802247,0.8
2681,0.15367962301088123,61.23089929836887,45.590199001788996,0.015500402450561524,0.7
2682,0.16917119526241928,56.96474961005521,46.51923352889143,0.015001368522644044,0.7
2683,0.21462055864822455,47.43164035127849,31.228865628727277,0.016016483306884766,0.7
2684,0.19988299038150717,49.75633153452453,22.179299787951503,0.015549445152282714,0.7
2685,0.051243884386134975,53.14635033833931,44.55244327000648,0.015690255165100097,0.6
2686,0.4267744812020256,40.459548894992075,28.150047238467486,0.015616130828857423,0.8
2687,0.2876802369400687,36.407866948421564,17.569058897715788,0.015205693244934083,0.7
2688,0.4983361940521157,34.94743670834909,26.94262013957343,0.0153741717338562,0.85
2689,0.2828277594417328,49.87996373848428,41.9101141967217,0.016236388683319093,0.75
2690,0.34486588925755485,42.00134777597373,31.195558700752056,0.015401268005371093,0.75
2691,0.20851771201509428,49.771242266287985,29.32576917409772,0.015504193305969239,0.7
2692,0.47805659983149607,55.71638687977524,49.43324844333783,0.015912282466888427,0.9
2693,0.35447357687496506,36.12794828923246,29.443563868799224,0.015581822395324707,0.75
2694,0.6928711339727751,43.500643120888085,43.500643120888085,0.015566575527191161,1.0
2695,0.2821663312264272,56.014502349808915,49.50032375710513,0.015547752380371094,0.75
2696,0.4756578743822992,31.774731590802606,22.5802145555974,0.01570545434951782,0.8
2697,0.4258949095454979,37.811130411127756,30.90826242486625,0.015435516834259033,0.8
2698,0.6160037245896872,25.598318212377638,21.333651719855254,0.0159559965133667,0.9
2699,0.2578601076370616,56.94422714722119,36.799678879914225,0.015601933002471924,0.75
2700,0.45658350148175264,47.962515157740555,41.00370837549448,0.015606844425201416,0.85
2701,0.3171603517673474,47.75330148273597,38.64826747489084,0.015481626987457276,0.75
2702,0.04072310137345318,50.964684921199066,31.930828567766614,0.01563732624053955,0.6
2703,0.11912247272795326,47.79146570217551,26.682717918321917,0.015726530551910402,0.65
2704,0.1975673177502558,46.0524976029234,24.055232882005008,0.01564817428588867,0.7
2705,0.25253371686950243,60.45430533957176,49.186741032937555,0.01613222360610962,0.75
2706,0.15638182159218816,61.32375425544147,51.47356556925306,0.015677988529205322,0.7
2707,0.388651266595592,40.64158707172017,33.25305193927111,0.015624141693115235,0.8
2708,0.2916996203310351,52.45808258500798,51.47615526784369,0.015762925148010254,0.75
2709,0.08446541453698056,58.40486549596436,26.033908803371204,0.015504729747772217,0.65
2710,0.03351903359730616,47.252695515086245,26.6650134550116,0.01609855890274048,0.6
2711,0.42522132084773245,58.04889199178613,54.61628144312131,0.01641169786453247,0.85
2712,0.22045959400615928,46.64499359736637,23.975064398262482,0.01553657054901123,0.7
2713,-0.2284324775681022,81.53993209985052,56.850494909990005,0.015824806690216065,0.5
2714,0.1197063371550211,32.776035958566936,16.5501477788815,0.016331958770751952,0.6
2715,0.14032104323199726,47.74494514502955,39.315213532788675,0.015963935852050783,0.65
2716,0.009958995198314741,56.968197641568395,42.28029093057688,0.016126477718353273,0.6
2717,0.4826708359840626,37.82546568618043,29.845349066760903,0.015537774562835694,0.85
2718,0.08246816428116133,62.53133495460655,40.92013916600566,0.015439748764038086,0.65
2719,0.288583495575416,45.63425961215167,35.925342818926644,0.015244901180267334,0.75
2720,0.057993440655503756,66.45229399066858,46.92119877455535,0.015533041954040528,0.65
2721,0.19457928341479375,50.61617277311117,30.01312920246173,0.015679800510406496,0.7
2722,0.22982844192901108,67.10326097601668,56.530973779986226,0.01564873456954956,0.75
2723,-0.012294293588462218,51.50387413847593,32.86303712658457,0.015750360488891602,0.6
2724,0.11595656669565116,56.240932540010135,24.86210477356153,0.01536942720413208,0.65
2725,0.370435267716709,35.78314323696917,23.639218873916295,0.015548813343048095,0.75
2726,0.33642774173040596,61.55222075187855,53.83592432793977,0.015663301944732665,0.8
2727,0.4962647348682648,33.83690763636122,30.799416963581393,0.01574622392654419,0.85
2728,0.07578651869162402,60.9001044105446,54.98122263468898,0.01592315435409546,0.65
2729,0.290624695407529,46.940116367982064,30.894432863987625,0.015610837936401367,0.75
2730,0.08286313787782751,62.41958895505437,49.70856639579767,0.015545022487640382,0.65
2731,-0.05755453501298611,54.071387491927695,22.589100554524702,0.01526423692703247,0.55
2732,0.025339337773290567,46.55060724583815,40.22876312903,0.015641379356384277,0.6
2733,0.23334631466932376,36.40833098086933,23.8940980636937,0.01554781198501587,0.7
2734,0.19096451638965645,33.80698742249228,27.569806399477162,0.015579509735107421,0.65
2735,0.1335238220078439,50.24334788248443,39.269518688769764,0.015627956390380858,0.65
2736,0.3237570431220608,39.4901834928432,40.32558377525208,0.015612220764160157,0.75
2737,0.5073788961942473,37.24750483363509,23.163289468024708,0.015677249431610106,0.85
2738,0.506765254967346,41.687077844264735,34.92268375106552,0.015284693241119385,0.85
2739,-0.020865691466512976,39.53213400509854,14.675255727847428,0.015942418575286867,0.55
2740,0.12085687778698442,52.56041793455373,33.75404023723345,0.015966308116912842,0.65
2741,0.44113769751336046,51.538891928833166,46.30809727207522,0.016155707836151122,0.85
2742,0.09165787498574571,58.04217602653771,36.34008001942902,0.01546616554260254,0.65
2743,0.30633962834720524,46.485538038724236,23.743417029356173,0.015880143642425536,0.75
2744,0.34150870173574355,54.86141665374031,52.501899316661316,0.01565805673599243,0.8
2745,0.5272967047545308,35.506772958159026,28.00877421465837,0.015394413471221923,0.85
2746,0.3965475875166468,46.32156695985147,41.037416088561,0.015123367309570312,0.8
2747,0.30484555691701337,45.79187853341989,29.57262494560042,0.015109753608703614,0.75
2748,0.46127458107726094,43.75978209070429,42.265764119868145,0.01602637767791748,0.85
2749,0.6311552697977382,33.7456906041064,30.232145728561438,0.015430784225463868,0.9
2750,0.47381671997732405,46.359000809813914,39.834770174880376,0.015738046169281004,0.85
2751,0.22497123559607896,51.988948039507704,25.15843473215424,0.015980339050292967,0.7
2752,0.36424499798209414,52.32107096038533,42.21539739244375,0.015307605266571045,0.8
2753,0.3543160911391347,34.21974892731466,27.25557860699866,0.015632271766662598,0.75
2754,0.5243891447437281,30.696139722530244,27.564826360257978,0.01549699306488037,0.85
2755,0.24992008304418248,50.990917977417794,30.740779714104075,0.015623116493225097,0.7
2756,0.5179999408230712,28.20175516599109,29.594625682405354,0.015817391872406005,0.85
2757,0.2815200818949165,53.15271605430924,39.10572376548847,0.016128337383270262,0.75
2758,-0.05120500507631853,53.68996498632898,39.29371462858958,0.016031718254089354,0.55
2759,0.2036439299469385,56.93184372176008,31.822140822446592,0.015995383262634277,0.7
2760,0.5274144751278835,34.21032408507439,25.784761021017903,0.017104268074035645,0.85
2761,0.307904180115962,27.59016121658407,19.47597562860162,0.015677881240844727,0.7
2762,0.46919699135353987,22.542248225430615,17.272541026608685,0.01651049852371216,0.8
2763,0.1510847836073269,41.97550063901261,32.83525749512534,0.015856504440307617,0.65
2764,0.225901450469375,46.75064474144445,38.157983455729344,0.015791308879852296,0.7
2765,0.4461129576242417,41.27746759698205,39.45357776826898,0.016042959690093995,0.85
2766,0.4431401469831801,36.62094678784146,23.468488991330712,0.01560593843460083,0.8
2767,0.37815287750838233,48.64628097073804,44.637099786654744,0.015621340274810791,0.8
2768,0.22104893981816556,39.22520361229093,34.96731831953083,0.016250765323638915,0.7
2769,0.4456373267036901,36.76362187801748,35.76111615563795,0.016148173809051515,0.8
2770,0.05080217007900236,47.49992091001533,26.0161138745561,0.015401756763458252,0.6
2771,0.10000729149003988,56.79343700425136,33.175066182113376,0.015527725219726562,0.65
2772,0.0788060524224139,40.82924684182377,32.42107958860228,0.015839695930480957,0.6
2773,0.4370644328513288,36.94217304064948,36.257672358537235,0.015683460235595702,0.8
2774,0.3064867609928804,41.18010125897811,29.058122234503788,0.01553652286529541,0.75
2775,0.22490739821441535,40.45278426315238,22.202912228371066,0.015946555137634277,0.7
2776,0.3311440070683408,36.5033899795114,29.39595363731702,0.01609426736831665,0.75
2777,0.21148980568621645,51.28061223459537,52.08545990861959,0.015729224681854247,0.7
2778,0.3167089345832194,38.316549745825895,25.743105969803892,0.015564441680908203,0.75
2779,0.33832990657367584,36.248067647244326,24.35968614247197,0.01553046703338623,0.75
2780,0.15806777945922368,41.573125926378694,23.86841041399452,0.015925955772399903,0.65
2781,0.6358475392361707,25.499994282542467,21.228016493277458,0.01610574722290039,0.9
2782,0.29239054141139253,44.36520353754805,28.5720086845405,0.015400087833404541,0.75
2783,0.3437824137568023,32.00782471798188,23.335882063599982,0.015204453468322754,0.75
2784,0.1375355082162412,40.6855663525958,31.983474688854017,0.015882813930511476,0.65
2785,0.21703631885278316,46.56687247541687,39.10295060283977,0.01569901704788208,0.7
2786,0.056939727147495775,46.43081478006449,34.671803006452954,0.01580888032913208,0.6
2787,0.12566699976060697,45.73605880726265,38.562412125931424,0.01615326404571533,0.65
2788,0.39421953036440555,42.676875056783956,30.618990083375266,0.016566908359527587,0.8
2789,0.3184645404647178,37.164081132513815,30.880472097371133,0.016114723682403565,0.75
2790,0.5192395378459725,37.034339022869815,23.731898822792804,0.01625608205795288,0.85
2791,0.31860882001607604,46.26713160026747,30.22073609285628,0.015462744235992431,0.75
2792,0.36818968291863635,52.092942640023395,54.617663118815386,0.015560126304626465,0.8
2793,0.406810043907195,41.803554329281376,29.837410181537823,0.015926682949066163,0.8
2794,0.2260972951252224,44.27810913669053,29.03667672505456,0.0154541015625,0.7
2795,0.33316925264445374,44.27300129652705,27.461907151599497,0.015385615825653075,0.75
2796,0.7018659331286887,46.26373536695151,46.26373536695151,0.01570843458175659,1.0
2797,0.33163744243200305,27.833001441002644,17.95507089550881,0.01568138599395752,0.75
2798,0.5958735865449658,36.45579752965945,27.290693393591575,0.016012287139892577,0.9
2799,0.12681744458585678,51.84674052252008,34.05606580641264,0.016167211532592773,0.65
2800,0.2784528918146803,58.00083898749524,38.86777729589394,0.015374350547790527,0.75
2801,0.287254515170822,53.22809965445865,46.48221057265885,0.015703153610229493,0.75
2802,0.39833582467760864,43.14304857540499,43.38357606475335,0.015711283683776854,0.8
2803,0.43615452408146405,32.341342888450086,17.40402074192694,0.01560431718826294,0.8
2804,0.4197171410090833,36.68502585458748,17.273444523357107,0.015672600269317626,0.8
2805,0.09262760829302907,51.61987046555846,32.67661429200712,0.016257107257843018,0.65
2806,0.38619816891253067,47.72490609642638,42.12882210865412,0.01569432020187378,0.8
2807,0.4071112784409621,62.17044480602116,58.28079809627467,0.015908205509185792,0.85
2808,0.3261440880088414,42.64484785312193,25.195537939180078,0.01604468822479248,0.75
2809,0.17270262682500176,54.61553177005354,36.02269161441526,0.01605452299118042,0.7
2810,0.18525623795861101,34.791698587700395,21.855917956911792,0.015422701835632324,0.65
2811,0.5235817042527531,29.22206201445966,14.646915587541995,0.01595691442489624,0.85
2812,0.35497569713436566,50.114057773621575,39.43316984115653,0.01596020460128784,0.8
2813,0.47425310155298794,24.726363256594034,14.944997856814792,0.01574496030807495,0.8
2814,0.4681401001361857,47.47031882344707,34.90104446547171,0.01604393720626831,0.85
2815,0.5548350275012324,45.727639447189844,43.33401195000878,0.015597796440124512,0.9
2816,0.7345417016317218,22.315314394172706,22.953626213532797,0.016257929801940917,0.95
2817,0.32036435244916706,29.57555405886182,25.035470150773218,0.015698659420013427,0.75
2818,-0.20045553661659504,70.55749246662711,46.7065382617978,0.015742766857147216,0.5
2819,0.39708526682574347,35.895557410675416,34.170377483188176,0.015397155284881591,0.8
2820,0.3328034522959303,57.033238535057436,48.51413369826985,0.015915048122406007,0.8
2821,0.19229360220755043,54.617421316861815,42.60561745335931,0.01574205160140991,0.7
2822,0.45257547687583505,50.57304358336253,38.65686643190791,0.015316617488861085,0.85
2823,0.2919941970565184,48.926290431801434,26.784269571367417,0.016298699378967284,0.75
2824,0.40976758958105214,40.16145196304199,26.633269621340776,0.01580859422683716,0.8
2825,0.27891624730158243,32.78589971871803,17.84825327853643,0.01729522943496704,0.7
2826,0.14849913298723927,75.22165707371677,66.59549661008937,0.016102159023284913,0.7
2827,0.470365125227139,45.76225970717978,45.682714256939995,0.01563483476638794,0.85
2828,0.030359753614005024,53.276025697507656,38.835288789416744,0.01615031957626343,0.6
2829,0.44838495714767834,52.41409959473142,41.50144005640906,0.01608985662460327,0.85
2830,0.3427578792030229,45.00994955528263,28.45421142129605,0.015854716300964355,0.75
2831,0.32482943300889655,36.11644758363713,23.06494646494544,0.016065764427185058,0.75
2832,0.283707031981306,51.172517292967356,42.29762416708318,0.015573680400848389,0.75
2833,0.4856448731492035,30.037526808672443,26.561853147100354,0.015755200386047365,0.85
2834,0.6810810390312014,31.257539254623566,26.962521729680265,0.017167890071868898,0.95
2835,0.15622089353195812,43.11132695665763,41.21533871273989,0.01560225486755371,0.65
2836,0.4426624859398215,36.25068823778234,22.26035400582727,0.01552724838256836,0.8
2837,0.3102948017699663,38.728358627315814,33.54070491629065,0.016133058071136474,0.75
2838,0.10400157163581816,51.93952210213591,39.418420087013715,0.015679049491882324,0.65
2839,0.3743797517559458,46.921890306003945,36.42893871073208,0.01583338975906372,0.8
2840,0.45030033523074425,28.263654876982947,31.458059835531195,0.016544997692108154,0.8
2841,0.399738215967365,37.16242547140087,29.551624292802003,0.015451383590698243,0.8
2842,0.6075346089751993,33.720769817160516,30.146286347782322,0.01579606533050537,0.9
2843,0.2367542759201448,41.69955980424935,31.33085801626251,0.015213513374328613,0.7
2844,0.13112304805160266,45.2525860176754,30.033385011088328,0.015626704692840575,0.65
2845,0.31196628659529746,48.70398026251836,40.405015820487144,0.015736329555511474,0.75
2846,0.2512782871125879,58.060921829127516,51.18500330756247,0.015878748893737794,0.75
2847,0.4973021375454926,39.280823648894014,25.536236485668503,0.0157670259475708,0.85
2848,0.25690564766088264,53.751558141070895,45.73136998619672,0.015724444389343263,0.75
2849,0.3199407313099529,47.54423784588918,37.167940665155406,0.016104400157928467,0.75
2850,0.5135894752578218,31.916316009509092,23.355982107331926,0.016244125366210938,0.85
2851,0.3049754173503333,44.71571079649825,28.19948501017618,0.01611710786819458,0.75
2852,0.27130049964128033,50.60665880264715,48.241025252777696,0.015835821628570557,0.75
2853,0.10942130609699649,47.29283769098162,34.00906090578209,0.015740418434143068,0.65
2854,0.47849659370307585,45.825106797205606,39.79718456359856,0.01597733497619629,0.85
2855,0.4781571411272164,36.61719429598378,29.277722347279312,0.015572333335876464,0.85
2856,0.44263462473763215,50.741188289835044,45.89846285728456,0.01595262289047241,0.85
2857,0.6575339574934624,26.694228958828795,23.102034909875886,0.015970635414123534,0.9
2858,0.42019611645317295,38.02137929908456,30.072587563410305,0.01566866636276245,0.8
2859,-0.01732010260204823,57.6671731665724,41.79737406248713,0.015938186645507814,0.6
2860,0.3589223010256902,59.53075182802927,43.09858062922511,0.01572800874710083,0.8
2861,-0.4082934902420637,56.70173308400282,33.913584114832254,0.01569080352783203,0.35
2862,0.18643776336115664,52.33529544803569,24.28006375442592,0.0158233642578125,0.7
2863,0.09212497914025748,41.14846733163994,24.949510022796407,0.01637880802154541,0.6
2864,0.1582899406229143,41.649491544165485,33.44054145650704,0.016208231449127197,0.65
2865,0.4924632387845834,47.93269596517193,42.02466143350245,0.016194474697113038,0.85
2866,0.3498133691391225,37.45490912701178,25.47651229085301,0.015817630290985107,0.75
2867,0.3412684744315179,33.79835234764731,19.5921940099204,0.015796363353729248,0.75
2868,0.25520474352739203,33.67038535559133,19.20606857935174,0.016430103778839113,0.7
2869,0.34123401223953176,40.96170227387571,29.801234330214008,0.01671839952468872,0.75
2870,0.21354992430535225,52.50543437677385,25.836776585938157,0.02041659355163574,0.7
2871,0.2390272100602394,44.93199543823037,30.107261922420953,0.01748044490814209,0.7
2872,0.22609867578508566,44.30717675374873,22.721701810796333,0.016007256507873536,0.7
2873,0.2666825329911019,49.013502833500645,46.16010085534221,0.016029500961303712,0.75
2874,0.4121315339362586,38.29748428226267,32.37388533002723,0.01641775369644165,0.8
2875,0.6205110203937363,27.632447464540256,23.348197491271566,0.016153287887573243,0.9
2876,0.5689965580756224,42.84774861805424,34.67260246624647,0.01646738052368164,0.9
2877,0.08716848383818798,53.03662640049153,41.3041230944137,0.015550076961517334,0.65
2878,0.03354840922923008,57.083468813787,25.375229274293094,0.015267407894134522,0.6
2879,0.693254712254088,17.757759740090297,17.87105868984004,0.015769731998443604,0.95
2880,0.36468729926081445,47.51791671993632,31.113365765392295,0.015841078758239747,0.8
2881,0.32951438912555225,45.768209172812,36.039637914339224,0.015999472141265868,0.75
2882,0.4871654408499658,39.97365969157546,27.73122240537384,0.016183996200561525,0.85
2883,0.5328159150689382,33.094733061567474,30.66162840447868,0.015659046173095704,0.85
2884,0.44977539892738816,56.160670306468276,51.261458696043,0.016255033016204835,0.85
2885,0.24938012247253366,37.34423390645347,18.962001632653102,0.01632082462310791,0.7
2886,0.22928547952908876,47.60122906084838,25.465092488730445,0.015814101696014403,0.7
2887,0.20616371001395573,50.355627866611286,37.313954039615126,0.016094958782196044,0.7
2888,0.12341746705766139,51.29965768972916,41.205970764535394,0.016004955768585204,0.65
2889,0.037880798358665715,49.028390833387455,28.5280835570762,0.015717577934265137,0.6
2890,0.3941671095082702,54.00814180215822,50.94355850921562,0.01552962064743042,0.8
2891,0.21053482416002695,51.22481496882794,31.06440086088583,0.015933012962341307,0.7
2892,0.33571258221460004,36.15183745142567,23.79793155698682,0.015624535083770753,0.75
2893,0.3888900436129303,63.020899083515346,54.38883113047599,0.015880095958709716,0.85
2894,0.5539603323567907,40.30537054366098,37.5755688192539,0.01626746654510498,0.9
2895,0.30217212989785847,46.52641695853157,36.55389460884428,0.017140007019042967,0.75
2896,0.45828802131434376,49.67745608541608,44.142896845352354,0.016244733333587648,0.85
2897,0.37849897021278667,44.294780948873054,27.122732209792574,0.017068958282470702,0.8
2898,-0.110531025291922,61.76469982528711,53.042601112603364,0.01738318204879761,0.55
2899,0.3101496859097542,42.48791476593693,31.394549119012538,0.0172698974609375,0.75
2900,0.03368164800903679,55.737647430772256,48.52209934108809,0.01590520143508911,0.6
2901,0.19861611036950716,74.09127268449132,73.27183133552857,0.01591019630432129,0.75
2902,0.3956749726592372,42.634630009533076,30.36549910286417,0.015403044223785401,0.8
2903,0.34701604826667054,40.524928223116135,22.531916057964946,0.01596379280090332,0.75
2904,0.11962006838409311,57.21374499219803,42.52867167800272,0.01623796224594116,0.65
2905,0.043692985660147836,52.666401467008384,42.01512033699545,0.015895724296569824,0.6
2906,0.3455765110762462,38.78460738882436,20.42421964446809,0.015695631504058838,0.75
2907,0.5011882041691582,37.54910166415198,29.551666795443552,0.015832459926605223,0.85
2908,0.07265224064664824,41.095926284573366,33.10390728095111,0.016274738311767577,0.6
2909,0.329407413435099,36.155151535600865,23.0850674712303,0.01642204523086548,0.75
2910,0.36671804777073336,41.97139487157596,35.78945544596273,0.015616536140441895,0.8
2911,0.3758950525296098,20.1469677694282,15.734708468735754,0.016678571701049805,0.75
2912,0.28653888488751317,46.562084774359434,30.71441287525069,0.015101325511932374,0.75
2913,0.3935678752525423,37.02511262202666,23.35434968689416,0.015641438961029052,0.8
2914,-0.052253242552127724,49.741228023814315,32.75230391106748,0.01597905158996582,0.55
2915,0.26270449655151695,37.28763405393133,25.329484131449533,0.017191207408905028,0.7
2916,-0.001830157372872837,60.4779866439997,24.2485904835479,0.016233170032501222,0.6
2917,0.16635628964204488,40.70950150352304,38.77120872160991,0.016045308113098143,0.65
2918,0.4082162165848203,32.0453349639777,23.6126170823636,0.015484488010406494,0.8
2919,0.4529978092590726,36.356903687227124,28.127281250893983,0.016438519954681395,0.85
2920,0.5283361148160044,54.476017057243666,46.92767829554393,0.015621316432952882,0.9
2921,0.2658616690449751,54.67641164990838,40.53054095836508,0.016154468059539795,0.75
2922,0.3194775836122243,40.76114841301027,21.7294742948031,0.016017162799835206,0.75
2923,0.6134600477406037,38.66161231306861,29.86223231716279,0.01577566862106323,0.9
2924,0.2291975933928636,53.11669999202803,32.18128041251922,0.016224765777587892,0.7
2925,0.19112123137466547,61.6114476688281,45.136289855563305,0.015902650356292725,0.7
2926,0.19254290841562832,51.331751931427426,30.595809680277558,0.01632322072982788,0.7
2927,0.5490777722961792,40.96921826413942,43.54776855270731,0.016204202175140382,0.9
2928,0.4612978354058349,52.56537521716827,41.48709248191517,0.016449105739593507,0.85
2929,0.44792261678332945,31.447379460087337,29.22935792120123,0.0157431960105896,0.8
2930,0.4001839121078355,40.83885466994137,28.06255003192196,0.016040873527526856,0.8
2931,0.4555514029509296,56.82520262347528,52.79856504788315,0.01664588451385498,0.85
2932,0.367521773152321,49.99645399084932,40.16502145958077,0.01550593376159668,0.8
2933,0.6361674802168634,15.227170033665647,14.682126832554275,0.015752339363098146,0.9
2934,0.3696915836140237,48.64831682609486,44.88266144818043,0.015432310104370118,0.8
2935,0.2702317527337939,35.97179664570395,23.98672609200055,0.015443778038024903,0.7
2936,0.6034352442203141,31.681263969445904,33.66133649192554,0.015521514415740966,0.9
2937,0.35041554714919615,56.37009627381168,42.08624170150796,0.015733063220977783,0.8
2938,0.653963524237065,35.698196138461135,31.827850452980897,0.01576576232910156,0.95
2939,0.3863237859324481,46.936386758399536,36.11256119106452,0.015868914127349854,0.8
2940,0.37184122855355956,32.55494484544462,17.64236157684178,0.016307902336120606,0.75
2941,0.601916112707221,37.500668536309476,34.52093791137858,0.016083395481109618,0.9
2942,0.6875444114556619,36.874649273761115,32.931523374175526,0.01623889207839966,0.95
2943,0.24818214284590484,51.787231863349106,37.422231352738294,0.015840637683868408,0.75
2944,0.32280563948047813,42.30866067812235,32.34722993283918,0.015588808059692382,0.75
2945,0.27320222032575936,52.51664762089909,30.913422379665363,0.016348433494567872,0.75
2946,0.4679811580247463,51.3824254014019,44.99011927910243,0.016772663593292235,0.85
2947,0.34113906488181167,36.03455224349294,36.17288990804446,0.016320419311523438,0.75
2948,0.3429300279300761,36.28118405794927,23.34731727229965,0.016644096374511717,0.75
2949,0.28492883561777294,36.28717781920042,25.11757087147667,0.016105222702026366,0.7
2950,0.495770859676811,41.40688380778074,27.994571260744607,0.016109108924865723,0.85
2951,0.32975931686871524,35.67560133467903,35.530831282654496,0.016426146030426025,0.75
2952,0.31438301009949393,38.312002082038305,32.32791844198176,0.01529521942138672,0.75
2953,0.06799695619214909,34.98643271259042,31.150116734037535,0.015714657306671143,0.6
2954,0.5341772539892218,36.73921486818763,23.519700092879066,0.01574714183807373,0.85
2955,0.39387444077622924,46.3564752453344,47.404941397343435,0.01745520830154419,0.8
2956,0.3923500692945414,45.92499469429641,34.35360915362314,0.016046524047851562,0.8
2957,0.5314847828283771,57.05144190575332,56.33582732072532,0.016111040115356447,0.9
2958,0.20798626512213722,53.055163706306054,39.150793681724814,0.016596925258636475,0.7
2959,-0.018942156275837185,66.67366072780244,67.7212178859681,0.01553715467453003,0.6
2960,0.47043626224941154,42.511616013746746,35.597909893041056,0.016233909130096435,0.85
2961,0.49397341847525605,40.849323468717486,33.35068551021682,0.016151440143585206,0.85
2962,0.4420453057947184,30.570986015944406,15.758992914957538,0.01575089693069458,0.8
2963,0.6130830382568158,30.378718768632712,21.29648271967351,0.01615651845932007,0.9
2964,0.2840308916926043,52.882673437398886,38.471061699413305,0.01584200859069824,0.75
2965,0.42805202550327925,32.14379982741188,29.076888133336112,0.016132926940917967,0.8
2966,0.24297314563755257,41.53877435332925,29.978353687517703,0.01609652042388916,0.7
2967,0.6077137533736867,26.054844535427215,21.809201531048732,0.016241347789764403,0.9
2968,0.551987125227418,32.9666980953469,30.549349979333094,0.01619272232055664,0.85
2969,0.21460619356269736,48.452091155347496,41.00018254637204,0.016926944255828857,0.7
2970,0.3749581751620269,50.46160184922267,40.81467377353802,0.01660395860671997,0.8
2971,0.21761163785088877,45.524252108017535,22.062779977182934,0.016167426109313966,0.7
2972,0.5828105606913269,30.756760382029704,26.351434985922527,0.015971314907073975,0.9
2973,0.2742710143779513,35.54831291361407,36.8506357758962,0.01636786460876465,0.7
2974,0.13181608402241118,39.27136845175657,21.88213668730048,0.01572597026824951,0.65
2975,0.12774876545663347,45.57494400227602,31.624133128822226,0.016270256042480467,0.65
2976,-0.21716539183167277,71.85734735831456,28.25399357597643,0.016552233695983888,0.5
2977,0.38188623281010536,47.353760724342074,36.925763989467356,0.01623668670654297,0.8
2978,0.08609184521207598,61.06602910958977,43.898425257291656,0.01578117609024048,0.65
2979,-0.05132696640024066,45.05778990736239,38.512046694110296,0.01611969470977783,0.55
2980,0.1424411488577246,42.073483620304174,32.59172546342952,0.016403782367706298,0.65
2981,0.6438055657790235,48.324234806884206,44.690465888150186,0.0160388708114624,0.95
2982,0.32466549477413087,42.37024907439165,31.3144631625519,0.01629621982574463,0.75
2983,0.40633738209126946,47.6082737892133,36.47795281706362,0.016068899631500246,0.8
2984,0.48616687175242135,38.07262135959193,29.22192913478693,0.016579997539520264,0.85
2985,0.17983078284732681,26.731350627471233,17.894839480012635,0.015616750717163086,0.65
2986,0.6537567887525327,26.53532000914537,22.19760999973569,0.016103434562683105,0.9
2987,0.5185035518602982,38.36671962167524,41.96290820731184,0.015937173366546632,0.85
2988,0.32750130707632397,42.05143351104879,37.85097363846669,0.01639169454574585,0.75
2989,0.2641932761331502,29.284180264856538,27.327514192192037,0.018707704544067384,0.7
2990,0.3333353711061999,39.01543900532175,26.197651918849747,0.01631760597229004,0.75
2991,0.2928429985325497,47.23850997628775,29.54044223780123,0.0160284161567688,0.75
2992,0.5432519306117141,26.631290001009653,22.438558663117444,0.016000914573669433,0.85
2993,0.36462305178617593,37.085893480430016,24.37599153506702,0.016022539138793944,0.75
2994,0.2955383542469086,45.628752667023164,35.54696300745418,0.01656370162963867,0.75
2995,0.20750060457258543,45.60237052381443,30.070092282291423,0.01588096618652344,0.7
2996,0.10753969570754544,75.48222261195131,65.136980303845,0.01611311435699463,0.7
2997,-0.015512616779240712,65.14142531106171,56.020824154603304,0.01624927520751953,0.6
2998,0.1760791079947563,40.47659440944308,22.42569249379519,0.01639655828475952,0.65
2999,0.36028715860529503,55.97925648009931,53.947573820947284,0.015442430973052979,0.8
3000,0.1187584893303617,46.371179764535825,22.916676318506934,0.01616971492767334,0.65
3001,0.41765641750488103,47.25730767796144,40.904609155423366,0.015988755226135253,0.85
3002,0.34128819774782676,38.34445653295932,31.34476242234248,0.015579783916473388,0.75
3003,0.5236084443264801,29.005622266393583,17.738102651338508,0.015539193153381347,0.85
3004,0.043176016144777264,53.648931567928074,36.6423281624838,0.015853965282440187,0.6
3005,0.4476440949996457,52.551614400452046,47.276706594168246,0.01572239398956299,0.85
3006,0.2554060844616094,57.47648598943514,43.807813284677735,0.015913212299346925,0.75
3007,0.3026934785659122,32.241243242551654,23.81934991144463,0.01615523099899292,0.7
3008,0.22783668146921948,41.50273086538904,29.706500481500377,0.015732741355895995,0.7
3009,0.12838589373758985,41.54475391518411,23.862359939592693,0.015944015979766846,0.65
3010,0.006774794459944106,51.35607409331982,24.552145715377616,0.016274988651275635,0.6
3011,0.15195431146943492,50.57675885673507,30.756065800116836,0.016738152503967284,0.65
3012,0.3120855118035718,40.041746289881836,28.27679115424611,0.01684514284133911,0.75
3013,0.06201901019294973,45.67114207954304,24.316181598320394,0.015822720527648926,0.6
3014,0.3315533184074154,38.96867584267974,20.63140718709187,0.016070103645324706,0.75
3015,0.5564357702820557,45.74957909215887,43.610098317081366,0.01606942415237427,0.9
3016,0.6922689948816763,37.021686755616216,33.08450665784627,0.016508948802948,0.95
3017,0.1305560248703212,48.08185175636708,41.885526093687865,0.015694499015808105,0.65
3018,-0.08427849230744891,61.77598310295824,26.862463940538294,0.01610335111618042,0.55
3019,0.23693569740600767,68.77934676696017,52.980728234394114,0.01579239368438721,0.75
3020,0.2874691936433212,52.83840370762185,56.94524176421238,0.015762245655059813,0.75
3021,0.09917554858997171,56.26552945759196,39.37087404212372,0.016556191444396972,0.65
3022,0.22126815843006895,63.80501456735345,47.713027367520695,0.016105234622955322,0.75
3023,0.3760406668875301,50.33001388830417,47.674469674052126,0.015873432159423828,0.8
3024,0.3916566947074057,46.54763669380902,42.3685556436654,0.015621399879455567,0.8
3025,0.21577208649974167,47.15768026827865,30.887760648627907,0.015783441066741944,0.7
3026,0.3874644065672255,40.626679983975365,22.15216758384657,0.01578317880630493,0.8
3027,0.32031323980399506,41.42951633678113,28.866113763919955,0.0162766695022583,0.75
3028,0.5117368923853853,31.161762397287468,27.872338256213848,0.01634697914123535,0.85
3029,0.633326976993109,38.1913915435442,39.07209836416498,0.015912866592407225,0.95
3030,0.37756516706324933,52.048044751699116,54.734410491674595,0.016074347496032714,0.8
3031,0.6191236868103771,27.5460203142912,23.26793000894021,0.015654242038726805,0.9
3032,0.07248041226903597,56.41210799378733,48.68955637621595,0.01595752239227295,0.65
3033,0.06083148611435825,38.6149122838455,27.312256791624606,0.015875279903411865,0.6
3034,0.29623635586645675,48.073217919379985,38.87726634779195,0.0160239577293396,0.75
3035,0.20362392738285479,48.96013696144368,48.21859694962652,0.015789008140563963,0.7
3036,0.38667844767160603,47.89931267737278,49.117464410227896,0.01549297571182251,0.8
3037,0.44022129157975876,37.50922160516087,24.143254302606838,0.01550750732421875,0.8
3038,0.5375710424018652,23.027242463573522,18.380225165064985,0.015824544429779052,0.85
3039,0.2729493710717942,39.02336127882005,40.131030227782,0.01533362865447998,0.7
3040,0.5206258863556849,30.197446739113918,26.638658999344177,0.01574704647064209,0.85
3041,0.38702424264581714,21.50019121007174,17.38918435446522,0.01542658805847168,0.75
3042,0.475030134861096,41.08758458930614,39.93735170106509,0.015970003604888917,0.85
3043,0.2629239358075114,55.556923974825246,48.785350156916344,0.015263676643371582,0.75
3044,0.3929835765904635,47.791036569412775,31.772093960860303,0.015452063083648682,0.8
3045,0.35489761705129386,52.51798854007984,42.43234165182755,0.01618317365646362,0.8
3046,0.7139723549878625,47.13812011489038,47.13812011489038,0.015952789783477785,1.0
3047,0.26513337210051846,33.535815038943554,27.02083749179485,0.015455007553100586,0.7
3048,0.2788017682618456,57.257190344815434,45.42193987530865,0.015521717071533204,0.75
3049,0.24579081640022998,37.8324043753959,24.74472697720989,0.01571788787841797,0.7
3050,0.3585861515596104,46.09012827922591,29.47669388541272,0.015539240837097169,0.8
3051,0.13949089781286342,60.43706731425908,51.62196937566974,0.015555357933044434,0.7
3052,0.1526523342493476,35.52590049352021,30.46600339085949,0.015608036518096923,0.65
3053,0.41637901813569833,33.1494522933484,30.202398921740013,0.015868628025054933,0.8
3054,0.4186597486540352,37.52082074009012,36.7303424164113,0.015573155879974366,0.8
3055,0.12707381222465805,45.744531797663846,38.99449091516682,0.01557377576828003,0.65
3056,0.13365381518837888,42.95825891419064,34.49439283616574,0.01568671464920044,0.65
3057,0.5212262171626028,33.705729435920105,29.903405248710307,0.015438508987426759,0.85
3058,0.3933405357711694,40.91490122470046,34.64475949843259,0.01565347909927368,0.8
3059,0.3946393022044512,31.546965864557954,22.40767666670352,0.015520870685577393,0.8
3060,0.28962067004865705,46.70128250127753,37.2203022884232,0.015949153900146486,0.75
3061,0.3758407422899485,46.115077700287586,41.900799292368475,0.015436148643493653,0.8
3062,0.2305726678559957,36.30968901509664,38.31154756211705,0.015400052070617676,0.7
3063,0.2377190376382675,41.62167740312492,23.831595733235076,0.015540289878845214,0.7
3064,0.4958294291932158,38.345332833298116,24.923073744464237,0.015609562397003174,0.85
3065,0.17927578386551135,56.459910803445084,38.42083786646459,0.015602982044219971,0.7
3066,0.3491894167695321,35.942696830348964,29.40326560380546,0.01573796272277832,0.75
3067,0.5371081304962384,30.34985092507647,21.435486672204036,0.015438437461853027,0.85
3068,0.536068969721904,26.910062611831773,27.82120982629283,0.015512681007385254,0.85
3069,0.10231377534892401,47.558004007029,40.064025762578424,0.015194380283355713,0.65
3070,0.3447089157828699,26.212024970243696,22.608028283545348,0.01561274528503418,0.75
3071,-0.028661034740729462,52.535987795597364,37.6888912752041,0.015978753566741943,0.55
3072,-0.03370967387487506,46.879812398860786,15.911369661020588,0.015966808795928954,0.55
3073,0.35584847712879897,31.224629737323376,15.631881568925616,0.01584303379058838,0.75
3074,0.3526251727453452,36.064161508584846,16.458560730836716,0.015593242645263673,0.75
3075,0.3177630613315537,45.57535061719788,42.92617173342166,0.015497696399688721,0.75
3076,0.20917826202329243,50.87418524353838,46.04470896014046,0.015528082847595215,0.7
3077,0.24084924426124865,40.46579741711656,30.58046144547523,0.015657806396484376,0.7
3078,0.5661672752714334,31.851586147201203,27.737776764154507,0.015548193454742431,0.9
3079,0.5368323771776372,32.207532315232605,28.937975446476297,0.015823113918304443,0.85
3080,0.4658568360442798,41.07803253941916,34.409074262045785,0.015799438953399657,0.85
3081,0.5909528107789239,42.98733519407459,40.020973863316556,0.01578313112258911,0.9
3082,0.007183173730823495,64.53520601395697,31.304345085132265,0.015734446048736573,0.6
3083,0.2685570183457874,51.77560980571949,44.05577022147237,0.015506422519683838,0.75
3084,0.2065119216005667,52.314273195226896,46.646910677448936,0.015805721282958984,0.7
3085,0.4341538079079045,34.47425615765313,21.135508454776165,0.016003751754760744,0.8
3086,0.5189604337205534,42.19166996142319,35.600653829984466,0.01580883264541626,0.85
3087,0.2347606296355973,51.865596638050626,32.3576024941168,0.016264498233795166,0.7
3088,0.5906861434804032,32.245435737409785,28.384403650807222,0.016123259067535402,0.9
3089,0.5577323680393272,35.66655776976942,26.991962940994995,0.015733873844146727,0.9
3090,0.4349361668261421,50.379132111698645,39.13680975077132,0.015778219699859618,0.85
3091,0.5442062106898049,26.506883885380915,28.45008637779125,0.016034817695617674,0.85
3092,0.39198522381473344,44.262893736454174,31.9511960637496,0.016236233711242675,0.8
3093,0.4101641046584801,40.45428619916384,21.81997767913441,0.015714752674102783,0.8
3094,-0.07962078465834425,53.52551368061828,39.1440471517287,0.015468692779541016,0.55
3095,0.12838701880555145,50.58190223776703,46.11435441039351,0.015732169151306152,0.65
3096,0.44667055424926155,46.75605394718293,40.453420708933606,0.015967690944671632,0.85
3097,0.44100913659884833,56.213390210222556,45.51559636094814,0.015871500968933104,0.85
3098,0.11017590270390847,46.34290870546872,32.31955448937501,0.015783441066741944,0.65
3099,0.24032934513714327,49.89824790850718,28.998972471411953,0.015566813945770263,0.7
3100,0.5012766804739446,30.889030832383707,21.62414806161801,0.016029345989227294,0.85
3101,0.22815319950710755,49.86584411525229,36.44942337433242,0.016039443016052247,0.7
3102,0.6385685594279331,31.379862883300802,22.236093215118633,0.016052055358886718,0.9
3103,0.5000022633739845,34.54589703101341,20.116666608291798,0.015492165088653564,0.85
3104,0.30704023781780065,48.84481456195579,40.56658768600133,0.015559971332550049,0.75
3105,0.33956267992218875,44.24863995323685,26.927539499368443,0.015839457511901855,0.75
3106,0.1334568364828061,49.32021655848071,37.92423702232697,0.01691175699234009,0.65
3107,0.24347763247709273,61.16742857559592,43.59895795612313,0.016141510009765624,0.75
3108,0.5699850461838283,41.99702246912395,34.066480783405936,0.01579035520553589,0.9
3109,0.752952008612275,23.83899195531197,24.424833651457988,0.016123902797698975,0.95
3110,0.4175028315510989,36.060675956576965,16.916325689469396,0.016573870182037355,0.8
3111,0.48595004984283685,46.19448906885275,33.77151098557927,0.016022109985351564,0.85
3112,0.21743221388753192,46.121773647574415,24.030458262578602,0.015523064136505126,0.7
3113,0.14881576750569048,61.05560739924317,38.243850498958444,0.015678870677947997,0.7
3114,0.43677735121073236,26.146344546852287,28.572060538495023,0.01591380834579468,0.8
3115,0.44582660002887103,55.86062947560917,45.7144164550413,0.01551882028579712,0.85
3116,0.3345695039140015,42.265683644135194,25.390268611282014,0.015606796741485596,0.75
3117,0.33297757241237036,40.443128984781154,22.529687367082975,0.015553271770477295,0.75
3118,0.16543832946498557,41.3457446248535,32.85199226965937,0.015912318229675294,0.65
3119,0.1323062664787304,50.55465289766248,39.030877658982504,0.015777015686035158,0.65
3120,0.20942882434136276,55.18114616295246,43.788495814645614,0.015891969203948975,0.7
3121,0.04215615561282046,64.53955364127401,53.42032579693668,0.015847742557525635,0.65
3122,0.40519346747152013,59.307442746289624,49.61266439306619,0.01562955379486084,0.85
3123,0.4940300397333752,34.92391836497016,32.089740573015185,0.015834975242614745,0.85
3124,0.3792615204565817,51.53724898580738,41.97272800009777,0.01607067584991455,0.8
3125,0.2674624661516006,57.05496727823604,57.36716832615136,0.016185522079467773,0.75
3126,0.4154021404439717,35.74426981396383,27.36533448227706,0.015733742713928224,0.8
3127,0.15117180308910672,45.11111211960187,22.169568888857967,0.015919291973114015,0.65
3128,0.2136297395159265,43.49347446676657,40.42015124801265,0.01548985242843628,0.7
3129,0.11225565749634178,37.550194096060395,19.93475118901584,0.015682756900787354,0.6
3130,0.2476489508979685,42.90496166440406,33.047052469648975,0.015647661685943604,0.7
3131,0.6011598393611663,29.090249229491132,30.580751233729828,0.015580999851226806,0.9
3132,0.06841533141828715,40.32329215673424,13.95775466512147,0.01577339172363281,0.6
3133,0.4001832352531947,46.897650601115274,29.77148675102851,0.015994167327880858,0.8
3134,-0.021129400218351448,40.533115908675434,15.377146748047458,0.01582927703857422,0.55
3135,0.4662542625187454,48.01257438833818,47.73666507580048,0.015861892700195314,0.85
3136,0.27527149838240833,50.35573570047501,48.79999361126567,0.015805864334106447,0.75
3137,0.16194052529928393,56.12811687376529,38.16310119731239,0.01575603485107422,0.7
3138,0.3080467942818712,41.87402643376021,37.06712987388281,0.016015946865081787,0.75
3139,0.20997053214108014,30.774121424642704,15.581350949881418,0.01644822359085083,0.65
3140,0.433351697157779,29.82090398611116,21.140043534576044,0.01577416658401489,0.8
3141,0.7211991374915506,45.418987216552004,45.418987216552004,0.015174782276153565,1.0
3142,0.4817063870905483,39.602615273252255,32.183292319938225,0.016251564025878906,0.85
3143,0.30200207276781244,49.46293347947465,28.618979169517097,0.015727126598358156,0.75
3144,0.4059269298280931,42.52505792493358,24.379109992419394,0.015918529033660887,0.8
3145,0.29121476832884763,44.864743243922476,28.728225149315083,0.01586623191833496,0.75
3146,0.2276827470310295,44.14770413949766,34.87765214287323,0.01622295379638672,0.7
3147,0.3569539427520333,32.787253203929524,18.35072174067137,0.015768015384674074,0.75
3148,0.22184477547743806,47.34871925453037,32.22057173191248,0.015931379795074464,0.7
3149,0.4588328549289106,29.56472490222543,19.735836059593872,0.015539300441741944,0.8
3150,0.6312300850656949,27.453982194473703,17.303939350196604,0.015531158447265625,0.9
3151,0.5092086917441022,32.56256176567355,30.119587774760603,0.015377211570739745,0.85
3152,0.40926907470393176,55.04524970642801,50.1313002081153,0.01551823616027832,0.85
3153,0.2636939640287185,51.729344324155456,31.797483402104223,0.01569371223449707,0.75
3154,0.4334847231321973,52.53754230534962,47.54983634355479,0.015717411041259767,0.85
3155,0.4076145044763648,57.47981700458477,53.62147046388857,0.015605783462524414,0.85
3156,0.1589145203217807,60.53644970284063,44.466483506484956,0.015573084354400635,0.7
3157,0.6063326403273299,33.22158972203367,29.753828065658567,0.015335333347320557,0.9
3158,0.07566649851073205,42.203867857278496,24.862921452763146,0.015581095218658447,0.6
3159,-0.02921198768885579,51.67668608374062,32.27155081319572,0.01623021364212036,0.55
3160,0.4392359432551426,38.26685828503817,24.410430425384988,0.01563563346862793,0.8
3161,0.06626449883982592,51.079408831223695,40.866222648921685,0.015660464763641357,0.6
3162,0.08718426689649875,51.64961899135172,46.152314696378234,0.015431463718414307,0.65
3163,0.16708005596419379,61.71092795132573,40.09992995585521,0.015564513206481934,0.7
3164,0.07421220099378786,66.23822516907556,48.44976060675927,0.015416336059570313,0.65
3165,0.4123609757587632,47.37707898400768,29.587443418462332,0.015848779678344728,0.8
3166,0.20644107710275456,47.37931524677786,38.616439420224495,0.015919923782348633,0.7
3167,0.3206798741098033,55.39642200782821,46.565292809547415,0.015485835075378419,0.8
3168,0.29502647351380595,66.78650580704216,60.45164367712157,0.01545621156692505,0.8
3169,0.2749403996550419,29.7488462050985,22.101170471985107,0.015586614608764648,0.7
3170,0.42616772978718576,56.90131168147578,52.44425989079334,0.015743863582611085,0.85
3171,0.20408919158762023,51.864147706613565,45.751852619473986,0.01562262773513794,0.7
3172,0.48729932291512695,41.533005409589855,33.98624306842654,0.015306830406188965,0.85
3173,0.5996468136419275,31.049035225041628,32.19782965072354,0.015397977828979493,0.9
3174,0.23826378088733913,38.8069668604242,33.946457243966414,0.015605628490447998,0.7
3175,0.541461148532243,32.56675760814746,28.857082512966436,0.015328311920166015,0.85
3176,0.3071996586839701,30.946701460630795,16.655328635104695,0.015191471576690674,0.7
3177,0.07548770078087992,42.43786438069519,19.314569201322797,0.015433669090270996,0.6
3178,0.11774614860674373,46.30883890234836,24.918323522340874,0.015752851963043213,0.65
3179,0.22487245191631366,52.04710193116015,40.618976537435515,0.015839409828186036,0.7
3180,0.1694346867247056,60.853127876312534,45.11645686957637,0.01588672399520874,0.7
3181,0.5241835042393928,45.74018027187596,38.247325996511215,0.015728211402893065,0.9
3182,0.2962778512042892,49.86551135830913,28.868370066275627,0.015344762802124023,0.75
3183,0.43538000941953275,35.54338146572955,22.849872543356174,0.015524137020111083,0.8
3184,0.1457751234027594,51.58942104215633,42.2284501099052,0.015486836433410645,0.65
3185,0.05890785720319418,48.46959278078775,38.66643045114232,0.015619587898254395,0.6
3186,0.5220116951038001,35.69613264718812,28.356316664822806,0.015796971321105958,0.85
3187,0.5589872890637031,45.10211127997673,38.19661260469504,0.01576308012008667,0.9
3188,0.2306648271034868,39.13872276707428,14.893730219952841,0.016446018218994142,0.7
3189,0.6054056759711253,35.2906659561435,32.274914126392275,0.015662956237792968,0.9
3190,0.3168812528088494,40.87538433440778,30.337157825979038,0.016097915172576905,0.75
3191,0.29060798551259076,53.01783903537118,39.74228467536559,0.015837597846984863,0.75
3192,0.37135587761280997,51.199430018373704,35.65732256735752,0.015792882442474364,0.8
3193,0.21579072873165023,52.71314958072388,59.745245918180046,0.015995943546295167,0.7
3194,0.15984614282553578,64.95779130701843,51.5077815068114,0.015486311912536622,0.7
3195,0.07647494650782163,65.11298855154794,45.87107004582557,0.015540087223052978,0.65
3196,0.40068293517807485,40.54446662692272,33.82008938329942,0.015605020523071288,0.8
3197,0.33511849188561404,37.15895581599513,31.01672405947845,0.0157867431640625,0.75
3198,0.5254074356273051,28.399662382254018,18.97278315687811,0.016023576259613037,0.85
3199,0.26165569901523816,36.3988426880847,17.02102766912263,0.01573563814163208,0.7
3200,0.3874641539559094,41.943453585196835,29.89019639649228,0.0164168119430542,0.8
3201,0.19093102622472438,31.163178229173468,16.055647793161736,0.015865588188171388,0.65
3202,0.1143755676528013,50.76548640718441,39.00516950901029,0.01572369337081909,0.65
3203,0.08805255220862673,59.51318522598012,45.13765768999896,0.015570604801177978,0.65
3204,0.469162409103325,44.22496446131045,31.9251808530554,0.016044890880584715,0.85
3205,0.2585793321392271,44.12530112181508,21.067390748705588,0.01591019630432129,0.75
3206,0.007351773881679402,48.798664261725165,37.12378750980036,0.01614285707473755,0.6
3207,0.33685912428275433,45.812989928189126,35.55916609737336,0.016141390800476073,0.75
3208,0.12527422866895763,56.800998199561185,40.544070398011314,0.0157537579536438,0.65
3209,0.40235723380229976,42.176209555375046,36.211588215217155,0.015313458442687989,0.8
3210,0.743667001101206,38.16986635432095,38.16986635432095,0.015713977813720702,1.0
3211,0.5930534629753279,32.08361538881606,33.84009520094358,0.01570606231689453,0.9
3212,0.4125396584021289,38.104914342663385,36.6185679671648,0.01561429500579834,0.8
3213,0.44077928115672604,33.23209555559913,23.680801992813887,0.016239893436431885,0.8
3214,0.10529201849626298,55.751339432151646,46.36930751509671,0.015566325187683106,0.65
3215,0.31261005322962976,35.819806605321695,28.807814571644705,0.015982210636138916,0.75
3216,0.1907377377090445,55.07205189632781,50.607907458837126,0.016103601455688475,0.7
3217,0.30804120113264544,46.155833206286324,35.65581042402467,0.015767204761505126,0.75
3218,0.6107624690698408,26.016511653177123,21.55583893687473,0.015366363525390624,0.9
3219,0.04716942094392391,55.29085071740711,49.60810097284963,0.015956544876098634,0.6
3220,0.3883455517739248,48.90290575452681,50.30236211914888,0.01582314968109131,0.8
3221,0.4628229292628904,47.041589255870996,40.71042385880581,0.015662944316864012,0.85
3222,0.01318566037254999,35.405028364917015,25.99076287548945,0.015454888343811035,0.55
3223,0.3415058741772633,34.98567570350325,27.512335869187826,0.016110849380493165,0.75
3224,0.1236724278154511,53.23905929641809,35.176550299039576,0.015579020977020264,0.65
3225,0.23128368255087603,41.43447578124382,23.92052447071431,0.01568056344985962,0.7
3226,0.19627931448098607,51.36513776082755,37.75367977397856,0.01627460718154907,0.7
3227,0.20784375643249833,45.278993198609285,30.548576840053958,0.015611839294433594,0.7
3228,0.5119688342915623,28.073229732092255,28.969042877146837,0.01596357822418213,0.85
3229,0.3016568803589529,41.96696636192337,36.79290357393064,0.015524888038635254,0.75
3230,0.24314487797048018,45.14477090732547,37.04426043081596,0.016105306148529053,0.7
3231,0.4252405831174918,36.353374178625295,23.356537966761696,0.015865230560302736,0.8
3232,-0.020329293363857675,50.68987226682595,35.4922588919477,0.01531311273574829,0.55
3233,0.21438139423517838,50.61836515779531,23.88850106548537,0.016000199317932128,0.7
3234,0.6119283469052774,49.99677600800642,47.011356759999536,0.016043734550476075,0.95
3235,0.5501163866716909,32.75907965149587,24.56415156604512,0.016330790519714356,0.85
3236,0.1409180473515699,42.750634428915845,26.696037282212476,0.015505516529083252,0.65
3237,0.4852019790050287,43.26257985175535,30.389094819803237,0.015518176555633544,0.85
3238,0.28432260071123955,52.558602746674595,31.17288953080682,0.015915775299072267,0.75
3239,0.41068099453462487,42.857471292777234,35.953087978417585,0.015993881225585937,0.8
3240,0.15383427520431756,66.45017781845091,45.93024430642867,0.015825319290161132,0.7
3241,0.3952452337677104,46.81185576841636,36.79331760769231,0.01601790189743042,0.8
3242,0.3540072755165934,55.79763514356559,52.059014258393205,0.016575372219085692,0.8
3243,0.34631653000158596,58.61639475539374,50.2533314943955,0.01616867780685425,0.8
3244,0.43438563439742656,36.85091803742269,35.71909058983171,0.015726757049560548,0.8
3245,0.3783876919791484,46.65910001340983,35.565251849796134,0.01572601795196533,0.8
3246,0.39322598238516815,46.45964035931643,35.909408135490764,0.015571689605712891,0.8
3247,0.4518187273486248,56.73677623653357,46.756641093854455,0.016076934337615967,0.85
3248,0.16536926255964676,42.28371827328571,34.13958527174448,0.01696512699127197,0.65
3249,0.05565758783574417,39.2450001732891,21.825874090399637,0.015862476825714112,0.6
3250,-0.1515493373394144,57.94066124478079,38.98111037997905,0.015989363193511963,0.5
3251,0.29206491450951555,46.63997756953499,24.566473601541812,0.015995359420776366,0.75
3252,0.45498742152503524,45.963793517843065,34.126667529893574,0.016199731826782228,0.85
3253,0.4315891522160549,58.41529435020233,48.722543309269426,0.016176998615264893,0.85
3254,0.28319494937420603,46.967772377706865,43.82042489018081,0.01602516174316406,0.75
3255,0.4956408449642023,36.8097109028575,34.390378423149784,0.016431188583374022,0.85
3256,0.1172836475577081,47.144296981459256,26.813621433545606,0.016012930870056154,0.65
3257,0.25333189593068073,41.530916311976135,18.432591843044186,0.01595069169998169,0.7
3258,-0.06476291154524523,60.86888966719431,27.752182829085474,0.015574991703033447,0.55
3259,0.3766654118225244,32.57297839553328,25.1170975483299,0.015516459941864014,0.75
3260,0.4706107432764316,28.056399407991204,18.633984684304043,0.015715372562408448,0.8
3261,0.22282417151904105,50.384391669634155,28.17083469193023,0.016053521633148195,0.7
3262,0.26747339835271094,58.03357239439314,45.41346152141977,0.015868830680847167,0.75
3263,0.3917589070892663,43.133968190008034,25.54016043851132,0.015686345100402833,0.8
3264,0.4030174475706295,43.76115489368328,37.834353516746816,0.016120052337646483,0.8
3265,0.1949988554827417,52.22057129419328,38.71511741370515,0.01602102518081665,0.7
3266,0.20336780825342804,46.608410222119794,38.575479701740846,0.015910446643829346,0.7
3267,0.18855264909414002,32.752880271132305,33.52831116844609,0.015973925590515137,0.65
3268,0.45683412202419893,30.0446915979486,21.11082178854464,0.0161541223526001,0.8
3269,0.19918848801132377,47.73893062025057,37.15843462816456,0.015649008750915527,0.7
3270,0.13344235302169855,47.25873272755287,39.13672202938553,0.016079580783843993,0.65
3271,0.5128775846813435,35.003240425137776,26.818781080865072,0.01619659662246704,0.85
3272,0.14511824609195595,44.75801383457835,41.12854519846276,0.01710798740386963,0.65
3273,0.27502006781465377,57.07202078944378,49.8423954267832,0.01625930070877075,0.75
3274,0.6351667824657877,26.419038944860166,27.450408600744883,0.01602299213409424,0.9
3275,0.2898836805929613,35.8455348681574,24.098457458335847,0.015555286407470703,0.7
3276,0.08599695306914779,54.8672251383464,44.107053104370216,0.01636101007461548,0.65
3277,0.3126251820042262,46.05114683418252,36.58414961530685,0.0156882643699646,0.75
3278,0.4100539035244573,47.0365087081288,42.30325828793202,0.01583458185195923,0.8
3279,0.22066636973221065,35.94906090090615,37.77581940933398,0.01616511344909668,0.7
3280,0.30247285893803605,46.54941694315842,35.894984260490816,0.015799438953399657,0.75
3281,0.3062581537639679,53.16267627352157,45.29804258035174,0.016272926330566408,0.75
3282,0.4147440878891902,38.44595724992631,30.91643751699526,0.01575603485107422,0.8
3283,0.4808290311772108,27.405747385718826,22.82998655186627,0.016410934925079345,0.8
3284,0.2470748912087688,57.56823672395667,58.14492069845925,0.01687180995941162,0.75
3285,0.41678173461603996,38.710693009579785,25.109839850719247,0.01588519811630249,0.8
3286,0.26568855764324495,40.44629072558696,23.310655671800898,0.015580105781555175,0.7
3287,0.29716937497544055,51.8319462510767,44.968081300128986,0.01796828508377075,0.75
3288,0.11528054805045014,47.524899439563356,33.696637473318674,0.01639566421508789,0.65
3289,0.11138532041915665,50.112369184305855,44.29080725209814,0.01612321138381958,0.65
3290,0.10060119291574483,61.24556226792076,40.28440484749957,0.016306698322296143,0.65
3291,-0.15917430603247623,62.938378541572135,38.31730460578931,0.016861462593078615,0.5
3292,0.22893371742345242,53.3375810623214,32.05461378548765,0.016079401969909667,0.7
3293,0.4508896857793717,39.4809815999453,25.742309791552543,0.016010427474975587,0.8
3294,0.15530694681357202,45.02193127041037,19.010333024766087,0.016228246688842773,0.65
3295,0.5351362045966893,34.60651602927058,19.342395829100703,0.01571023464202881,0.85
3296,0.5400270608658171,26.971459042772928,28.626910044445147,0.016317248344421387,0.85
3297,0.3052654993544598,20.240991523217094,14.12319933001157,0.016110312938690186,0.7
3298,0.620852365411745,20.60938648064679,20.882765950835193,0.01626746654510498,0.9
3299,0.28896896913248926,41.86788900142814,38.46059120691432,0.015922653675079345,0.75
3300,0.1688530206040553,37.88837631412521,19.441666683655555,0.01665661334991455,0.65
3301,0.5772692438321879,37.29053552874588,28.761787086132742,0.0156269907951355,0.9
3302,0.23152193266820928,41.75364452043736,23.94938916053197,0.015710616111755372,0.7
3303,0.47076305131900753,42.32574914799978,40.57424102979669,0.015228331089019775,0.85
3304,0.5707630878881937,43.273566415452834,35.4131918655679,0.01587144136428833,0.9
3305,0.17945817307766007,33.88454064464151,34.1450100118564,0.01580076217651367,0.65
3306,0.4128782019732891,43.56969050891297,31.991952918645524,0.015647423267364503,0.8
3307,0.24542090326437466,42.43120532979637,39.79412586263039,0.015582072734832763,0.7
3308,0.13648922958491314,45.5638333709671,31.302863862779084,0.016016674041748048,0.65
3309,0.5015297051846307,35.7860720019873,27.7803301220691,0.01601814031600952,0.85
3310,-0.04089909670566692,47.86989903754686,28.77089225064526,0.015838849544525146,0.55
3311,0.267855736571203,33.45928693873528,19.27466465579084,0.01583554744720459,0.7
3312,0.18329569629269385,54.37761327598783,42.866972630644554,0.015935182571411133,0.7
3313,0.12328436713056676,48.357401696022855,33.791331565453,0.01568182706832886,0.65
3314,0.24630277336440481,40.19275552257257,21.976992524898996,0.016239798069000243,0.7
3315,0.04998318618832882,53.12889261605159,36.80089754663812,0.016421091556549073,0.6
3316,0.2888595414437005,50.846548073055644,36.630376617927276,0.01564059257507324,0.75
3317,0.1582651771827944,34.89558562987789,26.90706695875662,0.015619778633117675,0.65
3318,0.3486644020897925,30.54560237591348,27.085868266748328,0.015777862071990965,0.75
3319,0.4593065595578751,43.835419729559774,36.911233657207525,0.015567600727081299,0.85
3320,-0.053785617969067424,36.89049086279521,16.44701568104926,0.015519511699676514,0.5
3321,0.20116285350868007,56.09760771477031,65.52437944719419,0.016185879707336426,0.7
3322,0.2836458346681339,36.720870584536115,30.65872342677807,0.015766727924346923,0.7
3323,0.284269121820187,20.89489711841068,15.013202661844996,0.016063272953033447,0.7
3324,0.5342372725787646,27.452182791406308,22.2308797927189,0.015706074237823487,0.85
3325,0.13454046203731979,46.5107383481561,39.724342327597576,0.01562877893447876,0.65
3326,0.2499811945327754,38.103103896707296,25.425216359444104,0.015179884433746339,0.7
3327,0.14977234160899436,38.332165751759774,33.85756945725154,0.015846800804138184,0.65
3328,-0.022428622959267834,56.39554129899991,49.125163006224504,0.015448510646820068,0.6
3329,0.09917244846301307,51.91016488809974,23.94911584331737,0.0154494047164917,0.65
3330,0.10077822331975402,55.557428335327245,31.683944507515776,0.01599916219711304,0.65
3331,0.3922203013570696,39.799000427417475,33.97150769524836,0.016205060482025146,0.8
3332,0.3454300042636932,36.450593523303496,36.355150301864086,0.015576839447021484,0.75
3333,0.4491102085757543,36.15161714155944,22.879027448986776,0.016335439682006837,0.8
3334,0.29772233728663944,44.45194532852978,40.29859763752497,0.01590421199798584,0.75
3335,0.3159736838157344,52.59139130821559,32.450082713458464,0.015375792980194092,0.75
3336,0.13987649134282215,46.996301856294295,25.569887932513282,0.015506088733673096,0.65
3337,0.5390951454044426,34.72941325586939,26.563231479616494,0.015855062007904052,0.85
3338,0.41435841514416616,36.957777916913514,24.7337326642523,0.01544417142868042,0.8
3339,-0.03956410632385961,47.406445273647314,34.56855861458644,0.015444028377532958,0.55
3340,-0.012060457215463605,57.751519519876226,40.42938338805642,0.015452587604522705,0.6
3341,-0.014682185676055393,61.979572768974606,42.52387137895495,0.015280461311340332,0.6
3342,0.3429916001905435,58.414212887190025,49.92010975709856,0.015575671195983886,0.8
3343,0.10998070088891716,57.1613239016397,33.445912383127805,0.015621769428253173,0.65
3344,0.30308199870282493,44.21970686632667,33.067199476872716,0.01641615629196167,0.75
3345,0.4808302726871432,41.92744017022177,40.21554587080609,0.01675283908843994,0.85
3346,0.5226060522957954,33.934584147574135,31.104190385577855,0.015984833240509033,0.85
3347,0.29221538939952885,46.639890238284536,37.180310253051985,0.01573573350906372,0.75
3348,0.4631510850241023,43.533774363693325,31.0969638820635,0.015980279445648192,0.85
3349,0.2507349026394453,41.772301007527446,24.792612396131904,0.016453921794891357,0.7
3350,0.25225958319734876,41.876945232494336,31.700308715781652,0.016695702075958253,0.7
3351,0.5111046246742176,56.53738410638082,49.86164418422946,0.016274213790893555,0.9
3352,0.35631559713241523,36.237641203925634,23.03049094889819,0.015866303443908693,0.75
3353,0.056043935529044034,46.41069736889456,25.72048073408054,0.016053414344787596,0.6
3354,0.4012780411748819,41.9998991965668,30.73573092103187,0.015549325942993164,0.8
3355,0.4639283402918494,48.440648786200846,42.51898326504551,0.01563187837600708,0.85
3356,0.025046680275535377,55.637989522204826,40.08479955755294,0.015548801422119141,0.6
3357,0.5482646144376868,40.71194491232201,37.54661358537704,0.01645008325576782,0.9
3358,0.14376495825846233,50.155636370523816,38.64875624784058,0.015488922595977783,0.65
3359,-0.06525639257865601,60.27647694817271,52.5531683509929,0.015651392936706542,0.55
3360,0.19502211833060826,56.903380764423375,38.88316850723226,0.01518763303756714,0.7
3361,0.3216878761566567,51.192062053099406,37.16579887516355,0.015717482566833495,0.75
3362,0.14239228672207124,45.88518615087914,32.04398855233663,0.015683913230895997,0.65
3363,0.3831961625114882,46.8687468967503,34.924811260269344,0.01568748950958252,0.8
3364,0.3933566097189414,37.45045750026164,24.146676477847606,0.015751743316650392,0.8
3365,0.3135107362088823,33.20968719752449,32.16914523670317,0.016223502159118653,0.75
3366,0.15363890572201394,62.99287519395479,54.69375680925379,0.015425264835357666,0.7
3367,0.4297606801995662,43.766177295918794,37.48416239493967,0.016051661968231202,0.8
3368,0.16149399394838015,37.77740925486331,17.87043340674112,0.015771365165710448,0.65
3369,-0.12424261898952187,57.335290777895366,28.768779352939656,0.015628862380981445,0.5
3370,0.2417282402389751,38.51979704258047,18.614059004017612,0.016273903846740722,0.7
3371,0.2680102656634086,36.98105274183148,25.15721479209349,0.015960693359375,0.7
3372,0.40662797577585064,41.01412340329149,35.50489478399148,0.015642189979553224,0.8
3373,0.5025274131804259,42.244473154545446,35.33562785823178,0.015650129318237303,0.85
3374,0.5963005124966232,36.77003127560704,39.23308579569003,0.01572086811065674,0.9
3375,0.5232710050991165,30.927113091611194,22.320550287367062,0.015650606155395506,0.85
3376,0.5338663092056175,25.62392822539248,15.60315629124595,0.015794968605041503,0.85
3377,0.3418929121073732,29.65382419106873,27.509258723614234,0.01607872247695923,0.75
3378,0.2895551930073337,45.093928527339784,36.49573162094199,0.016825830936431883,0.75
3379,0.21892011918098925,70.30312222436002,55.68242997688737,0.015454471111297607,0.75
3380,0.638298638814394,21.098345214760744,21.654500268927638,0.015774023532867432,0.9
3381,0.15025687593660475,50.77287992936401,37.93275184486137,0.01581552028656006,0.65
3382,0.15635504058449573,41.620159566571445,31.963752040153675,0.015966248512268067,0.65
3383,0.4166650379980862,37.79926676215051,24.48620309310173,0.015760385990142824,0.8
3384,0.301178970074489,41.849474581971016,30.67825650786734,0.01571871042251587,0.75
3385,0.34075206541597647,42.602300426054875,31.095624417118227,0.015378892421722412,0.75
3386,0.21980747482472845,53.11314563126708,47.42089422978779,0.016044461727142335,0.7
3387,0.3293542612335364,42.33756303634433,31.251022328343304,0.015430724620819092,0.75
3388,0.09202046336044307,57.26386956502485,33.90110337038488,0.016282904148101806,0.65
3389,0.23842915525137992,60.63935637325615,49.01391816213023,0.016267001628875732,0.75
3390,0.8058337894922092,28.534114039223176,28.534114039223176,0.015815961360931396,1.0
3391,0.3136227797862442,39.02075382463577,26.135241927918933,0.01580684185028076,0.75
3392,0.4190886540140587,54.62671604910436,43.82456965056669,0.015777552127838136,0.85
3393,0.07610364481559485,44.287789081001385,29.65610493518901,0.015830159187316895,0.6
3394,0.1548480525362628,35.75312831789833,23.16559291775731,0.01540987491607666,0.65
3395,0.13302482434333612,51.4734492314632,40.2423666815872,0.015550613403320312,0.65
3396,0.4940916387532804,42.24605116471704,34.95314710738465,0.015918219089508058,0.85
3397,0.32712062637070527,40.136735485380456,22.33854289592408,0.015967190265655518,0.75
3398,0.2270378005259802,47.53490207263588,25.28284803416627,0.015522956848144531,0.7
3399,0.5222119126231023,36.564352911074145,33.94883562694345,0.015500926971435547,0.85
3400,0.1773203826591714,61.860976102171925,46.18976120597588,0.01574479341506958,0.7
3401,0.29320378858748525,56.472193816040985,36.816574403475805,0.015642571449279784,0.75
3402,0.5645404330616486,26.66390348649934,28.857721715895615,0.015702581405639647,0.85
3403,0.2674918081227507,35.24431853305635,29.81541004328086,0.015548396110534667,0.7
3404,0.5501647738682568,31.365237381786777,22.692002895987002,0.015971124172210693,0.85
3405,0.3065484186250636,28.58368034164676,25.103366244349388,0.015414834022521973,0.7
3406,0.3507653002675447,29.175804457983123,20.614629432732336,0.015883266925811768,0.75
3407,0.3311614401156785,42.186908641699624,23.615384327086517,0.015573263168334961,0.75
3408,0.21508821079142887,30.669452317033894,23.202759485320104,0.01581500768661499,0.65
3409,0.22234318634782557,62.235586884794046,51.40162948643437,0.015744781494140624,0.75
3410,0.3897057880256877,39.29379429900265,38.26667427054292,0.0156762957572937,0.8
3411,0.3243103890383908,47.6520083276516,38.52535313069209,0.01575990915298462,0.75
3412,0.41707751243557584,42.62415052240054,30.143172443944454,0.015342235565185547,0.8
3413,0.2360742392720387,43.47461908340868,32.29933949948215,0.015872490406036378,0.7
3414,0.2281642315455093,47.73186184205708,32.163872194112365,0.015743255615234375,0.7
3415,0.4867358925949071,41.23304388530556,34.345876284452515,0.016625797748565672,0.85
3416,0.269015592169044,36.77606637848722,25.1976922367084,0.015842747688293458,0.7
3417,0.27522954364126107,26.290457475701203,23.20264828494478,0.016187012195587158,0.7
3418,0.2678634483503946,39.0712715764992,19.641015667037262,0.01635289192199707,0.7
3419,0.2797271511014047,47.60160702386945,37.43385688461153,0.01582520008087158,0.75
3420,0.13985355520807768,46.064452865979135,30.52392642153833,0.016262102127075195,0.65
3421,0.14071236748403215,52.49865078384788,33.82534829104598,0.015701925754547118,0.65
3422,0.059278983632396254,41.604216863340966,15.630054106025502,0.016253745555877684,0.6
3423,0.2687613374721502,37.176182238354045,31.755833677257158,0.01579965353012085,0.7
3424,0.5578016700433339,45.14890192506577,37.491918441019614,0.016037297248840333,0.9
3425,0.18050080164102222,45.42907923191442,30.535152349136503,0.01646615266799927,0.65
3426,0.3944143337201703,43.85203830780451,32.04224883839352,0.015821468830108643,0.8
3427,0.5087448663691158,27.830196251132655,29.564658966662336,0.016018998622894288,0.85
3428,0.20351470940654562,32.28984662061143,25.852721931085,0.01572500467300415,0.65
3429,0.3536936113653208,37.03358687404249,30.832539220880264,0.01650271415710449,0.75
3430,0.43785120309115977,29.255986247081314,25.950908687267415,0.015863168239593505,0.8
3431,0.39042942371034317,42.25099013152091,36.268498424790224,0.01562039852142334,0.8
3432,0.6809815224130548,37.059769677493165,32.89957963969779,0.015879058837890626,0.95
3433,0.4176100370851706,32.15201806217655,30.22982820292732,0.015574896335601806,0.8
3434,0.23355237592844694,43.78245558322148,32.96552137167923,0.015561103820800781,0.7
3435,0.31388688451757485,38.73198869558401,26.693596464683527,0.015712380409240723,0.75
3436,0.38625210011748823,42.55625805564566,30.351379631766505,0.016379380226135255,0.8
3437,0.4351019560048453,32.24197305023189,23.766364891650106,0.015933382511138915,0.8
3438,0.5476740115638491,26.976969277933073,18.17334243238612,0.015687310695648195,0.85
3439,0.32133474705719334,46.43691421758288,37.76880759019757,0.015608513355255127,0.75
3440,0.5322829069352725,28.14051893392395,24.586292711457947,0.016147148609161378,0.85
3441,0.4975594376775857,31.98777287818303,28.5318739372876,0.015561902523040771,0.85
3442,0.3549656547832518,37.62802637998536,38.45630355493973,0.015525174140930176,0.75
3443,0.4759991034227841,22.421171781305908,18.076012631942213,0.015731167793273926,0.8
3444,0.5368366534154694,47.81861780745808,45.79589772922476,0.016081738471984863,0.9
3445,0.14129134688815576,48.48121961507094,34.82453050731319,0.01598716974258423,0.65
3446,0.4934232118578178,42.18071699380327,35.039883304046654,0.015815985202789307,0.85
3447,0.48427133477404405,48.066531928057934,41.82438089720084,0.016095006465911867,0.85
3448,0.2654425166436268,33.762599842340414,27.57953294910851,0.016231787204742432,0.7
3449,0.1392523149488603,53.50911578779608,27.890260219834143,0.015938079357147215,0.65
3450,0.15351269793194253,48.71620763904794,28.909957396457976,0.016895604133605958,0.65
3451,0.12102730026769493,51.702467267725716,25.089689534026846,0.015822231769561768,0.65
3452,0.4257126555719088,37.98342522431801,24.000615787340653,0.015631115436553954,0.8
3453,0.5015133179474812,37.49567115707383,34.53420549337768,0.01543658971786499,0.85
3454,0.33520618128794594,32.583861511679395,31.584353830724886,0.015443980693817139,0.75
3455,0.38412555063099124,28.14154777468023,18.91609849494099,0.01633889675140381,0.75
3456,0.11104960724908067,36.95441594392666,25.114267379153933,0.0158846378326416,0.6
3457,0.5592761577366605,23.972812156449404,23.50338849874995,0.015215444564819335,0.85
3458,0.010267318377754431,58.4912543226274,42.751542835242596,0.015512382984161377,0.6
3459,0.403800789963001,42.52432553850385,41.76514073406473,0.015411281585693359,0.8
3460,0.4466549168162014,32.48432975580259,17.529517508347777,0.015032672882080078,0.8
3461,0.1971241444821788,56.47207671919521,44.94859257180605,0.01537414789199829,0.7
3462,0.38687314987798077,52.338706893596324,36.79999884045358,0.015314269065856933,0.8
3463,0.049399247652044426,51.31886787764063,33.497046804416435,0.0162589430809021,0.6
3464,0.3282617274084928,44.609905955208504,28.232888043626605,0.015400826930999756,0.75
3465,0.37958383144781094,43.810400888547676,32.527834723160716,0.015314936637878418,0.8
3466,0.18524362236088526,48.72552785483285,29.006789476152584,0.014893198013305664,0.7
3467,0.2799396194874375,50.95909539646254,41.705345007381354,0.015166544914245605,0.75
3468,0.30240359028619557,45.040499685236014,34.97208777142313,0.015550792217254639,0.75
3469,0.16512863051593887,33.213383933637935,25.7619861366194,0.015612542629241943,0.65
3470,0.43100846564428,52.99844839925415,42.940146333735846,0.015394854545593261,0.85
3471,0.5069640709044635,42.05875093111222,41.17812020332575,0.015698492527008057,0.85
3472,0.48837049696962487,36.902494491840514,34.33824604436808,0.01527622938156128,0.85
3473,0.3774036827680488,49.13329208825529,32.49236340689845,0.015453636646270752,0.8
3474,0.17706865077652897,37.329690056502685,25.664226038101273,0.01550060510635376,0.65
3475,0.05501691348124417,42.39530448776306,40.2595412044371,0.015879297256469728,0.6
3476,0.026676646033186657,41.52255316851536,32.240050272345165,0.015873408317565917,0.6
3477,0.5297986332159171,48.46129788872891,46.103783128287375,0.015817546844482423,0.9
3478,0.5442691291065073,28.10074826040538,18.718170762446398,0.015355336666107177,0.85
3479,0.6018123550052589,32.44846405107308,28.89246842437263,0.01520538330078125,0.9
3480,0.3161493927464438,46.88942916049926,29.903868806790967,0.015179169178009034,0.75
3481,0.26322581420437396,62.5392067677292,44.058760787139825,0.015286612510681152,0.75
3482,0.4249796148520651,36.85115609829009,23.180188339944944,0.016669595241546632,0.8
3483,0.23764394648419057,40.06052850148781,36.64703248196006,0.01567755937576294,0.7
3484,0.2186336154750757,52.00297730873236,40.42103075982902,0.01567404270172119,0.7
3485,0.22759941831163005,46.798302286974916,38.92032503017129,0.015889108180999756,0.7
3486,0.3682823900530315,49.52391093844856,33.701495580456736,0.015474963188171386,0.8
3487,0.33234095206132835,34.56267906543702,21.061207526835027,0.0159537672996521,0.75
3488,0.22665929002343949,41.66034061409332,24.64521722978344,0.015497744083404541,0.7
3489,-0.060477261843627186,49.468855542608075,33.90651910823242,0.01574368476867676,0.55
3490,0.231898443800159,46.69526502692323,32.16753380519531,0.015451204776763917,0.7
3491,0.2535543544204387,40.25972562159624,23.945312107160788,0.015522420406341553,0.7
3492,0.31078332541245673,40.91090072575433,29.737731781392558,0.015829849243164062,0.75
3493,-0.06417284236018125,44.62589579057146,32.48600547589021,0.015770459175109865,0.55
3494,0.38184083678122177,42.33075962270546,30.880047973565375,0.01577260494232178,0.8
3495,0.49300442398500605,43.618384087545294,42.515572253191884,0.015388584136962891,0.85
3496,0.2919000814057917,39.63050676776467,21.474518471824254,0.015537917613983154,0.75
3497,0.3106052145608252,66.37692675426669,54.26109502745129,0.015394449234008789,0.8
3498,0.31359881858019883,37.98689753659072,25.68562793382504,0.015215325355529784,0.75
3499,0.48968414327786663,33.36130121277245,24.748839859081105,0.01731904745101929,0.85
3500,0.3880041133817846,41.935755901360395,35.970194859678024,0.017739319801330568,0.8
3501,0.16213365311613448,36.98608057517855,23.557258748978064,0.01668260097503662,0.65
3502,0.07226536217533472,42.051853304552715,32.69688398896237,0.016128957271575928,0.6
3503,0.2681762847889163,46.1989786637677,32.73559263997264,0.01578279733657837,0.7
3504,0.24345233633312297,50.63982329722923,42.26048674524866,0.015427029132843018,0.75
3505,0.22276807657291525,41.196668615501984,23.165431624356703,0.015459263324737548,0.7
3506,0.4851297111921159,32.143027233397184,28.765378565228787,0.01560901403427124,0.85
3507,0.41831281671867665,41.12390338224968,35.495560488915714,0.015825700759887696,0.8
3508,0.5270396891933069,35.472647118694255,21.45442928090116,0.01566503047943115,0.85
3509,0.2657050516841455,37.52287752903068,24.80795676459345,0.015396010875701905,0.7
3510,0.3981180944883108,55.248639519842655,40.51356136349315,0.016234707832336426,0.8
3511,0.18586250963177703,31.748618105305432,31.898479874928796,0.016009318828582763,0.65
3512,0.35008663696143305,33.9909155443345,19.429472683137547,0.016104698181152344,0.75
3513,0.2642118571981043,32.12066166848971,23.34852507399859,0.01598813533782959,0.7
3514,-0.13271647414878024,51.769527377742044,38.15143411747204,0.016712653636932372,0.5
3515,0.2609192576666454,34.3657642537191,20.755104378237345,0.01595766544342041,0.7
3516,0.5847104956378713,37.076353974547374,27.655533307504363,0.01623086929321289,0.9
3517,0.5000739172277792,33.63831554120418,36.88368443942153,0.015903568267822264,0.85
3518,0.5892418488116954,32.08223364942485,28.678151531914807,0.0156660795211792,0.9
3519,0.6714361513398229,21.67186657493972,17.019977029335887,0.015909361839294433,0.9
3520,0.5479337292378258,33.2388888456412,24.570814842005152,0.015306293964385986,0.85
3521,0.5206963447505876,28.203751468503157,29.903134200191893,0.0156907320022583,0.85
3522,0.3784121993200201,25.38788530200921,15.131816577498372,0.01546863317489624,0.75
3523,0.5559244575037552,29.925881738589975,20.852696879848132,0.016441571712493896,0.85
3524,0.46041224745070686,26.935903896620733,23.687216945900047,0.016119778156280518,0.8
3525,0.5891509198776997,35.18432369100741,31.739674405168785,0.01597170829772949,0.9
3526,0.28180577053798006,35.96230668539017,23.934236657703018,0.016165149211883546,0.7
3527,0.6313631875305992,33.016470640738824,29.895227783918966,0.01621454954147339,0.9
3528,0.42885981969586917,23.58614385429636,13.325289123572066,0.016317081451416016,0.8
3529,0.5353172306290619,26.65582561606963,17.151847952665165,0.016057932376861574,0.85
3530,0.6249925187125596,32.06415485030783,33.85567466605345,0.016679978370666503,0.9
3531,0.48356248506148714,25.25267640672175,21.26043837749279,0.016091644763946533,0.8
3532,0.3301753408412345,35.15447423433942,21.40131805672888,0.016243159770965576,0.75
3533,0.05274768644293902,51.67800724456872,25.834561079797904,0.016015911102294923,0.6
3534,0.5360399163869963,27.542037079641794,23.41505231472508,0.016240715980529785,0.85
3535,0.6243013290719659,26.467042729599875,16.781329644043442,0.016351747512817382,0.9
3536,0.34162817398656503,36.9010929817397,30.851520629694996,0.01609722375869751,0.75
3537,0.5379311589561265,32.4976501263184,29.938153705466164,0.015906596183776857,0.85
3538,0.3829199149095748,37.08802560065082,24.21712112001094,0.01580725908279419,0.75
3539,0.26731322000184676,36.46874963358625,23.746603219563003,0.015731298923492433,0.7
3540,0.06886518290564671,37.03694972068647,23.595366960248814,0.016627287864685057,0.6
3541,0.4439893038679622,27.24967920518203,29.211397562394353,0.015811991691589356,0.8
3542,0.3969056372401594,41.40354184669579,35.505305626348935,0.01836051940917969,0.8
3543,0.3995176615756285,22.524725245028815,18.137288143362547,0.01582050323486328,0.75
3544,0.45733593656051336,26.47947801551812,22.55462826840236,0.016352975368499757,0.8
3545,0.5806717936888552,36.35840746405265,37.90114371831066,0.015981221199035646,0.9
3546,0.3648888432644749,38.775217662420545,25.76706753566339,0.015674853324890138,0.75
3547,0.675663230505422,32.34736726353151,28.142008725805006,0.015951013565063475,0.95
3548,0.34731071855997503,59.9710120877419,62.89670963235691,0.017895197868347167,0.8
3549,0.2222867160734408,44.53645731453478,33.392380878268575,0.016074764728546142,0.7
3550,0.39189557157464705,40.503797249713585,33.17534704937685,0.01590912342071533,0.8
3551,0.8067607877580214,28.03232745531211,28.03232745531211,0.01604865789413452,1.0
3552,0.5355199224772583,25.981584390176145,21.653426430084238,0.016197621822357178,0.85
3553,0.5327076771826437,32.617773304079044,29.738380624122858,0.015822601318359376,0.85
3554,0.08499593650674495,52.38530450148632,33.91735976114723,0.016584110260009766,0.65
3555,0.4892484151005972,41.19112054919526,28.03491638514439,0.016151785850524902,0.85
3556,0.4921353326557714,45.38648120248956,32.97718976873441,0.016142332553863527,0.85
3557,0.5773013680732937,21.761195418414093,22.65287128161994,0.01590619087219238,0.85
3558,0.602613047534385,25.835670848375468,26.537817446740505,0.016319465637207032,0.9
3559,0.40378397207004857,45.83579855859033,40.64921721470779,0.016487622261047365,0.8
3560,0.3623959353772349,34.51610103847984,20.672833020314293,0.015737497806549074,0.75
3561,0.501195080099997,22.922524480670177,17.969795011247324,0.01597534418106079,0.8
3562,0.3297199907454608,36.48226935686584,35.99635372929785,0.016515302658081054,0.75
3563,0.25494148123545624,41.47164197715993,30.773266361145012,0.0164381742477417,0.7
3564,0.3809142339341488,41.450771035734256,35.590578416586624,0.01621185541152954,0.8
3565,0.2547805217057209,45.87427559228171,30.5013816713942,0.015880227088928223,0.7
3566,0.6686668910470039,38.73935815291278,35.09446953136387,0.016144680976867675,0.95
3567,0.5234021835537516,35.41385877837599,33.00949708454771,0.01623297929763794,0.85
3568,0.22634062770834848,61.18808043448731,56.67170668436926,0.01549856662750244,0.75
3569,0.4792485741011115,47.090543212893024,35.09357309938936,0.015841352939605712,0.85
3570,0.3158788931108789,45.72776392915509,29.392563106800857,0.0163679838180542,0.75
3571,0.45813862861405996,35.99941759184589,34.894246824540446,0.016285192966461182,0.8
3572,0.2836158611650751,22.246308239738944,17.36457246273989,0.01610519886016846,0.7
3573,0.4174053682862933,40.932946098004514,29.516033502666726,0.016576945781707764,0.8
3574,0.10373225281608042,53.100359739739304,49.91778053392751,0.016414904594421388,0.65
3575,0.4332881094506453,26.300069036926374,22.958442779927225,0.01585726737976074,0.8
3576,0.5768948004359042,40.777669951718266,32.57678279224172,0.015270304679870606,0.9
3577,0.5451062524742318,52.04911552437252,44.99238582506515,0.015553760528564452,0.9
3578,0.05211664950633723,46.87216303463336,34.777066725676875,0.016271376609802247,0.6
3579,0.40286300860294233,41.47791925214782,35.666066150459145,0.015830731391906737,0.8
3580,0.06185396241087811,47.76818695645695,28.776388758090068,0.01592562198638916,0.6
3581,0.48176639027349,42.36507597512072,46.68588564280157,0.01551806926727295,0.85
3582,0.4831627007824264,42.0172037683499,35.757266986578784,0.015594291687011718,0.85
3583,0.5756254891831796,33.745831111445796,24.929144036974535,0.015684676170349122,0.9
3584,0.32239332292123246,41.07100026464741,29.012974408548693,0.01563091278076172,0.75
3585,0.2901960237971359,52.45655564733083,38.3703820063876,0.016065514087677,0.75
3586,0.6622223411292623,42.518462937987735,38.26361224711649,0.01630384922027588,0.95
3587,0.25253411998905817,35.569860266236084,23.0273968177192,0.016326022148132325,0.7
3588,0.5276857324254147,29.036201463324012,19.59162039170216,0.01648048162460327,0.85
3589,0.7169159139433956,30.81237702507996,26.316102555088403,0.015905117988586424,0.95
3590,0.3673802759454453,26.33346929729394,28.98177090327926,0.016493189334869384,0.75
3591,0.3087436163128686,40.838620423226416,28.734843302729118,0.01592336893081665,0.75
3592,0.5208066851293784,37.79975040893298,30.16859114783365,0.0161329984664917,0.85
3593,0.6144136773080604,31.92380538442118,33.51807845986055,0.015698742866516114,0.9
3594,0.6072247788747833,32.44939008990734,28.593175526243076,0.016104185581207277,0.9
3595,0.5168335816275172,24.505289214816823,20.01246082519838,0.015823841094970703,0.85
3596,0.41518388208130846,22.607057121307854,18.411638059177967,0.015934813022613525,0.75
3597,0.6033478767163208,41.42948690318806,38.09687822589784,0.015801823139190672,0.9
3598,0.4494925340171667,27.573536654731065,28.551562590614317,0.016230881214141846,0.8
3599,0.2873578731800951,22.08063861969132,23.26600794901993,0.016082167625427246,0.7
3600,0.331898585323706,37.49476425988915,30.355476038102655,0.016011750698089598,0.75
3601,0.27846175256826927,35.368344952815235,15.388403746293905,0.015708458423614503,0.7
3602,0.27126824837653235,33.92573398251418,28.3925175468182,0.015927112102508544,0.7
3603,0.5539632806520096,29.89200680198108,26.54478034172207,0.015766632556915284,0.85
3604,0.7072444438127661,31.64589105776138,32.29242158632664,0.01591813564300537,0.95
3605,0.6224699770490749,25.377779542378583,21.42828813807786,0.015873408317565917,0.9
3606,0.18025993143848765,36.08410812607759,15.957660694518312,0.015365672111511231,0.65
3607,0.45690867111120637,37.9926658189433,31.467599290142246,0.01601160764694214,0.8
3608,0.45149282890559245,32.280381227614,30.201607014364455,0.015396440029144287,0.8
3609,0.3854654194547273,23.187933364720262,24.753097305863793,0.0164711594581604,0.75
3610,0.48510198389847214,23.54157131271718,25.199838906308162,0.01617429256439209,0.8
3611,0.5483057142469947,26.938872594023138,23.36111278744603,0.016234421730041505,0.85
3612,0.3871905285903789,25.713985287504293,26.396047954298844,0.015306949615478516,0.75
3613,0.6287833713906393,29.200500867853794,30.2694441048643,0.015771257877349853,0.9
3614,0.24731078560161732,33.13949797757277,32.46172433812303,0.01573442220687866,0.7
3615,0.6133321612409521,23.397558947241755,23.50090664162022,0.016025018692016602,0.9
3616,0.45843459782158524,26.601683696598663,27.04366750659468,0.015329241752624512,0.8
3617,0.39948554945866543,34.160347775178266,18.47470212993213,0.015715110301971435,0.75
3618,0.7901187196499764,30.393496566407812,30.393496566407812,0.015692663192749024,1.0
3619,0.36074231220400516,51.629363204391005,53.25309681519752,0.015385186672210694,0.8
3620,0.3227406652177586,36.9825075870679,30.613245676233483,0.0154646635055542,0.75
3621,0.3263778467702581,42.97816834847287,32.0888355167326,0.015813004970550538,0.75
3622,0.21509777585288595,47.46151267609163,24.608096012946877,0.015392625331878662,0.7
3623,0.4672164683985024,44.20027406894475,42.28075314985626,0.015332531929016114,0.85
3624,0.32652547196957304,41.535165594491914,35.90965620827929,0.016360819339752197,0.75
3625,0.35988561912185185,39.872442424910716,34.01054280653885,0.015909063816070556,0.75
3626,0.12074853998365136,58.09085141176299,50.41916416828168,0.015544748306274414,0.65
3627,0.29274637352883254,42.49344320458375,30.39476763150159,0.01556469202041626,0.75
3628,0.3177456266249029,39.29616112469957,20.31716016971689,0.015835535526275635,0.75
3629,0.3314019585614553,37.87484020136168,25.481812441563218,0.015794134140014647,0.75
3630,0.2604325978452672,44.64341255821839,42.85177379501776,0.016317713260650634,0.7
3631,0.3368835377226725,33.31199741399216,24.373814426162294,0.0159645676612854,0.75
3632,0.5025299186928821,38.56032750755854,42.42887060418172,0.015697181224822998,0.85
3633,0.5292987393672112,36.990083159653054,29.50289141071442,0.01595451831817627,0.85
3634,0.29226026750877604,37.17599138751278,31.770453494880844,0.0157995343208313,0.7
3635,0.4310643232051051,30.883706568405977,28.603821430948788,0.01547536849975586,0.8
3636,0.40841717602508876,31.65387696264284,29.007230002982915,0.015784180164337157,0.8
3637,0.36891081443682616,32.430645519731854,17.774131157391345,0.01578476428985596,0.75
3638,0.500345137614089,37.81894824333557,35.86919910880024,0.015450727939605714,0.85
3639,0.2723103195719395,34.718844369117946,27.89417043247631,0.015470552444458007,0.7
3640,0.6873877953081116,34.66518227152357,30.063554137751442,0.015455293655395507,0.95
3641,0.5184559084316221,38.61240501354909,29.672090251433186,0.016023015975952147,0.85
3642,0.3822983245841112,51.84745849263028,41.293542324555304,0.015723550319671632,0.8
3643,0.43584090618149995,33.734522664146674,25.707608065937055,0.016144263744354247,0.8
3644,0.7140525138607873,34.3715206423275,29.76045237325482,0.015853369235992433,0.95
3645,0.16570403557124352,40.698839318610815,30.591528698279838,0.016152620315551758,0.65
3646,0.3079451920272661,48.526950485247575,44.214744910392454,0.015779709815979003,0.75
3647,0.26275069785463134,38.11379317882076,31.87338275088561,0.015972721576690673,0.7
3648,0.12583232315529172,47.28285831486321,33.460088355886306,0.015423190593719483,0.65
3649,0.3032974663527691,46.769236544523025,31.154156834636794,0.015511441230773925,0.75
3650,0.2438806805167349,44.57660593481244,27.267847837229393,0.015797066688537597,0.7
3651,0.5162652798949191,36.85864370983718,34.70475109070182,0.016154873371124267,0.85
3652,0.5609125149953531,40.23555627553567,31.50772721565536,0.01534334421157837,0.9
3653,0.551469428800248,46.01251593471663,43.86973190187735,0.01597003936767578,0.9
3654,0.5058527700860762,35.177345823100985,27.064733716020555,0.015784585475921632,0.85
3655,0.1587109868831364,45.761678079331205,23.728047827592604,0.015894949436187744,0.65
3656,0.3604651750438092,30.27308035480805,27.048385978420754,0.015615284442901611,0.75
3657,0.2949481922244916,39.29257083492014,26.49096350840928,0.01572312116622925,0.75
3658,-0.030935368122244067,51.7643928075767,36.03875082556244,0.01602647304534912,0.55
3659,0.42883725231393,43.71331018428991,30.939002605805975,0.015639615058898926,0.8
3660,0.3239656523213504,46.10020667897506,36.88874547139333,0.015917587280273437,0.75
3661,0.1837920982090025,32.03198051608253,18.432244037232504,0.01585056781768799,0.65
3662,0.3090339058350744,42.10118285076946,23.712182975456646,0.015571391582489014,0.75
3663,0.29637585846225234,31.594966914272238,23.54868163427685,0.015613925457000733,0.7
3664,0.5368936087524856,37.50694639933273,34.93935936552616,0.01579924821853638,0.85
3665,0.3983182516347389,40.27700684920141,33.14871485209485,0.01606020927429199,0.8
3666,0.560973584883822,36.48703866369049,28.18142730671225,0.01577361822128296,0.9
3667,0.01598909682532291,60.22212320071729,46.16268859708698,0.01660851240158081,0.6
3668,0.13816876210366935,47.67842004072985,26.08161249155488,0.01697031259536743,0.65
3669,0.3138752993194438,35.767307529108606,23.553211782341602,0.016283833980560304,0.75
3670,0.15830252094555047,41.56941443117669,24.68167655971939,0.016321349143981933,0.65
3671,0.420732219977038,36.788613090935925,23.84653445478373,0.016024088859558104,0.8
3672,0.608593344469906,38.282029411129386,29.989870012709446,0.01595231294631958,0.9
3673,0.3401831054558092,43.92916687252967,25.64991569939533,0.015907800197601317,0.75
3674,0.3385101679581512,38.05349548432316,30.39483652524656,0.015798819065093995,0.75
3675,0.2633114205049968,56.71779655078867,44.40865649038053,0.01577979326248169,0.75
3676,0.005571909528492958,57.324104360571724,42.34401814039001,0.016721177101135253,0.6
3677,0.2608065354784567,33.16171172741506,19.342948757152033,0.01574878692626953,0.7
3678,0.5723631305968402,40.92742356899652,38.498224730538396,0.015799403190612793,0.9
3679,0.4406655521152486,51.25959033773836,46.062565849798666,0.015883004665374754,0.85
3680,0.2773566160862559,47.88356892404223,32.28741880319417,0.01608670949935913,0.75
3681,0.478068489578229,36.49284189709799,22.732917872992843,0.016038107872009277,0.85
3682,0.14815683673044136,48.034714371376346,41.93184794428358,0.015549218654632569,0.65
3683,0.42703353664468346,33.27301649324555,24.435959492260835,0.015675365924835205,0.8
3684,0.22294394915679527,42.5515159900496,25.328306382502465,0.015464937686920166,0.7
3685,0.4217616162202221,36.96507615878373,30.194138057475154,0.015809190273284913,0.8
3686,0.03559085675450597,51.24139973106693,24.858172933981958,0.015583157539367676,0.6
3687,0.09623019011483201,66.24564839981007,39.36105306800784,0.015605652332305908,0.65
3688,0.39256862938945836,46.15458026710912,40.40191466472473,0.015567207336425781,0.8
3689,0.19417558251533346,56.43787132929841,50.635723926041734,0.01605544090270996,0.7
3690,0.34522481359819135,39.207997960139565,27.325880459343953,0.015261423587799073,0.75
3691,0.5193171461359618,34.098938059328624,24.801702012769923,0.01585862636566162,0.85
3692,0.4567470167506146,30.870077230118888,28.567108063795715,0.01556771993637085,0.8
3693,-0.054111411955643604,75.08291364093381,50.26491900976947,0.015581870079040527,0.6
3694,0.4391443938040317,51.76655856362671,46.733998964491455,0.015663158893585206,0.85
3695,0.42671575068558176,41.61272183415811,41.76023668768443,0.015606212615966796,0.8
3696,0.4862063973555532,42.89682759461444,36.078358917544634,0.015405535697937012,0.85
3697,0.1395791455700128,47.15364261716962,31.13875403739594,0.01583632230758667,0.65
3698,-0.0409465497885933,51.83301371212845,36.288921672211366,0.015909087657928467,0.55
3699,0.5551795072816137,23.105049494633217,18.4958723618498,0.01663689613342285,0.85
3700,0.6299856317693033,28.44476083311153,24.223690267349134,0.016021215915679933,0.9
3701,0.4900565365111227,33.844627722417634,31.016454068135793,0.016063737869262695,0.85
3702,0.5306864232785445,34.82492171484608,30.880636402746397,0.016347002983093262,0.85
3703,0.337399153512007,33.00621643494421,37.76395542432742,0.015681958198547362,0.75
3704,0.6288805594360809,29.88932302467175,25.71348540195812,0.015331912040710449,0.9
3705,0.5345668640926433,26.97478247651329,28.568992472735655,0.015254378318786621,0.85
3706,0.5819533405717068,34.694509511393164,31.088896088683597,0.01575077772140503,0.9
3707,0.2966214446815011,33.20115685153577,25.087678074630666,0.015661895275115967,0.75
3708,0.2516612530500769,37.179512629714715,31.527122568112322,0.015337502956390381,0.7
3709,0.4427706643512213,39.40097976571768,38.3502658993789,0.015956544876098634,0.8
3710,0.2260121306972797,35.538325631390634,23.325386251184796,0.015411067008972167,0.7
3711,0.21262067417888297,51.315440955818886,38.0932053650681,0.016236233711242675,0.7
3712,0.42360324782340575,36.32563086491362,28.690182786674853,0.01632683277130127,0.8
3713,0.30986946390103454,36.91754967922512,23.867512554243145,0.0160980224609375,0.75
3714,0.5348208058631924,30.954069589302996,28.27615492462242,0.016093635559082033,0.85
3715,0.3874939984818927,44.533836711665444,40.356732849777345,0.01629899740219116,0.8
3716,0.5825643533931429,21.53092539183502,16.934683988834994,0.01662822961807251,0.85
3717,0.13346606791506535,45.961687192043925,23.655860020693712,0.016059684753417968,0.65
3718,0.34588556370191637,32.74306799446684,24.907087001928186,0.01580876111984253,0.75
3719,0.4936452977361331,36.66982682048664,34.38831385981313,0.015966522693634033,0.85
3720,0.6166742675869713,21.956174566700685,16.8065679781812,0.01623297929763794,0.9
3721,0.634158491762018,26.492628565881965,22.588796528386737,0.015958952903747558,0.9
3722,0.5366781077846816,25.59037445750166,27.63501604645699,0.015867507457733153,0.85
3723,0.1821432869746627,31.7265834759271,24.554463578677744,0.01588839292526245,0.65
3724,0.5414829465430392,26.94602690677551,16.865703805161747,0.01612929105758667,0.85
3725,0.38844827740743,30.200884112764733,15.96757652676741,0.015858006477355958,0.75
3726,0.5768026195793934,20.6145649772698,15.453051481154702,0.016166496276855468,0.85
3727,0.6159286045977073,27.942513846072654,24.067240090187116,0.01645580530166626,0.9
3728,0.5891024215117331,23.692133804284847,19.47973331327361,0.016581881046295165,0.85
3729,0.1779882756737739,35.50225007967567,22.796600261628498,0.01611478328704834,0.65
3730,0.682607352733179,39.77027080125324,35.533390973240955,0.015963280200958253,0.95
3731,0.6161272110118695,27.89385487659764,24.06192107581109,0.015737950801849365,0.9
3732,0.46178518614885544,28.010313231782437,17.84948997640286,0.015559983253479005,0.8
3733,0.6446577350685387,24.075261664624737,25.271548914984926,0.01571969985961914,0.9
3734,0.5210404387355789,33.58674286843946,30.224729124628016,0.015848827362060548,0.85
3735,0.5931450492478891,31.97964405948536,27.96116922832198,0.0156813383102417,0.9
3736,0.13577473012419755,25.54413761138502,15.799385721009948,0.01587808132171631,0.6
3737,0.5493322934218388,20.88192813109117,22.0408513929265,0.016335344314575194,0.85
3738,0.3761270627948826,27.753945888805077,25.096344424517717,0.016998696327209472,0.75
3739,0.22550250522632012,44.73467203819769,41.53139030307266,0.015835487842559816,0.7
3740,0.43843813148289634,34.71811112557947,26.58486814442333,0.015568244457244872,0.8
3741,0.8379014348927465,19.643272044947214,19.643272044947214,0.015608477592468261,1.0
3742,0.3345321661383049,38.528168864712384,32.8414464957716,0.015356528759002685,0.75
3743,0.3539183780211723,29.034496672320603,24.433401360386892,0.015427160263061523,0.75
3744,0.43155808860114087,35.117962525231256,31.795230537871824,0.015211081504821778,0.8
3745,0.08558755354848982,31.24914411503288,23.88107595218874,0.016854023933410643,0.6
3746,0.3508607452042494,32.52119810993564,23.985162291053793,0.015590405464172364,0.75
3747,0.7401486429369039,32.48221095081236,33.632291247127746,0.015451657772064208,0.95
3748,0.4102591161348187,43.832460700548474,38.51916762324367,0.0161199688911438,0.8
3749,0.4383737965457814,32.641553136911334,23.263975898979254,0.015931522846221922,0.8
3750,0.5903226202255107,33.56674508380756,29.60304025463951,0.016012930870056154,0.9
3751,0.4538370670068895,38.96076931845127,42.370363101629934,0.01558380126953125,0.85
3752,0.39643713325830465,31.771141475010047,22.95500238949168,0.015717339515686036,0.8
3753,0.4394160041407513,36.610074710831135,35.14186713783097,0.0159185528755188,0.8
3754,0.45998275976393915,26.645939280729284,23.250285809809156,0.015453648567199708,0.8
3755,0.47344421267310616,43.51111093491305,36.99209465126063,0.015713429450988768,0.85
3756,0.4155800974374283,43.52386538167587,37.402533910289335,0.015813910961151124,0.8
3757,0.18161906405942277,38.44354644293403,27.79302625738202,0.01591346263885498,0.65
3758,0.5467632901973821,31.74417257041518,34.52631820546531,0.016068422794342042,0.85
3759,0.5987328801467037,36.205906298745944,33.35821638672005,0.01565251350402832,0.9
3760,0.5679431943017395,32.14493179713719,22.264052144464102,0.015995752811431885,0.85
3761,0.5981452137768872,16.49265189031333,16.569973034741114,0.015688621997833253,0.85
3762,0.6670691130591524,17.8112885620571,17.75766648180636,0.015661168098449706,0.9
3763,0.3550972454475618,37.45940273738445,31.679204015798057,0.015649139881134033,0.75
3764,0.6126711224852491,35.84003272193572,32.773718503031674,0.01582838296890259,0.9
3765,0.6556360857650924,24.187342588035563,25.229208268616716,0.01616182327270508,0.9
3766,0.6138177825237241,28.879588083034292,19.372662643267088,0.015750908851623537,0.9
3767,-0.035548281232584036,49.39215084275877,21.05068999722063,0.015166997909545898,0.55
3768,0.4235484789221527,34.11028544132087,19.39783714573347,0.015462195873260498,0.8
3769,0.471919139797909,32.698742455886745,24.71567952172652,0.015686309337615965,0.8
3770,0.369050157945095,44.30198841668206,31.778358324444596,0.015702056884765624,0.8
3771,0.2833135123205798,27.37510861860744,24.64502063884996,0.015791261196136476,0.7
3772,0.6110297837012035,30.16609102835484,26.426056320632497,0.015801393985748292,0.9
3773,0.4571534820167664,53.395929881135075,48.34986361144842,0.016007661819458008,0.85
3774,0.4440209674414934,53.24006925043214,42.059688065455916,0.016394686698913575,0.85
3775,0.3357729992905848,33.74854028174029,32.55672510900224,0.01542278528213501,0.75
3776,0.5207571900274741,32.52598481022895,35.198758798492,0.016112244129180907,0.85
3777,0.2614760527499339,33.813910965387095,35.010780346759624,0.015725541114807128,0.7
3778,0.4346050565605143,26.418202199687624,16.204888772313808,0.016605782508850097,0.8
3779,0.35602963242806546,56.92008467861772,60.06816671405022,0.016062426567077636,0.8
3780,0.44142640126582544,30.329572241323756,20.998616515220696,0.01569730043411255,0.8
3781,0.03909525563995574,54.133937033108246,37.910519852433886,0.015540111064910888,0.6
3782,0.37338584314803014,31.609287671246555,21.88654661425836,0.01540454626083374,0.75
3783,0.5958535922928163,31.025491885191705,21.884406963638895,0.015512919425964356,0.9
3784,0.5562923404642942,19.636825705441684,14.156269417021829,0.015159904956817627,0.85
3785,0.35522359961090755,30.206999878681682,35.15794322983212,0.015612471103668212,0.75
3786,0.26610200256608596,41.655978308648876,22.942768909653065,0.01574481725692749,0.7
3787,0.3962443940256213,26.566776393419303,22.85686328873091,0.015729713439941406,0.75
3788,0.5965347052077369,33.46806478203627,24.344684452233153,0.015374255180358887,0.9
3789,0.5391810855872267,31.50957270314537,28.351837259387974,0.015472376346588134,0.85
3790,0.5256526066633046,30.874438703255,27.20866745802343,0.014912736415863038,0.85
3791,0.487938524968716,21.71444134083198,17.154698543072392,0.01600799560546875,0.8
3792,0.6103849852801353,27.45796128948819,17.724405126153997,0.015866959095001222,0.9
3793,0.1966779307672541,37.33261984915295,19.937645479810723,0.016288447380065917,0.65
3794,0.15501444540068277,43.36953802156581,34.274328215458205,0.01714315414428711,0.65
3795,0.5179687059351616,31.795859352496972,28.810361246105305,0.015985441207885743,0.85
3796,0.5968092086511596,35.074670006823546,31.896967924021755,0.01626189947128296,0.9
3797,0.8090738906471694,23.929262214370365,23.929262214370365,0.015821409225463868,1.0
3798,0.4507933621620017,26.409415094401574,29.27130813716392,0.015933477878570558,0.8
3799,0.7299242806689323,24.75767853710655,24.997123471918222,0.01585041284561157,0.95
3800,0.5951326607763926,20.652250744678057,21.017325130660026,0.015455317497253419,0.85
3801,0.6414180974542335,25.37675746406741,26.162693017151007,0.015843451023101807,0.9
3802,0.6319047062879425,24.88175619578998,25.00101408992025,0.016052138805389405,0.9
3803,0.5735334601771724,27.38148288939496,28.66177073164012,0.01580839157104492,0.85
3804,0.3757896835250825,29.657675204705736,20.558145119195096,0.01590033769607544,0.75
3805,0.349174423769283,27.656939633971216,24.942882705949145,0.016358697414398195,0.75
3806,0.4443629750139862,28.90559963925107,26.28119982011163,0.015813958644866944,0.8
3807,0.5176915994188916,28.212084825104046,23.70851826618051,0.015600180625915528,0.85
3808,0.4376474431583005,34.75270901011,26.269529436819823,0.016163063049316407,0.8
3809,0.5374449571882531,34.05203485026839,31.544951538593704,0.016189992427825928,0.85
3810,0.6656584296486371,24.41669301314831,20.227118610242663,0.015540289878845214,0.9
3811,0.25637502077967456,34.8223313330686,35.73592852504893,0.016076838970184325,0.7
3812,0.5004514179276163,30.82031347352219,27.522657574789797,0.015886616706848145,0.85
3813,0.5044378187489584,35.925306811367626,27.71496618101667,0.015512382984161377,0.85
3814,0.3619233659133102,35.65033296899283,22.902172139345673,0.015641140937805175,0.75
3815,0.20594293180191672,31.455338231545692,16.006414345771564,0.015410757064819336,0.65
3816,0.379631863671928,43.491107832856926,37.65663691409853,0.016003334522247316,0.8
3817,0.5289270149485846,31.068024231552776,22.374160592957175,0.01605175733566284,0.85
3818,0.5089284951862202,35.19152832932066,31.967788304497812,0.015540552139282227,0.85
3819,0.3556260836639368,34.21799287868758,33.69369894544331,0.015404164791107178,0.75
3820,0.7280707886368104,27.993698150420244,28.603980016559262,0.015463948249816895,0.95
3821,0.5539061161856687,16.93275829355072,16.63610982559286,0.015407872200012208,0.85
3822,0.5521199730775286,18.160812059330333,18.016512714244893,0.015875887870788575,0.85
3823,0.6560227363394233,24.416504120275963,19.872327878270486,0.01569373607635498,0.9
3824,0.3847067772758252,27.99436980776328,30.59452808919382,0.01557486057281494,0.75
3825,0.8077082010088799,30.594179682663473,30.594179682663473,0.015424501895904542,1.0
3826,0.5016338565298654,34.053629877586175,24.819027890602854,0.015428805351257324,0.85
3827,0.43164450029988644,36.9795944899129,29.417778798614428,0.015395534038543702,0.8
3828,0.2585022872151293,31.707691480949514,23.604223423389122,0.015351569652557373,0.7
3829,0.5444652283387514,25.414256172429507,21.233665606089176,0.015462708473205567,0.85
3830,0.7178028303693673,28.23988489448555,28.675745246268338,0.015493309497833252,0.95
3831,0.28868250299235076,29.334072102193506,18.67439834838382,0.01556859016418457,0.7
3832,0.5672395913990633,22.171402573296913,17.82060108273915,0.015676653385162352,0.85
3833,0.5264451782173823,34.08478307334673,36.74120152340676,0.015585589408874511,0.85
3834,0.4516150612729999,33.966210175543054,31.858957670311156,0.014703905582427979,0.8
3835,0.4118627157689927,43.891100478200954,43.01800775462908,0.015011262893676759,0.8
3836,0.6779530108194304,33.25045704704934,34.047809574856224,0.0150679349899292,0.95
3837,0.4489420808283384,30.57965935311491,26.728206040993967,0.015704262256622314,0.8
3838,0.802095755067997,24.081231845307617,24.081231845307617,0.015895986557006837,1.0
3839,0.4871822618181957,27.452205367583833,23.81320973507809,0.015686547756195067,0.8
3840,0.6377554829175626,25.53178440841387,21.316021004335425,0.01615126132965088,0.9
3841,0.40862557215015916,29.450591782131305,26.3244712934333,0.015405642986297607,0.75
3842,0.46927840541369453,24.350453929763525,19.5020968350972,0.0155267596244812,0.8
3843,0.6086416629421975,32.55464873382815,28.944770007158127,0.01570100784301758,0.9
3844,0.4029229815024077,19.423560714853465,18.69488391353769,0.015352737903594971,0.75
3845,0.388461587720381,25.775766570268452,15.858956300997429,0.015882492065429688,0.75
3846,0.38603887799287206,26.92287345642918,24.397896899166465,0.01551353931427002,0.75
3847,0.5335420039271547,31.58442366041806,22.435812773864946,0.01579357385635376,0.85
3848,0.517569527590866,27.901163837921366,23.693769058967163,0.015337204933166504,0.85
3849,0.5194143035868624,29.086057836188434,24.80923596219677,0.015382528305053711,0.85
3850,0.7347385104025275,15.487088508667464,15.371058235820636,0.01611696481704712,0.95
3851,0.521498337990826,37.09361644150552,29.180856805076946,0.015985870361328126,0.85
3852,0.5542109536665365,27.379617737821896,17.275311973417523,0.015797221660614015,0.85
3853,0.41917300784078443,45.36724426486985,33.44250541207961,0.015867209434509276,0.8
3854,0.09091805250677251,41.71432980545455,41.22704624981982,0.015712857246398926,0.6
3855,-0.015144517861736545,47.701734186368526,37.03413220536683,0.015524196624755859,0.55
3856,0.42213639386962293,30.247507013159918,26.61295894059819,0.015378260612487793,0.8
3857,0.2775928395774493,32.39367079127377,17.239775204215004,0.015457534790039062,0.7
3858,0.6899300366306284,32.43672197192381,28.198618849839992,0.01573643684387207,0.95
3859,0.4472995726907695,32.16537457622634,24.055025396650933,0.01566791534423828,0.8
3860,0.6084199673571986,26.880583444190727,22.413036495302425,0.015687942504882812,0.9
3861,0.6271582997792199,28.42857348633753,19.130583546412172,0.015541934967041015,0.9
3862,0.48182729647743533,24.628771347222685,27.00741223023705,0.015452218055725098,0.8
3863,0.5659440356254348,28.367032334983588,30.391657587610975,0.015530002117156983,0.85
3864,0.768120124018014,27.598769413690786,28.19990350515292,0.015721702575683595,0.95
3865,0.36271438323839267,35.325206019040316,21.278421658527993,0.015346789360046386,0.75
3866,0.7647246218508266,19.02349685666933,19.105599292770915,0.015410661697387695,0.95
3867,0.7603289904332455,23.455234889014925,18.602803597342746,0.015737748146057128,0.95
3868,0.4562926039834914,25.296748443360723,20.770421454390984,0.01578493118286133,0.8
3869,0.562604133719132,23.76820757488138,24.905995244003726,0.015908050537109374,0.85
3870,0.6861257183734771,19.9524493581278,20.286965602511934,0.015949928760528566,0.9
3871,0.701669537412183,29.8900184887568,29.26929183318079,0.015596795082092284,0.95
3872,0.6120245019546985,29.722673039517264,25.995485296643444,0.015726137161254882,0.9
3873,0.5296626042335729,30.484946216326,25.680536325455506,0.0154485821723938,0.85
3874,0.6367904074767157,30.116657914594434,25.82961169650111,0.015477752685546875,0.9
3875,0.6514126644380716,18.902483800463443,19.147665349755655,0.016258382797241212,0.9
3876,0.6011479298848211,18.827246383504395,19.616189639137442,0.015576469898223876,0.85
3877,0.5505626223056724,29.64019117823251,31.310680893032654,0.015697789192199708,0.85
3878,0.6546998696952782,23.63243395108718,24.185385362588573,0.015477919578552246,0.9
3879,0.7774269108146271,24.774519907433493,24.774519907433493,0.015722548961639403,1.0
3880,0.6594132459982729,19.74160052255472,20.22011507295308,0.015685570240020753,0.9
3881,0.4441467183176968,29.251954666623583,25.84133769959312,0.015422511100769042,0.8
3882,0.504955130810656,25.107763403991452,20.145607418073183,0.01561737060546875,0.85
3883,0.6112576779756047,32.32584964941802,28.123713412887852,0.01532309055328369,0.9
3884,0.7720395240679631,20.424669434837522,20.576835136352383,0.015477156639099121,0.95
3885,0.5860745544616552,24.306428754829376,25.94695830801171,0.01517941951751709,0.85
3886,0.5149518523421032,34.229358244853316,37.243182807270344,0.015366768836975098,0.85
3887,0.8426059618453084,23.59921692675028,23.59921692675028,0.015572357177734374,1.0
3888,0.6684221965863898,16.01876184081706,15.772489309453047,0.01569162607192993,0.9
3889,0.5585999226797411,31.82073369552645,22.499366243700674,0.015777242183685303,0.85
3890,0.6426207736872163,17.58542474108984,17.811848633964356,0.015687716007232667,0.9
3891,0.3148245478041778,27.326528101172368,17.164584886039755,0.01563405990600586,0.7
3892,0.7301675880682801,23.81204096567884,24.1350508369525,0.015761303901672363,0.95
3893,0.56708958916252,22.842446919092666,18.18553876250895,0.015507352352142335,0.85
3894,0.5502323341126703,24.6142729275481,25.837670859280397,0.01587836742401123,0.85
3895,0.5073771792532897,17.294178617995904,16.523751210993172,0.015864026546478272,0.8
3896,0.3882026048299994,24.455101179133603,19.777201705840408,0.015925443172454833,0.75
3897,0.6282172212504384,28.004308494510262,29.209228865807418,0.01556633710861206,0.9
3898,0.4157872298696351,23.295149232541817,25.12912505943057,0.015371358394622803,0.75
3899,0.72011718343111,23.722390310116104,18.695910561115173,0.015853166580200195,0.95
3900,0.38504653746053463,35.8452796771976,22.376622337102244,0.015618526935577392,0.75
3901,0.552256212054392,20.260631647889664,19.8244072273245,0.015951061248779298,0.85
3902,0.8145737359915943,26.835814248559267,26.835814248559267,0.015838217735290528,1.0
3903,0.5427942382096036,31.179634373778434,27.43743011332216,0.015435481071472168,0.85
3904,0.5021599639264717,44.11501303700496,37.04706557210787,0.015624034404754638,0.85
3905,0.11643718283218803,27.264657458292174,17.361646635009247,0.01545710563659668,0.6
3906,0.47266979203304443,27.723544125364032,23.817857432654257,0.015706539154052734,0.8
3907,0.7940280564145101,26.573796618243467,26.573796618243467,0.015692079067230226,1.0
3908,0.5652330423377279,28.598867973760502,30.32282604987642,0.015485191345214843,0.85
3909,0.6577089664749305,17.428889905620395,17.50502498975112,0.01528102159500122,0.9
3910,0.20282044739645957,32.45498062383562,18.49717067597266,0.015670907497406007,0.65
3911,0.48172136160514756,21.838786659853582,17.064964914972933,0.015569531917572021,0.8
3912,0.5471219966706459,29.009735226587214,24.613721444969205,0.015662503242492676,0.85
3913,0.5436276257743761,24.41810237069257,20.595410688154995,0.01545257568359375,0.85
3914,0.6457534223137917,20.126570366322348,20.210925008193755,0.015676403045654298,0.9
3915,0.12202933314139297,34.90697792274711,29.746144488099144,0.015973126888275145,0.6
3916,0.42940117503498565,28.12010068214439,24.06444440096802,0.01587609052658081,0.8
3917,0.6693160429231706,23.934417126530477,19.427936093187135,0.015551888942718506,0.9
3918,0.30174923487383803,31.575160320242674,17.04403564261781,0.015116381645202636,0.7
3919,0.5295047523167378,28.402822387002544,24.0455659920882,0.015500140190124512,0.85
3920,0.5694488910583361,22.154340171141627,17.20397140598448,0.01529148817062378,0.85
3921,0.40465462964976967,17.905627307951704,18.16191757980514,0.015700578689575195,0.75
3922,0.7286055941988718,22.387390832242104,17.312063688632662,0.01580936908721924,0.95
3923,0.553356289221018,28.722340981735623,30.72396813810344,0.015489780902862548,0.85
3924,0.3880998487824191,28.6719302638166,25.27583814088696,0.015308260917663574,0.75
3925,0.8287676102947426,17.13868727000125,17.13868727000125,0.01553565263748169,1.0
3926,0.5693460601722429,18.454118324779504,18.3889436999457,0.015748107433319093,0.85
3927,0.7714801331629422,16.81348430129885,16.549144236872166,0.01603180170059204,0.95
3928,0.466519913815563,28.5733627417266,24.914540769614987,0.01536790132522583,0.8
3929,0.7359598572855919,29.645067625479363,30.674127454358853,0.015246891975402832,0.95
3930,0.48604367113206665,23.03704978625144,25.36031626713165,0.015750062465667725,0.8
3931,0.6382600474461407,27.544059553029427,17.808660513766768,0.015587162971496583,0.9
3932,0.5960993398856866,22.32306821891843,23.339461399429982,0.015901565551757812,0.85
3933,0.8367480907281195,22.868968038178192,22.868968038178192,0.015729081630706788,1.0
3934,0.7056135373323652,17.74539133892489,17.7971527172173,0.01566396951675415,0.9
3935,0.3979701574358875,28.850550959611958,19.676849368700427,0.015754592418670655,0.75
3936,0.48564909941013434,19.738568577767946,19.724054947794016,0.015443575382232667,0.8
3937,0.7713605957171725,21.21637261750188,21.566919142214907,0.015586137771606445,0.95
3938,0.8153234848698439,19.114696264683122,19.114696264683122,0.01564875841140747,1.0
3939,0.5895234881414886,17.15954002334152,17.382662434078807,0.015324115753173828,0.85
3940,0.5019934565680748,22.365322922784323,23.650268246736747,0.015313005447387696,0.8
3941,0.5597257244056266,26.820979290102855,22.489731727312325,0.015551340579986573,0.85
3942,0.754896678076675,23.991736437398767,18.955273606779592,0.015706086158752443,0.95
3943,0.5102990484441158,21.837664495751383,17.091636397697464,0.016158056259155274,0.8
3944,0.5819427336074077,20.2572949841477,20.539385741275282,0.015618717670440674,0.85
3945,0.6370156002691088,24.106241111659934,19.751291171991383,0.016064882278442383,0.9
3946,0.6947504025340552,25.462626392552345,25.701478478033316,0.016108119487762453,0.95
3947,0.4852143003039314,22.774414782299836,17.785845085118368,0.016121387481689453,0.8
3948,0.5058252523656657,37.779905780053845,29.99644124054815,0.015275847911834717,0.85
3949,0.4608528445991979,25.0316184534652,26.15372318445389,0.015680575370788576,0.8
3950,0.7688158570040897,18.923070705623864,18.145204326739425,0.015593016147613525,0.95
3951,0.7296419510904408,25.38607635629493,26.135803595091193,0.01726444959640503,0.95
3952,0.6542539944019259,25.38455354933437,26.176080652267,0.015927660465240478,0.9
3953,0.5139151137946376,16.30924364722211,15.819466641985608,0.017116475105285644,0.8
3954,0.4997827227554916,16.0588469370892,16.378463505182854,0.016237568855285645,0.8
3955,0.6449503043801377,28.436693586663615,29.61528858838258,0.01634172201156616,0.9
3956,0.5589647650046944,25.781997005841692,21.671190298061305,0.015964221954345704,0.85
3957,0.6644724572522092,18.723133179725597,19.274194167375803,0.01572502851486206,0.9
3958,0.5895467726115884,34.65649628132014,35.95988577826226,0.016098976135253906,0.9
3959,0.6095753114462135,20.35650980810845,21.5843954917538,0.01591036319732666,0.85
3960,0.6823617678950138,20.138420817161737,20.778519735421767,0.015367567539215088,0.9
3961,0.6828068312164622,17.853768572222588,17.466154819485567,0.015429520606994629,0.9
3962,0.5220623981561316,18.87660077270288,19.97940909315855,0.016282248497009277,0.8
3963,0.5922757112913024,22.96983792279105,17.805113602127182,0.016199612617492677,0.85
3964,0.8230420104504164,15.670691238932065,15.670691238932065,0.01578977108001709,1.0
3965,0.5792401952332734,20.830982407304795,21.51037384571273,0.016181063652038575,0.85
3966,0.42169964345855193,17.5388713525833,16.780561632257477,0.016121554374694824,0.75
3967,0.7652329241308924,18.758545504712774,18.90177190969679,0.015748918056488037,0.95
3968,0.7548166179103696,16.38086293750174,16.054649735968475,0.015694129467010497,0.95
3969,0.6637758200052895,18.934295713794345,19.146326943930568,0.016317987442016603,0.9
3970,0.7336283749172755,23.177019170893033,23.356521726951936,0.01623506546020508,0.95
3971,0.7699841595049427,19.50228853597495,19.860657856440124,0.016438829898834228,0.95
3972,0.5184181450134344,19.425208352226324,20.324728320872282,0.01588236093521118,0.8
3973,0.585240974175559,24.880459849526233,20.795004585626778,0.015825927257537842,0.85
3974,0.5690135359242686,24.183147796683986,19.847895445548797,0.01571863889694214,0.85
3975,0.4076732816139076,22.294166587631842,23.6245360970693,0.016154682636260985,0.75
3976,0.38985313241860575,28.290148166030452,25.16083253252231,0.016105878353118896,0.75
3977,0.657527392496706,17.857411641135002,17.947863325897668,0.016063404083251954,0.9
3978,0.6493386481316387,25.12316391739961,21.02273484528651,0.015813839435577393,0.9
3979,0.34277034852066823,19.292042076292713,19.852302861915323,0.016011059284210205,0.7
3980,0.8118250704429981,17.11291706570355,17.11291706570355,0.0162982702255249,1.0
3981,0.6074366756137455,17.75327424125369,18.10862796443069,0.015930569171905516,0.85
3982,0.48633088856609,18.773962743467536,18.77662689663332,0.01601433753967285,0.8
3983,0.49315631868291454,23.580788019624226,18.40909565403135,0.015903472900390625,0.8
3984,0.6836042642175475,18.62276404375936,18.42903869523577,0.016853678226470947,0.9
3985,0.7625780002720737,23.66599217275641,23.76615451388323,0.017269980907440186,0.95
3986,0.6491439410705179,22.712324730510282,23.647028990450668,0.01608104705810547,0.9
3987,0.5593277565492909,18.412152183364498,17.369860518612885,0.01659548282623291,0.85
3988,0.8480440580454767,20.164256265180473,20.164256265180473,0.01670339107513428,1.0
3989,0.7519765158173488,22.93305065770601,23.140858279459025,0.0156802773475647,0.95
3990,0.6188211198052167,18.83866619748787,18.636318329907255,0.0161635160446167,0.85
3991,0.6174253717792163,23.304596679580907,24.28434290590235,0.015991723537445067,0.9
3992,0.5599015728399153,21.45058261683865,22.344532916943425,0.015671861171722413,0.85
3993,0.6659341901422533,24.37650374969014,19.60578587045559,0.015715396404266356,0.9
3994,0.3296341443069171,22.10506931708415,25.289012877234843,0.015420854091644287,0.7
3995,0.4104018348404875,22.077729448564412,16.78041329088423,0.015531134605407716,0.75
3996,0.536459030917487,30.379312192176315,26.6979954143621,0.01589076519012451,0.85
3997,0.5334181073506266,27.79165975954179,24.475772110588142,0.016067278385162354,0.8
3998,0.6343723570502983,24.611259806980122,20.26382805621489,0.015645158290863038,0.9
3999,0.6847369766757341,31.771589036893847,27.428215040635923,0.01609005928039551,0.95
4000,0.41453304926763324,27.564585042429098,17.754815659836034,0.01589270830154419,0.75
4001,0.649887729232896,22.33061107153795,17.123476193012063,0.015743517875671388,0.9
4002,0.698713222652539,27.96146947241437,23.381917397770195,0.015742838382720947,0.95
4003,0.7511010209328137,15.647321943440502,15.642736268309035,0.016197454929351807,0.95
4004,0.2740930140278735,28.460717525036358,15.602561096123994,0.016173195838928223,0.7
4005,0.7108732589602782,34.78711461519961,30.344739548488878,0.01550835371017456,0.95
4006,0.6793005024492373,23.536765328906064,18.02497129382374,0.016254520416259764,0.9
4007,0.7612852851622395,18.125544152206547,18.243496806896186,0.01628776788711548,0.95
4008,0.49728070487620063,39.318780205671246,37.84095997704499,0.01577770709991455,0.85
4009,0.6799485898184254,19.358440830729517,18.35315338984977,0.01621837615966797,0.9
4010,0.40975833919303656,17.847354665255672,17.739821073657602,0.01587013006210327,0.75
4011,0.6058247574697591,24.706270238189322,19.92001837350714,0.015892279148101807,0.85
4012,0.5635524504768978,22.410906981203723,23.155004169249263,0.015500044822692871,0.85
4013,0.4916061296832607,20.55313125458798,21.77326849515999,0.015840578079223632,0.8
4014,0.6750446443564388,22.393477930297546,23.126213120688398,0.0155609130859375,0.9
4015,0.6620900231482868,17.00247336866368,16.954861114746766,0.015625762939453124,0.9
4016,0.5572141679811683,21.227981870841244,21.829327743409028,0.015702652931213378,0.85
4017,0.7447975811071014,18.45215474213884,18.748779547097552,0.016189074516296385,0.95
4018,0.5638113638764752,28.53919271359606,25.35249106190153,0.015630066394805908,0.85
4019,0.3034663690840615,22.837300726536547,18.02123716893265,0.015629613399505617,0.7
4020,0.4989768360340435,18.803036119328457,18.835446789468797,0.01642214059829712,0.8
4021,0.5832686382318233,24.670162297327856,19.202254189274687,0.017026376724243165,0.85
4022,0.6753869727123164,17.407910561891555,16.856224714835843,0.016022145748138428,0.9
4023,0.5815845078177742,17.98634264291484,17.75385535879567,0.016202354431152345,0.85
4024,0.6907828945990941,19.892037134125644,20.290374414625166,0.015474295616149903,0.9
4025,0.4059652785442055,17.494267892428503,17.5415297739741,0.015251719951629638,0.75
4026,0.6794211544838956,19.899584368315875,20.4013367755551,0.025729024410247804,0.9
4027,0.7829504348613487,17.485577434103547,17.409929564793863,0.016089653968811034,0.95
4028,0.6854249427994649,16.93916909729651,17.23953703599743,0.01535426378250122,0.9
4029,0.6105616910593512,17.544694496063496,18.37979960451093,0.015736377239227294,0.85
4030,0.7125784646245183,17.44923007881032,16.555387733056666,0.015328991413116454,0.9
4031,0.49387295997543523,22.91636098954469,24.76151272704085,0.01584988832473755,0.8
4032,0.5998750139021809,17.35749628590456,17.43076559750804,0.01642739772796631,0.85
4033,0.8383859067395278,22.41257400015546,22.41257400015546,0.015601158142089844,1.0
4034,0.5582877475678776,17.961692176372328,17.561202076987076,0.015780138969421386,0.85
4035,0.5011999371010382,18.983419568743834,19.122582427854894,0.016022241115570067,0.8
4036,0.8485283914591039,20.813238822955874,20.813238822955874,0.015459144115447998,1.0
4037,0.6834997599002339,19.550671041488993,20.09392472171565,0.015722644329071046,0.9
4038,0.5938550793759805,18.322990048224604,18.366672938091956,0.015356135368347169,0.85
4039,0.49320342192505356,23.051268253501682,24.625410120708498,0.01618586778640747,0.8
4040,0.7460983506299894,16.128198384726808,16.21317382068788,0.015704822540283204,0.95
4041,0.3994119048017618,16.321390860681316,16.1738616290855,0.015265250205993652,0.75
4042,0.6045895780971833,18.090009116158576,17.915119832712435,0.01588386297225952,0.85
4043,0.51812708434393,18.576783651143558,18.47914740799732,0.016339802742004396,0.8
4044,0.684968559086363,20.7101554769493,21.347721574020724,0.01553405523300171,0.9
4045,0.5813364335317941,21.77590070301607,22.683051166247836,0.015505445003509522,0.85
4046,0.6371079868173717,24.38836552906554,25.392406892434657,0.015951704978942872,0.9
4047,0.6613744205766788,22.240792025765188,22.908856089995876,0.015715396404266356,0.9
4048,0.4882383710655172,20.58176734673392,20.664216044758412,0.015414881706237792,0.8
4049,0.7319613206357091,17.311318407894348,17.316837709211097,0.016327667236328124,0.95
4050,0.7660017390385749,19.820241563168214,19.16932495147657,0.015836882591247558,0.95
4051,0.5575709393664141,18.696560552963685,18.347290952516342,0.015404152870178222,0.85
4052,0.48941872372775547,20.78332175814705,21.882020127852662,0.015497779846191407,0.8
4053,0.7593056231226638,20.396878607640442,20.45038300553705,0.015642189979553224,0.95
4054,0.2657347935369105,18.185327939613135,18.43530609651747,0.015914416313171385,0.65
4055,0.6745301984308383,17.172128526452248,17.25030343757092,0.015435326099395751,0.9
4056,0.6757623338505571,18.2295493486404,16.599372717652447,0.016109144687652587,0.9
4057,0.7797008300611471,16.626853349737814,16.47099504889127,0.01590958833694458,0.95
4058,0.8501018118181873,18.076616308389262,18.076616308389262,0.015878522396087648,1.0
4059,0.6242738020156011,17.494816728115843,17.610312802958845,0.0156383752822876,0.85
4060,0.7741698535835225,18.784043473933085,18.89644723342795,0.015313410758972168,0.95
4061,0.685821351021468,22.57265392437165,23.446517044954586,0.015749120712280275,0.9
4062,0.8077939704013011,17.81534262099968,17.911867659214835,0.01568847894668579,0.95
4063,0.4027228218072194,22.666344944682823,23.97308398635562,0.015461885929107666,0.75
4064,0.3991574173670441,21.941035314814833,16.089073110120665,0.01561506986618042,0.75
4065,0.695523014148584,18.34810089099578,18.276570759352133,0.015512895584106446,0.9
4066,0.509202405877725,18.81978767559238,19.268641013962675,0.015543389320373534,0.8
4067,0.6037553947379817,18.35977041475807,18.79603349031783,0.01579704284667969,0.85
4068,0.6702110460652178,16.18400051609683,16.171437533429792,0.015298664569854736,0.9
4069,0.5945140285724915,17.79998260270066,17.865163873899238,0.015596437454223632,0.85
4070,0.6986767498345986,17.54596227550616,17.87826844039276,0.015484821796417237,0.9
4071,0.5383950772434426,16.203669641662025,14.50852086542918,0.01544715166091919,0.8
4072,0.754085273065435,18.209092021117208,18.207342845754997,0.015469157695770263,0.95
4073,0.6093804865747849,19.392206750143966,19.094839931803012,0.015452122688293457,0.85
4074,0.8602317845366159,17.1473771619461,17.1473771619461,0.015250349044799804,1.0
4075,0.5626599418739239,17.069883613825276,16.772866066929847,0.015561044216156006,0.85
4076,0.6688405360495057,18.504910668028185,18.86484925252024,0.016429078578948975,0.9
4077,0.655412338065385,19.601284326548416,19.803992054898124,0.01683652400970459,0.9
4078,0.5814630462268624,18.623342102764756,18.716566981332402,0.017452239990234375,0.85
4079,0.5045071799769889,17.588246896522975,17.46409843474294,0.015570533275604249,0.8
4080,0.5029242784513164,16.188825236188663,16.117499065912806,0.015874242782592772,0.8
4081,0.610016616603427,18.436599980190117,18.429084768148293,0.015823328495025636,0.85
4082,0.7264433376846245,17.30165226401661,17.12088289427002,0.015564990043640137,0.95
4083,0.7692397333666606,19.069050309068732,18.98694547434609,0.015779876708984376,0.95
4084,0.7833636427495798,18.487939907355504,18.86657643787456,0.015210700035095216,0.95
4085,0.8295633850014067,17.675586061850908,17.675586061850908,0.01624903678894043,1.0
4086,0.7419272054953233,18.839964399484312,18.76294454856539,0.015465319156646729,0.95
4087,0.6756689723328746,20.23820617520179,20.659050569763945,0.01593071222305298,0.9
4088,0.8447871578582614,16.031387409475293,16.031387409475293,0.016344130039215088,1.0
4089,0.6499199281021122,21.471697916385715,21.64637359379177,0.015979254245758058,0.9
4090,0.6878769658402971,17.274919607178077,17.25182996162723,0.01583852767944336,0.9
4091,0.6650648967819848,19.013903409727302,19.349235113506776,0.015636253356933593,0.9
4092,0.7022474597235382,16.43007428789304,17.002129002427225,0.016363680362701416,0.9
4093,0.7794166468539617,16.537258934434213,16.63911937303735,0.016171979904174804,0.95
4094,0.6172170235126972,17.18535070091596,17.22422648017607,0.015546953678131104,0.85
4095,0.521766246178815,18.002480399802963,18.419763147068025,0.016003108024597167,0.8
4096,0.6176537552197445,18.06543200827177,18.515159300202285,0.015862441062927245,0.85
4097,0.751528283425967,18.41952768680637,18.449322845378962,0.01614609956741333,0.95
4098,0.862434577299551,18.83429375169701,18.83429375169701,0.016443681716918946,1.0
4099,0.6862257208070106,15.771780359248293,15.46719579559245,0.016119718551635742,0.9
4100,0.6664200833992074,16.588447264490902,15.974035941196336,0.015994703769683837,0.9
4101,0.7646601634372863,18.19701860971261,18.325427235519157,0.01615614891052246,0.95
4102,0.596567350845068,17.688888490454325,16.863996888377695,0.016223835945129394,0.85
4103,0.7365765680274469,19.838796439273867,19.741103607613415,0.016836667060852052,0.95
4104,0.5244526738156017,18.249877918529442,19.096873210101016,0.016329383850097655,0.8
4105,0.7099779337397915,17.47304021548114,17.754574445066627,0.01741814613342285,0.9
4106,0.5255492986783534,16.849442777725407,16.094744306881893,0.01622976064682007,0.8
4107,0.5070025760263455,17.127495927020906,17.133582026863735,0.016836166381835938,0.8
4108,0.5256371885314362,16.838358690017678,17.187199801779514,0.016470456123352052,0.8
4109,0.6724592380297031,17.83364670124843,17.81421434838287,0.01626906394958496,0.9
4110,0.772492631056397,19.247731093538444,19.629095396839944,0.016433250904083253,0.95
4111,0.8517350815422844,16.733684815497888,16.733684815497888,0.015713441371917724,1.0
4112,0.775249275571474,15.310030053044136,15.477604164341914,0.016268956661224365,0.95
4113,0.7800869874533467,17.744403406240004,18.02546256002657,0.015747153759002687,0.95
4114,0.7573271165369866,22.754188591533108,22.833226010879528,0.016042399406433105,0.95
4115,0.6721422679501331,17.205633304584786,16.833800987711047,0.015919840335845946,0.9
4116,0.48839875525935933,19.957842197052564,20.403754346035683,0.0164318323135376,0.8
4117,0.7543369575893621,17.717914847819564,17.017710601939594,0.01619943380355835,0.95
4118,0.5947640169851885,19.106260738044064,20.326850145868974,0.016418516635894775,0.85
4119,0.6980970519618099,18.66931082870503,17.90235895797415,0.03253662586212158,0.9
4120,0.491676210768348,20.029998021391414,20.407890766727796,0.018050503730773926,0.8
4121,0.7603695561688792,18.93324176709782,18.952419260875992,0.016441643238067627,0.95
4122,0.5098119749592376,18.968672325408406,19.185328533460307,0.016224157810211182,0.8
4123,0.6792803884211451,20.19708375146397,19.81945092712034,0.016147243976593017,0.9
4124,0.6717200494665274,18.646737468694884,19.52763015535516,0.016302263736724852,0.9
4125,0.6470311906000716,16.716217835550136,16.655118189302282,0.016238808631896973,0.9
4126,0.6565140908593468,19.234046854139116,19.52538381965759,0.016233813762664796,0.9
4127,0.7485615970781796,16.82767364400962,16.68675885849051,0.017566049098968507,0.95
4128,0.8564007103508601,16.533825380113566,16.533825380113566,0.01617588996887207,1.0
4129,0.7533496579107475,19.308903539874134,19.46189603654413,0.01566668748855591,0.95
4130,0.767051148538838,18.12191349880738,18.54102148111963,0.01581472158432007,0.95
4131,0.5908409082052785,18.14995280012668,18.454410266084416,0.01599804162979126,0.85
4132,0.7633579748422644,18.669785591523286,18.837937404262377,0.016389000415802,0.95
4133,0.6996641041279307,18.24631728431009,18.51515969730138,0.01617414951324463,0.9
4134,0.6116815937232497,17.168491043386904,17.307311326533966,0.016096460819244384,0.85
4135,0.43517561103797303,18.173585087824513,19.148786112199325,0.016128063201904297,0.75
4136,0.6225346799619035,17.70050264000146,18.309523897199515,0.016825222969055177,0.85
4137,0.6042104425857329,18.746000321270266,18.9533736955489,0.01618037223815918,0.85
4138,0.610992141282114,19.168493124809643,20.002338217574618,0.01576375961303711,0.85
4139,0.6585272886059363,18.671118641453127,18.79813195345984,0.015495038032531739,0.9
4140,0.7425179084886674,19.72530072439266,19.698740091540518,0.01549978256225586,0.95
4141,0.6548258833498112,20.33752113659731,19.78324559594191,0.015741515159606933,0.9
4142,0.5856439213353694,17.54649259853772,18.409629180405094,0.015413177013397217,0.85
4143,0.6490405349798614,20.370149188677754,15.38540070260033,0.01634261608123779,0.9
4144,0.49925548641775874,22.63015512006614,23.868011024850023,0.015856230258941652,0.8
4145,0.6015975365272751,16.20362907081559,15.589153272182102,0.015936768054962157,0.85
4146,0.5931193149810112,16.2202519197957,16.258399509378226,0.016258203983306886,0.85
4147,0.8573386603435791,19.43956699833969,19.43956699833969,0.015570342540740967,1.0
4148,0.7691662025391879,16.75527013062674,16.7420310408762,0.015730953216552733,0.95
4149,0.6568966627771629,16.85217286988336,16.427708199141172,0.015768992900848388,0.9
4150,0.5952101404387303,18.07839675531523,18.4411177992249,0.016381347179412843,0.85
4151,0.6213975349451395,17.93417995689434,17.90863555524354,0.01611589193344116,0.85
4152,0.598515345345273,19.19488574976399,19.41376651391662,0.017186272144317626,0.85
4153,0.7816867078993199,18.471274331031083,17.753281338744316,0.019353306293487547,0.95
4154,0.6656243665459037,21.12991892261158,21.433637885698513,0.017270219326019288,0.9
4155,0.751938161350407,16.569507691630292,16.465506013577006,0.015846562385559083,0.95
4156,0.6910088759570461,18.21959285795338,18.086012192015982,0.016492080688476563,0.9
4157,0.48319053449993027,23.241995661358683,24.91172714021215,0.01756296157836914,0.8
4158,0.7399691801125299,18.667358571510412,18.621690791757835,0.017285478115081788,0.95
4159,0.756115419024208,18.121851045649155,18.266199056000204,0.016703522205352782,0.95
4160,0.42439345874179846,18.60292942636693,18.505423177526737,0.01700078248977661,0.75
4161,0.40465441932153556,19.60074585525773,19.68532416096646,0.016449105739593507,0.75
4162,0.6221731338040225,17.73325117515393,18.004200911252966,0.016622769832611083,0.85
4163,0.6068749472042028,18.20209856453751,18.335186332401875,0.015782415866851807,0.85
4164,0.6872385748045391,17.79937753246967,17.611372170744502,0.015400433540344238,0.9
4165,0.759635432594714,17.51325610542084,17.483412525653033,0.015629494190216066,0.95
4166,0.7654448324409727,17.431544146209035,17.769922506491493,0.01569782495498657,0.95
4167,0.5858110051867553,18.143021853717993,18.171381025657404,0.016005301475524904,0.85
4168,0.5023750016470881,17.95908467033444,18.504821924166677,0.01592777967453003,0.8
4169,0.75818892000767,17.33713453017957,17.235305465165304,0.015674877166748046,0.95
4170,0.5839584225711635,14.315494460636467,13.888807505533387,0.016053295135498045,0.85
4171,0.7691783265479841,15.944073689291027,15.663909167853008,0.015791726112365723,0.95
4172,0.7655717297707024,16.73018849445867,16.859456215369306,0.015404415130615235,0.95
4173,0.6824724806442326,18.055396898513095,18.429687786524838,0.0151497483253479,0.9
4174,0.5736653219334069,17.699041524155497,17.641671237377015,0.01563478708267212,0.85
4175,0.6136886822453445,17.514582856881354,17.977208345790014,0.015563392639160156,0.85
4176,0.48711466782318097,17.635631037304403,17.777008847122055,0.015982234477996828,0.8
4177,0.6769115519630855,16.842837176234806,17.064707818913927,0.015863120555877686,0.9
4178,0.6712289484327039,16.86539131258096,16.547724396615756,0.016046643257141113,0.9
4179,0.7512991197107292,18.093200016950938,18.125263748380515,0.016444945335388185,0.95
4180,0.49834085690601426,17.63215519332243,17.54644451505572,0.016301023960113525,0.8
4181,0.7507553405505859,17.742089970386054,17.758947584195294,0.01604529619216919,0.95
4182,0.5673322916659327,18.242751143573987,18.791362199712594,0.017268764972686767,0.85
4183,0.7739615516650833,19.422490962508476,19.22545304620122,0.020493900775909422,0.95
4184,0.5264623941108277,17.000869961194567,17.601798018348816,0.01636427640914917,0.8
4185,0.7680871253108684,17.019974193421735,16.93295025106062,0.016702497005462648,0.95
4186,0.7373124491576021,17.16966945401827,17.02901844204739,0.01664876937866211,0.95
4187,0.8763766312314738,18.09768261797435,18.09768261797435,0.016820180416107177,1.0
4188,0.7694661701372081,19.51042443862031,19.665038519595765,0.0168201208114624,0.95
4189,0.7770507068658473,19.074813114280737,19.191404890419502,0.0168188214302063,0.95
4190,0.7572709706590426,18.05173260569441,18.076747601679788,0.0164508581161499,0.95
4191,0.6886118112630346,19.169119805504042,18.87603058328796,0.01714954376220703,0.9
4192,0.7036969486639814,16.8052009115778,16.56889514474631,0.01667327880859375,0.9
4193,0.7622480718817213,18.253523502577572,18.01292330687741,0.016537284851074217,0.95
4194,0.7685838335570834,17.406485916107247,17.267322012798157,0.017461442947387697,0.95
4195,0.4836978051722416,18.283181587792846,18.23608274878608,0.01659235954284668,0.8
4196,0.6912456604788895,18.211048402870382,18.451100695388284,0.017010211944580078,0.9
4197,0.7186124699929272,15.046991778559226,15.060652931883656,0.025000953674316408,0.9
4198,0.6428117840766143,18.34069325265354,18.01488974041124,0.01739879846572876,0.9
4199,0.4418853599741146,16.612559509519166,16.847293745160826,0.017554664611816408,0.75
4200,0.7711819564841849,20.9210747049107,20.950219932417102,0.016659915447235107,0.95
4201,0.6631564629812754,21.771099173433047,16.06509100446694,0.01683732271194458,0.9
4202,0.6795171449743979,17.4947432629971,16.615516649352728,0.016978490352630615,0.9
4203,0.8380298162252313,20.886008051549116,20.886008051549116,0.016954147815704347,1.0
4204,0.4931347583968161,25.048985504988728,20.097794739479923,0.016991817951202394,0.8
4205,0.48840528536834016,17.447962644551545,18.071723465782632,0.01682966947555542,0.8
4206,0.5772161280599102,18.199119100322275,18.934009764403616,0.01734992265701294,0.85
4207,0.7741544445013907,19.907160962976388,19.052624638507776,0.016197967529296874,0.95
4208,0.8421895939752847,18.542391443018865,18.542391443018865,0.017371666431427003,1.0
4209,0.6091006878374192,19.445353778515447,20.352823584124998,0.016667473316192626,0.85
4210,0.6832643758756191,18.504463982357823,18.643069886582325,0.01712961196899414,0.9
4211,0.5968762254484087,19.053592153343057,19.049887179240326,0.016939604282379152,0.85
4212,0.47443052404953096,18.405733360517914,17.92747572291802,0.01723663806915283,0.8
4213,0.5931209836238818,18.00264389108657,18.13551104214738,0.016348230838775634,0.85
4214,0.6892166092565176,18.022339795379786,17.6370076373448,0.01645141839981079,0.9
4215,0.635457634271789,19.696082900101075,19.606621279704502,0.016554856300354005,0.85
4216,0.4986406814119041,18.173450782078742,17.90642230966875,0.016758763790130617,0.8
4217,0.7559631814999916,18.876397639485887,19.185165457591808,0.01618386507034302,0.95
4218,0.6680799613723301,17.72759281281597,18.096959232492424,0.016750431060791014,0.9
4219,0.5998338686051898,18.440119950849315,18.432544416029312,0.016692543029785158,0.85
4220,0.7541697223573673,20.203037399672205,20.40466543092851,0.016086018085479735,0.95
4221,0.6841327388412928,17.45979563979051,17.558757827579864,0.017027759552001955,0.9
4222,0.5785681113598753,19.93953803702032,20.17288006568809,0.025375616550445557,0.85
4223,0.6092725221406542,17.50219666905901,17.682907598520533,0.01679731607437134,0.85
4224,0.6160375592872417,16.306893871563695,16.62922844202997,0.016171157360076904,0.85
4225,0.5602192600176836,16.803008291163426,16.8610003141884,0.016356301307678223,0.85
4226,0.7725354589240153,17.348440905442857,17.085229405747853,0.015997040271759033,0.95
4227,0.5655238425913207,16.684056884745694,16.37641721452766,0.01633230447769165,0.85
4228,0.4335681759532294,15.725432210601975,14.999726516428172,0.015942728519439696,0.75
4229,0.5804836353143454,16.85202722557752,16.581900665847726,0.016538405418395997,0.85
4230,0.6604166642207534,19.825043542428762,19.77000749831641,0.016540443897247313,0.9
4231,0.6621374034217883,17.56776118115205,17.106724664660884,0.016001224517822266,0.9
4232,0.736559536490912,18.364118176235774,18.148589761448562,0.015510690212249757,0.95
4233,0.656667673189637,21.00520337077308,21.349379137433765,0.016116857528686523,0.9
4234,0.6450517024154983,20.25781554027084,20.400747045203016,0.015823233127593993,0.9
4235,0.616548359578452,20.131598868759202,20.70197387123224,0.0156907320022583,0.85
4236,0.6969569504476294,17.941882962695818,18.19719406617135,0.016002464294433593,0.9
4237,0.7988144876795695,17.873371342599487,18.260555205702257,0.015728354454040527,0.95
4238,0.6010921275464247,17.962123830493095,18.703533749713355,0.01537322998046875,0.85
4239,0.56856391467947,18.153609690541764,18.024969970414947,0.014885878562927246,0.85
4240,0.45872929573371835,17.97608383322875,18.533286911392064,0.015470540523529053,0.75
4241,0.6045197143082767,17.068244533887864,17.038352191135406,0.015466678142547607,0.85
4242,0.48416861976003034,17.112889566026297,16.543516864032377,0.015830111503601075,0.8
4243,0.5266149128079773,18.894540873472465,19.51793861824489,0.015236961841583251,0.8
4244,0.6041605522358802,18.954933410690458,19.212842730097627,0.015481185913085938,0.85
4245,0.39911104778688095,17.873391882096655,18.421034945039743,0.016372954845428465,0.75
4246,0.6040077638539154,14.935946446628076,14.41064772457606,0.015537214279174805,0.85
4247,0.6528300567689934,20.18421291623014,20.348885870186997,0.015761697292327882,0.9
4248,0.7102750057759362,19.1986043433312,19.685657087728906,0.01565157175064087,0.9
4249,0.841691410390163,16.415439176711537,16.415439176711537,0.015597069263458252,1.0
4250,0.7664315570187502,15.483803121410407,15.121318037874795,0.01563049554824829,0.95
4251,0.7690069713749422,18.409045773958297,18.42841838115605,0.015425956249237061,0.95
4252,0.7634394844064601,18.36840212651682,18.700976318671685,0.015299832820892334,0.95
4253,0.6336811777807891,17.12046580847796,16.953852421283173,0.01567319631576538,0.9
4254,0.6804394223893389,17.48334580914386,17.771455026976778,0.0161771297454834,0.9
4255,0.7708692796584047,16.73272514375017,16.96042077728398,0.015674400329589843,0.95
4256,0.6985536434974986,17.244681000270557,17.459128989568185,0.015535008907318116,0.9
4257,0.7432637272179328,17.91943636052547,18.00613624882682,0.01572551727294922,0.95
4258,0.7416531951233492,17.89039932688138,17.96750646107383,0.01564666032791138,0.95
4259,0.755526577410511,18.09250646097211,18.0154530765686,0.015802419185638426,0.95
4260,0.7897877049152129,20.121666792826716,20.09642289480163,0.016338372230529787,0.95
4261,0.7704673808731908,16.567234377880663,16.627928463558288,0.015940380096435548,0.95
4262,0.7470598599396097,19.750564627502577,19.69310657386574,0.016934537887573244,0.95
4263,0.660095692707171,18.301790317833778,18.336062559559196,0.01631518602371216,0.9
4264,0.5847218850951399,20.437113287607698,20.101097366922236,0.016029047966003417,0.85
4265,0.597744894390632,21.232564971635377,21.61323049641353,0.015548956394195557,0.85
4266,0.3385284080322962,17.723092576620395,18.984256531978758,0.015789949893951417,0.7
4267,0.8753900764753355,19.49717767651512,19.49717767651512,0.015140187740325928,1.0
4268,0.5992491246138945,17.44953139261367,17.211108474849738,0.015849149227142333,0.85
4269,0.5854881169937937,17.2739247806879,17.21895306415891,0.01585967540740967,0.85
4270,0.510266957798657,18.648753707008076,18.828890395329342,0.015747880935668944,0.8
4271,0.43266833652420666,18.66403650771933,19.033666368677263,0.016052711009979247,0.75
4272,0.610468437252573,17.26523806289379,17.315051887631252,0.015632688999176025,0.85
4273,0.5874761607751812,17.74407956196982,18.050622814227356,0.015994668006896973,0.85
4274,0.46509429074441533,18.261845056813414,19.44378440503907,0.01551893949508667,0.75
4275,0.623640624690943,19.04312779418206,19.722765866471693,0.015623819828033448,0.85
4276,0.578318794560049,16.106243351969148,16.20194783062765,0.01563732624053955,0.85
4277,0.6739129262770626,17.578793130189183,16.434238597478718,0.015622174739837647,0.9
4278,0.7297564972900987,18.29904595705293,18.003447726200193,0.01580040454864502,0.95
4279,0.5730396726889675,18.56898995646096,18.71947455327741,0.015320229530334472,0.85
4280,0.6090758750494698,18.890708255662595,20.308464243387434,0.015484726428985596,0.85
4281,0.3780136972734703,17.260939148415666,16.74959652205057,0.015594899654388428,0.75
4282,0.7472586680019899,14.763980358200882,14.788659188278817,0.015853369235992433,0.95
4283,0.7543815348000406,18.560106873346342,18.841500362224064,0.015403687953948975,0.95
4284,0.5824434743935792,18.26619743775624,18.484244785665627,0.015469086170196534,0.85
4285,0.6656809169462732,19.984401473275188,19.1705737542421,0.015410923957824707,0.9
4286,0.5900671500536381,18.09005025490679,17.519449496571276,0.015650200843811034,0.85
4287,0.5784726190530216,17.507225437914528,17.337248829090385,0.015382623672485352,0.85
4288,0.8583573415969609,18.590762093859922,18.590762093859922,0.015811514854431153,1.0
4289,0.6494404745432754,22.98403908298498,23.798769445157184,0.018663465976715088,0.9
4290,0.677194438660101,18.47477677355589,18.31581065595125,0.016195130348205567,0.9
4291,0.5823859193552823,19.03249082487652,19.556662187279965,0.016683292388916016,0.85
4292,0.571624638420076,18.309577136600826,18.614173674643464,0.016799557209014892,0.85
4293,0.5915199044680641,16.89452237680806,17.354642035752704,0.016431939601898194,0.85
4294,0.47404715914071327,23.418849351575805,24.471114207798287,0.016406142711639406,0.8
4295,0.5951131861100056,17.58526730884687,17.17250614763267,0.01557607650756836,0.85
4296,0.5301663245791823,28.982909735976488,30.546878503379062,0.015709280967712402,0.85
4297,0.581254482994505,20.31589917919883,19.649352653201294,0.01641477346420288,0.85
4298,0.5809675547402046,24.286718505518927,25.214155184751196,0.01583418846130371,0.85
4299,0.6555602028811728,17.965365006745152,18.00214924301649,0.015579235553741456,0.9
4300,0.5625527615308116,19.087829256262534,18.86971126157807,0.015571439266204834,0.85
4301,0.7503283059298577,23.997363739032952,18.929719241013103,0.015374135971069337,0.95
4302,0.5787796826509751,20.010103054199234,20.118472927757622,0.015507841110229492,0.85
4303,0.6768770531858931,19.19572456326172,19.80264886781931,0.01573491096496582,0.9
4304,0.6504450578301302,23.970255413171426,19.771180889631584,0.015443205833435059,0.9
4305,0.6558712191642633,22.862079217572276,22.60580314751525,0.015858054161071777,0.9
4306,0.4872577083844791,19.909682713699716,20.668244005568514,0.01573965549468994,0.8
4307,0.8103690950723715,24.75873644804532,24.75873644804532,0.015166068077087402,1.0
4308,0.7255666767606584,19.683606326460524,19.485544887614434,0.015631747245788575,0.95
4309,0.8316341231349795,19.37800338021687,19.37800338021687,0.015654146671295166,1.0
4310,0.5814624291276296,18.251802912736455,18.19285801310795,0.01566131114959717,0.85
4311,0.7334950184178879,22.39932321554759,22.737163552541013,0.016014528274536134,0.95
4312,0.6407160440673072,29.54324446454434,25.636927668403423,0.015449655055999757,0.9
4313,0.6117429952141422,21.54881325160988,22.318640921071434,0.01566890478134155,0.9
4314,0.676555768376461,17.40429194794703,16.96700269793778,0.015537059307098389,0.9
4315,0.5810393254191237,20.07777787583874,20.345620757629796,0.036358630657196044,0.85
4316,0.7729384039929873,16.213445578446354,16.04485734718923,0.015755248069763184,0.95
4317,0.40776739487701635,22.52408157464067,17.854115666064143,0.015639734268188477,0.75
4318,0.7428627659502838,18.630505360852993,18.623812160179515,0.015507423877716064,0.95
4319,0.24513457763933535,17.79122353175584,17.690237757199505,0.015891516208648683,0.65
4320,0.5814935113671109,17.900222844095882,17.74457738171388,0.015929090976715087,0.85
4321,0.7656609090526505,20.391865516393693,20.548762423284913,0.016051244735717774,0.95
4322,0.4513065716017811,23.096161436698086,24.515122363373344,0.016272807121276857,0.8
4323,0.6531177502532446,17.10328761425289,16.87913513020973,0.015704941749572755,0.9
4324,0.7855830244472194,17.83997890249334,17.649898264660056,0.0156821608543396,0.95
4325,0.8444564235239108,17.70216878551139,17.70216878551139,0.01564136743545532,1.0
4326,0.6630624609216964,17.435381391899863,17.055318045333728,0.015789282321929932,0.9
4327,0.7760108480243001,18.06593077666675,18.18618944113995,0.015779590606689452,0.95
4328,0.7465770749420891,17.75623739072018,17.81966336667598,0.015370714664459228,0.95
4329,0.7345395310343705,17.568479862530562,17.20189446249853,0.015166985988616943,0.95
4330,0.764229746319373,24.40964013128242,19.606882592321032,0.01576673984527588,0.95
4331,0.5683560151321678,22.077737802765675,22.00879340246431,0.015600037574768067,0.85
4332,0.48959191137994057,22.588047261927745,24.468984906173258,0.015566766262054443,0.8
4333,0.4252963671558302,17.997946036644787,17.194814543155857,0.015657329559326173,0.75
4334,0.6428520137282955,22.20494867946668,22.87769924959325,0.01589146852493286,0.9
4335,0.5445871324479024,18.970799394870344,19.14558893076083,0.015888452529907227,0.85
4336,0.7502683982289707,18.556483091778013,18.36009230574968,0.015503895282745362,0.95
4337,0.504091725171359,19.303942070352896,20.191062387120425,0.015020024776458741,0.8
4338,0.5746719603892898,15.649676435290806,15.226709097549254,0.015871882438659668,0.85
4339,0.7536207912097297,17.77669538659909,17.805756371592146,0.015414953231811523,0.95
4340,0.5800974519019034,17.920371671197746,17.516204515812074,0.015209341049194336,0.85
4341,0.48982974358597,22.150627798434353,16.957551566763147,0.015361297130584716,0.8
4342,0.6446856996012993,24.36161113207217,19.568292703364577,0.01540992259979248,0.9
4343,0.3912084320561999,27.830137846623614,25.36151421561606,0.015265893936157227,0.75
4344,0.5727187800344604,22.75924579910605,17.46400159536448,0.015456092357635499,0.85
4345,0.5829121167550089,21.519691368460588,16.3157058802714,0.015215766429901124,0.85
4346,0.39410065919360726,19.20229544758651,20.288078037077394,0.020756304264068604,0.75
4347,0.7094249590348067,27.713588834915157,28.460656018838048,0.016128921508789064,0.95
4348,0.6562480489838455,22.757877986186973,23.43828659142316,0.016105997562408447,0.9
4349,0.4816420426074225,33.012034945201414,19.493085233950907,0.015406429767608643,0.8
4350,0.388229996867011,21.755365833335144,17.254838982972842,0.015757989883422852,0.75
4351,0.5886700236528343,16.793070095863076,16.61522370379547,0.015781867504119872,0.85
4352,0.6552844027879565,17.359196983576922,17.383426709492795,0.01581721305847168,0.9
4353,0.694633730530955,23.984679582940622,19.23464230707227,0.015598857402801513,0.95
4354,0.17780536852648104,41.904640433268256,16.8317843455268,0.016213870048522948,0.65
4355,0.6822092441249104,23.717231484481008,19.130938812798522,0.016897547245025634,0.9
4356,0.8254273805233423,18.628365490214243,18.628365490214243,0.021155071258544923,1.0
4357,0.7091953563789988,19.189210359485813,19.288144895099627,0.015935730934143067,0.95
4358,0.7113377450915708,21.555234518404106,21.523901004233263,0.015805590152740478,0.95
4359,0.5032119497961431,18.715826883022842,18.693123056026188,0.016237473487854003,0.8
4360,0.7384489025387531,28.491157297152892,29.31157908575963,0.015809917449951173,0.95
4361,0.6840720801016447,17.786668624591677,18.253775613431994,0.015593504905700684,0.9
4362,0.8434200855049306,19.5014015432095,19.5014015432095,0.015770506858825684,1.0
4363,0.6112862638020368,28.446991437038,29.8621068130849,0.015127754211425782,0.9
4364,0.572938292129249,22.062757618549092,22.690821440495917,0.016723835468292238,0.85
