request_idx,reward,latency_all,latency_success,processing_time,success
30,0.7487650833980568,13.721843862397852,12.742154275539754,0.006242299079895019,0.95
31,0.7180620192652512,15.090985687377065,15.090985687377065,0.006171703338623047,1.0
32,0.6768105677844779,16.50761419201499,15.427183167146234,0.006261396408081055,0.95
33,0.7495286964750963,14.61094705258844,14.61094705258844,0.00614699125289917,1.0
34,0.7742056059967117,14.076054040870853,14.076054040870853,0.006114208698272705,1.0
35,0.7491905423172097,14.309484861395305,14.309484861395305,0.0061240553855896,1.0
36,0.6823638910104156,15.717149769177297,14.848833737300227,0.006141078472137451,0.95
37,0.7106879703408433,17.430690820242337,17.430690820242337,0.0061531662940979,1.0
38,0.7191006309404183,14.843295870728369,14.843295870728369,0.006181395053863526,1.0
39,0.697805389972456,15.951797763786018,15.951797763786018,0.006174111366271972,1.0
40,0.7572870990956451,12.546658976629127,12.031413223913825,0.00619117021560669,0.95
41,0.6909646981821241,18.132656760476657,18.132656760476657,0.0061917901039123535,1.0
42,0.7429618554480519,14.74942430778437,14.74942430778437,0.006195223331451416,1.0
43,0.7794707247496894,14.36169143782212,14.36169143782212,0.006202042102813721,1.0
44,0.6828048706146446,16.125564840595345,14.77651641369661,0.006155192852020264,0.95
45,0.6602539469435718,18.77962419884978,18.05261678833617,0.0061017036437988285,0.95
46,0.6957817479665567,16.740729445432642,16.740729445432642,0.0062204480171203615,1.0
47,0.6830773995466219,17.079862131115796,16.047496911230397,0.006174623966217041,0.95
48,0.6832344954677565,17.02481918508611,16.55845525945753,0.006168460845947266,0.95
49,0.7140323819357177,17.61015196155945,17.61015196155945,0.0061411261558532715,1.0
50,0.7211717725269536,14.106128450915659,14.106128450915659,0.006218862533569336,1.0
51,0.7385134696489397,13.222644166910015,12.76597104233347,0.006175696849822998,0.95
52,0.6992236386588848,15.420938636038077,15.420938636038077,0.0060698151588439945,1.0
53,0.7083762624063366,15.94667864115171,15.94667864115171,0.006123173236846924,1.0
54,0.7100778333895779,13.875878272305595,13.875878272305595,0.006121885776519775,1.0
55,0.7553325237047004,14.22019402555542,14.22019402555542,0.006139540672302246,1.0
56,0.7213815968616408,14.156329143401923,14.156329143401923,0.006196081638336182,1.0
57,0.7371971311529858,14.348519207358303,14.348519207358303,0.006160187721252442,1.0
58,0.7607972647052007,14.55554677759954,14.55554677759954,0.006161820888519287,1.0
59,0.6944083859668134,15.252154005399541,15.252154005399541,0.0061755537986755375,1.0
60,0.6985088501108241,16.744494287990683,16.009385066913996,0.006056952476501465,0.95
61,0.6933118527543229,17.746275091117845,16.959122715113867,0.006077909469604492,0.95
62,0.7153696422443495,15.827769943329532,15.827769943329532,0.0061947226524353026,1.0
63,0.6738409261705645,16.6964668732601,15.865648510638763,0.0061838746070861815,0.95
64,0.7053608799638994,15.036155285817836,15.036155285817836,0.006205272674560547,1.0
65,0.7312235889147152,16.409543719086166,16.409543719086166,0.0062012791633605955,1.0
66,0.7493019871836349,14.782717253046002,13.485979430096897,0.006274688243865967,0.9
67,0.7560807148718011,14.132382027030314,14.132382027030314,0.006217563152313232,1.0
68,0.7541086805071685,13.051630342914262,13.051630342914262,0.0061394572257995605,1.0
69,0.6848360009003527,16.181164582260912,15.94121004786625,0.006141352653503418,0.95
70,0.7164252460867012,15.57970557264386,15.57970557264386,0.006122291088104248,1.0
71,0.7600481260803111,13.07679481743734,13.07679481743734,0.006135499477386475,1.0
72,0.7274279496876841,13.981941058069514,13.981941058069514,0.006152951717376709,1.0
73,0.7583470165104585,14.28673147407282,13.89671451168544,0.006170666217803955,0.95
74,0.6909591242279262,16.41698668772034,16.41698668772034,0.006169450283050537,1.0
75,0.7121875963065675,15.042402555234194,15.042402555234194,0.006228601932525635,1.0
76,0.7270329810547828,14.062439582490038,14.062439582490038,0.006176316738128662,1.0
77,0.6812828631373355,19.070725280161803,18.392014456618835,0.006167936325073242,0.95
78,0.7021489452716836,16.443715521088784,16.443715521088784,0.006113171577453613,1.0
79,0.7056042077899772,13.827635696627421,12.82094043399799,0.0061051249504089355,0.95
80,0.6897983683020876,16.179854295616742,16.179854295616742,0.006174981594085693,1.0
81,0.7183804048524423,15.054754218169142,15.054754218169142,0.0061285972595214845,1.0
82,0.7332302338914511,15.737078879598036,15.737078879598036,0.006161463260650635,1.0
83,0.727715886266788,15.628838557555293,15.628838557555293,0.006258857250213623,1.0
84,0.699363770883809,15.292152526987248,15.292152526987248,0.006189882755279541,1.0
85,0.7063248542366414,15.10578773511653,15.10578773511653,0.00621258020401001,1.0
86,0.7028374390151975,15.41055754519019,14.550950947250762,0.006270086765289307,0.95
87,0.7466353884039341,13.561300707321331,13.561300707321331,0.006186306476593018,1.0
88,0.6888730170639121,15.007545247269553,15.007545247269553,0.006371879577636718,1.0
89,0.7106913844293568,15.586410411618047,14.659506020593696,0.006188321113586426,0.95
90,0.7324102178103761,14.204856421917437,14.204856421917437,0.006171703338623047,1.0
91,0.7269256936493792,13.994359515491803,13.994359515491803,0.006122004985809326,1.0
92,0.7238148473838233,15.417693973751193,14.50902821173954,0.006180882453918457,0.95
93,0.7237026995869957,14.801659136782703,14.801659136782703,0.006195151805877685,1.0
94,0.6954500059721097,16.434491525363935,16.434491525363935,0.006155478954315186,1.0
95,0.7211778625237695,13.95218269282201,13.95218269282201,0.0061691999435424805,1.0
96,0.7009947595256393,14.536405309892988,14.536405309892988,0.00617060661315918,1.0
97,0.7309485805794939,14.513049759104629,14.513049759104629,0.006185650825500488,1.0
98,0.6983124640227846,15.968456943052662,15.968456943052662,0.006173431873321533,1.0
99,0.6954907924783394,16.98370495889315,16.20037155138511,0.006185424327850342,0.95
100,0.6781041774130023,16.313055324076256,15.396338170673154,0.006119239330291748,0.95
101,0.7079767284123666,14.28143727076295,14.28143727076295,0.006162190437316894,1.0
102,0.702860465907681,15.866814201083253,15.460367696114952,0.006113648414611816,0.95
103,0.7406877145144298,13.336699384830837,13.336699384830837,0.006203925609588623,1.0
104,0.7047571257038869,13.721573707731014,13.721573707731014,0.006201112270355224,1.0
105,0.6557717927192815,17.63929604746814,17.63929604746814,0.006167113780975342,1.0
106,0.6322833503546547,18.54545245262677,17.84416771814687,0.006120419502258301,0.95
107,0.6844599925805084,18.0016007052233,18.0016007052233,0.006127166748046875,1.0
108,0.7149334803546902,14.231900446423666,14.231900446423666,0.0061876773834228516,1.0
109,0.6849135331937307,16.68165150255241,16.19057956440792,0.006166887283325195,0.95
110,0.6845174182818754,16.441448500743824,16.441448500743824,0.006201434135437012,1.0
111,0.6924803646039613,16.611553226127782,15.439056954291582,0.006209051609039307,0.95
112,0.6515915957596472,15.59658600278045,15.59658600278045,0.006253421306610107,1.0
113,0.6398527801829115,17.118645134883998,16.930099453650314,0.006172239780426025,0.95
114,0.6591646818043485,17.205079467636654,16.02544433865898,0.006127786636352539,0.95
115,0.6804844428453942,19.352199292596808,19.352199292596808,0.006172561645507812,1.0
116,0.6582775145128112,16.360249978051428,16.360249978051428,0.006127059459686279,1.0
117,0.7351502007452636,14.783781857178761,14.305127602484788,0.00615769624710083,0.95
118,0.7213773593013746,15.765597191974882,15.765597191974882,0.006227827072143555,1.0
119,0.6724493765086001,17.047120725966618,16.271161895776824,0.006192922592163086,0.95
120,0.6915115303327353,15.795432637284232,15.795432637284232,0.0061569690704345705,1.0
121,0.7069594667810664,16.51560330365841,16.51560330365841,0.006248962879180908,1.0
122,0.6498927177016881,17.59102671594334,15.484202641454083,0.006215834617614746,0.9
123,0.6839576433718237,16.330303581413624,16.330303581413624,0.006141054630279541,1.0
124,0.754223716649524,14.188401970806694,14.188401970806694,0.006173670291900635,1.0
125,0.6968382198660842,14.284690654703107,14.284690654703107,0.006111431121826172,1.0
126,0.7009002962353235,16.240413996173515,16.240413996173515,0.006078827381134033,1.0
127,0.7290080358987858,13.047053502511792,13.047053502511792,0.006126570701599121,1.0
128,0.7224478035247276,15.735854325543968,15.735854325543968,0.0061910152435302734,1.0
129,0.7103718849916618,13.719802100999553,13.719802100999553,0.006189274787902832,1.0
130,0.650278292463718,17.23236954025733,17.23236954025733,0.006223142147064209,1.0
131,0.6658983319923826,16.4731066263683,16.4731066263683,0.006210339069366455,1.0
132,0.7576223365379591,13.772040787636229,13.772040787636229,0.006205713748931885,1.0
133,0.6937784959089104,13.378961787985252,13.378961787985252,0.006246304512023926,1.0
134,0.7167606402664484,13.59203223048083,13.59203223048083,0.006333041191101074,1.0
135,0.7161551160364945,15.46786522059711,15.46786522059711,0.006180500984191895,1.0
136,0.7380375479277833,12.820547881042444,12.820547881042444,0.006152057647705078,1.0
137,0.7011877068294153,16.557192211844463,16.557192211844463,0.006131184101104736,1.0
138,0.7296320057144385,15.131778076766784,15.131778076766784,0.006143319606781006,1.0
139,0.7558458185838003,12.571968373532385,12.571968373532385,0.006159722805023193,1.0
140,0.7122072482353528,13.55869798134238,13.55869798134238,0.006159472465515137,1.0
141,0.7151840178987394,15.862434282570268,15.862434282570268,0.006168651580810547,1.0
142,0.6849000212066436,17.81583650008333,17.81583650008333,0.006133222579956054,1.0
143,0.6625463727316223,17.252703597364185,17.252703597364185,0.006126236915588379,1.0
144,0.6831608463235143,16.847653559213775,16.574414328417433,0.006208407878875733,0.95
145,0.7145679111669619,15.709177778942907,15.013016397268835,0.006210041046142578,0.9
146,0.6826439360220401,15.053704075825213,15.053704075825213,0.006242084503173828,1.0
147,0.7257056111305501,14.504903629074018,14.504903629074018,0.006142950057983399,1.0
148,0.6846313346193715,14.591222127554298,14.591222127554298,0.0060921311378479,1.0
149,0.6957259442431921,16.437137708028324,16.437137708028324,0.006091654300689697,1.0
150,0.6598307614049977,18.351190198518786,18.351190198518786,0.006141090393066406,1.0
151,0.7340697986941324,14.601235837485126,13.711038531189182,0.006095767021179199,0.95
152,0.7128070675729525,15.002091845804646,15.002091845804646,0.006107103824615478,1.0
153,0.7562094115852356,12.407380579400959,12.407380579400959,0.0061388850212097164,1.0
154,0.7190295447419371,14.645272929563726,14.645272929563726,0.0062478423118591305,1.0
155,0.7315052564368196,14.203756071600385,14.203756071600385,0.006251704692840576,1.0
156,0.6802508454409794,16.105575891518633,16.105575891518633,0.006176424026489258,1.0
157,0.6605426470759024,19.690419873968313,19.690419873968313,0.006146097183227539,1.0
158,0.6845844992844985,14.589801613527342,14.589801613527342,0.006134557723999024,1.0
159,0.7131639318211728,16.353683933954088,16.353683933954088,0.006130337715148926,1.0
160,0.7301894111000146,15.041947271971882,13.888833740931833,0.006136608123779297,0.95
161,0.6656224138798464,16.625897043916265,16.625897043916265,0.006146633625030517,1.0
162,0.7086404723357578,15.336661350197895,13.817324272410836,0.006184232234954834,0.9
163,0.6983690021802293,15.253424081011454,15.253424081011454,0.0062068462371826175,1.0
164,0.7310965382784097,16.068022172386904,15.307448271389218,0.006169009208679199,0.95
165,0.676771990383149,18.001691275704648,16.956950537710448,0.006185317039489746,0.9
166,0.7228534630292464,15.623828077728334,15.623828077728334,0.006196427345275879,1.0
167,0.7054071737479997,16.880024097029086,16.880024097029086,0.006111323833465576,1.0
168,0.7324600287123458,14.211391397533323,14.211391397533323,0.006178748607635498,1.0
169,0.7455414775992323,15.459492948122229,15.459492948122229,0.006083357334136963,1.0
170,0.6897037642325256,16.29439594434439,16.29439594434439,0.006164038181304931,1.0
171,0.6756337179074967,17.333328189551924,17.333328189551924,0.006192398071289062,1.0
172,0.7089128823666442,17.407178895605078,17.251658422453726,0.006220400333404541,0.95
173,0.709691271462627,14.1722367737889,14.1722367737889,0.00622793436050415,1.0
174,0.7150479977825416,15.682834117034616,15.682834117034616,0.006189823150634766,1.0
175,0.7273615233543149,13.8985717623315,13.8985717623315,0.006263363361358643,1.0
176,0.7780529020070688,12.813635669879346,12.813635669879346,0.006130790710449219,1.0
177,0.7724042981181205,15.787912760422554,13.598634302212282,0.006156551837921143,0.85
178,0.7673256663260437,15.599733884657557,14.787591382378503,0.006114888191223145,0.95
179,0.7447927871536504,14.205228703699234,14.205228703699234,0.006097173690795899,1.0
180,0.7263672456431782,14.281924978823657,14.281924978823657,0.006126558780670166,1.0
181,0.7047480645122762,16.41885675974619,14.614841708070818,0.006189405918121338,0.9
182,0.7292741031631543,15.016958930747672,15.016958930747672,0.006100714206695557,1.0
183,0.7382039370808189,14.259138383147226,14.259138383147226,0.006196558475494385,1.0
184,0.7110993000720842,15.34468823549712,15.34468823549712,0.006216943264007568,1.0
185,0.7357317888256827,14.893658588449574,14.893658588449574,0.006141781806945801,1.0
186,0.6989254836047873,15.683939346794427,15.683939346794427,0.0061876893043518065,1.0
187,0.6788842839906786,16.31194877420872,16.31194877420872,0.006178641319274902,1.0
188,0.7335367812359701,17.682250245735503,15.968063273176742,0.006127715110778809,0.9
189,0.7299872591391023,15.095813524850405,15.095813524850405,0.006149947643280029,1.0
190,0.7034901561035399,15.840951543884287,15.840951543884287,0.006251108646392822,1.0
191,0.7604954527293663,14.464192161056786,14.464192161056786,0.006221461296081543,1.0
192,0.7068558000624141,16.672846498450774,16.672846498450774,0.006201732158660889,1.0
193,0.7145636606037831,14.222583466498401,14.222583466498401,0.006152915954589844,1.0
194,0.7053047131606247,15.412491491960932,15.412491491960932,0.006183314323425293,1.0
195,0.6717301133389317,17.37144305098179,17.154645433215155,0.006137096881866455,0.95
196,0.6795290751539949,16.7042135412226,15.369419960496513,0.006219935417175293,0.95
197,0.7266217855201085,14.04153543528346,14.04153543528346,0.0061387777328491214,1.0
198,0.7441174096302874,15.868892217873258,15.868892217873258,0.006182670593261719,1.0
199,0.6693538606138703,17.42313678908305,17.42313678908305,0.006175339221954346,1.0
200,0.7031406597018348,15.44571378392491,15.44571378392491,0.0061751723289489744,1.0
201,0.7216104134163651,15.551926333719148,15.551926333719148,0.006126344203948975,1.0
202,0.7330854463778217,15.538182481335692,15.538182481335692,0.006138432025909424,1.0
203,0.712086245305824,15.082121596287402,15.082121596287402,0.006398928165435791,1.0
204,0.7577832257853175,13.242372107491132,13.242372107491132,0.0062832474708557125,1.0
205,0.67745627201614,16.640823443818697,16.640823443818697,0.006189370155334472,1.0
206,0.703003038448529,14.989517248541485,14.161606139120705,0.006163275241851807,0.95
207,0.7307907121411844,14.526163412566717,14.526163412566717,0.00623025894165039,1.0
208,0.6802856166979858,15.825456317716895,15.825456317716895,0.006314027309417725,1.0
209,0.7554953880257932,14.109731715191995,14.109731715191995,0.006172013282775879,1.0
210,0.7035084076606863,15.853634287763189,15.853634287763189,0.006217384338378906,1.0
211,0.7157842873832776,15.675451493829224,15.675451493829224,0.006133735179901123,1.0
212,0.7322515544476424,13.842860200472211,13.842860200472211,0.00610811710357666,1.0
213,0.7014691932535607,14.421821393034818,14.421821393034818,0.006088519096374511,1.0
214,0.7162700844583565,13.742698202546148,13.742698202546148,0.006141102313995362,1.0
215,0.693357565027215,15.711201923917702,14.806509555927002,0.006170749664306641,0.95
216,0.7080938262345915,16.012918719735865,16.012918719735865,0.0062285661697387695,1.0
217,0.75695647761482,13.721999917814685,13.721999917814685,0.0061331987380981445,1.0
218,0.6873703909311998,15.166333977271842,15.166333977271842,0.006166505813598633,1.0
219,0.6714678139954698,16.055688514744492,16.055688514744492,0.0061464071273803714,1.0
220,0.7053597743276996,17.001166959204816,15.955766039811028,0.006195008754730225,0.95
221,0.7505479973331515,15.917095624071635,15.917095624071635,0.006224870681762695,1.0
222,0.7370589999378854,14.609543250696742,14.609543250696742,0.006188106536865234,1.0
223,0.6917404242502669,17.494560712118986,17.494560712118986,0.006171858310699463,1.0
224,0.6871692913112785,15.383656422726315,15.383656422726315,0.00613948106765747,1.0
225,0.7295299081526065,15.9280824015467,14.899994853961406,0.0061400413513183595,0.95
226,0.7471463212964069,13.180748812059244,13.180748812059244,0.0061411261558532715,1.0
227,0.7138862119163936,14.557555170139858,14.557555170139858,0.006110072135925293,1.0
228,0.7127526676875566,16.51858861128884,16.51858861128884,0.006149482727050781,1.0
229,0.7079411026902148,15.9374114642032,15.9374114642032,0.006220412254333496,1.0
230,0.7072189786337939,14.787473866376496,14.787473866376496,0.0061928629875183105,1.0
231,0.7108612820752943,17.0871372634447,17.0871372634447,0.006168138980865478,1.0
232,0.677338117702434,16.27003233423232,16.27003233423232,0.006151962280273438,1.0
233,0.7243495865456288,16.530438681516067,16.530438681516067,0.006225705146789551,1.0
234,0.7519628660447644,13.530919486616389,13.530919486616389,0.0061710596084594725,1.0
235,0.6885605679537954,16.914420367346267,16.914420367346267,0.0061082601547241214,1.0
236,0.7431468604395798,16.377636082248802,16.377636082248802,0.00617668628692627,1.0
237,0.7015525624255506,16.161810355986994,16.161810355986994,0.006535971164703369,1.0
238,0.7070902358933894,14.688978396148665,14.688978396148665,0.006503331661224365,1.0
239,0.702450747076654,16.101541814226355,16.101541814226355,0.0063153266906738285,1.0
240,0.7039894201553714,15.822491925100326,15.822491925100326,0.006169950962066651,1.0
241,0.7371811266034928,14.444685519173337,14.444685519173337,0.006220793724060059,1.0
242,0.7582846581770322,13.681343833338172,13.681343833338172,0.006258940696716309,1.0
243,0.6698222251962361,16.40640924867565,15.644911709941875,0.006179225444793701,0.95
244,0.6959507517480986,16.11744479184913,15.886194265774245,0.006136465072631836,0.95
245,0.6972061096656967,16.02787915791639,16.02787915791639,0.006187212467193603,1.0
246,0.6816259639311457,16.800629138749034,15.727980862260932,0.0061468839645385746,0.95
247,0.7264770507913836,15.41680553941049,15.13806074849611,0.006134390830993652,0.95
248,0.7501123478950655,16.017672669055013,16.017672669055013,0.006120824813842773,1.0
249,0.692179480777374,15.723365575405836,15.480346944078196,0.006193780899047851,0.95
250,0.7344063718164335,11.759109709428184,11.759109709428184,0.006142139434814453,1.0
251,0.6719760930524445,14.602979388967,14.602979388967,0.006185638904571533,1.0
252,0.685007610135673,16.074940683119493,16.074940683119493,0.006197750568389893,1.0
253,0.7005984677056755,15.057277285069258,13.187409895833968,0.006286072731018067,0.9
254,0.6621463773813984,16.521321920380753,15.509567770814579,0.006244266033172607,0.95
255,0.7167085151228918,16.359582379373926,15.531644680694924,0.006163549423217773,0.95
256,0.6833861958228082,16.529781437476498,16.529781437476498,0.006129419803619385,1.0
257,0.7078415336311934,16.923425255152004,15.148979528467827,0.006149768829345703,0.9
258,0.7011823072096497,16.99985739392608,16.709124204255822,0.006177055835723877,0.95
259,0.721000639664586,15.411952880141168,14.625034335837636,0.006171894073486328,0.95
260,0.7527163513948532,15.094439671450147,14.132368178120993,0.006200742721557617,0.95
261,0.7190634424176747,16.231806145474824,16.231806145474824,0.006213784217834473,1.0
262,0.7070929405116526,16.331302784512864,16.331302784512864,0.006193101406097412,1.0
263,0.6715537032200875,16.38257847639894,15.659252125955273,0.006187283992767334,0.95
264,0.6848270878936316,16.471173141710047,16.471173141710047,0.006182968616485596,1.0
265,0.7331830050760291,12.77571852228057,11.586640891598769,0.00620582103729248,0.95
266,0.725505655260169,12.779799465910703,12.779799465910703,0.006186676025390625,1.0
267,0.7364992706119151,14.78240344815884,14.78240344815884,0.0061751723289489744,1.0
268,0.6959364262553873,16.53421680603224,16.53421680603224,0.006242716312408447,1.0
269,0.7149446234858601,14.281413893917755,14.281413893917755,0.006243848800659179,1.0
270,0.7123749251820185,16.552308205581262,16.552308205581262,0.006223452091217041,1.0
271,0.7195350100155213,14.626673168735945,14.626673168735945,0.006165266036987305,1.0
272,0.6923370763596234,15.403411666316154,14.9611422018307,0.006158661842346191,0.95
273,0.7208747856547056,15.659639936964492,15.659639936964492,0.006170213222503662,1.0
274,0.6445807635476339,17.59375637535087,17.59375637535087,0.006166279315948486,1.0
275,0.6776055271680128,16.716566477314096,16.716566477314096,0.006193995475769043,1.0
276,0.7386779465671522,15.317785763578105,15.317785763578105,0.006162106990814209,1.0
277,0.6316327945787522,16.254090865862672,16.254090865862672,0.006130218505859375,1.0
278,0.7378149357392052,14.812325382727868,13.867436913958533,0.006267273426055908,0.95
279,0.6840157284152417,16.829877052895053,15.855366088492579,0.006197428703308106,0.95
280,0.708846927375027,14.279855009535245,14.279855009535245,0.006214523315429687,1.0
281,0.7027009476648094,16.008935459350177,16.008935459350177,0.0062414765357971195,1.0
282,0.7317000054642596,14.361143650913622,14.361143650913622,0.006217348575592041,1.0
283,0.7052013007914095,14.795214850392682,14.795214850392682,0.006152462959289551,1.0
284,0.7390078318145479,13.92769396949178,13.92769396949178,0.006186950206756592,1.0
285,0.6896006498832612,15.772933125557376,15.772933125557376,0.0062231779098510746,1.0
286,0.7143129486914398,14.329944336034345,14.329944336034345,0.0061864137649536135,1.0
287,0.6917601948782206,15.755870959089648,15.755870959089648,0.006181561946868896,1.0
288,0.6842355817827273,16.16333209952469,16.16333209952469,0.006165719032287598,1.0
289,0.6758174788456788,16.684785603478147,16.684785603478147,0.006207418441772461,1.0
290,0.6608731648165981,16.64967610917683,16.64967610917683,0.006192326545715332,1.0
291,0.7492383623232055,13.973150898925365,13.973150898925365,0.006205213069915771,1.0
292,0.737874263418312,15.524050005238474,14.319209035757012,0.006144499778747559,0.95
293,0.7525602331838674,15.115773846582181,15.115773846582181,0.00614469051361084,1.0
294,0.7223707521327575,17.01674532340216,17.01674532340216,0.006158220767974854,1.0
295,0.7094525246520322,15.79060382590129,15.79060382590129,0.006199264526367187,1.0
296,0.7033969342605989,16.126284641823386,16.126284641823386,0.0061380863189697266,1.0
297,0.6579054085779021,19.471051687405016,19.165602306963905,0.006189775466918945,0.95
298,0.6571624449305117,18.542058832997313,18.542058832997313,0.006252968311309814,1.0
299,0.694480267458425,18.31999184666618,18.31999184666618,0.006120216846466064,1.0
300,0.6960936291718952,14.710342686763223,14.710342686763223,0.006129086017608643,1.0
301,0.7115521955006037,16.773108070928934,16.773108070928934,0.006149101257324219,1.0
302,0.6846523668505232,18.008663681151955,18.008663681151955,0.0061291813850402836,1.0
303,0.7085464165634942,15.908945104025907,15.908945104025907,0.0062076330184936525,1.0
304,0.7438273097307923,15.90505524615612,15.90505524615612,0.006208109855651856,1.0
305,0.6812656581629744,17.257512576809727,17.257512576809727,0.0062230944633483885,1.0
306,0.7102553732548389,15.025933444016673,15.025933444016673,0.0062502861022949215,1.0
307,0.6875002109532142,17.113719973176423,17.113719973176423,0.006158435344696045,1.0
308,0.7048651533904442,15.515652479094154,15.515652479094154,0.006117343902587891,1.0
309,0.7474838794013519,14.8056993911445,14.8056993911445,0.0061440706253051754,1.0
310,0.683773880509508,15.037512303037474,15.037512303037474,0.006159830093383789,1.0
311,0.6767328054481714,16.703920001695458,16.703920001695458,0.006166815757751465,1.0
312,0.6894268618263147,16.682565031478497,16.682565031478497,0.0061776041984558105,1.0
313,0.6798577955572347,16.050632440717465,16.050632440717465,0.0062228083610534664,1.0
314,0.7290328345284514,14.963277584926695,14.043012203809463,0.006258821487426758,0.95
315,0.7176640537590396,15.003857874924558,15.003857874924558,0.006151735782623291,1.0
316,0.7292744508996412,11.182995443572953,11.182995443572953,0.006174123287200928,1.0
317,0.7016470614739918,16.32797164252135,16.32797164252135,0.006119906902313232,1.0
318,0.7755592228287368,13.596021363961233,13.596021363961233,0.0062945008277893065,1.0
319,0.7428844761895914,14.449992645310626,14.449992645310626,0.006166005134582519,1.0
320,0.7311272361312083,13.08133737815453,13.08133737815453,0.006121635437011719,1.0
321,0.6735915428628532,17.226810719342176,16.34583226868881,0.006151056289672852,0.95
322,0.6876848665611845,16.72299347496989,16.72299347496989,0.006197023391723633,1.0
323,0.6915459966636207,17.26790388459414,16.579727270432507,0.0062156081199646,0.95
324,0.7024091380816669,15.87041529504557,15.87041529504557,0.006239759922027588,1.0
325,0.7434553855525661,12.719167939832285,12.719167939832285,0.006220006942749023,1.0
326,0.7186326856992125,14.7544808232257,14.7544808232257,0.006176185607910156,1.0
327,0.6886613248910002,17.235999166524163,15.28449130232897,0.0061492443084716795,0.9
328,0.72110636286467,15.309858136424907,15.309858136424907,0.006069564819335937,1.0
329,0.6859574452106803,15.855641043012099,15.855641043012099,0.006164848804473877,1.0
330,0.7057648527516279,13.332535086366008,13.332535086366008,0.0061724185943603516,1.0
331,0.7176929333334112,13.615082775845604,13.615082775845604,0.0061545729637146,1.0
332,0.7418558574592212,14.763673626661426,14.763673626661426,0.006228911876678467,1.0
333,0.7035245507187147,14.125140112829303,14.125140112829303,0.00620722770690918,1.0
334,0.7697119242274724,13.458512752000521,13.458512752000521,0.006256377696990967,1.0
335,0.7199588496373815,16.353559607160047,16.353559607160047,0.006485903263092041,1.0
336,0.6798102709560027,19.599698044769248,19.599698044769248,0.006232559680938721,1.0
337,0.7125895459915921,18.432549094312257,18.432549094312257,0.006191253662109375,1.0
338,0.6644462746361766,19.22017621220674,18.531016233273533,0.0061140298843383786,0.95
339,0.7200253840982913,14.928390967443473,13.817822756377181,0.006157100200653076,0.95
340,0.6974408783205638,14.115316663265043,13.114013655846987,0.0061773180961608885,0.95
341,0.7047398502247029,15.635999622387482,15.635999622387482,0.00616220235824585,1.0
342,0.7457796052544758,13.489516851080698,13.117796998540879,0.006219160556793213,0.95
343,0.7086858552160594,15.924948934736426,15.924948934736426,0.00619056224822998,1.0
344,0.716752774137652,17.21949007382542,17.21949007382542,0.006182467937469483,1.0
345,0.7371538179196222,12.78138542085259,12.78138542085259,0.006202888488769531,1.0
346,0.7208064221300325,14.208688567442039,14.208688567442039,0.006214022636413574,1.0
347,0.7165889400419986,14.900707154736597,14.900707154736597,0.0061921834945678714,1.0
348,0.7106433308000557,16.98366754714973,16.628091469904504,0.006242883205413818,0.9
349,0.7239096259886013,13.47424883920684,13.47424883920684,0.0061394572257995605,1.0
350,0.7135949637937726,12.733837751127593,12.733837751127593,0.006160664558410645,1.0
351,0.6823222872916314,16.63856034806756,16.63856034806756,0.006174170970916748,1.0
352,0.6465951699728478,18.852605183070516,18.852605183070516,0.00617833137512207,1.0
353,0.726261890820387,14.37921398112697,14.37921398112697,0.00618971586227417,1.0
354,0.6869732718916844,17.393605617639643,17.393605617639643,0.006296491622924805,1.0
355,0.658103232335109,16.21656400930045,15.418224660990287,0.006199371814727783,0.95
356,0.6832074000269639,15.157199067070923,15.157199067070923,0.00620657205581665,1.0
357,0.656575501252149,17.453495037890438,17.453495037890438,0.00615084171295166,1.0
358,0.7063020928791958,16.547873965673478,16.547873965673478,0.006159055233001709,1.0
359,0.695911701435185,18.189826151450553,18.189826151450553,0.006224071979522705,1.0
360,0.6904481817343765,17.83330237643409,17.83330237643409,0.006141209602355957,1.0
361,0.7208857106368167,14.023778036752393,14.023778036752393,0.006182682514190674,1.0
362,0.7252263453394406,14.473323765690964,14.007647884284534,0.006189906597137451,0.95
363,0.7075308392103173,17.057663469760666,16.09564756679409,0.006178355216979981,0.95
364,0.702511114463775,16.231532251963,15.153111182304022,0.006119906902313232,0.95
365,0.7050332513497815,16.803846660759262,16.803846660759262,0.00614926815032959,1.0
366,0.6919485180964802,15.525849830104912,15.525849830104912,0.006188881397247314,1.0
367,0.7656078637499885,13.088812720737357,13.088812720737357,0.006124663352966309,1.0
368,0.6735124801117098,16.115791995275497,16.115791995275497,0.006188666820526123,1.0
369,0.7082464165939321,14.325418726346191,14.325418726346191,0.006206703186035156,1.0
370,0.7332593400103311,14.13504915889989,13.12432815626767,0.006272709369659424,0.95
371,0.7056346973216167,16.873787325726035,15.835685352170607,0.0061998128890991214,0.95
372,0.7398311099703546,15.724202642649786,15.724202642649786,0.006164264678955078,1.0
373,0.709173478022717,16.376852005129017,16.069236124826457,0.006106221675872802,0.95
374,0.6536754581223476,19.621413365361285,17.496728397258863,0.00614088773727417,0.85
375,0.7194473849364178,15.793562945974301,15.371486780892601,0.0061686038970947266,0.95
376,0.7105014600741245,13.854830276258824,13.854830276258824,0.006159865856170654,1.0
377,0.7226265905890055,15.081532690381414,15.081532690381414,0.006142222881317138,1.0
378,0.6918517340923389,15.636771648764437,15.636771648764437,0.006239116191864014,1.0
379,0.7315365217653974,14.019736180018853,14.019736180018853,0.006168627738952636,1.0
380,0.6763716168282661,15.236010684297488,15.236010684297488,0.00613023042678833,1.0
381,0.6745706476291933,15.437014420230108,15.437014420230108,0.006165111064910888,1.0
382,0.6997905813570028,15.371285716380891,15.371285716380891,0.006160902976989746,1.0
383,0.7228069528303498,13.354827251120327,13.354827251120327,0.006149685382843018,1.0
384,0.7326746617848776,15.932958418271017,15.932958418271017,0.006190037727355957,1.0
385,0.6659975294829474,16.767907102114044,15.927559414589604,0.006187593936920166,0.95
386,0.7559548628078041,16.020997680715166,15.099583234060791,0.006196844577789307,0.95
387,0.75018241379784,15.671245731901099,15.671245731901099,0.006159842014312744,1.0
388,0.7350465084630248,15.193030353747133,15.193030353747133,0.006204354763031006,1.0
389,0.7054527514070938,16.50261191142213,16.50261191142213,0.006206738948822022,1.0
390,0.7264339787325489,14.49705190026997,14.49705190026997,0.0061475872993469235,1.0
391,0.670921246041875,17.615691877854697,16.300078183005667,0.00618135929107666,0.9
392,0.6936527359559659,17.253520777901556,16.046347895964356,0.0061890602111816405,0.95
393,0.7284525042012598,15.420156703191669,15.420156703191669,0.006203484535217285,1.0
394,0.6799653619434651,15.615124936264317,15.615124936264317,0.006162893772125244,1.0
395,0.7059771205429506,15.087602715576839,13.793869005396564,0.006165862083435059,0.9
396,0.671279790066255,16.550410337043328,16.550410337043328,0.006096506118774414,1.0
397,0.7192754535836475,17.279133292487295,16.12931137061075,0.006120717525482178,0.9
398,0.721513521743934,13.902805870559845,13.902805870559845,0.006179416179656982,1.0
399,0.7611956350720386,12.41714830420929,12.41714830420929,0.006133866310119629,1.0
400,0.7026662926133059,15.969121365654951,15.969121365654951,0.006238830089569092,1.0
401,0.7149803396696259,15.980200983505744,15.980200983505744,0.0061859130859375,1.0
402,0.711861416023184,16.720372114288207,16.720372114288207,0.006220865249633789,1.0
403,0.6727914632035128,16.29527282439567,16.29527282439567,0.006259405612945556,1.0
404,0.7288906390810277,13.755835409600149,13.755835409600149,0.006228649616241455,1.0
405,0.7178879399626533,15.002677241307115,15.002677241307115,0.0061719417572021484,1.0
406,0.6931952109252173,16.955255029180325,16.073625239626676,0.006163537502288818,0.95
407,0.7155237677138964,15.388780745664132,15.388780745664132,0.006159758567810059,1.0
408,0.7314533657948974,14.502417859341563,14.502417859341563,0.0061642169952392575,1.0
409,0.7240693051407047,15.044440562104793,15.044440562104793,0.0061448454856872555,1.0
410,0.6896997698985688,16.221136070557353,16.221136070557353,0.006175398826599121,1.0
411,0.7225524785004476,15.378643887632682,15.378643887632682,0.006167423725128174,1.0
412,0.6878581666012133,16.65208618587163,16.65208618587163,0.006215441226959229,1.0
413,0.7261648249066439,13.97098353617923,12.937059276661705,0.006283879280090332,0.95
414,0.6932813019281252,15.226668293250977,15.226668293250977,0.006171953678131103,1.0
415,0.7376485665382797,15.898500323740725,15.677985984859875,0.006161689758300781,0.95
416,0.7127514486273094,14.572212416820175,14.572212416820175,0.006153833866119385,1.0
417,0.7314020462135745,16.435163077254778,16.105042959191056,0.006114864349365234,0.95
418,0.7253004201496899,14.314245172946096,14.314245172946096,0.0061454176902771,1.0
419,0.723708767681253,15.07069655951465,15.07069655951465,0.006180393695831299,1.0
420,0.6945029682882511,15.099405821994944,15.099405821994944,0.006132984161376953,1.0
421,0.7594225717768143,16.817473983751057,15.193730775230243,0.0061890602111816405,0.9
422,0.7123110286302415,14.669747366494823,14.669747366494823,0.006283879280090332,1.0
423,0.6946166964291807,14.525300287926111,14.525300287926111,0.006193482875823974,1.0
424,0.7216010902440028,16.77841095577948,15.808734247203,0.006171286106109619,0.95
425,0.6719691642084155,16.473347310859594,16.473347310859594,0.006218445301055908,1.0
426,0.7085022774275628,13.165333095488368,12.144946771976567,0.0061044454574584964,0.95
427,0.6974781040727442,15.958792744529234,15.958792744529234,0.006142115592956543,1.0
428,0.7105199226732845,13.869541248828515,13.869541248828515,0.006144344806671143,1.0
429,0.7258281672092408,14.219370027838583,14.219370027838583,0.006158387660980225,1.0
430,0.7075150981815603,14.618343766077809,14.618343766077809,0.006210112571716308,1.0
431,0.728766021705138,15.70252347780151,14.295773630501527,0.006215584278106689,0.95
432,0.6815315900467762,17.0216209384675,15.593257728179097,0.0061816215515136715,0.95
433,0.6303075058889993,19.237830578521503,18.42355146564707,0.006366455554962158,0.95
434,0.7156195367303295,16.68468973637589,16.428420882661936,0.006205856800079346,0.95
435,0.6746289158677191,17.941726162947656,16.0585991105983,0.006243443489074707,0.85
436,0.7039380194084075,15.22042461305484,15.22042461305484,0.006194162368774414,1.0
437,0.7650711230000621,13.254497709845722,13.254497709845722,0.006118607521057129,1.0
438,0.704049981649367,15.5226320181493,14.721881511142852,0.00618283748626709,0.95
439,0.7199853119387407,14.663443333928251,14.663443333928251,0.006227254867553711,1.0
440,0.7104160880496125,17.388734235286286,17.388734235286286,0.0061462163925170895,1.0
441,0.6836277350788189,15.884088174678826,15.0997731574742,0.006198012828826904,0.95
442,0.7447052001689711,13.959521378830056,13.959521378830056,0.006198811531066895,1.0
443,0.717872149360879,14.807194065556791,14.807194065556791,0.006169450283050537,1.0
444,0.7005072379527977,14.573902531715124,14.573902531715124,0.006208693981170655,1.0
445,0.691072165921417,16.13722123304989,15.27141821042453,0.006268727779388428,0.95
446,0.6669040990256222,19.24461067198673,17.637438755911187,0.006164002418518067,0.9
447,0.6190268257612983,21.04389884145182,20.53863030370921,0.006172072887420654,0.95
448,0.7090567842238787,17.311570917472313,17.311570917472313,0.006191360950469971,1.0
449,0.6961601141225404,19.396904097989868,17.782687616023907,0.006224203109741211,0.9
450,0.6824943984127323,18.315779415182554,18.315779415182554,0.0061347723007202145,1.0
451,0.6774499329854028,16.189838840991662,15.421911631293042,0.0061841607093811035,0.95
452,0.6981090228205036,14.059799663664654,12.83393088076827,0.006141579151153565,0.95
453,0.7117553233970976,16.726018021446826,16.55134609293828,0.0060875177383422855,0.95
454,0.660739318820939,16.99572641459944,16.187101490833463,0.0061457276344299315,0.95
455,0.7002772231235286,14.92255785648094,14.92255785648094,0.006211531162261963,1.0
456,0.6506808181530964,18.68213070256576,17.003955549664745,0.006233012676239014,0.9
457,0.7021431322682805,16.62243636488396,15.757646379239858,0.006225299835205078,0.95
458,0.6776097757100379,18.17072663898562,18.17072663898562,0.0061948180198669435,1.0
459,0.7104722787379385,15.182936951020427,15.182936951020427,0.006224155426025391,1.0
460,0.6850468363721846,17.656716286706732,17.656716286706732,0.0061495304107666016,1.0
461,0.7094838572091623,14.044649883296842,14.044649883296842,0.006224346160888672,1.0
462,0.6931956959784826,16.644794352981243,16.644794352981243,0.006232547760009766,1.0
463,0.7099903256242848,15.663770381386238,15.663770381386238,0.006148016452789307,1.0
464,0.7538695136628399,13.25539803489777,13.25539803489777,0.006205344200134277,1.0
465,0.6747744463642322,17.16186070603995,17.16186070603995,0.00624011754989624,1.0
466,0.734279466965549,13.583626345973553,13.583626345973553,0.006219720840454102,1.0
467,0.7086164538742266,16.12792136796397,16.12792136796397,0.006201934814453125,1.0
468,0.743953960520971,14.112375294011837,14.112375294011837,0.006254506111145019,1.0
469,0.7816465408947353,11.922753245397875,11.922753245397875,0.006139862537384033,1.0
470,0.7652546029817191,14.924575967728353,14.924575967728353,0.006189393997192383,1.0
471,0.6692499202195241,18.202233591132547,17.308012013512794,0.006157481670379638,0.95
472,0.6633201406625931,19.179985864322713,19.179985864322713,0.006223487854003906,1.0
473,0.6933789136071892,17.978767844281155,17.10828046123101,0.006148815155029297,0.95
474,0.662623033239544,17.554817439715997,17.554817439715997,0.006176412105560303,1.0
475,0.6951624541108348,14.67731904347825,14.67731904347825,0.006193757057189941,1.0
476,0.7009366490857413,14.619402956069688,14.619402956069688,0.00621565580368042,1.0
477,0.7453984492361286,13.860434201489634,13.36225600959164,0.006177914142608642,0.95
478,0.7532888988295129,13.365457285981773,13.365457285981773,0.0062410831451416016,1.0
479,0.6765191734594331,18.58766435783256,18.58766435783256,0.006209194660186768,1.0
480,0.7228698305829289,13.563285351161198,13.563285351161198,0.006203305721282959,1.0
481,0.6859867115089476,17.700045153752264,17.700045153752264,0.006196057796478272,1.0
482,0.7334608569073288,17.13419319445899,16.25002291156694,0.006172597408294678,0.95
483,0.732661484562487,13.865575643360987,13.002243692988634,0.006172943115234375,0.95
484,0.6649266113386592,16.842446291311198,16.842446291311198,0.006140148639678955,1.0
485,0.7028897840560605,16.190481250930702,16.190481250930702,0.006135904788970947,1.0
486,0.7353676668829683,14.781837889740919,14.781837889740919,0.006192219257354736,1.0
487,0.7065260291469488,14.619536014294065,14.619536014294065,0.0061484575271606445,1.0
488,0.7700217240662148,15.13118161209764,15.13118161209764,0.006201457977294922,1.0
489,0.7004486281955508,14.928413497090414,14.928413497090414,0.00614081621170044,1.0
490,0.7147775336006704,14.211978349456325,14.211978349456325,0.006212115287780762,1.0
491,0.6785094654299098,14.79996321810653,14.79996321810653,0.006138062477111817,1.0
492,0.7062010124335825,15.15134712646082,15.15134712646082,0.00615013837814331,1.0
493,0.7167105306514463,13.532903549954028,13.532903549954028,0.006107521057128906,1.0
494,0.6891540245193387,16.73232011944587,16.73232011944587,0.006185281276702881,1.0
495,0.7121514435368471,14.763356748937023,14.763356748937023,0.006140804290771485,1.0
496,0.674787435331726,15.133019905054397,15.133019905054397,0.006198155879974365,1.0
497,0.6764718463272973,18.659766443869053,18.659766443869053,0.006194782257080078,1.0
498,0.7288501038129883,15.352518757822304,15.352518757822304,0.006169450283050537,1.0
499,0.7197218320780407,16.0360721724871,16.0360721724871,0.006197941303253174,1.0
500,0.6931613856320025,15.28814079054132,15.28814079054132,0.006128191947937012,1.0
501,0.7061163977011139,16.715601994706034,15.858572093268895,0.0061659693717956545,0.95
502,0.6944404909459614,17.082068624877007,17.082068624877007,0.006109881401062012,1.0
503,0.6864190579786584,17.310250192430505,17.310250192430505,0.006124186515808106,1.0
504,0.704755866282054,15.7390082540072,15.7390082540072,0.00614088773727417,1.0
505,0.7375709725739865,16.041465432425944,16.041465432425944,0.006129992008209228,1.0
506,0.7245931598212879,14.86013155583415,14.86013155583415,0.006145596504211426,1.0
507,0.7083599482729813,15.386740120768085,14.38439139365286,0.006144905090332031,0.95
508,0.7002035250151277,17.818699993001466,17.089093753411166,0.006265497207641602,0.95
509,0.6822098919996817,18.745778293695004,17.309388227330494,0.0062068462371826175,0.9
510,0.7631112683740052,13.309099266163022,13.309099266163022,0.006232357025146485,1.0
511,0.6683318684226306,15.860960925602743,15.860960925602743,0.006148910522460938,1.0
512,0.7652161341847157,14.710067695135033,14.710067695135033,0.006177520751953125,1.0
513,0.758854850671577,13.83261501860365,13.372433541490055,0.006151247024536133,0.95
514,0.6855110496025354,18.90813706552796,17.25576899234545,0.006156039237976074,0.9
515,0.6798302592387249,15.768463927849186,15.768463927849186,0.006149864196777344,1.0
516,0.6790805124413204,15.835394915432138,15.835394915432138,0.006199836730957031,1.0
517,0.7020135066367486,14.551342311030984,14.551342311030984,0.006145215034484864,1.0
518,0.7024199377215747,15.652883841268846,15.652883841268846,0.0061705589294433595,1.0
519,0.7106538009147984,16.915253400413423,16.915253400413423,0.006135499477386475,1.0
520,0.6931529220857731,14.504397744137393,13.570711468141264,0.006172347068786621,0.95
521,0.7041963869769343,15.419301572652813,15.419301572652813,0.00621112585067749,1.0
522,0.7483689397931685,14.650880854675023,14.650880854675023,0.006205964088439942,1.0
523,0.7329011630672698,14.130434184252422,14.130434184252422,0.006142544746398926,1.0
524,0.6796407710561239,17.564094383786692,16.34052023520645,0.006172633171081543,0.95
525,0.7294144300588056,16.54128489308311,15.80620278852846,0.006211531162261963,0.95
526,0.687888360180233,17.03877341681437,15.987911198880747,0.006251013278961182,0.95
527,0.7187450139465771,14.738064755826375,14.738064755826375,0.006142568588256836,1.0
528,0.7206324139819682,15.934207433614668,15.934207433614668,0.006130099296569824,1.0
529,0.7074440944608614,16.010396106040794,16.010396106040794,0.006205916404724121,1.0
530,0.7410862024797259,13.22767010643955,13.22767010643955,0.006302368640899658,1.0
531,0.7712337929499297,13.092739428137545,13.092739428137545,0.0061915874481201175,1.0
532,0.7605607667857602,13.811877078489374,12.895620660231842,0.006341230869293213,0.95
533,0.7456512302542257,13.913536400347493,13.913536400347493,0.006391441822052002,1.0
534,0.7214940705396862,15.683331518480713,15.683331518480713,0.006334495544433594,1.0
535,0.7508341054043702,12.312520610361105,12.312520610361105,0.00621025562286377,1.0
536,0.6900150096463784,16.65254504892544,16.65254504892544,0.0061302661895751955,1.0
537,0.7040063379055568,14.015028468030044,14.015028468030044,0.006111419200897217,1.0
538,0.6820507168481256,15.325167681919112,15.325167681919112,0.00620262622833252,1.0
539,0.7506101592975272,12.322354979836959,12.322354979836959,0.006151056289672852,1.0
540,0.6799843940451813,16.024612436056902,14.998563955801743,0.0061597108840942385,0.95
541,0.6896596391635613,17.845842071018787,17.845842071018787,0.006280529499053955,1.0
542,0.728174056863711,17.455028253403245,17.455028253403245,0.006202220916748047,1.0
543,0.7211610727057742,15.006692403770103,13.593557398794976,0.006149280071258545,0.9
544,0.6924088207321125,15.718204375702447,15.718204375702447,0.006149196624755859,1.0
545,0.6873397704740795,16.40793481773367,15.600188043906538,0.006158578395843506,0.95
546,0.6919033681070509,15.886160933880356,15.886160933880356,0.00616302490234375,1.0
547,0.7082608371200684,14.503846801995516,14.503846801995516,0.006133425235748291,1.0
548,0.6774563567692005,16.06917325306195,16.06917325306195,0.006408822536468506,1.0
549,0.7230426509559236,16.133373904296427,14.961563393572245,0.006155836582183838,0.95
550,0.7360422604391658,13.194536696503466,13.194536696503466,0.006217145919799804,1.0
551,0.708938189281975,15.206332857990926,14.889047313027898,0.0062950849533081055,0.95
552,0.6953357771373581,16.926806074551322,14.550730627172477,0.006172049045562744,0.9
553,0.6674806423030615,18.094237142959482,18.094237142959482,0.006130242347717285,1.0
554,0.7060150014775515,16.664200980801105,16.664200980801105,0.006210291385650634,1.0
555,0.7087171883222629,15.810885939493687,15.394670757681927,0.006208837032318115,0.95
556,0.7074736284786822,16.02381699333414,16.02381699333414,0.006102561950683594,1.0
557,0.6811261157885931,17.32511743973074,16.632628427097007,0.006138944625854492,0.95
558,0.6268152655556447,17.898725756255708,17.069667232512046,0.006201434135437012,0.95
559,0.6637911228424429,18.34645234557413,17.686178029140322,0.006114315986633301,0.95
560,0.6953878467070798,18.36438634648775,18.36438634648775,0.006132566928863525,1.0
561,0.7316777602022211,16.331100694929376,16.331100694929376,0.00622556209564209,1.0
562,0.723274766065532,14.832079593093416,14.832079593093416,0.0061484575271606445,1.0
563,0.7071467589113991,15.864462517794914,14.89069583729725,0.006132078170776367,0.95
564,0.6790159480513772,17.7083853629955,17.7083853629955,0.006237304210662842,1.0
565,0.742749059512206,16.140245329400514,16.140245329400514,0.006220614910125733,1.0
566,0.6895799770017617,16.082637246087188,16.082637246087188,0.006183469295501709,1.0
567,0.7152021431832908,13.781874143023881,13.781874143023881,0.006166863441467285,1.0
568,0.7211566778089364,14.087482290946095,14.087482290946095,0.006167995929718018,1.0
569,0.7236504806982031,14.952757830636006,14.952757830636006,0.006131815910339356,1.0
570,0.6385642501834097,19.230209539100173,19.230209539100173,0.006226646900177002,1.0
571,0.6893688416944269,16.578794499967085,16.578794499967085,0.006206047534942627,1.0
572,0.6840166381997097,16.107560015426646,16.107560015426646,0.0062013745307922365,1.0
573,0.6954871501724564,16.16824410299018,16.16824410299018,0.006146025657653808,1.0
574,0.6622206616195644,18.486012845771043,17.807760930283607,0.006170690059661865,0.95
575,0.7146105900169543,15.691875309363883,15.691875309363883,0.006111407279968261,1.0
576,0.6720078586988402,19.463719770990068,17.678809200046157,0.006155526638031006,0.9
577,0.7635653408760918,14.121703086223452,13.690353060537102,0.006194198131561279,0.95
578,0.6742762619055733,18.62989584254412,18.50611506600985,0.00614316463470459,0.95
579,0.7729340627190445,14.525899019548666,14.525899019548666,0.006242799758911133,1.0
580,0.7240730624491902,15.081952419631978,15.081952419631978,0.006268012523651123,1.0
581,0.6719019440923245,16.75096853851445,16.75096853851445,0.006259512901306152,1.0
582,0.7281983378732859,15.307809550111818,15.307809550111818,0.0062252402305603026,1.0
583,0.7399175532219211,13.882412249146109,13.882412249146109,0.006175470352172851,1.0
584,0.6934548295969679,15.227418261610865,15.227418261610865,0.0061152935028076175,1.0
585,0.6869262554898906,17.391787197020186,16.359005544726042,0.006204283237457276,0.9
586,0.716002108704875,13.76921440751839,13.76921440751839,0.006198239326477051,1.0
587,0.7204123204652785,16.10488424248367,16.10488424248367,0.006160807609558105,1.0
588,0.7126897768093914,18.06525596787119,18.06525596787119,0.006158971786499023,1.0
589,0.7008064762556139,16.091323866487524,16.091323866487524,0.006148326396942139,1.0
590,0.7533064284951,15.165980564374426,15.165980564374426,0.0062141895294189455,1.0
591,0.7235482812223415,15.029427322490136,14.061198160336202,0.006207132339477539,0.95
592,0.6861393523170982,16.769706666762577,16.5898061845321,0.006133544445037842,0.95
593,0.7182756570866343,14.995034006864623,14.995034006864623,0.006184244155883789,1.0
594,0.7143350587809316,15.72681628817305,15.72681628817305,0.006192231178283691,1.0
595,0.7150548553426976,15.757951273942883,15.757951273942883,0.006193053722381592,1.0
596,0.7021381893087894,15.895217658054694,15.895217658054694,0.006262600421905518,1.0
597,0.7075866296107203,16.005602821179938,16.005602821179938,0.0061770319938659664,1.0
598,0.661553084957285,16.733932788980617,15.759373803747504,0.006198489665985107,0.95
599,0.6717680027395446,18.23192100868633,17.60264240619178,0.006204390525817871,0.95
600,0.7004568251560347,17.000093180504866,17.000093180504866,0.006207287311553955,1.0
601,0.7326580326878546,15.325269381983745,15.325269381983745,0.006150972843170166,1.0
602,0.7055685472741412,17.116673026521205,17.116673026521205,0.006175601482391357,1.0
603,0.6901042479940982,15.90294137829694,15.90294137829694,0.006227040290832519,1.0
604,0.7053309140445886,13.987662733465218,12.826240565039628,0.00620042085647583,0.95
605,0.6968193339750195,14.551753276726268,14.551753276726268,0.006140410900115967,1.0
606,0.741903352817601,14.588514862315009,14.588514862315009,0.006190752983093262,1.0
607,0.6970588040720497,17.48693459205622,17.48693459205622,0.006164824962615967,1.0
608,0.7114649672219796,16.22155160034363,14.428270997501565,0.006162762641906738,0.9
609,0.6841221434795601,15.800500592190179,14.310088813482636,0.006171369552612304,0.95
610,0.6835083672886827,14.652186500375862,14.652186500375862,0.00615466833114624,1.0
611,0.6971563533708112,15.768270249187676,15.768270249187676,0.006193697452545166,1.0
612,0.7425097396345747,14.739988106107992,14.739988106107992,0.006249332427978515,1.0
613,0.772417804322019,12.749370801581511,12.749370801581511,0.006196379661560059,1.0
614,0.8144062812308844,12.484512546428185,12.484512546428185,0.006214821338653564,1.0
615,0.7252148992954338,14.137360479995602,13.081926288255511,0.006135308742523193,0.95
616,0.7163954657644555,13.583263504798271,13.583263504798271,0.006242811679840088,1.0
617,0.6936921096001133,15.548157408804121,15.548157408804121,0.006238114833831787,1.0
618,0.7047025630154007,15.53106324781297,15.53106324781297,0.006228268146514893,1.0
619,0.7326388764823651,14.07536321395924,14.07536321395924,0.006156313419342041,1.0
620,0.7580292437045838,13.559322582025183,13.200738866153754,0.006224870681762695,0.95
621,0.6826015670775737,16.907740573755497,16.907740573755497,0.006168627738952636,1.0
622,0.6360630355754898,18.336162081185375,18.336162081185375,0.006101644039154053,1.0
623,0.6842482088471332,16.765643528310598,15.91106961762932,0.006104767322540283,0.95
624,0.7243308271079087,14.548936984943618,14.548936984943618,0.0061803460121154785,1.0
625,0.7517570022154101,13.619665945937717,13.619665945937717,0.006240522861480713,1.0
626,0.7275938143187554,13.808748028081837,13.808748028081837,0.006210112571716308,1.0
627,0.7174517696421873,13.511926625286268,13.511926625286268,0.0061923742294311525,1.0
628,0.7152559825038256,13.717801273987977,13.717801273987977,0.006241703033447265,1.0
629,0.7793268160559167,12.559509208764968,12.559509208764968,0.0062759995460510256,1.0
630,0.6460889024334955,16.496019544997093,16.496019544997093,0.006165611743927002,1.0
631,0.7282007410830269,13.226701085803626,13.226701085803626,0.006076920032501221,1.0
632,0.694404955415583,16.51313272610706,16.51313272610706,0.006084179878234864,1.0
633,0.6964349388046621,18.031164882602486,18.031164882602486,0.006162023544311524,1.0
634,0.717447948680486,16.885676025748452,16.885676025748452,0.006108057498931885,1.0
635,0.7073138313012098,14.061250491694443,13.195863362353677,0.00616530179977417,0.95
636,0.7483572532012002,13.971583804915344,11.911638788054498,0.0062036275863647464,0.9
637,0.6580974568880249,17.205076075914654,17.205076075914654,0.006269419193267822,1.0
638,0.6904674789033279,16.055453067751653,15.308251271387405,0.0062686681747436525,0.95
639,0.6730718916975278,16.301028381622793,16.301028381622793,0.006155967712402344,1.0
640,0.6685074936261836,17.036913752753332,17.036913752753332,0.006122803688049317,1.0
641,0.701003941939957,16.276403660550276,16.276403660550276,0.006173050403594971,1.0
642,0.7728473389267476,13.005731924861388,12.524988351669894,0.006143760681152344,0.95
643,0.7088994892239848,14.71491422269103,13.612718245259597,0.0061847448348999025,0.95
644,0.7081086147302884,14.841897676831854,14.460236712900029,0.006207525730133057,0.95
645,0.7425242237521702,14.664979905175764,14.664979905175764,0.006187474727630616,1.0
646,0.7454425839611805,16.073615987933746,15.249613487807563,0.006206059455871582,0.95
647,0.7410241482397832,14.294002958975264,13.206447453544907,0.006183815002441406,0.95
648,0.7260894942717366,13.849728018392293,13.296290911006835,0.006263351440429688,0.95
649,0.7088053878923817,15.769677972938046,15.769677972938046,0.006152212619781494,1.0
650,0.6900496867713046,17.61768106276266,17.61768106276266,0.006247496604919434,1.0
651,0.708973956885189,17.627820039303913,17.627820039303913,0.006211483478546142,1.0
652,0.6927561474117869,16.87279529663914,16.87279529663914,0.006189095973968506,1.0
653,0.723461253863885,16.713403522339775,16.713403522339775,0.006142354011535645,1.0
654,0.6842898167144862,16.477664259829602,16.477664259829602,0.006158316135406494,1.0
655,0.7052935223564841,15.195889800735085,15.195889800735085,0.006244099140167237,1.0
656,0.6907796805238017,15.743250519466693,15.743250519466693,0.006146121025085449,1.0
657,0.679747871812929,17.47129202930933,17.47129202930933,0.006141495704650879,1.0
658,0.6992054912451044,14.327125928530844,13.410957647295737,0.006121373176574707,0.95
659,0.7181837381078203,15.070315612446555,15.070315612446555,0.00619351863861084,1.0
660,0.6739103174898731,14.213265142827243,13.258665642909373,0.006178069114685059,0.95
661,0.6719169896361861,16.411552279063194,16.411552279063194,0.0062105655670166016,1.0
662,0.6857847146415735,15.642264062076475,15.642264062076475,0.006179046630859375,1.0
663,0.7071888364868606,16.279799748332643,16.279799748332643,0.006373679637908936,1.0
664,0.6843972101250945,17.15805443752642,15.98812056471311,0.006214535236358643,0.9
665,0.6575841303440577,18.56508105915804,18.56508105915804,0.006222128868103027,1.0
666,0.685833713706226,17.291980406787633,17.291980406787633,0.006177771091461182,1.0
667,0.7478730696379281,14.866577707803822,13.900628974184153,0.006138932704925537,0.95
668,0.7071586417227161,18.39064920645321,18.39064920645321,0.006181824207305908,1.0
669,0.7393208424056107,16.02830745393873,14.4128000266506,0.006154310703277588,0.95
670,0.6816951972006076,14.879959582489514,13.66464392028031,0.0061844587326049805,0.95
671,0.7089882039489904,15.98246892507911,15.98246892507911,0.006252908706665039,1.0
672,0.6963753285750567,14.653674431449392,14.653674431449392,0.006334996223449707,1.0
673,0.7071830443280596,16.169366008072544,16.169366008072544,0.006243813037872315,1.0
674,0.7040706011550697,16.318782699342005,15.845117114560612,0.006258177757263184,0.95
675,0.6819440188452476,17.68808410219403,16.72391844444222,0.006237673759460449,0.9
676,0.7370218072843063,14.437000956795197,14.437000956795197,0.006143701076507568,1.0
677,0.7368717580219438,14.633505699392492,14.633505699392492,0.0061327099800109865,1.0
678,0.7469882627789863,14.14268181743069,13.761069782526446,0.0061340808868408205,0.95
679,0.6807927649686152,17.285895348550152,17.285895348550152,0.006122779846191406,1.0
680,0.7082844930540917,15.850105412323012,14.878337737358528,0.00615917444229126,0.95
681,0.6463655109654478,17.85926477465115,16.943636217331033,0.006267249584197998,0.95
682,0.7256513610833679,16.094906180263607,16.094906180263607,0.006186783313751221,1.0
683,0.7394651069512276,13.56437521536123,13.56437521536123,0.006198573112487793,1.0
684,0.6823140005916518,15.32615291433722,15.32615291433722,0.006201052665710449,1.0
685,0.705770785005006,15.180132448929092,15.180132448929092,0.006151306629180908,1.0
686,0.7273551558631264,16.289103101567846,15.95848446684237,0.006137549877166748,0.95
687,0.7508695095030531,15.20985286896179,14.359001284651919,0.006145286560058594,0.95
688,0.7264174179470088,15.342649515446078,15.342649515446078,0.006165218353271484,1.0
689,0.6180217247024806,16.771584608372454,15.934238992154869,0.006200230121612549,0.95
690,0.710824925415496,15.718935992816313,15.31527640453167,0.0061909079551696776,0.95
691,0.7388483658087063,15.331141566557207,15.056422285566217,0.006264901161193848,0.95
692,0.7205800173109417,15.722998093718612,15.722998093718612,0.006147241592407227,1.0
693,0.6883708212143205,18.70389140575795,18.70389140575795,0.006190061569213867,1.0
694,0.73140681158933,16.204750965608188,16.204750965608188,0.0060873270034790036,1.0
695,0.6957944417935117,19.057398139539885,18.220444312859488,0.006173312664031982,0.95
696,0.6997188901167353,15.32379085016253,15.32379085016253,0.00618971586227417,1.0
697,0.7709682132519906,13.25555563598457,13.25555563598457,0.006263506412506103,1.0
698,0.7276684234596008,13.77362920439656,13.77362920439656,0.0061790704727172855,1.0
699,0.7003920449751571,14.653263974574596,14.653263974574596,0.006207263469696045,1.0
700,0.7183362266762239,15.004904341617006,15.004904341617006,0.0062162518501281735,1.0
701,0.7312305087536989,14.376756745560124,14.376756745560124,0.006211590766906738,1.0
702,0.7154657581536897,15.7821521868307,15.7821521868307,0.006240427494049072,1.0
703,0.6330463520284021,20.571611466534844,19.85112711943451,0.006209719181060791,0.95
704,0.7032058864096256,15.854718065576103,15.854718065576103,0.0061996221542358395,1.0
705,0.7064770425446534,14.547177568535247,14.547177568535247,0.006275665760040283,1.0
706,0.696303569177267,17.59872945434683,17.59872945434683,0.006160473823547364,1.0
707,0.7272645687768994,14.416749719906765,13.486816871818133,0.006155490875244141,0.95
708,0.6997393935564838,14.567920160129386,14.567920160129386,0.006186544895172119,1.0
709,0.71271423260496,14.703914276739734,14.703914276739734,0.006214523315429687,1.0
710,0.6799290372876126,15.70190801652891,15.70190801652891,0.006171977519989014,1.0
711,0.6795624085779173,17.536817334389532,17.536817334389532,0.006191217899322509,1.0
712,0.691016389147007,17.73646152059795,17.73646152059795,0.006201612949371338,1.0
713,0.7382786955444752,14.222273830931499,14.222273830931499,0.006216871738433838,1.0
714,0.7529427861106763,13.185612274878102,13.185612274878102,0.006216847896575927,1.0
715,0.6785013978586389,18.04223949829187,18.04223949829187,0.006170427799224854,1.0
716,0.7301740491494668,14.653191960609968,14.653191960609968,0.0061610698699951175,1.0
717,0.716679708128372,13.903988622565516,13.903988622565516,0.006217038631439209,1.0
718,0.6786824255241333,17.848954538178234,17.848954538178234,0.006177234649658203,1.0
719,0.7083309353228822,15.89601312898436,15.89601312898436,0.006144475936889648,1.0
720,0.7143048544710539,14.187144612511485,14.187144612511485,0.00622168779373169,1.0
721,0.7280942016002696,14.967223828929672,14.967223828929672,0.006207704544067383,1.0
722,0.7564783402190923,12.462185376691076,12.462185376691076,0.0061694860458374025,1.0
723,0.7386344643462032,14.109646343741485,14.109646343741485,0.006168401241302491,1.0
724,0.7455271093310962,15.606582348076639,14.679302735671754,0.006206226348876953,0.95
725,0.7473998484859808,14.811119296415779,14.811119296415779,0.0062477350234985355,1.0
726,0.735903790957338,14.976036138908999,14.976036138908999,0.0062308073043823246,1.0
727,0.6950261191462239,15.082275391625085,15.082275391625085,0.006227362155914307,1.0
728,0.7086521998941413,16.059305850022483,16.059305850022483,0.006236410140991211,1.0
729,0.7341730930358557,11.794396662659356,11.794396662659356,0.006205511093139648,1.0
730,0.7491897345753329,14.189791078021662,14.189791078021662,0.006171679496765137,1.0
731,0.7014331700151837,16.149239281653955,16.149239281653955,0.006169569492340088,1.0
732,0.6642859055995404,17.01520499669496,15.93413113211917,0.00618664026260376,0.95
733,0.6758503251760356,16.955430226836235,16.955430226836235,0.006261312961578369,1.0
734,0.7556287534293328,14.296600245810165,14.296600245810165,0.00627284049987793,1.0
735,0.7061463188257974,13.34061266968792,13.34061266968792,0.006227731704711914,1.0
736,0.7402717977612637,13.533472777240178,13.533472777240178,0.006221997737884522,1.0
737,0.7002269260156779,14.268514021041067,14.268514021041067,0.00622631311416626,1.0
738,0.7365044135118428,14.371412681993402,14.371412681993402,0.0061525702476501465,1.0
739,0.7049950800108904,15.531569496508416,15.531569496508416,0.006174159049987793,1.0
740,0.7655592655855924,12.959979676932269,12.582715812038971,0.0061913013458251955,0.95
741,0.7438823591620767,15.97259562934813,15.97259562934813,0.006132745742797851,1.0
742,0.7299929754913035,11.655103712764785,11.655103712764785,0.006153702735900879,1.0
743,0.6924208066316797,17.355883807050553,17.355883807050553,0.0062220096588134766,1.0
744,0.7183311350129141,15.085460468313102,15.085460468313102,0.006210505962371826,1.0
745,0.6739421349895872,17.853682442524367,17.853682442524367,0.00624006986618042,1.0
746,0.6968536886823962,15.788539232192324,15.788539232192324,0.006264102458953857,1.0
747,0.7524141783731746,13.500109553404863,13.500109553404863,0.006195127964019775,1.0
748,0.7320263188221945,16.19768718982764,16.19768718982764,0.0062122344970703125,1.0
749,0.7033145059384435,16.903389466937,16.12213171682934,0.006208336353302002,0.95
750,0.7489407646074631,14.478711796563633,13.485812152778031,0.00610194206237793,0.95
751,0.7406331967775639,13.56739035371553,13.56739035371553,0.006182718276977539,1.0
752,0.7270859192263512,15.772569710444964,15.772569710444964,0.006232452392578125,1.0
753,0.7473114172686998,13.140366158476601,13.140366158476601,0.00618962049484253,1.0
754,0.7132404299951569,14.627907112188273,14.627907112188273,0.006177270412445068,1.0
755,0.6893633431271434,16.342898181905692,16.342898181905692,0.006190311908721924,1.0
756,0.7038286992946631,15.651383059223155,15.651383059223155,0.006195235252380371,1.0
757,0.7659706693194593,12.72730779229573,12.72730779229573,0.006232738494873047,1.0
758,0.7468241427193119,15.25685176743514,15.25685176743514,0.006235694885253907,1.0
759,0.6924949462031104,17.474067314806934,16.799015681987072,0.006234109401702881,0.95
760,0.7484304741263704,14.741580071583238,14.741580071583238,0.006195545196533203,1.0
761,0.7233811364897942,15.415633484365753,14.505647143030076,0.006233096122741699,0.95
762,0.6792387900654876,17.742571575546442,17.742571575546442,0.006274294853210449,1.0
763,0.7354884434075039,14.832456465921373,14.832456465921373,0.0061261534690856935,1.0
764,0.744950857291618,16.295572658962833,15.448659500363677,0.0062094926834106445,0.95
765,0.7177355179236738,16.34438408396593,15.553342929579093,0.006215691566467285,0.95
766,0.7162548091576194,17.1196488989746,16.779280465006483,0.006180119514465332,0.95
767,0.7255513470848876,15.115298094796348,14.252164748899304,0.006202995777130127,0.95
768,0.683461260745619,17.07165077780435,16.07016221954985,0.006127297878265381,0.95
769,0.6924155780753342,17.181736600957745,16.305328608509274,0.006190299987792969,0.95
770,0.721165883349038,15.537914830097304,15.26906353710415,0.00620650053024292,0.95
771,0.712363817463654,14.466091159058067,14.466091159058067,0.006206583976745605,1.0
772,0.6742033194234222,15.887946951500235,15.887946951500235,0.006190979480743408,1.0
773,0.7301191384454438,14.861129417646614,14.861129417646614,0.006169354915618897,1.0
774,0.6722679576630475,18.05435698914085,18.05435698914085,0.006247711181640625,1.0
775,0.7252497168755956,14.570667064698501,14.570667064698501,0.006151366233825684,1.0
776,0.738629741510028,16.060083634236648,16.060083634236648,0.0062048077583312985,1.0
777,0.6840777228757452,17.71897598010912,16.81905563466437,0.0062029480934143065,0.95
778,0.7376462263875917,14.170707676426044,14.170707676426044,0.0063729524612426754,1.0
779,0.7223503184111595,15.46554947002125,15.46554947002125,0.006154680252075195,1.0
780,0.7020419010484479,16.21184452310365,16.21184452310365,0.006170356273651123,1.0
781,0.6841628778119532,16.343635668592857,16.343635668592857,0.006242740154266358,1.0
782,0.6556360825164955,17.64411487950475,16.800222056665046,0.006294608116149902,0.95
783,0.7081359162141398,16.37371746148187,16.37371746148187,0.006212186813354492,1.0
784,0.7132489912878495,14.91446025817011,14.91446025817011,0.006143522262573242,1.0
785,0.6664410166405358,16.224586286927337,16.224586286927337,0.006123602390289307,1.0
786,0.7025178114886643,15.963146864978995,15.963146864978995,0.006149601936340332,1.0
787,0.6730043163054005,17.443861444350635,16.760879178976197,0.00614619255065918,0.95
788,0.7253426895597042,16.377006173345997,16.377006173345997,0.006140792369842529,1.0
789,0.6744973396938274,17.0404294459342,16.121792721004063,0.006151819229125976,0.95
790,0.7467931871717646,14.054640867655815,12.59162731539079,0.006236386299133301,0.95
791,0.7504911050568345,13.882075402405572,13.882075402405572,0.006249821186065674,1.0
792,0.7222543009550451,13.784928517109005,13.784928517109005,0.006143712997436523,1.0
793,0.7048241589171399,17.232975492025812,17.232975492025812,0.006146907806396484,1.0
794,0.7032301107301774,17.962808436630773,16.806572017337636,0.006210589408874511,0.9
795,0.7083865905971607,16.316483484383774,16.316483484383774,0.00615694522857666,1.0
796,0.6937770746820422,15.08655240148386,15.08655240148386,0.006146240234375,1.0
797,0.69541666119222,14.243615138619282,14.243615138619282,0.006168389320373535,1.0
798,0.7034072243946746,15.480765588417148,15.480765588417148,0.006294929981231689,1.0
799,0.7531134793328509,15.03685295225593,15.03685295225593,0.006244242191314697,1.0
800,0.7166943317059216,16.35414588751316,15.536208296500106,0.006195175647735596,0.95
801,0.62878943277546,18.1664744349805,17.153913483490197,0.006182730197906494,0.95
802,0.7212990976111427,15.813838872928702,15.813838872928702,0.006193971633911133,1.0
803,0.782861542581918,14.95352680065923,14.95352680065923,0.0061585426330566405,1.0
804,0.7138033256821356,15.770133239057788,15.770133239057788,0.006201410293579101,1.0
805,0.6837562371342238,16.490825714073253,16.490825714073253,0.00623244047164917,1.0
806,0.741698888044775,13.149701467510166,13.149701467510166,0.00617600679397583,1.0
807,0.713509018811608,14.614107092057841,14.614107092057841,0.006148207187652588,1.0
808,0.7054154769562033,15.101924873292552,15.101924873292552,0.006185662746429443,1.0
809,0.6815344859284724,17.11371181411281,17.11371181411281,0.0062244653701782225,1.0
810,0.7193813863535611,18.07358974705034,18.07358974705034,0.0061947345733642575,1.0
811,0.731093597892525,14.577991827375294,14.577991827375294,0.006163883209228516,1.0
812,0.7114130540077495,13.430119489182701,13.430119489182701,0.006210434436798096,1.0
813,0.7160937374520754,13.877899099636357,13.877899099636357,0.006227719783782959,1.0
814,0.759090333414455,13.051690121435223,13.051690121435223,0.006123578548431397,1.0
815,0.7205243142984965,16.0375734934996,16.0375734934996,0.0061253666877746586,1.0
816,0.688174374846667,16.43505502392411,16.43505502392411,0.006127262115478515,1.0
817,0.674380089809113,15.678006615839305,15.678006615839305,0.006157338619232178,1.0
818,0.697591383037306,13.9113463865911,13.9113463865911,0.006162190437316894,1.0
819,0.7329439203659532,14.057339069579195,14.057339069579195,0.006153690814971924,1.0
820,0.7630017691020751,14.50278697517077,14.103352210387072,0.006179547309875489,0.95
821,0.7244804896772394,15.289723996246247,14.399169815633067,0.006138122081756592,0.95
822,0.7292638739974235,13.425112123078282,13.425112123078282,0.006179904937744141,1.0
823,0.6859797144205647,13.991364595780519,13.991364595780519,0.006095623970031739,1.0
824,0.7186701888011365,14.364846945163313,13.702074537368437,0.006156635284423828,0.9
825,0.6820436490895183,17.73955752628538,16.971836326904914,0.006250894069671631,0.95
826,0.6914202541219041,16.000884917283962,16.000884917283962,0.006152009963989258,1.0
827,0.7389440368392851,13.599527123693596,13.599527123693596,0.006193351745605469,1.0
828,0.754822000031628,12.7951103390141,12.7951103390141,0.006212115287780762,1.0
829,0.6589471134263734,17.098016437092948,15.762414722478411,0.006186532974243164,0.95
830,0.7368797268026626,12.919473818413167,12.919473818413167,0.006251966953277588,1.0
831,0.7193164376957413,12.796586760049253,12.796586760049253,0.006190025806427002,1.0
832,0.7403149255648354,11.785500903057493,11.785500903057493,0.006152915954589844,1.0
833,0.744487053286286,14.005374486793588,14.005374486793588,0.006169521808624267,1.0
834,0.7330811052895542,14.026138714719536,14.026138714719536,0.006136000156402588,1.0
835,0.7179248516088246,15.402786756447503,14.813290591268247,0.006190204620361328,0.95
836,0.7340400609859432,13.615172716087887,13.615172716087887,0.006226038932800293,1.0
837,0.7241753051011569,14.156626371933882,13.77023506247792,0.006189215183258057,0.95
838,0.6876126072428301,16.495871708913043,15.53868581926883,0.006232249736785889,0.95
839,0.7502778866863379,13.96102191893535,12.540884367591646,0.006146931648254394,0.9
840,0.7317473652946107,14.289507820647685,14.289507820647685,0.006127309799194336,1.0
841,0.7332731422872183,15.825602235772333,15.825602235772333,0.006144905090332031,1.0
842,0.7029657102358301,14.298376064664092,14.298376064664092,0.006247997283935547,1.0
843,0.7209811187803004,15.780001396581877,15.780001396581877,0.0061272263526916506,1.0
844,0.6798302886467695,15.904202257002714,15.904202257002714,0.006164824962615967,1.0
845,0.7273328398995649,15.90757585242647,15.90757585242647,0.00615466833114624,1.0
846,0.7015765936158898,15.753885303304514,15.753885303304514,0.006244945526123047,1.0
847,0.6882044813569589,14.904745912244863,14.904745912244863,0.006191277503967285,1.0
848,0.7008750765357197,14.770644472110584,14.770644472110584,0.006290555000305176,1.0
849,0.6866495441287508,14.009976107602991,14.009976107602991,0.006220459938049316,1.0
850,0.7261360839256191,17.172848446329887,16.250383851931794,0.006220531463623047,0.95
851,0.7134776722055767,16.495401416249226,16.495401416249226,0.006197404861450195,1.0
852,0.7407438489284596,13.487402609858554,13.487402609858554,0.006137967109680176,1.0
853,0.7412695744130463,13.344669446289936,13.344669446289936,0.006079912185668945,1.0
854,0.7312428765264691,14.404922024491075,14.404922024491075,0.0061934471130371095,1.0
855,0.7155956754451334,15.645305796317547,15.645305796317547,0.0061707615852355955,1.0
856,0.6724453144222332,17.410228591115096,15.774509897298202,0.0061432838439941405,0.9
857,0.7350105201505986,13.194285179496223,13.194285179496223,0.006257569789886475,1.0
858,0.7069465322029163,14.634256203541119,14.634256203541119,0.006289565563201904,1.0
859,0.6830373398802612,15.14125945632583,15.14125945632583,0.0062628030776977536,1.0
860,0.6901369261446413,16.423821534768468,15.571518280476903,0.006178152561187744,0.95
861,0.7604433493249856,14.350458384433972,14.350458384433972,0.006212389469146729,1.0
862,0.7221341328597746,14.928298240834238,14.928298240834238,0.006148505210876465,1.0
863,0.7490234996091688,14.50032067337455,14.50032067337455,0.006185102462768555,1.0
864,0.6909832245296996,16.290553300308062,15.538532108246581,0.006185269355773926,0.9
865,0.6902897608463716,16.109624865082548,16.109624865082548,0.006181883811950684,1.0
866,0.7215520392117201,15.754978995462064,15.754978995462064,0.0062157511711120605,1.0
867,0.6978551573338917,15.910976636008149,15.910976636008149,0.006251108646392822,1.0
868,0.7478090020014523,14.910528546038393,14.910528546038393,0.006192064285278321,1.0
869,0.7163942160851028,13.77293865371285,13.77293865371285,0.006191921234130859,1.0
870,0.6833640729056224,14.749186947678904,14.749186947678904,0.0062286376953125,1.0
871,0.7413005839785054,13.152647754782901,13.152647754782901,0.00615241527557373,1.0
872,0.707387238314347,14.675108641529274,14.675108641529274,0.006130361557006836,1.0
873,0.7090410161442408,14.434484022735443,14.434484022735443,0.006126606464385986,1.0
874,0.7496928939348435,15.385605478283107,15.087792978338,0.006148278713226318,0.95
875,0.6907244381020526,17.244587964147538,17.244587964147538,0.006168508529663086,1.0
876,0.737228347515665,14.727550739723702,14.727550739723702,0.006208348274230957,1.0
877,0.7103246473146377,17.040082938035745,17.040082938035745,0.00617295503616333,1.0
878,0.7114502017201809,16.70655288465908,16.70655288465908,0.006232297420501709,1.0
879,0.7252844040490334,14.433404408706423,14.433404408706423,0.006181526184082031,1.0
880,0.6853797288740261,14.138837176585122,14.138837176585122,0.0061916947364807125,1.0
881,0.744132890388035,12.301268194816867,12.301268194816867,0.006181371212005615,1.0
882,0.702919869320103,15.948109485913061,15.207509724787533,0.006115901470184326,0.95
883,0.7174719392376911,16.186653692983747,15.374477437478998,0.006179618835449219,0.95
884,0.7384500159393166,14.196137244814636,14.196137244814636,0.006160867214202881,1.0
885,0.7157277874157975,15.584957011107079,15.584957011107079,0.0061677336692810055,1.0
886,0.7604379921058841,14.54578956050916,14.54578956050916,0.006155943870544434,1.0
887,0.7008082024429148,16.63515044081659,16.63515044081659,0.006205356121063233,1.0
888,0.6712766187325958,16.487835181014432,16.283956167732516,0.006180524826049805,0.95
889,0.7057937095029757,16.726411762791013,16.726411762791013,0.0061627388000488285,1.0
890,0.7382118144225742,12.466325437425255,12.056166897745635,0.006147313117980957,0.95
891,0.725179475972889,13.48693418180431,12.482281626683086,0.006130969524383545,0.95
892,0.7191618787316074,16.429005772871157,16.429005772871157,0.0061702728271484375,1.0
893,0.6931013921958186,17.199439171013047,17.199439171013047,0.006378567218780518,1.0
894,0.6704773281318821,17.65353584628178,16.941156890605793,0.006215596199035644,0.95
895,0.6837259804384151,14.680129485424596,14.680129485424596,0.006186282634735108,1.0
896,0.7437162051328625,12.255320006511905,12.255320006511905,0.0061526656150817875,1.0
897,0.699135453556489,13.419317783742278,13.419317783742278,0.0061957001686096195,1.0
898,0.6913289010592997,15.626591579005938,15.626591579005938,0.006230318546295166,1.0
899,0.7246993880179573,16.4286587674438,16.4286587674438,0.006198477745056152,1.0
900,0.6841191059165221,18.409630256284178,16.422611109467653,0.006229019165039063,0.9
901,0.7525319062238256,14.818847694795583,14.004790660473612,0.006174981594085693,0.95
902,0.700382498468582,16.157028279200613,16.157028279200613,0.006182873249053955,1.0
903,0.6960396046829203,16.411498285841972,16.411498285841972,0.006157732009887696,1.0
904,0.7567853714754438,15.429940856775039,15.429940856775039,0.00613628625869751,1.0
905,0.672796465445486,18.233573511874063,18.233573511874063,0.006191051006317139,1.0
906,0.6807319883725282,13.872775487004319,13.872775487004319,0.0062520384788513185,1.0
907,0.7172617534998771,15.083170172843287,15.083170172843287,0.006177389621734619,1.0
908,0.6527803939418392,18.475010208104056,18.475010208104056,0.006176352500915527,1.0
909,0.7164645936690044,16.254199273147663,15.758123855996898,0.006266283988952637,0.95
910,0.7152307378517699,15.569459482983216,15.569459482983216,0.006219649314880371,1.0
911,0.744529425332907,13.78836994001162,13.78836994001162,0.006128966808319092,1.0
912,0.6665548749331222,15.759733907544938,15.759733907544938,0.0061197042465209964,1.0
913,0.672664565049401,15.82496168072937,15.04797870276862,0.006135177612304687,0.95
914,0.7237684231018965,14.733312482456322,14.733312482456322,0.0061817169189453125,1.0
915,0.6829874434925051,14.886709961918928,14.886709961918928,0.006162965297698974,1.0
916,0.6978213950614541,15.36810737176375,15.36810737176375,0.006173825263977051,1.0
917,0.6832955283364186,16.651604828162466,15.814813135055697,0.006247866153717041,0.95
918,0.6969512737622332,14.172941142326351,14.172941142326351,0.006140100955963135,1.0
919,0.6963511154670761,14.609128897336902,14.609128897336902,0.006196284294128418,1.0
920,0.6960938515406616,15.811048884511246,14.886241698618377,0.0061737895011901855,0.95
921,0.6461226689448065,16.860446336216928,16.860446336216928,0.006217288970947266,1.0
922,0.7374191893985399,12.800062932364238,12.800062932364238,0.0062144875526428224,1.0
923,0.7210447407283167,13.758035950153111,13.758035950153111,0.006192541122436524,1.0
924,0.7279904686683597,13.47019897103481,13.47019897103481,0.006188726425170899,1.0
925,0.6891039821575246,16.366861770174467,16.366861770174467,0.00621870756149292,1.0
926,0.7438132172784556,14.372441765572287,14.372441765572287,0.006180703639984131,1.0
927,0.7261900228714844,17.55570857661339,16.785846925785002,0.006131219863891602,0.95
928,0.6876698378847388,15.724493833152943,14.835609614778098,0.006121146678924561,0.95
929,0.7252721620366878,14.364144390559227,14.364144390559227,0.006139528751373291,1.0
930,0.6407662912004146,18.51972182009313,16.478739769656404,0.006192755699157715,0.9
931,0.7472173643187567,15.233593404994963,15.233593404994963,0.006226170063018799,1.0
932,0.7459084587986708,13.73767235205354,13.73767235205354,0.006286013126373291,1.0
933,0.6971053307054939,13.966289258566459,13.966289258566459,0.006285393238067627,1.0
934,0.730823465746584,14.0615755204696,13.155676205312679,0.006207430362701416,0.95
935,0.754483216201466,13.052769993284466,13.052769993284466,0.0061853289604187015,1.0
936,0.7187429973334922,15.802877197005895,14.62636238885444,0.006162428855895996,0.95
937,0.7629968464748285,15.377914820631426,14.582094701938011,0.0061421990394592285,0.95
938,0.7184994466983328,17.388045851178234,16.647592028873163,0.006129086017608643,0.95
939,0.7164112976894781,15.274588445946723,15.274588445946723,0.006198883056640625,1.0
940,0.7079650666482785,17.016261818432067,16.808624634276054,0.006191432476043701,0.95
941,0.7655095068915881,14.837782505588489,14.837782505588489,0.00617973804473877,1.0
942,0.680467337253162,15.655837530572626,15.655837530572626,0.006181585788726807,1.0
943,0.7337707551303987,15.563749135630957,15.563749135630957,0.006216299533843994,1.0
944,0.763027569667565,13.727391111551032,13.727391111551032,0.0061891436576843265,1.0
945,0.7142197785503348,14.514464441951674,14.514464441951674,0.006197404861450195,1.0
946,0.7324043103388865,14.42404916324035,14.42404916324035,0.0061603903770446776,1.0
947,0.7036963504110785,15.399950469156982,15.399950469156982,0.006170916557312012,1.0
948,0.689548473857512,16.419532796464342,15.182647294169957,0.006181240081787109,0.95
949,0.7066129596739705,14.768042983069458,14.768042983069458,0.006224918365478516,1.0
950,0.721100475782419,13.991064577707812,13.991064577707812,0.006192445755004883,1.0
951,0.6845780908986862,14.22013724750185,14.22013724750185,0.006269347667694092,1.0
952,0.7068150433548365,14.30044906448208,14.30044906448208,0.006144237518310547,1.0
953,0.7229172421066264,15.284390314885542,15.284390314885542,0.0061833858489990234,1.0
954,0.7569560218076884,13.958131864722432,13.958131864722432,0.006147050857543945,1.0
955,0.7465775679529841,15.309582089063133,15.309582089063133,0.006132352352142334,1.0
956,0.7994813343948587,13.171617876547236,12.245871081331117,0.00615917444229126,0.95
957,0.6732246541661799,16.169968276963438,16.169968276963438,0.006174790859222412,1.0
958,0.7067765219687315,16.547396307222503,16.547396307222503,0.0061503171920776365,1.0
959,0.6847475096627319,16.488047551525586,14.92798347186316,0.006158959865570068,0.95
960,0.7088799178718315,15.665909448302525,14.540981610889935,0.006150352954864502,0.95
961,0.7314188034682483,13.925192270223373,13.925192270223373,0.00620354413986206,1.0
962,0.7059785983785942,14.979409103396298,14.979409103396298,0.006159734725952148,1.0
963,0.6389671929509474,15.966433138206051,15.966433138206051,0.006147611141204834,1.0
964,0.7238866121247847,14.558674215873603,14.558674215873603,0.0061348676681518555,1.0
965,0.6844967415843308,16.521526000260025,14.148998262100283,0.006212997436523438,0.85
966,0.7193448124343031,16.466315856366673,15.592692142329584,0.00617215633392334,0.95
967,0.7156776350907383,16.793504669548344,14.858544576360664,0.006188666820526123,0.9
968,0.6825276152436809,16.667970453681562,15.962856538612629,0.006191349029541016,0.95
969,0.6993903932986094,15.363393272554706,15.363393272554706,0.006242144107818604,1.0
970,0.7261012808064253,16.095727729101363,16.095727729101363,0.006195735931396484,1.0
971,0.7366421054344967,12.835015131034314,12.835015131034314,0.006205809116363525,1.0
972,0.6892352540670847,16.986919746531747,14.728106433278228,0.006142866611480713,0.85
973,0.7327981214003809,16.775978918627548,15.785224330891761,0.006128931045532226,0.9
974,0.7104667544762929,16.015139008800492,14.892486140022719,0.006146979331970215,0.9
975,0.6980504571734777,17.63421183335645,17.63421183335645,0.006190347671508789,1.0
976,0.7261515633489523,14.503573828462446,14.503573828462446,0.00613250732421875,1.0
977,0.7465927881683077,13.229645454060702,13.229645454060702,0.006254637241363525,1.0
978,0.7502345932002016,14.172463401992633,14.172463401992633,0.006230294704437256,1.0
979,0.7125758461986864,15.298169925938335,14.938121962303127,0.006243717670440674,0.95
980,0.7056410822411616,15.02794562286896,15.02794562286896,0.006275987625122071,1.0
981,0.6510897322325598,19.076263566526027,18.48453497949157,0.006189286708831787,0.95
982,0.7156208243160039,15.840337485489206,15.840337485489206,0.00616765022277832,1.0
983,0.7274657772034001,13.721024916333132,13.721024916333132,0.006261801719665528,1.0
984,0.6963973808632785,15.567180754740113,14.912785874154197,0.006139707565307617,0.95
985,0.6883122872557982,15.241752153015554,15.241752153015554,0.006140697002410889,1.0
986,0.7201966384107021,14.204564998826893,14.204564998826893,0.006171309947967529,1.0
987,0.6863191709201213,18.60937273733256,17.69791986744462,0.006167948246002197,0.9
988,0.6920148019032433,16.96774476572416,16.19529875466552,0.0061560869216918945,0.95
989,0.7069482893095483,16.010085932536903,16.010085932536903,0.0062174201011657715,1.0
990,0.6674568924670401,16.323027382511974,16.323027382511974,0.006212472915649414,1.0
991,0.6924131739301284,15.821946560178315,15.821946560178315,0.006185364723205566,1.0
992,0.7248525659096641,14.620635491185629,14.620635491185629,0.006166446208953858,1.0
993,0.7153220629535938,16.252039436674487,15.013479152061757,0.006145632266998291,0.95
994,0.6439967934612192,17.019015745419704,16.789817622828664,0.006085729598999024,0.95
995,0.7197836741808343,13.877271656717019,13.877271656717019,0.006220054626464844,1.0
996,0.7189365620328128,14.72311003889838,14.72311003889838,0.006139433383941651,1.0
997,0.7082049703931299,15.125297742540505,14.07686730559538,0.006119430065155029,0.95
998,0.7144796381113828,16.57946288703987,15.57375636202105,0.006166470050811767,0.95
999,0.6874177172674554,15.195562931324407,14.042064408329509,0.0061980485916137695,0.95
1000,0.7476620096198088,12.654719511703181,12.257099658567906,0.006193268299102783,0.95
1001,0.7432152707982425,14.513004522085108,14.513004522085108,0.006127500534057617,1.0
1002,0.7514553337723308,13.670030176880157,13.670030176880157,0.006179499626159668,1.0
1003,0.7428587228934054,14.146104808470318,14.146104808470318,0.006159090995788574,1.0
1004,0.756059059387231,15.36364582078688,14.542095391370053,0.00619117021560669,0.95
1005,0.6877152815169029,16.813614474466753,16.813614474466753,0.006235897541046143,1.0
1006,0.7110983667645588,15.387715207421857,15.387715207421857,0.0061806321144104006,1.0
1007,0.7248308005157602,14.507838720154183,14.507838720154183,0.00624159574508667,1.0
1008,0.7560703301441891,12.424266366423755,12.424266366423755,0.006444001197814941,1.0
1009,0.7208290837024525,15.847145914612724,15.847145914612724,0.006185972690582275,1.0
1010,0.7308456168221666,14.393716062595422,14.393716062595422,0.006155657768249512,1.0
1011,0.7421284330265597,14.791693723332514,14.791693723332514,0.006107223033905029,1.0
1012,0.7038065364683584,15.814591943687788,15.814591943687788,0.006147611141204834,1.0
1013,0.6978930357169009,17.423408578204494,17.423408578204494,0.006151902675628662,1.0
1014,0.6984951393084018,17.131339788467653,17.131339788467653,0.006170547008514405,1.0
1015,0.6854262448116274,16.225202937502964,15.37842332312728,0.006142532825469971,0.95
1016,0.6992323338109298,15.282376439986606,15.282376439986606,0.006191730499267578,1.0
1017,0.666762072166554,17.63653704364807,17.63653704364807,0.00622333288192749,1.0
1018,0.7842171608223338,14.313744809603282,14.313744809603282,0.006205260753631592,1.0
1019,0.7696050918243389,11.987277155077571,11.987277155077571,0.006280386447906494,1.0
1020,0.7016571146757088,14.713832268032444,14.713832268032444,0.006253361701965332,1.0
1021,0.7336053447937383,13.84794860414642,13.84794860414642,0.006198239326477051,1.0
1022,0.7065228876169869,14.983193172878355,14.983193172878355,0.0061100244522094725,1.0
1023,0.7238033597686016,15.645620680017487,14.78876426460403,0.006094002723693847,0.95
1024,0.7358720919534985,16.390378582431953,16.390378582431953,0.00616382360458374,1.0
1025,0.7307681354002118,13.081965260025234,13.081965260025234,0.006104159355163574,1.0
1026,0.7189984520096296,16.362439607213677,15.635121057972636,0.0061503171920776365,0.95
1027,0.696760540681778,19.056712583307863,17.954401831374838,0.006157541275024414,0.9
1028,0.686846339738149,16.95055589261486,16.95055589261486,0.006108498573303223,1.0
1029,0.7190468170719607,15.432520389091508,14.57950724624984,0.006083333492279052,0.95
1030,0.7274581711417586,14.010752853181533,14.010752853181533,0.00622628927230835,1.0
1031,0.6612131446504639,18.032658167644264,18.032658167644264,0.006223046779632568,1.0
1032,0.6647688204002974,18.425056388563657,18.425056388563657,0.006157386302947998,1.0
1033,0.7334905104391658,15.375742248439598,15.375742248439598,0.006138265132904053,1.0
1034,0.7439144707639804,14.903602271583114,14.5253179147372,0.006229662895202636,0.95
1035,0.7471219549313787,13.153862774515451,13.153862774515451,0.00616142749786377,1.0
1036,0.6952528194876363,17.10896774414832,14.975704428488067,0.0061007261276245115,0.9
1037,0.7179951393123452,14.763859666742107,14.763859666742107,0.006104695796966553,1.0
1038,0.7370428074176336,14.248406854505607,14.248406854505607,0.006097531318664551,1.0
1039,0.7063286517739719,14.797610205570024,14.797610205570024,0.006161284446716308,1.0
1040,0.7166981079443431,15.445100669267529,15.445100669267529,0.0061327099800109865,1.0
1041,0.7159133580391982,15.467677000388102,15.467677000388102,0.006153774261474609,1.0
1042,0.7354114610839609,14.604644241722237,14.604644241722237,0.006133997440338134,1.0
1043,0.6750048809916345,15.167615654589827,14.336742630965249,0.006182968616485596,0.95
1044,0.7181666031437953,14.728059318993406,14.728059318993406,0.006158792972564697,1.0
1045,0.7072698315839816,18.245326980234108,18.245326980234108,0.006133270263671875,1.0
1046,0.7062827219210538,16.89364652717422,16.89364652717422,0.0061992287635803224,1.0
1047,0.7518907845340701,15.490211315640485,15.490211315640485,0.006185746192932129,1.0
1048,0.7562084593413744,14.618700785976063,13.476592701224673,0.006160593032836914,0.95
1049,0.703858606977817,15.740628907331025,15.740628907331025,0.006195354461669922,1.0
1050,0.7437557921992568,14.51429726503624,14.51429726503624,0.006105530261993408,1.0
1051,0.740298877766244,14.932916214563372,14.932916214563372,0.006215035915374756,1.0
1052,0.7173028653950935,15.450338264950085,15.450338264950085,0.006126487255096435,1.0
1053,0.6917162033408152,14.178781819776358,14.178781819776358,0.006152057647705078,1.0
1054,0.6873508373249797,13.845549994443392,13.845549994443392,0.00623016357421875,1.0
1055,0.7223851436882146,13.538287127558329,13.538287127558329,0.0062444090843200685,1.0
1056,0.6866753794416945,17.66458515193509,16.844386997519884,0.00613107681274414,0.95
1057,0.7289525377404372,15.078065792787665,15.078065792787665,0.0062075495719909664,1.0
1058,0.7044724532762776,13.580926370863093,13.580926370863093,0.006105554103851318,1.0
1059,0.6669630528903764,17.56878326968291,16.476188491009633,0.006139242649078369,0.95
1060,0.6830618691384374,18.44173260515031,18.44173260515031,0.006133472919464112,1.0
1061,0.6927701320834765,17.658203021721967,16.312059467885476,0.006101548671722412,0.95
1062,0.7373230265183552,14.25324816160583,14.25324816160583,0.006158685684204102,1.0
1063,0.7604826449402455,16.35574903206479,16.35574903206479,0.006170547008514405,1.0
1064,0.6908793432455189,17.674741545739757,17.674741545739757,0.006148433685302735,1.0
1065,0.6810269927397392,19.120246005463166,19.120246005463166,0.006184768676757812,1.0
1066,0.7312122299757673,14.767186534988946,14.767186534988946,0.00620582103729248,1.0
1067,0.7119896669925811,14.647680359705479,14.647680359705479,0.00614771842956543,1.0
1068,0.7179064044889668,15.15287843039429,14.251775860943168,0.006145870685577393,0.95
1069,0.6821779829449265,16.926072696334707,16.926072696334707,0.006105208396911621,1.0
1070,0.7489407290579202,16.266069773796197,15.3549630893241,0.006105983257293701,0.95
1071,0.73901750472712,15.437566997709146,15.437566997709146,0.0061424970626831055,1.0
1072,0.7013946675486993,17.77008012082,17.77008012082,0.0061380982398986815,1.0
1073,0.7357566382426441,13.090685979172651,13.090685979172651,0.006117105484008789,1.0
1074,0.7309594815455253,14.050959775010677,14.050959775010677,0.006163215637207032,1.0
1075,0.73865730953528,15.624200588099646,15.624200588099646,0.00617825984954834,1.0
1076,0.704819219963472,15.839348612398453,13.926910891198084,0.006189298629760742,0.9
1077,0.7004150594664417,16.403925582226837,16.403925582226837,0.0061106085777282715,1.0
1078,0.6686265158880313,15.632456987183605,15.632456987183605,0.006130671501159668,1.0
1079,0.6936933569125263,16.653139523742343,16.653139523742343,0.006147623062133789,1.0
1080,0.7274195286381172,13.793699556574712,13.793699556574712,0.006174278259277344,1.0
1081,0.7061426012226013,18.490447119672638,18.490447119672638,0.006145858764648437,1.0
1082,0.6814768814210037,18.453798079361626,17.79277320626855,0.006110954284667969,0.95
1083,0.7336554491600313,15.387787816291569,15.387787816291569,0.006094992160797119,1.0
1084,0.7267877032245618,14.328177556347587,14.328177556347587,0.006165909767150879,1.0
1085,0.7288813055727734,16.796277228111347,16.066634995498166,0.006108057498931885,0.95
1086,0.737557970551123,14.466431266362893,14.466431266362893,0.006116807460784912,1.0
1087,0.7088073085472973,14.004088621062158,14.004088621062158,0.006092107295989991,1.0
1088,0.7225057108329376,15.30459649951554,15.30459649951554,0.006142282485961914,1.0
1089,0.7319964917030535,14.464650678123643,14.464650678123643,0.006210517883300781,1.0
1090,0.760926403444943,12.256630707059653,12.256630707059653,0.006163311004638672,1.0
1091,0.7278712186877027,15.169160697751341,15.169160697751341,0.0062097907066345215,1.0
1092,0.730731716391215,14.730395725019369,14.730395725019369,0.006203246116638183,1.0
1093,0.7244345821476587,15.233515309221087,14.12896806156861,0.006151795387268066,0.95
1094,0.7223459096395313,16.598602195678776,15.470011678633446,0.006119680404663086,0.95
1095,0.7388432787620698,14.041208584576117,14.041208584576117,0.006156158447265625,1.0
1096,0.7513331991151997,13.356542863146766,12.41966224889093,0.00620269775390625,0.95
1097,0.7276149650190733,13.652006353553636,13.652006353553636,0.006232929229736328,1.0
1098,0.7053824322497417,14.956501901223026,14.956501901223026,0.006179356575012207,1.0
1099,0.6652672170565556,16.915294578185517,16.915294578185517,0.006226527690887451,1.0
1100,0.7395395163693108,15.32325813799055,15.32325813799055,0.006208288669586182,1.0
1101,0.7228163004643198,14.832384302513375,14.832384302513375,0.006254184246063233,1.0
1102,0.6847839974864436,15.597027043086623,15.597027043086623,0.006232643127441406,1.0
1103,0.7265091898015832,13.993126622937023,13.993126622937023,0.006224405765533447,1.0
1104,0.7178100975688106,14.9954187341421,14.9954187341421,0.0061774015426635746,1.0
1105,0.7254210195788168,16.51289056349517,16.51289056349517,0.006291341781616211,1.0
1106,0.6581615157792509,17.730083977160184,16.988334722855015,0.006244635581970215,0.95
1107,0.7685906521655791,13.641034416568491,13.641034416568491,0.006183588504791259,1.0
1108,0.709585138623442,16.01437414889866,16.01437414889866,0.006227517127990722,1.0
1109,0.6990134613518089,13.936474914134356,13.936474914134356,0.006260561943054199,1.0
1110,0.7365970896183149,14.585987683864692,14.585987683864692,0.0062415838241577145,1.0
1111,0.706398471377449,16.00941874985671,15.22316480805165,0.006286525726318359,0.95
1112,0.7268874906147808,15.501574663754988,15.501574663754988,0.006264603137969971,1.0
1113,0.7673643891914623,15.863127782473182,15.863127782473182,0.00623711347579956,1.0
1114,0.6906177032388998,17.590244519047058,16.901517053152975,0.006192421913146973,0.95
1115,0.6895990395198595,14.765730988994886,14.765730988994886,0.006170296669006347,1.0
1116,0.7319188452121103,14.234043411176382,14.234043411176382,0.00613093376159668,1.0
1117,0.740333660111535,15.23690211716523,15.23690211716523,0.00612795352935791,1.0
1118,0.7190802914747201,14.745104427211794,14.745104427211794,0.0061864137649536135,1.0
1119,0.7045431591271938,15.7774642324989,15.7774642324989,0.0061654806137084964,1.0
1120,0.7072679243449279,16.38969400399927,16.38969400399927,0.006185722351074219,1.0
1121,0.7211729939233072,17.647042441129262,17.647042441129262,0.006179380416870117,1.0
1122,0.7191054768159219,14.775452213531889,14.775452213531889,0.006189405918121338,1.0
1123,0.7000172934308686,16.225007303991326,15.43769411327715,0.006352567672729492,0.95
1124,0.7633157794162244,15.19259237042607,15.19259237042607,0.006210148334503174,1.0
1125,0.7052808360457711,15.07795136693191,15.07795136693191,0.006198489665985107,1.0
1126,0.7118264089482056,16.46592643776227,16.46592643776227,0.006177663803100586,1.0
1127,0.7086382729595048,16.18534459196135,15.278710066243326,0.006192910671234131,0.95
1128,0.7261032927029462,15.087769565913927,14.248695371018465,0.006244814395904541,0.95
1129,0.7044563709431744,15.706752943917147,15.706752943917147,0.006230998039245606,1.0
1130,0.7137043946972647,14.539822146468103,14.539822146468103,0.0061958074569702145,1.0
1131,0.7360785448801038,15.14360107897787,14.548866350957338,0.006167852878570556,0.95
1132,0.6926879156111599,17.210384591914792,17.210384591914792,0.006126141548156739,1.0
1133,0.743731687367023,16.270957215494114,16.270957215494114,0.00610421895980835,1.0
1134,0.6763950356232922,15.884328703131056,14.003625518134974,0.00616457462310791,0.9
1135,0.7214793938456809,15.413259976523587,15.413259976523587,0.006174612045288086,1.0
1136,0.6910268313481979,15.948124976835093,15.948124976835093,0.006163990497589112,1.0
1137,0.7119331246493051,14.837393251951838,14.837393251951838,0.006215572357177734,1.0
1138,0.731051526610291,16.067696695183322,16.067696695183322,0.006264126300811768,1.0
1139,0.7243166719643379,15.295422202250027,14.35832532551996,0.006154406070709229,0.95
1140,0.7362584854391819,14.75771116124153,14.75771116124153,0.0061037540435791016,1.0
1141,0.6820723383433493,18.607511961402782,17.99146036002627,0.006126618385314942,0.95
1142,0.7153209801978015,15.88506492666028,15.88506492666028,0.006110262870788574,1.0
1143,0.7091677665834863,14.19693799405402,14.19693799405402,0.0061795592308044435,1.0
1144,0.6740035840610688,15.733068166124662,15.733068166124662,0.006232118606567383,1.0
1145,0.7392443297683873,14.002894621071087,14.002894621071087,0.00631566047668457,1.0
1146,0.758464125675026,13.5199284477037,13.5199284477037,0.006222414970397949,1.0
1147,0.7309691858159267,14.59693988953932,14.59693988953932,0.006192803382873535,1.0
1148,0.6988360872639049,14.918983382085235,13.872223538286628,0.006176352500915527,0.95
1149,0.6568095260666438,18.514795358758256,17.854041067161695,0.006194758415222168,0.95
1150,0.71395232558653,14.450321131409225,14.450321131409225,0.006132054328918457,1.0
1151,0.6910462914242229,16.1151141797466,16.1151141797466,0.006168532371520996,1.0
1152,0.7059387386129555,16.754077178680838,16.754077178680838,0.006357443332672119,1.0
1153,0.6527615217279076,16.776806820716082,16.776806820716082,0.006095433235168457,1.0
1154,0.6871364681442345,14.55454948590327,14.19222363878718,0.006050384044647217,0.95
1155,0.6628279139137329,15.257188426304978,15.257188426304978,0.006148684024810791,1.0
1156,0.7141277430386189,14.550625481027163,14.550625481027163,0.006159782409667969,1.0
1157,0.7167460316358747,16.480291000453725,16.480291000453725,0.006146788597106934,1.0
1158,0.785445925941968,14.115927428851313,14.115927428851313,0.006164360046386719,1.0
1159,0.7467529681364672,13.612659814569195,13.612659814569195,0.00626380443572998,1.0
1160,0.6887205634703951,17.560194952055717,16.779637415680757,0.006265866756439209,0.95
1161,0.71855944039698,14.483896026252967,14.483896026252967,0.006152057647705078,1.0
1162,0.694065884594284,15.869460855820813,15.062837524732252,0.006147050857543945,0.95
1163,0.7265407460452985,16.118362564250795,16.118362564250795,0.0061528682708740234,1.0
1164,0.7284509317374542,13.354486982571823,13.354486982571823,0.006179332733154297,1.0
1165,0.7146876475563756,17.701734800347595,15.923617282828866,0.0061517834663391115,0.85
1166,0.714310950309373,16.042698932357382,16.042698932357382,0.006156611442565918,1.0
1167,0.7077058175736561,16.292084680922706,16.292084680922706,0.006189477443695068,1.0
1168,0.697819705999031,15.33757241085922,15.05456291456807,0.006215965747833252,0.95
1169,0.702397923322151,16.050682834935937,16.050682834935937,0.006240570545196533,1.0
1170,0.7235207343504308,14.985604922542063,14.985604922542063,0.006148576736450195,1.0
1171,0.740655778515788,13.413430334037551,13.413430334037551,0.006106126308441162,1.0
1172,0.6906237548420686,15.843361666227517,15.843361666227517,0.0061133384704589845,1.0
1173,0.7144631118377036,15.804506968587736,15.380338052435683,0.00613090991973877,0.95
1174,0.7215681288231138,15.676106616035392,15.676106616035392,0.006103682518005371,1.0
1175,0.7710445624887716,12.871772645439915,12.871772645439915,0.006198179721832275,1.0
1176,0.7464941058415993,13.461247288526408,13.461247288526408,0.006146001815795899,1.0
1177,0.7045642027018617,15.506667660084485,15.506667660084485,0.006199014186859131,1.0
1178,0.7054212842296244,13.32697312361418,13.32697312361418,0.006159162521362305,1.0
1179,0.7464514096220269,13.399720196319413,13.399720196319413,0.006140553951263427,1.0
1180,0.7482642365283859,12.855073753922506,12.855073753922506,0.006145298480987549,1.0
1181,0.72069671501016,16.05095107386702,16.05095107386702,0.006142723560333252,1.0
1182,0.7814739332176213,11.9477742146622,11.9477742146622,0.006115603446960449,1.0
1183,0.7054996132750619,16.4969732166209,14.56217387137773,0.006182575225830078,0.9
1184,0.7378212791192643,14.400249424627765,13.56412510456749,0.006120836734771729,0.95
1185,0.6828331351030011,16.67810417234755,16.67810417234755,0.006107115745544433,1.0
1186,0.6867288271739109,15.72062861620052,15.72062861620052,0.00616610050201416,1.0
1187,0.6957576842804907,16.140856284775275,16.140856284775275,0.006222391128540039,1.0
1188,0.7489992661777987,14.690387530240656,14.690387530240656,0.00607532262802124,1.0
1189,0.6644661465746717,16.88242370111916,16.88242370111916,0.006125545501708985,1.0
1190,0.705757450162186,15.076234965134407,15.076234965134407,0.006157374382019043,1.0
1191,0.7407990152941011,13.631797722216794,13.631797722216794,0.006181550025939941,1.0
1192,0.6859489238887198,17.28597264690678,17.28597264690678,0.0061635255813598635,1.0
1193,0.729221180170798,16.67813941086461,16.67813941086461,0.0061890482902526855,1.0
1194,0.7448567712640897,15.430023431616954,15.430023431616954,0.0061334967613220215,1.0
1195,0.7098194200412113,15.715309980243518,15.715309980243518,0.006199610233306885,1.0
1196,0.7124715014276264,13.905204782286626,12.565490883658626,0.0061560869216918945,0.95
1197,0.713469997391692,16.30973780235613,16.30973780235613,0.00615612268447876,1.0
1198,0.7139148628593996,14.35168202534586,14.35168202534586,0.006098425388336182,1.0
1199,0.6580729055900053,17.220249091218292,17.220249091218292,0.006169176101684571,1.0
1200,0.6484006268857025,18.261066959731895,18.261066959731895,0.006080639362335205,1.0
1201,0.6490765118894171,18.205260032455357,18.205260032455357,0.0061566710472106935,1.0
1202,0.7099092692354649,17.226276057023796,16.339355103993466,0.006100106239318848,0.95
1203,0.7084090584889849,15.995703402140695,15.995703402140695,0.006192326545715332,1.0
1204,0.6760163912533865,18.482573529752067,18.482573529752067,0.006169676780700684,1.0
1205,0.6769075301844539,18.39208942432854,18.39208942432854,0.006216692924499512,1.0
1206,0.6933523894928079,16.211992590337854,15.408313812659763,0.0062689542770385746,0.95
1207,0.6910537370685557,15.32177081490181,15.32177081490181,0.006199502944946289,1.0
1208,0.6864091072338238,15.72004728476892,15.485306007410935,0.006156754493713379,0.95
1209,0.7005069419637858,14.787344041091178,14.322362582814591,0.006115472316741944,0.95
1210,0.6912588282751903,17.80788159132094,17.80788159132094,0.0061272382736206055,1.0
1211,0.6898879060238323,17.321416808217542,15.813925086823534,0.006176745891571045,0.95
1212,0.6831665208421318,16.347960445099076,14.186059715341786,0.006165826320648193,0.9
1213,0.6938744104224012,16.645290209703937,16.645290209703937,0.006249129772186279,1.0
1214,0.6877847796271175,16.849118995222607,16.849118995222607,0.006230604648590088,1.0
1215,0.6973174935658609,14.134259227026202,14.134259227026202,0.006244075298309326,1.0
1216,0.6663543570978432,16.054657195326342,16.054657195326342,0.006138467788696289,1.0
1217,0.6732404798847724,16.395161936394352,15.910687049251422,0.006175816059112549,0.95
1218,0.716137995671019,15.600034855296723,15.600034855296723,0.006209146976470947,1.0
1219,0.7773379851997229,12.93686909460536,12.93686909460536,0.006207799911499024,1.0
1220,0.6409992572231814,18.304537666550434,18.304537666550434,0.0061735987663269045,1.0
1221,0.7265597229999345,14.136409344328182,14.136409344328182,0.006254971027374268,1.0
1222,0.7640469779162965,13.347489493366302,13.347489493366302,0.006205153465270996,1.0
1223,0.6914806477990079,15.50429340512764,15.50429340512764,0.006274199485778809,1.0
1224,0.7407334963752675,15.129375646221046,15.129375646221046,0.006289470195770264,1.0
1225,0.7135909132933379,15.56845774666527,14.749613814465187,0.006160664558410645,0.95
1226,0.7227304151549357,13.382117998168814,13.382117998168814,0.00613933801651001,1.0
1227,0.6828418334148249,16.745124161286906,16.745124161286906,0.006287503242492676,1.0
1228,0.7160732609420719,15.619253955982739,15.619253955982739,0.006206870079040527,1.0
1229,0.7430487185483328,15.22114096918684,13.332480739911517,0.006161141395568848,0.9
1230,0.7201478323981367,14.424770788912491,14.121607711398841,0.0061805486679077145,0.95
1231,0.6960599942604226,14.307220220511983,14.307220220511983,0.006209158897399902,1.0
1232,0.6961100243305999,16.047950605292396,16.047950605292396,0.006091165542602539,1.0
1233,0.7047575870084427,15.412988033445851,15.412988033445851,0.006089615821838379,1.0
1234,0.6748170414310759,17.374936279584567,16.594948422884148,0.006094419956207275,0.95
1235,0.7168776769352123,15.34054692021921,15.34054692021921,0.0061681270599365234,1.0
1236,0.6961038911688194,17.470134831506716,16.735861556980648,0.006139016151428223,0.95
1237,0.691127938399925,17.673263448168107,17.673263448168107,0.00614851713180542,1.0
1238,0.7351979196893088,15.144999302376544,15.144999302376544,0.0064145088195800785,1.0
1239,0.7289006341075585,15.196617577526052,15.196617577526052,0.006184196472167969,1.0
1240,0.6898420819670668,16.236806419905385,14.958160454524261,0.006177568435668945,0.95
1241,0.7181879801009673,15.185366192221831,15.185366192221831,0.006090903282165527,1.0
1242,0.684027997561017,16.39646618529505,16.39646618529505,0.006142115592956543,1.0
1243,0.7127369511757984,16.01898277495355,16.01898277495355,0.006176376342773437,1.0
1244,0.7372011828461591,14.33070500479516,14.33070500479516,0.006144917011260987,1.0
1245,0.6790627927379335,16.694535497245127,16.370218554223477,0.0062020659446716305,0.95
1246,0.7299377002637792,16.742636472920754,16.742636472920754,0.006204068660736084,1.0
1247,0.6803453814715332,17.788198799089475,17.788198799089475,0.006228339672088623,1.0
1248,0.7313226086890322,14.599548785615164,14.599548785615164,0.006189429759979248,1.0
1249,0.6886794849580606,14.909548322952967,14.909548322952967,0.006095564365386963,1.0
1250,0.720630260961012,15.774654555182014,15.774654555182014,0.0061348676681518555,1.0
1251,0.7131253344750681,16.59457183042496,16.59457183042496,0.0061409592628479,1.0
1252,0.7110460132735195,16.765996122329035,16.765996122329035,0.006046938896179199,1.0
1253,0.722836714884873,15.286346837700924,15.286346837700924,0.006121611595153809,1.0
1254,0.6498694939732129,17.197754528640594,15.914273396221958,0.006087195873260498,0.95
1255,0.6568650204785328,18.501948667532616,17.79343007018167,0.0062273979187011715,0.95
1256,0.7716249599024819,14.797709621684167,14.797709621684167,0.0061155915260314945,1.0
1257,0.7393773328514225,13.884962401591082,13.884962401591082,0.006189131736755371,1.0
1258,0.715765871043525,15.560709361576112,15.325640797802096,0.006168925762176513,0.95
1259,0.7150882263797107,16.934626152405674,16.1757302772648,0.0061805486679077145,0.95
1260,0.7467322078428023,13.084930869527872,13.084930869527872,0.006159937381744385,1.0
1261,0.7233592737397585,14.902026235790407,14.902026235790407,0.0061909198760986325,1.0
1262,0.7477547085206497,14.852375311027194,14.852375311027194,0.006075358390808106,1.0
1263,0.7264621311822388,14.27280709826735,14.27280709826735,0.006134629249572754,1.0
1264,0.7074862844225029,14.285439129108875,13.975489689250484,0.0060784220695495605,0.95
1265,0.7326164315170269,15.54720960886075,14.752546752245655,0.006065404415130616,0.95
1266,0.729557475130053,14.950837655636892,14.950837655636892,0.006098473072052002,1.0
1267,0.7484247517485808,12.995680969609456,12.995680969609456,0.006212639808654785,1.0
1268,0.6931685346050314,19.005719248954524,19.005719248954524,0.006154441833496093,1.0
1269,0.7129414255035705,14.658835475894199,14.658835475894199,0.006175613403320313,1.0
1270,0.7012641338768285,14.812163275937317,14.812163275937317,0.006167352199554443,1.0
1271,0.7062758802844639,14.942032603941746,14.942032603941746,0.006169414520263672,1.0
1272,0.6806322865500775,17.451749204513536,16.63040715059438,0.006139910221099854,0.95
1273,0.7032288698386961,15.288386052233875,13.910928984779114,0.006178009510040283,0.95
1274,0.7108692334963587,16.845720649823527,15.788500332594989,0.006150269508361816,0.95
1275,0.7091850648478251,14.257687624797967,14.257687624797967,0.006120264530181885,1.0
1276,0.7096770441943521,16.43668301194747,15.404854758692457,0.006189572811126709,0.95
1277,0.6997235013115118,16.816242599244067,16.816242599244067,0.0061380982398986815,1.0
1278,0.7160337389589344,15.594979493189204,15.594979493189204,0.00616455078125,1.0
1279,0.7058495165836373,13.26856644981277,13.26856644981277,0.0061948180198669435,1.0
1280,0.712498469291447,14.843002733770595,14.843002733770595,0.006134653091430664,1.0
1281,0.6979790087569422,17.743024915503284,17.743024915503284,0.006118917465209961,1.0
1282,0.7071563701132695,16.294151398865893,15.560307788031283,0.006122791767120361,0.95
1283,0.6009124179495473,20.60469641137465,18.46108880678252,0.00620497465133667,0.9
1284,0.7068238360998239,16.61789187852809,16.61789187852809,0.006126761436462402,1.0
1285,0.7007031384616043,15.203295705415531,14.260504322566838,0.006148791313171387,0.95
1286,0.6829967221836103,17.62579592459821,15.991949420715189,0.00614238977432251,0.9
1287,0.7421761325981577,14.198757783111352,13.314403223359832,0.006121456623077393,0.95
1288,0.6932943215076486,14.980951606309613,14.980951606309613,0.006198036670684815,1.0
1289,0.6891832754715544,17.602695865221996,15.815178312209301,0.006128060817718506,0.9
1290,0.6720703740798568,16.28266135883215,16.28266135883215,0.006103193759918213,1.0
1291,0.7071463222897805,16.578275075094552,16.578275075094552,0.006133174896240235,1.0
1292,0.6765273868172264,19.793009375325546,19.209891863933297,0.0061792731285095215,0.95
1293,0.7349442918600395,17.693256237732072,16.751435239987995,0.006135344505310059,0.95
1294,0.7654999911916487,15.790313954988312,14.97002249009438,0.006125319004058838,0.95
1295,0.684115461896864,16.24293550053245,16.24293550053245,0.006137466430664063,1.0
1296,0.6986734661113179,16.63476028255105,15.861901783278531,0.00613555908203125,0.95
1297,0.6776014507890881,16.2934822201643,16.2934822201643,0.006096434593200683,1.0
1298,0.678702502510944,15.69285652038376,15.69285652038376,0.006145787239074707,1.0
1299,0.7130602058345714,14.616575398494726,14.616575398494726,0.00612267255783081,1.0
1300,0.7080280343788737,15.893567793222141,15.893567793222141,0.006129252910614014,1.0
1301,0.7324162532667133,14.143465147996054,14.143465147996054,0.006125020980834961,1.0
1302,0.6927702203574118,15.489893742719048,15.489893742719048,0.006140387058258057,1.0
1303,0.6919375182394555,15.51655812572083,15.51655812572083,0.006179666519165039,1.0
1304,0.6921397185271092,17.02526415134812,17.02526415134812,0.0061553001403808595,1.0
1305,0.6949462500364664,16.987391645210806,16.128910266841448,0.0062163352966308595,0.95
1306,0.6808131324846561,17.216618160320728,17.216618160320728,0.00619579553604126,1.0
1307,0.6842768681209197,15.80290692382223,14.659564437087331,0.0061292886734008786,0.95
1308,0.6614161274615371,18.711399820293032,17.665229992066074,0.00607672929763794,0.95
1309,0.7154807504991243,16.967348043068917,15.276594961190293,0.006074178218841553,0.9
1310,0.7322534049474376,13.861405931929863,12.798354450375301,0.006076598167419433,0.95
1311,0.7296258266096338,15.563968737579245,13.643149913041226,0.006166887283325195,0.9
1312,0.7005533173384463,18.105096695896854,17.269202846016093,0.006175053119659424,0.95
1313,0.7236364180422041,16.111343164290936,14.277516059190535,0.006148076057434082,0.9
1314,0.721466703408473,17.186875340282185,17.186875340282185,0.006201756000518799,1.0
1315,0.7164989363184169,17.339018378322105,17.339018378322105,0.006151282787322998,1.0
1316,0.7030243659697956,16.369168964553,15.303708358802846,0.0061781048774719235,0.95
1317,0.6891715285906049,16.547927806971753,16.547927806971753,0.006087172031402588,1.0
1318,0.6931599923621256,15.42478454574584,15.42478454574584,0.006204569339752197,1.0
1319,0.6787343185160886,16.20570643277783,16.20570643277783,0.0061419129371643065,1.0
1320,0.7070591944314712,14.924312154311213,14.924312154311213,0.006249451637268066,1.0
1321,0.7421861281647503,14.43453975878396,14.43453975878396,0.0061323285102844235,1.0
1322,0.7116001720684988,16.753756647804323,16.753756647804323,0.006189322471618653,1.0
1323,0.6703938506334215,16.815704954323355,16.815704954323355,0.006173777580261231,1.0
1324,0.743388478723754,14.407400461918723,14.407400461918723,0.006214570999145508,1.0
1325,0.7553786111221245,14.266101872151548,13.953555972266612,0.006224191188812256,0.95
1326,0.7506011935071213,13.923632275671944,13.923632275671944,0.006195211410522461,1.0
1327,0.748451333636633,14.593862218531154,14.593862218531154,0.006239545345306396,1.0
1328,0.7192957917255592,16.016092288392095,16.016092288392095,0.0062131166458129885,1.0
1329,0.7756303972051819,13.635893743240283,13.635893743240283,0.006205844879150391,1.0
1330,0.7192103968730261,14.552683933066584,14.552683933066584,0.0061686158180236815,1.0
1331,0.7066921887639455,16.799049348277276,16.799049348277276,0.006200814247131347,1.0
1332,0.7254074612423366,16.06330939230948,16.06330939230948,0.006217753887176514,1.0
1333,0.7552454182007107,14.360952983273808,14.360952983273808,0.006229329109191895,1.0
1334,0.675951028313175,16.540891979532468,16.345816673795174,0.0062273979187011715,0.95
1335,0.7005030638007136,17.78591907097141,17.61500815296396,0.006209266185760498,0.95
1336,0.708654576196886,15.869553319861513,15.869553319861513,0.00621117353439331,1.0
1337,0.7138686473815907,17.144640534490655,13.768430515414318,0.006187713146209717,0.8
1338,0.6926143146311992,15.744710287105885,14.840655184999422,0.0062318086624145504,0.95
1339,0.6637521771936267,15.113258416040413,15.113258416040413,0.006148779392242431,1.0
1340,0.7309735514831951,14.81769016296048,14.81769016296048,0.006171786785125732,1.0
1341,0.6938194399213207,17.022532243413455,17.022532243413455,0.006155252456665039,1.0
1342,0.7140836967482109,16.22441411097516,16.22441411097516,0.006166136264801026,1.0
1343,0.7194161351917872,14.355717936861563,14.355717936861563,0.006175971031188965,1.0
1344,0.6965756684418349,15.867991953887707,15.867991953887707,0.0061511993408203125,1.0
1345,0.7386971897930822,13.934971736048402,13.934971736048402,0.006158483028411865,1.0
1346,0.7347554555134937,15.159782641879454,15.159782641879454,0.006178820133209228,1.0
1347,0.730044024169361,12.985618029526112,12.985618029526112,0.00616222620010376,1.0
1348,0.6910659525143118,17.50819739613642,16.81368971437642,0.006148862838745117,0.95
1349,0.727306524661908,15.45155357818187,15.45155357818187,0.0060886025428771974,1.0
1350,0.663890090844725,16.90097817986629,16.182768411430917,0.006094002723693847,0.95
1351,0.7338510666402082,15.57956306356291,15.57956306356291,0.006122493743896484,1.0
1352,0.7244137988497636,14.84621022757697,14.84621022757697,0.006154870986938477,1.0
1353,0.7012629799242973,18.34926835479242,18.34926835479242,0.006343269348144531,1.0
1354,0.7224150517649607,15.370051984194086,14.410780637599098,0.00621258020401001,0.95
1355,0.6814233381246446,16.630313363500132,15.90209525855439,0.006192970275878906,0.95
1356,0.7217182223372247,15.349365019737096,15.349365019737096,0.006129729747772217,1.0
1357,0.7055258123549306,13.722372057525897,13.722372057525897,0.00617133378982544,1.0
1358,0.6739275422036731,17.432323067851073,16.601980014023074,0.006135416030883789,0.95
1359,0.7088944882405458,13.64359947490722,13.64359947490722,0.006178724765777588,1.0
1360,0.7260000613023261,15.971607177065172,15.971607177065172,0.0061627388000488285,1.0
1361,0.7241998841923499,15.089322786733934,15.089322786733934,0.006188869476318359,1.0
1362,0.7179515160106674,13.305705857631324,13.305705857631324,0.006114602088928223,1.0
1363,0.7328233530439767,15.33178149757911,15.33178149757911,0.0061180353164672855,1.0
1364,0.7090825803287906,15.713449868884407,14.955050655678834,0.006132078170776367,0.95
1365,0.7663601200684005,12.78188375260011,12.78188375260011,0.006114208698272705,1.0
1366,0.7285097815521029,13.485681648502952,13.485681648502952,0.00613250732421875,1.0
1367,0.6769552619782274,16.403121642731772,15.47339324113569,0.006086719036102295,0.95
1368,0.7344564178851652,15.536949678413833,15.536949678413833,0.006188094615936279,1.0
1369,0.6651712520259342,16.43666219869807,16.43666219869807,0.006143534183502197,1.0
1370,0.690001174452438,16.173954888043596,16.173954888043596,0.006169092655181885,1.0
1371,0.7206148905755402,15.914856066616654,15.914856066616654,0.006181764602661133,1.0
1372,0.6818722349607099,15.40066969535657,15.40066969535657,0.0061201810836791996,1.0
1373,0.7530594528116243,15.08740269907184,15.08740269907184,0.00611722469329834,1.0
1374,0.7559980651856828,14.022668091244777,14.022668091244777,0.006136894226074219,1.0
1375,0.7428883220811205,14.579791492329718,14.579791492329718,0.006155264377593994,1.0
1376,0.7386797571704001,13.927839204843668,13.927839204843668,0.006142163276672363,1.0
1377,0.7533395713267719,13.057751573453928,11.952889645179928,0.006160318851470947,0.95
1378,0.7508984345762442,13.800970843471827,13.800970843471827,0.006208503246307373,1.0
1379,0.6573671264034707,15.701886658764167,15.701886658764167,0.006197583675384521,1.0
1380,0.7292153863167001,13.25482830035891,13.25482830035891,0.006214308738708496,1.0
1381,0.6909261516338464,15.820333198147939,14.74116086936001,0.006179332733154297,0.95
1382,0.7156975011171386,16.28810694655437,16.027694863793432,0.006205213069915771,0.95
1383,0.6948753054204257,16.622594892507163,16.622594892507163,0.006156933307647705,1.0
1384,0.7511302953806431,15.413508694236857,15.413508694236857,0.006115543842315674,1.0
1385,0.7006628378816047,16.83525869982124,15.795400955489365,0.006071269512176514,0.95
1386,0.6976952214995392,18.811929018792306,18.162848506836735,0.006078600883483887,0.95
1387,0.69471192195954,16.54798840536666,16.54798840536666,0.006127464771270752,1.0
1388,0.7329370972686247,15.614310433464393,15.614310433464393,0.006142890453338623,1.0
1389,0.7212374086128012,16.33531552712341,14.30680347883514,0.0061617612838745115,0.9
1390,0.6993324042622856,13.690252116996152,13.690252116996152,0.00619354248046875,1.0
1391,0.6342724880288303,16.924260954779125,16.924260954779125,0.006195032596588134,1.0
1392,0.6957297553107381,16.458809528644338,16.458809528644338,0.006138789653778076,1.0
1393,0.7001621441751328,16.361487683644146,15.597640582761995,0.00608755350112915,0.95
1394,0.7439594435021518,14.115887672334352,14.115887672334352,0.0060792207717895504,1.0
1395,0.7062921620610116,12.963310132213541,12.963310132213541,0.006095767021179199,1.0
1396,0.7541247131383855,14.429821768818645,13.3951134240538,0.0061097383499145504,0.95
1397,0.6834496082134205,16.25008584833499,16.25008584833499,0.006116294860839843,1.0
1398,0.6735070404454363,16.23284756083755,16.23284756083755,0.006159150600433349,1.0
1399,0.6875641182383504,17.030558190199248,17.030558190199248,0.006186437606811523,1.0
1400,0.7388735847699953,15.942298414387817,15.201338145257129,0.006146848201751709,0.95
1401,0.6480678393046138,17.063853231715694,15.887554213937271,0.006093239784240723,0.9
1402,0.7318372632825562,12.439738819870893,12.439738819870893,0.006159067153930664,1.0
1403,0.752682213525327,14.972085606593112,14.972085606593112,0.00613090991973877,1.0
1404,0.7199601767771792,14.454555295848701,14.454555295848701,0.006085431575775147,1.0
1405,0.7573083388815405,13.535806045286375,13.535806045286375,0.00612032413482666,1.0
1406,0.7276555362074066,13.559246457395854,13.559246457395854,0.006176257133483886,1.0
1407,0.7627450317948828,14.064134964025516,14.064134964025516,0.006158161163330078,1.0
1408,0.7009727595813341,16.549583068955204,16.549583068955204,0.006188726425170899,1.0
1409,0.7039775611301845,15.552821845504306,15.552821845504306,0.00616152286529541,1.0
1410,0.7411671532228179,16.9422215574298,16.9422215574298,0.0061524748802185055,1.0
1411,0.6946607602683421,17.985314843051967,17.280289406670363,0.006091022491455078,0.95
1412,0.7243855389150335,16.01603184201621,16.01603184201621,0.006118977069854736,1.0
1413,0.7284782659519033,14.588281984833468,14.20204989830108,0.006231784820556641,0.95
1414,0.7333390055812946,13.59372451018588,13.59372451018588,0.00618751049041748,1.0
1415,0.7125774733039637,14.86369323913166,14.86369323913166,0.0061739921569824215,1.0
1416,0.708334637516964,13.909813676167829,13.909813676167829,0.006248390674591065,1.0
1417,0.6704728485070077,15.049587769334101,15.049587769334101,0.006154048442840576,1.0
1418,0.6956665504906387,16.604490995739116,15.743438603139982,0.006095278263092041,0.95
1419,0.7023024478827408,16.176772608891287,16.176772608891287,0.006132876873016358,1.0
1420,0.7136350853672221,17.642145519240525,17.642145519240525,0.006073999404907227,1.0
1421,0.7215188021816229,15.662292964605209,15.662292964605209,0.006092870235443115,1.0
1422,0.7098317895320868,15.121014958282611,15.121014958282611,0.0061482548713684086,1.0
1423,0.7317318399616766,15.799984528312734,15.799984528312734,0.006156694889068603,1.0
1424,0.711851569043621,15.30416267041107,14.896125212796637,0.006129646301269531,0.95
1425,0.7168951700604078,15.225205873427985,15.225205873427985,0.006170392036437988,1.0
1426,0.7302867895172935,14.711901097614193,14.711901097614193,0.00616844892501831,1.0
1427,0.7382469070995892,14.34092459214503,14.34092459214503,0.00615534782409668,1.0
1428,0.6863549673603571,17.03637579048192,16.332098921153797,0.0061264514923095705,0.95
1429,0.72778768019821,13.575808165205228,13.575808165205228,0.006065380573272705,1.0
1430,0.681851431397308,15.352288523985546,15.352288523985546,0.006095695495605469,1.0
1431,0.7247846578228178,14.540648711296019,14.540648711296019,0.006207644939422607,1.0
1432,0.7343820122725787,16.21657696858762,14.75005599317225,0.0061052203178405765,0.9
1433,0.6915625488209599,16.823425180577594,16.05912166208128,0.006162178516387939,0.95
1434,0.7205490630087864,16.089003418126904,16.089003418126904,0.006199586391448975,1.0
1435,0.6905250159961953,16.46712638915116,15.441583310681699,0.006150686740875244,0.95
1436,0.6896323592435812,17.34590391328023,15.65169722163237,0.006690013408660889,0.9
1437,0.7054357824211426,16.875937140881813,16.875937140881813,0.006410849094390869,1.0
1438,0.6674393918046402,16.88244297339681,16.126782626601567,0.0062284708023071286,0.95
1439,0.6946983813876819,16.75264141773131,16.75264141773131,0.006098389625549316,1.0
1440,0.6939396322121676,16.742943189402688,16.742943189402688,0.006034493446350098,1.0
1441,0.7935589528879122,13.114748560368133,13.114748560368133,0.006051754951477051,1.0
1442,0.7041367158182198,15.492785696387255,15.219024703243463,0.0060906529426574705,0.95
1443,0.7113183004363963,14.557652056850467,13.55949498095192,0.006134188175201416,0.95
1444,0.6932791946914725,15.478350113034603,15.478350113034603,0.00621563196182251,1.0
1445,0.7715728983048141,14.760109581551092,14.760109581551092,0.006317043304443359,1.0
1446,0.7283804078256411,15.46901046694013,15.46901046694013,0.0061648964881896974,1.0
1447,0.6848092529431229,17.50303307075891,16.480730630769283,0.0061960935592651365,0.9
1448,0.7411272201429725,15.130531250640598,15.130531250640598,0.00606001615524292,1.0
1449,0.7227946315773233,14.281968111924161,13.364263361057587,0.006048870086669922,0.95
1450,0.7036237476076935,14.607504480938104,13.107791689796777,0.00606544017791748,0.95
1451,0.7558638274764455,12.462500321604168,12.462500321604168,0.006132638454437256,1.0
1452,0.7223143387547046,15.08525572746899,15.08525572746899,0.006081080436706543,1.0
1453,0.6537347932043063,18.490126979168302,18.490126979168302,0.006096673011779785,1.0
1454,0.7141710515957362,14.271759119044384,14.271759119044384,0.0061457276344299315,1.0
1455,0.7179444678355329,14.743429952246695,14.228739715726748,0.0061997056007385256,0.95
1456,0.7176835347633275,14.97643814439339,14.97643814439339,0.006158936023712158,1.0
1457,0.6927869327263989,15.527045393874934,15.527045393874934,0.006094145774841309,1.0
1458,0.7403813040148948,16.868274630952858,16.868274630952858,0.00611339807510376,1.0
1459,0.6832631152269898,16.42999459692673,16.42999459692673,0.006156635284423828,1.0
1460,0.7130323824214911,16.439545081891374,16.439545081891374,0.006145513057708741,1.0
1461,0.730557036897167,14.629316398429598,14.629316398429598,0.0061146140098571776,1.0
1462,0.7231943644890817,14.89992432590754,14.89992432590754,0.006083822250366211,1.0
1463,0.7367387659225276,14.275842999778101,13.774772741660483,0.006082093715667725,0.95
1464,0.729855774324068,14.437085650368342,14.437085650368342,0.006133437156677246,1.0
1465,0.7159603863565789,13.678926338486965,13.678926338486965,0.006219887733459472,1.0
1466,0.743110238097153,14.521649186717033,14.078180710459776,0.006158447265625,0.95
1467,0.6902415711276195,16.32450051225773,16.32450051225773,0.0061885595321655275,1.0
1468,0.700102432700582,16.636834630858424,16.636834630858424,0.006334125995635986,1.0
1469,0.6844975842570904,16.17160693347565,16.17160693347565,0.006138277053833008,1.0
1470,0.6999598926757817,15.110742758883864,15.110742758883864,0.005993902683258057,1.0
1471,0.710079665501173,14.825232053765626,13.767493755756654,0.006051063537597656,0.95
1472,0.679784564258989,17.81809653421115,17.81809653421115,0.00600053071975708,1.0
1473,0.7275215856624523,17.145401818649102,17.145401818649102,0.0060918331146240234,1.0
1474,0.6912669822197101,16.64879335684821,15.487635452750133,0.006084215641021728,0.95
1475,0.7256399309258621,16.00493828663999,16.00493828663999,0.006148695945739746,1.0
1476,0.7123599715843816,16.730813397591493,16.730813397591493,0.006151008605957031,1.0
1477,0.7170517348933234,15.06410524088211,14.249512754554905,0.006115221977233886,0.95
1478,0.7139234521373496,14.222790111006972,14.222790111006972,0.006157791614532471,1.0
1479,0.6989084866389257,15.331185485975832,15.331185485975832,0.006135237216949463,1.0
1480,0.702211312876871,15.261915982815399,14.360317520628463,0.006088137626647949,0.95
1481,0.6667646020901236,17.386758538005182,15.730068504060776,0.006148648262023926,0.9
1482,0.7062772147140426,16.01919546862795,15.211110791866277,0.006152093410491943,0.95
1483,0.7329536678327341,14.512743510917232,13.393529474479147,0.006133997440338134,0.95
1484,0.7148191238313315,15.289963323232701,15.289963323232701,0.006096041202545166,1.0
1485,0.7668436276288784,12.660434298628925,12.660434298628925,0.006106317043304443,1.0
1486,0.7044498656519697,15.690709985663622,14.649198632516184,0.0061939477920532225,0.95
1487,0.7026689551450955,15.834764092378403,15.834764092378403,0.006100928783416748,1.0
1488,0.7841044434768503,14.436069186640854,14.436069186640854,0.006054651737213135,1.0
1489,0.6809306210394492,15.197566787685181,15.197566787685181,0.006065726280212402,1.0
1490,0.7644354958646965,13.371871320665985,13.371871320665985,0.006077826023101807,1.0
1491,0.7588885819778469,13.292547077926335,13.292547077926335,0.006089067459106446,1.0
1492,0.7284528456989525,15.012278711088504,15.012278711088504,0.006101298332214356,1.0
1493,0.6969820423679017,14.458548693742543,14.458548693742543,0.006105828285217285,1.0
1494,0.7247716022482964,16.57348664784772,16.57348664784772,0.006098008155822754,1.0
1495,0.6839310524375485,17.082184798520508,16.332979511600154,0.006146669387817383,0.95
1496,0.6748001983535905,19.28859742009677,19.28859742009677,0.006077492237091064,1.0
1497,0.6971090282616886,17.76749023187833,17.76749023187833,0.006214725971221924,1.0
1498,0.6926068557379852,15.200565065152682,14.394788577798002,0.006240236759185791,0.95
1499,0.7052547451530375,15.340380112627988,15.340380112627988,0.006134450435638428,1.0
1500,0.7364799603814737,14.56156001317695,14.56156001317695,0.006036436557769776,1.0
1501,0.8017324852164563,12.395262627476255,12.395262627476255,0.006131303310394287,1.0
1502,0.6934252238850523,15.282604495093128,15.282604495093128,0.006099879741668701,1.0
1503,0.7011477972603609,14.761360564441546,14.761360564441546,0.0061290979385375975,1.0
1504,0.6814287212823062,17.19010421842657,17.19010421842657,0.006140506267547608,1.0
1505,0.7085817318693526,18.062569434410946,18.062569434410946,0.0061407327651977536,1.0
1506,0.7108181122862016,15.790922554783231,14.91429210603844,0.006076359748840332,0.95
1507,0.7104964736550257,16.592374128429423,15.839665414532075,0.006121277809143066,0.95
1508,0.7422226066606321,14.827485059395736,14.827485059395736,0.006103384494781494,1.0
1509,0.7199213330628587,14.091047571456297,14.091047571456297,0.006049942970275879,1.0
1510,0.6909529608698783,14.338540688739787,14.338540688739787,0.006110048294067383,1.0
1511,0.7521622300785277,13.67375013124413,13.67375013124413,0.006099033355712891,1.0
1512,0.7173963272066649,14.545686106090775,13.502414476787258,0.006083786487579346,0.95
1513,0.7062145320405591,14.974366372482487,14.974366372482487,0.006103312969207764,1.0
1514,0.7182247873247227,16.65100537504444,16.65100537504444,0.006092333793640136,1.0
1515,0.6986857826612287,16.97031793242174,16.97031793242174,0.0061301589012146,1.0
1516,0.767277980408547,12.458426591705338,12.458426591705338,0.0061329126358032225,1.0
1517,0.7292357459157699,15.11831363721837,15.11831363721837,0.006117105484008789,1.0
1518,0.6876716865158057,18.284769662019603,17.263154338937312,0.006136345863342285,0.95
1519,0.7156117736715374,13.59902774160372,13.59902774160372,0.006127011775970459,1.0
1520,0.7283233176003677,15.293765787115186,15.293765787115186,0.0060203313827514645,1.0
1521,0.7425777016716514,14.627830930183194,14.627830930183194,0.006056606769561768,1.0
1522,0.757356703550901,13.743220326854985,13.743220326854985,0.006051373481750488,1.0
1523,0.6782137289417705,18.73071268677694,18.03262772560714,0.006079983711242676,0.95
1524,0.6824267117953929,16.288296442171223,15.331170028260335,0.006119942665100098,0.95
1525,0.7115019280616366,15.354241716960615,15.354241716960615,0.006134033203125,1.0
1526,0.6989798374959523,15.038800638951363,15.038800638951363,0.006060647964477539,1.0
1527,0.7068117792378796,16.524484008270026,16.524484008270026,0.006107461452484131,1.0
1528,0.6955795512157139,16.377892131304208,16.161094482836585,0.006076300144195556,0.95
1529,0.6793621531483383,17.37132780929962,17.37132780929962,0.006059777736663818,1.0
1530,0.6809964954940234,16.157216119512764,15.304319135669331,0.006083238124847412,0.95
1531,0.7532686644039811,16.903306133788316,16.903306133788316,0.006116330623626709,1.0
1532,0.7258397494415421,15.971743216205454,15.971743216205454,0.00605696439743042,1.0
1533,0.7193339065591106,14.490550721181345,14.490550721181345,0.006034481525421143,1.0
1534,0.7035456881033603,17.50318905743034,17.50318905743034,0.0060541629791259766,1.0
1535,0.7096820181669903,13.572715028045536,13.572715028045536,0.006057846546173096,1.0
1536,0.7270597301897528,13.86506511702098,13.86506511702098,0.006049883365631103,1.0
1537,0.7190334265972205,14.651946624597619,14.651946624597619,0.006123936176300049,1.0
1538,0.7546073443771532,15.953964210999311,15.163030558501188,0.006097316741943359,0.95
1539,0.7489573310751123,14.695004683357558,14.695004683357558,0.006117784976959228,1.0
1540,0.703950994870982,16.45016964512924,14.649476129346775,0.006051778793334961,0.9
1541,0.720610841000205,15.683768190062159,14.783033208140873,0.00613178014755249,0.95
1542,0.7058547477276209,15.126514574314687,15.126514574314687,0.006072390079498291,1.0
1543,0.6677368844575624,15.786439727526883,15.786439727526883,0.006110501289367676,1.0
1544,0.6963302365345699,14.73400775761668,14.73400775761668,0.006053149700164795,1.0
1545,0.7091393624587472,15.812910285366502,15.812910285366502,0.0060986638069152836,1.0
1546,0.6893219595488143,14.565343556532943,14.565343556532943,0.006126344203948975,1.0
1547,0.678684267687559,17.330886930561086,16.640470778863648,0.006117391586303711,0.95
1548,0.6839308951049111,18.189700076030057,15.322326371391746,0.006094431877136231,0.85
1549,0.7361902980699123,14.48226375143742,14.48226375143742,0.006108331680297852,1.0
1550,0.7263404638582002,14.481402273876867,14.481402273876867,0.00607525110244751,1.0
1551,0.7644259072194857,11.675219050362669,11.675219050362669,0.006073999404907227,1.0
1552,0.6949684456342176,16.493753540385264,16.493753540385264,0.006030714511871338,1.0
1553,0.7195491068685842,14.581185988843867,14.581185988843867,0.006035852432250977,1.0
1554,0.7046583892021253,15.883978448065198,15.031577846540682,0.006056106090545655,0.95
1555,0.734131401538286,15.437582606957415,15.437582606957415,0.006092238426208496,1.0
1556,0.7366439464442547,16.48069904621085,16.48069904621085,0.006081759929656982,1.0
1557,0.6741484965565813,19.429296450178644,19.380831524091185,0.006108570098876953,0.95
1558,0.7069275459860586,14.900345325172996,14.900345325172996,0.006064200401306152,1.0
1559,0.7363024487569406,15.193923309287953,14.320131365854285,0.0060536742210388185,0.95
1560,0.6800199297503154,17.58407409080327,17.58407409080327,0.006061553955078125,1.0
1561,0.7065698771100305,15.795851499240836,14.960256446915126,0.0060803890228271484,0.95
1562,0.753607280254318,14.738728106474301,14.738728106474301,0.0061429858207702635,1.0
1563,0.696598851667364,14.638137561844866,14.638137561844866,0.0061430692672729496,1.0
1564,0.712090533395571,14.82611307721736,14.82611307721736,0.006124234199523926,1.0
1565,0.7088333484208383,14.155432910932792,14.155432910932792,0.00610959529876709,1.0
1566,0.7437677970980276,14.062452663582338,14.062452663582338,0.006077659130096435,1.0
1567,0.7292225820375492,15.203217606844854,15.203217606844854,0.00608065128326416,1.0
1568,0.6763393682018218,16.71437413736764,16.71437413736764,0.006056511402130127,1.0
1569,0.7202320489194808,14.177418041565891,14.177418041565891,0.006054627895355225,1.0
1570,0.6929166219468027,15.401611994555642,15.401611994555642,0.006087732315063476,1.0
1571,0.7218703162498261,15.376773821505335,15.376773821505335,0.006097280979156494,1.0
1572,0.7318373610969515,14.368411509414528,14.368411509414528,0.006190156936645508,1.0
1573,0.6779725206837415,17.213617053534787,16.2700591013034,0.006194376945495605,0.95
1574,0.6821729241270167,16.75719642294506,16.75719642294506,0.006107890605926513,1.0
1575,0.6840761760488254,15.344346022652747,14.455094870080089,0.006056380271911621,0.95
1576,0.6994490958465904,15.078619090969942,15.078619090969942,0.0060433030128479006,1.0
1577,0.6603356839923274,14.793079503932452,14.793079503932452,0.00606241226196289,1.0
1578,0.7449340914332832,13.875251657488084,13.875251657488084,0.006099402904510498,1.0
1579,0.7269378321106404,14.716514587751112,14.32574643164527,0.006082475185394287,0.95
1580,0.7035830566293105,15.604518775360177,15.604518775360177,0.006106960773468018,1.0
1581,0.6948488284522568,14.820100023911445,14.820100023911445,0.006061708927154541,1.0
1582,0.7073253093150486,14.603029867729973,14.603029867729973,0.006153690814971924,1.0
1583,0.6566955740482093,17.432686678692413,17.432686678692413,0.006324505805969239,1.0
1584,0.7135988571235915,15.761719562692203,15.517198122603457,0.006126558780670166,0.95
1585,0.7339320663736395,13.9098110449296,13.9098110449296,0.006087613105773926,1.0
1586,0.6885643705678868,16.74094151694629,16.74094151694629,0.006151318550109863,1.0
1587,0.703290975969469,15.781870654526804,15.781870654526804,0.006072497367858887,1.0
1588,0.7506500897405883,13.973780477194003,13.973780477194003,0.006121718883514404,1.0
1589,0.7728503148177297,13.790241196037417,13.790241196037417,0.006084644794464111,1.0
1590,0.709163535923439,13.810815438544125,13.810815438544125,0.006074309349060059,1.0
1591,0.7055812329179696,15.606351552424295,15.237920076187558,0.0060923218727111815,0.95
1592,0.6835694337429736,16.631312220019357,16.631312220019357,0.006128048896789551,1.0
1593,0.7292890231540505,14.942835457366465,14.942835457366465,0.006135082244873047,1.0
1594,0.6882675067704722,18.256081272454878,17.613496494528867,0.006144595146179199,0.95
1595,0.6749122521572263,17.311147743527595,16.276474431800676,0.006198394298553467,0.95
1596,0.6889394664113048,16.385640971320356,16.385640971320356,0.006170928478240967,1.0
1597,0.6984567633809969,17.424947158956634,17.424947158956634,0.0060624837875366214,1.0
1598,0.7098831663489042,15.262852326194201,15.262852326194201,0.006108856201171875,1.0
1599,0.6788008229530192,14.305633570852319,14.305633570852319,0.006115639209747314,1.0
1600,0.7276761462776472,15.282423981104127,15.282423981104127,0.006144213676452637,1.0
1601,0.7367475060918872,14.684005221406968,14.684005221406968,0.0061308503150939945,1.0
1602,0.6609074620948802,17.907809174157997,16.35814558004409,0.006153416633605957,0.9
1603,0.7124775258683371,16.799327136491108,15.952548499714304,0.006150579452514649,0.95
1604,0.6788184033148542,16.09979435291107,16.09979435291107,0.006157588958740234,1.0
1605,0.702602154831347,14.243358145082444,14.243358145082444,0.006073570251464844,1.0
1606,0.6899822606383755,16.165931149317473,16.165931149317473,0.006052529811859131,1.0
1607,0.6920272495398092,15.265532449975515,15.265532449975515,0.006112432479858399,1.0
1608,0.7452631283386817,13.996683278181322,13.528805952170837,0.006176674365997314,0.95
1609,0.7380618351143873,14.446426616751717,14.446426616751717,0.006130313873291016,1.0
1610,0.7432295205825196,16.321771614673082,16.321771614673082,0.0061350584030151365,1.0
1611,0.6847185264710864,16.08216442108212,16.08216442108212,0.0061966776847839355,1.0
1612,0.6935418000301231,16.8860166163229,16.8860166163229,0.006116461753845215,1.0
1613,0.7235647389456991,14.689095485155832,14.689095485155832,0.0060535907745361325,1.0
1614,0.7418243228893456,14.716498476705999,14.716498476705999,0.006069386005401611,1.0
1615,0.671484796726611,16.926043437761052,16.926043437761052,0.006070709228515625,1.0
1616,0.7192249912958721,16.376582317082217,16.376582317082217,0.006129860877990723,1.0
1617,0.6919004791413144,17.463281244477397,17.463281244477397,0.0060942769050598145,1.0
1618,0.670262581578434,16.917814625748733,16.025376183734593,0.006050372123718261,0.95
1619,0.7047261055132841,15.425965614589789,15.425965614589789,0.00606846809387207,1.0
1620,0.6976001818295183,17.487883548400713,17.487883548400713,0.0060618042945861815,1.0
1621,0.7351377954572823,16.739062003262244,16.739062003262244,0.006009805202484131,1.0
1622,0.6798071074823264,17.426292376887787,17.426292376887787,0.006033599376678467,1.0
1623,0.7151737790803498,15.924997148700005,15.924997148700005,0.006019508838653565,1.0
1624,0.7238829453453315,15.41123067822688,14.008138829832717,0.006063771247863769,0.9
1625,0.6923810313762152,15.747102704066037,15.15323851850084,0.0061217665672302244,0.95
1626,0.6365094529885941,17.9171962329919,17.9171962329919,0.006041336059570313,1.0
1627,0.6537806862204312,18.204441589681245,18.204441589681245,0.006039714813232422,1.0
1628,0.7290004368157963,14.779438529919934,14.49889536596122,0.006057178974151612,0.95
1629,0.7012402060078576,14.519092362165765,14.519092362165765,0.005999529361724853,1.0
1630,0.6853103720043039,17.477325621382327,15.92555975165009,0.006021130084991455,0.95
1631,0.679143539222478,17.5365341300445,17.5365341300445,0.006025254726409912,1.0
1632,0.6888677783785447,16.785035466046303,16.785035466046303,0.006069290637969971,1.0
1633,0.6729840293087024,15.038149044105898,14.133749383070716,0.0060874342918395994,0.95
1634,0.7276247790857419,15.701729546749641,15.701729546749641,0.006089484691619873,1.0
1635,0.7201067196240345,15.817560122506055,15.817560122506055,0.006010508537292481,1.0
1636,0.6915658123585335,17.353191980606816,16.643048398288116,0.006086087226867676,0.95
1637,0.6966122663432649,16.449250073422697,15.603884150987016,0.0061358451843261715,0.95
1638,0.7027611415673023,16.7208443184637,15.926654258517011,0.006059718132019043,0.95
1639,0.6688664708205397,18.201315105941468,17.262036299287587,0.006027865409851074,0.95
1640,0.6904691219045535,14.470053009917056,14.470053009917056,0.0060456633567810055,1.0
1641,0.6904092421506667,15.418336108976998,14.371319789642007,0.006109690666198731,0.95
1642,0.6980174573809523,15.535828227854845,15.535828227854845,0.006050992012023926,1.0
1643,0.7225704068002474,13.844690588296439,13.342134381028481,0.006093764305114746,0.95
1644,0.7149980927846498,14.232307956999616,14.232307956999616,0.006039166450500488,1.0
1645,0.7129487704239349,14.519085797291035,14.519085797291035,0.006069672107696533,1.0
1646,0.7192175989566765,14.526040272485607,14.526040272485607,0.006067299842834472,1.0
1647,0.7350737332044726,14.75964437706688,14.75964437706688,0.006014323234558106,1.0
1648,0.7172618456010824,15.087082081895094,15.087082081895094,0.006103706359863281,1.0
1649,0.7081349379671396,15.67203843831978,14.896248191140913,0.0061533570289611815,0.95
1650,0.700014424110147,15.085766712582359,15.085766712582359,0.006115233898162842,1.0
1651,0.7417315972420185,14.49919698154479,14.49919698154479,0.0060138702392578125,1.0
1652,0.7263908232771286,13.937454468838927,13.937454468838927,0.006076884269714355,1.0
1653,0.7571792642957224,13.727630688539616,13.727630688539616,0.00608367919921875,1.0
1654,0.7976903974603344,12.235581018619822,12.235581018619822,0.006074166297912598,1.0
1655,0.6976958786507357,15.670448640784633,15.670448640784633,0.006065523624420166,1.0
1656,0.70773320351188,12.649524584250944,12.649524584250944,0.006080198287963867,1.0
1657,0.696949825162588,17.473304066677848,17.473304066677848,0.00615224838256836,1.0
1658,0.7374194538126735,16.129773296379337,16.129773296379337,0.006115877628326416,1.0
1659,0.705962469800139,15.114759808127213,15.114759808127213,0.006132769584655762,1.0
1660,0.6607990740063785,17.907610625214506,16.709574168143746,0.006132078170776367,0.95
1661,0.7322922773834466,14.061089180620801,14.061089180620801,0.0061244964599609375,1.0
1662,0.6941895465461989,16.989666680880973,15.963922323349975,0.006064760684967041,0.95
1663,0.6936734024377176,16.601277350766626,16.601277350766626,0.006175196170806885,1.0
1664,0.7241679170116201,16.49124534631362,16.49124534631362,0.0061791777610778805,1.0
1665,0.6810448744420128,17.046079237736336,17.046079237736336,0.0061751604080200195,1.0
1666,0.7012847528306808,16.53540692089529,16.53540692089529,0.00610055923461914,1.0
1667,0.6773355496523082,18.28835474149465,17.659700547727493,0.006106913089752197,0.95
1668,0.7722462630748235,14.172708628500066,13.301215027081662,0.006097340583801269,0.95
1669,0.7374737964672954,16.106527749297094,16.106527749297094,0.006116759777069092,1.0
1670,0.7092575599637357,17.21523655472931,16.310926361782492,0.006150174140930176,0.95
1671,0.6872168728609499,17.08750471919873,17.08750471919873,0.006151902675628662,1.0
1672,0.7061117886445156,14.969041740673797,14.969041740673797,0.006169462203979492,1.0
1673,0.6746867975845368,17.446398275252577,17.446398275252577,0.006183755397796631,1.0
1674,0.6884099873274546,14.962321022485721,14.962321022485721,0.0061372160911560055,1.0
1675,0.7400150280355741,13.553036344781711,13.553036344781711,0.006123113632202149,1.0
1676,0.738543523584057,13.940151296450589,13.940151296450589,0.006087875366210938,1.0
1677,0.7140314292979449,14.300795901225346,14.300795901225346,0.006155848503112793,1.0
1678,0.7070226186789224,15.49455957602203,14.675578378716951,0.006121253967285157,0.95
1679,0.7384763672492105,14.286785326972346,14.286785326972346,0.006190037727355957,1.0
1680,0.6937641178690711,15.31918972121125,15.31918972121125,0.006204819679260254,1.0
1681,0.7314838776301454,16.00507810505454,16.00507810505454,0.006180870532989502,1.0
1682,0.7090288521518269,17.605939028307304,17.605939028307304,0.00617372989654541,1.0
1683,0.6973959683640134,17.192900381929814,17.192900381929814,0.0061478853225708004,1.0
1684,0.7996585351435014,13.26104946184687,13.26104946184687,0.00616002082824707,1.0
1685,0.7088909796959112,15.947251825197657,15.947251825197657,0.006156516075134277,1.0
1686,0.7092089561441522,15.785475679871976,15.785475679871976,0.006132447719573974,1.0
1687,0.7916804779128853,12.245329337865265,12.245329337865265,0.006162524223327637,1.0
1688,0.720349041650962,15.888585437494566,15.888585437494566,0.006206810474395752,1.0
1689,0.7019237167103582,16.135019198549575,15.387029547458592,0.006143975257873535,0.95
1690,0.7002279708687333,15.074793820238494,15.074793820238494,0.006097805500030517,1.0
1691,0.7026698826078509,14.093617499205829,14.093617499205829,0.0060487866401672365,1.0
1692,0.6610668360351736,16.912053691762175,16.10687053203049,0.006068098545074463,0.95
1693,0.6947470280375355,15.211682406630157,15.211682406630157,0.006103217601776123,1.0
1694,0.7362720386675978,15.650355669446833,14.631779925719846,0.006140446662902832,0.95
1695,0.7291070656069909,15.4032040114998,15.4032040114998,0.006156015396118164,1.0
1696,0.7132977982490215,15.672641521768,14.833008651070845,0.006146550178527832,0.95
1697,0.712094831450335,15.112856968371082,15.112856968371082,0.006110548973083496,1.0
1698,0.7250046731562443,14.4016157059792,14.4016157059792,0.0063291192054748535,1.0
1699,0.6701130736494808,17.169942772416416,17.169942772416416,0.00610584020614624,1.0
1700,0.6955641801055928,12.699731330289483,12.699731330289483,0.0060516357421875,1.0
1701,0.7304729668708027,14.549092839493238,14.549092839493238,0.006062066555023194,1.0
1702,0.6851030503516349,19.13180260689452,19.13180260689452,0.006106448173522949,1.0
1703,0.7382987444588569,17.724249962813772,17.724249962813772,0.006053709983825683,1.0
1704,0.756887319268659,13.414231351210583,13.414231351210583,0.0061252832412719725,1.0
1705,0.7443421013895367,15.788951887013985,14.84555977569371,0.0061309576034545895,0.95
1706,0.7149498428163404,15.455612104546896,15.455612104546896,0.0061490416526794435,1.0
1707,0.7235948014895163,16.579160392470065,16.579160392470065,0.006080913543701172,1.0
1708,0.7236573960442525,15.02015507027067,15.02015507027067,0.006148028373718262,1.0
1709,0.7090880025614756,17.606906608377813,16.758702923578838,0.006102943420410156,0.95
1710,0.7322161746106103,12.585642614943218,12.585642614943218,0.00614398717880249,1.0
1711,0.6725519420090444,14.880918425915521,14.466110589095832,0.00612252950668335,0.95
1712,0.7168204953681225,15.113741701987331,15.113741701987331,0.006134152412414551,1.0
1713,0.7075471411201016,15.90570518961274,15.107788454566402,0.006117570400238037,0.95
1714,0.6842159373283645,19.425081215407694,18.803925280235884,0.006108200550079346,0.95
1715,0.6886649178105113,17.91485565456843,17.91485565456843,0.006145751476287842,1.0
1716,0.7085018372329505,14.141699353898684,13.27841941125502,0.0060840010643005375,0.95
1717,0.7347710025420995,13.377117783840115,13.377117783840115,0.0061386823654174805,1.0
1718,0.7149959498704355,15.581126637645408,15.581126637645408,0.006153881549835205,1.0
1719,0.7055098180077425,15.859522617935676,15.029001683087236,0.006143927574157715,0.95
1720,0.6957139193495456,14.339273187214635,14.339273187214635,0.006114184856414795,1.0
1721,0.6827138818154852,14.79991608265496,14.79991608265496,0.0060692310333251955,1.0
1722,0.6973275845624389,15.853494269946925,15.853494269946925,0.006096887588500977,1.0
1723,0.6676157047230165,17.562497933330018,17.562497933330018,0.006141114234924317,1.0
1724,0.7256221815381775,14.3417158634465,14.3417158634465,0.006098473072052002,1.0
1725,0.7381524757183608,13.926634147866062,13.926634147866062,0.0061065912246704105,1.0
1726,0.7685284688919073,13.846699610136971,13.846699610136971,0.006093966960906983,1.0
1727,0.6962277239094606,14.403336606772218,14.403336606772218,0.006090199947357178,1.0
1728,0.7098056380610218,15.317670093423104,15.317670093423104,0.006150197982788086,1.0
1729,0.7414818262622412,15.511559749722867,14.12279123683517,0.0061236262321472164,0.9
1730,0.7136778623259373,17.376362227972542,16.65130641068976,0.006090235710144043,0.95
1731,0.7240711261258661,14.938977354290703,14.938977354290703,0.006138372421264649,1.0
1732,0.7309659951245843,14.728786202470307,14.728786202470307,0.006092250347137451,1.0
1733,0.6978637415118782,15.755823954177211,15.755823954177211,0.006129562854766846,1.0
1734,0.6871616033335137,17.067856672665748,17.067856672665748,0.006117010116577148,1.0
1735,0.6753099887388919,18.504637862125076,18.504637862125076,0.006126928329467774,1.0
1736,0.7559634748701167,14.348637077643337,14.348637077643337,0.00605696439743042,1.0
1737,0.6815876044424972,15.363592929325682,15.363592929325682,0.006053364276885987,1.0
1738,0.6965687462249341,17.726251843679172,17.726251843679172,0.006043779850006104,1.0
1739,0.6913646053562007,17.64348475293597,17.64348475293597,0.006077766418457031,1.0
1740,0.7339221807664288,13.843998065308238,13.843998065308238,0.006190526485443115,1.0
1741,0.7132680430117935,14.841487898262482,14.841487898262482,0.006135272979736328,1.0
1742,0.6685242058568024,17.522140686125205,17.522140686125205,0.006186580657958985,1.0
