request_idx,reward,latency_all,latency_success,processing_time,success
30,0.642026669607105,19.691789683494825,20.199742174062635,0.015057456493377686,0.9
31,0.4667025366953344,21.85697662974282,22.187885232647673,0.014427518844604493,0.8
32,0.7333058950427855,20.454785945520698,20.706890126908515,0.014719295501708984,0.95
33,0.7189704484106356,19.72169414701943,19.618012735549677,0.014650523662567139,0.95
34,0.32231616302014005,21.250874723861273,21.559718388017863,0.014348495006561279,0.7
35,0.4366302610761024,21.098136718521467,20.70967994712306,0.014712536334991455,0.8
36,0.55562502877486,20.28915467700902,21.107784052756717,0.014672291278839112,0.85
37,0.7331847549858821,21.034291085286327,20.533783548621113,0.014282679557800293,0.95
38,0.2313626079774891,17.040768128884398,17.900128136715313,0.014649903774261475,0.65
39,0.5596721873578018,20.508522383243292,20.64672498621895,0.014634311199188232,0.85
40,0.48174783395431814,18.402220735345264,18.809977016425766,0.014729857444763184,0.8
41,0.8006345798286413,20.720297553139595,20.720297553139595,0.01465076208114624,1.0
42,0.8258199454866414,21.290458624635793,21.290458624635793,0.014374971389770508,1.0
43,0.6538843594405013,18.487004565516,19.190162317195664,0.014469265937805176,0.9
44,0.6705117965069011,23.09018719356242,22.299110604037395,0.014358508586883544,0.9
45,0.4622007589948491,20.650170656420507,20.276741508934656,0.014665770530700683,0.8
46,0.7260374734182959,24.049460198375932,24.30393283509262,0.014775729179382325,0.95
47,0.6232828697577691,23.311318745837458,22.745633914607325,0.014723658561706543,0.9
48,0.6314556945753271,21.57072942607931,22.101106889669282,0.014561235904693604,0.9
49,0.6382550788621202,20.14018797423124,20.09619773936995,0.014668107032775879,0.9
50,0.4093896777146731,19.340934933487745,20.98761543197109,0.01411733627319336,0.75
51,0.4746263115596922,19.01751271410945,17.30443712452994,0.014877247810363769,0.8
52,0.8058930648502145,21.265382204576593,21.265382204576593,0.013913559913635253,1.0
53,0.5323745277238069,22.207388535713584,23.380767423410546,0.014448773860931397,0.85
54,0.4519024673996176,24.43063925574549,20.704387808648846,0.014212381839752198,0.8
55,0.5233301511054379,24.30912596542198,19.28170993111904,0.014634144306182862,0.85
56,0.5676228557915166,21.07384471291441,21.981100110631253,0.01415344476699829,0.85
57,0.43771773915190837,23.984866309961628,24.066647420087392,0.014506399631500244,0.8
58,0.6330191880120619,19.499584737781408,19.608717726795618,0.014306557178497315,0.9
59,0.6218181364503864,25.105146623418126,20.652338640521755,0.014765429496765136,0.9
60,0.5346094992298246,22.15354658788605,17.149614732761147,0.014284920692443848,0.85
61,0.7089876355615019,25.341583964502036,20.851840577482083,0.014669156074523926,0.95
62,0.606366628303062,28.514350526798104,24.470382751161733,0.014562296867370605,0.9
63,0.5130530942813756,30.035035538104076,18.57868218973647,0.015320789813995362,0.85
64,0.4550988095904646,21.623699362363734,21.033995626297703,0.014418745040893554,0.8
65,0.5321477250961538,18.048977650582657,18.633634607730222,0.014780700206756592,0.85
66,0.5569073473233541,18.486165426708954,19.199530959638636,0.014506971836090088,0.85
67,0.38001846296974795,22.512046222334938,18.30749160379234,0.014618384838104247,0.75
68,0.6415617491973191,33.375198108970785,29.17621792837261,0.014547264575958252,0.95
69,0.7205178169853509,18.232961873423505,18.355907364125958,0.014021170139312745,0.95
70,0.49179980488376634,30.571053383317768,27.08026522970184,0.01440579891204834,0.85
71,0.6778707667189728,27.523846567161257,28.336991373779284,0.014444553852081298,0.95
72,0.5478253342770111,38.53943554723376,34.78100246091054,0.014808166027069091,0.9
73,0.3516779703377286,37.05228940247822,24.633604398508293,0.014188337326049804,0.75
74,0.45808290342963104,40.913698204208984,27.998078510959697,0.014378905296325684,0.85
75,0.5775336763347633,30.32834488743719,20.4215200736373,0.014365839958190917,0.9
76,0.40567684404592635,36.89035091323562,36.38927825834914,0.014810645580291748,0.8
77,0.4516277338153625,42.2329412067178,35.28251951600652,0.014795684814453125,0.85
78,0.5260366857556613,35.6405793002873,26.720928664225756,0.01445624828338623,0.85
79,0.2301880375181892,43.54158310184515,25.967793658920492,0.01463313102722168,0.7
80,0.5793040868756265,30.262211545846224,20.649557477682517,0.014574456214904784,0.9
81,0.46137825774372115,39.10496105305616,30.82441675640126,0.014107143878936768,0.85
82,0.5355304519631712,24.689250578652576,26.546353042710205,0.014541923999786377,0.85
83,0.5297533859300287,37.14205965075273,27.860964214433935,0.014654982089996337,0.9
84,0.3200204768155344,40.09847453229862,35.108735000551846,0.01442500352859497,0.75
85,0.543296537144874,26.86790890120033,23.331633570046733,0.014120125770568847,0.85
86,0.4142014222276039,32.730175712897996,31.21460851669855,0.014432179927825927,0.8
87,0.39027660087903765,37.53316047433618,36.62460981331047,0.014066684246063232,0.8
88,0.3618035827292089,45.15246957811136,27.718178101635996,0.013901245594024659,0.8
89,0.5426493154826748,45.108966181337806,37.50471311053579,0.014351022243499757,0.9
90,0.5470586626339501,35.53598103276867,32.145969938391346,0.014293134212493896,0.9
91,0.4454440096960279,41.765027794238364,34.73071593999511,0.01481471061706543,0.85
92,0.020209059813710885,51.7752668494231,34.37887034032172,0.014750528335571288,0.6
93,0.36264156978859385,29.537489344362,32.67203882989782,0.014771986007690429,0.75
94,0.07674678771080971,40.31312258034687,30.38328447667133,0.014527463912963867,0.6
95,0.28583048096914504,46.92853207922647,36.92236567346323,0.014500606060028075,0.75
96,0.05476407629422196,48.55338615909163,18.51743996913066,0.014265787601470948,0.6
97,0.12929367703435274,48.665465163635375,27.033381122036303,0.014206135272979736,0.65
98,0.14494915497202893,44.9581616598745,27.113730328820775,0.01403341293334961,0.65
99,0.2669529149260207,48.423753071005805,37.95213179092699,0.014311814308166504,0.75
100,0.30125523661052644,45.129450296932575,41.67449588049486,0.014284837245941161,0.75
101,0.5086434143971592,26.413980274240743,16.8004802592422,0.014347600936889648,0.85
102,-0.10930437751206945,61.11851965346166,33.93101825160877,0.014550983905792236,0.55
103,0.356139294065018,49.58623932147941,33.12580272318545,0.014398336410522461,0.8
104,0.33409246505825846,29.293826850573954,20.062608100864328,0.014213657379150391,0.75
105,0.28437977128536973,27.523459020421665,25.382940955052046,0.014078021049499512,0.7
106,0.33624095707862545,52.93565687730258,38.00284010074189,0.014933764934539795,0.8
107,0.3663128496774578,47.72359424297443,43.21221095036204,0.014516329765319825,0.8
108,0.29979470192753643,40.36932060202278,40.48097231433707,0.014586222171783448,0.75
109,0.09013878764530155,77.48825995682566,61.470390653447716,0.014374101161956787,0.7
110,0.07933878458318394,62.714778859153135,49.52619341481147,0.014261579513549805,0.65
111,0.013142032038509398,60.49391401714831,57.53776171455485,0.014013886451721191,0.6
112,0.19451352519892073,54.1139092815542,46.407501584867134,0.014240515232086182,0.7
113,0.3243710355419701,49.46815202652825,40.907044573033644,0.014448273181915283,0.75
114,0.5016927933656345,37.247492520270484,29.44286492127359,0.01455329656600952,0.85
115,0.11695979335688751,54.6258494744028,52.20423481675909,0.01431882381439209,0.65
116,0.2062912115522079,50.07497009948811,48.571757054822804,0.014814352989196778,0.7
117,0.1822754597094191,52.0850216508937,29.211469604083863,0.014665937423706055,0.7
118,0.480294616377196,43.76740979007987,42.778270786494915,0.015159213542938232,0.85
119,0.43182046815507064,40.42132601073161,26.993453041169996,0.014636373519897461,0.8
120,0.2175639036713432,47.270885571090574,24.96278513866385,0.014207077026367188,0.7
121,0.4601629563277476,38.78137960573362,30.873285356167123,0.01441720724105835,0.8
122,0.09705769723686711,46.36757371546143,25.031988251858706,0.0142889142036438,0.6
123,0.5104136560810223,37.01212127014088,29.43818020339455,0.014381170272827148,0.85
124,0.2446323707776473,49.368410463907836,28.346609118944084,0.014876365661621094,0.7
125,0.4489714351160159,32.00703597084782,23.828609294666457,0.014058434963226318,0.8
126,0.15448368431622156,52.53064167503136,34.71199606385153,0.01460561752319336,0.65
127,-0.05588875885966289,40.919568918568885,26.589286456020535,0.014365339279174804,0.5
128,0.3913847628791801,45.959941328844494,27.956469233626372,0.014781856536865234,0.8
129,0.4436177042991886,48.3677898580179,36.393376299245126,0.014445102214813233,0.85
130,0.4014400394668212,46.24930522348259,42.141815796957914,0.014249038696289063,0.8
131,0.4326273181108644,39.97303779792581,26.45451395499284,0.014266645908355713,0.8
132,0.5011276519604301,41.74883501469696,28.869545115398044,0.014168405532836914,0.85
133,-0.06882766830620995,53.604982945535404,13.608319383292667,0.014274609088897706,0.55
134,0.31915681431056814,48.04833938822353,33.06063668618705,0.014199209213256837,0.75
135,0.47655114544197474,37.110984508616966,29.468772374410243,0.013872694969177247,0.8
136,0.09840409569256872,65.50169560989966,47.26494488105156,0.014138805866241454,0.65
137,0.4854691982340552,27.474194085097942,23.237039230022717,0.014311468601226807,0.8
138,0.3626334983595742,46.98427332638513,29.68197671765118,0.014402616024017333,0.8
139,0.27542526620602265,30.972298065329813,19.358086770829534,0.015016186237335204,0.7
140,0.3212358273669003,23.19480659541282,17.374652871844305,0.014147913455963135,0.7
141,0.25888017173750066,41.08718390238613,23.694093163369246,0.014607059955596923,0.7
142,0.6485546710684955,31.619478993735868,33.81798243620952,0.014492058753967285,0.9
143,0.6948685865049968,30.607834313405466,26.4956904720679,0.014332878589630126,0.95
144,0.683432837559927,22.09176457710915,22.179772425203215,0.014177465438842773,0.9
145,0.7101498521072371,28.779669805630522,24.372215331667295,0.014553678035736085,0.95
146,0.6995969519103534,37.87675624144915,33.06244687480688,0.014450633525848388,0.95
147,0.5645437302402979,45.29133402792594,48.29223850430894,0.014356553554534912,0.9
148,0.46683259262996557,27.237974465729042,24.124398842517213,0.014647388458251953,0.8
149,0.5763232981094583,22.715121728885176,24.408875112675332,0.014411365985870362,0.85
150,0.47840628643326966,21.683343478288084,16.612325058787302,0.014111053943634034,0.8
151,0.6410899085427866,27.495294309949582,28.674894198524644,0.014200913906097411,0.9
152,0.4986277360734471,24.032025856018503,18.931854543383487,0.01449122428894043,0.8
153,0.6264130307849164,33.840569660789406,30.37529430392295,0.01446096897125244,0.9
154,0.5901291754436027,40.569671751235866,37.59520474152483,0.014434373378753662,0.9
155,0.6835173773623855,32.50404147926198,33.13979175555715,0.014766156673431396,0.95
156,0.5488959734346809,27.60984034946937,29.626117703381322,0.014090323448181152,0.85
157,0.28588873605970316,22.628271860648628,17.13428234348807,0.014235389232635499,0.7
158,0.3179664312242886,37.41122420329407,23.361877557269356,0.014609694480895996,0.75
159,0.5276717520596038,31.169047130613556,22.22846965368972,0.014232933521270752,0.85
160,0.5206995344944445,34.25746616201595,26.038116052262993,0.01469426155090332,0.85
161,0.5710916560021209,24.156222562061885,19.343527939642993,0.01465688943862915,0.85
162,0.41865351414284707,32.23346974708735,29.833199669218477,0.014308369159698487,0.8
163,0.6609629088259004,27.564837942439095,17.709916530835592,0.014792728424072265,0.9
164,0.619632776321424,19.432476048086272,20.104695090229736,0.014492988586425781,0.85
165,0.5231952318807197,26.52901767270755,22.81388250361769,0.014617741107940674,0.85
166,0.4231935623428539,21.123613458700582,17.32666672325355,0.014511120319366456,0.75
167,0.46828516233680517,25.174121467762923,20.997010350222233,0.014406955242156983,0.8
168,0.4739471643778777,23.444754074878766,18.47283300400959,0.014052700996398926,0.8
169,0.47414994035531866,24.883520172366506,19.334339434467083,0.014477288722991944,0.8
170,0.31694265795086013,30.325158222010213,28.48339993029609,0.014355301856994629,0.7
171,0.7266221717703629,26.850975406048054,22.152543529943145,0.01445310115814209,0.95
172,0.7261108822839747,31.01228690295759,26.604672502198593,0.014406955242156983,0.95
173,0.449604227544536,30.362766353565018,21.985092891477983,0.014305269718170166,0.8
174,0.49207802306538956,27.87687485923355,18.470923969064387,0.01456437110900879,0.8
175,0.4119768035145116,23.883370996796987,18.897942893908287,0.014387047290802002,0.75
176,0.37361827192896857,31.21645797578111,23.105905730449216,0.014205944538116456,0.75
177,0.23436980509109823,47.67653522918489,53.13170149181253,0.014300549030303955,0.7
178,0.44251771171428445,18.800232697635884,19.195468375168385,0.014735698699951172,0.75
179,0.714258443631107,29.219829501304723,24.291175617615735,0.014275169372558594,0.95
180,0.37349398209070805,38.03566857197574,24.981009599954977,0.014291775226593018,0.75
181,0.4414018913527419,23.161701431420624,24.878393000844916,0.014502084255218506,0.75
182,0.46889019561207823,27.736811773148123,17.77634313098143,0.014399850368499756,0.8
183,0.7324841945704051,24.83727556821992,24.994661983064148,0.014385247230529785,0.95
184,0.6015782836478974,38.08796093426626,29.02182270855944,0.014390218257904052,0.9
185,0.1573899891905231,29.9801693859581,20.439854656357486,0.014534842967987061,0.6
186,0.4476343980193513,30.906992742120103,22.960188128797657,0.01461886167526245,0.8
187,0.7836787518379735,14.210143815267074,13.966919182835541,0.014537966251373291,0.95
188,0.3616628447784425,35.973642994159896,30.381858421643425,0.014473867416381837,0.75
189,0.5148910209456241,29.873962545180923,26.448965642613093,0.014420127868652344,0.85
190,0.6529427152521414,22.769673541362117,23.372683196128158,0.01420423984527588,0.9
191,0.6200081749076398,29.114280906512654,25.050816535285122,0.014472877979278565,0.9
192,0.6403993587468777,29.581050861293296,31.40343364703401,0.0143660306930542,0.9
193,0.7215670050444988,32.50036017690006,33.40484747488947,0.014952909946441651,0.95
194,0.32095906655923906,29.001696349202888,19.257220094213007,0.01458582878112793,0.7
195,0.4912429384519551,26.778506172007603,26.24697985299631,0.014264988899230956,0.8
196,0.7642657037763895,25.39359499918067,26.02429229286832,0.01442878246307373,0.95
197,0.5703026146979762,20.81393134920733,21.23440304324668,0.01432119607925415,0.85
198,0.8342106523523907,23.375089274170723,23.375089274170723,0.014361083507537842,1.0
199,0.4426390840781467,28.21185059092233,17.21966565258337,0.014303696155548096,0.75
200,0.1171720313038429,35.14189308553375,27.06969118488966,0.014347565174102784,0.6
201,0.5380109162687952,36.09788107056592,32.789917097069726,0.014525306224822999,0.85
202,0.7689853290560705,18.73568460509547,19.108505969829046,0.01451408863067627,0.95
203,0.842063284877742,23.99776759367873,23.99776759367873,0.014445924758911132,1.0
204,0.8813736771874364,19.694214194462628,19.694214194462628,0.014507758617401122,1.0
205,0.42268081951079894,21.842834811409155,17.603087096363126,0.014828681945800781,0.75
206,0.7851521070892657,19.224491359857346,19.69243645787327,0.014205384254455566,0.95
207,0.6387617575556123,23.15850622466913,24.016273700849425,0.014396262168884278,0.9
208,0.40899614101772996,34.47579583762081,20.314129983760292,0.014253294467926026,0.75
209,0.3513423534990318,33.00510379080164,35.11257422502958,0.014380455017089844,0.75
210,0.48417695470898875,31.834431867628933,28.29932619277964,0.014270508289337158,0.8
211,0.5410660548000263,33.458202755330895,30.156016391328013,0.014314377307891845,0.85
212,0.6274828646825086,33.54933681402848,24.4834599424086,0.014740586280822754,0.9
213,0.4844017490292102,26.751470662023713,22.962783975512174,0.014867007732391357,0.8
214,0.5373670053515025,33.955818704033014,31.250144326641394,0.014421451091766357,0.85
215,0.6638662056245958,23.186102094859496,17.40218121633505,0.014714956283569336,0.9
216,0.5926505481443056,23.43242379529164,19.259392302747305,0.014207565784454345,0.85
217,0.6180679632552754,36.14275653170567,27.51617453907248,0.014665484428405762,0.9
218,0.5788497440698426,29.63413147663083,20.469737832135074,0.014789211750030517,0.85
219,0.6398676726925633,34.852948617291695,31.875304125381824,0.014947009086608887,0.9
220,0.6505841604414959,30.263403586182818,26.231563006818167,0.014497697353363037,0.9
221,0.2834608720347477,39.33777857568022,17.994428253315576,0.014223074913024903,0.7
222,0.6311601976779179,32.07103881122012,33.79834153740446,0.014499497413635255,0.9
223,0.5154548500016057,19.493757160276626,20.672648685228594,0.01462620496749878,0.8
224,0.27186679122309243,33.6101659542907,19.46272398842413,0.014161455631256103,0.7
225,0.5676698884248184,29.695487932255766,32.06607766772282,0.014554941654205322,0.85
226,0.6762900770216425,26.171700360150833,22.419834445256978,0.014703214168548584,0.9
227,0.4811024917256619,20.952795444919293,22.22544915705067,0.014501667022705078,0.8
228,0.4054816657647368,24.515876256072833,18.851893383616474,0.014337897300720215,0.75
229,0.5672948477017014,36.90453031881031,33.298043211987306,0.014106106758117676,0.9
230,0.44449238072212427,27.993084480288758,23.455203706609876,0.014434480667114257,0.8
231,0.2851939066487105,37.59336945049485,33.63690239199227,0.014424824714660644,0.7
232,0.4732592689048113,29.20628791654684,26.851212525718182,0.014487099647521973,0.8
233,0.5559082811737852,28.79802754637233,25.991379205108927,0.014330625534057617,0.85
234,0.6481710511713694,25.07501445126784,20.741170588751007,0.014243865013122558,0.9
235,0.5356340915811604,34.94381623984533,26.934855557734846,0.014118432998657227,0.85
236,0.7568802531273937,22.815792828560337,22.94840085507744,0.014283359050750732,0.95
237,0.554781354182703,31.5470427537201,28.542284071557937,0.014575839042663574,0.85
238,0.38888947709247174,28.40246242386893,25.6996022574679,0.014191114902496338,0.75
239,0.4756251672864133,26.71601376643406,23.25093538135033,0.014611423015594482,0.8
240,0.4803811489693036,24.13128119497845,19.922853924301855,0.014362907409667969,0.8
241,0.33042934265991525,39.508650129067,32.67930471505001,0.014590811729431153,0.75
242,0.34919250607634866,33.14324947475576,25.463103770690168,0.014601731300354004,0.75
243,0.550604820007296,27.18744913758015,22.436415291795466,0.014439690113067626,0.85
244,0.5135067603461699,33.97687219643204,29.847587327979237,0.014282119274139405,0.85
245,0.46541544667543455,27.10037760496495,23.802993524484656,0.014301788806915284,0.8
246,0.22262185659518646,49.88263312065255,29.670353977143147,0.014307928085327149,0.7
247,0.4150486233092641,47.69090830481072,31.457307397449092,0.014421033859252929,0.8
248,0.006465564749224007,45.161233143340645,22.502856045201646,0.014586067199707032,0.55
249,0.34039051434318834,38.37660160521058,26.22946896797746,0.01457076072692871,0.75
250,0.31308934053428034,49.26499198395797,34.34799758040538,0.01428673267364502,0.75
251,0.6265256464359585,38.71056468942366,29.986650805662904,0.014153611660003663,0.9
252,0.2791760421395121,37.55503226795467,33.472635798254935,0.014501988887786865,0.7
253,0.35476093968883876,37.91419739450409,32.60277737945895,0.014621257781982422,0.75
254,0.2997334740830361,27.681802961229987,25.02942370457517,0.014499902725219727,0.7
255,0.563523502800383,29.884289543810915,20.934217357027578,0.01454101800918579,0.85
256,0.39291813902385797,29.675720856535452,24.887993644011768,0.014316964149475097,0.75
257,0.7199892819454264,28.141654185116117,28.86048829241713,0.014429664611816407,0.95
258,0.738734062491673,22.991577615873414,22.139254620138775,0.015417933464050293,0.95
259,0.5070966270241529,24.44524613201993,19.40656395617571,0.014561808109283448,0.8
260,0.5989779557017387,32.83107358558125,27.79758881654792,0.014800739288330079,0.9
261,0.5633662407625362,23.655210555950966,23.7475369305457,0.01466430425643921,0.85
262,0.637995968070207,20.536849098219,15.446478910169503,0.014945733547210693,0.9
263,0.6771953204646742,23.25880867081164,18.55714478781251,0.014624440670013427,0.9
264,0.5791663781557425,29.14415430611686,24.771917112565372,0.014634263515472413,0.85
265,0.5155059031578897,34.644906201341044,31.337734080044978,0.01455392837524414,0.85
266,0.5933407781136606,26.932579633045368,21.59954987286898,0.01451420783996582,0.85
267,0.4403082832271755,38.49657396448373,32.02227570491815,0.014866304397583009,0.8
268,0.5912509754501233,41.80092715249091,38.95429203147242,0.01454334259033203,0.9
269,0.5918937887008063,27.60426168694685,22.827073608552727,0.014534437656402588,0.85
270,0.558245851857488,32.082739341006906,35.16686237769767,0.014625072479248047,0.85
271,0.5988131265343177,23.79980348632609,18.69489734027975,0.014636814594268799,0.85
272,0.47245343174692217,32.09825011611117,22.21178039352109,0.014423120021820068,0.8
273,0.3988647301236378,27.542469667575197,16.718135663947155,0.014644491672515868,0.75
274,0.3574751561923179,33.84625884877654,32.9887821835192,0.014336252212524414,0.75
275,0.4746440317495767,33.54518893152366,32.602923533390225,0.014608561992645264,0.8
276,0.6571777996346031,30.29102355966296,25.55794947687456,0.014633893966674805,0.9
277,0.4736285231874984,32.21398350542625,22.51091225607123,0.0144109845161438,0.8
278,0.07165616487303289,47.05596614532229,25.086248960433775,0.014450538158416747,0.6
279,0.5019618186888093,23.779794406731376,24.087933590359086,0.014849603176116943,0.8
280,0.51616658865103,37.65831600688836,30.541174247731625,0.014417850971221923,0.85
281,0.39680261669676475,32.10432124267774,31.58283618694696,0.014466309547424316,0.75
282,0.5427336345440015,32.889485258764175,29.618912161614062,0.014645040035247803,0.85
283,0.5647489954212193,26.700655949107993,22.989132754290807,0.014340198040008545,0.85
284,0.5651592667917379,31.064521298312656,32.71588412845305,0.014283442497253418,0.85
285,0.35801604158694966,37.61902973612131,30.27447876629386,0.014435839653015137,0.75
286,0.5404068902943444,23.74852389917941,24.98918620583702,0.014572358131408692,0.85
287,0.32688355304628713,47.32543957247053,31.39782717756596,0.014780843257904052,0.75
288,0.4631284392925229,23.26039472284168,24.454155961716406,0.014293146133422852,0.8
289,0.6276950949568155,35.274041774085184,31.745760143526063,0.014429104328155518,0.9
290,0.4640165924923556,36.57065674477294,34.11544881397688,0.014584851264953614,0.8
291,0.5130510210861409,44.806058413954574,36.359999492334985,0.014237523078918457,0.85
292,0.4393535586063909,41.60760495594618,35.094165951371366,0.014528584480285645,0.8
293,0.18497158050703766,35.14895124490074,18.006982545317413,0.014732253551483155,0.65
294,0.578958845876328,31.57552317830793,15.289372984950212,0.014354169368743896,0.85
295,0.8144878173270991,28.203466253517593,28.203466253517593,0.015154409408569335,1.0
296,0.6210614359216378,34.162862394089224,30.246674086308538,0.014426958560943604,0.9
297,0.4923913536777945,39.504443869757125,32.289644259211045,0.014716804027557373,0.85
298,0.4421572492462566,34.16275207642673,26.490331985565973,0.01462308168411255,0.8
299,0.5551985652608086,34.75458788299919,31.714443576481614,0.01458662748336792,0.85
300,0.6007469256470094,22.855488762984955,17.527260199873155,0.014657711982727051,0.85
301,0.5661990947238982,34.23233477271107,25.946128999058597,0.014576911926269531,0.85
302,0.6457066019280036,30.848002174355894,32.40599473428276,0.015080630779266357,0.9
303,0.5478350339431897,32.4248109171713,29.848038170137123,0.014801812171936036,0.85
304,0.5245358492082107,34.4825113841628,26.083625537573226,0.014566552639007569,0.85
305,0.37554217934778167,48.95122802852735,44.420429570468215,0.014599597454071045,0.8
306,0.35112896850724473,39.677337295074565,28.454398516050002,0.014722371101379394,0.75
307,0.835846540434041,29.115582646262084,29.115582646262084,0.014787721633911132,1.0
308,0.14715965166681744,47.01037730327652,33.729961599583696,0.014550459384918214,0.65
309,0.42975434862813966,23.646349912208894,24.293753386326898,0.014930832386016845,0.75
310,0.41360860851944653,44.33452827421725,25.80131894872918,0.014535343647003174,0.8
311,0.5978331736770426,38.82051593023627,30.138354495879817,0.014466321468353272,0.9
312,0.2551042218202149,44.029811354040554,41.22223520092739,0.01458226442337036,0.7
313,0.5798471078300904,27.493730519490896,23.820731636739787,0.014560818672180176,0.85
314,0.5245555968628686,35.109576882773105,32.31920826296159,0.014165663719177246,0.85
315,0.18205437223542473,39.337580245388764,34.69289904388898,0.014411628246307373,0.65
316,0.4270350751642512,39.564204130488505,37.72418032365553,0.015205085277557373,0.8
317,0.5397809836769798,33.211070039856914,28.19052392878331,0.014660239219665527,0.85
318,0.5288684367381147,39.1264168508159,30.96920422203488,0.014352524280548095,0.85
319,0.6784019438346559,19.80806656540964,14.804253511204584,0.014463865756988525,0.9
320,0.46675937658822686,32.58094988608658,25.229857186613934,0.015123939514160157,0.8
321,0.6451367690954367,30.626445299445116,26.983957779699978,0.01454765796661377,0.9
322,0.5897205562333638,17.272203207038206,16.97444600517775,0.014460909366607665,0.85
323,0.5165200586182416,24.20833047274798,19.490329842880403,0.014556181430816651,0.8
324,0.3815648639225139,29.774312278522114,19.14397514244032,0.014278900623321534,0.75
325,0.24200423913887983,38.68174007640146,33.65188181399437,0.0149200439453125,0.7
326,0.5355353537500438,33.78015297814774,24.93570421658858,0.014315342903137207,0.85
327,0.46781627421347727,28.152830856997703,17.222909378141082,0.014477622509002686,0.8
328,0.8240262018433911,27.296219927776423,27.296219927776423,0.014385485649108886,1.0
329,0.4455554279224879,31.941729138805112,29.36573338053116,0.014254260063171386,0.8
330,0.5105079027019389,42.307733327669204,40.7873847212552,0.014422571659088135,0.85
331,0.7033432192069095,23.55754539115058,23.96434135430023,0.014668965339660644,0.95
332,0.6522709898837727,27.43974933069141,23.208804806611415,0.014488255977630616,0.9
333,0.5718430577320729,46.3308081541771,43.838386475495916,0.014242041110992431,0.9
334,0.42806791260433813,38.09024360604082,30.988172371673784,0.014679217338562011,0.8
335,0.7119571882054919,39.93339980998685,35.250124929264686,0.014593696594238282,0.95
336,0.3491842782404685,40.50163115301723,27.628502480617815,0.014979410171508788,0.75
337,0.35462314574598597,40.00163410185463,32.648955133008016,0.014189207553863525,0.75
338,0.52554855105324,43.0496976878378,35.25327125281778,0.014357662200927735,0.85
339,0.6195943848050954,33.2806292003613,29.74899493098178,0.01414330005645752,0.9
340,0.5065683358768446,21.71682734591746,16.699685847997767,0.014494383335113525,0.8
341,0.6887225369030725,41.949970309218955,38.030342183415975,0.014551937580108643,0.95
342,0.3855892805775044,33.75943586825772,27.230593051444508,0.014455962181091308,0.75
343,0.4844328031389088,27.600033246467042,18.32577814142084,0.014600050449371339,0.8
344,0.6091919232454213,23.79509350144085,19.339960203961557,0.014199495315551758,0.85
345,0.5325306575952495,28.74591863656616,30.71538061074181,0.014361286163330078,0.85
346,0.36541926861733826,29.49295739035398,25.798809442050306,0.014137625694274902,0.75
347,0.734344164032629,30.308542350235747,31.04717935128941,0.014359652996063232,0.95
348,0.6456807684770317,29.198115879196717,30.081444304598293,0.01469748020172119,0.9
349,0.5646903454673944,29.16725228895273,24.389340121738098,0.014422810077667237,0.85
350,0.6377187501219344,28.951312352406852,30.786831318348163,0.01446918249130249,0.9
351,0.8324652058605142,23.96421938717544,23.96421938717544,0.0143119215965271,1.0
352,0.6869446618537062,40.371442279255916,36.336914378816985,0.014242208003997803,0.95
353,0.6476764205725575,23.904207456232626,19.134381699004376,0.014455938339233398,0.9
354,0.32981149084866324,44.50449411860107,28.222595857879547,0.014374208450317384,0.75
355,0.4892878886627348,45.02405672994504,39.11468330074963,0.01447526216506958,0.85
356,0.1924659627191559,33.28211205293197,27.311515637480003,0.014309358596801759,0.65
357,0.37709455907528666,34.72737538933959,27.553821551365093,0.014280867576599122,0.75
358,0.2255382883410761,45.58770423082838,42.21742774624847,0.013947868347167968,0.7
359,0.30841181470370227,48.08578949333975,37.77325291324221,0.014330601692199707,0.75
360,0.5810514438348146,38.16503235035084,30.19283718588004,0.01457834243774414,0.9
361,0.6948196175176337,33.75166751704619,33.57391641202883,0.01429980993270874,0.95
362,0.3853910620978925,32.96379994776893,16.449019928082986,0.01426769495010376,0.75
363,0.6615543167442685,22.034036002006815,23.072310979180934,0.014115679264068603,0.9
364,0.45725628140884533,30.421264079814705,33.93948949124683,0.0151481032371521,0.8
365,0.45638618268894116,32.86212661424754,24.44848325741991,0.014478349685668945,0.8
366,0.5784187992303987,26.296981203148555,16.537094927319128,0.014350044727325439,0.85
367,0.24741629612015953,41.29315095557793,24.392585394847725,0.014263284206390382,0.7
368,0.5130553824032739,42.27467636150455,35.66303470680676,0.014454460144042969,0.85
369,0.32939183318114684,23.13457332049215,18.7392222447075,0.014522194862365723,0.7
370,0.4594659901854505,30.975388778194674,21.887076640355993,0.014010906219482422,0.8
371,0.4679953125828358,31.50556471997988,23.602748990157828,0.014335453510284424,0.8
372,0.37754100798605783,31.14283754438751,16.172279952568783,0.01421760320663452,0.75
373,0.7189109243153577,32.17683862509586,32.74517894035281,0.014570903778076173,0.95
374,0.7532573352683165,29.589908251283823,25.28558924517302,0.014564001560211181,0.95
375,0.4546511848213502,35.17925141933205,21.663984869231268,0.015490853786468506,0.8
376,0.7601195632293158,27.387238609357684,22.9771882202815,0.014671075344085693,0.95
377,0.7362128007537085,27.857817720042114,23.617844676250645,0.014470422267913818,0.95
378,0.5446660002203896,34.11514097120601,25.63895923257185,0.014651787281036378,0.85
379,0.6000414117701401,34.29810345526926,30.82892936347036,0.014252674579620362,0.9
380,0.708749836647094,40.42433173263447,36.287073677139894,0.014573049545288087,0.95
381,0.17123622001125852,37.50534796171796,24.54157192898365,0.014466345310211182,0.65
382,0.45289065081067037,31.794788656020096,23.834213932299413,0.014544427394866943,0.8
383,0.305057746641803,33.49051535602278,21.042388310511466,0.01443854570388794,0.7
384,0.35837182357102787,39.499041735678325,33.65397131632889,0.014059126377105713,0.75
385,0.6044429526494202,23.657802822145104,19.691370495496603,0.014634394645690918,0.85
386,0.1811746534699734,44.52789340815005,34.84100854803877,0.014279460906982422,0.65
387,0.5609209791402734,29.212125856404526,25.39615222324945,0.014316225051879882,0.85
388,0.42030090504172557,39.16277759724784,31.823029607112495,0.014311206340789796,0.8
389,0.4863050895734265,46.124831037477165,39.208199208678316,0.014387214183807373,0.85
390,0.5983311645529372,40.19686714134409,31.501619995648475,0.014950156211853027,0.9
391,0.6654108666901021,27.71963001994468,22.600952290024132,0.014406979084014893,0.9
392,0.5926400658935513,23.25182069007047,18.39388164467954,0.014404678344726562,0.85
393,0.24147265554505343,48.810841977335016,41.733092721564425,0.014519917964935302,0.7
394,0.33857411265080095,43.299083121453904,32.21820606787347,0.014179682731628418,0.75
395,0.588045975037984,43.29013989827736,45.90039800658321,0.014504468441009522,0.9
396,0.43764847434194143,39.249196882670944,44.58608796432612,0.014065706729888916,0.8
397,0.456100577118345,31.05669589947258,33.32338275413418,0.014578580856323242,0.8
398,0.6763722363987983,22.338810621091056,17.597868586836785,0.014876961708068848,0.9
399,0.44289141444565205,36.14977296375255,26.642701806971445,0.014376187324523925,0.8
400,0.4611336574926185,35.065156343802826,27.208007607015983,0.014205586910247803,0.8
401,0.6854752378508079,17.662603756162973,17.853770913190314,0.01426008939743042,0.9
402,0.5660209748541458,23.701514962538813,19.7575745313131,0.014334988594055176,0.85
403,0.7401199027961078,22.10225919603061,22.605510656205773,0.01433812379837036,0.95
404,0.4099304448940332,42.742179275503545,35.98980902146259,0.014430665969848632,0.8
405,0.31400224483083644,45.88635919033009,36.43687981691737,0.014518141746520996,0.75
406,0.6708747042995401,38.81998096642199,34.6440511567748,0.01477508544921875,0.95
407,0.4354978010909535,40.01808090167786,39.69066708591457,0.01407839059829712,0.8
408,0.5330422917668282,41.06460678127774,27.10588725864124,0.0149011492729187,0.85
409,0.5714565703448924,27.489013275541346,23.487874366898925,0.01415860652923584,0.85
410,0.46726256220344914,30.31838670636272,21.801731770513832,0.014632642269134521,0.8
411,0.3344859405524555,43.1115793090895,44.54412752063762,0.014484894275665284,0.75
412,0.5057898981249064,20.908565246067262,20.873208735033987,0.01495378017425537,0.8
413,0.6376594397593358,28.102034176040245,29.920022720567218,0.01465744972229004,0.9
414,0.4604235442273003,27.347733881718447,30.409101036370338,0.014264893531799317,0.8
415,0.3261469816125865,21.192196531402708,16.509839538301073,0.014490973949432374,0.7
416,0.6736555383442133,23.49605804966697,19.046797027078775,0.014631164073944092,0.9
417,0.6367083173687736,23.562055644133277,24.416213708830824,0.014256107807159423,0.9
418,0.42702425578396264,44.4608705815564,25.91190911674893,0.01430044174194336,0.8
419,0.5101779964475429,37.10350650326744,30.013323744604513,0.015287017822265625,0.85
420,0.5186555021632445,37.62650692035704,34.621280318511026,0.014534533023834229,0.85
421,0.16613074017152002,43.63209592460197,26.85628955455491,0.014804220199584961,0.65
422,0.47068542840371935,44.56118621131725,43.977154510000844,0.015035033226013184,0.85
423,0.48693252956060346,43.525942394576326,35.86510217075478,0.01465744972229004,0.85
424,0.43101827827044537,37.67808179152635,30.60954359934751,0.015031206607818603,0.8
425,0.615947653852439,26.538973741621362,22.58193408173123,0.014715361595153808,0.9
426,0.4657797950938999,28.971632467073437,25.200783820483274,0.014421069622039795,0.8
427,0.3388609260427641,26.42875298566297,17.08774378254625,0.015384936332702636,0.7
428,0.49298677729904233,43.81937760893082,36.62875382378187,0.014487338066101075,0.85
429,0.711051206258636,28.676649194107,23.93313908576464,0.014745426177978516,0.95
430,0.06644172398562681,43.15095912642939,26.44242274045502,0.014623987674713134,0.6
431,0.3961976248870929,28.283250201718296,24.286661246625634,0.015124404430389404,0.75
432,0.3618540120534638,31.389096382376476,16.94689379530051,0.01456061601638794,0.75
433,0.5644501880046016,33.46356092526459,24.617861432154342,0.014491462707519531,0.85
434,0.697489445886171,29.734728362167022,30.596555686521008,0.01513744592666626,0.95
435,0.5166807541959084,35.69051335395102,21.53222906123816,0.015064191818237305,0.85
436,0.44596528708459776,31.305928947513472,29.46230087415335,0.014474129676818848,0.8
437,0.6718754936945069,19.21541133285408,19.40489931955753,0.014927029609680176,0.9
438,0.6500782517428325,29.264787878578716,30.935216169204637,0.014691042900085449,0.9
439,0.3024203097646179,31.458421921695667,22.576870394323013,0.01504589319229126,0.7
440,0.6234447395009745,24.12834010431518,25.432154273472907,0.014912903308868408,0.9
441,0.3045862204516817,28.325325109305112,19.93668472454237,0.014623868465423583,0.7
442,0.45977165943391984,33.605251387338555,19.584615565973372,0.014701640605926514,0.8
443,0.4594164475277022,35.71276387780851,28.23436468743332,0.014336001873016358,0.8
444,0.6058477984418275,19.19908982541657,19.143707500767864,0.014532756805419923,0.85
445,0.8005171757352286,27.135253771556314,27.135253771556314,0.01433565616607666,1.0
446,0.7132552838852658,38.61207276501828,34.27052707882686,0.014319097995758057,0.95
447,0.6445936033938316,27.44884961116539,21.73543688999463,0.014531052112579346,0.9
448,0.6170680104905399,26.377894169099886,21.443957398240737,0.014277589321136475,0.9
449,0.5517258118408473,25.493879009600413,26.67904371799679,0.014688229560852051,0.85
450,0.4406111621856005,36.487399400726275,35.29384112499652,0.014331293106079102,0.8
451,0.46183702177170094,30.535788736344976,34.74989213379622,0.014900052547454834,0.8
452,0.29819371076532947,28.026927763076884,26.054733719813704,0.014233601093292237,0.7
453,0.46091733997072815,45.22789207678069,32.67154382300413,0.014408564567565918,0.85
454,0.6337569194937543,33.698566861706055,30.206623043432767,0.014307069778442382,0.9
455,0.37089640528339196,24.115127452145884,19.777935686921417,0.014165401458740234,0.7
456,0.39784568829213734,25.24189411991774,27.135180592231812,0.01436941623687744,0.75
457,0.5116920041757174,25.478462689927103,21.501460581702702,0.014404833316802979,0.8
458,0.5745377895720746,27.507064471630123,29.367190074066013,0.014452493190765381,0.85
459,0.6430143011191649,30.050864705909998,31.398377223723728,0.01471184492111206,0.9
460,0.36823810739525226,35.63403755257195,34.97006993960971,0.014199566841125489,0.75
461,0.6212350023558848,26.696068094490208,21.358406018229864,0.01395730972290039,0.9
462,0.29863154158009636,40.755047028725734,22.612229073217435,0.014737749099731445,0.7
463,0.37971279702858507,28.987649487236894,33.262631406135455,0.014443206787109374,0.75
464,0.36818061301757554,35.97842813629635,16.121210513080953,0.014281177520751953,0.75
465,0.34245519246759326,35.342234277926735,22.013488438995406,0.014120149612426757,0.75
466,0.4331500138258112,37.54806056869779,30.07679656618142,0.014293062686920165,0.8
467,0.4040977378735148,27.73670126964157,17.193428417603492,0.014091110229492188,0.75
468,0.3830675509660021,35.776421034959114,23.238255318702663,0.014305627346038819,0.75
469,0.4106473340830421,46.01749458317157,35.14414822957592,0.01452120542526245,0.8
470,0.6214288801662242,38.54328788399326,35.9340674574312,0.014690136909484864,0.9
471,0.33293925341757136,27.4582574870131,26.385039867526434,0.01443324089050293,0.7
472,0.7195336882731647,17.639096074698703,17.846523473498177,0.014876115322113036,0.9
473,0.5205729080474554,35.693497782746604,32.972226512909295,0.0144730806350708,0.85
474,0.38123847929245536,30.893488887504315,22.345269807979328,0.014358508586883544,0.75
475,0.5142543444153818,43.23933950021496,35.41954382073122,0.01494288444519043,0.85
476,0.33704874554730363,39.55753544415008,26.41359960377181,0.014667153358459473,0.75
477,0.6457858939004819,30.12385513483398,26.466527389521644,0.014119184017181397,0.9
478,0.49873682890792087,18.07112518562932,19.12447561616356,0.014420688152313232,0.8
479,0.5168729257722852,24.28681900728138,18.257517943836167,0.014359068870544434,0.8
480,0.5705932617681393,43.45689866417058,46.524196191589176,0.014441168308258057,0.9
481,0.5384366597891799,32.106102563708944,29.51016824536369,0.014951574802398681,0.85
482,0.3434395265958156,43.57503423502649,32.444652138548165,0.015015459060668946,0.75
483,0.556306248750227,27.53227435002311,28.12228087459729,0.016149866580963134,0.85
484,0.6568050766205966,26.67897044385443,16.533755675465628,0.014956009387969971,0.9
485,0.626372519519277,28.488086665567174,24.139058070645095,0.014708375930786133,0.9
486,0.7384670947513575,27.706028626143524,28.507501192703323,0.014934277534484864,0.95
487,0.5118511897025099,33.48737155163977,24.20792633197772,0.015201735496520995,0.85
488,0.37097904273478505,36.17053261826285,16.851762412223046,0.01486297845840454,0.75
489,0.5620016098234819,24.95386547879871,26.02788369913936,0.014892244338989257,0.85
490,0.6301528517038965,25.267065653522206,21.185701997017798,0.014731395244598388,0.9
491,0.15795418848117723,49.3456087995807,26.000681074107714,0.01524897813796997,0.65
492,0.5212526716899303,39.14653461968077,31.706497094653983,0.014754295349121094,0.85
493,0.5020616602702276,28.199311666685492,25.438050128514007,0.015447711944580078,0.8
494,0.6376085973530291,21.90253698085798,17.268457725765998,0.015050816535949706,0.9
495,0.7462660840932738,24.39985811905482,19.80751489533485,0.014653432369232177,0.95
496,0.6409760781863548,32.381784200417314,23.455704838421692,0.014768481254577637,0.9
497,0.30545981362004815,52.744418133411855,38.566037832981564,0.014770948886871338,0.75
498,0.2113451467343579,57.50388872818886,40.239340997259085,0.014600801467895507,0.7
499,0.7351827714190493,26.183524879130136,21.766988919628666,0.015030920505523682,0.95
500,0.2091194444315479,31.32636823731206,17.939665516697467,0.015246379375457763,0.65
501,0.4926511344219823,47.77352535239519,36.53050675104321,0.01451016664505005,0.85
502,0.4272588677723572,31.459033871640724,30.004779332695573,0.014664137363433838,0.75
503,0.7239983214348852,26.952529561279807,22.298519631930752,0.014744722843170166,0.95
504,0.3561545961206934,37.308719701069506,30.16798409620408,0.014816606044769287,0.75
505,0.4148512100780957,24.43924955193249,20.965409896510756,0.01499192714691162,0.75
506,0.558148193391936,22.32573933941218,23.17039899742227,0.01521843671798706,0.85
507,0.544435554684542,25.32240324547206,27.284955576935058,0.0156943678855896,0.85
508,0.5711600474218896,21.24805091098943,17.166607012081645,0.014976155757904053,0.85
509,0.5878933702848343,26.97484861139649,23.054619718670637,0.01431601047515869,0.85
510,0.49895155647892303,28.115779038985956,23.083365262060767,0.0144447922706604,0.8
511,0.7828292854877615,18.82186885725458,18.15119585110162,0.014419782161712646,0.95
512,0.5368974308086454,27.50431271260653,18.674567915330076,0.01440807580947876,0.85
513,0.43796785447724773,24.16330536005562,17.300888536492305,0.01439836025238037,0.75
514,0.7248773374377612,30.815683042525837,25.825548372926548,0.014720940589904785,0.95
515,0.8415567220194899,23.547813845892737,23.547813845892737,0.01444103717803955,1.0
516,0.36612112348157344,34.0992215868752,16.626343502923635,0.014512395858764649,0.75
517,0.21720975144179003,45.9837767878984,41.38143147472207,0.014492976665496825,0.7
518,0.4881292316204373,45.97996495197161,38.39006160054574,0.014427709579467773,0.85
519,0.5070240147441846,36.983053416711925,28.47610409803877,0.014116990566253661,0.85
520,0.41768469057550844,43.5607130695519,30.383023304388118,0.01482703685760498,0.8
521,0.6402527784413361,29.13002253532087,24.785235125056015,0.014847886562347413,0.9
522,0.6374380623119248,32.57555923404538,34.40950125258096,0.01517798900604248,0.9
523,0.5938926783059231,39.865558186391794,31.707943649026536,0.014525115489959717,0.9
524,0.25333272202268137,32.61087390154389,24.14373421387681,0.014984965324401855,0.65
525,0.5808015747952149,19.617043545542806,19.397104984794627,0.014470624923706054,0.85
526,0.5641236544821664,45.082343155567145,37.251799663634955,0.014082741737365723,0.9
527,0.4900883740005969,42.59814767953189,41.52313546077618,0.014257717132568359,0.85
528,0.18714303642614363,33.85139236441186,24.71566535213888,0.01444382667541504,0.65
529,0.6454345261596681,22.29678589534186,17.30003707789606,0.01412431001663208,0.9
530,0.4460047954101425,29.970064352830597,15.345857367680525,0.014144539833068848,0.8
531,0.4721443833854396,31.423943717391246,28.917081328149813,0.014268922805786132,0.8
532,0.7234800915981305,22.460353489311508,17.330807283495286,0.014876794815063477,0.95
533,0.6395276188851577,25.153045478180378,15.232235156115783,0.0152107834815979,0.9
534,0.17231256948808787,42.0161777425793,25.346440964120966,0.0145469069480896,0.65
535,0.2913826382054142,33.76055755864593,26.320980436876532,0.01423494815826416,0.7
536,0.12764315295698753,36.85087807042433,18.618700181081767,0.014218437671661376,0.6
537,0.5053569340997,40.715152730747306,38.50442282192317,0.01436234712600708,0.85
538,0.39630865767084433,23.388904401992104,19.08451144759909,0.01471710205078125,0.75
539,0.6537460470888975,25.280397285054068,26.104203306984044,0.014516901969909669,0.9
540,0.5557008958062786,32.70956652050659,23.717234361862122,0.014379918575286865,0.85
541,0.4496907943151783,28.89025931505414,19.58244730453491,0.01409522294998169,0.8
542,0.6850419473050569,29.260593490794896,19.953105489594293,0.014416146278381347,0.9
543,0.5472367018746468,28.888520283550697,29.936994627739487,0.014135324954986572,0.85
544,0.7246840976440534,34.17019075843125,30.307477019811394,0.014008831977844239,0.95
545,0.45441262129942717,26.456301794056355,21.24891157132803,0.014175260066986084,0.8
546,0.4437978189409547,33.78039528371236,32.38486528423597,0.014271676540374756,0.8
547,0.475060836427852,26.50268248313938,22.877416310805998,0.015177369117736816,0.8
548,0.7137570302317373,26.827324705988797,27.025162357361836,0.015287744998931884,0.95
549,0.4034896121826634,26.809615106866147,17.20034185232229,0.014458727836608887,0.75
550,0.4922947636121819,38.176252709499956,41.77714525677927,0.014881384372711182,0.85
551,0.44921824292089296,38.60048104142935,25.734328666685826,0.014380371570587159,0.8
552,0.3127358111185928,41.14832990750487,30.081962959186573,0.014390158653259277,0.75
553,0.7229508245237661,24.65958136485198,19.780826663217603,0.014591467380523682,0.95
554,0.532410388833017,36.38933668612418,34.61837562932403,0.014407539367675781,0.85
555,0.3736062137554655,32.100076249040185,31.115217165903612,0.014431381225585937,0.75
556,0.5244058558377368,34.73882697814041,26.073590568476863,0.014556479454040528,0.85
557,0.3920873280998631,34.19165911160269,26.453519668508175,0.014295482635498047,0.75
558,0.586132210722339,17.74152585939726,16.861615609986135,0.014929461479187011,0.85
559,0.4696405778832477,26.330752478409345,21.88610853498971,0.014689016342163085,0.8
560,0.5375792385729158,34.223372546956696,26.224754240817393,0.014515137672424317,0.85
561,0.6455629384944548,31.58373635843075,27.98756696915581,0.01469961404800415,0.9
562,0.358686604599885,35.296871096467825,21.456563072009065,0.015946054458618165,0.75
563,0.35493097682557295,39.106319335094575,27.10961108282447,0.014494979381561279,0.75
564,0.5094781564274244,39.35700603135859,31.41796827005538,0.014475834369659425,0.85
565,0.06664978148458689,42.11394611668561,23.494975796428438,0.014623880386352539,0.6
566,0.6917095879823217,35.0491637081512,35.88777564237994,0.015179252624511719,0.95
567,0.749616548198119,25.364062462610185,25.49565236650972,0.014281225204467774,0.95
568,0.4892033030981673,37.57464326837771,35.591009793404524,0.014947962760925294,0.85
569,0.4164925113200642,41.6798887754354,29.136274511066794,0.01463381052017212,0.8
570,0.7719571286851665,38.9202163470667,38.9202163470667,0.015127265453338623,1.0
571,0.504843847337524,35.9044280067427,33.47486759740212,0.014327657222747803,0.85
572,0.5385130632742448,36.86277244013899,29.134316220070065,0.014311075210571289,0.85
573,0.5608141670307238,30.468224269853344,22.070588978009432,0.014248287677764893,0.85
574,0.5322950229446122,31.82999926332767,28.435425070698706,0.014798176288604737,0.85
575,0.5909274804486823,42.827195490718694,40.43926817329154,0.014231467247009277,0.9
576,0.48975103718411794,37.76336749646761,36.333594718412385,0.01471773386001587,0.85
577,0.5367213868643891,29.284586225291243,31.755195919277327,0.014616787433624268,0.85
578,0.3028924261096532,27.940544344698033,18.198281422254464,0.014227402210235596,0.7
579,0.3281820335899073,41.242359073436084,35.82977721608031,0.014938104152679443,0.75
580,0.554122648757119,28.639208394048353,24.618435574539063,0.014536237716674805,0.85
581,0.45081941166908435,33.88622131316914,31.780461755474093,0.014784598350524902,0.8
582,0.5370863330101707,25.679845178644136,20.392011381258765,0.01474827527999878,0.85
583,0.6328938317670395,23.49764615246199,19.035763618594395,0.015022265911102294,0.9
584,0.36675125136798925,33.001996916878156,26.241468924201005,0.014853453636169434,0.75
585,0.40507863898438784,25.593908698948802,28.403299332631562,0.014718377590179443,0.75
586,0.31092329778409866,28.804178392205785,20.422273514187925,0.014702403545379638,0.7
587,0.6491057980235599,29.077930915537866,24.944378147975996,0.014576601982116699,0.9
588,0.5817206187302586,38.69589550206335,35.29273345741629,0.01479809284210205,0.9
589,0.6366463930616358,27.374895572901483,28.69842964136636,0.015210366249084473,0.9
590,0.6345813730776888,28.79502346664148,24.612763372381394,0.014293813705444336,0.9
591,0.46150408416427224,27.30430539869281,24.097504024196432,0.014558124542236327,0.8
592,0.5205968214382002,34.395031111827265,25.497497294484003,0.014448130130767822,0.85
593,0.3324462390267324,39.8921116512535,27.612756365072315,0.014598596096038818,0.75
594,0.5121510166329765,35.45222389466876,27.047994567462236,0.014522171020507813,0.85
595,0.33969212992655873,41.89939008596459,31.08046460216179,0.014429068565368653,0.75
596,0.45958536239042125,36.80096368812568,33.49361359426127,0.014888155460357665,0.8
597,0.7588598211671154,24.03180475700834,24.636899506463457,0.014652717113494872,0.95
598,0.40445753439526244,20.831389228236414,14.523624816579998,0.01440945863723755,0.75
599,0.7061607088285481,32.337598232343794,33.26635598666082,0.014402544498443604,0.95
600,0.6963024379792737,18.784540965418053,19.50903979010822,0.014290142059326171,0.9
601,0.48578174134094726,30.72672833247981,27.14669981021447,0.014135682582855224,0.8
602,0.5266421938592176,34.08450894976451,31.356773160866418,0.014815640449523926,0.85
603,0.543333263739576,28.64389106001168,25.021082093284686,0.014121580123901366,0.85
604,0.3290286879965858,27.60020764419632,18.813806960470796,0.014224827289581299,0.7
605,0.5438794771290953,33.282506262523334,28.99885476274498,0.014862740039825439,0.85
606,0.3466459039235741,31.697406733628622,17.993880433018905,0.01425187587738037,0.75
607,0.2922193673045098,37.32092543052362,33.04746791352198,0.015049636363983154,0.7
608,0.3745355427716389,21.23379256769085,16.30512527878627,0.01449415683746338,0.75
609,0.5700744944785197,27.103816867800504,22.945203128539326,0.014688467979431153,0.85
610,0.6354214660440947,23.18231627331206,18.28438372477463,0.01439821720123291,0.9
611,0.6251751763768557,18.34250884057592,19.389932274407606,0.014356839656829833,0.85
612,0.6361308438613886,27.79672729204818,17.998588641061147,0.014240479469299317,0.9
613,0.5855132392112915,25.742421271107844,21.462808176042316,0.01415712833404541,0.85
614,0.6559001477946822,26.79470933820369,27.808171386184192,0.014770126342773438,0.9
615,0.4319854218170036,32.97809758151287,24.490492991063974,0.014734172821044922,0.8
616,0.391212023845081,29.51717743214566,33.16845296730425,0.015211141109466553,0.75
617,0.562103937804727,29.480051760961135,25.400423868423974,0.015154850482940675,0.85
618,0.7420194968713287,22.574513718730753,17.316247591439762,0.014518094062805176,0.95
619,0.3832842187724039,28.094119910528825,32.17241204081459,0.014479887485504151,0.75
620,0.6303766591915203,27.267594541608638,27.50086800525385,0.014099085330963134,0.9
621,0.6426441911051427,28.21544662255655,29.540011324213463,0.014701426029205322,0.9
622,0.6992496312540438,32.957072300551125,33.79080509056308,0.014505696296691895,0.95
623,0.5489287278740883,33.76790444955187,24.680716090845127,0.015349960327148438,0.85
624,0.3441487613872056,18.13138634035979,18.383168040177214,0.014027833938598633,0.7
625,0.5832792650109656,27.31598533978849,24.11776254991426,0.015075814723968507,0.85
626,0.4767155884460501,25.416441942890952,21.54624518909433,0.014537572860717773,0.8
627,0.43496170024044406,37.85600409449831,29.19478151617755,0.014058935642242431,0.8
628,0.5361299619477682,37.33668448436448,33.27102765491264,0.014247250556945801,0.85
629,0.23978700040141554,32.91618521095646,25.89380727718161,0.01407843828201294,0.7
630,0.24104946945748779,40.81674453152116,22.84691982356774,0.014351332187652588,0.7
631,0.22922907593258968,52.06788325158934,46.87037797322365,0.014495551586151123,0.7
632,0.516108843719268,42.77912617579749,36.152442999240826,0.0141257643699646,0.85
633,0.6972117438575515,33.04129371282271,33.75953604693154,0.01444932222366333,0.95
634,0.4979424401822822,34.22812210518522,25.355525740115198,0.014374291896820069,0.85
635,0.5156543502921842,25.428145378615095,19.92005576733517,0.014727544784545899,0.8
636,0.6388613905584547,34.55189016655078,25.262625570455842,0.014118766784667969,0.9
637,0.3810148772752565,33.96127006313482,26.329909453026517,0.01436067819595337,0.75
638,0.3377121342155298,44.637974926313575,34.217095360973225,0.014205372333526612,0.75
639,0.25187244510198037,39.05151064378903,27.201935722939037,0.01465376615524292,0.7
640,0.24163940992762875,43.03174289139683,33.382016654291455,0.015107047557830811,0.7
641,0.27695083944018545,28.916220919227328,19.36322850902977,0.014612925052642823,0.7
642,0.379437219854193,27.920492007496783,25.486797107264326,0.01441894769668579,0.75
643,0.3040229196512991,48.02247177582599,31.975090405295678,0.015373730659484863,0.75
644,0.20546787886363355,32.73630629799806,18.262018453693205,0.014310753345489502,0.65
645,0.4022117316943583,27.366143930139394,18.205730443592877,0.014683759212493897,0.75
646,0.34621718056436873,37.128296111214716,24.494667197372248,0.014950716495513916,0.75
647,0.7094793949948596,31.197874172295542,26.73094379887557,0.014985322952270508,0.95
648,0.7234023976172986,30.217022030568433,25.541017607862454,0.014431798458099365,0.95
649,0.5334499194356785,32.70025955196765,24.87881270923267,0.014275789260864258,0.85
650,0.19588997969418925,46.154161420743335,31.62829429784393,0.014321911334991454,0.7
651,0.49467523077150927,43.761066837498014,30.973504303668065,0.01480708122253418,0.85
652,0.6272459421458869,31.300690029073433,27.825781438119932,0.014591598510742187,0.9
653,0.6334961454545145,32.6266314700142,28.903465600602544,0.01587567329406738,0.9
654,0.3790880300158671,26.63036382765542,16.649406625400694,0.01502070426940918,0.75
655,0.44268461054747676,33.61691603930022,24.54443917714042,0.01431572437286377,0.8
656,0.5601155565940069,22.190582451060557,17.542542530415428,0.014099204540252685,0.85
657,0.7532447792447335,27.093688329264772,22.659675108212774,0.014614129066467285,0.95
658,0.4610717881902463,27.878762297424323,30.59007016313888,0.014568090438842773,0.8
659,0.49968184587120684,31.444382377536108,16.676553027899466,0.014404368400573731,0.8
660,0.5321232167894444,35.23167595609658,26.69965045928727,0.014436054229736327,0.85
661,0.7397292355687914,22.534367825397478,17.577457847613598,0.014125561714172364,0.95
662,0.5410064559837521,31.397964003729214,28.441660711508128,0.014295601844787597,0.85
663,0.4888395718927068,18.921264698015555,19.295286369236106,0.014514350891113281,0.8
664,0.57349224665736,21.669438513127595,16.67412939886926,0.014607346057891846,0.85
665,0.5603194198023623,23.753624985580306,18.97565034473426,0.014517378807067872,0.85
666,0.5730329217105032,38.58454274170194,30.081584077988296,0.014821851253509521,0.9
667,0.6218610741014123,35.545638887212476,31.251292545198957,0.01435558795928955,0.9
668,0.5002838817481415,38.49154346811718,30.367129632887934,0.014776861667633057,0.85
669,0.4448553170164217,42.87444707249113,30.873866456388843,0.01493300199508667,0.8
670,0.18541792304536112,37.32478895120085,26.146192429343195,0.014737796783447266,0.65
671,0.6128384161792602,34.41124345100392,30.919911734578623,0.014459431171417236,0.9
672,0.6441067191206076,28.029294239990303,29.19293069920007,0.01459125280380249,0.9
673,-0.010481276791717764,50.94928449425749,35.41015162913792,0.015165376663208007,0.55
674,0.5403834347972178,30.47311491006686,33.005329267374066,0.015168535709381103,0.85
675,0.7333924823400155,28.496249828805304,29.137929196806102,0.014692068099975586,0.95
676,0.7165505492125709,30.40667764884794,31.135636969289127,0.014377880096435546,0.95
677,0.5206474564594046,28.046910072343884,24.074292705500568,0.014896833896636963,0.85
678,0.588067051383033,38.17733257171808,29.550766448619363,0.015061438083648682,0.9
679,0.5063393978721283,37.834566542713056,29.270735744584595,0.01474449634552002,0.85
680,0.25554438602897706,22.430264238404312,16.876849542630744,0.015034830570220948,0.65
681,0.757063148395309,22.138606200209274,22.408290106639008,0.015252673625946045,0.95
682,0.7329642985946455,23.41004303501379,23.967419705751183,0.014326298236846923,0.95
683,0.7442803416576074,24.330268601337643,24.028514731153596,0.014526581764221192,0.95
684,0.5318298021242625,32.66060728525709,30.226079478954187,0.014178931713104248,0.85
685,0.4872214658891104,24.200584642035903,25.701831021315172,0.014360761642456055,0.8
686,0.47604732712717446,27.833518135437167,30.217157828182813,0.014279019832611085,0.8
687,0.3134941045376257,23.93917713982588,17.522442562774778,0.014270973205566407,0.7
688,0.650146468977646,17.38320335672025,17.25500678961703,0.014426350593566895,0.9
689,0.6307267679418675,28.686689201229846,24.36691855367513,0.013935482501983643,0.9
690,0.6704098506939904,32.3158382135496,27.930697815715977,0.01427386999130249,0.95
691,0.6307098956115789,28.413219176859837,19.105750467624674,0.014461612701416016,0.9
692,0.6164037166016063,23.752043434284907,18.757024968980605,0.014446389675140382,0.9
693,0.641650677559038,29.915800155541813,26.5370772933621,0.014090490341186524,0.9
694,0.5705156449788091,27.237137562534066,21.38404419405487,0.014339518547058106,0.85
695,0.8272155501736377,19.380564118854544,19.380564118854544,0.01462181806564331,1.0
696,0.7256661063671445,25.711491993567876,26.07997270087363,0.01405423879623413,0.95
697,0.3071094026025111,28.483975741560236,18.363897711967933,0.014673066139221192,0.7
698,0.5633515108882372,25.410541827221476,20.132399314977558,0.014490389823913574,0.85
699,0.439161002707609,34.50500141667308,25.64857437258344,0.014553570747375488,0.8
700,0.643335897331083,30.329034673727854,30.088839469146315,0.014241659641265869,0.9
701,0.6472885208842449,22.816599250388442,23.52650067722118,0.01404949426651001,0.9
702,0.6438397291285094,28.28705161969574,18.511672648976283,0.01463930606842041,0.9
703,0.5056231745065597,43.86490865608269,35.95210877403403,0.01415095329284668,0.85
704,0.5452116019022877,28.266194896804393,18.79451852182056,0.014502406120300293,0.85
705,0.586141591812677,20.386233254096663,20.587365420353837,0.014496314525604247,0.85
706,0.7414366150982438,22.655867970566078,23.04698037938699,0.014709937572479247,0.95
707,0.7136933693223777,27.425845147760356,27.75446711639767,0.014380502700805663,0.95
708,0.5251546644031067,34.12288409738858,30.845556800464912,0.014358699321746826,0.85
709,0.3658369386565807,39.64940988468395,34.840018692439735,0.014653480052947998,0.75
710,0.7999420633608946,36.4457421743329,36.4457421743329,0.014275240898132324,1.0
711,0.19125485681140378,40.174349504584434,31.450963130777474,0.014475750923156738,0.65
712,0.6116367227877155,36.234460279559016,27.509460946902294,0.014387786388397217,0.9
713,0.418394503556351,30.730766905969624,27.62982238070363,0.01425638198852539,0.8
714,0.5993378301446924,21.63390799102745,16.539822343034903,0.014291071891784668,0.85
715,0.6572887905795539,25.98644721970398,27.281469339851967,0.014347052574157715,0.9
716,0.5790037832352469,23.103016815154053,18.22403786722516,0.014724040031433105,0.85
717,0.6675203776378806,29.266664583951062,24.775049254862697,0.014439141750335694,0.9
718,0.548606229866526,28.728457629877887,25.47563207969099,0.014112532138824463,0.85
719,0.6449685510849215,24.105776735943447,23.81634788883675,0.014998042583465576,0.9
720,0.6226762118255321,28.921263237500803,28.314498708384832,0.014970612525939942,0.9
721,0.5631850152449666,28.773176109863158,24.035769089129424,0.014099133014678956,0.85
722,0.7415918902058304,25.37578196261716,20.872450713507433,0.014079093933105469,0.95
723,0.3936982535840375,33.08916539914747,19.649580326201765,0.014071786403656006,0.75
724,0.6936670330442474,31.350528372529414,26.951534719839366,0.014812004566192628,0.95
725,0.440642031095763,32.48228430940773,29.953883097873067,0.014718735218048095,0.8
726,0.5110735048118079,39.70342217547311,32.008641511645926,0.014626145362854004,0.85
727,0.3589420992514677,37.93716533694503,25.468943177336893,0.015102076530456542,0.75
728,0.5580493419893908,25.937736353080055,16.846630102149092,0.014761888980865478,0.85
729,0.2709024665968585,36.177839204616085,17.732479183822633,0.015057659149169922,0.7
730,0.5562546887828892,27.846097504224993,23.79360654043721,0.014601576328277587,0.85
731,0.2718828828072362,34.028528433752136,20.01480491428845,0.014277732372283936,0.7
732,0.48761828338940705,32.3631638137415,24.00908511698986,0.014526927471160888,0.8
733,0.8135337026304258,24.616575814968172,24.616575814968172,0.014452743530273437,1.0
734,0.3734662202856374,30.445875012594342,22.321419722292358,0.014201688766479491,0.75
735,0.7616818212213033,21.860677055211784,22.298240260676756,0.014133358001708984,0.95
736,0.44281896467656934,27.75643151113809,24.34655893024307,0.014142799377441406,0.8
737,0.29282467437506565,29.048853519652234,20.926297467483668,0.014559996128082276,0.7
738,0.6733244564311601,23.52239609073251,17.33550315596868,0.014245700836181641,0.9
739,0.7474725911325307,26.782076588835633,27.642713183123053,0.014309751987457275,0.95
740,0.6284594336800337,24.470543847598876,25.375583439577426,0.014484798908233643,0.9
741,0.6485467200425057,21.997987678405018,16.92495175031664,0.014144396781921387,0.9
742,0.6579270052703479,23.81419654329664,18.819956741586765,0.01410754919052124,0.9
743,0.5400439464139366,28.104426662659876,24.573797620763145,0.014775872230529785,0.85
744,0.5710922439370718,36.313512919293245,27.84183313182089,0.014559745788574219,0.9
745,0.6196881948852629,33.40581778360525,29.960246233221355,0.014538395404815673,0.9
746,0.5930162505540792,19.50838343407058,19.66414260322465,0.014731037616729736,0.85
747,0.2764633017603107,34.53706612026025,27.79245645834356,0.01428147554397583,0.7
748,0.6049459818309394,44.41182157404058,36.37064703687516,0.014131426811218262,0.9
749,0.2492215281966827,40.284173758217364,34.653673294106106,0.014529669284820556,0.7
750,0.5794844789635529,23.033661435432244,18.852295137198347,0.01443246603012085,0.85
751,0.6759022068507891,28.652644457926847,19.347218617145202,0.014319491386413575,0.9
752,0.35492462398660585,38.05462612887962,25.117652450189233,0.01455531120300293,0.75
753,0.2768903001912609,43.16498063100929,19.636492913857744,0.01441941261291504,0.7
754,0.2645078633345226,34.58713632546646,28.37274152090021,0.01406877040863037,0.7
755,0.4429636890117353,29.17990233032837,20.148693887182628,0.014460790157318115,0.8
756,0.7749193357184481,28.75762673321146,28.75762673321146,0.014558303356170654,1.0
757,0.6564015712721842,24.151938525059883,24.275413043583473,0.015180099010467529,0.9
758,0.31831227388786804,25.18474147363797,27.326952475490277,0.014805328845977784,0.7
759,0.4632227865493304,22.54140069747928,17.071300237233427,0.014872550964355469,0.8
760,0.4350812935693094,32.87730636263436,24.077281967684428,0.014512920379638672,0.8
761,0.7474887380258968,40.71179318770792,40.71179318770792,0.0148598313331604,1.0
762,0.4751168437826636,32.633866110190766,24.05466303340171,0.014655518531799316,0.8
763,0.41196260006144436,45.675227968604574,34.82481542930754,0.015052449703216553,0.8
764,0.6259661395017868,28.283022171351234,23.562008031719085,0.01465214490890503,0.9
765,0.6915996414561143,22.549690470291118,22.943549380668838,0.014181768894195557,0.95
766,0.6739667834412056,32.17959089104325,27.695054087532647,0.01431044340133667,0.95
767,0.4048968602264752,25.99557004448307,16.85512783237997,0.014700937271118163,0.75
768,0.6511324015438265,27.480947009417378,23.418365652244486,0.014447057247161865,0.9
769,0.7285872023487577,23.320525594109625,18.647233736747786,0.014508986473083496,0.95
770,0.382546095926912,35.298011727543454,23.901500602865106,0.0148401141166687,0.75
771,0.5630959668681298,30.873103576496778,26.971853951962395,0.014177703857421875,0.85
772,0.5004849331152839,42.05363792419422,45.135579262230884,0.014647483825683594,0.85
773,0.5515113109907221,31.82660663266656,34.65630061618229,0.014138281345367432,0.85
774,0.6272507125521694,28.43081334387424,24.44921656469963,0.014371156692504883,0.9
775,0.4676706942547767,37.675148134769955,28.94441956546897,0.014168488979339599,0.8
776,0.37393003745058945,26.866876612298256,22.29810636508089,0.014468073844909668,0.75
777,0.3616685835841243,36.28364474127397,30.496769872505908,0.015614581108093262,0.75
778,0.6096926947756711,22.008787711793843,17.561125798107902,0.014425146579742431,0.85
779,0.462462626588329,29.95333979614057,33.498528978351985,0.014337170124053954,0.8
780,0.5341569602564233,26.630575490835298,22.560198602980545,0.014428353309631348,0.85
781,0.5025286928260906,36.295058124081024,28.351967679562996,0.014677476882934571,0.85
782,0.5526704446574628,28.7256156357115,25.508527566927842,0.014243268966674804,0.85
783,0.5401334847386442,34.056721484315275,29.217238370343942,0.014653921127319336,0.85
784,0.18550172838552384,37.72588847404786,24.15907534317983,0.014536738395690918,0.65
785,0.7331490808237353,22.289193161160917,22.86045340326578,0.014578986167907714,0.95
786,0.48768769263077993,27.723328672758488,24.622867881180177,0.014798331260681152,0.8
787,0.6665706219654937,20.806210697614045,15.621214400727183,0.014637351036071777,0.9
788,0.7261886533164519,15.645066512119701,15.455919155420185,0.014210164546966553,0.95
789,0.2907416914766478,31.046868004411596,15.936742407207024,0.014672327041625976,0.7
790,0.5877464764102807,19.521020137330403,14.59893644250875,0.014718711376190186,0.85
791,0.7135699589532711,32.728211493250654,28.31272960884893,0.014718723297119141,0.95
792,0.45489683835053335,33.375690648826,25.557456998575553,0.014545512199401856,0.8
793,0.5519695829679082,26.564756709924843,22.08536154639889,0.01412513256072998,0.85
794,0.6371797195637094,28.006090782565856,18.349297386482302,0.014295041561126709,0.9
795,0.7005306459506424,18.929537672917657,19.645268621565393,0.014576470851898194,0.9
796,0.7331928742211368,28.08736995087016,29.00439054658946,0.014700222015380859,0.95
797,0.47535713846380834,23.026440369356695,18.757005214186123,0.014364004135131836,0.8
798,0.5518469247977096,28.147752978577984,18.37460319634737,0.014720654487609864,0.85
799,0.2723075819167586,42.84772499856256,25.039722860070327,0.014414381980895997,0.7
800,0.6279049995894616,33.030443465305744,23.631568636335448,0.014649450778961182,0.9
801,0.5336040400110372,32.24841614009081,23.769570837917538,0.01478416919708252,0.85
802,0.4964262749275924,25.847080210615065,21.53830359845127,0.01449650526046753,0.8
803,0.8197802124926561,24.48626390582818,24.48626390582818,0.014748358726501464,1.0
804,0.17511981499955748,37.82566498479603,35.491996431451334,0.014757263660430908,0.65
805,0.26030839667826167,45.67575168471352,37.410596910266186,0.01518080234527588,0.7
806,0.8431851594886547,21.19739526246484,21.19739526246484,0.014828705787658691,1.0
807,0.5325567948350792,27.945673520381227,29.95788573150825,0.014518070220947265,0.85
808,0.23165785712917172,45.18770119772319,36.46632410636808,0.014429080486297607,0.7
809,0.37469768761180344,52.44472730061044,42.648750291599846,0.014834821224212646,0.8
810,0.5546879908212925,34.40209141805257,32.12589445513833,0.015216624736785889,0.85
811,0.6378721635426453,27.90299411485275,18.246828614236986,0.014852190017700195,0.9
812,0.7601376463451837,35.014180353303644,35.014180353303644,0.014537537097930908,1.0
813,0.6344732546247138,28.316997156831246,23.97427040214562,0.014653778076171875,0.9
814,0.020582333078888772,61.00272083733637,40.99524944753327,0.014858925342559814,0.6
815,0.37909484064039,41.568050859990784,16.70263373915955,0.014454615116119385,0.75
816,0.3093594267262883,50.54843727784882,49.345996726846344,0.014630746841430665,0.75
817,0.31850715444326194,38.36050055947567,26.110308879138238,0.014556872844696044,0.75
818,0.5918098210049332,38.08701163056185,35.00850648185581,0.014887571334838867,0.9
819,0.4377655425851453,31.343383559977372,22.744416464738332,0.014403653144836426,0.8
820,0.549592214096295,30.71360680702616,26.16672261928197,0.014769411087036133,0.85
821,0.5373089669985172,28.889020869545156,31.554136340776367,0.01512162685394287,0.85
822,0.7188242242148783,22.580954987607065,17.427444488483147,0.015280306339263916,0.95
823,0.3569320061016161,34.592351104336146,27.580893383484117,0.01450798511505127,0.75
824,0.5397934175633108,33.65311787499745,31.062384372917062,0.0149361252784729,0.85
825,0.35583636539347924,38.52256052057461,35.570544299619414,0.01484602689743042,0.75
826,0.3824797531423583,31.9423989942221,24.00207063829593,0.015206336975097656,0.75
827,0.4686675513988858,28.323736937002245,25.691793936926658,0.015198373794555664,0.8
828,0.48876554216383195,42.41715864748919,42.00307044021634,0.01513974666595459,0.85
829,0.4847558498190276,23.404556288622242,19.598990717809013,0.01509244441986084,0.8
830,0.6480946608171417,20.68329290799858,20.967071057379435,0.014829528331756592,0.9
831,0.5514308755018477,26.10597805896014,28.096298553504003,0.014642035961151123,0.85
832,0.5574774040150545,26.949986084481747,23.19036069800976,0.015041220188140868,0.85
833,0.44988796937649705,37.38292946514514,24.70940070359421,0.014996504783630371,0.8
834,0.5494133748056799,38.236637378185875,31.27682239855955,0.01449357271194458,0.85
835,0.35674460939832875,41.139400711341864,36.72419032237497,0.01457064151763916,0.75
836,0.19808480072199092,56.12864564751571,45.129122693902545,0.014772939682006835,0.7
837,0.32063204203716894,46.65149595031699,37.6346730391821,0.014957106113433838,0.75
838,0.4716576132185025,47.051614033347875,34.82164901541495,0.014363586902618408,0.85
839,0.43694624779145574,35.17806670809184,14.188333299147942,0.015115630626678467,0.8
840,0.4228804270723264,40.37623061849387,34.20876046962342,0.014840292930603027,0.8
841,0.641711987183755,25.94558311981774,21.560512235781136,0.015262436866760255,0.9
842,0.5309141714915616,27.81930946932083,28.951980786134882,0.01493133306503296,0.85
843,0.5689160376152751,29.878515053066433,26.287492802557864,0.01484895944595337,0.85
844,0.5847826114031848,25.851032557518998,25.606029053661906,0.01478670835494995,0.85
845,0.46771443052507183,28.763530552977937,18.561001059098206,0.014760816097259521,0.8
846,0.6334907708721311,32.427166036149934,34.16651592887152,0.015133845806121825,0.9
847,0.47535721832212036,23.92954188701436,24.958312740572723,0.013958942890167237,0.8
848,0.16593328223202305,41.39152821086338,32.161823685191166,0.014976322650909424,0.65
849,0.7638933473843672,19.497647880759374,19.871476067269956,0.015014100074768066,0.95
850,0.5888041494534886,33.3559748766897,23.72142929631815,0.014320063591003417,0.9
851,0.41041156175644494,44.00676373568938,44.725381899559395,0.014383065700531005,0.8
852,0.29834074105788033,22.111670263554068,16.41702946063729,0.014529144763946534,0.7
853,0.6005859813589984,32.7115316109287,28.91348690406148,0.014495158195495605,0.9
854,0.5551901897854068,21.545092939579458,16.04556271033927,0.014923584461212159,0.85
855,0.4492416379817703,33.44139502803749,31.45609989249501,0.014181077480316162,0.8
856,0.6143994168312774,32.95111999507455,34.51716719984294,0.014149415493011474,0.9
857,0.6426963644359998,27.308610199604345,27.576301462579668,0.013969779014587402,0.9
858,0.6566573274140788,26.569743226994085,22.62482930277705,0.014515721797943115,0.9
859,0.6510587626312708,31.86196219204377,22.815952378111533,0.014137804508209229,0.9
860,0.45120648352593407,25.57802453062938,22.139665458121485,0.014395487308502198,0.8
861,0.6630249425474702,24.12500246893808,24.68647434832454,0.014444410800933838,0.9
862,0.5704653452730326,28.80090453024037,25.160653912351705,0.01417226791381836,0.85
863,0.5782120069784715,20.976666126866508,21.87113475984733,0.014077520370483399,0.85
864,0.6110691599006617,35.75385206577682,32.39914216246134,0.014339828491210937,0.9
865,0.3330805426178477,37.28011633085509,30.783247481267217,0.014151680469512939,0.75
866,0.5933971938418467,27.212130022185068,22.851734998747574,0.014314842224121094,0.9
867,0.42252207304382045,58.21231772142047,48.30487173191506,0.014383172988891602,0.85
868,0.4096897919315269,48.33167227485856,31.03267232964997,0.014402425289154053,0.8
869,0.33253512297049,38.03452810579082,25.77565853430913,0.014295077323913575,0.75
870,0.611831885375576,25.327200538019632,25.754144714383155,0.01409761905670166,0.9
871,0.47679220860724625,28.395393799208517,19.0565934882671,0.013993990421295167,0.8
872,0.3629136717852745,38.33676393310519,32.41916714138027,0.014515578746795654,0.75
873,0.23808446141778533,24.17912447714201,28.116342117056732,0.014213895797729493,0.65
874,0.44885233949337194,27.864591715847986,23.364149189719317,0.014149796962738038,0.8
875,0.7215350940466817,20.53886263607128,20.959820962609797,0.01448122262954712,0.95
876,0.6607436067354806,23.400864869469004,18.85555665219186,0.014075422286987304,0.9
877,0.35584064420440537,42.115750335366904,30.626823675284967,0.014139342308044433,0.75
878,0.6567913517551187,22.465256352002974,17.71598182360132,0.013997519016265869,0.9
879,0.42721131734413564,23.0886176358623,23.742872931405806,0.01405770778656006,0.75
880,0.4989945925542492,23.99468398209195,25.067254407850243,0.014233672618865966,0.8
881,0.5328518932187917,32.06508767662466,17.63663472442193,0.01418609619140625,0.85
882,0.43322636448564855,41.63378243236486,36.318397152653844,0.014273691177368163,0.8
883,0.656519187779111,26.829669102778826,17.613387026972394,0.014212536811828613,0.9
884,0.6295397240888787,31.6105096413201,33.77565168669257,0.014594006538391113,0.9
885,0.2505221897801072,42.27984226124864,39.41498919464921,0.01453040838241577,0.7
886,0.48498163856945997,23.00619317061671,18.115747578394537,0.014417672157287597,0.8
887,0.6376139139583235,31.59244200752702,27.9177303825805,0.01438136100769043,0.9
888,0.34664587488305154,46.17143938139993,42.931377573341415,0.014488542079925537,0.75
889,0.5776841599040434,27.198894867388912,22.003558712413504,0.014342355728149413,0.85
890,0.2433155723845121,37.82946352467901,39.78036262593601,0.014600527286529542,0.7
891,0.20023340059901806,47.4691612026336,46.571341034769816,0.01399589776992798,0.7
892,0.3710834459660463,38.0551550845162,24.68470572268517,0.014511895179748536,0.75
893,0.75119530235854,23.58305957777089,23.67533235955557,0.014135348796844482,0.95
894,0.4466309374739336,51.00710393231638,45.86637851303931,0.014355111122131347,0.85
895,0.7716697797235486,22.5602675266553,22.753653452709074,0.01385558843612671,0.95
896,0.27646686586601277,39.1040772203909,27.583325878722913,0.01405189037322998,0.7
897,0.3723990074604353,30.306293678024126,20.046330237493237,0.014267003536224366,0.75
898,0.5872806165398143,43.091706098375695,40.690407826826046,0.014159774780273438,0.9
899,0.6688251039363967,26.68406640374544,28.06257806970562,0.014437878131866455,0.9
900,0.5888054209340184,23.51664843547783,25.227692166070224,0.015052270889282227,0.85
901,0.7335040644270088,23.27301776874807,23.304359311578658,0.014604425430297852,0.95
902,0.47438372288351927,29.86143941377087,31.191766085218923,0.014166021347045898,0.8
903,0.3760181676170651,34.36590486381223,26.508351193898957,0.014156687259674072,0.75
904,0.45250971577979343,35.514891927995464,27.859719837205994,0.014485466480255126,0.8
905,0.7466212093870187,26.148521735745327,25.20817927567505,0.014360833168029784,0.95
906,0.3742697644083923,33.972995439516374,24.39325222491008,0.014080846309661865,0.75
907,0.3230457929827831,27.70141113644732,25.362222987107025,0.014437735080718994,0.7
908,0.7471817554998146,17.53884189906456,17.599328827944657,0.014362955093383789,0.95
909,0.40268547721377057,47.133878904271626,36.677817586045606,0.014490616321563721,0.8
910,0.3391024999524403,43.05730911533341,38.606910491690456,0.014329361915588378,0.75
911,0.4482621670415371,28.177372495705576,24.708539807148142,0.01484163999557495,0.8
912,0.636300099564177,29.432086700083325,24.772173123838105,0.014985084533691406,0.9
913,0.5957884515499755,40.41916239390365,31.748138725460365,0.014534699916839599,0.9
914,0.5938594712440982,27.289751162033802,24.08560401414496,0.01452726125717163,0.85
915,0.37976399731619254,28.317157405052342,25.36344716913667,0.014215636253356933,0.75
916,0.5147840603799364,34.54391033007009,26.04206231669906,0.013966631889343262,0.85
917,0.6238227216215979,27.85829009816779,23.533596518606778,0.014333570003509521,0.9
918,0.5012068172876247,16.562946602399755,16.31557452171743,0.01383802890777588,0.8
919,0.5037965541024821,18.58336673234064,18.62900960440875,0.015049457550048828,0.8
920,0.6266412746841764,32.56920828437291,23.53256619310134,0.01447598934173584,0.9
921,0.5267525892657069,39.399097638412485,38.2734950494339,0.014308547973632813,0.85
922,0.4473721629999384,31.551129595743294,29.519468330359537,0.014257872104644775,0.8
923,0.5454019934707115,32.83173914956399,29.98332885236269,0.014572620391845703,0.85
924,0.6191580063019163,35.83708129457568,31.630800479910086,0.014175999164581298,0.9
925,0.6337277146066265,23.95664819361716,24.903631107744264,0.014194703102111817,0.9
926,0.2776553350484591,48.41767084226274,25.5906686322993,0.014104485511779785,0.75
927,0.3257709363772566,43.61963158372521,31.376901109654423,0.014559304714202881,0.75
928,0.29553751660299943,33.83614107170727,26.046618588782916,0.014582610130310059,0.7
929,0.4176794307228972,24.040486712265864,27.013456936914835,0.014080989360809325,0.75
930,0.5408749939819572,29.95910930136501,27.046461292615476,0.01404653787612915,0.85
931,0.590920836449649,18.156127045971637,18.584715821542442,0.013952898979187011,0.85
932,0.7298301251163934,30.283976014213902,25.02256865402413,0.01642775535583496,0.95
933,0.6366144708151313,32.629591023274585,22.941943910725747,0.014796578884124756,0.9
934,0.10337800529678194,32.70864409655073,20.19592451548134,0.014243531227111816,0.6
935,0.33727036415124145,35.02917365265698,25.95503302068868,0.014280736446380615,0.75
936,0.5159488139981281,36.19505944119486,21.873107330659312,0.015194904804229737,0.85
937,0.4536030767942565,34.05903775770478,24.884973008870162,0.014461660385131836,0.8
938,0.48924594508728586,48.44423270241128,37.24833794171464,0.014817631244659424,0.85
939,0.47811083684108313,27.433606588175337,18.180686379216887,0.015053665637969971,0.8
940,0.5535123009259839,23.14432080756375,18.918669214292223,0.013993370532989501,0.85
941,0.4779712997642148,25.04785199914862,21.449262835740996,0.014149093627929687,0.8
942,0.30209280429772806,28.545976032669053,27.10167237959417,0.014069628715515137,0.7
943,0.4223180699173009,33.32990081468677,25.593663303948116,0.01443096399307251,0.8
944,0.5004595163556737,37.02747496657343,34.69482854701516,0.01421184539794922,0.85
945,0.6443425149139966,46.55144042591471,43.10787375488652,0.014378726482391357,0.95
946,0.44871093783215965,27.893279791700508,24.316877991241732,0.014410722255706786,0.8
947,0.6393977049111208,35.26488409880278,31.20337929507844,0.01429898738861084,0.9
948,0.4431692394459047,29.256801207260725,26.285324390226158,0.014216947555541991,0.8
949,0.6629373145781818,24.606003171603952,19.004627474584517,0.014098167419433594,0.9
950,0.45345367229777594,29.20771467523503,25.02989566007264,0.01394968032836914,0.8
951,0.3293051644845002,29.059789591805888,17.114140884163792,0.014567899703979491,0.7
952,0.5750532581139052,23.491186406747353,25.36998359724591,0.01422821283340454,0.85
953,0.6830209826110977,38.566275662644806,34.824095751205526,0.01421494483947754,0.95
954,0.6000416485782747,17.368531995271073,17.272413197030204,0.014573025703430175,0.85
955,0.36504895007944005,32.2556214934661,25.421741412078923,0.014098644256591797,0.75
956,0.5073880319234002,44.15020023728534,43.21900680210126,0.01459594964981079,0.85
957,0.3340222523214548,37.84456496301623,30.248717628733665,0.014146745204925537,0.75
958,0.5289178711839585,32.81266896654425,18.452146857501745,0.014134907722473144,0.85
959,0.5320106223319339,23.69317030252841,24.75089573346582,0.014233803749084473,0.85
960,0.7619588612759353,23.704880978698466,24.27049515457249,0.014385497570037842,0.95
961,0.6272526860974377,40.66850547526711,32.015465796805884,0.01464468240737915,0.9
962,0.3474216112702157,37.762749220200895,32.053534605582435,0.014455997943878173,0.75
963,0.49703216749646567,30.35940172270828,22.015902912301307,0.014415478706359864,0.8
964,0.5795616840751427,23.655801731168992,19.16570601247942,0.014372265338897705,0.85
965,0.19628833653442376,39.72419244988955,22.22667496771229,0.014807796478271485,0.65
966,0.6596931976464709,23.076361041474744,18.133127675034224,0.014713585376739502,0.9
967,0.7517249013147704,21.65576389175599,21.843748879747658,0.014424562454223633,0.95
968,0.555451134461668,26.43325190679598,22.443464708528325,0.014685726165771485,0.85
969,0.24424441427097793,47.23310363027221,18.95056475527082,0.014706897735595702,0.7
970,0.5628515737688277,29.371263386900317,25.699539354892625,0.015015649795532226,0.85
971,0.4640326027686307,36.774585877473164,23.653653182075747,0.014335501194000243,0.8
972,0.2553249912060168,42.84957902132753,25.91296722406662,0.015348470211029053,0.7
973,0.5055831298462043,38.53482356786554,31.003006785306432,0.014705777168273926,0.85
974,0.6221101898441946,26.41292877547611,27.76326523404818,0.015193092823028564,0.9
975,0.6525507513613541,25.286670577881967,25.751589724823887,0.014572679996490479,0.9
976,0.42844960209559907,42.16219682838867,29.77674723353602,0.014304351806640626,0.8
977,0.27386811611987805,28.498032398239012,27.00897287915178,0.014340925216674804,0.7
978,0.7639182296315681,23.017998557516094,18.27902514257468,0.014408791065216064,0.95
979,0.3651780006864713,35.58253991569765,27.879131445525726,0.014594471454620362,0.75
980,0.5042868332036636,23.186898474535475,17.640826546307164,0.014647459983825684,0.8
981,0.7065351684962609,26.04150638585091,26.82691700666423,0.01452571153640747,0.95
982,0.7190515286296437,29.87889395232503,25.111400285422736,0.014183688163757324,0.95
983,0.6372411368752091,21.58408045058823,16.843314737652875,0.014299607276916504,0.9
984,0.6402415313441229,24.008891627881074,24.41889432804861,0.0144989013671875,0.9
985,0.5324436074946287,39.56438369649074,31.978649080133973,0.01460564136505127,0.85
986,0.6422679375159231,27.63717279679587,18.178192837815132,0.014416146278381347,0.9
987,0.4028362502758934,22.620683470658893,24.866160920236588,0.014555776119232177,0.75
988,0.2450579837797045,42.96972907464665,26.06643930386304,0.014426887035369873,0.7
989,0.5382800448638951,24.97229334127264,23.932411111646854,0.014476931095123291,0.85
990,0.47830558485662167,23.576892977142233,24.78262408312217,0.014420437812805175,0.8
991,0.5317499522391544,28.986643611001163,19.730907619265732,0.014888298511505128,0.85
992,0.34379552951283787,36.80623878060686,24.940358624781506,0.014152324199676514,0.75
993,0.45375103256747507,34.297627200048424,26.7741363435601,0.014415764808654785,0.8
994,0.4394492216487225,21.534068180469536,22.425143345844372,0.01415255069732666,0.8
995,0.5564894188101359,22.667200186153007,23.11088819853606,0.014509809017181397,0.85
996,0.46271648531847526,35.88730052730909,32.46441869890137,0.014674568176269531,0.8
997,0.6130161386196483,34.54288951930265,30.868744704971803,0.014432299137115478,0.9
998,0.5443942801190947,36.39402747804381,34.72138735768144,0.014314723014831544,0.85
999,0.27103647207369125,36.03026514960275,22.434476013597514,0.014156043529510498,0.7
1000,0.2586357903109379,43.71542341598869,47.79996305791901,0.014249110221862793,0.7
1001,0.5468151034073865,24.390306007066073,19.0117935318283,0.014251673221588134,0.85
1002,0.30307764695991485,28.724447679182397,27.000839609927063,0.014563357830047608,0.7
1003,0.3163492574601058,36.58095298105185,22.16539582096563,0.014691877365112304,0.75
1004,0.44339705584538586,28.869510309282088,26.101616953587314,0.014827406406402588,0.8
1005,0.6614310175840642,23.103314137707834,23.707713771662938,0.015464377403259278,0.9
1006,0.448874562981188,37.79046673246807,25.123238833351202,0.014523911476135253,0.8
1007,0.39940695168940604,36.384602564966976,28.701223641292444,0.014879429340362548,0.8
1008,0.6436856997014326,47.07414824040616,48.687746905875386,0.01443493366241455,0.95
1009,0.5496800653162336,37.108194948774646,29.321228505750845,0.014484381675720215,0.85
1010,0.6899074593665958,39.7278686294999,35.54011376091301,0.014312946796417236,0.95
1011,0.6216298030527727,23.626194820271614,18.96375121077616,0.01440972089767456,0.9
1012,0.5066602341663364,33.06845510349489,29.27465712003981,0.014745509624481202,0.85
1013,0.6647103326611132,24.897827440173963,25.997999753348378,0.014863812923431396,0.9
1014,0.7347773590408373,29.88799758710424,30.57291200723294,0.014310109615325927,0.95
1015,0.06101828371819261,52.71895834453244,33.29649162753484,0.014106464385986329,0.6
1016,0.40363891488143117,20.70461640287278,20.298656161583708,0.014207196235656739,0.75
1017,0.380845434591988,47.37901915805618,42.415113954763946,0.014327156543731689,0.8
1018,0.5938301889310709,31.651592118777188,27.703155458381822,0.014760375022888184,0.9
1019,0.44539508729460986,30.418911065682657,16.280745770627323,0.01476060152053833,0.8
1020,0.483461868891914,26.06315297649042,21.64667070974855,0.014696121215820312,0.8
1021,0.5390904632639821,48.79754356558525,41.56838232296435,0.014433193206787109,0.9
1022,0.5489758123230855,33.884209878642075,18.68875708072036,0.014191126823425293,0.85
1023,0.5028793188719362,29.138103400618185,24.493153592004813,0.01409071683883667,0.8
1024,0.5785693994440776,23.389465967739937,18.796524077600285,0.014636218547821045,0.85
1025,0.5520958300104357,29.94817048541047,20.3661285274324,0.0141839861869812,0.85
1026,0.40298529073268574,49.09794495137723,32.11123156196467,0.014421069622039795,0.8
1027,0.30194031274652977,30.379453059562014,28.25031760462894,0.014319038391113282,0.7
1028,0.2991744451528443,32.56368059006239,29.44234096469322,0.01409895420074463,0.7
1029,0.5918151052445023,23.290950866439342,17.98132623726754,0.014407873153686523,0.85
1030,0.4085330480774072,20.411332864929314,15.001672264979032,0.014264416694641114,0.75
1031,0.2949525530041345,27.261597453826745,17.429249465803426,0.014599132537841796,0.7
1032,0.6368998470710046,32.321530906347036,28.779653879542884,0.014535474777221679,0.9
1033,0.5356582995855755,30.070551904577847,27.222722103474425,0.014097046852111817,0.85
1034,0.3816035667902301,27.277432844230113,24.74721823407811,0.014051854610443115,0.75
1035,0.5567057023204118,20.219918882618067,14.039050118524107,0.014228141307830811,0.85
1036,0.7082799621003808,35.35510475764426,31.32535169381677,0.014071834087371827,0.95
1037,0.8217300201770167,23.192688035136776,23.192688035136776,0.014244592189788819,1.0
1038,0.6239227168216296,28.175133706257476,29.383410035155368,0.01434861421585083,0.9
1039,0.4526341013075374,27.679462405121843,30.041396376144135,0.014397513866424561,0.8
1040,0.586445580274541,29.83830960563652,21.369599969343586,0.014669346809387206,0.85
1041,0.7891531611563831,26.55394168832379,26.55394168832379,0.014316880702972412,1.0
1042,0.5264737099618456,34.88192556455957,25.348866218929942,0.01457979679107666,0.85
1043,0.7297152454084662,23.319730950129063,22.84737662635467,0.014472341537475586,0.95
1044,0.5929196976067126,33.945399504070785,30.307558655777047,0.014308786392211914,0.9
1045,0.6964750908627406,38.37517672462779,39.683689607682645,0.014619088172912598,0.95
1046,0.5646954809280743,41.531553568204245,33.46272401240702,0.014560353755950928,0.9
1047,0.4563980959561961,34.85513384227376,33.29441801673548,0.014362597465515136,0.8
1048,0.3537402215112575,37.23832750226624,24.027988197664175,0.01406099796295166,0.75
1049,0.41163073663087985,33.14872351631355,31.074948315202096,0.014565026760101319,0.8
1050,0.228821304722098,40.2303607441668,41.978694681178276,0.014089345932006836,0.7
1051,0.5087950098271434,34.20143841089981,30.92590740219642,0.013930058479309082,0.85
1052,0.37108520998839695,30.36027381575418,16.28807995914981,0.014222216606140137,0.75
1053,0.6522902482480389,41.733171995953725,38.06792601769271,0.014036309719085694,0.95
1054,0.7165146033456743,22.45092791130144,22.64689606976925,0.014249575138092042,0.95
1055,0.3351854415057112,22.445887103117737,18.338592281231406,0.014377808570861817,0.7
1056,0.5321957681515498,33.33454423314708,24.274030462222235,0.013946032524108887,0.85
1057,0.5476185306669332,33.87246947853808,30.638898072209848,0.014879310131072998,0.85
1058,0.5750011382876774,30.34697524690758,31.462354487597267,0.014776992797851562,0.85
1059,0.3342552956056279,27.745538692013724,17.444061859117777,0.014391744136810302,0.75
1060,0.6647207960102521,24.88837033281599,19.19166899897447,0.014623522758483887,0.9
1061,0.44294133993190626,25.030406802104142,27.179471943104343,0.014655542373657227,0.8
1062,0.6465571262292402,27.409498688675647,18.01603172442992,0.015022969245910645,0.9
1063,0.6064611897903165,37.53602606318095,34.86701226695285,0.01419442892074585,0.9
1064,0.4571383631520276,25.17453741220778,26.34303993183375,0.01399822235107422,0.8
1065,0.6145899389583727,46.316651581205186,42.31026901946508,0.014248490333557129,0.95
1066,0.7214569232268597,28.47382991999363,29.304244985209564,0.014638614654541016,0.95
1067,0.6729907074081175,39.22428016224948,34.67468926609,0.014249134063720702,0.95
1068,0.6763297452365324,34.89603875725594,30.714544490155248,0.014684045314788818,0.95
1069,0.7357145985413062,23.93909121584062,24.35565239902819,0.014202630519866944,0.95
1070,0.4450752586116765,38.70487266170882,39.044276891810895,0.014289140701293945,0.8
1071,0.6322550857366314,33.19528484692939,23.62668911316983,0.014702284336090088,0.9
1072,0.5572779060726034,29.438658642622602,20.1015628216295,0.014225053787231445,0.85
1073,0.4976446379012393,42.45137315558489,41.39735875383166,0.014684689044952393,0.85
1074,0.5917341586158246,38.85382944444844,30.540241497070422,0.013831889629364014,0.9
1075,0.8235655621970169,23.202195047475527,23.202195047475527,0.014631521701812745,1.0
1076,0.3515691004899711,35.90568432621619,36.85641084212907,0.014930224418640137,0.75
1077,0.2135184218321043,43.547310904029686,34.00427767451824,0.014471936225891113,0.7
1078,0.4500170760800343,31.434945181202302,22.90110958708898,0.01443415880203247,0.8
1079,0.5140519471121052,34.913395016712585,26.784785242036662,0.014234066009521484,0.85
1080,0.4797565569423311,28.337921116594366,29.171391000273545,0.014453279972076415,0.8
1081,0.6548247509732588,18.927404874624305,19.100230368345713,0.014206230640411377,0.9
1082,0.3632494843547336,39.860161950456444,28.083765365642158,0.014310681819915771,0.75
1083,0.5604367869707746,24.89343314580254,20.761144771984938,0.01458587646484375,0.85
1084,0.6203432688615963,22.691634845303888,23.587454882876756,0.014611768722534179,0.9
1085,0.49393784492259574,36.4498505702266,28.36845190967219,0.014635813236236573,0.85
1086,0.6574456095690223,27.994893608475195,23.447074732987222,0.014498412609100342,0.9
1087,0.48308782531383176,47.214780995048685,40.07385652896812,0.01590096950531006,0.85
1088,0.46198085330888106,35.4954287044374,22.20042064122946,0.01443730592727661,0.8
1089,0.514858248982211,36.05875667759472,22.38041283031327,0.01435401439666748,0.85
1090,0.45972456318717275,34.11478375633254,25.97941120355697,0.014702463150024414,0.8
1091,0.491178411987499,41.71570742677006,33.390755891368926,0.014157092571258545,0.85
1092,0.38779563283603474,46.778139562995875,35.07652577949754,0.014109790325164795,0.8
1093,0.7810411648464294,22.476760149365678,22.05460619378711,0.01432863473892212,0.95
1094,0.5399121164892481,34.39814064903099,31.680461800863714,0.014160239696502685,0.85
1095,0.4505507368844479,30.10822227238193,27.95719164803195,0.014227068424224854,0.8
1096,0.5838421216759471,21.21306454372775,22.52616948741104,0.014358782768249511,0.85
1097,0.5317822172403784,31.695435871018482,28.549758884702765,0.014050114154815673,0.85
1098,0.5760973240743309,25.985324794384496,27.75986257731156,0.014175343513488769,0.85
1099,0.4553360276271752,40.710772964563404,27.713540422527156,0.014140260219573975,0.8
1100,0.552240428325167,23.366321190663136,18.239508155463156,0.014286482334136963,0.85
1101,0.5901740436660254,19.293436163046643,18.99478951475996,0.014351177215576171,0.85
1102,0.8013257630690422,26.46453107652504,26.46453107652504,0.014603054523468018,1.0
1103,0.5707115770182593,49.3025319656584,46.51094976390797,0.014167428016662598,0.9
1104,0.624215036759072,23.41406620436999,17.866042014973132,0.014123153686523438,0.9
1105,0.19635970936468816,43.48483280999948,27.528579659071745,0.013903462886810302,0.65
1106,0.5903165981061548,38.170592445356974,40.72277434942652,0.01434166431427002,0.9
1107,0.529044562896518,56.24969774027346,49.93586809397645,0.016223859786987305,0.9
1108,0.42238124159925733,27.72180244379545,31.201926246938527,0.014315545558929443,0.75
1109,0.5927444736100824,23.171161406937067,19.208268146480382,0.014714503288269043,0.85
1110,0.5353317399364732,30.266557106186553,21.23365470408901,0.014227080345153808,0.85
1111,0.1773554639711931,35.96981034370112,20.59470822156961,0.014523231983184814,0.65
1112,0.5129109061170752,29.372805893337944,25.735310486819614,0.01437990665435791,0.85
1113,0.53302110546321,29.73694684903209,18.98388531115641,0.014279019832611085,0.85
1114,0.5426048660040683,28.330233606621128,23.531187346216,0.014963340759277344,0.85
1115,0.39806435470910423,29.453693855542223,33.71476232216606,0.014714324474334716,0.75
1116,0.7299176676855372,26.086079072466482,21.258425420360535,0.014215004444122315,0.95
1117,0.6431833641229782,33.505263800310125,24.86608472032758,0.014539515972137452,0.9
1118,0.415335547558768,26.747828907220473,31.746243195406088,0.015478742122650147,0.75
1119,0.5394150172511499,31.159917241243015,22.328213017843417,0.014020192623138427,0.85
1120,0.38056547476398883,26.3028243162605,23.130314718257413,0.014610385894775391,0.75
1121,0.2151797200409183,29.34055298342762,28.338310485497352,0.014590072631835937,0.65
1122,0.6945748421070352,39.22633531855022,35.151040963227274,0.014629805088043213,0.95
1123,0.6107001120034609,31.921900499123787,28.288371229069796,0.014413964748382569,0.9
1124,0.5377347063522071,29.493107555805345,30.064407899700285,0.014304089546203613,0.85
1125,0.5971451888103012,18.74775478498935,18.838540780842163,0.014077603816986084,0.85
1126,0.7113982234732583,28.08706096249363,23.758144033807778,0.014606428146362305,0.95
1127,0.4090785435300083,19.69584831443314,14.975044439372914,0.014550018310546874,0.75
1128,0.5718970922015719,26.067252619695942,28.13012604573015,0.014579463005065917,0.85
1129,0.6328672823365475,22.817366307418048,22.491659393730288,0.014668154716491699,0.9
1130,0.5252811218445277,21.25922249503197,16.343138690943064,0.014289748668670655,0.8
1131,0.7279360410343365,28.50930712368673,23.972835796305624,0.013961291313171387,0.95
1132,0.6382564550999673,27.4877536650511,23.187210821447213,0.014736247062683106,0.9
1133,0.58349360571491,24.8208586250933,26.4895191073821,0.014385581016540527,0.85
1134,0.4565320625852233,26.520928928827686,16.573321849869515,0.013986074924468994,0.8
1135,0.4659579340942085,26.244272530552212,22.976048718686112,0.014752435684204101,0.8
1136,0.6299658040915682,34.07296256513886,30.02179866974652,0.014226996898651123,0.9
1137,0.31129386187484165,27.48304189343789,18.440452765904976,0.014358925819396972,0.7
1138,0.6906451523961751,29.62010582197143,30.202545765219934,0.014161181449890137,0.95
1139,0.8052355824717038,34.75888128366684,34.75888128366684,0.013886964321136475,1.0
1140,0.7124519105595473,30.95134062009298,26.677196519180423,0.01449284553527832,0.95
1141,0.36690284528441736,24.137866372151006,18.70099826050947,0.014249706268310547,0.75
1142,0.471569255975794,24.718889622103994,20.40088450418974,0.014233875274658202,0.8
1143,0.6533422728864782,29.893875819377314,25.687271106767756,0.01403663158416748,0.9
1144,0.5785369123189875,34.60134673945957,29.814529914750413,0.014260482788085938,0.9
1145,0.4260134164989567,36.494977964800725,27.75983575381132,0.014565098285675048,0.8
1146,0.28594672332380866,32.06594540249125,25.027152838634358,0.014243876934051514,0.7
1147,0.22904314595969968,51.1173201949209,36.24944676515793,0.01474466323852539,0.7
1148,0.4300611134341671,32.81986056009562,18.640531802589763,0.01624288558959961,0.8
1149,0.5436867581930772,37.14147116052734,35.404916892670315,0.014916014671325684,0.85
1150,0.5814906581823365,27.549406350112868,18.603537702672845,0.014559519290924073,0.85
1151,0.4919576536619995,45.8058249085815,33.52459142194187,0.014634287357330323,0.85
1152,0.2362910941070206,28.380699582940036,19.99534136653559,0.014397478103637696,0.65
1153,0.3234254083630107,38.87469933332942,27.3133192416588,0.014569699764251709,0.75
1154,0.706417281847151,34.44007118121151,30.109263382464903,0.014316034317016602,0.95
1155,0.7344489723553904,29.069550445278303,24.622889955618756,0.014725542068481446,0.95
1156,0.6653834239616669,43.97923561905866,40.621759412546055,0.014641880989074707,0.95
1157,0.38417087000042216,35.33893452569947,26.980822994161844,0.014296793937683105,0.75
1158,0.4748189486765548,24.132119799290546,18.440093855347527,0.014245259761810302,0.8
1159,0.4419170188464294,30.786724987730587,20.187757387833738,0.014546632766723633,0.8
1160,0.313797995285813,44.18694040086465,33.59171320195033,0.014682960510253907,0.75
1161,0.6067921289964383,35.25446973695851,32.09203058162794,0.014870750904083251,0.9
1162,0.5217942021503787,34.35916800838884,30.364524543316694,0.014359056949615479,0.85
1163,0.516923197988204,29.112098494161593,19.556007884497152,0.014332985877990723,0.85
1164,0.4331246961385493,38.27915984701789,36.516435887338446,0.014370453357696534,0.8
1165,0.5760911094048224,19.479813021856007,18.82354228328118,0.014013874530792236,0.85
1166,0.6127579613090326,28.75126160437578,28.90231172277011,0.014436447620391845,0.9
1167,0.6337301093447681,30.397948627215943,31.93812967657694,0.014502191543579101,0.9
1168,0.7483195311456246,22.34225266467332,22.264661084969127,0.014575457572937012,0.95
1169,0.5622605584669025,24.218089905265423,19.813875787432423,0.01415191888809204,0.85
1170,0.5939918319294492,22.121723637387085,17.07080857151719,0.01407240629196167,0.85
1171,0.5245819812337815,29.895526421804835,26.302567720705976,0.01488264799118042,0.85
1172,0.23890348909530665,42.86050805007918,38.52841375611423,0.014059650897979736,0.7
1173,0.38396067626588354,31.679707720456385,23.092775937128113,0.014756202697753906,0.75
1174,0.3699167125518402,37.17536879733565,24.22892835606587,0.014381337165832519,0.75
1175,0.5933133521649101,32.85493911752037,34.609792271138716,0.014318859577178955,0.9
1176,0.42870672275275734,32.65650969245934,18.013965767270562,0.01416187286376953,0.8
1177,0.6976342990953703,35.20224309590385,35.4028783427263,0.014581036567687989,0.95
1178,0.4308536527937397,44.02123955279051,36.384112985184686,0.01443171501159668,0.8
1179,0.38238211661332167,32.821961827031835,37.6831142231872,0.014357805252075195,0.75
1180,0.5934709683400257,40.056041845237864,30.63873234900109,0.01470353603363037,0.9
1181,0.4376521237722363,36.649703494567966,26.161581092458967,0.014886617660522461,0.8
1182,0.7100299504503572,23.86299459778946,19.087278900841824,0.01751055717468262,0.95
1183,0.6127918105893501,32.574200208420635,23.501327141926335,0.014751005172729491,0.9
1184,0.33409822968373176,48.22171860914925,31.571611584806075,0.014756715297698975,0.75
1185,0.37329200032132376,42.063941489348785,23.99355064668752,0.014513635635375976,0.75
1186,0.500502308965555,28.667160023069584,24.920906544201024,0.015230524539947509,0.8
1187,0.2726230265897454,39.35924797943328,27.253447708598085,0.01465235948562622,0.7
1188,0.547327602178652,29.492196142647288,30.07577465673067,0.014919066429138183,0.85
1189,0.4565436937214889,41.69456728176444,29.481661920639464,0.014504384994506837,0.8
1190,0.1678137431475678,55.93734751673814,42.81505293904822,0.014471626281738282,0.7
1191,0.29902515296001375,48.96691954938259,32.80045905234481,0.01446516513824463,0.75
1192,0.251785621459469,40.43129083330824,20.608373606273457,0.014625465869903565,0.7
1193,0.33102089363049586,41.01958573385236,29.975101181888114,0.014689958095550537,0.75
1194,0.4886915480410421,43.435860660172736,36.61092830602247,0.014751017093658447,0.85
1195,0.4582434866244071,28.822839104084466,19.852841655608614,0.014350593090057373,0.8
1196,0.6118539879614898,39.26746119210382,36.61012673317512,0.014257478713989257,0.9
1197,0.40919019673300416,40.86343399395745,34.50816384157775,0.014776062965393067,0.8
1198,0.5264374210119067,32.91947083714754,24.17627971917429,0.014062869548797607,0.85
1199,0.5874603606889967,16.612685931773918,16.94133696262253,0.01422278881072998,0.85
1200,0.5314563983837836,33.359244745941304,18.929726817539944,0.014234352111816406,0.85
1201,0.6046356658047388,30.42794277936893,32.161625177640815,0.01436753273010254,0.9
1202,0.4434463187958796,30.164453264607697,27.1853325512282,0.014866971969604492,0.8
1203,0.5703349007259593,22.221309484159498,16.946083337164648,0.01465226411819458,0.85
1204,0.4989460739965108,18.48407028218204,19.729168892188284,0.01458127498626709,0.8
1205,0.4447271767673029,33.43794297083558,26.113671889726586,0.014668047428131104,0.8
1206,0.6363108698791466,42.54712555302769,43.80280425864643,0.014113211631774902,0.95
1207,0.6321396592217245,30.700661590593644,27.123955503318395,0.014652979373931885,0.9
1208,0.30056014279212523,47.12214470747367,37.81192060062738,0.014251840114593507,0.75
1209,0.43200328490853934,27.027140187481827,22.87629840845477,0.01471322774887085,0.8
1210,0.3639227461875013,39.87791266961796,27.091694008566666,0.01443021297454834,0.75
1211,0.6812229140506182,21.756097602803276,22.52272263294518,0.014616024494171143,0.9
1212,0.6056786418127895,39.48251861249862,36.27333524620694,0.014794087409973145,0.9
1213,0.40639744203334915,23.260070480388652,18.754266564126173,0.014201295375823975,0.75
1214,0.24417055537730348,37.82818051498751,26.339151371069136,0.015010368824005128,0.7
1215,0.40176457784146447,25.61321489040767,22.93113450204071,0.01526482105255127,0.75
1216,0.3842533694071436,31.957855753736414,16.20793739439022,0.014300370216369629,0.75
1217,0.567691728919858,29.553482715693928,26.046541691957014,0.01496124267578125,0.85
1218,0.4984990264347954,41.656095261970826,29.455484990549138,0.014423620700836182,0.85
1219,0.2943359411720352,36.73636900805464,18.312833548944603,0.014486348628997803,0.7
1220,0.5370356241905903,32.0816892292175,17.568548246769797,0.014250063896179199,0.85
1221,0.6928874768678026,31.865828074233246,27.149870568132418,0.014292645454406738,0.95
1222,0.8052940953078194,23.333730315377785,23.333730315377785,0.014133012294769287,1.0
1223,0.4463167451713702,34.35533563199921,26.167186763697927,0.014415442943572998,0.8
1224,0.5361722267855138,27.183196049846753,23.334044714653157,0.014405226707458496,0.85
1225,0.44203058915720134,30.355997775698164,26.043292835764692,0.014467394351959229,0.8
1226,0.5228284090417584,29.437967652239934,26.309807734104883,0.01444023847579956,0.85
1227,0.7289651375289592,27.26392792089308,22.937797568338993,0.014950919151306152,0.95
1228,0.4791068534453326,23.506586537937878,19.66273126726409,0.014344048500061036,0.8
1229,0.6189447657800144,26.901294194187,22.63956364858296,0.014340424537658691,0.9
1230,0.4768521934543403,28.253142150746367,23.051677062030993,0.014240550994873046,0.8
1231,0.5702259942888821,28.042162595128513,17.73199876418644,0.014069831371307373,0.85
1232,0.41995778135033957,43.49034932126591,38.26488154440511,0.014757823944091798,0.8
1233,0.7326373256149601,28.32428319837363,28.99683174360257,0.014128756523132325,0.95
1234,0.5997182210041977,37.690061890542296,28.566829543860663,0.014198625087738037,0.9
1235,0.45104493115747185,34.37553267571346,26.053594525516203,0.013998937606811524,0.8
1236,0.423994862814396,43.37084601398035,49.6658676589482,0.014275622367858887,0.8
1237,0.29763714711093125,28.07524650508949,19.219442350731185,0.014150989055633546,0.7
1238,0.630259884778523,22.139045355759613,17.786318970551488,0.013866865634918213,0.9
1239,0.3145055687949335,40.993477585459864,29.34554845035993,0.01424868106842041,0.75
1240,0.45414443516773995,35.7415337993709,34.04606609732765,0.014078426361083984,0.8
1241,0.5520491706855389,27.351957222482575,17.689985863561507,0.014328074455261231,0.85
1242,0.5285803784866194,34.582960301795126,26.337660652498997,0.014267277717590333,0.85
1243,0.6883659071407427,18.92306226442469,19.600893668567885,0.015230381488800048,0.9
1244,0.5008363456072544,42.77265969240726,40.51507531322566,0.01442936658859253,0.85
1245,0.35814328458329225,33.93060124297857,25.231708254110345,0.014165771007537842,0.75
1246,0.6481271977998946,22.1581181114316,17.320935313824208,0.014534616470336914,0.9
1247,0.6018814010550683,29.317686410669182,24.651195629395367,0.014157509803771973,0.9
1248,0.27641418877511,38.088112120854454,18.8750592204717,0.014164543151855469,0.7
1249,0.01808690151125474,44.41892762840854,29.114760102401377,0.01425483226776123,0.55
1250,0.4538158019005875,34.67977402915304,27.002920330118116,0.01444634199142456,0.8
1251,0.511250342126428,38.083167869181345,24.57974378545188,0.014207673072814942,0.85
1252,0.5128007743673831,37.83270492513049,30.30226539072832,0.014011454582214356,0.85
1253,0.3396562904745345,40.933837849127706,23.783943635659593,0.014251172542572021,0.75
1254,0.19036104478345037,33.72095922692655,19.718659144691955,0.014576303958892822,0.65
1255,0.6215644671304446,31.435009708549806,28.091625746501837,0.014318573474884033,0.9
1256,0.6001877891497812,16.455504060033324,16.538226296057907,0.014050137996673585,0.85
1257,0.2573722176155754,41.276695390072575,22.882157198075884,0.014159810543060303,0.7
1258,0.3006593004882678,35.93635875644306,23.260794288756387,0.014342939853668213,0.7
1259,0.551996679664033,30.036333396047315,19.65616763411285,0.014518773555755616,0.85
1260,0.35794577806083383,29.928313610455707,27.98389155811458,0.014071953296661378,0.75
1261,0.5324458292531651,34.531909826837385,19.91253465255498,0.014346826076507568,0.85
1262,0.46150305056044855,27.834237153536083,18.19902693930024,0.01420201063156128,0.8
1263,0.5239491997654034,33.45102564324654,30.477711414926002,0.014752614498138427,0.85
1264,0.6372846388339513,27.995156770427307,29.035290057234786,0.014626598358154297,0.9
1265,0.6335338110339178,30.883011599147455,27.37794121852175,0.014568841457366944,0.9
1266,0.5733056727875011,22.612321514991127,16.32345612948411,0.014697182178497314,0.85
1267,0.7611225392193337,27.224839626137946,22.628251540283827,0.01459808349609375,0.95
1268,0.5493255813579903,28.424318229259974,18.851080939266637,0.014252126216888428,0.85
1269,0.6331869488224666,27.314776208729945,22.100486454550428,0.014204442501068115,0.9
1270,0.6638684441627135,24.770094376879765,25.908076549924488,0.014441740512847901,0.9
1271,0.52489654647737,36.47591409786703,33.75336490148492,0.01448296308517456,0.85
1272,0.7255947179425953,30.145389160947577,25.170220051334553,0.01453695297241211,0.95
1273,0.589068196318624,38.815009442269016,36.22578181212217,0.014790892601013184,0.9
1274,0.658014154930875,28.248438182583556,28.589446463811175,0.014383673667907715,0.9
1275,0.267345574030491,29.852334590058565,33.69795331894474,0.014382624626159668,0.7
1276,0.23957771833048822,47.690935874412865,32.292287158386024,0.014945554733276366,0.7
1277,0.4564908348646227,33.88459931905352,24.910954774984454,0.014523279666900635,0.8
1278,0.6422357220224665,26.195247604508836,21.91312486874746,0.014465510845184326,0.9
1279,0.5997536157060609,33.091042015037914,29.2549986041747,0.014625513553619384,0.9
1280,0.49024893775885114,26.312409736431356,20.417210888060993,0.014411234855651855,0.8
1281,0.2690859220232339,39.64016395671821,25.157325195450746,0.014888107776641846,0.7
1282,0.6105283856033239,35.10885159415137,30.466968345517508,0.014614474773406983,0.9
1283,0.47743277877026824,29.272939982062024,19.083694585744816,0.014607715606689452,0.8
1284,0.5585862030401072,25.382325036665836,27.32550117186403,0.014642453193664551,0.85
1285,0.6318371312696855,28.389227738633032,24.084474113346253,0.014545655250549317,0.9
1286,0.8181864152806048,23.11477003144914,23.11477003144914,0.014122986793518066,1.0
1287,0.7435175543831536,27.71482157852632,28.330425769607235,0.014436900615692139,0.95
1288,0.5457681609895981,28.227113866720963,29.210728677017443,0.014414632320404052,0.85
1289,0.8233918883813495,22.47790215597673,22.47790215597673,0.01429687738418579,1.0
1290,0.6377331050592124,29.867615816889973,24.477076241366344,0.014385104179382324,0.9
1291,0.44849270251696316,32.824002012944575,36.71284515003747,0.014075613021850586,0.8
1292,0.6376781522676512,30.828424060248988,26.217502186736763,0.014757657051086425,0.9
1293,0.7226020912618536,23.45777188481489,18.658147932227696,0.01447908878326416,0.95
1294,0.5926478970491013,18.3663678223983,19.46955988598487,0.014883136749267578,0.85
1295,0.4993720752705496,26.677787555843707,22.61660089845383,0.014491546154022216,0.8
1296,0.4495043297508087,31.873806740430734,29.925484655110353,0.014517414569854736,0.8
1297,0.5311518173774723,28.309917442273246,30.138453338878904,0.014593398571014405,0.85
1298,0.7108367989402777,32.024036057376286,27.52191612010222,0.014525401592254638,0.95
1299,0.5964113964283759,37.94896432138849,29.272730376705024,0.014440023899078369,0.9
1300,0.1731215438404658,37.83109792429909,25.857557374446802,0.014327359199523926,0.65
1301,0.746834459994449,23.440675872671562,23.723866816168204,0.014689350128173828,0.95
1302,0.6986568923702716,20.628371856219985,20.632421977664503,0.01457374095916748,0.9
1303,0.6680098262342018,19.305003342575496,19.7493603161816,0.015155112743377686,0.9
1304,0.5694704800357697,46.853492004836696,39.08629702411815,0.014671218395233155,0.9
1305,0.5897015741406503,28.358154919112007,24.088020583426076,0.014648807048797608,0.85
1306,0.1933151772696498,32.544674148990886,32.13289294525361,0.014400553703308106,0.65
1307,0.659883480606753,16.88101502810547,17.355656576470622,0.014655876159667968,0.9
1308,0.3747403297589467,32.572261928399705,19.306841527430088,0.014913654327392578,0.75
1309,0.41934564895745224,33.61630554771654,25.645087562847934,0.014810895919799805,0.8
1310,0.47448410467582525,24.865603273163977,20.739398276333745,0.014566183090209961,0.8
1311,0.5105404762263267,31.40852471639616,28.52823405469431,0.014813482761383057,0.85
1312,0.41989997232906734,36.960816062708616,29.95545469554217,0.015248596668243408,0.8
1313,0.5414994020784876,35.81851570284026,20.88090330873179,0.015004658699035644,0.85
1314,0.6206636618054474,30.625723407826825,32.368233413747056,0.014773666858673096,0.9
1315,0.271367997591379,40.33176210623815,23.045155908023013,0.01584535837173462,0.7
1316,0.24016659299653767,44.45052180404889,22.28134061604329,0.014792299270629883,0.7
1317,0.5574254106430658,32.760558033855375,24.313872804377787,0.01528322696685791,0.85
1318,0.46405494754514737,35.9595874763006,22.555685224403067,0.014891874790191651,0.8
1319,0.6951005021198211,22.892431940544306,17.82014150208204,0.014588892459869385,0.9
1320,0.7260570838855741,19.992299582551524,20.176858008846896,0.014943671226501466,0.95
1321,0.5064439117666771,33.00498214636857,35.83343399927842,0.013908100128173829,0.85
1322,0.3275301429778608,44.23959278693681,38.832781437809096,0.014325106143951416,0.75
1323,0.3892692669505723,32.35800841159566,18.795880593116934,0.014651346206665038,0.75
1324,0.5642282658401783,25.38989935834889,27.421250539417837,0.014822828769683837,0.85
1325,0.4405650009922894,36.66502530349732,23.972773387176503,0.015052211284637452,0.8
1326,0.26392048998035317,36.33570922815327,38.98283915824546,0.014533674716949463,0.7
1327,0.41979586411480485,37.460794097471805,24.99428448907893,0.014837408065795898,0.8
1328,0.5578064965640943,26.342957315166803,28.00157168743371,0.014185214042663574,0.85
1329,0.4702448463348066,31.34615369532283,29.493749242934385,0.014413809776306153,0.8
1330,0.39589254103981475,28.29480358801846,25.60036908850894,0.01445862054824829,0.75
1331,0.4814031545588276,22.86695268994087,18.18485627985965,0.014903199672698975,0.8
1332,0.48556059881796126,17.393204177193233,16.656568744731644,0.01467822790145874,0.8
1333,0.3616848377086871,38.7807499400856,27.667714215331195,0.015269184112548828,0.75
1334,0.5773411185686553,25.060347516880356,25.88768034302439,0.015064489841461182,0.85
1335,0.6471100565232017,25.063687620980417,26.424794884992284,0.015108013153076172,0.9
1336,0.43747485284756815,31.07233254295169,27.28519154154597,0.014676249027252198,0.8
1337,0.558406978143789,30.825689722214115,26.430520706006103,0.014457499980926514,0.85
1338,0.5509415388726013,33.87097863314528,30.03694740446113,0.014817440509796142,0.85
1339,0.2174204807163372,45.10181833583709,35.27467478698487,0.01471402645111084,0.7
1340,0.37630778515592095,51.85736087768379,35.077018160501396,0.01479787826538086,0.8
1341,0.44668872779434565,37.2471282337561,24.163097601583104,0.01493539810180664,0.8
1342,0.3651836300811914,34.28272101085062,26.34182177397309,0.014801454544067384,0.75
1343,0.2977717525641609,29.434741111117642,19.873197419949147,0.014895439147949219,0.7
1344,0.16985644036341194,41.75209453188619,23.012130258397296,0.014722061157226563,0.65
1345,0.6182365999748647,37.75679741186015,29.04047186183208,0.015296316146850586,0.9
1346,0.6984831905558575,16.061811894967065,16.222616212444127,0.014420235157012939,0.9
1347,0.43102618298338546,30.804847464842993,21.737205582709137,0.014813005924224854,0.8
1348,0.6252365465824462,27.715210304645773,23.56887395308848,0.015026462078094483,0.9
1349,0.4709309010580435,25.06587340840596,25.784602380587827,0.014992988109588623,0.8
1350,0.8028611752813084,28.386362523925005,28.386362523925005,0.016692078113555907,1.0
1351,0.4895037507060147,33.362024094284735,25.017853744916607,0.014780652523040772,0.8
1352,0.41732190860807916,27.394910577510245,24.301492116581674,0.01499004364013672,0.75
1353,0.5432707122726856,28.845464802428303,30.578078988038836,0.014613378047943115,0.85
1354,0.5368591008710628,28.65207376664565,18.523477017256376,0.015068984031677246,0.85
1355,0.2962021461549925,26.253483023260152,23.714758788602747,0.01459578275680542,0.7
1356,0.5877239765473102,36.61769320312352,33.7166223543514,0.014765536785125733,0.9
1357,0.7416016772493605,19.39546185841564,19.476114015758878,0.014651501178741455,0.95
1358,0.5223018629052929,28.34743206702733,23.455275381315886,0.015113019943237304,0.85
1359,0.5966860101373558,35.73511560199132,31.509331936595263,0.01439204216003418,0.9
1360,0.46888372463109523,34.502087557441506,20.358179083384254,0.014596211910247802,0.8
1361,0.7787648901234558,39.18154611787869,39.18154611787869,0.014859259128570557,1.0
1362,0.4711685591423594,29.345095665990062,19.525818761859767,0.015135395526885986,0.8
1363,0.21620858605727072,47.98517034331458,39.620797689858726,0.01485522985458374,0.7
1364,0.3354783399345881,32.693830090186005,24.68283464572143,0.01484367847442627,0.75
1365,0.6170359817684938,31.312604584041782,26.30960178189323,0.014580607414245605,0.9
1366,0.4687623216087191,32.52107527881133,29.79656443632801,0.01625291109085083,0.8
1367,0.3392000668352393,60.84958482868698,46.72188427423985,0.01483215093612671,0.8
1368,0.21808938413154447,46.948353408248714,24.597052183232233,0.014706611633300781,0.7
1369,0.6568383385873025,40.59669071813138,36.56841346288107,0.015044069290161133,0.95
1370,0.7590542304999348,24.993739236807674,25.465274784988733,0.014753973484039307,0.95
1371,0.7336882504860016,34.46990920139281,34.67521586656316,0.01470808982849121,0.95
1372,0.6460770216358693,30.244210312329,31.52881379539374,0.015462982654571533,0.9
1373,0.5226005195527137,36.689389135894544,28.85963283506742,0.015497863292694092,0.85
1374,0.7027749796211389,28.203827404697115,23.65515675869588,0.015206241607666015,0.95
1375,0.38465040582857635,29.44307634846006,20.73378919112643,0.014860761165618897,0.75
1376,0.2476431334824501,36.83628572479678,24.533128224679974,0.014971816539764404,0.7
1377,0.3897253866812694,30.074093385025797,26.037629705321233,0.01492934226989746,0.75
1378,0.4955763022207858,23.16612949642971,25.209288212040676,0.01497868299484253,0.8
1379,0.49423411301826503,34.568577472555454,32.20832321934543,0.01492314338684082,0.85
1380,0.5325916337477453,49.32610166589668,46.13161249924129,0.015123546123504639,0.9
1381,0.5779314435937941,18.595908606955852,19.302507224149796,0.015254366397857665,0.85
1382,0.4662176654419574,32.11603569701148,17.808905808162386,0.01479576826095581,0.8
1383,0.7559279780681291,40.050060035339634,40.050060035339634,0.014855194091796874,1.0
1384,0.605673167371162,32.639615892843196,33.70939007878858,0.015123772621154784,0.9
1385,0.48518814500463475,20.830832421748084,19.764496786740835,0.014728367328643799,0.8
1386,0.7390618792620258,13.79060184955153,13.81599832369248,0.01487821340560913,0.95
1387,0.3748443742879134,34.67387875506187,28.039969019488698,0.014935708045959473,0.75
1388,0.4073670551960009,24.887582097160934,14.512479512594556,0.015002858638763428,0.75
1389,0.35238374907509085,40.88876872805631,22.896877693102763,0.014934992790222168,0.75
1390,0.07968865774885481,35.31611937628661,28.6014842349325,0.014857637882232665,0.6
1391,0.5174813646410552,30.62857245135195,32.90838645203272,0.014766156673431396,0.85
1392,0.8077344785972876,28.1915178210045,28.1915178210045,0.015185356140136719,1.0
1393,0.3503579893705488,41.10684307802585,23.704187924907522,0.014573967456817627,0.75
1394,0.8088949790147509,25.614484480715124,25.614484480715124,0.014342200756072999,1.0
1395,0.40939211875804726,29.025429229229548,20.913734173987688,0.014835631847381592,0.75
1396,0.3729864131625752,38.509427450087706,31.872041202128198,0.014730274677276611,0.75
1397,0.497287703137943,39.485173921864806,25.91054799424616,0.014574277400970458,0.85
1398,0.6851662731076182,37.41828472559189,33.317501928168134,0.015051722526550293,0.95
1399,0.5912779860804257,39.638328301228164,42.025513417487744,0.015690886974334718,0.9
1400,0.5560769968636744,28.833686739188742,29.75150146009387,0.014343070983886718,0.85
1401,0.5944213803955802,27.994152449578536,23.71137893413488,0.014398860931396484,0.9
1402,0.5183603297585524,33.06214040288025,23.93943820943325,0.014583790302276611,0.85
1403,0.408970829269183,40.94240671826913,22.261022932995274,0.014561891555786133,0.8
1404,0.6183526425032793,26.188943945692735,21.839220925728274,0.014326202869415283,0.9
1405,0.5695688948589919,42.63742952539618,34.747856048191984,0.014600133895874024,0.9
1406,0.20478136724405943,33.044139156154564,15.5781234743876,0.01450411081314087,0.65
1407,0.4526502779883968,28.663727676846303,17.88072081299115,0.014940643310546875,0.8
1408,0.5651012944149234,29.20057469990754,23.574028423206876,0.01472928524017334,0.85
1409,0.5882792454579129,17.02496098856846,17.56998891062686,0.014219164848327637,0.85
1410,0.640500415218697,22.445441070834427,17.930154766105666,0.01476116180419922,0.9
1411,0.6646523368148838,21.657186201729335,16.663395669161094,0.014915525913238525,0.9
1412,0.4705313921787382,24.420350236825367,20.001374669152984,0.014843010902404785,0.8
1413,0.7184207745043387,36.24761526058982,32.089933237666,0.015058314800262452,0.95
1414,0.4534407410486832,34.935029066896135,32.70410809724364,0.014944112300872803,0.8
1415,0.2389977800931104,43.48877488038641,32.667421852560814,0.015201699733734132,0.7
1416,0.5199757791224868,38.67545456603973,25.443467634413114,0.014728736877441407,0.85
1417,0.5655421402185891,26.39667292850848,27.981603182705623,0.01460106372833252,0.85
1418,0.6164739762367061,26.4541035664337,28.002069315835012,0.015099740028381348,0.9
1419,0.49301469940147297,27.637552456564727,18.405881691438434,0.01483699083328247,0.8
1420,0.8415699128197971,17.077010491347618,17.077010491347618,0.014761197566986083,1.0
1421,0.7219628792197637,27.641170035226214,28.41796428688187,0.014580774307250976,0.95
1422,0.5485693094496976,23.777265689332175,18.82933766240575,0.014766204357147216,0.85
1423,0.6356842290678714,32.489395946470125,34.37414428655391,0.01483469009399414,0.9
1424,0.5137280450947372,40.38679885757367,37.38139933313707,0.01440579891204834,0.85
1425,0.36296304282803576,37.061181952997416,23.060244972178428,0.015320587158203124,0.75
1426,0.753309941017397,18.861462650805414,18.765620664974705,0.014466679096221924,0.95
1427,0.670016443801705,22.931570518519344,23.900886808976015,0.014822161197662354,0.9
1428,0.5803093429462779,22.35911619334538,23.929866852631925,0.015197181701660156,0.85
1429,0.48916180831785905,23.622906914612088,19.914388433080973,0.014578568935394286,0.8
1430,0.575112360871666,22.04749865024012,17.813813968919582,0.01536787748336792,0.85
1431,0.24168875571477716,42.10720578910764,32.7365293239579,0.015101802349090577,0.7
1432,0.7386059120230183,24.162529781694275,24.217738505259508,0.014931237697601319,0.95
1433,0.3831984797619973,30.701154927709474,21.052731463398928,0.014642798900604248,0.75
1434,0.7553464799520293,18.670700205115626,18.762409931960253,0.014972078800201415,0.95
1435,0.6965063408224639,33.54542011697119,34.52713051570718,0.014596271514892577,0.95
1436,0.5119300359039747,33.24032950930291,24.333878069165852,0.014950084686279296,0.85
1437,0.5452323645548732,29.710515154665103,26.595454978008796,0.014618384838104247,0.85
1438,0.7087224541984029,32.291521454620806,31.752584227090665,0.014573025703430175,0.95
1439,0.6998682884396709,32.668792355969046,32.284000478853635,0.014865481853485107,0.95
1440,0.32020630149037227,34.80413557695542,38.686611833032934,0.014812803268432618,0.75
1441,0.39579364710931775,26.91506057143702,15.40485838484193,0.014486515522003173,0.75
1442,0.4807330493447283,34.17174202194363,30.593907751137525,0.014602649211883544,0.8
1443,0.49472975668913943,19.12838975994861,20.073098949127385,0.014609158039093018,0.8
1444,0.8038147123593407,23.173891707243925,23.173891707243925,0.015427255630493164,1.0
1445,0.549027121438887,27.24732104685567,22.234429199144078,0.014793992042541504,0.85
1446,0.5570326987667418,30.571469120566263,31.397693490209075,0.014683377742767335,0.85
1447,0.5126955398610427,31.606969950129592,22.661547216870574,0.014938127994537354,0.85
1448,0.2787195511905093,33.567848775635824,18.795051668854722,0.015269994735717773,0.7
1449,0.2737973635233012,38.144406369911465,33.56639417725365,0.014179396629333495,0.7
1450,0.8003497035009136,32.228619711754206,32.228619711754206,0.015053391456604004,1.0
1451,0.603887476229522,37.46066242135193,33.90006271491988,0.014646899700164796,0.9
1452,0.37304485502513257,43.16845809517457,37.02841983901662,0.0143876314163208,0.8
1453,0.27596546775615977,39.31089000128927,14.603135925376174,0.014542627334594726,0.7
1454,0.5862455562546772,42.588759934320166,39.71641608640667,0.014410877227783203,0.9
1455,0.5417904350857028,17.105378722943314,17.281881679726197,0.014497268199920654,0.8
1456,0.4507738315839517,30.923968485401144,22.06036040101788,0.014363276958465575,0.8
1457,0.5989290136775594,18.63943860431943,19.12175019972374,0.015130198001861573,0.85
1458,0.5768425976050982,23.58415077798769,18.183970305491286,0.014135634899139405,0.85
1459,0.23351578173206694,42.8813945239279,39.04198817928987,0.014853441715240478,0.7
1460,0.7957208443371302,20.34656811674156,19.800113026503322,0.014922404289245605,0.95
1461,0.5325340693163485,33.76148377869901,25.444098484654873,0.014789009094238281,0.85
1462,0.44079773792677246,34.10541309536862,24.14783357669444,0.01520986557006836,0.8
1463,0.5127444621621376,43.46568208997186,42.87388341750623,0.015893387794494628,0.85
1464,0.7689655263760399,22.36022733405418,22.96296002726966,0.01466909646987915,0.95
1465,0.7990265392924374,14.905554102403036,15.158462239447465,0.015143191814422608,0.95
1466,0.7363173170646712,24.484309277213043,24.750009811019062,0.01458754539489746,0.95
1467,0.6101743633056268,29.865268387686037,31.202041139099688,0.014922082424163818,0.9
1468,0.6144593158363361,43.28844181654339,35.209385350697914,0.015335023403167725,0.9
1469,0.4693811566805661,29.91188796580017,25.274868695045665,0.014686822891235352,0.8
1470,0.5818146253827269,29.058939831171624,29.68294203370398,0.01464918851852417,0.9
1471,0.3882362516619788,28.36363934746302,24.93969523254931,0.014883804321289062,0.75
1472,0.5348571390774353,38.121390436333385,35.713695709051734,0.01474529504776001,0.85
1473,0.750221883800212,16.903584647412274,16.933126675572385,0.014729690551757813,0.95
1474,0.6657981021626826,25.865155159132797,21.449732552364026,0.01462852954864502,0.9
1475,0.6064893657666998,29.982379835139472,26.262672824943422,0.014706850051879883,0.9
1476,0.4207255452592741,44.59356189251993,31.88871917085473,0.01487431526184082,0.8
1477,0.5939304044187665,39.56375554885543,30.99152322393234,0.014640140533447265,0.9
1478,0.31498349812919535,21.540227870851567,23.224582655121548,0.014512252807617188,0.7
1479,0.48785627434437434,43.31956057909996,42.442337431893236,0.014926481246948241,0.85
1480,0.7508417592199077,25.116407946538637,24.740066547586867,0.01445690393447876,0.95
1481,0.7508182371292651,23.40166001769968,23.995000759855273,0.014979040622711182,0.95
1482,0.7590465102116906,21.426249610574644,16.43182667529477,0.014741647243499755,0.95
1483,0.6234513746499106,29.955147309547677,26.08244881711171,0.015125906467437744,0.9
1484,0.5562091191373179,28.07503424336346,30.416280113493873,0.014713168144226074,0.85
1485,0.7101852747670755,25.2437952946302,20.954572584309194,0.015316510200500488,0.95
1486,0.43334881500177413,41.16764113860887,29.050624722664146,0.015085732936859131,0.8
1487,0.6696127621263046,20.71925983081077,16.31068911064664,0.014587616920471192,0.9
1488,0.2629439829201776,41.875446986828834,32.28432164756988,0.015199017524719239,0.7
1489,0.49316248908833205,27.953426562105125,23.907377444847917,0.014978635311126708,0.8
1490,0.6802850818236117,30.997187518035627,32.06358140380084,0.014812207221984864,0.95
1491,0.4316415402596858,34.28504416350335,24.36284229604344,0.014724743366241456,0.8
1492,0.6107999697878697,31.52971839958594,27.50354037130798,0.015735816955566407,0.9
1493,0.5616151401184161,22.534046580950413,23.311225375723968,0.014526784420013428,0.85
1494,0.4495992564820295,37.1906755594317,30.159059757499318,0.01525954008102417,0.8
1495,0.5206532700490938,36.07776048405162,27.843175068953972,0.014494705200195312,0.85
1496,0.6916777006950844,22.063511903374376,17.644864106458346,0.014388740062713623,0.9
1497,0.7163007033418811,31.2775217958707,26.973389852213927,0.014429497718811034,0.95
1498,0.5641867341730644,23.018477402004105,18.711354223354437,0.01429513692855835,0.85
1499,0.2584030334566851,40.16449024994241,33.906406942418855,0.014260733127593994,0.7
1500,0.5731753583186309,27.261572698629276,21.82397533612885,0.014753925800323486,0.85
1501,0.6048845844653397,32.03488302180914,27.79288388817172,0.015110647678375244,0.9
1502,0.6399418893433606,31.887356695507872,27.64805334549207,0.01450718641281128,0.9
1503,0.6947529644863314,30.259289544155575,25.46874795177561,0.014759862422943115,0.95
1504,0.5855527409075072,34.67872055587884,31.052744723583153,0.014816582202911377,0.9
1505,0.43936299035953097,22.870683144859175,22.955958418966137,0.014134550094604492,0.8
1506,0.630099017746337,24.31753781159779,25.0039317770336,0.014788627624511719,0.9
1507,0.6669693694708321,23.125258500865442,23.932594717171746,0.014630734920501709,0.9
1508,0.508575316450209,33.9984871828555,30.748974646504106,0.014789009094238281,0.85
1509,0.7040211472203398,25.292560425295743,20.491328983873803,0.014358258247375489,0.95
1510,0.5710520293428832,25.658658647337155,22.016161143578728,0.015138053894042968,0.85
1511,0.3572087407656822,34.48967638330803,27.146419061715353,0.014887022972106933,0.75
1512,0.6544994424968846,28.90036793393444,25.15042434297573,0.014291763305664062,0.9
1513,0.49096816479776806,18.22995484705995,17.840471534812842,0.015096509456634521,0.8
1514,0.41838488041348737,42.83690809057331,36.11489227890906,0.01448274850845337,0.8
1515,0.7497330673938125,18.67222958104219,18.75650592590876,0.014926493167877197,0.95
1516,0.7378382459773621,27.913137383398777,23.133329734380688,0.015095221996307372,0.95
1517,0.49012426818561916,36.471841425591904,28.307941916222276,0.014765822887420654,0.85
1518,0.3933800899942784,31.4523155643512,19.958576677619714,0.015034675598144531,0.75
1519,0.5677419633093643,26.681584443659,22.968695827011103,0.014394402503967285,0.85
1520,0.6275803584395563,27.60781174011578,23.46664028690934,0.014874327182769775,0.9
1521,0.44270671786119803,31.314577264735753,27.486052529885555,0.01449446678161621,0.8
1522,0.6373525186098207,25.791915915499704,25.19396761807535,0.014529597759246827,0.9
1523,0.43844723961183585,20.968138245061688,20.58753892532679,0.014474213123321533,0.75
1524,0.5674694904050149,28.627840854489733,28.704675442549114,0.014432525634765625,0.85
1525,0.2635945638122384,41.67656113863065,35.57775717369801,0.014753127098083496,0.7
1526,0.3081839914977622,37.20959476720412,36.01664459615342,0.01436445713043213,0.7
1527,0.5696852948158526,22.021605197122668,21.724878763149277,0.014539957046508789,0.85
1528,0.5142388060961741,33.35799522291699,30.55130993438921,0.014774072170257568,0.85
1529,0.3087578381392348,37.605181088857826,29.881901611889294,0.014256036281585694,0.75
1530,0.40829020734954974,31.75186768572065,18.252438376167166,0.014688539505004882,0.75
1531,0.5442208477806739,34.20720500152535,31.15140068808859,0.014419972896575928,0.85
1532,0.6051999568958967,37.370781130867655,28.70951277607294,0.014541912078857421,0.9
1533,0.5984609732444749,38.80867688092154,30.479767201290088,0.014965367317199708,0.9
1534,0.54986793124507,34.59305036431028,31.0750785986356,0.014675009250640868,0.85
1535,0.4401816811920612,52.63543302380068,47.53803346555002,0.014387428760528564,0.85
1536,0.09986528401204947,37.57054998873814,17.49846891892607,0.014390742778778077,0.6
1537,0.30730281053378633,30.947538571244525,22.99861536048758,0.01446521282196045,0.7
1538,0.5227820970513762,32.52913940106176,24.27018256454778,0.01536787748336792,0.85
1539,0.48588760721145574,22.981677462109698,18.40652218022948,0.014457035064697265,0.8
1540,0.3324802676632937,38.550149963928845,39.184785959284426,0.014147281646728516,0.75
1541,0.336817548003133,34.01412662225991,38.018087737895534,0.014286959171295166,0.75
1542,0.3407187439713068,39.64695362970059,37.4554338176467,0.014531350135803223,0.75
1543,0.6469455512456589,23.005715386360567,18.2712478190766,0.014386260509490966,0.9
1544,0.3773860472481497,37.63083915837112,24.713910865970984,0.014736020565032959,0.75
1545,0.6610381174955671,26.786032646562568,22.327135635113947,0.01458677053451538,0.9
1546,0.709439459503226,32.68652473136945,33.58213523788326,0.014110112190246582,0.95
1547,0.42152956190218954,18.35041422408537,19.15148938081001,0.01436767578125,0.75
1548,0.473355967197838,23.989175044914255,19.8061413582297,0.014365386962890626,0.8
1549,0.7365610514509194,28.668822950909345,24.130193637505386,0.014160454273223877,0.95
1550,0.5999094876654465,16.9214264374979,16.42073093902351,0.014288103580474854,0.85
1551,0.5402978231405052,31.415702690809535,27.93343509438485,0.014554023742675781,0.85
1552,0.541361267020114,36.224500353527034,21.16631138762736,0.014331614971160889,0.85
1553,0.5241840851451968,29.912872342758753,24.310518289004786,0.014408349990844727,0.85
1554,0.5671902750835146,22.71738351673624,17.0129601180067,0.014405298233032226,0.85
1555,0.5292305115656281,38.92725862851283,31.215383067550903,0.01431652307510376,0.85
1556,0.533206785867748,30.501228624059557,20.625750786355614,0.013950598239898682,0.85
1557,0.4931413956116898,41.845517714503174,40.30510483001236,0.014575695991516114,0.85
1558,0.5488337465375904,32.59489436782046,28.6922299075807,0.014087820053100586,0.85
1559,0.2652050395907234,57.98316588711729,44.908893665513204,0.01444835662841797,0.75
1560,0.4009567656531988,40.16118183653373,40.50081258081918,0.01417388916015625,0.8
1561,0.30701194445577185,49.42203097891471,41.12924278270669,0.014403188228607177,0.75
1562,0.35585744727399576,32.36651919703887,23.002089999297922,0.01429734230041504,0.75
1563,0.506943237987019,37.43385772885189,28.249490521463592,0.01442941427230835,0.85
1564,0.13086963275304284,37.739161392188166,27.60277596452605,0.01448676586151123,0.6
1565,0.5320734352647829,35.79965444900845,28.01850272499555,0.014373552799224854,0.85
1566,0.4125101709732021,42.4616571607239,36.67139103859206,0.014144420623779297,0.8
1567,0.5632820618821246,39.70233222238954,42.41001291037771,0.01469482183456421,0.9
1568,0.72357598009781,27.20956581935679,22.072903544445,0.014271509647369385,0.95
1569,0.515716173211594,38.244347612195035,24.62024875617605,0.01422722339630127,0.85
1570,0.6120555762544228,31.427013402403027,27.725533581088506,0.01423708200454712,0.9
1571,0.47046321066277264,32.443855364746376,25.049117983670776,0.014304125308990478,0.8
1572,0.5067906636407272,42.11505751918698,34.93993770449867,0.014330852031707763,0.85
1573,0.31241228138851973,43.71892955180626,31.22891793017159,0.014294898509979248,0.75
1574,0.4036891918257143,35.361562758393305,26.69300722296053,0.014328396320343018,0.8
1575,0.459854861693337,23.580334214776236,18.42112234947183,0.014288556575775147,0.8
1576,0.6565856200699303,23.35948804099478,24.377076483591733,0.0143227219581604,0.9
1577,0.6317696159282022,29.25993209752358,25.275351058644908,0.014729762077331543,0.9
1578,0.7187958298660915,34.309109874444054,30.310744489360104,0.01439429521560669,0.95
1579,0.7260164515830125,22.186529671617027,17.51092345585036,0.014597082138061523,0.95
1580,0.5477433204514162,29.85312426364397,32.67993438194155,0.014229726791381837,0.85
1581,0.5460314241112195,29.223683820643032,31.840757945916547,0.014551472663879395,0.85
1582,0.6950870848034374,18.941674168336302,19.50730790348694,0.01470959186553955,0.9
1583,0.7445111160837781,25.170041345842964,25.829659217749743,0.01396040916442871,0.95
1584,0.6664754562877453,16.635031227850856,16.111985422967493,0.014799785614013673,0.9
1585,0.5843669924027736,23.74039931922629,19.50505395283211,0.014206528663635254,0.85
1586,0.285977991929235,28.12861210445982,26.312734683843278,0.014466595649719239,0.7
1587,0.47227440172683355,25.350457978236683,27.036856927965076,0.014447188377380371,0.8
1588,0.43904098785039425,40.31623057319144,27.395907674312756,0.014426803588867188,0.8
1589,0.8351404746095998,24.909973286540684,24.909973286540684,0.014227509498596191,1.0
1590,0.2758231956511065,41.34271899473235,27.47265040227245,0.014640104770660401,0.7
1591,0.2095777403886939,38.69668192565244,27.136376653569616,0.01417323350906372,0.65
1592,0.431156411626449,35.7347835591109,34.163248647638156,0.014719533920288085,0.8
1593,0.35902020403752644,35.83630761694382,28.985237560091303,0.014272713661193847,0.75
1594,0.5745198865512664,20.79380054270027,15.665815702084599,0.014158356189727783,0.85
1595,0.625322685004568,27.550111936042157,23.57527236383591,0.014699065685272216,0.9
1596,0.37648064800424486,36.623877483195926,24.11493288131188,0.014345514774322509,0.75
1597,0.5606061326292979,28.734893507651332,25.660793167730922,0.014363038539886474,0.85
1598,0.7257756668181908,17.153140383819082,17.09135667820526,0.014415252208709716,0.9
1599,0.43526060004264727,24.664924612553506,20.818462217380556,0.014390051364898682,0.75
1600,0.31998760408671284,25.35916070662892,20.93914524002754,0.014320456981658935,0.7
1601,0.5390957139267251,23.36550801730155,23.251846934249976,0.014501392841339111,0.85
1602,0.4607954481854729,39.14035127443054,27.379356476733705,0.014229226112365722,0.8
1603,0.5736418621416021,26.695943731901615,16.803713831733077,0.014474618434906005,0.85
1604,0.5174298540658939,44.250881360201056,37.52906600455961,0.01430964469909668,0.85
1605,0.53869175477197,22.492806287893288,17.457442577103965,0.014482843875885009,0.85
1606,0.5972633009326044,22.81640669725545,23.183239377692257,0.014156651496887208,0.85
1607,0.7554019883646642,24.9094314015246,20.07370999731009,0.014536583423614502,0.95
1608,0.5978374283143337,33.42652693279155,30.11260342234918,0.014291918277740479,0.9
1609,0.6012068445570458,38.369579566837416,35.21030018066544,0.014172136783599854,0.9
1610,0.3611957878538679,38.99997489363911,37.4708941000604,0.014464747905731202,0.75
1611,0.5411032935398277,32.492887400161244,22.220195211729955,0.014521956443786621,0.85
1612,0.38080331092978426,33.48678598938638,26.37724519931795,0.014293372631072998,0.75
1613,0.5515770975801496,26.972572770634805,29.139247788509202,0.014809179306030273,0.85
1614,0.6399643091527232,29.496015494081384,25.658693614537487,0.014353501796722411,0.9
1615,0.6619583340143473,32.96124637955773,29.682645795044373,0.0142067551612854,0.9
1616,0.24323333999200164,39.11901484058841,27.15119740139416,0.014258217811584473,0.7
1617,0.5361439043053123,33.651713836855755,36.80706838134009,0.013852429389953614,0.85
1618,0.4257272302023554,33.7609295808023,31.595578212390997,0.014286518096923828,0.8
1619,0.2102061957064731,33.44330281900578,25.074193184657393,0.014379644393920898,0.65
1620,0.5103408968705668,38.7850565071524,36.66823390387438,0.014200544357299805,0.85
1621,0.6117065373321319,40.61009856676141,41.66208520554057,0.014313209056854247,0.9
1622,0.34766187780232316,59.23546678954324,45.216966461185976,0.01449739933013916,0.8
1623,0.229763542848097,43.3612057849858,31.43901135381729,0.01458134651184082,0.7
1624,0.2648418677863725,50.259244614324565,42.75418052032329,0.014224505424499512,0.7
1625,0.18008090922163092,44.19463149755305,34.16418913262852,0.01514815092086792,0.65
1626,0.637098491102775,46.04375027483923,42.3745620848313,0.014638006687164307,0.95
1627,0.6315877365924712,26.661272759664513,22.048534044995634,0.014460110664367675,0.9
1628,0.34956666925551505,38.38836143198959,26.36584456356385,0.014159882068634033,0.75
1629,0.5407313971715274,28.936002356895035,19.59484415386434,0.0141609787940979,0.85
1630,0.6303621267368628,26.695988932012188,22.490303618250493,0.014373981952667236,0.9
1631,0.1607720910874601,43.791075683395476,20.08772325724485,0.014346516132354737,0.65
1632,0.547510026071339,29.218529917364968,24.7525712940763,0.014201045036315918,0.85
1633,0.3675310380216267,37.763281645997175,36.880641185221585,0.013991737365722656,0.75
1634,0.4670463422924094,32.644878171886,24.100859292528607,0.014687395095825196,0.8
1635,0.636743524127763,29.181640551023655,25.263456646793394,0.014224565029144287,0.9
1636,0.27678604726820916,40.05170591183265,27.69326015852119,0.014503443241119384,0.7
1637,0.6205427226435499,24.54092246551459,25.208216852392,0.014549696445465088,0.9
1638,0.5317105231155144,32.93304344565446,30.423443931112246,0.014373254776000977,0.85
1639,0.6951556203924182,17.38452000885709,16.766791990901353,0.014368128776550294,0.9
1640,0.6613074041212296,30.273917760103775,30.828042284736412,0.016184890270233156,0.9
1641,0.5109907306426369,31.865095449471493,22.834761632750112,0.014725232124328613,0.85
1642,0.6006887274965356,21.705135697871036,21.54321572969103,0.014073359966278075,0.85
1643,0.44893399126598166,38.455355018364244,26.094616841634952,0.01483612060546875,0.8
1644,0.6526848253949387,19.360815457283145,19.43601991907863,0.014832079410552979,0.9
1645,0.31934773694584134,43.86100791755373,40.490217157988795,0.014739084243774413,0.75
1646,0.7629863002608113,25.02505476978785,25.02505476978785,0.014426076412200927,1.0
1647,0.4895881303191594,44.136045706437855,37.72368056291039,0.014431631565093994,0.85
1648,0.7867479720367688,29.002465817358473,29.002465817358473,0.014255368709564209,1.0
1649,0.6301853444202598,29.223616102555688,24.485554824046105,0.014157474040985107,0.9
1650,0.6283016204195313,28.735938524812052,25.04742165368557,0.013982129096984864,0.9
1651,0.4664330638401498,34.80245413461954,26.022703539464125,0.015005111694335938,0.8
1652,0.43503954074135526,29.726585801675817,20.466287286147143,0.014514291286468506,0.8
1653,0.5878378096675101,37.97700630364256,34.46138291484229,0.014365530014038086,0.9
1654,0.6100928098924527,37.63705264886605,34.216693740257014,0.014362645149230958,0.9
1655,0.1870068251011741,32.66055626797661,33.06022014047917,0.015349233150482177,0.65
1656,0.6828923120174066,32.312950319923566,33.24413773875487,0.014007008075714112,0.95
1657,0.6367808843498819,27.698015882084285,23.88003852192289,0.014763951301574707,0.9
1658,0.43239597997985246,36.857695441171316,29.291063612960084,0.01440122127532959,0.8
1659,0.4880431368330102,41.792048094855986,28.272732969987363,0.014224720001220704,0.85
1660,0.549635096741067,36.64338163595243,29.247505473241027,0.01452789306640625,0.85
1661,0.6314732539143121,16.696394179279174,17.026274410088835,0.014321243762969971,0.9
1662,0.47988162355478653,24.391304216176643,25.551793742418134,0.014369451999664306,0.8
1663,0.43458693777291746,37.14134919282903,30.06372111507001,0.014406108856201172,0.8
1664,0.264976740079497,37.85129722595955,33.73765271659583,0.01447681188583374,0.7
1665,0.17260653702929113,38.1161931190689,17.6056418169898,0.014673364162445069,0.65
1666,0.6466671056134553,30.281089037125774,31.48511499546798,0.01458437442779541,0.9
1667,0.5485172471961512,27.255259538109065,24.264314363301857,0.015041184425354005,0.85
1668,0.5763959314062179,17.82744887545446,18.426206081926193,0.01443556547164917,0.85
1669,0.40725457933952935,25.164258628333734,20.56923963142929,0.014361357688903809,0.75
1670,0.39095652809501236,21.791013708477994,16.535580875045195,0.01459517478942871,0.75
1671,0.5788288052285979,21.734881471221335,17.634870507086884,0.014163267612457276,0.85
1672,0.2598013583471812,43.30873734745598,33.03263607201475,0.014075636863708496,0.7
1673,0.460906720648257,34.05220912966276,25.136655063720255,0.014447057247161865,0.8
1674,0.39726760683154805,43.21542130834857,37.97425249670015,0.014601707458496094,0.8
1675,0.8206784704511827,21.659342973324748,21.659342973324748,0.01448979377746582,1.0
1676,0.4871738748190725,43.0746520947273,29.996663813655665,0.014213383197784424,0.85
1677,0.2889505950480727,33.74119712602803,18.529305194228233,0.014289748668670655,0.7
1678,0.6449117054124183,27.819598395158657,29.338846935985217,0.014375686645507812,0.9
1679,0.6378612458189876,27.990770773797173,23.613203565357438,0.015090525150299072,0.9
1680,0.6635524101167588,25.447077453133808,25.781424251986433,0.014798116683959962,0.9
1681,0.751680629405741,23.392614876653674,18.36036275333064,0.01472933292388916,0.95
1682,0.5412019833843671,34.68905128168343,26.6883651937997,0.015085101127624512,0.85
1683,0.48655765877028456,22.955537327269557,18.330288785534055,0.01446239948272705,0.8
1684,0.3671714698687259,33.85322518897304,19.088603660270522,0.014591264724731445,0.75
1685,0.5478242474206105,31.45731857874257,21.407832019162793,0.014727962017059327,0.85
1686,0.5984940353752078,32.80746786935705,28.904016151843482,0.014442980289459229,0.9
1687,0.5704927620084088,22.79242308669757,23.225754160480605,0.01444244384765625,0.85
1688,0.44880030499740825,27.12923171841988,16.356877397838367,0.014523184299468994,0.8
1689,0.4133838692090486,42.254344573593265,24.081672640671087,0.014643537998199462,0.8
1690,0.724455115360563,33.137666523710045,28.875441986512584,0.014453911781311035,0.95
1691,0.40917194961588244,44.062981841695,43.66166005667595,0.014806675910949706,0.8
1692,0.4080225884158749,21.9486565875466,17.724397904923915,0.014547169208526611,0.75
1693,0.4962438740572631,24.452764584924335,20.34920020596138,0.014435672760009765,0.8
1694,0.5549792034197355,28.52485762702251,29.786928280353383,0.014963865280151367,0.85
1695,0.4978193508583562,40.78990640140354,30.670428510651465,0.01407712697982788,0.85
1696,0.7109247648902454,20.47685595617192,20.88906892331597,0.014165389537811279,0.95
1697,0.43358270917668473,28.044565798968847,24.107718086764265,0.014660358428955078,0.8
1698,0.5525581633749659,26.85946579439851,16.69041491488869,0.014608395099639893,0.85
1699,0.4426450942721928,29.06668815421333,20.362270076133957,0.014407122135162353,0.8
1700,0.4420524577295282,33.32440102169629,25.27820880178857,0.014907169342041015,0.8
1701,0.8375311350002506,24.252014845289256,24.252014845289256,0.013967204093933105,1.0
1702,0.6365804291894921,26.71686821388238,22.594697597323083,0.014616906642913818,0.9
1703,0.660613379033199,25.15709245204467,26.166822286528888,0.014844763278961181,0.9
1704,0.7464933741884816,21.499058025448015,21.974900850138297,0.014576137065887451,0.95
1705,0.5546413364077439,29.684298352125996,26.282123370605508,0.014586853981018066,0.85
1706,0.37234539180985865,26.93754894909126,24.380200747399485,0.014688801765441895,0.75
1707,0.26548080359280973,26.42179275132139,16.503751136890003,0.014539635181427002,0.7
1708,0.3261926225373172,30.12091068616889,21.56602869749035,0.014262807369232178,0.7
1709,0.5534924816227287,45.35345924197056,49.06778292115732,0.01426759958267212,0.9
1710,0.6471005091179752,38.513434905442196,34.81664081206549,0.014400124549865723,0.95
1711,0.5344898078980099,28.04171871455218,18.927891769135755,0.01437535285949707,0.85
1712,0.3240696633198096,38.205899147828084,39.52707361749335,0.014565098285675048,0.75
1713,0.773240759284664,32.8534108097587,32.8534108097587,0.014007925987243652,1.0
1714,0.6212968895509634,26.176614248030102,22.324050821388184,0.01443791389465332,0.9
1715,0.47595130722513906,22.318929316666683,23.11582384264172,0.014844954013824463,0.8
1716,0.5612272611969377,30.192578618680677,25.816339661681905,0.01412668228149414,0.85
1717,0.5293125389839379,29.906865107632377,19.900174757711746,0.014761519432067872,0.85
1718,0.47647073933471357,28.285056859523497,19.0583497270385,0.014365279674530029,0.8
1719,0.5739486673832612,23.44895493105748,25.50448924794897,0.014349412918090821,0.85
1720,0.6255946252824838,31.223204023511396,32.834968895833,0.014331519603729248,0.9
1721,0.6308307204191509,33.46982056360552,30.13695954489393,0.014289629459381104,0.9
1722,0.47365666664983097,27.764204610389612,30.281578793394814,0.014434075355529786,0.8
1723,0.5271240806540947,27.773193049930796,23.479677676378152,0.015204203128814698,0.85
1724,0.39870353299827893,28.252402093754938,19.6795084952798,0.014754545688629151,0.75
1725,0.6803447142570217,22.641863384002097,22.291325578646266,0.014502942562103271,0.9
1726,0.49291162062820926,28.449564951500424,25.189926015406456,0.014580821990966797,0.8
1727,0.4902690937413469,27.771911461940874,17.9094375827082,0.015326464176177978,0.8
1728,0.589139234305494,21.849701744902916,17.230601946308745,0.01439826488494873,0.85
1729,0.33935389616082345,36.775404853324886,17.185374807059603,0.014751732349395752,0.75
1730,0.29778222886993333,21.650405829244786,24.455573102911533,0.015067851543426514,0.7
1731,0.4443897201141255,32.57695779689887,30.14268300639532,0.014793038368225098,0.8
1732,0.7349989729082497,21.917851106046626,22.48538211077578,0.014627933502197266,0.95
1733,0.6282689419780132,28.448862345875295,23.982077756593274,0.014754211902618409,0.9
1734,0.8202359789972278,24.19622701080783,24.19622701080783,0.014459574222564697,1.0
1735,0.7315433038114546,23.886386644630655,23.880416599720373,0.017183685302734376,0.95
1736,0.46273916151218425,23.157453535073934,23.47314344811871,0.014893865585327149,0.8
1737,0.5565928232571508,30.586751124255507,32.11504899316509,0.014755463600158692,0.85
1738,0.657807328641141,22.430844573322588,21.981752176922143,0.01456066370010376,0.9
1739,0.6231764748376933,29.83136968489987,25.698659069040986,0.014657425880432128,0.9
1740,0.4420799816651838,29.495547903892582,31.282787662788895,0.014819204807281494,0.8
1741,0.6455325183104981,40.53606996717486,41.58084018422396,0.014921987056732177,0.95
1742,0.5691536287000445,19.990123843041523,19.479106406356856,0.015195655822753906,0.85
1743,0.42800790764111635,30.065574931627783,21.497855198455696,0.014778900146484374,0.8
1744,0.7194143080319798,19.270602454587298,19.295658944886323,0.014612984657287598,0.95
1745,0.4921124520624204,29.212319612213236,27.07863459483449,0.014542889595031739,0.8
1746,0.6477575468144476,29.51814484912411,25.323668917416086,0.014527225494384765,0.9
1747,0.5617049064192418,28.267506149775265,18.13690286123948,0.014616596698760986,0.85
1748,0.6391029403499942,18.239755592746878,18.541321984453948,0.014590644836425781,0.9
1749,0.5480623513852568,31.799097844076908,23.55114702892912,0.015282583236694337,0.85
1750,0.4619016626234645,33.32402554828499,24.57278155958199,0.014292752742767334,0.8
1751,0.8196965553983752,15.494420343905267,15.494420343905267,0.014732742309570312,1.0
1752,0.6402439664076464,25.101846301877508,20.804215196968652,0.014152050018310547,0.9
1753,0.47667752725400403,26.090679618889038,22.40654688724495,0.014427518844604493,0.8
1754,0.47673798101639975,25.560521036855828,26.333094193712085,0.014228141307830811,0.8
1755,0.5074821919460094,32.568000955612135,22.905900283173978,0.014171135425567628,0.85
1756,0.44568938095478067,34.813743977207814,32.43946722249737,0.014163768291473389,0.8
1757,0.1635723975026083,47.70970264553978,35.16088028451197,0.014295244216918945,0.65
1758,0.39235767943891786,43.33406217452029,37.319229587049485,0.014325463771820068,0.8
1759,0.617987729890161,29.736520729520286,31.84062809413351,0.014498913288116455,0.9
1760,0.3872345259259684,31.548021193449518,21.561951696673287,0.014427769184112548,0.75
1761,0.26751136391686947,44.58444728809082,28.086035809527054,0.014515066146850586,0.7
1762,0.34207698519090307,42.19965017107246,31.292250837800285,0.014333009719848633,0.75
1763,0.574772419418841,27.350455647487706,21.910231314472703,0.014589512348175048,0.85
1764,0.7693346804158674,37.60860086537027,37.60860086537027,0.014584183692932129,1.0
1765,0.3756517946358537,50.03886728304594,30.979768024323604,0.014106237888336181,0.8
1766,0.5041798327075191,36.9665337351304,27.062984678628176,0.014589047431945801,0.85
1767,0.617410872026125,33.252028025848816,29.810139212706815,0.014155137538909911,0.9
1768,0.14132820840360566,49.03911099282567,26.190553118333618,0.014525294303894043,0.65
1769,0.38260840921262906,47.40730107373069,36.57119099301137,0.014544272422790527,0.8
1770,0.5266395389595351,33.18784398383823,18.735190576613338,0.01455671787261963,0.85
1771,0.6003409654976245,32.329430612218104,28.626912903732336,0.014830529689788818,0.9
1772,0.24107846483549528,47.9435410318262,47.26805768474652,0.01427696943283081,0.7
1773,0.3562920516340019,40.37280454055297,28.86625113764228,0.014417517185211181,0.75
1774,0.33603240034349235,16.62216915667742,16.384086153100437,0.014382970333099366,0.7
1775,0.7526531506425453,26.44432311402219,26.86463540641485,0.014209139347076415,0.95
1776,0.517749037214435,29.84851978476623,26.928632332908723,0.014545059204101563,0.85
1777,0.5088952634403638,41.75785880563798,39.917779237235834,0.014357924461364746,0.85
1778,0.6615779276215219,22.561604971053132,17.85552864294539,0.014553844928741455,0.9
1779,0.7749477215463173,17.496319387510418,16.662783127564406,0.014485013484954835,0.95
1780,0.47099708491943887,33.005725113754146,24.57489377514918,0.014587581157684326,0.8
1781,0.6328630817782945,30.070556148791717,25.4392143842743,0.014100956916809081,0.9
1782,0.7322663568305235,28.219537065222255,23.575533531632914,0.01565706729888916,0.95
1783,0.30361263772378566,29.212561775128563,18.866013446590014,0.014074230194091797,0.7
1784,0.502090281103451,38.765322537744645,36.736855497133014,0.014249849319458007,0.85
1785,0.41616916411382787,39.85434722213171,32.09790364566692,0.01442856788635254,0.8
1786,0.45570725397429374,32.36384539228476,28.77056134810494,0.014151418209075927,0.8
1787,0.3357907436283934,32.637939890669074,29.890490576182334,0.014084994792938232,0.75
1788,0.5455089174025671,34.50494183947447,35.44224684977386,0.014340949058532716,0.85
1789,0.6995585660804655,34.109772084101145,34.208126935464314,0.014326727390289307,0.95
1790,0.3564379509847627,39.26114373846763,19.724708703890023,0.01427227258682251,0.75
1791,0.3760231552580754,57.0328375526478,48.689288329403695,0.014393115043640136,0.8
1792,0.12246234816524867,53.95808057883007,29.173470970725262,0.014344000816345214,0.65
1793,0.4140523165628923,41.69238813790163,41.823728005217035,0.014776051044464111,0.8
1794,0.6187555350858961,34.932793073988094,26.44218653742117,0.014403235912322999,0.9
1795,0.3495934125155564,37.08116498721647,24.76118981874127,0.014418768882751464,0.75
1796,0.11124329898068411,36.86693719894945,26.376743855407955,0.01418004035949707,0.6
1797,0.42358555759048067,42.83006169695496,30.905007021151803,0.014130818843841552,0.8
1798,0.49144164936485996,33.40697528641944,24.171086770836364,0.014264059066772462,0.85
1799,0.7039882578856025,33.83322167109982,28.383035485756068,0.01433999538421631,0.95
1800,0.40932900966032326,43.15720007090966,43.27855580888708,0.014138936996459961,0.8
1801,0.4348687141426476,33.66323018541643,18.46942876944384,0.014584219455718994,0.8
1802,0.3790525601615187,29.30859245518218,27.18579779805962,0.01416330337524414,0.75
1803,0.5432468954743526,26.33196677699666,16.857473934120236,0.014709842205047608,0.85
1804,0.3333027578009313,25.928257328617452,15.780420224855215,0.014716887474060058,0.75
1805,0.6430877510103489,26.620022389435235,28.304557257705756,0.014336061477661134,0.9
1806,0.6527675567758565,29.330881862776284,20.01089368220883,0.014297175407409667,0.9
1807,0.36375156195497127,36.59621161283302,18.18895067689052,0.014307558536529541,0.75
1808,0.5727452939798535,42.70717812572949,34.11402841623777,0.014308178424835205,0.9
1809,0.6271707129455382,36.57992474982659,33.70224970210794,0.01436915397644043,0.9
1810,0.7725806776640032,16.79942587429503,16.631913156438603,0.014605283737182617,0.95
1811,0.46319844694744783,31.18443012001618,29.47293181438807,0.014792132377624511,0.8
1812,0.4389912855298065,42.10596849524531,28.834224837472295,0.01476147174835205,0.8
1813,0.7718338685301248,23.073523286882345,23.191147805349758,0.014454710483551025,0.95
1814,0.5372476221095237,29.957554319653802,26.285551180259738,0.014472007751464844,0.85
1815,0.7417108801672991,25.295751219255173,25.47321237323932,0.014743804931640625,0.95
1816,0.5975718324059724,19.30098967986256,19.877037725574457,0.0150323748588562,0.85
1817,0.5378825217123426,31.97089757968496,23.121754720163896,0.014859533309936524,0.85
1818,0.5671469835153975,22.20107748161793,22.866994084414337,0.014705371856689454,0.85
1819,0.4770283409466846,24.120527237058965,19.2389547031506,0.014655542373657227,0.8
1820,0.6522741271389416,24.86219879077414,26.050317822922846,0.014786207675933838,0.9
1821,0.5819997838122921,24.430994365871573,19.00987469520981,0.014428555965423584,0.85
1822,0.3554537347031384,33.736024421559115,23.5857465649373,0.015118122100830078,0.75
1823,0.14500149866233403,43.974558333855384,36.634201948470235,0.01412665843963623,0.65
1824,0.3570676078551844,37.00815595976782,35.493259287249835,0.014297235012054443,0.75
1825,0.5516696133516603,28.24279749082109,25.147253865227484,0.014705479145050049,0.85
1826,0.5252563377061714,37.87016010495782,28.191418161415214,0.014544665813446045,0.85
1827,0.22169320160974096,45.196629365972925,35.47902757669043,0.014452719688415527,0.7
1828,0.35110470123248844,37.78103230132286,30.764860087886525,0.014233756065368652,0.75
1829,0.6601145949555762,20.425761477824047,15.690665937873838,0.014356017112731934,0.9
1830,0.5440587068252742,32.13770327852572,23.614635041948503,0.014442360401153565,0.85
1831,0.7335912629067056,28.821127061876474,28.146937975398863,0.014555394649505615,0.95
1832,0.3816153236153569,37.18234198575902,17.795650915394955,0.014447450637817383,0.75
1833,0.49407574696379014,26.002109293279307,22.904114897294267,0.01446692943572998,0.8
1834,0.3452451631511439,43.111823037935025,24.894514471465804,0.01432642936706543,0.75
1835,0.625474254270876,25.87395664030861,25.81467539575719,0.014246869087219238,0.9
1836,0.340700434904964,38.99711273288538,44.47920612428382,0.014602506160736084,0.75
1837,0.517435033813298,31.565321648105954,22.638439686997625,0.014720022678375244,0.85
1838,0.589128448405822,28.081763299327463,24.439611052434305,0.014326131343841553,0.85
1839,0.5235829070043857,32.22992445593508,23.186472249333143,0.014637494087219238,0.85
1840,0.6813704295598455,35.79120719398373,36.64051439098058,0.015016758441925048,0.95
1841,0.39787219139665203,33.62525383010739,32.648006944846706,0.015214598178863526,0.75
1842,0.5949201003246638,32.5186505481049,23.27578696239848,0.01475461721420288,0.9
1843,0.7782314181056481,16.02020536941565,15.85659997012005,0.014756119251251221,0.95
1844,0.377641794925875,35.65602105452679,28.69007123399534,0.015146112442016602,0.75
1845,0.35937649714132563,33.46085388561199,25.897386413833825,0.014524543285369873,0.75
1846,0.3893833360061633,45.764599568946096,29.18380700185324,0.015024530887603759,0.8
1847,0.3323603012442085,32.14679021509482,24.98003153761274,0.014667439460754394,0.75
1848,0.5000188210614925,26.629104841308042,22.62156089067099,0.0147070050239563,0.8
1849,0.5686172029258565,29.13949288042981,20.209932522710442,0.014746546745300293,0.85
1850,0.5263228682222169,28.865521244064844,31.54676041856247,0.01448359489440918,0.85
1851,0.5135233931007326,40.01229430854103,27.26756420769883,0.014312195777893066,0.85
1852,0.5049771862807066,33.97817804298673,30.546301679552204,0.01433783769607544,0.85
1853,0.6444406447968928,24.25280182270123,18.741441847839393,0.014844846725463868,0.9
1854,0.4070551067392211,39.21736692280869,32.069779700704544,0.014383482933044433,0.8
1855,0.5700124539697389,23.7627082831005,23.615484201248556,0.014593756198883057,0.85
1856,0.18980878803737497,40.163848443411,22.961406339378108,0.042862427234649655,0.65
1857,0.442835225077671,33.288396436690434,16.470519747142163,0.014296352863311768,0.8
1858,0.5337922161832583,28.4213209112555,24.572380828078632,0.014799833297729492,0.85
1859,0.5365922488910334,33.09022448030333,29.922193274816674,0.015541541576385497,0.85
1860,0.2909411350560298,26.942023467303223,18.276177523566243,0.014326071739196778,0.7
1861,0.7140807116409248,26.95621744082639,27.438420395492898,0.014579498767852783,0.95
1862,0.3864919195216715,32.46446492099154,24.974579072735427,0.014401853084564209,0.75
1863,0.5031236612586785,23.472517064112374,25.321148653575147,0.014441967010498047,0.8
1864,0.16094484848888463,33.366209321263284,17.922303020373924,0.014282512664794921,0.65
1865,0.4534658566163469,21.856493763442494,17.77605480361401,0.014638423919677734,0.8
1866,0.34543342281871914,31.533764473724652,29.32732438115448,0.014633190631866456,0.75
1867,0.50579446063981,17.220717346976095,16.60864978763643,0.015016651153564453,0.8
1868,0.6357107453853948,24.021925514348812,19.728670102683203,0.014467954635620117,0.9
1869,0.605582607746136,38.76057511319809,30.704222508889263,0.014685821533203126,0.9
1870,0.5484121211836724,28.299840764930405,30.815432149536793,0.01461714506149292,0.85
1871,0.1943805409077504,38.99997084473205,25.68605925094088,0.014618146419525146,0.65
1872,0.5809625465924426,29.270589288394586,23.76271080092685,0.014813125133514404,0.85
1873,0.6032900654895135,21.386613079892744,22.51147004258747,0.014209234714508056,0.85
1874,0.5043644588459933,23.251332287311193,25.608346585900563,0.014805817604064941,0.8
1875,0.6719273024087635,17.050910008744737,17.373643243273047,0.01514075994491577,0.9
1876,0.6272661793042799,29.19479787126995,20.137729841279914,0.0142325758934021,0.9
1877,0.5799547131738081,23.515898179712988,19.121044446626257,0.015076303482055664,0.85
1878,0.44822869048701663,30.432499612055345,22.122167544492754,0.015248429775238038,0.8
1879,0.5616820590785034,23.040900167809852,24.209452463204023,0.014407169818878175,0.85
1880,0.6561927512965757,22.47392935741879,23.21872634697341,0.014930999279022217,0.9
1881,0.8021427041644662,23.83689176799577,23.83689176799577,0.014884984493255616,1.0
1882,0.4733397296930243,29.668969631834653,25.363798013117012,0.014531457424163818,0.8
1883,0.7476829978062218,22.566981550064607,22.598579645536457,0.014258050918579101,0.95
1884,0.6701899260410562,19.620988026378015,18.48980822972721,0.015184903144836425,0.9
1885,0.37513460300860946,24.558137404224595,25.850259578685414,0.01494133472442627,0.75
1886,0.49326333148838064,17.750778735298603,18.163378343618767,0.014702296257019043,0.8
1887,0.5179984272756669,25.580411178443438,27.177734893677595,0.01496962308883667,0.85
1888,0.6207948013750588,30.70374529936057,26.752932010997448,0.014576482772827148,0.9
1889,0.5721921770254274,22.980803672910397,24.445124191037642,0.014960980415344239,0.85
1890,0.2558429043412246,37.451368751047326,16.34950928187318,0.014851796627044677,0.7
1891,0.468488631577471,31.94369256157078,36.11051118026187,0.014976561069488525,0.8
1892,0.4011405309120377,21.18947426740121,14.872615098958429,0.014699304103851318,0.75
1893,0.48977762414097753,29.884466047261174,32.418470935476776,0.014846622943878174,0.8
1894,0.8034537506717967,21.320652750630217,21.320652750630217,0.01450517177581787,1.0
1895,0.8637711937406184,18.25528547652635,18.25528547652635,0.014950919151306152,1.0
1896,0.5503270178264812,23.72880734587767,19.231937352247215,0.014636075496673584,0.85
1897,0.4014950496126346,20.251488501405298,15.00546294720461,0.014216125011444092,0.75
1898,0.48195223352712313,26.10505682943154,28.71737485128098,0.014708459377288818,0.8
1899,0.8326800238002997,18.706734935031754,18.706734935031754,0.014131748676300048,1.0
1900,0.495054918126386,23.88112422067295,20.123067204722975,0.013973474502563477,0.8
1901,0.6706236263211641,24.30443893841047,25.334966807200786,0.014851987361907959,0.9
1902,0.6603458625410289,27.07305788320452,27.327654762720947,0.014119839668273926,0.9
1903,0.6417272856464804,25.277530450635012,21.21478232863989,0.014646172523498535,0.9
1904,0.4068272060315815,41.728697626532764,40.96703314676494,0.014407730102539063,0.8
1905,0.38934899412987883,36.396098295407356,27.841074572581142,0.014647102355957032,0.75
1906,0.4805489290886748,19.365943440683104,16.47030982673816,0.014179408550262451,0.8
1907,0.5749161629623099,26.016467806432765,16.396708127376126,0.014641916751861573,0.85
1908,0.7078094805195272,33.97727963468012,29.76609268026036,0.014449143409729004,0.95
1909,0.8349037890161662,21.87650015755165,21.87650015755165,0.014835238456726074,1.0
1910,0.540015319310337,25.018270249837258,25.11535261087781,0.01461089849472046,0.85
1911,0.5389069240486901,33.13877855561596,24.63565714514101,0.014296114444732666,0.85
1912,0.3995918879372009,20.411314252679947,18.92933649990749,0.014169585704803467,0.75
1913,0.4790194269596914,33.225798903275475,31.535711467979358,0.01399000883102417,0.8
1914,0.38917110938844796,23.335162071181323,18.0215366182922,0.014717483520507812,0.75
1915,0.6555807387265654,18.361660567798456,18.28576575207383,0.014728796482086182,0.9
1916,0.58636215607741,27.324679322034,23.728743917208845,0.014832890033721924,0.85
1917,0.5336133846155877,34.4098436267413,37.48050139833169,0.013903939723968506,0.85
1918,0.5745834108078987,20.379286468514444,21.07667804387347,0.014821135997772216,0.85
1919,0.6246596399295878,23.80724216263038,24.446126750910413,0.014848470687866211,0.9
1920,0.4794910511614961,28.17338979750055,17.77315572117474,0.014353489875793457,0.8
1921,0.4697311264921365,27.959947748999383,18.285875857366776,0.014942657947540284,0.8
1922,0.6245318218171101,28.294266741335313,28.835290546499877,0.014983570575714112,0.9
1923,0.6539884369030542,21.13634907690918,22.17918131587655,0.014217758178710937,0.9
1924,0.22655626577602997,38.4542098773665,19.791961716476347,0.01438838243484497,0.65
1925,0.3488536796764576,42.29975681230243,32.726038083588456,0.014770376682281493,0.75
1926,0.37504162549748193,27.533285328344952,17.37382072403793,0.01465390920639038,0.75
1927,0.2910735501364493,30.181040147908714,25.963272104531985,0.014961051940917968,0.7
1928,0.5724484793922643,21.80319234517279,16.381295321614026,0.014915359020233155,0.85
1929,0.41637129142063023,46.310088521728595,33.00290948806165,0.014969587326049805,0.8
1930,0.48142648309066843,29.480350608091292,19.001838007748216,0.014486610889434814,0.8
1931,0.38160509818169847,47.732252354468685,36.1195743720064,0.014881777763366699,0.8
1932,0.533467210234255,34.681403541831784,32.84816535003842,0.014820456504821777,0.85
1933,0.5199150583834777,17.960921542964485,17.099772482247666,0.014762842655181884,0.8
1934,0.5741694120221468,31.459631754573365,22.5445214323379,0.015141940116882325,0.85
1935,0.5689672773949869,29.47653992967053,24.878279960929234,0.01478729248046875,0.85
1936,0.4047164049792256,27.048005293365197,17.168843022891018,0.014715945720672608,0.75
1937,0.6356490010675815,26.34895148606696,27.23885179911827,0.014693903923034667,0.9
1938,0.5925183525367583,30.451654705503103,31.64617087837086,0.01485300064086914,0.9
1939,0.554301074214933,28.05206809563871,18.63278701005392,0.01473616361618042,0.85
1940,0.5432530782315887,32.66597715188409,29.81838964891078,0.015085792541503907,0.85
1941,0.6283572938492519,28.861620325308827,24.960451147623786,0.015197443962097167,0.9
1942,0.4391033762240846,37.64779282203044,37.184528633240504,0.01517115831375122,0.8
1943,0.549140364717704,29.153439251164237,30.437642905726534,0.015751099586486815,0.85
1944,0.38352454776068695,34.15181590951978,26.53738230938465,0.014910447597503661,0.75
1945,0.6083837393744203,43.791315419130726,41.68539749488613,0.014495289325714112,0.9
1946,0.22309058307085103,55.42460597270383,42.80703858459354,0.014373254776000977,0.7
1947,0.5291280279076765,34.95937042771374,19.407725962345253,0.014705526828765868,0.85
1948,0.6115293228914208,34.133328335618664,30.461891410147473,0.015046727657318116,0.9
1949,0.44412283788893203,40.24053695914081,31.548389271132987,0.014685225486755372,0.8
1950,0.5220408647374963,30.633840165317814,21.52889106406238,0.014854347705841065,0.85
1951,0.612027381606221,31.827710912292606,23.128716644168176,0.014392077922821045,0.9
1952,0.4324867199636939,38.4508477256582,37.16786623763032,0.014605176448822022,0.8
1953,0.5249246899878055,26.96136740109851,22.888710238732706,0.014487457275390626,0.85
1954,0.4038200964387594,23.79975650009207,18.448499469473667,0.014737737178802491,0.75
1955,0.22160739363709614,27.889579582235633,32.90759480860507,0.014980185031890868,0.65
1956,0.6435851182258737,31.626203320356062,27.47115788330455,0.015071296691894531,0.9
1957,0.5467184324571845,28.968569237576467,19.41049749248251,0.014946663379669189,0.85
1958,0.5596254100916245,25.288836486442086,20.95379322510717,0.01489771604537964,0.85
1959,0.5831781469332131,25.24651450499389,25.923440484154106,0.014405000209808349,0.85
1960,0.7251800008703256,31.191504599601576,32.08825549145535,0.01483694314956665,0.95
1961,0.5616259089651232,28.24774276563705,18.920659106993313,0.014525139331817627,0.85
1962,0.5554105830476671,33.263630799476374,35.268224480194924,0.014653992652893067,0.85
1963,0.6857952047302318,33.67616148672626,29.45939231714335,0.015016388893127442,0.95
1964,0.5256925435152386,33.54441957925322,23.599267097749053,0.01497504711151123,0.85
1965,0.25959887064481757,39.60219717064709,27.380355108856538,0.01497272253036499,0.7
1966,0.7417660191717885,35.613580059925255,35.613580059925255,0.01509099006652832,1.0
1967,0.42229811559479913,54.52726482875181,60.8175511349628,0.0150518536567688,0.85
1968,0.7509016818250589,33.77151699895785,33.77151699895785,0.015817201137542723,1.0
1969,0.6194455414410789,31.687370858172812,27.95139614609616,0.014531898498535156,0.9
1970,0.5310628921246306,30.48756453367352,21.782047086021592,0.014899337291717529,0.85
1971,0.7897310061677528,24.90013977302241,24.90013977302241,0.014597439765930175,1.0
1972,0.6756536605442276,29.729952042359354,25.272753719455512,0.014991521835327148,0.95
1973,0.2813430807220906,37.342538307553426,19.243603165760486,0.014682376384735107,0.7
1974,0.447421020180576,38.29582492951828,30.563476568149852,0.015418219566345214,0.8
1975,0.35148990007725067,34.693729912246425,21.390590378166134,0.014578282833099365,0.75
1976,0.4997619710670548,28.438708604791863,31.729973577280823,0.015057778358459473,0.8
1977,0.6260599957567063,24.817691069112815,20.46294698643349,0.014735066890716552,0.9
1978,0.35270452043516387,38.107067807513324,30.644558788910345,0.014572083950042725,0.75
1979,0.2840996575743624,29.301653483912002,22.211155932984923,0.015177524089813233,0.7
1980,0.5487186431473781,29.022287752442054,19.376239299865283,0.014896011352539063,0.85
1981,0.47800485746398735,26.790631258244133,22.209980830406117,0.015047836303710937,0.8
1982,0.32309061228084884,40.52509537686721,29.06308068293442,0.015181910991668702,0.75
1983,0.4712411917873487,26.461400664941113,23.629552838704885,0.014676320552825927,0.8
1984,0.399757243932868,42.42815610309548,30.16465475848267,0.01530829668045044,0.8
1985,0.5616905961439549,27.380641405221034,30.203712069707315,0.014225447177886963,0.85
1986,0.6288247429339594,34.989143149324796,31.738288915263304,0.015192782878875733,0.9
1987,0.5698590934140124,29.717541001615576,25.691530633334384,0.014909911155700683,0.85
1988,0.6474952787604156,23.860835163488296,18.002175377410296,0.015228891372680664,0.9
1989,0.5590244940142526,23.816023144528536,19.034650997762043,0.015547144412994384,0.85
1990,0.8288540591587674,20.21273179738528,20.21273179738528,0.01457371711730957,1.0
1991,0.26311999041777895,44.87078943548994,32.577916759471194,0.01534508466720581,0.7
1992,0.5047592589408715,29.056527745192643,22.927986146214362,0.014563274383544923,0.85
1993,0.6106573177821157,30.014794420410976,25.930824637157926,0.015144479274749757,0.9
1994,0.5486934317604161,29.886753011697532,30.800940269027738,0.015020275115966797,0.85
1995,0.5172740773907815,30.507025454563813,26.537017633863982,0.014684832096099854,0.85
1996,0.5456065943199263,34.557552754136466,31.88992567973137,0.014900887012481689,0.85
1997,0.28638159067927715,25.032330754357456,19.842642174801792,0.015555095672607423,0.7
1998,0.668515605092807,22.510162054906235,18.033432407372775,0.014805710315704346,0.9
1999,0.3422764785336533,36.28721315048815,29.821939057083274,0.014876329898834228,0.75
2000,0.21628943096869854,35.32989895316827,32.51265749503393,0.01540435552597046,0.65
2001,0.47350046570031595,32.77710437529471,18.71492716303242,0.015179097652435303,0.8
2002,0.339978657510251,38.084692061380295,25.086547244491687,0.015313267707824707,0.75
2003,0.44065208051829324,35.920462669802255,32.8660210053221,0.015253400802612305,0.8
2004,0.5019032824197164,42.224720351835586,40.308105810666675,0.014960265159606934,0.85
2005,0.4563136105066815,32.46091702489247,24.17377563784592,0.014860785007476807,0.8
2006,0.7377487022438804,21.94372594963108,22.182118355978325,0.014444112777709961,0.95
2007,0.5210884637477476,39.31696649980625,32.07004976514163,0.015710878372192382,0.85
2008,0.5220142185320477,31.750340472058724,28.567579804705304,0.014615106582641601,0.85
2009,0.3507653248473437,33.21569257403468,25.339302903054975,0.015080881118774415,0.75
2010,0.5281687016237099,29.08322353512448,19.54412329137429,0.01532573699951172,0.85
2011,0.623943592787915,34.59284327342057,25.98083489297396,0.014890730381011963,0.9
2012,0.3308295765396192,36.707542003292154,29.468334660441823,0.015907645225524902,0.75
2013,0.3821700165987897,47.978986180264144,43.62051108561763,0.015279173851013184,0.8
2014,0.2997519503032688,47.983553746230896,31.896955992998166,0.015042650699615478,0.75
2015,0.11574114446813258,37.44778081955788,18.908470056298793,0.014549696445465088,0.6
2016,0.6129806466698056,31.78842055925362,32.03807857307507,0.014544939994812012,0.9
2017,0.443950060231553,36.27421733646388,22.823449068406084,0.015156841278076172,0.8
2018,0.4958990338041792,18.38132817763001,17.58504451356943,0.015392327308654785,0.8
2019,0.5788161435132199,26.698978561631975,23.046190676059652,0.014536941051483154,0.85
2020,0.6289796267733869,23.58699612099197,24.94452904387664,0.015264463424682618,0.9
2021,0.6025499378650755,37.26929719109019,39.682674264949,0.014696311950683594,0.9
2022,0.2745572120142198,56.9336447956979,43.061893936659544,0.014912474155426025,0.75
2023,0.43758064433879335,41.687325287913936,23.6069322214395,0.014922142028808594,0.8
2024,0.7367699628994012,18.217701449660485,18.31370343439885,0.015884053707122803,0.95
2025,0.5333008971484652,31.53570565339961,28.28405609596623,0.014920294284820557,0.85
2026,0.4406010292471427,38.364636905344355,31.409868850795952,0.015407490730285644,0.8
2027,0.50159151754736,21.798791133719877,17.585169616968066,0.01763451099395752,0.8
2028,0.41388963921081007,36.031485110468836,21.242614607612158,0.015040969848632813,0.8
2029,0.43999080474243774,38.12280970636014,24.54284880262654,0.01510622501373291,0.8
2030,0.6991412658173448,30.592600212313535,31.3131545430031,0.015050101280212402,0.95
2031,0.5989085697560892,30.215435219189835,26.085092148846293,0.014394652843475342,0.9
2032,0.49847295566100935,38.80379481306136,36.49394462236836,0.014970505237579345,0.85
2033,0.5069794355395447,21.70681228581397,17.776796483870925,0.015429079532623291,0.8
2034,0.7131255184121098,34.793493372691515,30.838099869426298,0.01438978910446167,0.95
2035,0.689316691568397,22.630340079723123,23.691400533088377,0.014168977737426758,0.9
2036,0.5433060561871823,24.326299401249905,18.693247037423696,0.014611279964447022,0.85
2037,0.4809298172487825,26.848235738464602,23.043152136779227,0.014444518089294433,0.8
2038,0.3603025797359406,30.139115348556583,21.03307115815306,0.014361226558685302,0.75
2039,0.5780454572684304,18.498733173416653,16.07708324249085,0.014489436149597168,0.85
2040,0.5340172640381203,30.710654248089515,33.00312831106342,0.015474653244018555,0.85
2041,0.5102633537808945,32.870783883193255,22.867026854976682,0.014922618865966797,0.85
2042,0.5831646100989059,49.04417775974066,42.26548777316123,0.014540469646453858,0.9
2043,0.5166438241105789,46.44598610325102,38.480813407202135,0.014636397361755371,0.85
2044,0.405916003107566,39.32014166209886,31.471352581751205,0.015037798881530761,0.8
2045,0.46494409044157414,32.75536985232485,25.064575403940477,0.01428757905960083,0.8
2046,0.5660576413762743,23.68136991565256,25.172967564440714,0.014689874649047852,0.85
2047,0.3792439369370401,48.2180742183199,41.3273406290601,0.014947080612182617,0.8
2048,0.3901800448186866,47.961153588921505,42.586685955323084,0.014333224296569825,0.8
2049,0.18626936555745896,37.005287238583534,25.6021638468722,0.014718365669250489,0.65
2050,0.6996263866305876,30.539532604923288,26.03779807131471,0.015339350700378418,0.95
2051,0.5677746012888863,29.81641950235242,26.34463641038835,0.014665353298187255,0.85
2052,0.39474502228383757,38.59389475610572,33.66928839373252,0.015153706073760986,0.75
2053,0.45364119438689504,24.063857577676693,24.2749411141068,0.01492922306060791,0.8
2054,0.49389991167239355,28.18349686537358,24.130419454557494,0.014895236492156983,0.85
2055,0.36305960522345526,34.09071057343423,27.016386440105258,0.015182995796203613,0.75
2056,0.4333080030165104,38.1338045025566,30.877677656513594,0.014835214614868164,0.8
2057,0.5345410281056902,27.325249735154387,17.913876815504086,0.014975452423095703,0.85
2058,0.2955063246276036,35.1330122460502,28.296253633755473,0.014732801914215088,0.7
2059,0.6221498423958535,26.415440437077024,27.54999349429535,0.015235364437103271,0.9
2060,0.2481671960512087,42.72771139105324,25.602121259355236,0.0149627685546875,0.7
2061,0.2031442984062708,38.33236603519981,18.82762961980683,0.015124964714050292,0.65
2062,0.36974674835707766,37.50195159990746,32.09929810274766,0.014998340606689453,0.75
2063,0.5109668434597937,35.52153004192419,38.8375336849039,0.015101814270019531,0.85
2064,0.5508318758707029,28.542066458000598,24.9138215306521,0.015159857273101807,0.85
2065,0.7259595417386577,21.392800087618067,21.708451284719,0.01495206356048584,0.95
2066,0.34395598029220403,39.84767098176385,28.421767182114575,0.014547193050384521,0.75
2067,0.47977554745795475,35.126033966622,32.93574549353022,0.014466392993927001,0.85
2068,0.338129476301242,43.32789925522957,31.612890957500202,0.014806485176086426,0.75
2069,0.5522706294402575,37.763548417997946,25.15173278611305,0.01458348035812378,0.85
2070,0.7361346633968036,32.139850234523024,27.744150817326656,0.014651906490325928,0.95
2071,0.31437031270319854,44.127647403115766,25.808657515166963,0.014689791202545165,0.75
2072,0.6063599901703195,34.588246187808366,25.261918235066393,0.014825260639190674,0.9
2073,0.5051324609258263,28.972307692423072,26.438512230782308,0.01457817554473877,0.8
2074,0.4762878477235553,30.126677769609312,27.699011397326288,0.01456291675567627,0.8
2075,0.34062541947419717,39.43223691707386,26.450437386291448,0.015000319480895996,0.75
2076,0.23786274613593733,43.47984734404271,24.952691937164214,0.014695322513580323,0.7
2077,0.8045304100109248,28.001477383276473,28.001477383276473,0.014504325389862061,1.0
2078,0.7574780323629293,22.532447269435984,23.126779771914087,0.015202200412750244,0.95
2079,0.33507691237333814,36.62344640691649,36.97012932729754,0.014295172691345216,0.75
2080,0.31274410027232324,40.611898029377464,22.941261114688373,0.014920294284820557,0.75
2081,0.6648313205108712,31.288740846889947,31.995255834146224,0.014912354946136474,0.95
2082,0.6942476722685273,30.81670294020721,25.661064160449694,0.01470015048980713,0.95
2083,0.35666986538765555,29.83327416800281,21.402376190387884,0.01470574140548706,0.75
2084,0.728747215104696,27.567134093702172,22.987639703177855,0.015157163143157959,0.95
2085,0.49184963617576904,17.579081707407834,16.664518628041247,0.016083908081054688,0.8
2086,0.43924669252035625,32.39051513349685,23.93479470285571,0.01465461254119873,0.8
2087,0.5448328608502956,28.449592307264105,30.95739781345229,0.015056788921356201,0.85
2088,0.6589689924329626,28.147413450635224,23.335406474650085,0.015282118320465088,0.9
2089,0.5932316016946275,20.745162722908145,15.969182847987199,0.015564179420471192,0.85
2090,0.701003783154304,27.20514174881252,22.46557148968368,0.014484775066375733,0.95
2091,0.8226413723671794,22.459368099558894,22.459368099558894,0.014431285858154296,1.0
2092,0.5808196960320591,25.11159565096468,25.321727060662457,0.0147172212600708,0.85
2093,0.6845579484379218,24.17548808502682,19.549652678604424,0.015239620208740234,0.9
2094,0.6793328368990743,17.699878003462576,17.299619512949473,0.014650058746337891,0.9
2095,0.5940228120711213,20.506716043327934,20.446700152522304,0.01509765386581421,0.85
2096,0.4593153154537838,22.826736872606542,24.566553868189835,0.01463857889175415,0.8
2097,0.4921398447446446,21.983006522794273,17.295176818035085,0.014343547821044921,0.8
2098,0.5673272884300176,20.07047974199511,14.410047305974627,0.01483166217803955,0.85
2099,0.5175998035263885,33.18017166004441,36.61443738880092,0.01426398754119873,0.85
2100,0.708596605960548,34.95378256664463,35.17170877786617,0.014661478996276855,0.95
2101,0.5332049768219835,54.810146780919396,53.9131561044782,0.01491609811782837,0.9
2102,0.6089076179340351,28.095407440766348,29.222921353624788,0.014379537105560303,0.9
2103,0.6395659188714335,27.920649740924198,23.731432558761053,0.014760184288024902,0.9
2104,0.3678836536694664,32.02540840698461,24.0012366107444,0.015034234523773194,0.75
2105,0.544580221191835,28.243975340600592,19.2164482540127,0.014987015724182129,0.85
2106,0.5556940435277851,30.46435276645094,27.35397971744701,0.014866888523101807,0.85
2107,0.5513851835523623,33.18560340372967,30.54371450320979,0.01483093500137329,0.85
2108,0.4406491871393402,31.338890346196433,21.82878497977343,0.014745771884918213,0.8
2109,0.4659804897577707,17.873601359056078,17.494478760878966,0.014473974704742432,0.8
2110,0.438979443189312,31.965400267380023,29.795867811959678,0.014498305320739747,0.8
2111,0.44151318769819614,38.115093016997214,30.680933105068018,0.014699745178222656,0.8
2112,0.7445544407923047,19.43501580509022,19.44263526665724,0.014047324657440186,0.95
2113,0.47366562966835934,29.60117694403335,24.782362922711545,0.014466464519500732,0.8
2114,0.3538633565841254,34.43597831195725,20.117531757596,0.014862823486328124,0.75
2115,0.38500652237785415,26.223311330308814,22.328306666899653,0.014656329154968261,0.75
2116,0.5516475918920551,35.999459993814426,27.86234205127257,0.014299297332763672,0.85
2117,0.7592548073428231,23.35151907171522,22.7969136790508,0.014719319343566895,0.95
2118,0.5556291220855569,26.429365704198535,22.261587659544613,0.01510322093963623,0.85
2119,0.4779891988530903,27.89518605443511,16.930291708555195,0.01453183889389038,0.8
2120,0.3751866035802774,27.61173593010514,30.170248404126525,0.014744722843170166,0.75
2121,0.8062208578888495,29.312632522898173,29.312632522898173,0.015025484561920165,1.0
2122,0.6696342969625144,21.448207239534046,22.183570746546525,0.014411985874176025,0.9
2123,0.6377160368548758,29.484806146985285,30.749295101674786,0.014536607265472411,0.9
2124,0.7467858071134339,16.799661959221957,16.803583467429323,0.015157639980316162,0.95
2125,0.4259158482282812,28.833978656393327,25.97641669940047,0.014552390575408936,0.75
2126,0.8066936364689582,29.340918492370967,29.340918492370967,0.014296638965606689,1.0
2127,0.35744441984461794,38.39072574352343,39.850833710574314,0.015213680267333985,0.75
2128,0.5500711187962315,28.82502811793298,24.24022686116439,0.01435316801071167,0.85
2129,0.5192195814287903,29.340795606111207,25.66601289412654,0.014415919780731201,0.85
2130,0.8614562260777185,16.633123467108597,16.633123467108597,0.01471552848815918,1.0
2131,0.6060258044407403,34.46133322558009,30.789448498399004,0.014482688903808594,0.9
2132,0.535416044634534,32.45967589565491,29.659198960658074,0.014168262481689453,0.85
2133,0.5895337324970573,21.755266085881892,16.521491768218006,0.014257323741912842,0.85
2134,0.7268170867953011,23.932255005115866,24.177044318350994,0.014494919776916504,0.95
2135,0.36715345586059234,36.938183817149216,30.10790509998342,0.014188599586486817,0.75
2136,0.5838489113755306,17.712980134996823,17.80319719772989,0.014384841918945313,0.85
2137,0.7465049528838914,22.848661328009605,18.307775377229603,0.014731955528259278,0.95
2138,0.5542375861927746,24.38808205896006,19.743040888618975,0.014202094078063965,0.85
2139,0.639250139117954,23.11125475696153,18.626458948036966,0.014038300514221192,0.9
2140,0.6720519993815719,25.413990748209276,21.146958752395744,0.014478933811187745,0.9
2141,0.7938370545602729,30.652646130642115,30.652646130642115,0.014210546016693115,1.0
2142,0.5896427260436713,40.19644643826828,31.77215229323987,0.014176106452941895,0.9
2143,0.6273872888265204,32.35928854007601,28.464845204117783,0.014589154720306396,0.9
2144,0.6283610613027096,32.95248374576953,35.07601781537859,0.01446470022201538,0.9
2145,0.31185627015213013,42.060435447779426,24.171403387695058,0.01615009307861328,0.75
2146,0.44767746897275823,37.602782274899845,30.78319801323441,0.014560973644256592,0.8
2147,0.18339890057995828,38.61872687162901,33.49790622361135,0.01470123529434204,0.65
2148,0.24104338756725965,38.39677368421267,33.07598075951696,0.015038800239562989,0.7
2149,0.5408673412238121,30.639500795267487,33.1842572692209,0.014542782306671142,0.85
2150,0.6154351923866571,31.39193800220349,32.18946939731117,0.014682531356811523,0.9
2151,0.5429547877065637,35.54740810776429,27.403004453086645,0.014368045330047607,0.85
2152,0.4335316247259273,28.916953455107897,24.580474315431506,0.014758241176605225,0.8
2153,0.44753913411230445,38.46714831142576,31.25864262431738,0.014392209053039551,0.8
2154,0.6772967541280779,21.970262135029376,23.276255888652408,0.015012335777282716,0.9
2155,0.2432120552607524,42.672631427620104,31.030578984762887,0.015169298648834229,0.7
2156,0.4974945276090116,21.623598748252768,23.231055465990305,0.014503967761993409,0.8
2157,0.5308208712567006,37.43682591410913,39.62496007405451,0.014133036136627197,0.85
2158,0.47846414251749064,38.22592239926879,41.60559637153391,0.014639246463775634,0.85
2159,0.6490536525907233,22.64477902587896,23.510451218154166,0.014589691162109375,0.9
2160,0.5702328582773043,21.14339176034367,22.222191954030208,0.014494061470031738,0.85
2161,0.6851935419564894,22.762765318292864,18.330163961851138,0.014311718940734863,0.9
2162,0.46432236148767314,30.190574384996502,21.65663325229067,0.014205312728881836,0.8
2163,0.47276976286230366,28.525795531773298,26.070121306082456,0.014415264129638672,0.8
2164,0.626687175762789,44.198553314836424,40.457712836288515,0.014729321002960205,0.95
2165,0.4423033423224115,33.603987145727054,26.562598108061103,0.014713287353515625,0.8
2166,0.6359187717646057,29.291241824995655,25.11665056233921,0.01498556137084961,0.9
2167,0.5967449192645119,24.762165347503338,19.97914907233866,0.014834117889404298,0.85
2168,0.5659224811520199,20.482851087134314,15.322698656910852,0.014970493316650391,0.85
2169,0.5493240824970714,22.24384985617169,23.148654399932013,0.014440572261810303,0.85
2170,0.5795369890971125,15.791431563533527,15.593414292622954,0.014726078510284424,0.85
2171,0.7582263472812878,19.94323228062859,20.25257320891474,0.014621996879577636,0.95
2172,0.6038809810925547,33.24565331259816,29.27681314073156,0.01474372148513794,0.9
2173,0.4631196498976773,25.961641611662788,22.146493044220144,0.01422417163848877,0.8
2174,0.5835418120327216,26.174126170175622,21.43664120021969,0.014357280731201173,0.85
2175,0.5315183095884466,38.17892400929265,36.196176745487556,0.014729940891265869,0.85
2176,0.7472551690727814,29.492631733393985,24.819177843109422,0.014912569522857666,0.95
2177,0.6344189973132326,27.126713674622653,23.0364740022132,0.014146161079406739,0.9
2178,0.6432622970621938,29.03595310108894,24.66056912905172,0.014501261711120605,0.9
2179,0.3646987061800793,33.05672327742788,17.212398863674007,0.01483922004699707,0.75
2180,0.6156493662070067,33.74230242403625,24.683833820217206,0.014561665058135987,0.9
2181,0.7464220931869984,21.40120476618981,20.867307692001543,0.014573323726654052,0.95
2182,0.7973932948256343,31.021722900450857,31.021722900450857,0.014660370349884034,1.0
2183,0.607173300572428,30.628381581553377,26.565932204795107,0.014832091331481934,0.9
2184,0.2881242733599493,30.094530602831448,21.255236028669593,0.015109658241271973,0.7
2185,0.5286221867347705,25.61495247912825,27.366294513942645,0.015290331840515137,0.85
2186,0.5675616742683052,20.252599579847573,15.768131695990245,0.014856982231140136,0.85
2187,0.7991921099016188,22.663018235913277,22.663018235913277,0.014472115039825439,1.0
2188,0.6513514473368395,27.48688961085769,29.27574685053996,0.01457432508468628,0.9
2189,0.35528485165943996,31.757546973483652,30.715394147820472,0.014234328269958496,0.75
2190,0.6283422115480006,27.85718705107419,18.55728317289429,0.014891386032104492,0.9
2191,0.47038431379160384,29.713737422846044,19.78036867297215,0.014640522003173829,0.8
2192,0.7053462451836193,28.090792149565118,28.76134871518662,0.01461479663848877,0.95
2193,0.7535412386095951,29.884053827692036,25.189825676312967,0.014733386039733887,0.95
2194,0.541376752573234,23.36922049388226,24.979887758313605,0.015091514587402344,0.85
2195,0.5244629006441757,32.71659878349231,23.3612022674736,0.014716970920562743,0.85
2196,0.44424262161408795,23.473617688270796,17.02237958282372,0.014227330684661865,0.75
2197,0.597109654243731,23.167715465789634,17.621674039851033,0.014625394344329834,0.85
2198,0.6604098362276994,23.723482717484192,24.362748953464163,0.01474670171737671,0.9
2199,0.5801365694822432,28.47628737479628,24.23534725592245,0.015026354789733886,0.9
2200,0.44763487840924326,30.942010273901168,22.60589529637962,0.014960992336273193,0.8
2201,0.6518256986079308,24.797041440221886,20.523107813734114,0.014841783046722411,0.9
2202,0.4740602399306357,29.119093650609205,20.606473531678077,0.014992964267730714,0.8
2203,0.7043030747330864,23.615583262266004,23.873782677508103,0.014632689952850341,0.95
2204,0.5971956023288161,33.508816122961164,34.98884594753339,0.01462181806564331,0.9
2205,0.18169324571461962,33.8881369898681,20.934465902691166,0.015007245540618896,0.65
2206,0.53794107176334,30.337410973645046,26.715582276886014,0.015025699138641357,0.85
2207,0.3621917028827371,32.94237146371354,18.431489426460757,0.01517413854598999,0.75
2208,0.5689482917128723,29.534192449581873,31.27205111668619,0.014345371723175048,0.85
2209,0.718872750452912,28.249609701781587,23.461264073334036,0.014624834060668945,0.95
2210,0.5489681752281996,32.132991019551284,23.1242883435334,0.014711332321166993,0.85
2211,0.39525309773280515,31.882688767195514,17.286916333826948,0.015145015716552735,0.75
2212,0.36640128286151963,33.07818493897513,38.66720293502296,0.014641499519348145,0.75
2213,0.24008833018286618,37.84673591662608,31.122858789736508,0.014157378673553466,0.7
2214,0.38803413138896975,32.97144524892001,24.661521194345855,0.014940273761749268,0.75
2215,0.5927585491340339,25.97680546963083,21.217174604901146,0.014408600330352784,0.85
2216,0.5529944272385217,26.09844521331891,21.9874484733359,0.0156890869140625,0.85
2217,0.7252646205594329,23.276512540729904,23.487955224811046,0.014929592609405518,0.95
2218,0.5197582505834122,34.54467306381885,25.283460303930976,0.015165746212005615,0.85
2219,0.5376861412017913,29.598969422366714,25.774373679452683,0.014578557014465332,0.85
2220,0.41660617806111205,23.695672267942918,26.093950613652275,0.014770662784576416,0.75
2221,0.6927082943215186,29.53837401734925,24.952129127222445,0.014346754550933838,0.95
2222,0.3853767689280744,26.98978769643751,24.89960072009695,0.014352262020111084,0.75
2223,0.3854659856955531,36.107702676662996,23.977983522276855,0.01448904275894165,0.75
2224,0.6516914261553528,22.259449097653963,22.034175401776263,0.014336729049682617,0.9
2225,0.5445018606060203,30.155012548206912,31.998953167942826,0.01463627815246582,0.85
2226,0.573138335362961,28.25436238976468,19.01046724160147,0.014400184154510498,0.85
2227,0.6339502408920012,27.27977012226639,23.353483564900408,0.01465306282043457,0.9
2228,0.7087839385924208,38.10698195957754,33.808639287031085,0.014595901966094971,0.95
2229,0.5026378356998445,25.433799277387948,20.273606776146792,0.014260005950927735,0.8
2230,0.5978173600000184,38.94474350825088,31.178560171636573,0.014534199237823486,0.9
2231,0.6221260867024409,34.82087016206371,31.376874734079074,0.015153455734252929,0.9
2232,0.45813325863845167,29.182076157357596,24.487935063394133,0.014461326599121093,0.8
2233,0.49960699945209947,43.31830106527683,36.199642025682806,0.01430838108062744,0.85
2234,0.3676974219967423,47.561309754481,41.88501504880523,0.014542782306671142,0.8
2235,0.5758668114833128,21.359131929762107,16.039741816853606,0.014342689514160156,0.85
2236,0.15821364251245135,44.697505900802085,31.30033105711737,0.015082573890686036,0.65
2237,0.4765816259108361,25.603353912799566,15.985023803716038,0.015364396572113036,0.8
2238,0.32242953347510195,47.37228394003095,44.24679342887654,0.014971673488616943,0.75
2239,0.7331314945797109,27.862280081342334,28.79871012551302,0.01548163890838623,0.95
2240,0.5116415799854968,40.22601751293051,30.75388305925428,0.015935230255126952,0.85
2241,0.5251117998990158,39.48504526907816,38.25829526678925,0.014684164524078369,0.85
2242,0.3874939570420776,41.208121837728,35.347947631306056,0.014718210697174073,0.8
2243,0.6336593375566727,28.746897760623348,24.85254304503849,0.014736437797546386,0.9
2244,0.36160516646157015,37.867368933172415,17.228235728015406,0.015393733978271484,0.75
2245,0.5280578594930537,33.083760448553775,24.581323515426966,0.014853346347808837,0.85
2246,0.8265057384343735,20.568856854646846,20.568856854646846,0.014241671562194825,1.0
2247,0.39529460242973513,26.615155217105137,22.58546475165052,0.01486278772354126,0.75
2248,0.4173579337796568,29.096561467476057,26.656568587679082,0.014238059520721436,0.75
2249,0.5261629385816973,43.227935736950826,35.96153867915922,0.014499616622924805,0.85
2250,0.2800165414222547,28.369320057951576,23.79763032213754,0.014198553562164307,0.7
2251,0.3028980450741815,34.30957005959251,26.251994147083117,0.014558362960815429,0.7
2252,0.3563540041127241,37.48749626265266,32.3785126081849,0.014363813400268554,0.75
2253,0.5249402748723075,33.02425415114667,30.309643233262978,0.014435172080993652,0.85
2254,0.32841883303699976,43.39998620117961,38.865664065724665,0.014946508407592773,0.75
2255,0.02001646453442511,37.58784160222446,26.53968226058747,0.014849412441253661,0.55
2256,0.3951907832181915,41.47521743593985,35.1340366865791,0.014382076263427735,0.8
2257,0.458849821907485,35.50402813191424,15.935914185406714,0.014962220191955566,0.8
2258,0.4553251035683831,37.59184952034974,18.302232994144756,0.014482653141021729,0.8
2259,0.468695352368331,30.730068649352866,28.378059587662158,0.014377856254577636,0.8
2260,0.8082188410449647,23.9522856109587,23.9522856109587,0.014473390579223634,1.0
2261,0.502514967806658,28.662487631014972,29.810999725976938,0.014863479137420654,0.85
2262,0.6135926017936844,29.755121373280133,25.528543146739835,0.014739704132080079,0.9
2263,0.603147907510849,23.498271736585693,18.741270852034894,0.014527380466461182,0.9
2264,0.699779332309402,33.37096068669025,28.631652419226498,0.014661991596221923,0.95
2265,0.4905517690323145,44.95693108112221,44.397266629048815,0.014541125297546387,0.85
2266,0.48263014847829977,25.475815267658533,17.605773769388094,0.01422804594039917,0.8
2267,0.572979599742607,23.41324213010926,18.07197955944361,0.014441490173339844,0.85
2268,0.5179396835463148,32.03088060452872,23.45612736745487,0.014728808403015136,0.85
2269,0.44221960396378596,34.90834317377353,27.526490165217105,0.01439526081085205,0.8
2270,0.47032886055252743,24.876166041229947,21.727437390891364,0.01506211757659912,0.8
2271,0.6275556949793599,24.06544479389681,19.89784577948467,0.014590096473693848,0.9
2272,0.7490476152909089,21.93668949788075,17.16029369257077,0.014478743076324463,0.95
2273,0.5341319770466233,35.88751523112917,32.42338025282612,0.014768111705780029,0.85
2274,0.48300637747987285,34.38412990077887,30.37645787013908,0.014570224285125732,0.8
2275,0.6241109145743533,32.6508275518683,29.19139194548832,0.01394808292388916,0.9
2276,0.507090203512777,22.09231919845393,17.483978839672844,0.01450486183166504,0.8
2277,0.5526752980086455,32.48922783533005,24.378400092963656,0.014312410354614257,0.85
2278,0.5323460893760649,37.700559636154274,30.366954927799117,0.014613628387451172,0.85
2279,0.6268941703927987,27.81334314514662,28.762283994333202,0.014393699169158936,0.9
2280,0.4311645558318327,32.831288455923115,18.24513244264731,0.015032017230987548,0.8
2281,0.6071347048838674,37.62179038351078,29.896574575234006,0.01487882137298584,0.9
2282,0.6266972056963865,32.492885809600104,33.95041116348421,0.014747917652130127,0.9
2283,0.21139592980086058,28.697919216241008,27.887032067904574,0.014687013626098634,0.65
2284,0.6521608710227855,28.240187883058876,28.894975132309533,0.014589917659759522,0.9
2285,0.8247429447271781,27.375837955500526,27.375837955500526,0.014408302307128907,1.0
2286,0.5701304449281871,24.2595224321877,18.729649453727856,0.014806485176086426,0.85
2287,0.46271208034427114,29.494440485710186,26.735233928635704,0.014720642566680908,0.8
2288,0.48189316323716225,29.106178757872943,19.432664967873134,0.014401066303253173,0.8
2289,0.5969311075940253,34.07457076714623,30.01557325475273,0.014160144329071044,0.9
2290,0.30807150964988683,29.57599221661542,26.945033462877667,0.014653360843658448,0.7
2291,0.5432596591898393,31.006168580309275,33.74659865528301,0.014827430248260498,0.85
2292,0.5677009775031473,25.8376022803181,20.406142828211074,0.014170956611633301,0.85
2293,0.41071731137004247,35.40937005356546,27.273070777487572,0.014145994186401367,0.8
2294,0.31029002667203176,25.391864835766228,23.099765605882528,0.01435229778289795,0.7
2295,0.49492761358307524,33.56324035111448,30.432172296472217,0.014101600646972657,0.85
2296,0.5970565761408462,40.99648312452796,32.742124438532876,0.014084923267364501,0.9
2297,0.75744027600185,23.76368394769977,22.687321765194053,0.01431657075881958,0.95
2298,0.46922998216819034,27.405231122809408,18.316983270969494,0.014327645301818848,0.8
2299,0.5457605542173611,31.726450467793548,23.10886369166226,0.014049458503723144,0.85
2300,0.362572921928841,28.502842155252733,18.67652182583788,0.014474666118621827,0.75
2301,0.4676355783515448,33.25733179023016,24.569153857088473,0.0141363263130188,0.8
2302,0.40850980562878325,42.54700551267204,36.46384565065908,0.014467144012451172,0.8
2303,0.6240321495380878,33.855979527488635,22.890603225949388,0.014698183536529541,0.9
2304,0.6606260993332188,24.36582918233831,19.725799878417273,0.014362907409667969,0.9
2305,0.3394032047551836,46.59343529939391,31.21967441362624,0.014679253101348877,0.75
2306,0.582361642009713,44.17798510434936,36.71838944950084,0.014388680458068848,0.9
2307,0.4084033823256906,48.047415418677204,31.887852477087065,0.01416633129119873,0.8
2308,0.44857992739806657,32.900944083899354,25.70959110900329,0.014375364780426026,0.8
2309,0.4407908757919551,28.21539313083391,30.794173198416072,0.014381659030914307,0.8
2310,0.644141714589243,29.266240152186604,24.836669739699445,0.01439439058303833,0.9
2311,0.37769252067254055,34.85744519199967,25.536604944443294,0.014306998252868653,0.75
2312,0.7060031288563475,34.5538196148151,34.54204899007456,0.014101552963256835,0.95
2313,0.6300135668707986,28.027256232219308,17.971204652124054,0.014430665969848632,0.9
2314,0.47240904932079575,29.046319279063436,19.456031463397988,0.014449083805084228,0.8
2315,0.625012734768082,33.096096573109094,29.656891636387474,0.01439119577407837,0.9
2316,0.5010405508144503,38.54247316841158,30.96135980809059,0.01404874324798584,0.85
2317,0.6236335984407086,33.18245749661507,24.139366230461995,0.014379119873046875,0.9
2318,0.17003156324778285,45.24405708824359,43.49370437351119,0.014661693572998047,0.65
2319,0.6592808454384815,36.877526427471885,33.01433767018957,0.014168548583984374,0.95
2320,0.6893753131925038,38.86410205629611,34.79497787923029,0.014442622661590576,0.95
2321,0.34028957014231553,37.7527419834055,37.73432462470246,0.014441347122192383,0.75
2322,0.12175323949969485,47.250762656795594,34.738420226585866,0.014057767391204835,0.65
2323,0.601601681694792,35.07848600854088,31.737191939277913,0.014023208618164062,0.9
2324,0.37698993137512293,53.19747568938912,49.28660550368083,0.015028595924377441,0.8
2325,0.35330499721540864,44.63089724702725,44.99877638983753,0.014974069595336915,0.8
2326,0.17341815240778122,38.08640900686033,26.80354887288809,0.014425516128540039,0.65
2327,0.5251851058361098,32.467286596754505,23.66303690617443,0.014526307582855225,0.85
2328,0.3788304599679408,21.908947892875,24.034403586370328,0.014664399623870849,0.75
2329,0.49230096620278285,23.29800391376609,18.0581669380732,0.014217245578765868,0.8
2330,0.6911969802144701,32.390996202917165,27.888521425627022,0.01441131830215454,0.95
2331,0.55433489885556,30.215850067282883,20.972478600510453,0.014738178253173828,0.85
2332,0.3561322237026343,27.65703820745989,17.427158498480352,0.014461016654968262,0.75
2333,0.5087080090893823,42.53870820996168,29.31447853543894,0.014679038524627685,0.85
2334,0.6068624840313781,31.980308938508255,23.137330158650947,0.014802932739257812,0.9
2335,0.598091747086906,40.81539650768066,32.98972745603024,0.014261722564697266,0.9
2336,0.500752418241522,28.897272118900798,24.11506671733189,0.01625000238418579,0.8
2337,0.3334547528193793,42.44422722979904,25.296789087130183,0.014792335033416749,0.75
2338,0.3561154537343107,25.247870091477047,19.50035622042642,0.014863383769989014,0.75
2339,0.6426272696942363,28.44644334240536,24.745562370585727,0.01462332010269165,0.9
2340,0.19132772739773196,33.947026931690466,20.25233698030531,0.014514553546905517,0.65
2341,0.6308683973929973,28.077342538959705,24.113478549412825,0.014582884311676026,0.9
2342,0.38546895606760645,28.037992659164008,24.998634416903563,0.014531254768371582,0.75
2343,0.1566792906173295,46.377158195482835,31.665344223917355,0.014455533027648926,0.65
2344,0.4736485177500683,47.17590469748829,35.546145050210484,0.014471316337585449,0.85
2345,0.32486365751571744,43.64513966224499,25.172875580993736,0.014554548263549804,0.75
2346,0.5679641287422971,30.787208999464923,26.693016423916724,0.01474531888961792,0.85
2347,0.5232483305516403,36.571218919860996,29.039099614881746,0.014567208290100098,0.85
2348,0.47916946552673306,27.307600220017815,18.20566345744563,0.014699590206146241,0.8
2349,0.500380443342332,48.287964756536425,42.2056517932388,0.014473652839660645,0.85
2350,0.47383350559199505,32.248209614440185,30.050612516609466,0.014881062507629394,0.8
2351,0.5458796096072579,30.601130327657604,26.816863764140987,0.015054690837860107,0.85
2352,0.44057486864203144,28.375508685113726,18.85501462223394,0.014112472534179688,0.8
2353,0.7325796279845628,28.701130383163882,23.605505757201755,0.014428675174713135,0.95
2354,0.6600705215767878,30.50518131869425,31.935173885236665,0.015075409412384033,0.9
2355,0.6559624030509693,24.160868397327086,18.575872524256866,0.014548945426940917,0.9
2356,0.5371070151586738,36.1842232159784,27.64130440045737,0.014279937744140625,0.85
2357,0.6193504831931838,34.26555338844495,36.40621334146095,0.01438828706741333,0.9
2358,0.6466924824706174,34.28422829472522,35.61673900512442,0.014313936233520508,0.9
2359,0.31078665846321296,39.2945274216616,20.809590064534017,0.014226424694061279,0.75
2360,0.4449228545837228,36.96454841527679,30.080788890969266,0.014292728900909425,0.8
2361,0.4043749788234459,37.46928003363453,30.544969938712264,0.014289236068725586,0.8
2362,0.41840767406632773,48.19281491203397,36.59139319408861,0.014519739151000976,0.8
2363,0.7390035132953888,23.29518070427352,18.600008806394367,0.014019989967346191,0.95
2364,0.5863203290540124,20.296933128006515,19.79960824953863,0.014440059661865234,0.85
2365,0.5201932053883811,38.49965083176517,30.706911233773468,0.014308631420135498,0.85
2366,0.3082328742147936,43.188306034830774,24.35502858656787,0.014203453063964843,0.75
2367,0.7146441979583563,34.040217692736014,34.16379045079349,0.014438331127166748,0.95
2368,0.538013504964099,39.13266880308907,31.145222905587335,0.014453566074371338,0.85
2369,0.5307319026321776,29.585015366598633,26.13245055975048,0.014172506332397462,0.85
2370,0.4679715701018778,24.502595775650782,20.434199561168988,0.014230728149414062,0.8
2371,0.6279240667098887,33.32860925439277,35.58383641593997,0.014484691619873046,0.9
2372,0.4100669881545656,42.004416953348155,29.68491089489281,0.013915610313415528,0.8
2373,0.3284684888491499,37.63557890440365,24.408113697631787,0.014463222026824952,0.75
2374,0.42592122175951286,40.14119567715384,26.802948943842665,0.014140403270721436,0.8
2375,0.4512314154075927,32.492593446854826,29.356584695926315,0.014617323875427246,0.8
2376,0.4351778212547172,39.13010528002863,37.42343297557223,0.014877843856811523,0.8
2377,0.05359743860028797,58.559891676216196,30.309708325947067,0.014517259597778321,0.6
2378,0.6807309465324678,24.184904046491038,25.660201453381926,0.014457368850708007,0.9
2379,0.6735638152872174,34.94763526566185,30.97009520648015,0.014758503437042237,0.95
2380,0.3276027931661253,38.691226096849235,25.700335563935802,0.014397931098937989,0.75
2381,0.36800812381333575,34.73731679479589,26.835015970758732,0.014564418792724609,0.75
2382,0.6378873093547155,32.672959059718295,28.518501520948476,0.01440441608428955,0.9
2383,0.44905804875498745,36.64051161207068,36.04320411664834,0.0147369384765625,0.8
2384,0.5656109118534978,36.48631364431198,38.60299203905124,0.014721095561981201,0.9
2385,0.2847793846107777,26.513386291853777,24.296370876854446,0.014585113525390625,0.7
2386,0.46798509625250206,26.982111651330086,29.52442067299929,0.014618599414825439,0.8
2387,0.5366221111614744,33.301144863567686,30.459306437060945,0.014458656311035156,0.85
2388,0.4312482430714499,39.39628706584065,20.053498585967255,0.014432573318481445,0.8
2389,0.5716924284853228,26.71893622810892,22.96153580717386,0.014379596710205078,0.85
2390,0.3191394220973594,42.407869589026035,30.616529905968115,0.014313411712646485,0.75
2391,0.7917598747826855,29.101814248677933,29.101814248677933,0.014280581474304199,1.0
2392,0.3851475630351281,33.908480221601664,19.02910931637986,0.014227283000946046,0.75
2393,0.6859255654415737,40.242955411410655,36.31928149717928,0.01447610855102539,0.95
2394,0.4309382050192023,31.87946065683342,29.63421842927302,0.014726364612579345,0.8
2395,0.27232249752805826,38.468783068962374,26.796514146674177,0.014318931102752685,0.7
2396,0.31742775610107477,24.16778439216612,18.783058239464314,0.016808676719665527,0.7
2397,0.23993832575015608,37.624320656510896,24.325264307967075,0.014350497722625732,0.7
2398,0.3505512909186823,36.79725137944791,36.91553695136361,0.014722776412963868,0.75
2399,0.2848090781921257,37.05219104499708,25.34843603741541,0.015036022663116455,0.7
2400,0.6899233892229155,33.37990888167742,28.857801775516105,0.014682412147521973,0.95
2401,0.34267664316153706,41.740680878593665,23.850531595571976,0.015225327014923096,0.75
2402,0.5348093713608846,26.83422805040835,22.30150651564916,0.015184891223907471,0.85
2403,0.6890603745258288,26.67358672669293,22.47443913782274,0.014705133438110352,0.95
2404,0.3865129114249255,26.635583569667155,16.698330779934917,0.015214276313781739,0.75
2405,0.3601590412462918,28.308680662056922,19.143666295057884,0.01438605785369873,0.75
2406,0.47796564584728907,32.406944251915846,23.685328991631856,0.014673149585723877,0.8
2407,0.3657001493849668,29.661103045205145,20.377497584170396,0.01453636884689331,0.75
2408,0.3176046754896681,40.03611583062047,34.359122348608395,0.015143513679504395,0.75
2409,0.45710960983849225,34.433413313013254,25.81631088066292,0.014756524562835693,0.8
2410,0.48441878622096934,39.535031274726016,25.344041489944065,0.015086543560028077,0.85
2411,0.33492210456522953,38.84923865544593,19.388149062936428,0.015495121479034424,0.75
2412,0.647273464419426,46.28032251819313,42.53679698643141,0.014981424808502198,0.95
2413,0.4844935493554276,25.38848562229318,22.161091688231153,0.014316916465759277,0.8
2414,0.6954812635556602,30.83175535412638,31.75844632747851,0.015255963802337647,0.95
2415,0.46131586348721293,28.47707363343222,19.762078939179386,0.014985108375549316,0.8
2416,0.5321723541319889,32.14922365901741,23.189898019031308,0.01480100154876709,0.85
2417,0.556718481958956,24.026360405135364,25.243186580129134,0.014991378784179688,0.85
2418,0.48007238870470115,24.056160035699136,20.2111395281041,0.014707827568054199,0.8
2419,0.3593486823015141,32.60952941970863,31.342842716303736,0.014516711235046387,0.75
2420,0.7147930125776167,26.353666814187232,21.488148828344595,0.014856839179992675,0.95
2421,0.17413679038606852,39.896142405788346,36.00172831652074,0.014555764198303223,0.65
2422,0.3742859520665752,30.81653662960723,20.972567641592487,0.014782357215881347,0.75
2423,0.435727219953045,23.16038972631866,25.753589643985812,0.014953863620758057,0.8
2424,0.6758582033167205,42.369051487065605,38.964865081990325,0.014809513092041015,0.95
2425,0.5573938344842392,28.185289035185026,18.515012296801746,0.014287054538726807,0.85
2426,0.7013473834963309,34.48499119544309,30.361958862461094,0.014682614803314209,0.95
2427,0.565410495847946,31.567429137233706,23.37921841334409,0.014763963222503663,0.85
2428,0.6910199368259552,16.773255411976876,16.86397002882763,0.014520692825317382,0.9
2429,0.5509773244272977,33.129950012256316,34.86571136826604,0.014457249641418457,0.85
2430,0.47958111104513323,25.970068102710048,16.575441911259276,0.01443178653717041,0.8
2431,0.548422164394829,28.215897272346602,24.408547565205904,0.015007030963897706,0.85
2432,0.45036896175612606,43.86571457479292,37.33778104696179,0.014808464050292968,0.8
2433,0.8357660527789094,19.897942401337694,19.897942401337694,0.014568352699279785,1.0
2434,0.6228642456873791,31.360306779286997,32.96856207286553,0.014707458019256592,0.9
2435,0.45651645386895456,35.164383925237935,27.593536400123323,0.014664840698242188,0.8
2436,0.5973041075702203,33.626240952030344,30.209846961315968,0.014863145351409913,0.9
2437,0.7151556131274495,32.31836035522885,27.5672293062988,0.014493215084075927,0.95
2438,0.5359225233680458,32.00880677526918,28.8267997259973,0.014174544811248779,0.85
2439,0.7615099583836894,28.040888168786967,28.040888168786967,0.014485037326812744,1.0
2440,0.4512434942434087,36.29975837001232,22.45036090637712,0.014343249797821044,0.8
2441,0.373222362758864,35.67500525303178,36.33795302149774,0.014895343780517578,0.75
2442,0.5198231209830595,29.92982373783238,26.57829277900802,0.014706289768218994,0.85
2443,0.369815718721911,31.317101863560566,23.241499281836468,0.014931440353393555,0.75
2444,0.36772543180284856,27.312440439125197,23.84594899309163,0.014217305183410644,0.75
2445,0.35003067022001466,33.56990087409719,25.14813288373257,0.014066720008850097,0.75
2446,0.4353122345166639,39.537514615565456,26.045011993728775,0.014555931091308594,0.8
2447,0.8008211663507208,27.081628721220074,27.081628721220074,0.014744579792022705,1.0
2448,0.4299601333811863,37.9270632723408,30.89917109394566,0.014403927326202392,0.8
2449,0.5342726178245167,39.66395494557455,32.22928384331891,0.014438962936401368,0.85
2450,0.3611687153726644,34.58869744945488,26.11084262159491,0.014277446269989013,0.75
2451,0.4863044040330863,27.1030762453323,17.308385669558042,0.01484907865524292,0.8
2452,0.533818350322591,27.27258828909404,17.808454507313012,0.014125430583953857,0.85
2453,0.45588213828769375,27.316757758899467,29.581542319962466,0.014469468593597412,0.8
2454,0.5609144187895336,24.724772331735167,20.295619566302054,0.014310383796691894,0.85
2455,0.4771839625620061,24.550836061282656,19.66925204926782,0.01429743766784668,0.8
2456,0.5955628405618331,38.2657070053646,40.98708343563641,0.01447591781616211,0.9
2457,0.5839958730362176,24.925769769629408,20.67207819177351,0.014445316791534425,0.85
2458,0.5955212184635444,40.05393332099169,31.077295250447847,0.014145278930664062,0.9
2459,0.23971493976852815,43.95327039900732,34.51820603678069,0.015147900581359864,0.7
2460,0.15454234557320862,42.461569341561884,25.109816463947954,0.014607012271881104,0.65
2461,0.4786495153706107,44.787520240786755,37.75373531718835,0.014648258686065674,0.85
2462,0.3558830658041698,37.822978884385314,18.081551740766788,0.014887630939483643,0.75
2463,0.34739579280151184,33.67159740381667,26.081719473394678,0.014300107955932617,0.75
2464,0.2905541091193377,40.0114990879851,27.500225996861253,0.014447307586669922,0.75
2465,0.24204578533631244,41.95482797730638,23.608411842671085,0.014563024044036865,0.7
2466,0.44321586410633235,40.79781871966558,35.41378212401119,0.014205086231231689,0.8
2467,0.562769200352071,26.95234437456353,17.925828043606597,0.014588117599487305,0.85
2468,0.3897518797587681,34.72372660105681,26.227331347027576,0.014141690731048585,0.75
2469,0.19421687982440575,36.42100901280309,29.70925744137061,0.0147369384765625,0.65
2470,0.6444288252495889,31.042167836678125,31.56650397820086,0.014584159851074219,0.9
2471,0.5864444748853561,25.6153174868206,27.249882050201577,0.0147180438041687,0.85
2472,0.5282628815551107,28.5665148069934,23.46638715473959,0.01448979377746582,0.85
2473,0.5623461292550397,24.24512742865326,19.319647228026874,0.014480924606323243,0.85
2474,0.34931596760700184,43.259722663894266,32.580747937129935,0.014582633972167969,0.75
2475,0.286991964557705,34.56985657584384,17.85259529841619,0.015805304050445557,0.7
2476,0.6526633191752235,23.144749775905943,23.795179426452865,0.014755451679229736,0.9
2477,0.44141364850845105,33.98239852970703,25.758043970976086,0.01461855173110962,0.8
2478,0.2575923947576451,38.13601630747835,26.582719493241445,0.01518232822418213,0.7
2479,0.28066258555036183,33.75974798256042,25.813729641951074,0.014393806457519531,0.7
2480,0.5451656813890181,31.602968860462873,16.667991138318914,0.014774537086486817,0.85
2481,0.48116760824228744,34.56441956164776,24.633193708605585,0.014253818988800048,0.8
2482,0.22969266340595412,48.36030588207667,44.810502834032775,0.014542210102081298,0.7
2483,0.7464887780605088,19.72424374075056,19.661768689919715,0.014478480815887452,0.95
2484,0.5721525062872791,23.81882720210272,19.66945365257751,0.014831769466400146,0.85
2485,0.7647807695814651,19.70978391408844,19.83468443295759,0.014527595043182373,0.95
2486,0.4946897732225832,26.474839289262814,21.533108583683173,0.014408493041992187,0.8
2487,0.5779016055644866,23.359689435519662,23.057751640399285,0.01456979513168335,0.85
2488,0.639705648426859,33.6225811987296,28.57573855769802,0.014966738224029542,0.9
2489,0.6535787820831644,23.982335463737197,24.016276291465193,0.014326930046081543,0.9
2490,0.38683580487676716,27.824836758904542,22.92004446043988,0.014970517158508301,0.75
2491,0.7155037296593297,28.884929772454505,24.362170604449897,0.014790952205657959,0.95
2492,0.4440640048067774,37.12458634110985,23.33835245095139,0.014584636688232422,0.8
2493,0.4574284788548454,33.334761907041376,37.63239018297459,0.014367151260375976,0.8
2494,0.5682626342668176,28.805129101639437,25.05021066979053,0.014772021770477295,0.85
2495,0.5042648101369078,38.871565164318845,36.85785810981389,0.014799284934997558,0.85
2496,0.4767343982379309,32.99908996599795,18.022146488876956,0.014271962642669677,0.8
2497,0.3939653757476765,32.95558235297097,31.844868530379962,0.015278375148773194,0.75
2498,0.3938657405725501,30.416429505028834,21.793873206047454,0.014587461948394775,0.75
2499,0.621373518211556,32.77872578597478,34.56310346631804,0.01471489667892456,0.9
2500,0.632685014168018,23.273324333039568,23.92712908974149,0.015477824211120605,0.9
2501,0.3339338046457003,42.08814412285044,31.428949317855803,0.015176379680633545,0.75
2502,0.41060600933816466,46.691949294885966,35.62958990744191,0.015048635005950928,0.8
2503,0.3805450158093434,25.18647317281725,22.639000894735936,0.014548850059509278,0.75
2504,0.5723062180560542,27.978158757610565,24.820184266484823,0.014892733097076416,0.85
2505,0.35359820800180175,36.95520502158946,18.49669584721018,0.014603233337402344,0.75
2506,0.42011344662565187,38.78275187328793,32.32672211545214,0.014537250995635987,0.8
2507,0.5539021539641233,48.451942925506266,41.33391708040711,0.014645075798034668,0.9
2508,0.4104844439124505,16.468572659339273,15.864402180446739,0.014466702938079834,0.75
2509,0.27975385114381646,25.85827351229788,21.37570086147118,0.014581704139709472,0.7
2510,0.37483654239115644,29.665315755538217,27.137499047985315,0.01445913314819336,0.75
2511,0.3426615612750602,36.645480270926576,30.776599088748018,0.014625811576843261,0.75
2512,0.5928384077451898,42.70422950325454,39.93590788352348,0.014472770690917968,0.9
2513,0.4917785401222334,35.70630247126424,27.909709998645965,0.015287268161773681,0.85
2514,0.573734328037582,47.55016228650721,39.91403176719577,0.014471483230590821,0.9
2515,0.5452193348149057,32.05821881092669,23.806159394952466,0.014452087879180908,0.85
2516,0.4068555507750882,32.69073985788737,18.748462334917445,0.014601492881774902,0.75
2517,0.585344497868155,24.039793807042876,18.994941003703865,0.0147735595703125,0.85
2518,0.5156588622550059,34.24108665958109,32.009665684142334,0.014174771308898926,0.85
2519,0.4658207890592531,27.87875339545272,25.066692032628687,0.0142289400100708,0.8
2520,0.7126016208810799,23.087718357271076,23.348998237433552,0.015029835700988769,0.95
2521,0.4534642574338282,32.66828035413168,29.484125375042026,0.014352774620056153,0.8
2522,0.6475912634559489,24.397818839932867,19.456760681869472,0.014837920665740967,0.9
2523,0.46264941119065045,33.449508888473,24.01599919026256,0.014313232898712159,0.8
2524,0.7013701056813167,31.858815680221017,32.88586387518743,0.01465761661529541,0.95
2525,0.46211418323811426,27.923596954824433,19.219557798485518,0.014892506599426269,0.8
2526,0.567369508098974,21.165423002046776,15.070428191831141,0.014685022830963134,0.85
2527,0.4872980365009549,28.793515894278887,19.22007435342133,0.014691734313964843,0.8
2528,0.5936869135824412,39.22496673495673,30.646753336801893,0.014581775665283203,0.9
2529,0.6805875137101838,22.543796497602564,18.115364413579695,0.01439824104309082,0.9
2530,0.24757116328809495,43.68813269352057,25.352425069462917,0.014763450622558594,0.7
2531,0.5576501576058561,33.680468461325624,35.44508207191624,0.015104568004608155,0.9
2532,0.5527176276828695,28.73411948402847,19.342938392263147,0.014802050590515137,0.85
2533,0.7163964319405561,24.39595962666553,23.296344077881844,0.015568280220031738,0.95
2534,0.6275026318204067,24.708016411531347,25.593511799857193,0.01433875560760498,0.9
2535,0.3330821661119274,49.35282752258246,32.342748570574734,0.015050029754638672,0.75
2536,0.4637636277299785,26.236662303542012,15.563577021437743,0.014069867134094239,0.8
2537,0.38578882581780605,29.251384251260312,18.89394530846978,0.014424443244934082,0.75
2538,0.2883059033893948,32.062135671394095,30.561604203683547,0.014424073696136474,0.7
2539,0.6212540212789734,18.054385200772263,16.767441785590666,0.014610874652862548,0.85
2540,0.31569209081103955,46.65964281235032,37.36757625993655,0.014819490909576415,0.75
2541,0.6515470829953778,17.320596290750427,16.234435910272154,0.014639389514923096,0.9
2542,0.6637490397441537,24.994462303054014,20.270329787209526,0.014367818832397461,0.9
2543,0.3489949022359518,44.502971531903725,27.18526755617864,0.014612030982971192,0.75
2544,0.3315144129364442,36.59747682002027,24.087858055114346,0.014639997482299804,0.75
2545,0.2015720764399204,36.31407287433152,16.073948607767683,0.014462625980377198,0.65
2546,0.33669039302958365,42.44037080132392,32.11567658343607,0.014294755458831788,0.75
2547,0.32336042771078083,46.35415295915771,29.83214770256672,0.01408153772354126,0.75
2548,0.7612142166523361,20.382549196658548,15.547333016209121,0.014630365371704101,0.95
2549,0.6497331990009608,25.47749925949068,26.39059720818155,0.0141005277633667,0.9
2550,0.36579321186140434,31.318883305756934,17.179182538514524,0.014304614067077637,0.75
2551,0.46901984483283055,31.316924495841114,22.64069364121974,0.014308953285217285,0.8
2552,0.7259399347430416,24.563893408861396,25.23384551358639,0.014274191856384278,0.95
2553,0.681726931959244,21.1710649820911,21.672405767316597,0.014206278324127197,0.9
2554,0.29487563471655165,26.482065651624424,23.340383783732797,0.01402451992034912,0.7
2555,0.6364221844383555,27.022819191376094,23.23801711742744,0.014390206336975098,0.9
2556,0.5007772885931951,42.97396820840159,36.084993332841826,0.01454862356185913,0.85
2557,0.4818383336137024,32.56388023278497,25.075124136889965,0.014162051677703857,0.8
2558,0.5502776591273804,28.20289313306459,24.72672341073976,0.014105868339538575,0.85
2559,0.31352479925810667,53.91759970678826,39.15210690069671,0.014211952686309814,0.75
2560,0.7303956666715681,24.11971006903175,23.480309137505277,0.014340054988861085,0.95
2561,0.6821740129099952,31.03045963950667,31.460031928385074,0.014180588722229003,0.95
2562,0.5439871035606367,26.711761703050268,16.70286944930251,0.01449335813522339,0.85
2563,0.44012465457232464,37.324937328823594,24.497503488527492,0.014110064506530762,0.8
2564,0.5896604532986103,17.24364566018266,17.128655705132743,0.014690613746643067,0.85
2565,0.6912114048282592,32.12880785916093,32.62835031525914,0.014489126205444337,0.95
2566,0.49063312009787674,39.49087066850003,26.007246158440793,0.014283561706542968,0.85
2567,0.4011082729143293,33.82976959071534,24.762953044607556,0.014664566516876221,0.8
2568,0.600838199725745,33.25134896427868,35.30146342620143,0.014269506931304932,0.9
2569,0.22463872309316493,37.83448095424721,17.808700812985425,0.014222848415374755,0.7
2570,0.15327968024213628,41.484013630514376,24.31721477136131,0.01489647626876831,0.65
2571,0.5543769724315566,25.991780126890404,21.664104878377085,0.014331352710723878,0.85
2572,0.7047041369592668,23.951494091489586,24.280335702213,0.014068222045898438,0.95
2573,0.2935807347140071,37.10211763331348,17.356553937745733,0.014381992816925048,0.75
2574,0.4659032973496391,31.987535188401058,24.294330009041467,0.01453334093093872,0.8
2575,0.623770216793334,29.114447593628334,19.55332681412567,0.014181053638458252,0.9
2576,0.6038793866559425,23.11603568271193,25.00541708545797,0.015080785751342774,0.85
2577,0.43699978276655943,36.772201816274844,29.100251355178177,0.014454567432403564,0.8
2578,0.4774153570241039,27.14241253887095,23.527889081737936,0.01404573917388916,0.8
2579,0.5005480267999148,21.697744053257086,16.673728531160407,0.014309191703796386,0.8
2580,0.41747435875473216,36.56984763188497,29.82091294796588,0.014250349998474122,0.8
2581,0.5500644059205818,33.0071605527394,24.066873765664077,0.014170074462890625,0.85
2582,0.7913899349374219,35.053793027663396,35.053793027663396,0.014221656322479247,1.0
2583,0.5125805449843164,36.787981935123426,28.503643262477713,0.014132058620452881,0.85
2584,0.6876378417914836,38.04481333164635,34.06715332921376,0.014290618896484374,0.95
2585,0.5725680327518163,21.77366085892546,16.34826694003488,0.014561343193054199,0.85
2586,0.24166651783676535,39.117872062903096,27.71018922364269,0.01435624361038208,0.7
2587,0.5567131900113952,26.476564724756127,16.36216982487391,0.014487707614898681,0.85
2588,0.4683880365135372,28.482765501491052,18.291410237791602,0.01498008966445923,0.8
2589,0.6598846047904489,22.42496162850058,23.236250198476213,0.014125692844390868,0.9
2590,0.4869456105105333,27.828978367507506,24.320631519768725,0.013834261894226074,0.8
2591,0.552293756539571,24.555915926459846,26.192911094588766,0.014357340335845948,0.85
2592,0.4561910962485981,31.208027514293555,15.700456074955412,0.014507818222045898,0.8
2593,0.5154537553219007,23.211538442650443,25.0870092539164,0.014678120613098145,0.8
2594,0.4985423761441301,24.427768871060668,20.964094325300614,0.01396782398223877,0.8
2595,0.6703023936342173,21.708313970991675,22.214681307698115,0.014482629299163819,0.9
2596,0.6042732078720061,33.85091949097746,29.58876664143338,0.014395403861999511,0.9
2597,0.6577442087765946,25.51105103123343,26.494497325958733,0.014485573768615723,0.9
2598,0.5814052947254005,23.767853782170295,25.94604770336313,0.014402389526367188,0.85
2599,0.5664249175678656,26.239718926608663,26.28483057148921,0.014531242847442626,0.85
2600,0.4244115916032545,41.46091869613616,34.24868618616583,0.014502215385437011,0.8
2601,0.43893493585805726,19.43526232801255,19.59687383564983,0.01455754041671753,0.8
2602,0.411534503882135,45.34664392383611,32.66596851612995,0.014379894733428955,0.8
2603,0.15825211813206524,43.84392158559622,20.110107276685685,0.014368629455566407,0.65
2604,0.21223990972737977,29.636886298696652,18.254541334807872,0.014484906196594238,0.65
2605,0.46474541244624346,28.252686325188513,24.447540643893703,0.014674878120422364,0.8
2606,0.6597095647298057,39.14776909638169,35.26122513062225,0.014080345630645752,0.95
2607,0.6128532839143154,35.360754365472545,31.169687836274775,0.014363312721252441,0.9
2608,0.4035966627338425,48.72145618662089,48.78008297246912,0.014562320709228516,0.8
2609,0.5578770447824208,34.070296896895236,32.19962458335845,0.014598095417022705,0.85
2610,0.2442298899361152,21.126897296145632,15.957929977894159,0.014130485057830811,0.65
2611,0.8328726368196729,23.229942557009288,23.229942557009288,0.014442360401153565,1.0
2612,0.5399636153515702,31.886592459795246,28.165255331239752,0.01457836627960205,0.85
2613,0.6021217852155771,41.666970605448405,39.186806098099034,0.014788818359375,0.9
2614,0.5084707971304876,29.774150898314048,31.80475402707762,0.014361822605133056,0.85
2615,0.6658178813100745,21.937491113186432,16.680250535789927,0.01441112756729126,0.9
2616,0.36105597865985095,38.11686994558747,32.69971586477009,0.014633572101593018,0.75
2617,0.6759386680705096,43.27005062734992,39.678519507169725,0.014130747318267823,0.95
2618,0.4165609386967807,38.74518327632217,42.20062853440579,0.014155209064483643,0.8
2619,0.3484470889502577,35.13546948759189,19.7791814966129,0.014200711250305175,0.75
2620,0.397903947564729,45.971763181553925,32.88794784370374,0.01437903642654419,0.8
2621,0.4726021925608688,46.50958804232655,40.306607742971174,0.014351069927215576,0.85
2622,0.5644895873692461,26.476883508020798,27.6825544526835,0.01446295976638794,0.85
2623,0.6724087486058947,19.354650210756652,19.266692235036185,0.014178383350372314,0.9
2624,0.10698350946136526,35.895874483958394,29.582901320128926,0.01431124210357666,0.6
2625,0.39022419613472314,44.51185486466331,44.293400969549026,0.014067184925079346,0.8
2626,0.5146135360397968,32.49099848572392,33.65491111273084,0.015001463890075683,0.85
2627,0.36924840665674014,28.258264885579337,24.294602222169736,0.014612233638763428,0.75
2628,0.5627496516548289,46.96250545090614,39.17621382771311,0.014458703994750976,0.9
2629,0.6240814043150741,30.5985606787422,26.836299569653153,0.014527499675750732,0.9
2630,0.4499559404909491,22.984987527621577,18.6370841509557,0.014685380458831786,0.8
2631,0.7607449142987696,17.565165006283543,17.569789252397197,0.014805030822753907,0.95
2632,0.6165563426534442,33.33541498255154,24.676759318414284,0.014529860019683838,0.9
2633,0.31285700541805944,49.24262158588351,40.457537312128764,0.014338016510009766,0.75
2634,0.4402316464811188,24.71453893303817,20.39324489894346,0.014698231220245361,0.8
2635,0.35874024346613576,29.323455765863986,20.725778658291613,0.014691495895385742,0.75
2636,0.2013748565355557,40.694452314100765,20.77861826737357,0.015128672122955322,0.65
2637,0.5327274634339761,29.54925215149808,24.97962087642491,0.014817440509796142,0.85
2638,0.5493599013287084,32.73518483390044,29.179987157474137,0.015235400199890137,0.85
2639,0.5653542420140176,26.717482638417785,27.60321409556381,0.015841352939605712,0.85
2640,0.6434770593251962,27.581483573330132,23.742616522827262,0.014843189716339111,0.9
2641,0.7124193688534597,38.466422419002384,34.3984037355267,0.014947783946990967,0.95
2642,0.6037106042348576,34.42541445235236,30.497079841101815,0.014900696277618409,0.9
2643,0.3479435715361534,39.15628299642845,27.385871944280293,0.014486587047576905,0.75
2644,0.5873716876163304,27.75147187411447,24.232185839215195,0.01470562219619751,0.85
2645,0.47850099341303476,27.412809680254135,17.2131735559448,0.014663946628570557,0.8
2646,0.37525506258534,37.91562760457198,32.27506029147944,0.014669156074523926,0.75
2647,0.44818542117730314,40.189121507310624,21.671619211433075,0.014257359504699706,0.8
2648,0.5532761581460102,31.89737216034708,22.898559370406023,0.01443403959274292,0.85
2649,0.13626468154505075,44.57035176087264,29.694735250138464,0.014658129215240479,0.65
2650,0.5132679520236535,36.75608622802672,34.86196007786842,0.014410388469696046,0.85
2651,0.41442410267535096,47.0632949217857,36.125881147349126,0.014998650550842286,0.8
2652,0.7105439785088512,30.11671455408926,25.913546939166935,0.01514979600906372,0.95
2653,0.2300930790403375,45.00893809836755,42.37197372130512,0.01426602602005005,0.7
2654,0.2959122640069733,34.6390978303068,28.421396258978444,0.014685046672821046,0.7
2655,0.21700843796102848,48.29472047665898,41.519607897392966,0.014335727691650391,0.7
2656,0.4918003219044156,23.548998685417583,17.24462755548649,0.014885008335113525,0.8
2657,0.5699689832737654,26.105664609268125,22.18157118622781,0.014684057235717774,0.85
2658,0.5474664512642953,34.552935241980684,26.439245866308255,0.014782631397247314,0.85
2659,0.34633903418601875,42.19454261008224,23.200039966365633,0.014440274238586426,0.75
2660,0.2265458609056999,53.20582902653791,48.326229719165894,0.014848744869232178,0.7
2661,0.3487807363605035,37.25333230328229,37.509646849561506,0.014312386512756348,0.75
2662,0.6635818007765271,29.170829577678184,29.749842445994116,0.01490952968597412,0.9
2663,0.548141090665868,21.0165544855184,21.046205263725444,0.01470797061920166,0.85
2664,0.5047766516526149,38.32446100065317,31.162213047038616,0.014603447914123536,0.85
2665,0.740985406711368,18.776216948207384,18.762942602673157,0.014944005012512206,0.95
2666,0.6886470404578289,22.500124750733157,22.786683330453123,0.014688992500305175,0.95
2667,0.6881452740458504,30.15239240740413,25.741928265826246,0.014582610130310059,0.95
2668,0.24498407955164964,40.97938159176177,23.920935395202537,0.014444684982299805,0.7
2669,0.37431726827800194,28.047242244777873,25.355844866178206,0.014932453632354736,0.75
2670,0.648754881817685,17.496803748366727,17.52583240048218,0.01480942964553833,0.9
2671,0.5722453409077086,22.692793662357808,24.31455272157121,0.015430831909179687,0.85
2672,0.6240058579437233,31.898761145988136,28.45721705791001,0.014560413360595704,0.9
2673,0.33133085207826435,31.66295588622079,36.330634541856746,0.014169108867645264,0.75
2674,0.5413703892102582,22.903671726258516,18.61258789956675,0.014663255214691162,0.85
2675,0.3789282264562857,32.50428654429063,23.572529676578885,0.015032708644866943,0.75
2676,0.2364315077202693,46.419004516691224,37.956554295118444,0.015291273593902588,0.7
2677,0.39124686774005435,43.31672020352509,37.18814787680239,0.015033483505249023,0.8
2678,0.6400990694489305,30.613843281014532,21.317295342945286,0.01478407382965088,0.9
2679,0.7147544770002322,24.940972388348133,25.11310149982197,0.014610528945922852,0.95
2680,0.5917394660522212,34.42610750435885,31.139798829803112,0.014308607578277588,0.9
2681,0.5536110301911261,21.016148144183028,16.441746526473903,0.014149832725524902,0.85
2682,0.7495970127797003,20.05287437122957,20.306047012480434,0.014815604686737061,0.95
2683,0.50452416318118,41.90036664666777,40.61750348575679,0.014547383785247803,0.85
2684,0.5230489494159583,28.54948553157239,29.947841637672084,0.014480519294738769,0.85
2685,0.5567258639570652,28.78621093814278,25.602898339636575,0.014688289165496827,0.85
2686,0.60106572423504,39.13316916883338,30.889392121587864,0.014941644668579102,0.9
2687,0.5078957901361326,27.02252341053593,28.588526908979407,0.0149711012840271,0.85
2688,0.7424821216079152,22.80710774312208,22.739712666663632,0.01500016450881958,0.95
2689,0.28848383285130696,48.1704143507116,44.83002359896057,0.01460200548171997,0.75
2690,0.7402534927706103,22.52588298950142,17.470829506953905,0.015081834793090821,0.95
2691,0.3364188310201207,15.61914237217293,15.852148009125653,0.015008759498596192,0.7
2692,0.4906520492401131,25.96605033844485,27.187723865509888,0.01489628553390503,0.8
2693,0.7498594524150416,27.78085945822541,22.290825115696755,0.01432429552078247,0.95
2694,0.580797417254143,29.99323205116131,25.88816016384248,0.014683616161346436,0.85
2695,0.6462473183839378,28.342273369600406,28.67789280491978,0.01430577039718628,0.9
2696,0.6406644254445932,31.976350699072913,28.601910416670144,0.01456747055053711,0.9
2697,0.3662873095392542,39.78751669980954,34.81221769760053,0.015140283107757568,0.75
2698,0.1712094200055527,32.18409641490607,25.064129659910307,0.014489281177520751,0.65
2699,0.5232079864135867,16.625197323652962,15.233089674133458,0.015266346931457519,0.8
2700,0.6673482759577205,17.950173304648448,16.663936597829643,0.014921283721923828,0.9
2701,0.5906181392294501,34.62839261806543,31.31988295435932,0.014620363712310791,0.9
2702,0.7505359836418994,29.724393271106273,29.724393271106273,0.014682745933532715,1.0
2703,0.5623949160812629,25.77946276723572,26.266049270099945,0.014808213710784912,0.85
2704,0.4534427906002786,29.271214755663628,24.20287614545294,0.014754247665405274,0.8
2705,0.30854254209594456,40.2277968381458,33.984037505988596,0.014617371559143066,0.75
2706,0.6006437158583704,39.92983198309663,41.98222600288315,0.014526665210723877,0.9
2707,0.6246396268042081,31.034183624940162,22.09738228274854,0.014545094966888428,0.9
2708,0.22104012536953505,28.45642658236044,18.559479852050007,0.014983224868774413,0.65
2709,0.44524757208427496,29.47648959714661,19.985463441086672,0.014943361282348633,0.8
2710,0.5412097223678506,27.300697814543213,22.650869375704243,0.014816927909851074,0.85
2711,0.6167278717788383,34.608637742421955,36.035906788838346,0.015028023719787597,0.9
2712,0.633281207781087,36.003167479571445,32.6787536802636,0.014539730548858643,0.9
2713,0.43241948671986974,29.02146100716203,26.309993190164263,0.01499391794204712,0.8
2714,0.654384222269212,23.374271971618555,23.923927163306686,0.014456737041473388,0.9
2715,0.35825402037938564,32.15167494958926,24.18004162050312,0.014883995056152344,0.75
2716,0.7198960786880662,33.60750276310968,29.228173696050828,0.015565884113311768,0.95
2717,0.4791680918330511,34.67282224623559,20.61075902815832,0.01511150598526001,0.8
2718,0.7541206195029825,18.152468924019235,17.893484400999988,0.01454545259475708,0.95
2719,0.5965623248467098,35.416598341632316,31.60350843270933,0.014620840549468994,0.9
2720,0.42588774790000467,41.37972612494248,28.707017820750885,0.014942383766174317,0.8
2721,0.4250727906693871,24.4216464098552,26.158200201707363,0.015054380893707276,0.75
2722,0.5072507809143517,35.57629679573955,33.67575321224663,0.015556657314300537,0.85
2723,0.5067163970953465,38.49436462355464,37.166699450358216,0.015014398097991943,0.85
2724,0.617861403794754,28.085391048534433,28.36609180277656,0.01470273733139038,0.9
2725,0.5530061057539023,31.74234272182057,33.57806610571166,0.01507338285446167,0.85
2726,0.42989911144140436,42.95650060423385,36.93269402025194,0.014286458492279053,0.8
2727,0.46998889066321203,41.42935123329424,39.58064012332798,0.014640748500823975,0.85
2728,0.6605216282894623,35.868045617613085,36.638685105398146,0.014813637733459473,0.95
2729,0.5388754450351796,49.87065618374693,47.59090119925629,0.014017558097839356,0.9
2730,0.5731520975639915,16.780505046594218,17.35385428866903,0.014478564262390137,0.85
2731,0.6567317122476899,17.80491075397844,17.76625561846868,0.014181971549987793,0.9
2732,0.7469196242233833,19.234954690689896,19.438896030428104,0.015043926239013673,0.95
2733,0.6245319022366249,43.94127283399904,40.325071619019845,0.014423894882202148,0.95
2734,0.6955085218764657,25.01559384808541,20.07522332572133,0.014635896682739258,0.95
2735,0.4926384795244754,44.12349979116214,30.886559700614015,0.014670991897583007,0.85
2736,0.48998240365000534,37.60290904235294,29.511835264921107,0.0147125244140625,0.85
2737,0.2790877080590816,32.453839100142375,17.851451307765345,0.014549577236175537,0.7
2738,0.6708915962596574,22.36405005702339,17.75832751154077,0.014405775070190429,0.9
2739,0.3435551133976237,36.930950928091335,37.22934180442492,0.015050089359283448,0.75
2740,0.20442999133329395,26.86852216180032,20.180273814180914,0.014769721031188964,0.65
2741,0.476223312867218,28.2486127708349,16.51500576809324,0.014735257625579834,0.8
2742,0.5946346972647941,25.944265364784105,20.399791132932283,0.014014923572540283,0.85
2743,0.4253078297423297,32.09493300304078,23.168069884409707,0.014525151252746582,0.8
2744,0.37079068813565214,53.37445410051023,43.317396251144665,0.014745962619781495,0.8
2745,0.5461858275661919,43.98472915472641,36.12259119546309,0.014499664306640625,0.9
2746,0.3788621963551059,43.07687814431945,30.80118241009446,0.01469249725341797,0.8
2747,0.2155187527357317,30.688218553268676,14.200200803783616,0.01479710340499878,0.65
2748,0.5954098373814727,33.309889644578604,28.788030369676182,0.014944028854370118,0.9
2749,0.43918560215900815,39.18458282226699,32.727157404866034,0.014753282070159912,0.8
2750,0.46735542172431677,22.87620249987845,24.109216321684933,0.014488601684570312,0.8
2751,0.3706505058693192,32.574499963539665,24.492155738052748,0.014728271961212158,0.75
2752,0.47568786739154517,48.40832797153565,36.84729417869647,0.015107941627502442,0.85
2753,0.3891535128992499,48.31572219446305,44.10590179732749,0.015165019035339355,0.8
2754,0.5383890313713636,26.90498949802905,29.19157947032114,0.014600157737731934,0.85
2755,0.3032212504683708,32.889471694117,33.34773030812506,0.016319751739501953,0.7
2756,0.4090515954444731,48.482107378583144,37.02561867339156,0.014497005939483642,0.8
2757,0.5526490156860986,27.825822327809,30.11981311106994,0.014425420761108398,0.85
2758,0.23430859573350943,39.12083320461222,26.395687474509323,0.015183961391448975,0.7
2759,0.39708797365614873,45.01474035875637,40.22319111277786,0.015346002578735352,0.8
2760,0.24598752919625633,25.6799374723114,23.096835381135,0.014749705791473389,0.65
2761,0.2543860736715032,40.06163321836804,21.464310276867927,0.014746689796447754,0.7
2762,0.6663734884652671,21.524573940314614,22.7179834142556,0.015362536907196045,0.9
2763,0.7422681510698029,21.58926774810137,21.901729497454898,0.014655137062072754,0.95
2764,0.4285549802819418,36.97620769132784,29.75980414976148,0.014722394943237304,0.8
2765,0.6743087820135447,23.53204911804705,18.518055370850547,0.014834773540496827,0.9
2766,0.5681814942772998,19.259513397333016,18.07630701400826,0.014901208877563476,0.85
2767,0.6207758012234453,27.65126398552851,17.378334001491588,0.014362764358520509,0.9
2768,0.37818138565575815,36.036969139869875,15.773599203969004,0.014311611652374268,0.75
2769,0.4376317918467298,36.11838291888675,29.139350124201957,0.01455082893371582,0.8
2770,0.6467912462965708,21.155387250160892,16.056421763211162,0.014581477642059327,0.9
2771,0.6468298038738635,24.083220288547473,23.786572575519568,0.014738917350769043,0.9
2772,0.2450424052000674,42.991426125061146,33.3205450844369,0.014296984672546387,0.7
2773,0.2214683685206435,48.096780433432755,33.88461853787975,0.014663100242614746,0.7
2774,0.5188762159212852,19.705411683663506,19.95284339345715,0.0145660400390625,0.8
2775,0.49547596069655714,39.921496889931774,32.26195297937858,0.014255845546722412,0.85
2776,0.5450094910017833,28.84919653639871,30.391682027556513,0.014407849311828614,0.85
2777,0.5809978235206548,42.20451088405555,34.525890353666526,0.01466662883758545,0.9
2778,0.6357433385138507,27.091071754581982,22.782417529973884,0.014791333675384521,0.9
2779,0.32123259974243606,28.223589882957555,25.638293354738977,0.014536261558532715,0.7
2780,0.34706624918033036,41.29043162677427,36.28058463965866,0.014271855354309082,0.75
2781,0.5642922204057195,22.582134459528525,17.894978912628904,0.014953458309173584,0.85
2782,0.5955406728198918,36.15458229718824,31.678649688606967,0.014989221096038818,0.9
2783,0.7146665327377212,30.716662687661955,31.22945259288613,0.01481703519821167,0.95
2784,0.4925498985227847,27.611405855579687,22.845798583419324,0.014897561073303223,0.8
2785,0.5547394891665234,26.88169672447455,23.066864477090117,0.014973092079162597,0.85
2786,0.6777950181145229,20.117117971730842,20.708753804109588,0.014778578281402588,0.9
2787,0.6580424471362079,24.499343071735805,25.653090529638554,0.014934563636779785,0.9
2788,0.6309631797719524,27.63835675924462,18.46026618655459,0.015040194988250733,0.9
2789,0.6553632797506018,26.19042942276071,27.41231551100968,0.014454138278961182,0.9
2790,0.5508855069317542,35.08045694944171,26.953325856564472,0.015024173259735107,0.85
2791,0.5002823656177682,44.76208780980259,37.1547970933135,0.014822685718536377,0.85
2792,0.5547391732902988,48.44161985245593,40.14827556043413,0.01596388816833496,0.9
2793,0.4191533200162776,47.92322921389371,43.41429230040567,0.01474299430847168,0.8
2794,0.5655939438558923,21.762177931573873,17.28173188423466,0.014833974838256835,0.85
2795,0.5929605904690821,37.29882760164915,29.093971926070385,0.014796710014343262,0.9
2796,0.27874200334191446,32.13914258377548,24.792548887776892,0.014731109142303467,0.7
2797,0.6199872959436836,31.09305950357169,21.586145666207933,0.014779150485992432,0.9
2798,0.5376165905810576,32.70928702198787,24.13230762281049,0.014719724655151367,0.85
2799,0.6178088964547419,27.971361823957658,23.573386129001168,0.014552724361419678,0.9
2800,0.4999898978222174,41.26270769122258,28.322380675780817,0.01495739221572876,0.85
2801,0.3770474608074713,39.4365326982428,47.90465107221727,0.014924192428588867,0.75
2802,0.4919388368664211,33.81452759007182,24.99950829176486,0.014968585968017579,0.85
2803,0.3949464446344116,25.740978315499984,22.74545899724431,0.01471712589263916,0.75
2804,0.5738481342922149,24.082376139658948,25.45477564511421,0.01443309783935547,0.85
2805,0.6178625680972277,28.26344219853565,24.109183507140777,0.01443885564804077,0.9
2806,0.669445634082834,31.708999764720783,32.54168787963021,0.014731574058532714,0.95
2807,0.47665978218605554,38.05901103677036,30.417198072616067,0.014271092414855958,0.85
2808,0.29336090875205334,39.00166983380209,35.22539094943748,0.014360439777374268,0.7
2809,0.5433924015690629,38.00680916269969,36.18930079440748,0.014830696582794189,0.85
2810,0.40012317297676103,29.88434091452878,19.73320291163353,0.014929437637329101,0.75
2811,0.7215523426310718,28.809104352851932,24.38831661239431,0.014761090278625488,0.95
2812,0.3389278341837785,43.15616790874254,39.41134853016502,0.014414966106414795,0.75
2813,0.41937635152080566,35.04666176913888,21.124570551127576,0.014690756797790527,0.8
2814,0.6324732765545441,21.35232493450503,21.76333481494262,0.014415109157562256,0.9
2815,0.595340178796617,38.24824909236631,29.563268064443662,0.014653408527374267,0.9
2816,0.48533898697661176,41.89507009525463,40.324533668202434,0.015029513835906982,0.85
2817,0.4011939692207913,39.08375185151514,44.26466536463351,0.014381134510040283,0.8
2818,0.5073473032585003,19.942921203799607,19.483514141664884,0.014599084854125977,0.8
2819,0.44643135059952943,38.36794975931445,30.111934696973535,0.01441812515258789,0.8
2820,0.5331081413646013,32.52557267739191,29.666721046604764,0.01456298828125,0.85
2821,0.37875587313121806,32.87047250284843,25.781635317315118,0.014571094512939453,0.75
2822,0.5122544019047673,42.784069714026614,30.229515903614463,0.014637243747711182,0.85
2823,0.6546587284596764,21.05188614431405,16.12026286267663,0.014912652969360351,0.9
2824,0.6291412569869157,31.234488644342747,22.029100969195202,0.014462566375732422,0.9
2825,0.7478611587808544,18.97354439832293,19.213940604215328,0.013985002040863037,0.95
2826,0.45232591626807894,31.972336605378068,16.046862362898942,0.01440502405166626,0.8
2827,0.4550238283224314,38.57879173601857,32.00718797012113,0.01448373794555664,0.8
2828,0.5329792548595533,33.38218605617373,25.767214057588053,0.014653670787811279,0.85
2829,0.40015531466171084,48.85769794740854,38.576666533479674,0.014448297023773194,0.8
2830,0.5420744995472694,31.76247726112003,28.720615070535217,0.014530014991760255,0.85
2831,0.4556155871866152,38.488970318872234,31.706505475295586,0.014258790016174316,0.8
2832,0.31587065552866117,50.76743965682489,34.71137614411959,0.01438899040222168,0.75
2833,0.5224326319707466,39.51457693834519,32.33270146649779,0.014556396007537841,0.85
2834,0.3608101166613145,29.147944883676598,26.96347368122303,0.014342331886291504,0.75
2835,0.28904218830186157,33.45687229950683,23.928986201452823,0.014761579036712647,0.7
2836,0.46878296453533014,27.79616693647197,24.48291101760876,0.014676868915557861,0.8
2837,0.3246728879188171,27.46489018248902,24.260217886837,0.014576637744903564,0.7
2838,0.4383279132183796,40.97492053085655,25.86124522405701,0.014417648315429688,0.8
2839,0.2789171380263879,32.362411325825335,21.826055571482236,0.014476752281188965,0.7
2840,0.5102396598809733,40.07206543532744,25.498008717138195,0.014602088928222656,0.85
2841,0.670362240870198,24.91419442491053,19.02577488641127,0.014420914649963378,0.9
2842,0.26716735759700116,29.34084034289209,27.809044476521873,0.014744174480438233,0.7
2843,0.3271047733572572,34.63612410212679,32.44912652287226,0.014300072193145752,0.75
2844,0.675011808392034,18.288072415123914,18.481382979427845,0.014624691009521485,0.9
2845,0.6655836965130077,31.999713503829394,32.892532476198824,0.014718258380889892,0.95
2846,0.7151436583938242,27.929658058678985,23.438705581076317,0.01469825506210327,0.95
2847,0.5993621620795073,28.976206947594413,25.175586135486732,0.014181458950042724,0.9
2848,0.3950713754242669,38.078352608638724,36.757634841264675,0.01516718864440918,0.8
2849,0.5029269067080184,23.39303323676632,18.301309154254174,0.014825785160064697,0.8
2850,0.5484659369974446,29.989409444341657,26.046679335139316,0.014269208908081055,0.85
2851,0.6664830300399871,33.5835626994738,33.71757725926407,0.01439681053161621,0.95
2852,0.48751408293058096,23.178835475915136,25.401758803004068,0.014710843563079834,0.8
2853,0.4119810978481625,26.636371829143208,24.260532498978513,0.014446258544921875,0.75
2854,0.5900395252819711,26.92401627852332,27.71268464815394,0.01463472843170166,0.85
2855,0.5426241621654273,31.4564372143448,20.826125086080886,0.014698338508605958,0.85
2856,0.6287026598578083,34.97184079149344,25.45421930344849,0.014894330501556396,0.9
2857,0.7352838292338884,20.781847380720357,15.643177753281638,0.014617860317230225,0.95
2858,0.37542976514755305,33.389629836524186,25.579768017854693,0.014393043518066407,0.75
2859,0.5211220517116002,37.72370026788272,30.069452379357703,0.014862561225891113,0.85
2860,0.5522070751675939,29.115601880617483,20.017264362586182,0.015478575229644775,0.85
2861,0.4996900687977221,36.50973422905367,40.47567229054522,0.015094900131225586,0.85
2862,0.6277302533325692,29.705335041224792,26.00205422540867,0.014991974830627442,0.9
2863,0.539442650895211,38.41101300555299,30.234131925775834,0.014779448509216309,0.85
2864,0.4450397164264606,34.43234777905756,25.63980887021799,0.014801251888275146,0.8
2865,0.40174399785469994,44.076252518771355,31.779925140778236,0.014619684219360352,0.8
2866,0.6075604182233155,26.43365477757343,27.460427476673278,0.01509401798248291,0.9
2867,0.381270763687312,37.94369042544271,32.452070336497194,0.014768505096435547,0.75
2868,0.7107272030649959,28.045323897039317,23.401576038551198,0.015236139297485352,0.95
2869,0.5273387726634443,37.36137461596799,29.7692367861043,0.01487659215927124,0.85
2870,0.6236666350472323,33.030496185527646,28.06057914726137,0.014780914783477784,0.9
2871,0.5764852792843314,27.225265887498146,17.078407736337304,0.015129637718200684,0.85
2872,0.2876017734909727,35.23851877360497,22.897408387270797,0.015005433559417724,0.7
2873,0.4278893290146911,33.39244323152082,18.186435792815082,0.014334547519683837,0.8
2874,0.7284473708427109,22.83264842876404,17.81508408313416,0.015090382099151612,0.95
2875,0.46295687780577327,33.614794487746124,31.767028548892252,0.015015220642089844,0.8
2876,0.22082491919541614,28.315983400248985,19.297380063011637,0.015208160877227784,0.65
2877,0.43345768893835057,29.20851228833543,23.229544987876054,0.01528841257095337,0.8
2878,0.515029443465376,36.870409849968425,29.230711396510966,0.01508193016052246,0.85
2879,0.2887751993174442,51.879686901369894,44.701234280214244,0.017474567890167235,0.75
2880,0.6007980401637342,38.275957529800245,30.124965249126337,0.015443861484527588,0.9
2881,0.5748620419774472,40.40018071844101,32.26503259955044,0.01474015712738037,0.9
2882,0.3958614084755151,25.69563933266037,22.479373746227143,0.015124213695526124,0.75
2883,0.25483820307629373,38.7761737951196,19.753312324958518,0.01471306085586548,0.7
2884,0.47297718417323403,44.12430888189252,32.34695588881513,0.015324997901916503,0.85
2885,0.2972911864558711,50.761610754589974,36.02010147828972,0.015519583225250244,0.75
2886,0.1979463710238981,30.93831875544771,22.87092577685631,0.014566576480865479,0.65
2887,0.5476286870240563,30.033536111949537,26.32560460077535,0.015297031402587891,0.85
2888,0.4794850328066822,22.225937107261174,17.905738257573702,0.014579761028289794,0.8
2889,0.511125253766744,37.30108861174095,28.65776381817757,0.01503661870956421,0.85
2890,0.32970940703339907,44.464526546066665,25.50329136990891,0.015013372898101807,0.75
2891,0.3083513470411502,52.140816503291504,43.46453479172278,0.01492217779159546,0.75
2892,0.345809727978237,39.86915002138123,32.534780826375446,0.015276038646697998,0.75
2893,0.6933667599358715,28.705036142908575,29.21287035424921,0.014462268352508545,0.95
2894,0.44055762786555375,32.873615928829444,24.458174654129536,0.015451610088348389,0.8
2895,0.412649286916383,18.004496429373503,18.568528566055715,0.01557145118713379,0.75
2896,0.4128416462866132,40.82977896964228,27.555780904767044,0.014692842960357666,0.8
2897,0.7276793827592323,23.434139830935198,23.663408840595874,0.014983844757080079,0.95
2898,0.2947528579911423,32.44505145026062,16.64773553995796,0.015093934535980225,0.7
2899,0.5610352806525138,42.373631210022765,33.93597055718839,0.015146255493164062,0.9
2900,0.31932160844737323,31.69643885627365,24.64382233953533,0.01460573673248291,0.7
2901,0.6364524284249721,29.929386745225298,26.05108358965596,0.015227901935577392,0.9
2902,0.45789039260564257,29.503762279826283,26.743654557109807,0.014314389228820801,0.8
2903,0.4739872093177371,29.305812477906407,25.439275662634522,0.01490873098373413,0.8
2904,0.5399177942218775,35.53533609713512,26.72080467936077,0.014884865283966065,0.85
2905,0.6669543678251529,20.4656704667123,15.337921143800562,0.01444706916809082,0.9
2906,0.4557866885352448,16.520220797734517,13.757531471560204,0.014045202732086181,0.75
2907,0.436440209350596,40.65919510178177,25.973862654836054,0.015295827388763427,0.8
2908,0.722260110541653,30.773679174569708,31.670337172760565,0.01585155725479126,0.95
2909,0.39944315680362735,27.710566495030683,18.487067087778744,0.014901018142700196,0.75
2910,0.3731239645770496,36.94879519708874,29.997624798839944,0.014926254749298096,0.75
2911,0.5381043835698589,28.78199394659176,20.16603268086425,0.014216101169586182,0.85
2912,0.4871632367223476,38.7474961010666,36.766235257281,0.014767849445343017,0.85
2913,0.5451319511382333,33.848171095979225,30.879417743300603,0.01439356803894043,0.85
2914,0.39406747380965146,39.46564126400621,45.10637713573269,0.01449199914932251,0.8
2915,0.5684625527994654,23.222234415980957,25.050363036436075,0.014928102493286133,0.85
2916,0.4428753315713023,35.6779470815177,28.442067322312344,0.014570057392120361,0.8
2917,0.20041598614872239,33.26446381823906,26.18742862994173,0.014686036109924316,0.65
2918,0.5544438461319448,24.37094101279873,24.286874048415836,0.014630913734436035,0.85
2919,0.46466590198064406,34.47928716749121,26.71725022075097,0.014627134799957276,0.8
2920,0.5356913707365231,26.34476760395241,16.578580002821553,0.014972281455993653,0.85
2921,0.5211491492808755,37.10238207153111,35.39864130080538,0.014416825771331788,0.85
2922,0.6619792977263109,33.311519265629414,29.702328436766898,0.014797306060791016,0.9
2923,0.33735944152317265,39.356721184192736,32.335254695307974,0.01522902250289917,0.75
2924,0.538394285306494,32.12214583488671,23.49090922974719,0.014256644248962402,0.85
2925,0.2854031850796814,26.836586413886288,24.40301335412289,0.014388799667358398,0.7
2926,0.6405104500602036,25.867628689798785,26.899775142942666,0.014637768268585205,0.9
2927,0.24370474580574522,37.96329667930679,31.895711091783287,0.014507365226745606,0.7
2928,0.8263528789380071,28.162358619286557,28.162358619286557,0.014985251426696777,1.0
2929,0.37745707301206843,28.221858014070524,18.114347336384537,0.014103353023529053,0.75
2930,0.7747719306999648,25.79656445557684,25.79656445557684,0.014526116847991943,1.0
2931,0.5435182475813152,31.99321787801598,17.076623344838413,0.014715266227722169,0.85
2932,0.5156515356006118,30.759615254448438,27.136407528983433,0.014799141883850097,0.85
2933,0.5314256691681295,31.891441991461257,28.983033409294567,0.014635312557220458,0.85
2934,0.7180894319851114,25.08847654017954,25.198516565469212,0.014403140544891358,0.95
2935,0.5209874289612948,33.85597420716149,24.737646282024674,0.015217018127441407,0.85
2936,0.6821718571332624,31.133595002497465,26.426719484035768,0.014606654644012451,0.95
2937,0.5135630554527583,38.57426212952031,34.43170889627452,0.014873635768890382,0.85
2938,0.37982375109276373,35.18966306390735,29.535063069056623,0.014503192901611329,0.75
2939,0.599878038991742,18.81215442734638,19.113866850549115,0.014326059818267822,0.85
2940,0.5100757520140056,36.877480829330906,32.71322590550411,0.014484238624572755,0.85
2941,0.5645939032696272,27.917833978976297,16.725548359176887,0.014521348476409911,0.85
2942,0.705349752095124,29.220255175017815,29.639849974967582,0.014449751377105713,0.95
2943,0.38574026485899543,28.1541635194586,19.599655659610804,0.014059853553771973,0.75
2944,0.5435709731626618,29.267068839633644,25.864002535522037,0.014927899837493897,0.85
2945,0.7608327828681614,18.45841912386243,18.50291950917116,0.014494633674621582,0.95
2946,0.27382257866470283,43.31062996450927,29.710431621326997,0.0150199294090271,0.7
2947,0.4288094753976358,43.609874229334764,25.76623015648145,0.01439732313156128,0.8
2948,0.5398819354055366,31.63072797108763,27.75228919136986,0.015273511409759521,0.85
2949,0.5094687917920857,39.29729952746654,31.716372604224073,0.014497745037078857,0.85
2950,0.12273090417990826,58.64761670563486,35.0063130019873,0.014559292793273925,0.65
2951,0.7409754341957672,30.664267776755946,26.139798023599695,0.014499235153198241,0.95
2952,0.3687080387007807,35.86294370367665,24.39178261388133,0.01520148515701294,0.75
2953,0.42358631074270453,29.498249289255256,25.0440162121737,0.01474454402923584,0.8
2954,0.5652017193290263,33.2706276989082,24.225459359263255,0.014610850811004638,0.85
2955,0.5741767905146524,37.32508963062797,28.27685989127187,0.015103065967559814,0.9
2956,0.29243698737014395,27.75859199014267,17.61146936745289,0.014837634563446046,0.7
2957,0.2740037890277516,29.5978751827464,26.21603291612876,0.01499413251876831,0.7
2958,0.5036330100640225,37.986956014662596,35.05092758456593,0.014670479297637939,0.85
2959,0.6195230611305913,37.77232881405962,29.61768363796331,0.015060865879058838,0.9
2960,0.4120561551517201,21.724111899322537,17.18501430108102,0.014780354499816895,0.75
2961,0.420949839185324,33.562398528262634,31.518321236595913,0.0144203782081604,0.8
2962,-0.02541311790191996,27.416151076149514,18.89514961033607,0.014482665061950683,0.5
2963,0.563500473078373,28.889114059133384,19.940781655132806,0.014567553997039795,0.85
2964,0.5412104688337758,33.92342244460211,25.69996007221133,0.014508688449859619,0.85
2965,0.7981191146604664,29.765125997065535,29.765125997065535,0.014755582809448243,1.0
2966,0.4224996152704981,39.45098289027804,38.556361196661555,0.01405794620513916,0.8
2967,0.585349474679018,23.798593818645152,18.654286105457878,0.015402936935424804,0.85
2968,0.6114943801744673,24.485874062495913,25.21045450271606,0.01475914716720581,0.9
2969,0.38280139842261335,27.540471027678187,16.616762056470506,0.014710557460784913,0.75
2970,0.5618880756911773,24.888068150954457,25.2406526474728,0.014518380165100098,0.85
2971,0.4195358186666212,43.09544193832232,30.010709696091567,0.0147957444190979,0.8
2972,0.34079530845108874,39.48794110594983,31.35302584197957,0.01441817283630371,0.75
2973,0.5213692678715187,35.23844662132005,25.219257320153343,0.014657771587371827,0.85
2974,0.30879321862571685,29.343021003533767,21.0279239927685,0.014645683765411376,0.7
2975,0.16863855812806056,44.6981243840594,28.331505853581195,0.014366459846496583,0.65
2976,0.5415835634286987,29.074581445384137,25.988280031637544,0.01429593563079834,0.85
2977,0.34928858557054304,32.300772099750965,25.656837975725082,0.014403593540191651,0.75
2978,0.5253334922621608,41.836649027062364,29.08230615789053,0.014471435546875,0.85
2979,0.46017310881034224,37.9279682963707,25.233435008105907,0.0151253342628479,0.8
2980,0.3651886218227126,23.855991055952934,20.826857694751137,0.014666807651519776,0.7
2981,0.45981814528566706,28.231450812494295,31.31723655983007,0.014917552471160889,0.8
2982,0.4593088264073213,30.071371172399996,19.869891220914376,0.014222633838653565,0.8
2983,0.6106137462564523,28.029250246947846,23.807873607680804,0.014157748222351075,0.9
2984,0.49708104486403587,34.312749690321006,30.066750081664615,0.014709162712097167,0.85
2985,0.5529343313090778,26.563617187101933,22.45340612132236,0.014442682266235352,0.85
2986,0.7899357934241223,26.41399706562496,26.41399706562496,0.014397335052490235,1.0
2987,0.6215049443934486,28.7997817787156,24.60506730876234,0.01405254602432251,0.9
2988,0.524320796906094,22.74211536733602,18.878721066047515,0.014441490173339844,0.8
2989,0.2856872203555951,32.84041721303816,18.294954569884645,0.014322924613952636,0.7
2990,0.5537670759793285,26.905044806737113,16.696227837421365,0.014440476894378662,0.85
2991,0.4508715073477382,34.68047527778595,25.197178817208865,0.014991962909698486,0.8
2992,0.38580113911296454,27.894443241744323,25.72919695608581,0.015313482284545899,0.75
2993,0.6076620058410296,30.054995001137776,31.674020789081087,0.016564595699310302,0.9
2994,0.36040568453895233,29.242281305088248,19.00457811608469,0.01456453800201416,0.75
2995,0.642358172920424,36.48497604752103,33.16742736024188,0.014493453502655029,0.9
2996,0.451266870804136,29.13651427210663,24.661553903126958,0.014665865898132324,0.8
2997,0.639463963936144,21.279953160739762,21.78895112387549,0.014341115951538086,0.9
2998,0.4682964643386981,34.013438317186896,23.99612741116461,0.015006887912750243,0.8
2999,0.5379185635722741,28.719274567200802,18.170912867312833,0.014377856254577636,0.85
3000,0.6824825619849643,25.968853340625735,26.1581129369111,0.014539217948913575,0.95
3001,0.37089569568454805,29.391890959844403,20.315836579153068,0.014907932281494141,0.75
3002,0.6260552681104251,30.77740284410258,32.620416176342644,0.014758610725402832,0.9
3003,0.6450390479610145,26.81129731062079,22.354314160312928,0.015178072452545165,0.9
3004,0.3490694391370516,32.38579992044768,36.997103131266734,0.015619206428527831,0.75
3005,0.6155609204476751,31.833708146171052,34.208787328200344,0.015572750568389892,0.9
3006,0.518051316625061,39.77513996816823,32.45301707883329,0.014661097526550293,0.85
3007,0.4045520170358837,37.380479973227445,24.361791366164727,0.015071225166320801,0.8
3008,0.7303499496324621,29.17982297792624,30.175158880301115,0.014329338073730468,0.95
3009,0.5438074249295803,32.88569760725253,24.45865930565473,0.014721930027008057,0.85
3010,0.5875591230335944,24.681000015695318,20.445362662931306,0.014671123027801514,0.85
3011,0.4903594924814296,35.22173567263099,31.315730026448,0.014883148670196533,0.85
3012,0.7089105732218204,23.754716241194018,18.677007494101222,0.014906215667724609,0.95
3013,0.6277705038134578,29.670967955915465,19.928144887093794,0.01416323184967041,0.9
3014,0.5284446265387535,36.875551241547974,28.517042872093505,0.014613115787506103,0.85
3015,0.671401508402202,29.200859859085607,25.736147552137002,0.014840245246887207,0.9
3016,0.3369048139166824,41.2579482967176,22.87519849870427,0.015054869651794433,0.75
3017,0.5471707648976004,28.201949552721818,22.977021259990277,0.01466367244720459,0.85
3018,0.653158420143157,17.598988246112818,17.988672664776473,0.014445805549621582,0.9
3019,0.5335364562608214,25.23941022413756,20.939236723126502,0.014277410507202149,0.85
3020,0.5813233829377673,27.976920120403975,18.46976371578413,0.014759445190429687,0.85
3021,0.3754511685918177,29.13268192963384,13.905762373215834,0.014753830432891846,0.75
3022,0.757647006739352,23.129674304363448,23.74520709223831,0.014673399925231933,0.95
3023,0.26165316137145117,42.917241883427195,27.18591751833804,0.014706313610076904,0.7
3024,0.42644322657936157,40.17574992011522,26.563815684409132,0.014821338653564452,0.8
3025,0.6463049829219036,19.45711182733536,19.46213351216086,0.014726269245147704,0.9
3026,0.7312327323075777,23.379930935903797,23.74356264756389,0.01483670473098755,0.95
3027,0.538100480921633,38.68237126432854,30.848466263356848,0.014811420440673828,0.85
3028,0.45671351793139114,27.64308283835104,17.425864966710648,0.01452575922012329,0.8
3029,0.5287527353919581,34.93218133992794,31.750556057036412,0.014453637599945068,0.85
3030,0.4499457800864362,34.19168733977288,19.516749612017612,0.0148140549659729,0.8
3031,0.32674480799981037,33.111180309603036,31.521671579546975,0.014430642127990723,0.75
3032,0.5478423558664101,33.80717988164865,29.630360433434014,0.014780545234680175,0.85
3033,0.41936658854608755,39.218311026449,30.643054809635505,0.014809000492095947,0.8
3034,0.5299564608960079,38.23910511288024,41.34094450989868,0.014953696727752685,0.85
3035,0.6319345475422328,22.13867548359599,22.364849702986984,0.01478670835494995,0.9
3036,0.5284257265965328,15.641848148104234,15.887564378980574,0.014635372161865234,0.8
3037,0.7079938460401473,28.6251256419476,24.33859833053596,0.014770579338073731,0.95
3038,0.6509988680406115,32.478726448937756,28.915803112335222,0.015451645851135254,0.9
3039,0.37364435877840907,33.415811857652116,24.04799343794794,0.014673161506652831,0.75
3040,0.5312687938393627,30.419860607031733,29.104299599102678,0.015056777000427245,0.85
3041,0.29940318676613165,27.390416623869108,25.93260257257015,0.014828693866729737,0.7
3042,0.49689394004547704,25.329624153872146,20.663923776606822,0.015109527111053466,0.8
3043,0.7287663558913156,25.850142430042887,26.504325377322413,0.014561355113983154,0.95
3044,0.6113418280970221,30.6717548663014,32.799244188771,0.014827466011047364,0.9
3045,0.6157656731251961,38.80649948242329,36.1943766869193,0.014840507507324218,0.9
3046,0.7301659584039001,35.38972314681655,31.393372749724136,0.015579438209533692,0.95
3047,0.42959601964091887,37.70078814225531,35.05118000396766,0.014734947681427002,0.8
3048,0.574319463256351,23.85083143312134,24.314601925069603,0.014809727668762207,0.85
3049,0.622226261505092,28.890677528747112,24.157521100798608,0.014307177066802979,0.9
3050,0.5003807623751315,39.4437253451204,43.56339515178913,0.014621341228485107,0.85
3051,0.5383523004535338,33.90910643968157,30.454061914949346,0.01469566822052002,0.85
3052,0.6052078664251647,39.703697412028305,41.58588906338784,0.01492447853088379,0.9
3053,0.45034729154373093,56.64119310253865,46.55512946826137,0.01473764181137085,0.85
3054,0.5136078182387485,32.99088073237174,30.536039529341824,0.014511990547180175,0.85
3055,0.2775594318785483,45.42878827810391,30.28370673300113,0.014696502685546875,0.7
3056,0.6141323334879633,35.306766158533755,31.90289815293046,0.014751434326171875,0.9
3057,0.3774019942921601,21.90233794230981,17.625996057183276,0.014950180053710937,0.75
3058,0.31581267164438775,46.083476171671066,27.935243610955162,0.015021562576293945,0.75
3059,0.4590072609513693,26.52286703729498,23.82798799801286,0.01496342420578003,0.8
3060,0.5711293868533254,25.206613221213047,19.838735558966352,0.014481604099273682,0.85
3061,0.5800964106223685,21.057920778559037,19.666128675545224,0.014602887630462646,0.85
3062,0.5266862154676502,33.52110479563403,30.849281257260866,0.014850270748138428,0.85
3063,0.5510448285282382,24.63781539772514,25.06364609622429,0.015080058574676513,0.85
3064,0.4344643255089782,42.420885343968074,35.24569217045186,0.01455385684967041,0.8
3065,0.6447424201943929,26.526898712514416,22.71278660247416,0.014932548999786377,0.9
3066,0.38525744748080526,46.04580792174557,41.84361084764841,0.014521992206573487,0.8
3067,0.4454827666753182,38.27003561828541,25.04855440590061,0.015182411670684815,0.8
3068,0.3050349586411526,39.1907436413392,20.787797033581036,0.014452791213989258,0.7
3069,0.17780125443856745,39.3373718036123,27.499532994825156,0.014546263217926025,0.65
3070,-0.07715220855062781,55.69402963339468,32.26630105470479,0.014861226081848145,0.55
3071,0.22433721042147886,45.505705284164264,23.754983985066637,0.01446760892868042,0.7
3072,0.4175156963349715,46.096191189308755,41.41493898034147,0.014755046367645264,0.8
3073,0.48452534636578515,43.14371995496519,30.799753787338886,0.015137529373168946,0.85
3074,0.6247529226737705,33.48784829580549,30.300540525216913,0.015079379081726074,0.9
3075,0.4091191335864638,45.48256998329326,34.1423775872438,0.01469804048538208,0.8
3076,0.35525226188750014,37.7785322827695,31.902815072984698,0.014580225944519043,0.75
3077,0.5418293194528228,26.567967402902706,22.85986196480277,0.015191686153411866,0.85
3078,0.5203510955236952,33.693956514302606,31.16336409991584,0.014046645164489746,0.85
3079,0.436282455697883,34.53700041763975,26.845522744193165,0.01474170684814453,0.8
3080,0.532042227981806,34.41469800172632,26.167410557329337,0.014497780799865722,0.85
3081,0.5839888431438637,21.388426126382278,17.069679835438563,0.014671027660369873,0.85
3082,0.2469728757789346,33.36348281222699,25.966152904556733,0.014758312702178955,0.7
3083,0.5452792270915154,34.08745341099189,35.1182457885029,0.014775609970092774,0.85
3084,0.6042832357884536,38.01365823239309,29.174318381904918,0.015266048908233642,0.9
3085,0.4726258126342075,31.07315399173558,22.006833134700386,0.014594495296478271,0.8
3086,0.6441916149103467,44.53298937228257,45.965078068046395,0.01522449254989624,0.95
3087,0.555805307794192,25.71513278213488,22.041304617685626,0.014738881587982177,0.85
3088,0.2797184558275275,59.6018642510021,42.211664478432475,0.015919768810272218,0.75
3089,0.48814045243409476,45.788303402058695,33.726956874002774,0.014543747901916504,0.85
3090,0.14782464564120162,44.0953132007128,27.926873252251383,0.014870035648345947,0.65
3091,0.15992479392982079,43.780897445938585,28.765714669827698,0.014748644828796387,0.65
3092,0.3442841552739875,43.511199785844894,25.92084641684152,0.015229463577270508,0.75
3093,0.0014114647544804404,38.26566179774451,18.788998614307424,0.014433026313781738,0.55
3094,0.4553254119517981,37.44663557766906,29.449738811669825,0.014617919921875,0.8
3095,0.2828678564987678,36.266214814346974,16.914498463555677,0.014585959911346435,0.7
3096,0.2814035747486757,34.01771711308592,20.884781877636787,0.015014469623565674,0.7
3097,0.5304604231585697,38.18951445220257,36.13078819644181,0.014709925651550293,0.85
3098,0.5220191598198731,40.26265418664937,32.30625071775414,0.016482889652252197,0.85
3099,0.5939432563356204,31.691465539058253,22.92114193448326,0.01563291549682617,0.9
3100,0.22729807561536314,31.364477204469033,16.707423931140212,0.014657807350158692,0.65
3101,0.38353619547340767,31.92625544318789,23.20246364879213,0.015071117877960205,0.75
3102,0.46361896307625744,42.03831048539226,33.567264870098924,0.014563953876495362,0.85
3103,0.5568036646476389,30.669274613700555,31.471305826888177,0.01483170986175537,0.85
3104,0.7153895971426854,33.63207127924124,29.71310553628787,0.016127097606658935,0.95
3105,0.5142656461599688,22.629051176311464,16.98568643349384,0.015342271327972412,0.8
3106,0.37928066870071475,27.539966939185575,16.497636470433076,0.01467989683151245,0.75
3107,0.42906817709776723,32.54645019344936,30.08321940423397,0.015079951286315918,0.8
3108,0.5251451566449374,31.22162233218417,21.68294905978527,0.014196479320526123,0.85
3109,0.5055712695703256,33.99335246422154,24.932728231800063,0.015088832378387452,0.85
3110,0.4196271284025602,24.718427787601136,19.922095028128886,0.015031492710113526,0.75
3111,0.5554237234136995,28.59941701415479,24.15235282933569,0.015099835395812989,0.85
3112,0.03619395291810965,39.7737891817836,37.01611585193536,0.020142221450805665,0.6
3113,0.45916472809484177,29.7444408879097,25.344191888423758,0.017239904403686522,0.8
3114,0.73960572602409,25.28492053967542,25.736835075823983,0.014885950088500976,0.95
3115,0.5220677282044653,32.843425242904445,30.080374601103333,0.01579545736312866,0.85
3116,0.5218836839880223,37.056416736564394,35.42293685288298,0.015371096134185792,0.85
3117,0.4355590857593533,38.20673790111665,31.504771398926437,0.014540612697601318,0.8
3118,0.5452498535579801,26.882702528403673,16.874781366194,0.015176475048065186,0.85
3119,0.438913778524814,32.11530991314296,23.393317134296193,0.014271259307861328,0.8
3120,0.5091041544723129,40.69956810323903,33.1176366763948,0.01641261577606201,0.85
3121,0.4544688100219636,32.42261083233846,23.26656116420515,0.014649486541748047,0.8
3122,0.6024831109289994,39.490508955594144,36.35445200854693,0.01428835391998291,0.9
3123,0.3376195036757227,42.1363625135763,31.179155006873966,0.01438596248626709,0.75
3124,0.4623932813752297,27.013089967708673,23.25237504439496,0.01455838680267334,0.8
3125,0.8190401326443059,20.674679660049215,20.674679660049215,0.014606571197509766,1.0
3126,0.681771319846692,14.805861040990653,13.731057793706745,0.01410515308380127,0.9
3127,0.43368842577999,42.785483859218786,35.59966263566499,0.014791691303253173,0.8
3128,0.4181534278927768,16.68314111136555,16.42763923463432,0.014338219165802002,0.75
3129,0.400906855848519,23.99459644617003,18.561811057758288,0.014750301837921143,0.75
3130,0.591539453914097,20.88057052165189,22.199328016696267,0.014564085006713866,0.85
3131,0.6394190996854918,23.381470076051155,18.091472816022296,0.01452178955078125,0.9
3132,0.5033920899276284,34.29842736147283,26.260447100061434,0.015527725219726562,0.85
3133,0.460888080522575,34.7302117098762,27.107317643783578,0.015103471279144288,0.8
3134,0.2972357324034748,28.729381526703662,19.227939051602014,0.014471006393432618,0.7
3135,0.4812431742841235,34.66221265707312,26.060152062464123,0.014714229106903075,0.8
3136,0.7657845000947161,15.09841998569542,14.895981293138068,0.014960110187530518,0.95
3137,0.5431048627542185,36.79077609985044,28.05721294471549,0.015284097194671631,0.85
3138,0.5423119232833441,28.09715723469152,18.15071700749656,0.01439993381500244,0.85
3139,0.5331391913347857,32.96028073939148,35.91739127298308,0.014627671241760254,0.85
3140,0.5878784657006493,37.15597641704582,28.559576873065183,0.014804673194885255,0.9
3141,0.3025832285687434,29.309222392257595,19.84146747274919,0.01410149335861206,0.7
3142,0.47761703106304587,25.890953208508318,21.209848883438745,0.014671063423156739,0.8
3143,0.5413891224724472,34.41730522957218,31.317567726793072,0.014767289161682129,0.85
3144,0.5566918258364678,26.84696655899227,28.950545855871237,0.014861762523651123,0.85
3145,0.2712522920272537,27.882225772800798,25.67859934472286,0.014945900440216065,0.7
3146,0.7260346749390998,24.459773631314924,19.321509642724273,0.014838624000549316,0.95
3147,0.6131605485528695,18.54563048264207,17.198365548100945,0.014657104015350341,0.85
3148,0.49679667169852826,20.94535353643429,16.23663301298828,0.015381264686584472,0.8
3149,0.5811492506117881,27.06070967192583,28.45086778743658,0.014495861530303956,0.85
3150,0.5497971468093109,28.750031476116902,22.50366904692787,0.01478884220123291,0.85
3151,0.5044859490932155,38.62384446740128,29.941005947332172,0.014824426174163819,0.85
3152,0.35088370274032143,33.05738938983559,16.75806197624032,0.015037941932678222,0.75
3153,0.5506697198475632,26.50207043876055,27.389271132104806,0.014948010444641113,0.85
3154,0.629490311870017,30.67030051997068,31.01304055105462,0.01462552547454834,0.9
3155,0.5586659224538858,27.05361237211046,21.850590223826224,0.014736688137054444,0.85
3156,0.7307375179158366,27.533676342556628,26.84685807654545,0.014853382110595703,0.95
3157,0.52950327266407,40.582873685871704,45.03736122941409,0.01467599868774414,0.85
3158,0.4823923848763883,16.26132457002233,15.687116045568711,0.014657735824584961,0.8
3159,0.36706840394862805,27.965700634761482,31.01769710540003,0.014641821384429932,0.75
3160,0.6225380246994605,21.458036868771366,22.04707533302799,0.014528262615203857,0.9
3161,0.6258882301574373,21.226727262204697,21.53264712073253,0.014651739597320556,0.9
3162,0.6135225888758186,31.288203653382084,27.73263476989158,0.014190292358398438,0.9
3163,0.638894513268893,24.77671860968343,20.19453869828166,0.014781665802001954,0.9
3164,0.6916892030605835,18.165359828217856,17.45202980814394,0.014884042739868163,0.9
3165,0.5022704489648078,26.36537670277651,29.181339971823313,0.014793026447296142,0.8
3166,0.6179480899092755,31.275382157128377,25.99141281616248,0.015064632892608643,0.9
3167,0.5775828895285958,35.69528564684669,36.75039259513755,0.015345144271850585,0.9
3168,0.5820414466525359,24.212933943673068,20.05133561774431,0.01453559398651123,0.85
3169,0.4198123998919021,23.176748659964534,16.85243401441631,0.014691627025604248,0.75
3170,0.6193057696272869,25.114698689482733,20.044151719999252,0.014836537837982177,0.9
3171,0.5906010766668429,33.173758480778474,28.601549541009987,0.01490403413772583,0.9
3172,0.5484351135414431,22.48895783663209,18.28205749663032,0.01471306085586548,0.85
3173,0.5846345830055364,29.390460766530527,24.432021814802287,0.014955568313598632,0.85
3174,0.600826187062171,34.561196725880954,29.947254126565536,0.0151314377784729,0.9
3175,0.6321781823463078,30.71221808441799,27.097845219521687,0.014276731014251708,0.9
3176,0.6706753765694446,17.23091267151166,16.245174867301973,0.014336919784545899,0.9
3177,0.39155335027213994,43.48852906042639,42.87248237814555,0.014754366874694825,0.8
3178,0.5923008798955989,33.502949142779876,24.83898574321738,0.014809989929199218,0.9
3179,0.7276341987304744,23.100904399027947,23.43063070076153,0.014405930042266845,0.95
3180,0.6878147642575451,15.952304820159508,16.19508525709187,0.0150337815284729,0.9
3181,0.7173594177963996,30.638892201239948,26.210963437128758,0.014766275882720947,0.95
3182,0.604127516290774,29.868271865453227,30.731256671167987,0.015232539176940918,0.9
3183,0.4564663531379229,22.04496626206414,17.290822572979383,0.016162168979644776,0.8
3184,0.6603599637756314,24.3278552677972,25.503681637734054,0.014570140838623047,0.9
3185,0.7735128463712442,16.48656478109674,16.620162028921534,0.015072154998779296,0.95
3186,0.6843978772998967,20.649632220679177,21.297798526112288,0.01463332176208496,0.9
3187,0.5678041704357761,31.84997941654971,29.49578419772462,0.01450258493423462,0.85
3188,0.34909400912146143,32.99634607947018,31.463835882882407,0.015030753612518311,0.75
3189,0.7797124124366469,18.283362389180546,18.30662693358414,0.014671599864959717,0.95
3190,0.4170957705018273,23.459737884018494,17.34801229046446,0.014701688289642334,0.75
3191,0.5739569690032258,28.83455569240194,31.121301208849946,0.014720213413238526,0.85
3192,0.7088015672736365,29.111475203399362,30.107545561471085,0.014818847179412842,0.95
3193,0.5237894859385873,33.741212686830906,30.28642092604508,0.01480785608291626,0.85
3194,0.7235766820846086,28.260336464746963,23.421807617829344,0.014892542362213134,0.95
3195,0.43589322982486023,35.7828122417607,27.1676171708492,0.014854347705841065,0.8
3196,0.6704281150425814,34.63484604632557,30.41363575815481,0.014939725399017334,0.95
3197,0.6222116358273001,28.248819563931825,23.950480565181795,0.014477074146270752,0.9
3198,0.5219271552427672,32.619273194885686,34.95981768969988,0.014199841022491454,0.85
3199,0.7360084500070296,23.606186345352484,23.97111807394459,0.01443420648574829,0.95
3200,0.4396241859768207,31.254485517450938,22.131765544398547,0.014575791358947755,0.8
3201,0.4764888614194578,26.752455405775642,23.09505624674855,0.014275407791137696,0.8
3202,0.5683333996777222,26.410906418738033,27.87238157927942,0.014799022674560547,0.85
3203,0.44058665966325916,31.845193338398264,35.929905837695905,0.014521920680999756,0.8
3204,0.6371744308871501,34.987631886332125,31.207359088847298,0.014572298526763916,0.9
3205,0.613312480557737,29.652981848435125,30.943712691768514,0.014396703243255616,0.9
3206,0.5719414900522626,23.319157881025536,25.053957066628033,0.014925849437713624,0.85
3207,0.7205675986751969,32.74608423141221,33.72604979930911,0.01483933925628662,0.95
3208,0.5567450614387207,22.988370012985772,24.09390389860674,0.014494574069976807,0.85
3209,0.09460519363537424,49.99459210677175,43.792924118986875,0.014394879341125488,0.65
3210,0.4915887099862319,28.552235737286406,30.138980580860547,0.015107619762420654,0.8
3211,0.5725773015796357,20.209148144197894,14.718493882295727,0.016197407245635988,0.85
3212,0.6095356483204144,26.764091881880752,27.610278982346507,0.01447756290435791,0.9
3213,0.6544394449066357,25.570247132800457,21.210571316956504,0.014376664161682129,0.9
3214,0.5410811178570771,28.727153458643905,19.82156508146385,0.014284324645996094,0.85
3215,0.6321938048324304,38.480100551471494,40.003661985935686,0.014771223068237305,0.9
3216,0.177758759373311,36.6768979699272,21.890510264363108,0.014492881298065186,0.65
3217,0.12074795190943852,34.21374292752148,35.56961569254887,0.01465989351272583,0.6
3218,0.6528246355261119,19.20253327781587,20.04497432398331,0.014204907417297363,0.9
3219,0.5894028345489659,28.66842064990724,28.661669469104304,0.014478826522827148,0.9
3220,0.48693977828697027,27.335056355017247,22.72166831751258,0.015247774124145509,0.8
3221,0.5150393101803232,25.28230542603658,25.85128865373366,0.014420223236083985,0.85
3222,0.7225924189197962,26.27017325048326,21.681848064161624,0.014439690113067626,0.95
3223,0.6289001072612942,31.517329767941124,28.01105899470276,0.01476064920425415,0.9
3224,0.3620605525932532,35.76243743268739,29.147595648117523,0.014343035221099854,0.75
3225,0.49297700509254405,25.968756873857945,22.478577744381067,0.014374458789825439,0.8
3226,0.6972322109187072,31.905862927003557,27.575690077477482,0.014636147022247314,0.95
3227,0.3742861371039738,28.388840152893078,18.867908889533215,0.014441919326782227,0.75
3228,0.5810180283626578,24.524302184969553,19.649218696505503,0.014237129688262939,0.85
3229,0.6209900602094065,25.56070707501775,21.199594362050274,0.014479994773864746,0.9
3230,0.564780066661883,28.080998215984568,24.66135436896165,0.014571940898895264,0.85
3231,0.6222705767205625,31.77326801095784,33.784032331183056,0.014306735992431641,0.9
3232,0.6531468321911104,29.201745372534198,30.727797381717323,0.014401745796203614,0.9
3233,0.5524095154470108,34.02696932223249,24.751869524102688,0.014608418941497803,0.85
3234,0.6259028018194491,29.99528049848654,25.906160453340252,0.014377260208129882,0.9
3235,0.3849807361097238,34.242993278835044,20.111924352945916,0.014635264873504639,0.75
3236,0.2637607492029642,38.953379518907994,26.729319697606048,0.014184224605560302,0.7
3237,0.6006660343190491,18.75173011250508,19.343588641522455,0.014646196365356445,0.85
3238,0.5256386794681512,21.108693016889898,15.800341300599094,0.014289236068725586,0.8
3239,0.18601041813645644,38.816434559885295,18.930823341494566,0.01466745138168335,0.65
3240,0.5937455451199013,30.545124447679562,32.50256246700779,0.014787006378173827,0.9
3241,0.5210629662048138,30.06508146610026,25.490246054702386,0.01550438404083252,0.85
3242,0.5979809904810603,39.24009102825506,36.632701155627586,0.014422178268432617,0.9
3243,0.708740538378205,33.357677695571944,29.139620877758777,0.014562773704528808,0.95
3244,0.4774591140898744,27.039595413529376,24.082213183099547,0.014291512966156005,0.8
3245,0.4371018786701497,31.13134142029387,29.100872228939444,0.014717674255371094,0.8
3246,0.6347023254758775,30.916516638879784,21.694497990631568,0.014563369750976562,0.9
3247,0.5627461879260816,31.20560966735645,27.18157647725212,0.01443178653717041,0.85
3248,0.4137697510416169,26.758087155675476,23.44094208388379,0.014583754539489745,0.75
3249,0.5094805860808519,43.593821457625296,36.87739634172715,0.014733564853668214,0.85
3250,0.6074780212912566,37.43422285666515,33.45196940779959,0.014166617393493652,0.9
3251,0.34379527969668455,34.66836775736199,27.13754072348463,0.014412713050842286,0.75
3252,0.2272241425010278,41.26837009523439,29.00677676348511,0.014255392551422118,0.7
3253,0.4559050223837776,34.27555696268373,25.339134089260583,0.014540958404541015,0.8
3254,0.5904043244533288,23.76377693377416,19.348203472527956,0.014242732524871826,0.85
3255,0.4869197370367379,50.201847863256944,39.17691214374945,0.014389550685882569,0.85
3256,0.6149615027508872,33.271209402842786,35.54152485152182,0.014606225490570068,0.9
3257,0.41782496260781354,42.25709624618554,30.206925002093286,0.014402818679809571,0.8
3258,0.5512856336879415,26.659355051964724,17.636981432183912,0.014026474952697755,0.85
3259,0.5926393313685215,28.421839021772524,18.707278423551116,0.014426302909851075,0.85
3260,0.6080850393582143,34.02356014259517,24.687030627078556,0.015124166011810302,0.9
3261,0.44211896933076134,32.478768781793036,18.05651945224774,0.014937376976013184,0.8
3262,0.5371827484595585,32.666079530090805,29.75400832542012,0.014727866649627686,0.85
3263,0.3423013925749956,42.56918823349538,30.839681759258447,0.014421820640563965,0.75
3264,0.2724354691666739,34.21195215351876,19.79933455181814,0.014639067649841308,0.7
3265,0.3285788250668341,29.540065400888864,20.448318206068794,0.01475430727005005,0.7
3266,0.6420541352929913,26.902894448956665,28.38038641244056,0.014563488960266113,0.9
3267,0.5715961970316848,37.65927671158522,34.29256051879534,0.014824223518371583,0.9
3268,0.703834250184278,34.10366627640475,29.879086443036186,0.01459428071975708,0.95
3269,0.42713243357237773,32.811229718274554,24.67153365521619,0.014424419403076172,0.8
3270,0.24246210307670216,45.399855199079326,29.284860498157247,0.0152335524559021,0.7
3271,0.6108373941327971,36.21097187512277,33.260365821160754,0.014910101890563965,0.9
3272,0.5107704996318523,32.174483645862395,29.414824518298882,0.014896857738494872,0.85
3273,0.6507789908391131,29.935428612919004,31.745198964554294,0.014728689193725586,0.9
3274,0.5309887553890207,33.84911389479184,25.84694920311771,0.014525151252746582,0.85
3275,0.7068427210677328,29.751095393135948,30.753987101811337,0.014770686626434326,0.95
3276,0.3070008743312716,41.55281625372731,37.97036573039827,0.014612281322479248,0.75
3277,0.3850776110473354,32.78539779452108,26.004179040218347,0.014225471019744872,0.75
3278,0.3519318905671431,32.80609303095474,30.195425598993666,0.014661014080047607,0.75
3279,0.590716533124794,20.95276599421978,20.6199719006309,0.01460409164428711,0.85
3280,0.45920940294767154,30.452279895348266,27.597624613551282,0.01450439691543579,0.8
3281,0.6060360206776512,21.542714532769345,17.052783882312173,0.01460036039352417,0.85
3282,0.43626162555454523,23.87516191985896,18.8561304915418,0.014879250526428222,0.75
3283,0.5507249921395131,29.25622501088039,25.433727997631703,0.014575517177581787,0.85
3284,0.4610743893211552,26.193726215561874,27.545607865818397,0.014600372314453125,0.8
3285,0.3906223544254209,26.627436453872594,28.6792641986338,0.014379847049713134,0.75
3286,0.6360191077655208,34.42552838513639,31.071552316952037,0.014608347415924072,0.9
3287,0.7454645262589925,17.59476564441892,17.874439539978763,0.014707303047180176,0.95
3288,0.623178117413533,34.429795411608744,25.02123491825802,0.014485001564025879,0.9
3289,0.7815378134454217,22.665564630167008,23.277439951229475,0.015002882480621338,0.95
3290,0.6303295233936229,32.56525793063504,21.822513159802135,0.014662075042724609,0.9
3291,0.3740701234660011,22.838893717610098,23.90041166859685,0.014352214336395264,0.75
3292,0.44121804580640467,38.275284930680655,31.41474250623005,0.014346373081207276,0.8
3293,0.4307039950812329,38.68200578789292,38.205477738843996,0.014727568626403809,0.8
3294,0.45039760369483,28.513704783048006,25.726491928869898,0.015204536914825439,0.8
3295,0.4606739396479821,38.34233104759381,25.710395830752656,0.014589905738830566,0.8
3296,0.42572806637876265,18.91339179306689,13.554615630094803,0.014693820476531982,0.75
3297,0.638902652223466,26.97380149650516,22.401269206215918,0.014734172821044922,0.9
3298,0.45693617713803736,26.749717519837912,17.016406183759145,0.014905059337615966,0.8
3299,0.4837006762021895,43.48090124094515,37.49904857581747,0.014446020126342773,0.85
3300,0.7178394485290986,30.701514042495717,26.5668840646273,0.014709055423736572,0.95
3301,0.5429832220557781,32.52200670334231,29.814936152729164,0.01467723846435547,0.85
3302,0.5038002037170701,39.9003469601691,32.70768779572483,0.014488458633422852,0.85
3303,0.5688044550141311,28.125225277238172,24.649956538478673,0.014733338356018066,0.85
3304,0.44947935512633086,31.756479224656267,23.42602343015153,0.014436078071594239,0.8
3305,0.45540722893272123,32.4994248628342,37.13713374850116,0.014482378959655762,0.8
3306,0.5620456324445731,22.40481629345897,17.79560770346897,0.01475059986114502,0.85
3307,0.7842525225537993,20.97003023173499,21.46081073047828,0.014873254299163818,0.95
3308,0.3681104052793355,32.19388198079231,29.540806883811758,0.014761126041412354,0.75
3309,0.635937746311886,29.85793919240807,25.85059436860803,0.014567089080810548,0.9
3310,0.3314042613066012,39.88586021134514,33.02326091786702,0.014091503620147706,0.75
3311,0.42738754156464165,21.57561868618306,17.912618985302334,0.014263594150543213,0.75
3312,0.5152052013698732,29.414822913342825,26.264153133063616,0.014625513553619384,0.85
3313,0.48719912676483074,17.37927391826691,17.18305968270876,0.014777433872222901,0.8
3314,0.44125635781215555,32.37086223528077,23.31809742110127,0.014781057834625244,0.8
3315,0.718819534889732,29.818799527303838,24.978979432186662,0.014412856101989746,0.95
3316,0.6915432882555083,33.318705571087605,29.347134387456585,0.014458930492401123,0.95
3317,0.33307238320417165,32.118990017732926,23.75992464336424,0.015404462814331055,0.75
3318,0.5901831893802542,32.81593385972169,28.797860723436244,0.014393961429595948,0.9
3319,0.702777648587167,29.612970200963595,25.43461723958326,0.01451343297958374,0.95
3320,0.29547682691293864,32.0679247400064,17.660264979952306,0.014679169654846192,0.7
3321,0.5276518385095107,35.664452320266136,31.59855837492261,0.014418077468872071,0.85
3322,0.22367314925580062,31.489665085571538,22.96981630697515,0.01451500654220581,0.65
3323,0.5323160753370452,34.681199749066245,32.31542487649488,0.014484882354736328,0.85
3324,0.7095730903628444,26.467244793476425,27.169171073003206,0.014314532279968262,0.95
3325,0.7160058226137943,28.617644518911778,24.28300571188903,0.014785385131835938,0.95
3326,0.7456888451442498,19.30145135982784,19.309479688463195,0.014743208885192871,0.95
3327,0.4884657058271049,40.82510677039088,33.83736900710506,0.014963197708129882,0.85
3328,0.4421274291552306,34.994217762459456,33.71366006063638,0.01581484079360962,0.8
3329,0.60573882628621,34.76269628300796,26.102176237822004,0.014552533626556396,0.9
3330,0.7458549390456536,20.215812722485428,20.338760434102454,0.01451171636581421,0.95
3331,0.8240226772244327,17.102270842704133,17.102270842704133,0.015418052673339844,1.0
3332,0.7306877080105447,26.99051107421119,27.740640426377013,0.014439094066619872,0.95
3333,0.4348988661899556,39.62189461547517,32.16132000972845,0.014511644840240479,0.8
3334,0.32433830475333947,25.34862922613736,14.342683186199064,0.014494085311889648,0.7
3335,0.37295903617581383,32.09452627036153,25.02417849657208,0.01478579044342041,0.75
3336,0.6913324003040467,24.140155178952067,19.690766439888378,0.015303552150726318,0.9
3337,0.6978087793429542,29.112453643120652,29.44872192632206,0.01438060998916626,0.95
3338,0.6290632327942343,24.551650194919645,25.091387875542647,0.014494848251342774,0.9
3339,0.6434405627792268,30.207025409987704,31.65845571824049,0.014328408241271972,0.9
3340,0.3690751740979411,31.57608810794149,16.43913306584682,0.014500033855438233,0.75
3341,0.1871030439155314,36.352832820340225,22.201478757867264,0.014695453643798827,0.65
3342,0.37767757549043296,44.407469484229765,45.562887180658336,0.014518773555755616,0.8
3343,0.6721017166222191,32.94757192362467,28.577875008661284,0.0144089937210083,0.95
3344,0.44925970320642444,31.09329904074216,28.45459831012227,0.01428922414779663,0.8
3345,0.6890635183151176,32.878404759426246,33.693027633996586,0.014229726791381837,0.95
3346,0.5077231341100761,41.540493767412,34.753385402589124,0.014011693000793458,0.85
3347,0.31813971031110927,27.892298131489618,18.143741447394166,0.014024269580841065,0.7
3348,0.31852501419591733,47.40342101337374,37.705266665804956,0.014391982555389404,0.75
3349,0.46828229975884367,30.454191844430454,21.87651495295488,0.01414942741394043,0.8
3350,0.5162656454632362,31.835807521836152,22.706208479888527,0.014178228378295899,0.85
3351,0.4275753735756183,44.19888395794011,37.685449970290705,0.014107322692871094,0.8
3352,0.32827534230275696,30.67002112112736,23.240839423997336,0.0139892578125,0.7
3353,0.5198856801074636,29.6652622837661,26.220993315424508,0.013930714130401612,0.85
3354,0.4546668482117592,32.33797495935754,24.439223222214963,0.01420125961303711,0.8
3355,0.46328953134181844,33.390808176261935,18.298664416507307,0.014208650588989258,0.8
3356,0.27715974322173365,57.17071098697274,50.796234681731356,0.014082622528076173,0.75
3357,0.7276105781669198,32.736740439672374,32.878002592781804,0.015390741825103759,0.95
3358,0.3635882270606466,34.5101529489626,19.95895289458495,0.014332377910614013,0.75
3359,0.41451960941376365,43.40301543904708,37.73593133421096,0.01477886438369751,0.8
3360,0.49100345816197377,27.920235418127618,17.826608105370994,0.014582133293151856,0.8
3361,0.7031631354007934,27.549632344718503,22.883246017580877,0.014475202560424805,0.95
3362,0.27223898953392067,57.392478350928286,37.871201238966094,0.014384651184082031,0.75
3363,0.4989352286240547,45.98703528146237,33.84712983797371,0.014308476448059082,0.85
3364,0.12229744365403654,54.642089556967065,44.53155215436913,0.014239537715911865,0.65
3365,0.35209019163867633,38.15207870695987,32.62516418312223,0.014895439147949219,0.75
3366,0.572505560029305,26.659123879037434,17.04189998941514,0.014661765098571778,0.85
3367,0.5367605928633188,37.690575667155684,30.68152980024713,0.014580011367797852,0.85
3368,0.49951322171273016,33.897079775230495,18.396530929190014,0.014743328094482422,0.85
3369,0.25529164502584106,42.826854617232726,24.894320481504945,0.014415955543518067,0.7
3370,0.19120306711238783,38.981756623884095,27.585751072321088,0.014770710468292236,0.65
3371,0.37463741497916236,52.08018693677245,47.312103190634204,0.013990747928619384,0.8
3372,0.5672192856808433,24.3489744386392,18.238936926122808,0.013933944702148437,0.85
3373,0.4432568531831781,31.444020443862364,23.286677098820743,0.01417635679244995,0.8
3374,0.6452793216939534,27.143195889543698,17.06090494611045,0.014274942874908447,0.9
3375,0.3624277848394955,31.53467469920891,23.87735119968085,0.014828968048095702,0.75
3376,0.5462200647009081,30.931606343860004,28.435156158125967,0.013911521434783936,0.85
3377,0.6105368381155099,30.47453421557733,21.026318640851972,0.01409522294998169,0.9
3378,0.486905559815365,26.729596063475007,22.13420018742539,0.014116060733795167,0.8
3379,0.6236532597876251,34.10577745339532,36.360508475337504,0.014507341384887695,0.9
3380,0.4519034034351625,39.769461382451595,33.551261717417155,0.014955532550811768,0.8
3381,0.6053768429127864,38.70061182215268,35.26072578699313,0.014697206020355225,0.9
3382,0.6391693210217171,31.81024253771495,28.346873290475365,0.014460265636444092,0.9
3383,0.7372271266925342,16.449501213620884,16.760997413597853,0.014762020111083985,0.95
3384,0.6819590157807656,22.85765496407044,23.39994507710083,0.015018916130065918,0.95
3385,0.31536216438791814,41.1729627852974,23.337096933256433,0.014883124828338623,0.75
3386,0.4257466799123518,40.053791363210074,28.637681798080685,0.014393818378448487,0.8
3387,0.26346890416064805,41.64755605430408,31.672121117246917,0.014402544498443604,0.7
3388,0.6941014260707002,35.57763844162691,31.669173286621525,0.014304029941558837,0.95
3389,0.2709595160386709,34.817341931012244,19.177577453536806,0.014350605010986329,0.7
3390,0.34102279757502674,43.295721382861615,26.106032732701316,0.014736104011535644,0.75
3391,0.5192871737199374,43.10987618846279,29.754148510902134,0.014298963546752929,0.85
3392,0.41232974725572824,38.13356931453273,24.05399355086616,0.0142889142036438,0.8
3393,0.31931469395624557,43.16551303110038,32.086034622097955,0.013982582092285156,0.75
3394,0.6476240198679063,31.358396721532433,33.38821993921399,0.014823579788208007,0.9
3395,0.6068424161584467,30.43637248992521,26.5685381145403,0.01469796895980835,0.9
3396,0.4850254386491927,26.637013903064656,23.148771360309773,0.014505386352539062,0.8
3397,0.4682504228406478,31.13221679113544,15.936950029176044,0.014564073085784912,0.8
3398,0.4164572607710609,42.41923834366302,36.94787585916211,0.014052331447601318,0.8
3399,0.46440460984202747,33.339777272397825,25.234072816985748,0.014225590229034423,0.8
3400,0.49528903373556143,23.464698651705852,24.42597137240659,0.01450430154800415,0.8
3401,0.6577510983365717,28.146899192927386,27.20819390694132,0.014855122566223145,0.9
3402,0.455670166844748,36.91619088026393,23.66199099199639,0.014306485652923584,0.8
3403,0.22930912545508045,43.93714863127252,33.48054726021619,0.014529597759246827,0.7
3404,0.6134892519565767,34.81428206859432,26.248186823876658,0.014561474323272705,0.9
3405,0.5681096380446904,28.284192292387587,29.50946190287649,0.014825785160064697,0.85
3406,0.5976729327664043,35.452878197865964,32.67117814578846,0.01468888521194458,0.9
3407,0.325043336988262,42.309020032651986,31.406071539153444,0.014411020278930663,0.75
3408,0.494673435994282,23.837118047026674,24.154101468898354,0.014493334293365478,0.8
3409,0.6319048590283954,29.466918109103233,20.17532160715119,0.015043425559997558,0.9
3410,0.12650692688848958,29.910522373858054,19.72761921007042,0.0147352933883667,0.6
3411,0.5935566068847314,38.05335712148888,40.61749776140925,0.014568948745727539,0.9
3412,0.6685435365877466,38.745580154452256,34.437565895067095,0.014327073097229004,0.95
3413,0.4457171114857477,34.308167155007354,31.948713797818648,0.014336812496185302,0.8
3414,0.6531508084369955,43.68870529302333,44.961992772940114,0.014414775371551513,0.95
3415,0.5184711543705426,42.292960739125235,34.44213173618897,0.014709901809692384,0.85
3416,0.3184417272124221,34.21785604307665,32.11862673040165,0.014969265460968018,0.75
3417,0.651833811389921,29.371281832803795,20.439895486183485,0.015217578411102295,0.9
3418,0.4673266058751664,33.21013797895876,25.7178343157289,0.014379596710205078,0.8
3419,0.5760731401157213,25.78515090044856,16.192122153464474,0.014282071590423584,0.85
3420,0.4493247870280566,31.70028786291988,23.625412860588288,0.014382255077362061,0.8
3421,0.7534414691184085,29.00945453682852,24.41632829227345,0.014829182624816894,0.95
3422,0.4652621746298952,32.09988046348141,29.583741991063786,0.014413702487945556,0.8
3423,0.4938657433638392,26.263688084830655,22.5221919171616,0.014683675765991212,0.8
3424,0.3898828783182704,28.1704815490329,22.79881198625242,0.014447522163391114,0.75
3425,0.600817170923141,34.151330745612015,29.765222405716163,0.014710378646850587,0.9
3426,0.6008660388792701,35.143570957614955,30.413672014894214,0.01466352939605713,0.9
3427,0.6352796682197477,22.227319606669862,17.437009889449612,0.01490321159362793,0.9
3428,0.5340599044323859,34.98073232345608,32.85042494873855,0.01472799777984619,0.85
3429,0.5173501474662829,29.54957309131038,25.96140259903258,0.014652490615844727,0.85
3430,0.49371012192337876,43.36709350596904,36.62197908859369,0.015288043022155761,0.85
3431,0.30469536706289946,27.381467733577942,26.445480166769862,0.014135515689849854,0.7
3432,0.662087321364587,20.802600831712983,16.323182382773645,0.014731550216674804,0.9
3433,0.5314676465433593,29.613950271111445,26.35657478335651,0.01448594331741333,0.85
3434,0.4519538279486822,32.28703103483277,30.308015161050957,0.014663362503051757,0.8
3435,0.3197444436149164,38.58315176870104,32.00751368457637,0.01432473659515381,0.75
3436,0.5035746973134066,46.65499865049228,46.974896598634274,0.014580726623535156,0.85
3437,-0.06599787598586497,42.510770720760895,18.386943485860744,0.014673721790313721,0.5
3438,0.6374417269096596,34.35681165786005,35.275625950373865,0.014360952377319335,0.9
3439,0.6118743466053662,33.50865286374373,35.49821748021779,0.01461731195449829,0.9
3440,0.5360581391762254,34.20118672678822,31.765013463342992,0.019953536987304687,0.85
3441,0.36981189806550513,29.68556861668057,26.769802675271787,0.015443515777587891,0.75
3442,0.5615774252987195,25.691761493480463,26.890639310664785,0.01545252799987793,0.85
3443,0.6384640889082599,28.752512600836564,18.958375263039436,0.014333462715148926,0.9
3444,0.370675326111993,29.20657080051173,18.647597047408212,0.014262616634368896,0.75
3445,0.6302731038656907,32.1766877129705,22.591100092676676,0.01598341464996338,0.9
3446,0.5431648966053342,36.17626801952435,31.12090627515407,0.014448964595794677,0.85
3447,0.34174816854334245,46.02035094273324,32.49042935196964,0.014843320846557618,0.75
3448,0.4623123531211702,28.699978727582504,28.911476216745765,0.015450084209442138,0.8
3449,0.3813908746062274,30.516624675610053,21.580472837252053,0.014983367919921876,0.75
3450,0.6932812276347147,20.54132362199646,20.45002073893615,0.014521288871765136,0.95
3451,0.5838863576684024,17.63064401904676,17.138614853547182,0.014401376247406006,0.85
3452,0.6553444294157539,28.235368440572124,23.554445841024414,0.014404535293579102,0.9
3453,0.6253667389644383,27.03761527232902,27.698614114168954,0.014798128604888916,0.9
3454,0.5675495089407303,42.59654450696938,40.193011502019104,0.014429664611816407,0.9
3455,0.47395785223908754,42.44807282219146,34.20789887065831,0.014700937271118163,0.85
3456,0.39611336454086504,26.931091861295577,16.32739042979501,0.014444005489349366,0.75
3457,0.5498821362123305,37.405035618489016,34.86988582509507,0.014731502532958985,0.85
3458,0.22054897632305187,51.19846349335198,25.04798113874823,0.01386103630065918,0.7
3459,0.3192502099089637,46.41963110821082,36.143023372006795,0.015544486045837403,0.75
3460,0.36003486554694775,22.135013546186,15.656566560824858,0.014880728721618653,0.75
3461,0.6211725034005873,32.40276519269052,28.341381912759154,0.014635598659515381,0.9
3462,0.5399561205858892,30.22456957911091,20.960183245687286,0.014442765712738037,0.85
3463,0.36945615908638263,29.86048088525505,21.9801757438815,0.014840531349182128,0.75
3464,0.5962226848997385,38.10886775245233,29.466774078619064,0.014507603645324708,0.9
3465,0.3849581189191917,22.47331176245951,23.03479750247608,0.014576637744903564,0.75
3466,0.6222971435101333,22.2437989445633,17.265488782779066,0.01475905179977417,0.9
3467,0.5738097215477506,20.399092712488127,15.942416121426433,0.014781272411346436,0.85
3468,0.5067259098819757,21.439599361923833,16.851601880840878,0.014828073978424072,0.8
3469,0.35068045361472044,38.23761245657367,39.03976023709309,0.014394819736480713,0.75
3470,0.6338676588101247,22.043384347806068,17.211975650504073,0.014496684074401855,0.9
3471,0.25702224474769153,38.94947442707379,25.747673086555896,0.014948582649230957,0.7
3472,0.5949860619545105,32.65625299873441,34.4489644743463,0.014683067798614502,0.9
3473,0.5433470244376296,31.139925572428005,21.84991277007331,0.014285612106323241,0.85
3474,0.11832768353187433,53.24847441634661,26.958487309517388,0.0145782470703125,0.65
3475,0.7228030422809624,27.10434151355641,22.693905818538145,0.014412391185760497,0.95
3476,0.5645078857864674,28.409700127335434,23.881848486410217,0.014674675464630128,0.85
3477,0.5173196811411653,27.02072107426879,22.985058464346906,0.014608800411224365,0.85
3478,0.6873820291583456,39.7286247097939,35.4428232733128,0.0140472412109375,0.95
3479,0.1708925445747877,43.86606634480188,19.833279248950383,0.01449493169784546,0.65
3480,0.4397831146290268,38.55254648732945,35.82724992350091,0.014809775352478027,0.8
3481,0.4389041108391355,40.1799940532155,37.93319954561845,0.014132809638977051,0.8
3482,0.6287285955682486,30.14296015535931,26.0111763218553,0.014421260356903077,0.9
3483,0.4451314481576299,34.81536628969204,20.74355751177688,0.014518606662750243,0.8
3484,0.5056518296374405,22.995494822487068,18.567275747471953,0.015108966827392578,0.8
3485,0.7525499126698886,18.703310584454012,19.089372986268785,0.014544880390167237,0.95
3486,0.48928102624534964,43.46924481424676,31.116010176695834,0.014619457721710204,0.85
3487,0.46922761471624963,47.95083192953368,41.45679247892505,0.01460127830505371,0.85
3488,0.4483589102243298,32.195191400029195,22.92263618227863,0.014923250675201416,0.8
3489,0.5404695299690001,28.191391988091492,19.206197555016907,0.014665400981903077,0.85
3490,0.5196141117188978,33.81806571787858,24.932376887141313,0.020288336277008056,0.85
3491,0.3875670686725683,30.16085397951891,26.799640273928762,0.01414797306060791,0.75
3492,0.3508032481597014,36.17413292461133,27.877133208104276,0.014114570617675782,0.75
3493,0.5238605716432487,35.39214264224196,26.559077088162354,0.014525902271270753,0.85
3494,0.31731107667508784,44.28097795495083,38.48060493876002,0.014103901386260987,0.75
3495,0.5334944506175701,39.53660694979082,26.21720185876312,0.014566934108734131,0.85
3496,0.6654683794102548,24.9808994344234,19.49284166186958,0.014690971374511719,0.9
3497,0.19623567437810113,35.10261960587121,19.86689198286516,0.014595699310302735,0.65
3498,0.5916386725192018,30.287244208082836,26.474464020352446,0.014542484283447265,0.9
3499,0.6548913868529077,24.27939359021986,25.015909606800015,0.015808534622192384,0.9
3500,0.7423837545898233,25.04412947729282,19.928083925954372,0.014874076843261719,0.95
3501,0.6262360076681457,38.472838133962554,35.48792200875076,0.014635109901428222,0.9
3502,0.27458249087804426,29.45621786166537,26.08174189192693,0.01431654691696167,0.7
3503,0.49017149075783645,33.47163050063599,30.82683914384445,0.014566588401794433,0.85
3504,0.35991586372547063,33.55172991098081,19.812733769132603,0.014793014526367188,0.75
3505,0.6581510932038634,23.147097006858903,17.747787857875387,0.014520728588104248,0.9
3506,0.7079896292532836,24.562075468304577,25.025748610292112,0.014577925205230713,0.95
3507,0.5324074987350003,32.113171871794144,23.46629955649748,0.014891934394836426,0.85
3508,0.6940818048567041,28.950181687857373,29.242292972449796,0.015429353713989258,0.95
3509,0.5159347009913589,38.032666748878405,31.07888468191473,0.01814260482788086,0.85
3510,0.5140822672350535,32.40945632908373,23.545797266366527,0.014505422115325928,0.85
3511,0.7259851063357936,31.023785633575603,31.793593341880097,0.01462644338607788,0.95
3512,0.5355376206201716,31.13453527154142,22.15877403758479,0.014308464527130128,0.85
3513,0.6313117622938059,31.510043177923222,27.389478545863952,0.014528965950012207,0.9
3514,0.5231576108049454,37.43237599222668,28.04666600250595,0.01414724588394165,0.85
3515,0.33977587756772337,27.492296001589303,17.686156594748756,0.014485037326812744,0.75
3516,0.6240198008178945,32.09194705588793,28.397549054701333,0.015090227127075195,0.9
3517,0.43876796502295967,40.64610697697938,32.5059304857859,0.014372932910919189,0.8
3518,0.48516802984722285,23.1712175218983,23.813521621469306,0.01420753002166748,0.8
3519,0.4416721141842178,34.09034839658158,31.414185265331064,0.014565825462341309,0.8
3520,0.5161663130793042,37.03675937721145,34.9038746368556,0.014376354217529298,0.85
3521,0.37896607093212775,29.58416420327714,21.748163162172673,0.01412057876586914,0.75
3522,0.5610830164165249,28.441861804949582,24.154051737285194,0.014660096168518067,0.85
3523,0.5986131507671036,31.46915430367046,33.03690186852148,0.014612185955047607,0.9
3524,0.38380691630219527,25.31913543116922,21.570063038411693,0.014454460144042969,0.75
3525,0.6274059404970721,29.48427111814673,25.523381451331094,0.013991665840148926,0.9
3526,0.6221413339917994,34.90078642083949,37.00033092396962,0.014127659797668456,0.9
3527,0.5901051063193805,36.645195958675984,33.710592639711855,0.014689409732818603,0.9
3528,0.653922664691724,29.726873632584272,26.05692526513945,0.01441648006439209,0.9
3529,0.3586953449311715,35.46278908697347,28.771115842802608,0.014395451545715332,0.75
3530,0.6669597051412767,18.7017979293584,18.89614524467375,0.014235126972198486,0.9
3531,0.15677060249197025,39.61021983272722,22.244856896142785,0.014076137542724609,0.65
3532,0.21204974566515328,46.24124974452292,24.320673468181102,0.014051926136016846,0.7
3533,0.7922408524568832,26.39451180001298,26.39451180001298,0.014537167549133301,1.0
3534,0.6133396313939726,34.55592803567531,35.33430881715186,0.014156436920166016,0.9
3535,0.5024168374017247,25.55040032792242,20.51994043336743,0.014259243011474609,0.8
3536,0.32171917069330774,41.62917471383382,36.99677054297235,0.014181673526763916,0.75
3537,0.631832846098256,30.64445959124505,32.74346484819248,0.01403120756149292,0.9
3538,0.4141611678832898,42.99013946013798,36.78288753690258,0.014633941650390624,0.8
3539,0.4493438435919807,33.38412289026324,19.647840249905798,0.014124453067779541,0.8
3540,0.4068924137398082,28.548199888155416,16.602597098479745,0.014209449291229248,0.75
3541,0.6363251233454785,24.647197972330517,19.51515604106595,0.014363133907318115,0.9
3542,0.36421138012436416,33.931387145294735,24.25104722752445,0.014286601543426513,0.75
3543,0.38226131962331295,33.476030446647954,32.54406550397514,0.015095674991607666,0.75
3544,0.2061101631597825,38.66424804273683,18.607821428962563,0.014703822135925294,0.65
3545,0.6010345363509932,40.41919175297183,37.24636709636314,0.0145582914352417,0.9
3546,0.4134698990667321,23.304044085709243,18.993990900253397,0.014696192741394044,0.75
3547,0.5230290184485683,25.88230763083819,21.517790233318493,0.014630758762359619,0.85
3548,0.8022740457598798,28.03434324891075,28.03434324891075,0.014378643035888672,1.0
3549,0.629499370711525,28.962091148734924,24.701110796248273,0.014380371570587159,0.9
3550,0.8003825316858117,22.93497638253592,22.93497638253592,0.014288330078125,1.0
3551,0.5473260917521732,31.09569053019867,22.051488946088256,0.014103555679321289,0.85
3552,0.7349779719561355,28.28544022159364,23.54730646049418,0.014162790775299073,0.95
3553,0.6955757186191383,25.377977944605316,20.43312520535137,0.014590966701507568,0.95
3554,0.5908145808386318,44.15908472217886,42.421154417869474,0.014154553413391113,0.9
3555,0.6642352419280949,27.337246007326904,22.99937217785987,0.013714909553527832,0.9
3556,0.47791920037331154,32.161379777892286,22.377700686674807,0.014496612548828124,0.8
3557,0.5277461729257568,22.98261151501082,23.682899944513352,0.014208579063415527,0.85
3558,0.33340842644691554,38.562849440017516,32.557178615165554,0.014555144309997558,0.75
3559,0.25351058154843276,37.9020464628263,39.122561123756455,0.014026260375976563,0.7
3560,0.6812728579647829,35.46789213137593,31.22677963172263,0.014412760734558105,0.95
3561,0.7467995092438436,41.44137063702895,41.44137063702895,0.014676177501678466,1.0
3562,0.3795863470940813,29.773269635593334,25.194208730121606,0.014543437957763672,0.75
3563,0.6932990343461205,33.73464012197143,34.61349276922228,0.014631783962249756,0.95
3564,0.6514628127147842,23.541522803869533,24.489346721060134,0.01458280086517334,0.9
3565,0.16823263066427302,40.07375532468019,34.79267415112891,0.014387166500091553,0.65
3566,0.4706239370849232,25.404932086432456,19.82432654972178,0.014491689205169678,0.8
3567,0.39730883848678716,36.976176866744375,23.35913375303854,0.014348888397216797,0.8
3568,0.6141025370421225,36.85000430877326,33.89716605742872,0.014300501346588135,0.9
3569,0.7341857008575429,20.132140807537354,20.26718602444111,0.014226794242858887,0.95
3570,0.4688304000473365,27.832792428202804,23.426269469602445,0.014451706409454345,0.8
3571,0.5072395956140567,31.41190552382447,28.11260042675342,0.014319872856140137,0.85
3572,0.43995320841572944,31.929243463705156,16.732325400079837,0.015071070194244385,0.8
3573,0.18890428678974985,32.57837669444652,19.59419789316126,0.014612972736358643,0.65
3574,0.5285142001372687,33.33655028554894,25.165286373555645,0.014035844802856445,0.85
3575,0.34819457757595706,39.010703713168496,31.495277121061868,0.0142067551612854,0.75
3576,0.33631749339869954,37.67015660981682,29.55273901323949,0.014607071876525879,0.75
3577,0.27000361950771706,26.86667182443865,22.73537697275913,0.014448857307434082,0.7
3578,0.3605565230911769,32.20411503777003,23.252927489350657,0.014585649967193604,0.75
3579,0.5850906833325805,27.376085859231285,17.83489701344666,0.014706027507781983,0.85
3580,0.30416024999035673,26.661083229944346,22.43367943977335,0.014748835563659668,0.7
3581,0.7481894721137101,18.51564068624672,18.60845525368083,0.014573895931243896,0.95
3582,0.5235672394013657,34.561132357868175,26.624055119484684,0.014299023151397704,0.85
3583,0.3181174805573796,43.64638436800101,37.683014385252065,0.014333271980285644,0.75
3584,0.520833550113385,34.088193857403,31.3372482505317,0.01463179588317871,0.85
3585,0.6119034939652528,24.00143072267982,22.676566067285048,0.014500176906585694,0.9
3586,0.5302485541240336,31.86165885027209,27.131570577536056,0.015014243125915528,0.85
3587,0.42977712448555944,43.833448160757726,32.74022767477203,0.014340925216674804,0.8
3588,0.6715346957918047,30.95195123585362,31.503472946971286,0.014245867729187012,0.95
3589,-0.0214432510891717,50.36423168313773,42.63636799254877,0.014391446113586425,0.55
3590,0.4881945022270974,41.923974863873035,39.79440866477699,0.014331936836242676,0.85
3591,0.41864857103739306,36.1340576869888,33.96882988683941,0.01566523313522339,0.8
3592,0.2995319416494671,46.705396133971966,31.502799136116497,0.01453171968460083,0.75
3593,0.5380339454110299,51.8823675733366,49.344404671983575,0.014258456230163575,0.9
3594,0.2690612029600241,42.38769906295373,33.55183548979976,0.014696145057678222,0.7
3595,0.14237198963151793,48.0994759691997,26.68866011248098,0.015049433708190918,0.65
3596,0.6115483327206663,26.070632744898177,27.05455910398412,0.014853811264038086,0.9
3597,0.41901485154289747,42.12691779028899,40.8513554209965,0.014611995220184327,0.8
3598,0.6747742358614358,33.510050604038256,33.65298988185121,0.014424800872802734,0.95
3599,0.5426789535571875,30.795320962649686,28.154321943618253,0.014324986934661865,0.85
3600,0.6159038438295188,35.68668106131061,26.997149271118335,0.0142555832862854,0.9
3601,0.498423297257615,25.296268465900916,20.798050949316256,0.014402282238006592,0.8
3602,0.6899234503253836,32.689922038635,33.45607172993855,0.014395689964294434,0.95
3603,0.4375009228445631,37.7759311519688,24.2134510941584,0.014390242099761964,0.8
3604,0.6830290700735671,38.525952543842045,38.765418252944976,0.01403965950012207,0.95
3605,0.40777404865580086,42.034388776035186,36.3686992317292,0.014348578453063966,0.8
3606,0.627755038015794,23.405275719937624,24.294840522468117,0.014053905010223388,0.9
3607,0.6878065609865214,24.298681171247818,18.782758147614427,0.013769149780273438,0.9
3608,0.5889796401742894,23.427442339248515,24.38736170021446,0.014199614524841309,0.85
3609,0.6382568404280867,26.53248443553548,22.2391869620109,0.014213097095489503,0.9
3610,0.6003514723387477,32.94337195355171,34.84923944416269,0.013853704929351807,0.9
3611,0.7335399006239969,30.425892551631897,31.06152237794196,0.016447567939758302,0.95
3612,0.6196048596389848,30.738460482572293,21.33495288514451,0.014450109004974366,0.9
3613,0.6504598372463286,23.431542190403867,24.05782328651238,0.014433586597442627,0.9
3614,0.4763367959877914,49.11309632248387,49.01470310981748,0.014276599884033203,0.85
3615,0.7381574425703137,18.23738852182978,18.19305397916164,0.014125752449035644,0.95
3616,0.5437988058894929,30.92145384601569,22.19006167998763,0.014100515842437744,0.85
3617,0.732115777516733,27.522667216797526,23.078948499082482,0.013765347003936768,0.95
3618,0.6267078304557815,32.78095361223074,23.701392046090263,0.01452869176864624,0.9
3619,0.5266947037948538,30.799814353607722,20.998383213573913,0.014442157745361329,0.85
3620,0.6045578974068995,34.556508764628305,34.21815697424859,0.014973020553588868,0.9
3621,0.5756363269736904,35.51847436074722,26.17193900558734,0.014232802391052245,0.9
3622,0.6231193886760054,26.27395746980996,27.00453426906977,0.0147924542427063,0.9
3623,0.6013555226775034,23.80148019947621,18.925193907151982,0.014578676223754883,0.85
3624,0.5670959310444277,26.256051235531316,27.732509452259336,0.014419746398925782,0.85
3625,0.4479907634913025,35.051499008383104,39.517938794369115,0.014254045486450196,0.8
3626,0.3906290155889288,29.741822840866753,26.403944592827905,0.014631974697113036,0.75
3627,0.3331757517103937,42.45209315666172,37.61310169593072,0.014941859245300292,0.75
3628,0.34947439028710303,37.01977841119161,24.85229862680511,0.014356958866119384,0.75
3629,0.44816159203951844,33.94120345624331,25.907954724074855,0.014722645282745361,0.8
3630,0.5757535452001218,38.352459873756054,29.75028642229805,0.014223706722259522,0.9
3631,0.42972811485844814,38.85651533575719,31.897314595709545,0.014297902584075928,0.8
3632,0.21941841991673527,39.58853889244962,40.77711700019383,0.015177118778228759,0.7
3633,0.32278699204762284,49.39163862419877,34.48521054681005,0.014963161945343018,0.75
3634,0.5456255895354296,35.81856242296509,26.268843004560996,0.014912962913513184,0.85
3635,0.6185534149047912,37.80264013057232,33.450640782628625,0.014398491382598877,0.9
3636,0.5784884117313938,29.682774671816922,26.525947115610222,0.01476377248764038,0.85
3637,0.3575635675417414,34.613089814900334,39.74564132534648,0.014595568180084229,0.75
3638,0.4664150037242528,31.28638471692448,34.65760845478501,0.015082240104675293,0.8
3639,0.5472488840259574,22.480914488032177,22.963818447168237,0.014895296096801758,0.85
3640,0.3504097747223959,40.70287156027277,36.22192407259413,0.01474515199661255,0.75
3641,0.3620776437727786,29.97203891329362,26.661444187476114,0.014851772785186767,0.75
3642,0.6229920307500765,33.05800555006674,23.64765518880528,0.014988017082214356,0.9
3643,0.43403644640354855,31.86212371563625,29.769451737333252,0.015337622165679932,0.8
3644,0.5203114146049441,39.101709853227796,37.34375926908735,0.014374470710754395,0.85
3645,0.452182870878205,29.491446872040036,26.205194073301108,0.015015459060668946,0.8
3646,0.1953619303885792,15.35570316649498,16.587249398336223,0.014574027061462403,0.6
3647,0.5721615889139304,43.21690475325052,34.66813938468385,0.014723122119903564,0.9
3648,0.3438118013024656,38.399808237087456,26.60486336125898,0.014867651462554931,0.75
3649,0.4301704020608767,37.796498312678025,30.0470091556545,0.01487746238708496,0.8
3650,0.3746243033989621,31.435662551079496,16.169866893877877,0.015090763568878174,0.75
3651,0.3835396985071714,32.51845130951227,31.10959053782266,0.014667320251464843,0.75
3652,0.37385385156045753,32.41638958657977,23.689166345323994,0.014668262004852295,0.75
3653,0.6838282042635513,30.685620975567314,26.346431719132887,0.014891707897186279,0.95
3654,0.32388768964616066,39.29861760727745,18.771854469340404,0.014787232875823975,0.75
3655,0.6604315803131325,40.7836796913809,42.06896489816927,0.01472008228302002,0.95
3656,0.6063929586374818,31.790294767244063,27.726482600408126,0.014925634860992432,0.9
3657,0.601499894591114,32.32854293529113,28.15862390578924,0.01471242904663086,0.9
3658,0.4619095445113627,33.63148174216768,31.736192403871748,0.014424920082092285,0.8
3659,0.5403410139624357,32.445702656300526,23.67037698039194,0.014688384532928467,0.85
3660,0.5868492961655117,47.300874105731396,39.92884931848479,0.014941561222076415,0.9
3661,0.44880205262898654,28.130054637666813,23.525726211342402,0.015033400058746338,0.8
3662,0.5853074750062272,23.183023320572435,23.46153215041322,0.014872992038726806,0.85
3663,0.5161713750607406,17.26913926787823,16.71542603498831,0.01441648006439209,0.8
3664,0.22772035557726844,31.426793436019807,16.21806389990943,0.014986908435821534,0.65
3665,0.3851871669800088,36.819716795077184,24.37454147079544,0.014501476287841797,0.75
3666,0.41992789683707005,21.64464581251179,23.179637974802418,0.016489720344543456,0.75
3667,0.44205183660670216,26.93858397749475,17.24825402071127,0.014436674118041993,0.8
3668,0.5092400237848416,21.788675022008594,17.483178943632094,0.014504647254943848,0.8
3669,0.5061425739847807,33.59448343129322,19.445161608305938,0.014244568347930909,0.85
3670,0.7197992992887965,28.061128752455524,23.6749237637953,0.014775586128234864,0.95
3671,0.6077330895426178,26.92312990307509,26.857833659087866,0.014643800258636475,0.9
3672,0.6432789460421613,22.002795755584657,22.687812039080963,0.014715421199798583,0.9
3673,0.4241634555279135,34.21819214789859,25.25271482332817,0.014539921283721923,0.8
3674,0.38725910427072885,39.809308802895515,31.885747950671693,0.01472468376159668,0.8
3675,0.5634182291671442,33.10477792953984,18.8150300878587,0.014631104469299317,0.85
3676,0.590380315616607,29.045765090680952,26.167512422787667,0.014802682399749755,0.85
3677,0.5243183074102973,32.85403404691776,24.41092328932587,0.014479851722717286,0.85
3678,0.42685331597868476,33.610579843359645,24.662531572720358,0.014570474624633789,0.8
3679,0.3403599386822079,41.24897880916349,37.32499651875302,0.01424158811569214,0.75
3680,0.49463106020469344,27.171933081069955,18.84884842034314,0.014348530769348144,0.8
3681,0.4524965357115979,38.94680562637462,32.861546355234964,0.014564287662506104,0.8
3682,0.47582841688412153,32.40917700864328,29.394661285292862,0.014798188209533691,0.8
3683,0.376551419071525,35.78504983618178,22.413518690542215,0.0143890380859375,0.75
3684,0.4689270791510639,31.70070783514068,22.63372499518608,0.014883589744567872,0.8
3685,0.4013370495880503,44.337534256655054,26.376300231497044,0.01449352502822876,0.8
3686,0.4947278529085832,20.17143323095689,21.663317462696227,0.01425529718399048,0.8
3687,0.5259005709966531,27.132222378935563,28.759007748820924,0.0145455002784729,0.85
3688,0.4472377789219708,29.04539740464354,26.169283864690854,0.014759540557861328,0.8
3689,0.5623131393919871,27.688803114339937,23.998325766607746,0.014685726165771485,0.85
3690,0.3719634196054946,34.280201265458956,34.057939828982605,0.014448463916778564,0.75
3691,0.5519639723723534,32.18722446809285,29.197714923676397,0.014744746685028075,0.85
3692,0.5088048323072869,16.17012270145485,16.229236614878253,0.014235258102416992,0.8
3693,0.6254533125540926,23.469054944261423,18.53809783577517,0.014588272571563721,0.9
3694,0.5845046032579075,41.41020800501222,39.02542441461346,0.01566011905670166,0.9
3695,0.46758094219539875,28.151232419192006,30.50475163637677,0.014368128776550294,0.8
3696,0.47708570963039165,27.51139255909713,24.14991267148033,0.014497697353363037,0.8
3697,0.6675677415961071,15.63045437487779,15.887586384843672,0.014601564407348633,0.9
3698,0.5852340348165372,30.89165763652798,27.16051534007101,0.014319419860839844,0.9
3699,0.6376518646401255,27.118722313351395,28.653752909729764,0.015321099758148193,0.9
3700,0.7234336361627034,23.477829396906237,23.779670870177295,0.014768314361572266,0.95
3701,0.3214912349023367,21.092358985053888,17.37171530114697,0.014599108695983886,0.7
3702,0.5843308100256787,20.730224529359184,21.870198485448725,0.01460113525390625,0.85
3703,0.6142712233017645,30.447981948889588,26.374722254271155,0.01475139856338501,0.9
3704,0.5051223039423066,39.96878188888976,32.42641529989345,0.014755320549011231,0.85
3705,0.5717945220954743,38.90871027087982,36.0042851892933,0.014566493034362794,0.9
3706,0.6555537774253668,28.096366519379053,24.053327380456615,0.01461561918258667,0.9
3707,0.3699476614348679,35.3927851619092,26.284720152791405,0.014714395999908448,0.75
3708,0.4253189250401923,31.448231524645003,22.924772992821506,0.01476222276687622,0.8
3709,0.5575283857509149,30.16824292379153,25.93959846844089,0.014573538303375244,0.85
3710,0.5956909192602997,35.81837936771013,32.87485832445832,0.014663469791412354,0.9
3711,0.5663835479030939,24.318495810882137,20.545133772984027,0.01444603204727173,0.85
3712,0.3146788742767897,21.549916623119348,23.552497739894978,0.014694404602050782,0.7
3713,0.5821323765823225,23.76611425901607,18.37022739710527,0.014593291282653808,0.85
3714,0.5138418218502091,33.003546542107976,29.90100125006957,0.014422643184661865,0.85
3715,0.6560319428594008,40.107444461143096,36.0079235619595,0.014408600330352784,0.95
3716,0.63297607147969,45.143453416689276,45.46315651334946,0.014539575576782227,0.95
3717,0.6086737621753792,32.21184836308227,28.920181668002744,0.014609444141387939,0.9
3718,0.6382687325141679,24.781968592775165,15.435138080827208,0.014274942874908447,0.9
3719,0.6039088523488558,31.365013636102542,27.837550945122306,0.014730441570281982,0.9
3720,0.34569459667774227,40.42521037318942,28.395865702219247,0.014384496212005615,0.75
3721,0.5110304731768812,30.3740750629163,21.237528993673337,0.014786744117736816,0.85
3722,0.6777945744152906,39.220403299443376,40.566314621096495,0.015000629425048827,0.95
3723,0.4263569745401982,33.02300358315675,24.123792047559398,0.014593470096588134,0.8
3724,0.3480306003842547,44.023802602283865,25.548084825445564,0.014847111701965333,0.75
3725,0.685144643973481,31.33773933855381,31.950995515511828,0.014718258380889892,0.95
3726,0.45603022257134607,30.799363022658287,21.69695422327746,0.014129161834716797,0.8
3727,0.5463976434088769,27.115447844511287,22.89616305856519,0.01413949728012085,0.85
3728,0.5859806494726852,19.065800363103506,18.886193411015512,0.014892220497131348,0.85
3729,0.5586334632267903,33.280937166183726,30.262481504518156,0.01483978033065796,0.85
3730,0.7446297624631822,18.983706673949005,19.294473112357306,0.014351773262023925,0.95
3731,0.8341305380833122,25.201097795741187,25.201097795741187,0.014576494693756104,1.0
3732,0.5620764789837345,24.14238435626522,19.3391727567064,0.015870749950408936,0.85
3733,0.5396287870650349,26.49939632404039,17.362171978963783,0.014549028873443604,0.85
3734,0.3656725162512556,30.983701990931394,22.963008389364713,0.014478778839111328,0.75
3735,0.5899404896521716,37.23930048817415,32.9627359129794,0.01466829776763916,0.9
3736,0.4180121016222976,45.06472899446633,33.1720531796432,0.014380836486816406,0.8
3737,0.36642303694174705,39.03173286658134,39.16524243585209,0.014853918552398681,0.75
3738,0.5627215189769318,27.866956362239392,29.919708569881532,0.014635920524597168,0.85
3739,0.6321934398714327,29.7246541549654,25.590597502086965,0.014503860473632812,0.9
3740,0.47580754350079024,21.509024417732086,16.3350950000835,0.014129328727722167,0.8
3741,0.7797240004067765,29.780867171084452,29.780867171084452,0.014357268810272217,1.0
3742,0.845514893731403,20.93635657652885,20.93635657652885,0.014592218399047851,1.0
3743,0.43408445421681063,25.25292542152946,20.82366630604531,0.014353537559509277,0.8
3744,0.5651485180252126,23.550839660991656,18.710999708096352,0.013936638832092285,0.85
3745,0.6753573281850995,40.36862672816694,36.4535417120047,0.014221322536468507,0.95
3746,0.7174658047328479,21.52633861912934,20.870267382935555,0.014435994625091552,0.95
3747,0.2359387420767216,24.852995610240246,20.405831613582595,0.014086663722991943,0.65
3748,0.8431396796150172,17.69083113703843,17.69083113703843,0.017035818099975585,1.0
3749,0.5986310286479009,17.682100477223123,18.0333749443385,0.014376819133758545,0.85
3750,0.4411870874773173,34.3669649245327,33.06213534799165,0.013983345031738282,0.8
3751,0.5565853822395574,29.769395835946064,25.901452290851278,0.013929641246795655,0.85
3752,0.6883795029090818,33.65530063092466,34.622548446228755,0.014048528671264649,0.95
3753,0.6583878011088966,19.845668112181265,15.235758833710896,0.014242327213287354,0.9
3754,0.5131545371747419,16.10921144035997,15.848406995621229,0.014318954944610596,0.8
3755,0.5813502880377939,23.803905955203398,19.027286015934298,0.014549386501312257,0.85
3756,0.21916350408807048,23.050173255310842,18.53461031767121,0.01440025568008423,0.65
3757,0.26186911528376566,41.84631295035361,24.403544703661417,0.014326214790344238,0.7
3758,0.6497113596997701,23.815461742191168,19.110359967510615,0.01414175033569336,0.9
3759,0.4633016682789175,25.909620535337105,21.620491138953714,0.0143518328666687,0.8
3760,0.25320351665791724,36.762927134380156,30.424814605115216,0.01404355764389038,0.7
3761,0.3822382527486461,26.516140404157113,17.217199976862908,0.013915860652923584,0.75
3762,0.4662222143807801,28.993522376423392,18.66045575596346,0.014227581024169923,0.8
3763,0.28984322515104755,52.81219461037866,44.9675834522985,0.014502644538879395,0.75
3764,0.4569972353236271,32.65567845537879,23.895387658014904,0.0145172119140625,0.8
3765,0.4468222071974356,36.39312542995428,29.126185402454073,0.0144020676612854,0.8
3766,0.15255230660001975,46.326612325324916,37.690601826132045,0.01409372091293335,0.65
3767,0.5295354739278638,32.69596439749594,28.03005517024509,0.014436769485473632,0.85
3768,0.6349459841187447,26.531817374453748,22.14659448704834,0.016170954704284667,0.9
3769,0.5495187206770717,27.52314529596825,29.60036188759102,0.014464330673217774,0.85
3770,0.09495822568883855,38.31435308477314,35.480506209133274,0.013979887962341309,0.6
3771,0.2421089952131136,22.387751953707273,26.08268359354888,0.01442410945892334,0.65
3772,0.4860869983091967,26.212046095713873,22.495099372131335,0.014351797103881837,0.8
3773,0.6583635805782813,17.633318656656346,17.652573835526383,0.014492130279541016,0.9
3774,0.5551458811165696,34.37160228045586,25.44613819457955,0.014466559886932373,0.85
3775,0.5257657843761436,30.867429521637927,27.515074265139525,0.01393144130706787,0.85
3776,0.5498315463773744,46.2577075680327,44.552340831843416,0.0143746018409729,0.9
3777,0.1191981722604792,33.78521440067202,20.637325269902803,0.014115500450134277,0.6
3778,0.5488270432976625,32.49896399157835,29.733782472799753,0.014089536666870118,0.85
3779,0.579672408093883,40.39217829722347,31.833949852889404,0.01454676389694214,0.9
3780,0.4884558511734326,26.627997215095725,16.30105434026995,0.014314758777618408,0.8
3781,0.32629524649736824,48.85656048174525,24.743205311228575,0.014621663093566894,0.75
3782,0.4419012487320092,36.2375659349078,22.09588436764436,0.014265727996826173,0.8
3783,0.2875571755573883,34.04991804802941,27.456936523159477,0.0143715500831604,0.7
3784,0.7426013561728142,27.579469720303376,28.16039992131226,0.01473301649093628,0.95
3785,0.6460168708052958,42.96259576181397,38.908962712405945,0.014893150329589844,0.95
3786,0.6054622184986858,35.43525273157665,25.924039471371394,0.01461094617843628,0.9
3787,0.6735723832681877,19.108915749881824,18.365434707553913,0.014482152462005616,0.9
3788,0.48985147926186096,38.64694090164354,42.413970672265265,0.014412522315979004,0.85
3789,0.2840624317701238,30.786622873735222,22.429879580606524,0.014444637298583984,0.7
3790,0.4660778066196277,22.003554476892887,17.210292167082752,0.014410197734832764,0.8
3791,0.39601789131213966,32.23341475030689,30.04164957362589,0.014625179767608642,0.75
3792,0.6175089800499142,32.13393346985545,23.2888222100246,0.014626657962799073,0.9
3793,0.7824305640746896,35.0463258127448,35.0463258127448,0.014927172660827636,1.0
3794,0.5220106947326445,33.57752955214438,36.771417710981396,0.014377260208129882,0.85
3795,0.40363236893346055,28.672697209246472,23.907524856249495,0.01454235315322876,0.8
3796,0.6066386558498529,39.38858891116597,42.27386430240236,0.015776920318603515,0.9
3797,0.7651726137953718,23.59500157672668,24.029804331150494,0.015669739246368407,0.95
3798,0.6840701570044914,37.8498793302157,33.53870287416028,0.015816700458526612,0.95
3799,0.48170257883244877,39.71589316157376,31.78376270776382,0.01594548225402832,0.85
3800,0.6745939992176779,37.18170924096485,33.2260458410902,0.01651029586791992,0.95
3801,0.4807745204266249,41.65748917400873,29.381288987745876,0.015379655361175536,0.85
3802,0.44180540725571343,30.869865189822786,17.474073180616685,0.014709389209747315,0.8
3803,0.6556276542429323,29.97657279394996,19.80573468968546,0.01453394889831543,0.9
3804,0.6499926037220842,28.176532639730198,24.3780920332112,0.014507639408111572,0.9
3805,0.3567605850692798,36.54061651797111,30.65541674133502,0.014633071422576905,0.75
3806,0.5975443607437113,42.94838165982046,40.66067425977669,0.014648735523223877,0.9
3807,0.6376891541229985,31.349842434182555,28.07883303956202,0.014394652843475342,0.9
3808,0.5658413143081339,26.802277776514888,17.862181917678562,0.014118707180023194,0.85
3809,0.608647157847407,30.178274221217475,31.647006861667023,0.014369809627532959,0.9
3810,0.704878004879261,23.645861702243245,23.74358985152245,0.014612686634063721,0.95
3811,0.6026560460847994,31.23194389468142,22.45197204432107,0.01445378065109253,0.9
3812,0.5370464034464196,34.59413593642455,32.23329331618963,0.014611291885375976,0.85
3813,0.7215095126864833,26.996519284505194,22.643596357378826,0.014582276344299316,0.95
3814,0.6376419903131978,26.887464687063073,22.05856801130235,0.01465299129486084,0.9
3815,0.6150809225551004,33.95562885685505,24.48410491488273,0.01401956081390381,0.9
3816,0.41746004366404926,37.97050870928901,25.17723193182923,0.014376974105834961,0.8
3817,0.372256934056657,46.2138187099775,34.85333073822724,0.014276599884033203,0.8
3818,0.6087229296823111,36.26585627569752,33.317166837483086,0.014026486873626709,0.9
3819,0.7164674202952853,29.65823646447967,24.922268005419816,0.01432725191116333,0.95
3820,0.2720938661218567,32.486940860766325,25.720995936629084,0.014558517932891845,0.7
3821,0.7623007347745767,25.400202252032756,24.86847044164974,0.014221704006195069,0.95
3822,0.626160271210292,28.58790561883555,24.35895008608793,0.014708769321441651,0.9
3823,0.34765385014593575,33.834766515746,25.788213062460088,0.014641332626342773,0.75
3824,0.34600167987023844,43.43294282471021,31.789136425325395,0.01432178020477295,0.75
3825,0.5357979149036594,27.214585470150773,28.38253472772649,0.014440762996673583,0.85
3826,0.41745058905847776,32.56066290555196,23.135073228160174,0.014367115497589112,0.8
3827,0.5403140370358247,23.701558178545504,24.556247910552656,0.014086461067199707,0.85
3828,0.5957728998992535,32.51893590849952,29.27392565801411,0.014702177047729493,0.9
3829,0.566494035764335,20.732629252548932,16.063437805786002,0.01548250913619995,0.85
3830,0.2822041589936564,26.1204700703688,24.337348418221307,0.014643096923828125,0.7
3831,0.7267170289445929,27.365303683948735,27.811200645636482,0.014581048488616943,0.95
3832,0.7388255715456263,25.781120877753466,26.11581355056568,0.014251816272735595,0.95
3833,0.5273055220430114,34.84021280466135,31.456937335101347,0.014198124408721924,0.85
3834,0.47752746810550073,27.17733199999115,23.20454539110232,0.014485156536102295,0.8
3835,0.45148372530098324,38.48162185874523,31.916726529851978,0.014289045333862304,0.8
3836,0.725513420444649,30.63133105698077,26.289009472504116,0.014380264282226562,0.95
3837,0.7065053504774818,36.04905168590322,31.401131624771665,0.014225363731384277,0.95
3838,0.46658668663481784,24.712637608840357,26.061879217192295,0.014267158508300782,0.8
3839,0.6605790248017034,21.580755543941475,22.105483928825926,0.01427907943725586,0.9
3840,0.5799857441572984,21.328940582586746,16.70436672087631,0.01425788402557373,0.85
3841,0.6454079363693807,31.417468074529022,27.54100745956829,0.014408135414123535,0.9
3842,0.5101663396555847,39.88407909994779,37.947351416462794,0.014481151103973388,0.85
3843,0.550403600278598,23.358961009648212,19.261743560930757,0.014258289337158203,0.85
3844,0.6633023892421247,24.47701453290662,24.518531835479042,0.014177274703979493,0.9
3845,0.33346141608468194,29.183443779694166,26.277950172085387,0.014994621276855469,0.7
3846,0.46986488019534967,34.48639744523528,32.99847534356395,0.014210283756256104,0.8
3847,0.6382637221010614,18.509442063599924,18.606853834377734,0.014768850803375245,0.9
3848,0.5715903621120916,20.406690728998836,15.77155457451589,0.014201152324676513,0.85
3849,0.3947014716879579,29.457563032935173,26.49317371258439,0.014408266544342041,0.75
3850,0.3835757806823379,44.61894341144741,36.179587532894914,0.014066481590270996,0.8
3851,0.6338497782353388,33.84374340910219,24.979371145434854,0.014296531677246094,0.9
3852,0.269837772172843,39.309244369029955,20.89552308189446,0.014152967929840088,0.7
3853,0.47812590857789605,28.982870428638556,20.20468051718521,0.01399979591369629,0.8
3854,0.5756579710565379,26.285255797444744,28.16933386836385,0.014214813709259033,0.85
3855,0.4320296123883137,33.31842202472076,25.304818568894976,0.014220523834228515,0.8
3856,0.35225093968170135,29.418992770739983,26.72900152777028,0.014462149143218994,0.75
3857,0.4821964358204077,27.77722516916209,23.36385852851314,0.014236748218536377,0.8
3858,0.384470903880475,33.86550299431233,17.47735228080335,0.014072716236114502,0.75
3859,0.563896057691796,32.804566955169875,30.20037914427863,0.014175498485565185,0.85
3860,0.6125359596609808,26.156612861106332,21.474207091285827,0.014095461368560791,0.9
3861,0.47984308309286006,26.112776675481694,28.673182635975518,0.014106667041778565,0.8
3862,0.36296215060100384,32.74007862147777,21.963396735829175,0.014269912242889404,0.75
3863,0.6401831829574538,26.689028432464426,27.516891104394315,0.014157712459564209,0.9
3864,0.42130468260011283,42.627650697584606,36.24905188414183,0.014596569538116454,0.8
3865,0.492451529233231,31.926529812030065,34.39705694467186,0.014179062843322755,0.85
3866,0.3936862405116384,28.75147286460692,18.832534841272892,0.014503228664398193,0.75
3867,0.3948371377404137,53.35958490991425,47.94274378814755,0.014468193054199219,0.8
3868,0.10970954774761905,51.063858286578046,31.57881077736591,0.014199411869049073,0.65
3869,0.43954899543079656,32.07025852307145,23.07508216133273,0.01442859172821045,0.8
3870,0.4866556816270064,42.07378211162033,28.94797569358474,0.01440213918685913,0.85
3871,0.5312389176660375,33.29348348857068,29.155094784957768,0.014339804649353027,0.85
3872,0.6248180453907621,27.088372802381617,22.713708323639576,0.014222800731658936,0.9
3873,0.31287359785836977,28.523159160965815,19.32221589361756,0.014334011077880859,0.7
3874,0.5494333484629342,34.77799804101581,32.31464157362056,0.014484238624572755,0.85
3875,0.3560999237061691,37.03334000178721,17.460066789570412,0.014305984973907471,0.75
3876,0.6208937072916604,48.9972481805958,45.46582694840717,0.014816844463348388,0.95
3877,0.3726561588337238,35.440627161934486,26.69706471605185,0.014633762836456298,0.75
3878,0.5460591441625351,29.81507809890916,25.586767344993934,0.01416478157043457,0.85
3879,0.4755627678655645,33.41909476582117,18.791928785812303,0.014325428009033202,0.8
3880,0.5563385842915005,34.81642984840841,21.4406843742188,0.014658856391906738,0.85
3881,0.5078289547967241,24.75793018320828,20.377011329741954,0.014150595664978028,0.8
3882,0.4543451643146306,28.751947395535034,31.25716200481473,0.014101767539978027,0.8
3883,0.48057158535713784,19.147505031149073,20.15393956360158,0.013922500610351562,0.8
3884,0.523801725878596,39.10287280466248,31.800931328236857,0.014901673793792725,0.85
3885,0.4508584751812224,35.56668737620079,34.57342890447275,0.014298903942108154,0.8
3886,0.6790683671980553,23.27933012636443,18.38406099194627,0.014401495456695557,0.9
3887,0.40029696089986694,41.39454376211502,23.13945852975168,0.01460515260696411,0.8
3888,0.2777558993397745,33.35904758399403,32.948199462087175,0.01443098783493042,0.7
3889,0.39191975553149117,31.147477367990735,23.386500109758803,0.014060282707214355,0.75
3890,0.475372249340809,38.433554817418546,28.66809243327718,0.014217185974121093,0.85
3891,0.7296052450335603,27.647513925007765,22.68766084413175,0.014071142673492432,0.95
3892,0.476723191821047,40.94251042003974,38.97875154448863,0.014085340499877929,0.85
3893,0.4135728075397952,31.98817437412587,16.699172405549255,0.014253532886505127,0.8
3894,0.4817277039694757,31.70575419564157,29.347880050034938,0.014195632934570313,0.8
3895,0.37361192992395426,23.0248394829769,17.15479147163017,0.0142547607421875,0.75
3896,0.5361331663818601,30.824160987506247,28.097308539025647,0.014309859275817871,0.85
3897,0.6056024206122148,21.178492925454968,15.755379797011557,0.01479024887084961,0.9
3898,0.45828859137413636,28.412405391307868,26.104933517645506,0.014702224731445312,0.8
3899,0.6499896432352843,23.349110417033092,16.818790105156726,0.014203214645385742,0.9
3900,0.5153125255641001,33.77646043390781,29.906985596935325,0.014404070377349854,0.85
3901,0.1855652732091356,45.16530461935993,26.07669702023283,0.01414477825164795,0.65
3902,0.44214283237300006,34.08904313583649,19.805875393152803,0.015113425254821778,0.8
3903,0.3659015598638674,29.76148237284989,32.94015535138287,0.014428281784057617,0.75
3904,0.2898856399254402,38.26182247525864,19.99687568826908,0.013986766338348389,0.7
3905,0.5641685262139353,25.01819142542401,27.00856447296804,0.015018725395202636,0.85
3906,0.5308629204621996,38.34812014314005,30.052760142239038,0.01435713768005371,0.85
3907,0.6355036449658165,28.244771041220496,17.621328162244613,0.014647233486175536,0.9
3908,0.09193078571878094,24.35738535586357,14.29368911220118,0.0142836332321167,0.6
3909,0.622205757989299,31.184127477669033,21.889139709377663,0.014685964584350586,0.9
3910,0.6613189845991265,14.410412084827211,13.296313283636936,0.01441723108291626,0.9
3911,0.28793138503074667,27.419268942471803,16.16895337749772,0.014214491844177246,0.7
3912,0.5209871852460014,40.881983435496565,32.33865629994134,0.014039647579193116,0.85
3913,0.5116516672157179,38.59640551621547,30.808159935032304,0.014547777175903321,0.85
3914,0.5140561751320287,41.417792726489054,34.40665314042744,0.014463305473327637,0.85
3915,0.575101137924988,23.066312698018,18.20900063806922,0.014485597610473633,0.85
3916,0.6334345915626102,21.348128613192745,16.256328692525116,0.014212238788604736,0.9
3917,0.7201182372932315,23.651183706820152,18.628578269388537,0.01454455852508545,0.95
3918,0.26374960750490645,43.48404448440452,25.413481363359285,0.014605486392974853,0.7
3919,0.14292238625716386,42.547773829095675,25.91591185137204,0.014111709594726563,0.65
3920,0.4912707740768002,22.29983285148445,23.876780820472213,0.01435713768005371,0.8
3921,0.496710950810393,42.73583505542845,35.250543753006745,0.014516234397888184,0.85
3922,0.4682265378118208,43.662988292319994,31.106935185389517,0.014487910270690917,0.85
3923,0.5079327371530217,35.19302888605316,26.878601767371403,0.014335119724273681,0.85
3924,0.8609399614299538,20.004279401162744,20.004279401162744,0.014755284786224366,1.0
3925,0.620561505922619,34.89312871175638,31.759061734499127,0.01486130952835083,0.9
3926,0.5702521354420419,29.99550116216644,25.92759017416941,0.014735984802246093,0.85
3927,0.290897034274609,29.740397014116912,21.285969604889242,0.014826571941375733,0.7
3928,0.5848949766469135,41.6204097965826,44.24468935507524,0.014639997482299804,0.9
3929,0.7086768458175741,34.75941887818932,35.751740221645186,0.015243840217590333,0.95
3930,0.47111105863488484,28.709888771512077,25.67117679198422,0.014869368076324463,0.8
3931,0.412568673392566,28.963127930404454,26.774587180994818,0.014638984203338623,0.75
3932,0.27101664284311777,35.9357258386807,22.694562035283248,0.014914345741271973,0.7
3933,0.7991070940791711,27.042139432877764,27.042139432877764,0.01486060619354248,1.0
3934,0.5476684651023453,32.35248665439918,29.29828367745324,0.01533728837966919,0.85
3935,0.6069797594087002,31.179790496335897,21.660511987522497,0.015042662620544434,0.9
3936,0.654258684939301,23.768541365828952,17.96239451733173,0.015264952182769775,0.9
3937,0.6469528817036403,24.57158575193218,25.632421657679462,0.014761602878570557,0.9
3938,0.6020769433060076,32.66718798005327,28.61159398214888,0.01463773250579834,0.9
3939,0.29011017247074794,48.85637312269696,47.21436027521701,0.015240800380706788,0.75
3940,0.4169747753697724,43.024441510594905,31.55781339873019,0.015091681480407714,0.8
3941,0.5187260318432588,33.79706542473327,34.80442509629609,0.014386677742004394,0.85
3942,0.6118321096162419,29.0909235896565,23.832578257275944,0.015522730350494385,0.9
3943,0.6060076552942011,33.766002992101804,30.545271185616645,0.014572322368621826,0.9
3944,0.7028112443700243,31.724331540225585,26.92180026921682,0.014972817897796632,0.95
3945,0.4998795117181524,42.50734044033634,35.02365363193278,0.014675486087799072,0.85
3946,0.25129557712218203,43.2763390850376,33.6152135778684,0.014474594593048095,0.7
3947,0.6509558222874438,28.077412803553745,28.894384490485905,0.014667510986328125,0.9
3948,0.22676403172083165,45.63821239580335,31.203592852375817,0.014622807502746582,0.7
3949,0.5085119069229862,35.87008046915399,33.804414606284084,0.014645326137542724,0.85
3950,0.4698176916048965,31.971964611487117,17.94419558886238,0.014509034156799317,0.8
3951,0.6531060608203415,23.043806643119762,18.49754107785444,0.014469397068023682,0.9
3952,0.4937613149138212,37.124041178614355,34.290911267459684,0.014589083194732667,0.85
3953,0.8157554138018405,22.35439255367496,22.35439255367496,0.014948391914367675,1.0
3954,0.49952010130656543,40.07264613674073,32.324155351986434,0.015405833721160889,0.85
3955,0.6337894898087819,32.22060991862115,22.610743101942617,0.015035104751586915,0.9
3956,0.5271456521934358,40.70461370838836,39.54149515590959,0.01491396427154541,0.85
3957,0.23512704059025374,41.870410207450924,30.162429576414656,0.014743351936340332,0.7
3958,0.4279891180004217,23.931545682100868,25.110592393760488,0.014706885814666748,0.75
3959,0.6021093451028513,30.496288798904857,26.624227509868344,0.014723753929138184,0.9
3960,0.3360977429390609,41.03262105460401,29.306837503662923,0.014540112018585205,0.75
3961,0.32336278435395827,53.09624808229985,44.77964469932376,0.014415884017944336,0.75
3962,0.27986204105387236,32.10284678464276,23.07166847733213,0.014848804473876953,0.7
3963,0.20792295846518316,27.995790438714273,26.486421144213725,0.014367938041687012,0.65
3964,0.3426169000918175,16.79573260161754,16.11610516639248,0.014918851852416991,0.7
3965,0.29949888531503904,25.618059238277773,14.934863992604411,0.014591538906097412,0.7
3966,0.6378597261943064,22.983413844647902,23.95869203588046,0.014574456214904784,0.9
3967,0.6062560992419643,32.332943442789926,34.311717348151355,0.01476832628250122,0.9
3968,0.8390010211534692,30.073951206746536,30.073951206746536,0.01491032838821411,1.0
3969,0.5698464951325756,22.17693055856952,17.49824123634819,0.014653050899505615,0.85
3970,0.6278452779784958,34.56001429554446,25.225647462488716,0.014428961277008056,0.9
3971,0.5053789200751323,25.79794646209267,21.0733030767973,0.014614081382751465,0.85
3972,0.5635903341173332,33.73712564805966,25.45381201749874,0.014447319507598876,0.85
3973,0.6654828232079659,18.826426581456158,19.131135672621287,0.014660859107971191,0.9
3974,0.6106536499565021,31.215961173583754,21.487189195854814,0.014368712902069092,0.9
3975,0.5649172426388557,22.89135570151065,17.355972813099232,0.014567863941192628,0.85
3976,0.797586836658062,34.75625613393713,34.75625613393713,0.014317309856414795,1.0
3977,0.4367379201895603,33.47777087633911,24.995776732904574,0.014552915096282959,0.8
3978,0.35514802550297564,40.29972104743891,27.78349560775907,0.014449071884155274,0.75
3979,0.42443624772524097,43.78284474017334,38.25430789590554,0.014647603034973145,0.8
3980,0.6059490091145928,38.703048023889586,35.607702334062395,0.014802384376525878,0.9
3981,0.3350477250578941,42.967772187538344,38.653503030233644,0.014461672306060791,0.75
3982,0.4953297963338256,27.008540040514124,17.071805629896044,0.014306116104125976,0.8
3983,0.21010088996829374,50.56981912354316,23.578215403410187,0.01440037488937378,0.7
3984,0.34880619470570245,37.580293513913155,24.07055323475254,0.014593517780303955,0.75
3985,0.520290924646505,43.05169758845101,42.56895008019434,0.014713120460510255,0.85
3986,0.37076395810499896,33.058294109810085,24.149798067110655,0.014199471473693848,0.75
3987,0.4294858372026007,32.368434084736876,30.193723234471083,0.014584290981292724,0.8
3988,0.5447398549169062,28.76883940948868,25.86269429648265,0.0139245867729187,0.85
3989,0.1614861994548908,44.970733749520335,28.105392071819274,0.014507567882537842,0.65
3990,0.7070859524643761,25.820265808918037,26.63622552565293,0.014493310451507568,0.95
3991,0.6686983115765831,19.371698402785423,19.825287103837024,0.014713048934936523,0.9
3992,0.2134372498274862,30.54131704413129,28.8987645591082,0.014040327072143555,0.65
3993,0.2834807046877609,37.174904206874835,23.915293406584585,0.01397562026977539,0.7
3994,0.4694874864292995,27.588227500746722,29.973295639056342,0.014096391201019288,0.8
3995,0.5312766209028256,37.38733090316916,29.226556944536956,0.014225304126739502,0.85
3996,0.3968206973310338,52.85410191102992,42.25887952403586,0.014243578910827637,0.8
3997,0.5740859980541344,27.265457353242983,22.6713895388685,0.014117848873138428,0.85
3998,0.4573329546584824,26.501296977745397,29.270078251721536,0.014582276344299316,0.8
3999,0.49873791177337823,18.0264410002125,18.377114462387475,0.014302980899810792,0.8
4000,0.7246905659408573,28.426352332547612,29.127645789216558,0.013812005519866943,0.95
4001,0.7064160085984644,28.252424042681007,24.164184017607408,0.014040505886077881,0.95
4002,0.5032133905983482,28.723699756082333,28.596330826183316,0.014380168914794923,0.85
4003,0.6431413690054582,22.819863497551943,18.123238241321204,0.014718449115753174,0.9
4004,0.41135500512649414,35.14425591643878,30.416361825192624,0.014520621299743653,0.8
4005,0.404510388616712,38.7272195637127,30.923537356581615,0.014105236530303955,0.8
4006,0.23950471541552024,43.16017720194303,30.15451169599108,0.013852930068969727,0.7
4007,0.3576272234430008,43.03387391455231,24.71178752387144,0.014366042613983155,0.75
4008,0.45140232874977687,32.780432526058725,23.87196668044694,0.014450550079345703,0.8
4009,0.5595851244408323,27.10736071844939,23.50700878690535,0.01417868137359619,0.85
4010,0.45221235139337707,37.75101624257383,31.003607703562466,0.014189469814300536,0.8
4011,0.45275437994482426,34.7360112944336,26.86133860593666,0.014091730117797852,0.8
4012,0.4209134994386477,24.96734460917101,27.218930187163934,0.014004993438720702,0.75
4013,0.45676237659496693,31.040296315186993,28.777876636125814,0.01405339241027832,0.8
4014,0.43599831460972605,33.58765584911144,25.26213738449842,0.013995087146759034,0.8
4015,0.44213197635484214,44.26153273873677,38.057138219194364,0.014591753482818604,0.8
4016,0.49826562556605747,39.09053730896608,32.28506194738825,0.014395523071289062,0.85
4017,0.4067345506004133,25.83022099600081,17.189433394393,0.014531862735748292,0.75
4018,0.6178824016500065,29.786752307060926,30.16991227608328,0.01413276195526123,0.9
4019,0.37187255965080107,37.675077238478714,31.15574074608168,0.014614474773406983,0.75
4020,0.2738277022603156,21.316377773040614,16.603154179518853,0.014474058151245117,0.7
4021,0.5508780092385777,31.418671563030102,22.545350820000724,0.014510059356689453,0.85
4022,0.5642574696706373,29.354792439834075,24.36726980762391,0.014495408535003662,0.85
4023,0.23068792629148435,42.051402154021616,25.400505076626718,0.013922774791717529,0.7
4024,0.5571267686384103,30.926157870040917,27.423007841035364,0.014598309993743896,0.85
4025,0.6658302121461036,38.01518443451641,33.60315190458622,0.01451636552810669,0.95
4026,0.22312685845521846,48.33034737438011,33.3664159739942,0.014446794986724854,0.7
4027,0.3674416164934945,38.15200480682301,24.80941134188467,0.014425361156463623,0.8
4028,0.5350300677820392,19.524704078368785,19.441041860145205,0.014458012580871583,0.8
4029,0.6787496345877024,35.96378653948677,31.865289382950742,0.014197134971618652,0.95
4030,0.6408740052178471,26.564220247573918,22.122580155409658,0.014673233032226562,0.9
4031,0.6702922237760449,18.325315559232504,18.60716813005318,0.014379346370697021,0.9
4032,0.6393253845176364,25.062439172268164,20.431002971926027,0.014606344699859618,0.9
4033,0.4565206990321369,32.674317608500104,24.012154020455,0.0146689772605896,0.8
4034,0.5839333520954797,41.69980654861355,39.11763897084849,0.014406168460845947,0.9
4035,0.6844877137791774,21.38929310811827,21.487271375982623,0.015062296390533447,0.9
4036,0.5249311202335234,41.30890055162141,34.056097984146966,0.014991283416748047,0.85
4037,0.5438533459355712,30.11983153190227,26.95623259196505,0.014545953273773194,0.85
4038,0.31745720262221716,40.90452053737958,36.26373826972892,0.014610862731933594,0.75
4039,0.3540650425091744,34.02414740563027,27.082776050119794,0.014509236812591553,0.75
4040,0.5693989405229543,23.047194538307814,17.780349706406476,0.01488245725631714,0.85
4041,0.5474596108288126,28.558730658476314,18.938834428872354,0.015212821960449218,0.85
4042,0.7137353376471998,23.142651835314823,23.57120666378727,0.016061151027679445,0.95
4043,0.004815356152072803,42.2371960189723,27.597392600043307,0.01468513011932373,0.55
4044,0.7412298739748879,25.93487161215834,26.098620407524844,0.014233458042144775,0.95
4045,0.8340642219754834,18.90205798851993,18.90205798851993,0.014280879497528076,1.0
4046,0.5302776134990154,33.94725020173299,26.36763117725248,0.014332187175750733,0.85
4047,0.458574153342719,29.878903987628046,20.580324033087017,0.014169621467590331,0.8
4048,0.3802536744937718,28.47225860485914,25.37816375911589,0.014492785930633545,0.75
4049,0.476216269697925,43.31604355524306,30.809377578566522,0.014396488666534424,0.85
4050,0.24821818245131647,41.59514428945742,38.48988901108696,0.014536452293395997,0.7
4051,0.6421467766159351,32.74412076182092,23.535246316815382,0.014281094074249268,0.9
4052,0.5243729865652084,25.815472486256386,15.966582475782602,0.014494204521179199,0.85
4053,0.24625195533991695,46.08312831359619,38.222442125574254,0.014272665977478028,0.7
4054,0.530351335257171,38.06409473537565,35.215458666408175,0.014265215396881104,0.85
4055,0.5116119259529381,32.08546555994839,23.102161555673796,0.014573454856872559,0.85
4056,0.31602702977041713,43.69453504126955,45.839497019320596,0.014479565620422363,0.75
4057,0.4661740060605827,32.64810416558415,30.1714202604568,0.015481746196746827,0.8
4058,0.4278756802365645,37.36033967586408,35.61810814225713,0.014511978626251221,0.8
4059,0.3632175222047689,38.465922890328585,25.93849543080544,0.014268207550048827,0.75
4060,0.49086193850553794,36.685852524755,39.8534943356604,0.014090514183044434,0.85
4061,0.5866938110941327,17.429567211048784,17.909682905316846,0.014415466785430908,0.85
4062,0.6756902261254214,37.04143138092877,33.04670557215671,0.01478431224822998,0.95
4063,0.7674348543599736,20.508794393859326,15.633383744434779,0.014714419841766357,0.95
4064,0.4822970483401784,37.83313106558511,35.85949918971373,0.014056622982025146,0.85
4065,0.3681927692140611,33.09673385694044,31.18927839048111,0.01425158977508545,0.75
4066,0.39239738825172654,23.327336523179227,18.566520849917932,0.014603185653686523,0.75
4067,0.6116632531900845,32.26721698174162,34.49124221456119,0.014500594139099121,0.9
4068,0.7306701361634315,27.347023624290063,22.720165818833895,0.014801061153411866,0.95
4069,0.27297742867017377,40.83765341017594,23.078336273254116,0.014640581607818604,0.7
4070,0.5880847095217667,20.0459305448764,15.587411509436299,0.01433565616607666,0.85
4071,0.6338152617437849,26.587730921597757,27.610504284246932,0.014333605766296387,0.9
4072,0.36121075547177295,38.06196085742385,25.75797371467012,0.014522647857666016,0.75
4073,0.4671858282244427,28.617133212252963,19.44115193311689,0.014693653583526612,0.8
4074,0.6582547744410572,23.103939854961038,18.25331693262352,0.0149391770362854,0.9
4075,0.3108304662085087,27.54651504358382,17.73955307872313,0.014704096317291259,0.7
4076,0.5524529748925451,28.725454298863998,25.639656142572292,0.014874148368835449,0.85
4077,0.6407640954457821,27.242614135065924,22.87313831628535,0.015019333362579346,0.9
4078,0.482210852425743,27.608960743022788,17.712563761059904,0.014777863025665283,0.8
4079,0.5949309764080895,18.324540855658206,13.27106822713168,0.014944756031036377,0.85
4080,0.3338483429965321,31.562808020925683,16.385200589069573,0.014306783676147461,0.75
4081,0.3577885555492246,37.23709162032992,24.68779409243667,0.01460484266281128,0.75
4082,0.5297737229227704,33.43635525711049,30.634914202614187,0.014125776290893555,0.85
4083,0.5113361705120406,40.47392050570693,39.22218000342114,0.014401936531066894,0.85
4084,0.6147935001448358,31.29907168295383,22.131810737982455,0.014808106422424316,0.9
4085,0.6464801863615268,28.73708104155805,30.257009800511373,0.014348959922790528,0.9
4086,0.40401981753442434,28.05287428054721,18.83484321922591,0.01470324993133545,0.75
4087,0.6339988167907468,30.30858132421624,30.70217795433909,0.014471232891082764,0.9
4088,0.5795165018392331,23.620877313516594,24.779063229849886,0.014051485061645507,0.85
4089,0.5907815047769102,33.755421357645005,30.2436781580571,0.01476987600326538,0.9
4090,0.4617331048315901,35.41317899596531,21.333318313498253,0.014348602294921875,0.8
4091,0.12943834710588992,33.62101453916715,20.46320182864581,0.014725756645202637,0.6
4092,0.5793850790859094,18.521777659532027,13.387081578080712,0.014487135410308837,0.85
4093,0.635181024554419,29.526610808988522,29.847762786190362,0.01430823802947998,0.9
4094,0.36859356421987155,30.794137756738355,32.961257877416145,0.014780652523040772,0.75
4095,0.30374110898469064,32.13180543046514,24.786242811089306,0.014545178413391114,0.7
4096,0.7257586261253006,26.225564804597752,26.72572679264955,0.01457451581954956,0.95
4097,0.4511999378639449,31.116198290636568,33.393688138290244,0.014273810386657714,0.8
4098,0.717089516214048,25.716556311192807,26.013425503797087,0.014916980266571045,0.95
4099,0.7852782703919353,32.38356092081044,32.38356092081044,0.014662635326385499,1.0
4100,0.38649748207282325,28.34140445209359,19.31062817526063,0.014375388622283936,0.75
4101,0.5496281671319344,22.24823069723514,23.231655364386,0.015052402019500732,0.85
4102,0.5783957664745715,23.380864830301217,24.695719775715332,0.01446380615234375,0.85
4103,0.5810634910745991,18.47532612038596,18.357737193573612,0.014530622959136963,0.85
4104,0.6444882417327004,32.06635181145981,23.07987146979204,0.01468675136566162,0.9
4105,0.38853953563675103,29.291644772887754,27.234525456860922,0.0145341157913208,0.75
4106,0.7729068521860205,19.428305236881812,19.420570855226682,0.015077149868011475,0.95
4107,0.6837385229252152,20.890734954704605,21.477392117488066,0.014519143104553222,0.9
4108,0.8619191596931977,21.99924422461817,21.99924422461817,0.014789283275604248,1.0
4109,0.7433042707917784,30.641049421065514,31.573318341419544,0.014411425590515137,0.95
4110,0.8050717264283247,28.691548245871616,28.691548245871616,0.014082884788513184,1.0
4111,0.6872816603304936,18.068910548852454,17.20800866503625,0.014994394779205323,0.9
4112,0.4906085517572717,22.234037376734513,17.89217980721491,0.014620375633239747,0.8
4113,0.6627651373057567,24.347744530253244,25.088390270130716,0.01440821886062622,0.9
4114,0.722806800480001,27.360770306164927,28.26615183015119,0.014623129367828369,0.95
4115,0.6269130814415395,32.14782024555546,33.47202934422898,0.014741194248199464,0.9
4116,0.3907276402676491,30.034432540237294,25.323734250718424,0.014661860466003419,0.75
4117,0.6310779540466664,31.140440910786857,27.288102481936974,0.01460127830505371,0.9
4118,0.37636842105483614,41.212321678389664,36.17210040103693,0.014615893363952637,0.75
4119,0.5517722386833277,30.13525185513429,26.81889011343524,0.0140891432762146,0.85
4120,0.369486310141653,28.817818459473177,25.8706262891784,0.014563262462615967,0.75
4121,0.5879835509931924,39.99832713916602,37.076534000414696,0.0143562912940979,0.9
4122,0.5065027774663031,39.0751195718655,42.41984986702367,0.014176714420318603,0.85
4123,0.3264715814188864,40.85284638156139,34.776590179845535,0.014911985397338868,0.75
4124,0.3479097969809021,31.952671233173014,30.74957027744529,0.014777719974517822,0.75
4125,0.3393540784837285,34.786377192421874,33.869712584204315,0.014432787895202637,0.75
4126,0.5166734641244994,37.194146762908886,33.1302111979624,0.014330840110778809,0.85
4127,0.5547091720305299,26.63026550314666,27.508521034817687,0.01502068042755127,0.85
4128,0.2973337493729208,50.47838864039583,40.95529135865268,0.014579343795776366,0.75
4129,0.6930185384386093,30.110539427235075,25.780121539475005,0.014628195762634277,0.95
4130,0.2735567872071226,38.78168360201008,27.988918165001405,0.014163851737976074,0.7
4131,0.6404815756621249,28.56030511977919,23.262064541008606,0.01438438892364502,0.9
4132,0.4494772624714252,54.212308690925816,49.16702372654458,0.01418757438659668,0.85
4133,0.35584120693269333,49.894630222496616,39.465280201169655,0.014385581016540527,0.8
4134,0.3490770547223579,37.6773604859963,30.329454446194084,0.014458239078521729,0.75
4135,0.1558444884631296,41.5743486195465,17.877496448247527,0.014109528064727784,0.65
4136,0.531954181011186,42.17981259377482,29.68043927944677,0.014645898342132568,0.85
4137,0.4508976200717593,31.298854664506273,28.798873054824405,0.014752185344696045,0.8
4138,0.4209225436475602,22.674572640365575,18.215525141484385,0.014384543895721436,0.75
4139,0.5474027924326238,34.106017539939124,24.591775230365613,0.014269399642944335,0.85
4140,0.4469716208126182,32.141640482327425,30.236197029695656,0.014771294593811036,0.8
4141,0.2551503177702757,47.8884146367312,39.971714545596114,0.014612269401550294,0.7
4142,0.4874375625869889,47.93982997126561,53.25764694444086,0.014578008651733398,0.85
4143,0.6170619363808465,27.415976267505613,23.027439460429754,0.01440199613571167,0.9
4144,0.13649922469272494,26.547130492485064,15.85870024151121,0.0146317720413208,0.6
4145,0.36573585611654724,30.54258926916309,26.68917734604295,0.01438124179840088,0.75
4146,0.5487921801822092,28.662504906099343,23.66681840073075,0.01395556926727295,0.85
4147,0.6023156003057462,31.473208623144394,33.029172470393895,0.014459621906280518,0.9
4148,0.42893536602584703,31.8639669693322,22.538713750379173,0.014013123512268067,0.8
4149,0.5872696676965207,41.110511030648226,38.89433583712476,0.014151561260223388,0.9
4150,0.46064824677731914,28.250569572737128,25.21782805177856,0.014910256862640381,0.8
4151,0.22465148373842045,38.68954300808808,18.620410732272127,0.014820301532745361,0.7
4152,0.4969419690285136,26.702297242428585,27.785133364384127,0.014381718635559083,0.85
4153,0.36745492773309474,33.7111938223943,24.675986678607483,0.014623236656188966,0.75
4154,0.35501903014071884,27.169158180058226,30.864954884474933,0.014206480979919434,0.75
4155,0.4127020926015,23.064068307807624,18.985500512745304,0.014840292930603027,0.75
4156,0.48839151694037347,27.401029070145285,30.827648652650254,0.014674234390258788,0.8
4157,0.6676023514733367,19.760833807576216,19.90147032257731,0.015641415119171144,0.9
4158,0.5535255162899217,27.057473369086313,27.987702328278775,0.014824235439300537,0.85
4159,0.20530213186894203,36.103367685385884,32.26984521998152,0.014692938327789307,0.65
4160,0.5765735343617181,26.0845947352726,21.716215944526073,0.014309835433959962,0.85
4161,0.5123138259954543,37.74404687221782,29.896564209681355,0.014515483379364013,0.85
4162,0.4506942671046571,32.64025979486256,29.86945214910067,0.014776933193206786,0.8
4163,0.5979152043584703,27.611215707479147,27.020145211384442,0.014570045471191406,0.9
4164,0.23447794911651795,51.330244554835716,38.42399606619371,0.014313185214996338,0.7
4165,0.6302763928144897,29.83035077546699,20.697151531196553,0.014541828632354736,0.9
4166,0.5782064323115,26.29054012823766,28.12981306409679,0.014493846893310547,0.85
4167,0.6377260725976932,26.585501799738502,21.77105978430314,0.01457141637802124,0.9
4168,0.47841516267567386,45.52368202450792,33.19101683965488,0.015231406688690186,0.85
4169,0.6229705151670814,26.138926856183406,26.899293034456846,0.0143102765083313,0.9
4170,0.6541885458465622,23.43176742739201,18.904116219322916,0.01471010446548462,0.9
4171,0.49736948938888226,22.11937284322073,17.62036988276342,0.014817273616790772,0.8
4172,0.6239522760338678,26.81601956316313,28.016251529606613,0.014539897441864014,0.9
4173,0.58991494951026,17.509190362954392,16.732784387337535,0.014756238460540772,0.85
4174,0.5309653311389756,28.428571406503274,24.22881621333285,0.014666509628295899,0.85
4175,0.48603215021959956,25.514298474739775,20.99037619763238,0.014499080181121827,0.8
4176,0.30099969891541384,34.66371456437182,14.479096444314147,0.014604687690734863,0.7
4177,0.3863425343934102,30.41509857424216,29.40627574938385,0.014563381671905518,0.75
4178,0.64612698699537,29.38502997768837,23.87743513013505,0.014977586269378663,0.9
4179,0.6734733991213803,20.789197773213978,19.947858980404092,0.014755845069885254,0.9
4180,0.5270244082812794,30.91396596371441,32.80816314975067,0.014447283744812012,0.85
4181,0.73798926877706,27.19023431015855,27.933634431411082,0.014337766170501708,0.95
4182,0.3873232870386351,33.106137785407064,18.70199662915705,0.014590072631835937,0.75
4183,0.641017821227386,21.539432707578214,20.943038196813657,0.014622712135314941,0.9
4184,0.44330905185829417,38.351695802479284,24.78772327178674,0.01462925672531128,0.8
4185,0.3921288551859118,29.09079378110885,20.172570106626104,0.014742469787597657,0.75
4186,0.530429764399005,35.347262165201556,26.785638375255406,0.01426481008529663,0.85
4187,0.43707976175998564,27.833665390550884,16.979041240602406,0.014676511287689209,0.8
4188,0.21853316827598013,47.6142460018165,33.08532123691612,0.014428341388702392,0.7
4189,0.4004521606239081,20.430268802897707,15.774701331931709,0.014741945266723632,0.75
4190,0.550266786221245,26.970499054304593,22.19568796394878,0.014620625972747802,0.85
4191,0.5415012364257078,20.81729115031332,21.55978914211061,0.014231467247009277,0.85
4192,0.6279145315049726,35.62842277865409,36.672877204028964,0.014475274085998534,0.95
4193,0.612817679428755,28.77160361373193,24.879171377247026,0.014567112922668457,0.9
4194,0.5630208225407209,20.978093093796996,22.006604507016185,0.014964056015014649,0.85
4195,0.3838503018884523,31.372211529091565,16.488726015751062,0.014324367046356201,0.75
4196,0.5087787331680989,42.366290150557475,29.94856908867816,0.01491011381149292,0.85
4197,0.5572704656014966,27.23810500516718,23.48928338570269,0.014216852188110352,0.85
4198,0.8289922142491205,20.53836192902536,20.53836192902536,0.015037798881530761,1.0
4199,0.710094132757186,29.643819415337198,25.349555643593135,0.014517486095428467,0.95
4200,0.5190397640094156,29.955972607909793,32.44722706270869,0.014781630039215088,0.85
4201,0.7654731953905126,28.750517049584538,23.879827997244792,0.014793765544891358,0.95
4202,0.4897969901241611,43.29981177486935,36.62844925649421,0.014959275722503662,0.85
4203,0.30501778082667313,32.1385714711645,24.89033041280026,0.014332914352416992,0.7
4204,0.37936337557919264,50.891230378103266,41.6171684423149,0.01495295763015747,0.8
4205,0.4514591765263554,31.688406472618812,23.513547672546267,0.01423492431640625,0.8
4206,0.20337276464162235,34.656880694559355,19.897550962585107,0.014809978008270264,0.65
4207,0.7185209290705277,29.67093280710817,30.396494892696516,0.014303910732269286,0.95
4208,0.5308671345944983,35.07456268195942,33.165419695492794,0.014457392692565917,0.85
4209,0.4737619339279819,33.03478589467876,31.652876908230883,0.014905881881713868,0.8
4210,0.4963612327776718,21.565927123680783,22.685043706437924,0.01425420045852661,0.8
4211,0.7184207594349559,18.299771198621343,18.340070865128812,0.01463303565979004,0.95
4212,0.3847370607861797,44.844161393112515,32.14787208907373,0.014459192752838135,0.8
4213,0.3437329853933767,34.74297327362696,20.75767614363535,0.014355969429016114,0.75
4214,0.5413304901445102,29.979978659572897,24.431248918534976,0.014520633220672607,0.85
4215,0.4437559367367102,37.170985084816266,36.71424666938295,0.014372742176055909,0.8
4216,0.45555101413002125,35.200648803075964,34.129228890223885,0.014869117736816406,0.8
4217,0.8068104119181546,33.34322286065982,33.34322286065982,0.014437425136566161,1.0
4218,0.4582530157082477,28.308618884035646,30.969240518869064,0.014758610725402832,0.8
4219,0.3620286429564582,33.98627758531053,25.29275994668694,0.014947211742401123,0.75
4220,0.30193043962441035,27.525517821483128,18.437593910630035,0.014816570281982421,0.7
4221,0.8195206377530777,19.46369070467304,19.46369070467304,0.01501929759979248,1.0
4222,0.6440596979652415,30.722400877244088,32.50166918556637,0.015160036087036134,0.9
4223,0.504305844102927,23.797219653106076,19.668001143224384,0.01476060152053833,0.8
4224,0.7519254479323425,22.982720804198305,23.532099879877293,0.015100395679473877,0.95
4225,0.5093424058101789,22.63651032486652,17.75971356116243,0.014921653270721435,0.8
4226,0.6043597942873463,19.090678257853885,19.464847882260475,0.014522945880889893,0.85
4227,0.3015531153131902,33.58964677718439,27.115908097829053,0.014834213256835937,0.7
4228,0.33661466303345783,40.40359412337801,34.845232562449304,0.014973604679107666,0.75
4229,0.5090979615901021,36.07597557869078,27.163980073015,0.014508140087127686,0.85
4230,0.5903459027670809,22.422862658718053,18.555476278792476,0.014850354194641114,0.85
4231,0.6148850548646406,15.908482384637443,15.193494821981393,0.014554595947265625,0.85
4232,0.5960757947626083,22.699256905032378,18.011278524652226,0.014706003665924072,0.85
4233,0.5556601434558233,28.163978066210696,24.720340744972468,0.014587807655334472,0.85
4234,0.6252188266616768,35.011419658970176,25.729914996241384,0.014465177059173584,0.9
4235,0.26098620007962225,40.37507197021568,29.11375622820619,0.014932870864868164,0.7
4236,0.7808777539789007,36.234034708445044,36.234034708445044,0.01495875120162964,1.0
4237,0.4537111293112142,36.32713124806544,22.008773122716164,0.014831924438476562,0.8
4238,0.5061373077153082,45.370267001123274,39.68680366546627,0.014349925518035888,0.85
4239,0.7296855078035789,23.370940892460546,24.013711206455103,0.014665019512176514,0.95
4240,0.44261869867497144,32.47271424884895,36.69960947200592,0.014528048038482667,0.8
4241,0.5226043998586364,36.83034221470174,28.902954358480557,0.014190089702606202,0.85
4242,0.752570528666944,18.85621907520906,18.740391259489858,0.014572370052337646,0.95
4243,0.535312260366511,31.989810625203443,23.1142553558924,0.01427689790725708,0.85
4244,0.17912745189872387,34.55566988996009,13.715039609284876,0.014773952960968017,0.65
4245,0.6749803112344723,24.316601322952806,19.540968537043888,0.01524132490158081,0.9
4246,0.640113945650034,21.634525734866454,22.178644603184594,0.01421726942062378,0.9
4247,0.5124381904788852,15.995905620249127,15.660082367273915,0.014336490631103515,0.8
4248,0.37004082717392306,32.3351000366273,18.621111371752008,0.014998793601989746,0.75
4249,0.45425085308169316,37.28350872314543,29.057181407827322,0.015033578872680664,0.8
4250,0.6955495321339589,28.19245102737513,23.734140863047422,0.01449429988861084,0.95
4251,0.5117529866364937,25.833321352544278,21.38035714438695,0.014751315116882324,0.85
4252,0.4994986275566031,36.316980218053615,33.52571647617355,0.014690017700195313,0.85
4253,0.48902076995251315,22.26116234909991,17.75097924790917,0.014597022533416748,0.8
4254,0.6514007264203554,35.4112791734092,31.128266343604867,0.014454412460327148,0.95
4255,0.47221394028640307,30.470664614340137,27.28509983678616,0.014674198627471925,0.8
4256,0.45058660067047807,29.82268393398217,26.953343055066426,0.014819097518920899,0.8
4257,0.3350630490126244,29.64941098338876,27.394873862852897,0.014641892910003663,0.7
4258,0.5401655651900629,32.972509987282955,30.884531501355013,0.014667153358459473,0.85
4259,0.3398405262192304,32.97288969630089,30.803206036535762,0.01482628583908081,0.75
4260,0.32630748413267174,48.27212834376692,37.62380221595289,0.014400315284729005,0.75
4261,0.5354232050134615,33.981101512897695,26.207232051205683,0.014686739444732666,0.85
4262,0.6795223562607633,21.906201473754457,22.57605235751294,0.014845180511474609,0.9
4263,0.6224366893354637,28.517136265301268,24.272588060346138,0.014629495143890382,0.9
4264,0.5520017105607016,26.073617303788417,21.363099683874736,0.014926040172576904,0.85
4265,0.6146479903338619,30.522036758601065,24.39710011214469,0.014687812328338623,0.9
4266,0.6806941079584092,39.804370159360516,35.62131472626556,0.014536702632904052,0.95
4267,0.4947764922639689,39.72376370427348,30.87309091566802,0.014689910411834716,0.85
4268,0.4655835794762025,32.92822379163603,22.27386832096379,0.014799666404724122,0.8
4269,0.34425648111391116,37.75020220072416,26.137249201196884,0.014984655380249023,0.75
4270,0.7349690320835471,25.594180281474564,26.069009125804627,0.014816176891326905,0.95
4271,0.4913366337739058,40.70428253012879,38.933395682399365,0.014742636680603027,0.85
4272,0.5465894376089834,34.915229803181944,25.484671770096316,0.014829635620117188,0.85
4273,0.535424680249374,35.46831510771681,32.79295746374871,0.014856076240539551,0.85
4274,0.3557116165258903,32.96951463987811,24.830788834885897,0.014571034908294677,0.75
4275,0.37350971850831705,34.623762548897865,33.06985859930624,0.014465367794036866,0.75
4276,0.7450816421528466,24.096963395801,24.762321320236584,0.014771008491516113,0.95
4277,0.2635788998459446,33.57628681700945,26.591191877085482,0.014324772357940673,0.7
4278,0.317997327747347,39.49636579082885,27.181543081426025,0.014553487300872803,0.75
4279,0.650934973566655,24.58271889519201,24.270467693202782,0.015122270584106446,0.9
4280,0.7227962518737521,23.491288312796662,22.420253872458137,0.015027880668640137,0.95
4281,0.6784581722983738,17.125417112424234,15.49361205352112,0.014275109767913819,0.9
4282,0.6424974770609584,23.44479559857651,18.841912361312968,0.014746010303497314,0.9
4283,0.3855912715209254,27.80147053685347,18.254275909697206,0.014772272109985352,0.75
4284,0.6087055597470148,37.53325550292562,28.915785627481245,0.01479400396347046,0.9
4285,0.5696183630988502,39.1721837102159,36.22589014927645,0.014175117015838623,0.9
4286,0.5255220780074917,38.378179464416085,29.012694458864864,0.014493989944458007,0.85
4287,0.37179450589672675,22.990723119328482,16.63851403703924,0.014566457271575928,0.75
4288,0.6351963078618433,34.77169909098946,30.706618843818596,0.014397788047790527,0.9
4289,0.4823830843229911,27.781231376937946,24.901138504605864,0.015080654621124267,0.8
4290,0.8096882866731964,33.47002485859586,33.47002485859586,0.015042531490325927,1.0
4291,0.6192784167785883,27.51348648763265,23.425871156816424,0.014590620994567871,0.9
4292,0.45620780209791645,30.28301481706294,21.63190169660354,0.01477973461151123,0.8
4293,0.4505736554654306,26.44561339531872,17.466394115901082,0.014882242679595948,0.8
4294,0.557800183989585,26.893533746694914,17.920916626142688,0.014702951908111573,0.85
4295,0.47726473615251164,32.31269974936876,23.768962202995535,0.014534974098205566,0.8
4296,0.581329888878155,27.090483413976614,23.990408138775575,0.015097177028656006,0.85
4297,0.4534006254080401,30.368038078126254,22.167798114881595,0.014940607547760009,0.8
4298,0.4601094724606953,22.871891430680826,19.123598921086757,0.014726400375366211,0.8
4299,0.5613106407061809,34.25457659638496,30.79902795634269,0.014640426635742188,0.85
4300,0.42846484280033037,46.793808708468255,33.80948648715781,0.014862918853759765,0.8
4301,0.35292110378944,40.11092021702011,33.97328434310834,0.014931249618530273,0.75
4302,0.44192718021798133,38.27409517749309,31.403294123796872,0.0145463228225708,0.8
4303,0.2843588864387022,36.44902046756394,24.398238476134942,0.014492559432983398,0.7
4304,0.47245400635866364,29.24296612386822,20.123974363522123,0.014682590961456299,0.8
4305,0.5885757025350287,24.45087329179904,14.49977928096673,0.01455622911453247,0.85
4306,0.7625939067799701,26.648620415070628,27.427587720389642,0.014772915840148925,0.95
4307,0.2677541175343977,35.018393086258115,22.521134715542416,0.014702284336090088,0.7
4308,0.6168502881499441,32.81017045697755,28.82448832177664,0.014418423175811768,0.9
4309,0.5410031391282462,32.80637478057788,23.09634598033596,0.014313828945159913,0.85
4310,0.7741799306774044,22.717462496501604,23.33733363807081,0.014763939380645751,0.95
4311,0.3533014279031825,36.735033180960926,22.64128017221897,0.014459311962127686,0.75
4312,0.4751993025301922,36.02287617152561,27.856565574788945,0.014354372024536132,0.8
4313,0.6283628451340529,17.474958869884226,16.71471125468727,0.014559829235076904,0.9
4314,0.4417238869288405,38.276136894996895,37.768112492672365,0.014217877388000488,0.8
4315,0.44513065669005114,43.212328497312136,42.21184155968986,0.014652180671691894,0.85
4316,0.6606965870514012,33.60934436834959,29.26043529475744,0.014918100833892823,0.95
4317,0.507191340296728,16.273435305465867,16.546932694398112,0.014183139801025391,0.8
4318,0.4714455700972057,29.25278488483114,20.846800644102693,0.014116966724395752,0.8
4319,0.6579917422364703,44.01253835531895,39.91778731765876,0.014512109756469726,0.95
4320,0.674446199652945,25.78544206672558,26.21403331694188,0.014748108386993409,0.95
4321,0.7213803109636407,28.632423270298823,29.49056019599005,0.014707911014556884,0.95
4322,0.3537917448695892,39.44897847459747,33.89082356522291,0.01421360969543457,0.75
4323,0.2823688939052644,34.337363414237075,32.2647126840233,0.014568018913269042,0.7
4324,0.22284812009722726,22.490747215216643,17.254671995909284,0.014610385894775391,0.65
4325,0.3672989499916684,25.652603008454584,16.983595239286135,0.013839185237884521,0.75
4326,0.4292658384452156,34.890634709916085,20.489668033625193,0.014871978759765625,0.8
4327,0.25159705844972197,41.05816997876013,29.785699334451973,0.014645981788635253,0.7
4328,0.5473602653509757,33.266786519051244,24.900072940588053,0.014403963088989257,0.85
4329,0.3815891638954781,32.66356712501466,30.938886927724816,0.014298164844512939,0.75
4330,0.5613556205630901,29.820991172366796,25.37593923975113,0.014718210697174073,0.85
4331,0.6436460733199784,28.932939243901057,19.072252759486393,0.014523887634277343,0.9
4332,0.4133712545094568,21.913647275563683,17.23771841531144,0.014718747138977051,0.75
4333,0.7232334651931882,27.701085821284675,22.96994970029985,0.014524340629577637,0.95
4334,0.5414638005449474,28.96368984148999,31.6379340362663,0.014866673946380615,0.85
4335,0.7367623421852413,26.301277340478997,21.770329240824907,0.014444851875305175,0.95
4336,0.7196909485424603,34.64511518555611,35.67305945755985,0.01564030647277832,0.95
4337,0.6867105698172503,18.292305553873422,17.55915066785094,0.015429198741912842,0.9
4338,0.4994023193635931,43.46107572712915,36.706434769732454,0.014874005317687988,0.85
4339,0.45929811725015013,26.982630152095474,24.004646209060812,0.0152884840965271,0.8
4340,0.8443768331376994,18.280156935177246,18.280156935177246,0.014406323432922363,1.0
4341,0.4025513927281863,19.02458847951603,18.990985566310844,0.015007030963897706,0.75
4342,0.5445410479279402,24.49791681539049,19.266321087139485,0.01477886438369751,0.85
4343,0.5293821150960518,33.33714577566697,24.479562445288682,0.015085744857788085,0.85
4344,0.6536156076934072,29.31001606198072,25.15999736282902,0.014704585075378418,0.9
4345,0.3488701769849175,34.35630547570274,17.61673967087055,0.0147613525390625,0.75
4346,0.6908611090779323,34.83860675860413,30.072592224656976,0.01468442678451538,0.95
4347,0.5676329225925618,29.91374535334743,31.414522441911192,0.014923226833343507,0.85
4348,0.6577843856069132,26.859472499276926,22.648167004207526,0.014539432525634766,0.9
4349,0.5387330092335463,28.07732180001495,29.510368060139875,0.01548163890838623,0.85
4350,0.5477513702869603,26.85558625282826,21.315049339699556,0.015342175960540771,0.85
4351,0.5301968512421147,31.520705575074032,28.62321651348937,0.015442991256713867,0.85
4352,0.3735806517033949,25.400798493469278,28.4074729093125,0.015435540676116943,0.75
4353,0.2677082044023075,37.113112218282694,25.15689954330596,0.015154016017913819,0.7
4354,0.40385272068594097,23.163707721867645,24.928934836810306,0.015081286430358887,0.75
4355,0.715409406234375,27.345236418275256,27.943107081646733,0.015113627910614014,0.95
4356,0.46375597399315793,21.56249787936804,16.400456862052877,0.01481269598007202,0.8
4357,0.45716961920019095,25.82297769828032,20.59691443714316,0.014790070056915284,0.8
4358,0.6716251363355948,13.621833583213453,13.453569650740864,0.014435029029846192,0.9
4359,0.5387447680495641,26.426196693249512,27.97364333412828,0.014638841152191162,0.85
4360,0.7783883434778973,33.65708128641884,33.65708128641884,0.014388418197631836,1.0
