request_idx,reward,latency_all,latency_success,processing_time,success
30,0.7744718126712968,14.083374323821829,14.083374323821829,0.010674715042114258,1.0
31,0.7735558370491211,14.066580158054933,14.066580158054933,0.010303664207458495,1.0
32,0.7482970974726707,17.80184657639031,17.80184657639031,0.008292531967163086,1.0
33,0.7532757598135245,17.758918088364748,17.758918088364748,0.00827028751373291,1.0
34,0.768027042059835,13.450146046763962,13.450146046763962,0.008707666397094726,1.0
35,0.747827586419104,19.181081786134094,19.181081786134094,0.00848526954650879,1.0
36,0.7547682363812499,15.296513051494674,15.296513051494674,0.007977890968322753,1.0
37,0.7188965873787823,15.975002860884436,15.975002860884436,0.007628035545349121,1.0
38,0.7467707050076478,20.63411442325144,20.63411442325144,0.007711458206176758,1.0
39,0.7826394907041716,17.180935927457995,17.180935927457995,0.0077193260192871095,1.0
40,0.5962117754025107,15.103883620244957,15.077875925604054,0.007938718795776368,0.9
41,0.7424698388670916,21.596223380303794,21.596223380303794,0.007845330238342284,1.0
42,0.7840728779787398,18.67204992392808,18.67204992392808,0.007950687408447265,1.0
43,0.5272130850722353,17.471274895804395,17.780607493416372,0.007648396492004395,0.9
44,0.5864249469579124,18.949976704014954,19.92149480501429,0.007740545272827149,0.9
45,0.7762863291306076,17.099609684459757,17.099609684459757,0.0076743364334106445,1.0
46,0.7498367108470939,16.743593887625742,16.743593887625742,0.008100008964538575,1.0
47,0.573923375061268,19.020083698559056,17.585827165326492,0.007590651512145996,0.9
48,0.7604394871919986,16.77162322644086,16.77162322644086,0.008008718490600586,1.0
49,0.7453358449488559,20.577649444292536,20.577649444292536,0.007647395133972168,1.0
50,0.7266489324025589,16.996790694474317,16.996790694474317,0.007693934440612793,1.0
51,0.77133045947548,20.260763989129728,20.260763989129728,0.007528471946716309,1.0
52,0.7421430148538398,19.38262104226146,19.38262104226146,0.007844924926757812,1.0
53,0.7694639971969552,18.4547376852259,18.4547376852259,0.008124947547912598,1.0
54,0.7108613005687976,16.697400453302233,16.697400453302233,0.008167243003845215,1.0
55,0.7558174858633018,17.82636568181968,17.82636568181968,0.00772860050201416,1.0
56,0.6254181974464224,14.909850666120988,14.885485001785419,0.007681655883789063,0.9
57,0.7430598467266849,14.276744748863024,14.276744748863024,0.007856798171997071,1.0
58,0.6431934145600586,15.486612473102857,15.966079909551114,0.007862067222595215,0.9
59,0.7681226073777021,17.120734789844235,17.120734789844235,0.008024120330810547,1.0
60,0.7373808460667807,18.83600380646754,18.83600380646754,0.007650923728942871,1.0
61,0.6244499345355187,16.19797376900302,16.48537306263679,0.007526206970214844,0.9
62,0.7358186563364322,20.387185018948355,20.387185018948355,0.0074722528457641605,1.0
63,0.5946505132829307,21.164412495881088,22.378756488016812,0.008016300201416016,0.9
64,0.7545962878687582,16.63983463302163,16.63983463302163,0.007898092269897461,1.0
65,0.7431914935377533,18.369329443822505,18.369329443822505,0.007858180999755859,1.0
66,0.7534214676347544,16.849876366088093,16.849876366088093,0.008033466339111329,1.0
67,0.7125845714965731,12.042695906187307,12.042695906187307,0.007720160484313965,1.0
68,0.7269733350291415,14.721420108663377,14.721420108663377,0.007392096519470215,1.0
69,0.5918934600756782,15.204343522621974,14.861459051482885,0.007460355758666992,0.9
70,0.5796369650425486,18.628509636866262,18.75033144165301,0.007794928550720215,0.9
71,0.6054886598299187,19.191867446657227,19.360804278904382,0.007919859886169434,0.9
72,0.5940305394312598,15.23477504426354,15.513274440099776,0.008039450645446778,0.9
73,0.6610061774732776,16.220166095102588,14.665241310345737,0.007449984550476074,0.9
74,0.7567957260272291,16.17024208668858,16.17024208668858,0.00783677101135254,1.0
75,0.7675326352908385,13.755328340749177,13.755328340749177,0.007454991340637207,1.0
76,0.7572910902427508,14.807439961999211,14.807439961999211,0.007952499389648437,1.0
77,0.6438238310736872,17.920508917936893,18.15375628509975,0.007515549659729004,0.9
78,0.7773107453364863,19.69041370993803,19.69041370993803,0.007906556129455566,1.0
79,0.5730550273514041,15.828740994114625,15.373596286170182,0.008030939102172851,0.9
80,0.7218961055158779,18.863732868855553,18.863732868855553,0.007962584495544434,1.0
81,0.647000751680662,14.957995705999195,15.229819104378468,0.0075318336486816405,0.9
82,0.736199374896672,17.51607579091503,17.51607579091503,0.007700514793395996,1.0
83,0.7806838868048259,18.01199314915877,18.01199314915877,0.007422995567321777,1.0
84,0.7829371569411213,18.605676615599585,18.605676615599585,0.007614850997924805,1.0
85,0.772218813525196,15.855660177269566,15.855660177269566,0.0078037500381469725,1.0
86,0.7606379782471657,20.339692527746838,20.339692527746838,0.008391523361206054,1.0
87,0.7041000522752375,17.509512081404292,17.509512081404292,0.008141922950744628,1.0
88,0.5974550319733443,19.61726583479409,17.84211676661267,0.00842440128326416,0.9
89,0.7542559765393274,18.371817035101035,18.371817035101035,0.008299827575683594,1.0
90,0.658050256975516,17.986135695891583,18.698345329548516,0.007698464393615723,0.9
91,0.6063161856981797,21.799304375843402,22.822265989340124,0.007527279853820801,0.9
92,0.7535831848302246,15.377084401729295,15.377084401729295,0.0074880123138427734,1.0
93,0.7051410904877653,16.368695530986933,16.368695530986933,0.008183741569519043,1.0
94,0.7724923743965495,17.242544799338496,17.242544799338496,0.00810844898223877,1.0
95,0.783439503526563,14.629487491001305,14.629487491001305,0.007978320121765137,1.0
96,0.7897701728750637,19.71621315561523,19.71621315561523,0.007612442970275879,1.0
97,0.5711442884618928,16.908431753281196,17.323768154496694,0.007704973220825195,0.9
98,0.7409655379183504,16.282835306066588,16.282835306066588,0.0079512357711792,1.0
99,0.7825166689007836,18.515053684767125,18.515053684767125,0.007804155349731445,1.0
100,0.6083949714677422,21.040931086920793,22.18739565256734,0.007791042327880859,0.9
101,0.7526076825770474,18.099814045869586,18.099814045869586,0.007781982421875,1.0
102,0.7445296931935953,14.889567167768325,14.889567167768325,0.007921338081359863,1.0
103,0.6349806516559842,12.982995049554267,13.165040861941328,0.007597231864929199,0.9
104,0.744550602885991,16.646164367773864,16.646164367773864,0.0078873872756958,1.0
105,0.7496069112906972,16.21568493933661,16.21568493933661,0.007949757575988769,1.0
106,0.5621587479088805,19.571686051374073,17.153212998262013,0.007656669616699219,0.9
107,0.8055670576067779,18.831105029751125,18.831105029751125,0.007734107971191406,1.0
108,0.778109801953281,18.466414903254474,18.466414903254474,0.007639956474304199,1.0
109,0.6410606334613582,17.349626641204047,18.151341380595834,0.007372808456420898,0.9
110,0.5865946832122202,16.830896148779953,17.141137362913856,0.007900190353393555,0.9
111,0.744963794490926,18.15260719289801,18.15260719289801,0.00838487148284912,1.0
112,0.7843307964004899,15.908067938855913,15.908067938855913,0.007734608650207519,1.0
113,0.7843938098089945,19.520777756584714,19.520777756584714,0.0077643156051635746,1.0
114,0.6166143805689434,14.738910539283614,15.056082197359169,0.007509446144104004,0.9
115,0.7662036285130178,18.12094004926707,18.12094004926707,0.007334232330322266,1.0
116,0.7341220967165726,18.323201259766883,18.323201259766883,0.007706451416015625,1.0
117,0.7358501267963965,16.49794075249189,16.49794075249189,0.00801081657409668,1.0
118,0.8074320288522945,15.290403858980795,15.290403858980795,0.007626080513000488,1.0
119,0.7799080908639155,16.79717489826347,16.79717489826347,0.00810396671295166,1.0
120,0.7724407014958338,17.57520764932047,17.57520764932047,0.008031749725341797,1.0
121,0.7419051933213293,16.198297221507268,16.198297221507268,0.007543182373046875,1.0
122,0.7545762703915236,20.967610832358865,20.967610832358865,0.007521700859069824,1.0
123,0.7626037529192308,19.028461026326568,19.028461026326568,0.007764220237731934,1.0
124,0.7293834438744249,16.335737717315613,16.335737717315613,0.007685089111328125,1.0
125,0.7357363005529827,19.8641576444967,19.8641576444967,0.007586169242858887,1.0
126,0.777157259919395,13.740160207723585,13.740160207723585,0.007999086380004882,1.0
127,0.7741700447117749,12.6741737640811,12.6741737640811,0.007602858543395996,1.0
128,0.7031603681372147,15.790610128979116,15.790610128979116,0.008103895187377929,1.0
129,0.5882679251969439,12.285231706246657,12.399664644673871,0.008009910583496094,0.9
130,0.6904381286274293,17.32115655415986,17.32115655415986,0.008145785331726075,1.0
131,0.7387195071112791,15.870021285702592,15.870021285702592,0.0076193571090698246,1.0
132,0.7692392865519542,22.274455765678624,22.274455765678624,0.007411003112792969,1.0
133,0.7574216202145166,19.39623467153468,19.39623467153468,0.007370352745056152,1.0
134,0.7477536153513492,18.738199896777022,18.738199896777022,0.00790550708770752,1.0
135,0.6012005475784138,16.97969105292402,17.532433011007853,0.00800011157989502,0.9
136,0.7612726927850082,17.726507787663298,17.726507787663298,0.0077905416488647464,1.0
137,0.7790292164687268,15.975149455686495,15.975149455686495,0.008231663703918457,1.0
138,0.8006130110115401,16.167002921008155,16.167002921008155,0.007787108421325684,1.0
139,0.600897761215937,17.18243917274841,17.550564057521836,0.007628488540649414,0.9
140,0.6207538881697207,18.500478427642825,17.09161838739619,0.007595324516296386,0.9
141,0.6199016449100967,15.026737800510784,12.771773377470074,0.007500576972961426,0.9
142,0.718167741213322,22.475359628806263,22.475359628806263,0.007803201675415039,1.0
143,0.7569069221815896,21.602597837842307,21.602597837842307,0.00774078369140625,1.0
144,0.7301569241556387,21.145091481027556,21.145091481027556,0.007992410659790039,1.0
145,0.7594758809862169,21.081478977973354,21.081478977973354,0.007677030563354492,1.0
146,0.7905681885116999,18.07836077498311,18.07836077498311,0.008124566078186036,1.0
147,0.7449221445524647,14.64531786287364,14.64531786287364,0.007432270050048828,1.0
148,0.7485080457350507,11.062338578404953,11.062338578404953,0.00785233974456787,1.0
149,0.7653585391311262,16.52874991240109,16.52874991240109,0.007689833641052246,1.0
150,0.7901205799876249,16.0048162015677,16.0048162015677,0.007373666763305664,1.0
151,0.6028468977105884,14.438855319780027,14.879674744668888,0.00750887393951416,0.9
152,0.7525074933470253,21.29720926037472,21.29720926037472,0.007736563682556152,1.0
153,0.7755617048453907,12.182519471969849,12.182519471969849,0.007655787467956543,1.0
154,0.7756364892216372,13.007769465284222,13.007769465284222,0.007943844795227051,1.0
155,0.778638225328315,15.907429689547318,15.907429689547318,0.007877421379089356,1.0
156,0.77740006553405,16.953827175194853,16.953827175194853,0.007339382171630859,1.0
157,0.7151804104228636,16.37547931035367,16.37547931035367,0.007302212715148926,1.0
158,0.7395035824890795,17.552402753433007,17.552402753433007,0.007527685165405274,1.0
159,0.7333729718195149,18.304142851436048,18.304142851436048,0.007599425315856933,1.0
160,0.7924850494271657,15.438231108537494,15.438231108537494,0.007685971260070801,1.0
161,0.64077286241129,15.57785422146325,15.667137430433492,0.007797431945800781,0.9
162,0.594590454879942,12.732328588068144,12.571921438556215,0.007784795761108398,0.9
163,0.7599241072297187,11.975902763759999,11.975902763759999,0.007696366310119629,1.0
164,0.7758867014068717,18.743897313318673,18.743897313318673,0.008000349998474121,1.0
165,0.7873489857370578,16.62871718990207,16.62871718990207,0.007612085342407227,1.0
166,0.7711666074449408,15.044122864494275,15.044122864494275,0.007653093338012696,1.0
167,0.766709368162824,18.88597422297627,18.88597422297627,0.007487797737121582,1.0
168,0.732747878193287,17.93191269188905,17.93191269188905,0.007220077514648438,1.0
169,0.7161016934174276,20.62042306598058,20.62042306598058,0.007567977905273438,1.0
170,0.5873465621510424,17.976223566005977,18.521782452400746,0.008286476135253906,0.9
171,0.7522250332012507,15.78509633097688,15.78509633097688,0.008176541328430176,1.0
172,0.7769713026280733,18.66344248980234,18.66344248980234,0.007717490196228027,1.0
173,0.7696874559998998,12.739293083989681,12.739293083989681,0.007793283462524414,1.0
174,0.7387227084680613,18.803717296708722,18.803717296708722,0.007599544525146484,1.0
175,0.6059447392465988,12.77788950324946,12.549633455957203,0.007234096527099609,0.9
176,0.8025685910349851,19.917987712398944,19.917987712398944,0.007537746429443359,1.0
177,0.7437545589392872,14.525529863604453,14.525529863604453,0.00806429386138916,1.0
178,0.7602601872065651,16.49804236348858,16.49804236348858,0.007871007919311524,1.0
179,0.7714992425909034,17.958073503186274,17.958073503186274,0.007601237297058106,1.0
180,0.7855505770316411,14.547814436997374,14.547814436997374,0.00785815715789795,1.0
181,0.7945880803715795,14.396464627662771,14.396464627662771,0.007652497291564942,1.0
182,0.7571375883453795,17.87210595917425,17.87210595917425,0.007942843437194824,1.0
183,0.7547685948040425,14.819898378384158,14.819898378384158,0.0077599287033081055,1.0
184,0.7833777775964774,17.123129764925203,17.123129764925203,0.00787975788116455,1.0
185,0.6206377375880494,15.208654227719586,15.318625785531436,0.007486271858215332,0.9
186,0.6427685400464146,13.590811901246886,13.870363797761954,0.00783071517944336,0.9
187,0.7482602840911283,14.978296706916254,14.978296706916254,0.007485580444335937,1.0
188,0.7395434181722633,11.752553210429436,11.752553210429436,0.007877111434936523,1.0
189,0.775788926897935,15.38148839750076,15.38148839750076,0.007950878143310547,1.0
190,0.766169575511962,16.573384597728037,16.573384597728037,0.007771921157836914,1.0
191,0.7786683186487606,18.482360202845364,18.482360202845364,0.007675647735595703,1.0
192,0.6202941622603966,17.455700560047827,18.091299330413253,0.007982563972473145,0.9
193,0.737027458571271,19.092440759372757,19.092440759372757,0.007697153091430664,1.0
194,0.74252852367784,13.654645342371836,13.654645342371836,0.008008599281311035,1.0
195,0.7583764435964675,16.408947888005226,16.408947888005226,0.008365797996520995,1.0
196,0.7810986713379557,17.65358133701605,17.65358133701605,0.0076869487762451175,1.0
197,0.7739136959133358,17.72939432771506,17.72939432771506,0.0076203584671020504,1.0
198,0.7644025741388579,17.28494574121511,17.28494574121511,0.007569360733032227,1.0
199,0.7868330416844229,13.820053929813117,13.820053929813117,0.007607388496398926,1.0
200,0.7699993660542566,15.558996669199747,15.558996669199747,0.008062291145324706,1.0
201,0.7825422206563605,17.286041946835752,17.286041946835752,0.008003544807434083,1.0
202,0.739560080942804,15.412035384045822,15.412035384045822,0.007831668853759766,1.0
203,0.6021607885577858,12.790876425787948,12.181177539414529,0.007964277267456054,0.9
204,0.7590198898109302,12.930048869264272,12.930048869264272,0.0076007843017578125,1.0
205,0.6523250982627222,13.284720735213515,13.61178560014155,0.007610964775085449,0.9
206,0.7396019727975257,18.665031808425482,18.665031808425482,0.007675743103027344,1.0
207,0.7469352825147662,19.37372903387099,19.37372903387099,0.008010053634643554,1.0
208,0.7138734097198824,17.380042972528415,17.380042972528415,0.007871127128601075,1.0
209,0.7522878337315448,15.406573588578246,15.406573588578246,0.007746553421020508,1.0
210,0.5450122351729896,9.92442263165074,9.888133583481691,0.007396888732910156,0.9
211,0.7315756836430904,12.30340804200351,12.30340804200351,0.00783684253692627,1.0
212,0.7582637765795531,20.222589424398606,20.222589424398606,0.007816314697265625,1.0
213,0.712795095690713,20.838096516965447,20.838096516965447,0.008021163940429687,1.0
214,0.6115234331363378,17.33751513757529,17.9864719652373,0.0077402591705322266,0.9
215,0.7570678249660174,14.485587128494945,14.485587128494945,0.00782771110534668,1.0
216,0.7612892952002451,18.175184380181115,18.175184380181115,0.007807040214538574,1.0
217,0.7524996858786006,15.60990595763038,15.60990595763038,0.007867050170898438,1.0
218,0.7960059800119008,18.37840282451428,18.37840282451428,0.007672810554504394,1.0
219,0.723468426643602,10.634251597361924,10.634251597361924,0.007815241813659668,1.0
220,0.7775125858235133,14.851212963209013,14.851212963209013,0.007695388793945312,1.0
221,0.7937272421564466,13.13423267604507,13.13423267604507,0.007840299606323242,1.0
222,0.777212385030297,17.810831584282074,17.810831584282074,0.007823634147644042,1.0
223,0.7865162419672918,15.45419015554938,15.45419015554938,0.008112764358520508,1.0
224,0.7494627212078744,16.44963628427456,16.44963628427456,0.0077324390411376955,1.0
225,0.7378547806037721,18.32862698821466,18.32862698821466,0.007824134826660157,1.0
226,0.7986284595435653,14.21056594377286,14.21056594377286,0.007871603965759278,1.0
227,0.6160383551673398,15.402845503792012,15.691252525391754,0.007654237747192383,0.9
228,0.7445972822885027,19.314926006675535,19.314926006675535,0.007481813430786133,1.0
229,0.7656856760272168,18.09459905565164,18.09459905565164,0.008028483390808106,1.0
230,0.6059857303369008,15.992020460623644,16.657268281312806,0.007867813110351562,0.9
231,0.7541533841344643,19.19341813386243,19.19341813386243,0.007830524444580078,1.0
232,0.7611586785374458,19.47026620621,19.47026620621,0.007804965972900391,1.0
233,0.6178456950252775,16.991475698260764,17.472459807822766,0.007353019714355469,0.9
234,0.7328905887963739,13.631467045161362,13.631467045161362,0.007517218589782715,1.0
235,0.7400679557236487,16.08085379297524,16.08085379297524,0.007632398605346679,1.0
236,0.8100442142417853,14.679234513868314,14.679234513868314,0.00794062614440918,1.0
237,0.7874670184513947,14.788962211847757,14.788962211847757,0.007680296897888184,1.0
238,0.7920683506058003,16.74064833507449,16.74064833507449,0.007966756820678711,1.0
239,0.7800415530017368,18.71443702078773,18.71443702078773,0.007442998886108399,1.0
240,0.7769882394044567,11.976862742757062,11.976862742757062,0.007619404792785644,1.0
241,0.7800020030819803,15.809890686669046,15.809890686669046,0.007684826850891113,1.0
242,0.7340381283079802,17.30117147915471,17.30117147915471,0.008005857467651367,1.0
243,0.7636829788619214,15.729784589197248,15.729784589197248,0.007480430603027344,1.0
244,0.7554024591256281,17.621129879182828,17.621129879182828,0.007865452766418457,1.0
245,0.753251414863697,18.27103793333884,18.27103793333884,0.007976341247558593,1.0
246,0.7549414177890332,15.311882430420777,15.311882430420777,0.0076284646987915036,1.0
247,0.7844483820459595,15.8759327599941,15.8759327599941,0.007594895362854004,1.0
248,0.7946053662057315,15.088970220127475,15.088970220127475,0.007965373992919921,1.0
249,0.779328180453725,15.07875329981482,15.07875329981482,0.007892751693725586,1.0
250,0.7348746318351942,15.032745537366191,15.032745537366191,0.007648634910583496,1.0
251,0.7238175303209196,12.920182100756028,12.920182100756028,0.007958126068115235,1.0
252,0.733569990514799,15.778872899195019,15.778872899195019,0.0075579404830932615,1.0
253,0.5389755170915251,16.902854758987026,16.671245447500052,0.007865524291992188,0.9
254,0.7575998132964682,16.32557033871122,16.32557033871122,0.008089447021484375,1.0
255,0.7246084373224139,19.295084575985676,19.295084575985676,0.007739663124084473,1.0
256,0.7809422054867251,18.934108629412037,18.934108629412037,0.007588887214660644,1.0
257,0.7853369915499926,15.549397490198356,15.549397490198356,0.007681107521057129,1.0
258,0.7603684728475747,13.723531320865593,13.723531320865593,0.007554888725280762,1.0
259,0.7130092535601387,19.516840218506836,19.516840218506836,0.0076771736145019535,1.0
260,0.7739562399272424,20.112245272472045,20.112245272472045,0.007818341255187988,1.0
261,0.7498240549613839,15.311718325943847,15.311718325943847,0.0079071044921875,1.0
262,0.7977351381641969,19.173906218743035,19.173906218743035,0.007857990264892579,1.0
263,0.754339248257302,15.476321314923718,15.476321314923718,0.0077819347381591795,1.0
264,0.7558512803134759,16.665258659287637,16.665258659287637,0.007541227340698242,1.0
265,0.7713573215392523,14.229808431005406,14.229808431005406,0.007663249969482422,1.0
266,0.7414934670541032,12.868291630951669,12.868291630951669,0.007728934288024902,1.0
267,0.6145036020028309,14.46328455552757,14.817412558092567,0.0077721595764160155,0.9
268,0.7641749812026217,18.934212434472073,18.934212434472073,0.007792186737060547,1.0
269,0.7436323056109769,17.36637722857835,17.36637722857835,0.007592296600341797,1.0
270,0.6373259166968026,19.79684434126744,18.56098950667624,0.007802796363830566,0.9
271,0.7873082329799909,14.886258061487553,14.886258061487553,0.007561159133911133,1.0
272,0.7619360041045772,17.4785720428663,17.4785720428663,0.007667183876037598,1.0
273,0.7599929771341456,17.445870252987653,17.445870252987653,0.007676768302917481,1.0
274,0.7745017487605945,16.997551568934448,16.997551568934448,0.008005642890930175,1.0
275,0.7930995802870315,17.780451356660727,17.780451356660727,0.007764649391174316,1.0
276,0.6009373764854565,15.911180764783555,15.970154884879934,0.007961249351501465,0.9
277,0.7726051392374946,17.53804895435763,17.53804895435763,0.007967352867126465,1.0
278,0.7786718055120677,19.14660090125852,19.14660090125852,0.00791025161743164,1.0
279,0.8069570764356477,14.551576479556186,14.551576479556186,0.0073264122009277345,1.0
280,0.7763877032245509,17.914689103517084,17.914689103517084,0.007451796531677246,1.0
281,0.7960619303659117,18.33068201956022,18.33068201956022,0.007953906059265136,1.0
282,0.7960494474508357,14.05104303762216,14.05104303762216,0.00758359432220459,1.0
283,0.7442718919208338,14.939225320085052,14.939225320085052,0.007646775245666504,1.0
284,0.807403500309313,15.197855595710143,15.197855595710143,0.007782697677612305,1.0
285,0.7464898530354407,15.98615663267061,15.98615663267061,0.007798027992248535,1.0
286,0.781579664073022,18.358459488660408,18.358459488660408,0.007475709915161133,1.0
287,0.7599323585304573,17.428258732976172,17.428258732976172,0.008038020133972168,1.0
288,0.756262377896247,18.96141942076623,18.96141942076623,0.007636260986328125,1.0
289,0.7657683326986044,14.038006454949615,14.038006454949615,0.007926297187805176,1.0
290,0.7476609991304133,18.840897029127994,18.840897029127994,0.007636451721191406,1.0
291,0.7552393892250411,15.55630328836566,15.55630328836566,0.007361936569213867,1.0
292,0.8035074468526233,14.189473992389447,14.189473992389447,0.0072823047637939455,1.0
293,0.7655652249692749,17.31980231619748,17.31980231619748,0.007944941520690918,1.0
294,0.6790178925541304,15.23335419533699,15.23335419533699,0.007938742637634277,1.0
295,0.7107671348831006,16.205639798829445,16.205639798829445,0.00800178050994873,1.0
296,0.7450377610833392,17.064644357405026,17.064644357405026,0.007786607742309571,1.0
297,0.7618947544855564,20.24305317163431,20.24305317163431,0.007800889015197754,1.0
298,0.7275496311240693,14.80830837173713,14.80830837173713,0.007335090637207031,1.0
299,0.7521821047092485,18.3062346289618,18.3062346289618,0.007562088966369629,1.0
300,0.7800400319031022,18.031778610511985,18.031778610511985,0.007884502410888672,1.0
301,0.7641149963366971,13.5413550028775,13.5413550028775,0.007944607734680175,1.0
302,0.7223213798642887,16.300956105177438,16.300956105177438,0.008144378662109375,1.0
303,0.763348645644716,16.799884292349336,16.799884292349336,0.008139324188232423,1.0
304,0.76358210964038,17.76325650392655,17.76325650392655,0.0076661348342895504,1.0
305,0.608619576110975,18.80539238352479,17.00100631995428,0.007733607292175293,0.9
306,0.7528383718783622,18.005830389769464,18.005830389769464,0.007721257209777832,1.0
307,0.760898673937864,17.336099876671568,17.336099876671568,0.007512617111206055,1.0
308,0.5972034710867209,15.91487238280315,16.31039513411379,0.007947540283203125,0.9
309,0.7861927083253397,13.917115812583097,13.917115812583097,0.007699418067932129,1.0
310,0.8076407578591646,12.93262684942452,12.93262684942452,0.007848215103149415,1.0
311,0.7486741835482194,11.390473553368222,11.390473553368222,0.007800507545471192,1.0
312,0.7702102093031014,18.031076711176205,18.031076711176205,0.008339858055114746,1.0
313,0.7505332652722967,19.850018143568608,19.850018143568608,0.007942962646484374,1.0
314,0.7883580957772561,16.65034737177801,16.65034737177801,0.00787956714630127,1.0
315,0.7780385145630074,14.02463599006019,14.02463599006019,0.0077240228652954105,1.0
316,0.7745906888399453,18.08939661155258,18.08939661155258,0.007584929466247559,1.0
317,0.7358628762705991,13.697806220035801,13.697806220035801,0.007815337181091309,1.0
318,0.743767578485073,14.788333468810071,14.788333468810071,0.008397507667541503,1.0
319,0.7708250442557877,17.740244129766335,17.740244129766335,0.00801994800567627,1.0
320,0.774167887165748,17.74025624029155,17.74025624029155,0.008341312408447266,1.0
321,0.7718627603545016,21.67471552666172,21.67471552666172,0.007676625251770019,1.0
322,0.7706082975052164,14.639519938534898,14.639519938534898,0.007640552520751953,1.0
323,0.7475458664303796,17.47884970868091,17.47884970868091,0.0073315143585205075,1.0
324,0.6162497154641448,18.461271782769966,16.84304419129531,0.007364392280578613,0.9
325,0.75957779867186,14.554741758802535,14.554741758802535,0.0076723814010620115,1.0
326,0.7208904024365868,18.685918547232596,18.685918547232596,0.008359551429748535,1.0
327,0.7523833521755343,19.494246332505973,19.494246332505973,0.00801546573638916,1.0
328,0.7867730300901635,14.557862715179004,14.557862715179004,0.007772564888000488,1.0
329,0.7530387168133323,11.891481982291689,11.891481982291689,0.007876896858215332,1.0
330,0.7703902426358792,16.14787170646593,16.14787170646593,0.0077879905700683595,1.0
331,0.7304816595512788,19.80329890448341,19.80329890448341,0.007799983024597168,1.0
332,0.753262818212084,18.719535869346153,18.719535869346153,0.007617139816284179,1.0
333,0.7483462572021699,15.934224235784068,15.934224235784068,0.0075063943862915036,1.0
334,0.757716240971221,17.38058134809176,17.38058134809176,0.007660341262817383,1.0
335,0.7509124618073736,20.51994591878985,20.51994591878985,0.007545089721679688,1.0
336,0.6402639214873584,15.771444876182112,16.28263825798684,0.007936048507690429,0.9
337,0.7494483334492866,17.55649615685143,17.55649615685143,0.008271455764770508,1.0
338,0.6256056346411034,17.30308146525984,15.676420466888468,0.0078324556350708,0.9
339,0.7658907193939665,15.749075941815487,15.749075941815487,0.007898902893066407,1.0
340,0.7823496362633194,15.827881076229385,15.827881076229385,0.007622337341308594,1.0
341,0.5935999821527472,16.63904082421143,16.86334426884745,0.0072666645050048825,0.9
342,0.7771774514493963,12.997893900100326,12.997893900100326,0.007315301895141601,1.0
343,0.7559968451971087,16.740901804148542,16.740901804148542,0.007736992835998535,1.0
344,0.8111734098348824,15.40243366293634,15.40243366293634,0.007820653915405273,1.0
345,0.7824300802050816,16.729161235232382,16.729161235232382,0.007904815673828124,1.0
346,0.7972849613504434,14.164155467578198,14.164155467578198,0.0078948974609375,1.0
347,0.5754072494620186,17.161646807502983,17.549732395568917,0.007843375205993652,0.9
348,0.5949056674089496,16.778902403991665,17.344777048686705,0.007665753364562988,0.9
349,0.7486394254963136,13.740791506767035,13.740791506767035,0.007648181915283203,1.0
350,0.7299814566148873,16.599801765061507,16.599801765061507,0.007338094711303711,1.0
351,0.7694600681335331,17.281842302254663,17.281842302254663,0.0072864055633544925,1.0
352,0.7551687950034216,20.09095339535908,20.09095339535908,0.007488918304443359,1.0
353,0.7920330255166711,11.696831072891223,11.696831072891223,0.007703566551208496,1.0
354,0.5861498311966559,15.728387402782307,15.773463035950678,0.008427166938781738,0.9
355,0.7646248686850747,16.985045663218305,16.985045663218305,0.008093500137329101,1.0
356,0.7120981563873164,12.651550948121017,12.651550948121017,0.007813596725463867,1.0
357,0.7438723325202186,16.887264169983073,16.887264169983073,0.007828545570373536,1.0
358,0.7500405961534943,17.863196643102732,17.863196643102732,0.007538819313049316,1.0
359,0.7748598481350178,13.666925682488502,13.666925682488502,0.007427883148193359,1.0
360,0.7789916444771429,16.49905658408297,16.49905658408297,0.00764760971069336,1.0
361,0.7994554570634635,15.261167816986932,15.261167816986932,0.0077117919921875,1.0
362,0.8258222355456487,16.459907325645858,16.459907325645858,0.007775235176086426,1.0
363,0.7492791952426593,14.516313099928553,14.516313099928553,0.008079004287719727,1.0
364,0.7541320119679623,19.040747836506338,19.040747836506338,0.00801088809967041,1.0
365,0.7354532145069773,20.04429986459802,20.04429986459802,0.008098816871643067,1.0
366,0.6045760864341133,18.36435897539738,18.898921413020915,0.0076960563659667965,0.9
367,0.5905782203195592,15.431503756405558,13.544173716806448,0.007346940040588379,0.9
368,0.6286733998056294,14.027038420292717,12.0437900971704,0.0072573661804199215,0.9
369,0.7958231171505029,15.087083769724732,15.087083769724732,0.007451891899108887,1.0
370,0.8122617371852291,15.270029576488202,15.270029576488202,0.007413554191589356,1.0
371,0.7621253257003645,13.651082526570297,13.651082526570297,0.008384990692138671,1.0
372,0.6261277907887978,15.736560714868341,16.096421906618136,0.007962274551391601,0.9
373,0.8043675004331327,15.51513059433474,15.51513059433474,0.008193659782409667,1.0
374,0.7722379669817631,20.917996988525648,20.917996988525648,0.0077990531921386715,1.0
375,0.6138598701204048,17.144224243766182,17.85311421133065,0.007447266578674316,0.9
376,0.7627747837570281,20.448264398203666,20.448264398203666,0.007490134239196778,1.0
377,0.7931578456979833,18.32863573903767,18.32863573903767,0.007470035552978515,1.0
378,0.7973139680411037,15.283576462736411,15.283576462736411,0.00759730339050293,1.0
379,0.717771775820106,19.29916924283723,19.29916924283723,0.007944798469543457,1.0
380,0.7869281770148497,19.772651284058334,19.772651284058334,0.007784080505371094,1.0
381,0.7584946864248725,17.737052371485465,17.737052371485465,0.007727408409118652,1.0
382,0.6366113327783135,16.177934236625894,16.41006614956771,0.007981061935424805,0.9
383,0.7434593753616711,16.680878122846444,16.680878122846444,0.00780336856842041,1.0
384,0.6124581684572201,17.73574698775211,18.503096470197285,0.007737112045288086,0.9
385,0.49125070151936373,18.33030368251058,17.691467566847187,0.007845830917358399,0.8
386,0.7367631095051946,15.883317046783759,15.883317046783759,0.007626461982727051,1.0
387,0.7439124524029437,15.79516273355829,15.79516273355829,0.007318377494812012,1.0
388,0.7821462307573759,15.573064273686247,15.573064273686247,0.007932591438293456,1.0
389,0.7840749984949434,17.12821910418222,17.12821910418222,0.008067870140075683,1.0
390,0.6364508029831806,13.284672009742337,13.29735885508147,0.007958364486694337,0.9
391,0.8174054996089073,17.539427873677944,17.539427873677944,0.008215665817260742,1.0
392,0.7783245537525774,16.493902139397633,16.493902139397633,0.0074338197708129885,1.0
393,0.6163982145206172,17.74115389137894,18.08456869209105,0.007442283630371094,0.9
394,0.5776493339483867,16.06126729816591,16.49706721047186,0.007329511642456055,0.9
395,0.699939836111375,19.12529696472038,19.12529696472038,0.007925057411193847,1.0
396,0.7678715181744975,16.74828910907349,16.74828910907349,0.007655525207519531,1.0
397,0.5778100628494868,19.65883833842378,20.363643685951146,0.008047080039978028,0.9
398,0.614928434015369,17.84914820335386,18.561561509216585,0.007962536811828614,0.9
399,0.7933330080025249,14.524205752003079,14.524205752003079,0.007816505432128907,1.0
400,0.7569357172350808,15.452478804822244,15.452478804822244,0.007528424263000488,1.0
401,0.7883984018950201,14.859430864454344,14.859430864454344,0.007685375213623047,1.0
402,0.7697206410258206,14.432200822176522,14.432200822176522,0.007598614692687989,1.0
403,0.75414486500238,16.016283697873128,16.016283697873128,0.00782618522644043,1.0
404,0.779937727673029,14.031727054988062,14.031727054988062,0.007805037498474121,1.0
405,0.7504327286312795,15.030221853811838,15.030221853811838,0.008071517944335938,1.0
406,0.7788653943175039,15.751800908991072,15.751800908991072,0.008005547523498534,1.0
407,0.605601603808659,16.04426521458954,16.50357309453632,0.007907724380493164,0.9
408,0.7307083898889157,13.768177083932198,13.768177083932198,0.00803372859954834,1.0
409,0.7110061005462366,14.255127797842956,14.255127797842956,0.007850909233093261,1.0
410,0.708900382359644,16.72986814890976,16.72986814890976,0.0076869487762451175,1.0
411,0.5905607102003698,15.04408560482619,13.288005284693362,0.008154535293579101,0.9
412,0.7409942111741734,12.170743082110812,12.170743082110812,0.007862329483032227,1.0
413,0.6823173991769012,14.542504042125154,14.542504042125154,0.007826280593872071,1.0
414,0.7682427575482168,13.727561751571272,13.727561751571272,0.007783222198486328,1.0
415,0.7812202563191147,16.299881421106743,16.299881421106743,0.007711982727050782,1.0
416,0.7379332624941625,18.867969231400686,18.867969231400686,0.007714414596557617,1.0
417,0.7236436680140976,14.940501004540858,14.940501004540858,0.007943201065063476,1.0
418,0.7384670945407995,18.479029547785697,18.479029547785697,0.00786285400390625,1.0
419,0.7725826268901516,11.996048127235069,11.996048127235069,0.007885622978210449,1.0
420,0.7659528564267291,14.213646286324643,14.213646286324643,0.00833892822265625,1.0
421,0.7428054151241159,12.52616130699002,12.52616130699002,0.008269119262695312,1.0
422,0.7409719218186461,15.248196558615271,15.248196558615271,0.007984256744384766,1.0
423,0.7273187666710984,14.470599875048919,14.470599875048919,0.008121395111083984,1.0
424,0.7417593817815288,17.826304618648777,17.826304618648777,0.007960915565490723,1.0
425,0.8149611637187084,15.776014226988636,15.776014226988636,0.007898449897766113,1.0
426,0.8028418533203817,15.423140804364953,15.423140804364953,0.00809473991394043,1.0
427,0.489756300771466,12.59916221568816,12.730723787417784,0.008478689193725585,0.8
428,0.597896281579493,18.006229091234598,18.41777805596719,0.008106446266174317,0.9
429,0.6245240409060216,17.65419170897253,17.939853160095918,0.007717728614807129,0.9
430,0.7837424990048313,15.85816242895377,15.85816242895377,0.007578468322753907,1.0
431,0.774204110624489,17.41520208800889,17.41520208800889,0.007603788375854492,1.0
432,0.7850603229657448,18.578475802643222,18.578475802643222,0.007977175712585449,1.0
433,0.774865765711706,13.967985915088192,13.967985915088192,0.008114886283874512,1.0
434,0.8049084730415046,16.173108545241664,16.173108545241664,0.007681131362915039,1.0
435,0.7742294189929722,14.879735028788588,14.879735028788588,0.008028054237365722,1.0
436,0.6290550156672888,17.40932588527047,17.903840911402035,0.007761812210083008,0.9
437,0.7206744824541694,16.83859436436722,16.83859436436722,0.007991290092468262,1.0
438,0.6063828104025754,17.426238801313453,17.825519008533146,0.0077691316604614254,0.9
439,0.7882884211758232,14.081058382066601,14.081058382066601,0.00774850845336914,1.0
440,0.42690579161192066,9.240582696534235,8.360817333584004,0.007245755195617676,0.8
441,0.7363556138892786,15.317883450159567,15.317883450159567,0.007668304443359375,1.0
442,0.6029695032743746,18.95782653586792,16.55862663856277,0.007651782035827637,0.9
443,0.7937664102302536,21.32392212175861,21.32392212175861,0.007880115509033203,1.0
444,0.7375849548501402,21.314663860621614,21.314663860621614,0.008082246780395508,1.0
445,0.7502622716843864,18.005363795642587,18.005363795642587,0.007782101631164551,1.0
446,0.7325809844820037,20.910598236205928,20.910598236205928,0.007529211044311523,1.0
447,0.7627885922950377,14.68458497475746,14.68458497475746,0.007616877555847168,1.0
448,0.7399979192561739,15.252608235748236,15.252608235748236,0.00774073600769043,1.0
449,0.776744393659809,17.020293503663957,17.020293503663957,0.0073222160339355465,1.0
450,0.7095469097799063,16.70640065893834,16.70640065893834,0.007427883148193359,1.0
451,0.7817003138212433,20.64808119917017,20.64808119917017,0.007754278182983398,1.0
452,0.743531662989513,16.824714764088277,16.824714764088277,0.00819711685180664,1.0
453,0.7564206259411146,16.97404948463631,16.97404948463631,0.007944726943969726,1.0
454,0.7596217198779786,16.369999055677404,16.369999055677404,0.008017539978027344,1.0
455,0.7785518538835035,12.084162726210451,12.084162726210451,0.007529735565185547,1.0
456,0.7589727591356703,17.467438406505913,17.467438406505913,0.007507753372192383,1.0
457,0.7459827505424361,22.41059841285976,22.41059841285976,0.007627415657043457,1.0
458,0.7220225378532155,20.28654923168716,20.28654923168716,0.007437372207641601,1.0
459,0.7165822201373788,19.741209840764043,19.741209840764043,0.007665514945983887,1.0
460,0.7449806180108549,16.59451186823724,16.59451186823724,0.008112740516662598,1.0
461,0.7821727656504713,13.080699132189228,13.080699132189228,0.007924079895019531,1.0
462,0.7529551399743047,14.590138617447213,14.590138617447213,0.007799506187438965,1.0
463,0.7585737629450852,18.17532635136583,18.17532635136583,0.0077817440032958984,1.0
464,0.7581843075465191,20.869976648897048,20.869976648897048,0.007577276229858399,1.0
465,0.7514282010665118,19.973995947276904,19.973995947276904,0.007410645484924316,1.0
466,0.5966877021425799,16.84613263075176,17.58250067093786,0.007630491256713867,0.9
467,0.754314620005426,15.636494759631798,15.636494759631798,0.008012986183166504,1.0
468,0.751232460453958,16.702845112545354,16.702845112545354,0.008232641220092773,1.0
469,0.7101387121460252,17.66314302200028,17.66314302200028,0.007742929458618164,1.0
470,0.7125523519749177,13.026485567219577,13.026485567219577,0.007559514045715332,1.0
471,0.7566032259199102,15.1503822052541,15.1503822052541,0.007297205924987793,1.0
472,0.7682909713943109,17.689036228338683,17.689036228338683,0.007630395889282227,1.0
473,0.7761306579308924,19.2518641568885,19.2518641568885,0.007818269729614257,1.0
474,0.7827347605327426,17.47883940369667,17.47883940369667,0.007898902893066407,1.0
475,0.7211348857137285,14.166983527398875,14.166983527398875,0.0075798511505126955,1.0
476,0.7488609717539325,16.837175119803355,16.837175119803355,0.007560205459594726,1.0
477,0.6138524499590041,14.757230958675217,15.282166282750378,0.007660603523254395,0.9
478,0.6256825685945244,15.233869735711329,15.567462650122685,0.00765533447265625,0.9
479,0.7721990529875692,18.915104686300246,18.915104686300246,0.007769989967346192,1.0
480,0.6226885979037852,18.126476736704575,18.412774530687027,0.007519340515136719,0.9
481,0.795959804298624,16.88304190795701,16.88304190795701,0.0075904130935668945,1.0
482,0.7522488614593632,16.583387786138864,16.583387786138864,0.007693600654602051,1.0
483,0.7914311892361408,17.3837910872908,17.3837910872908,0.007545828819274902,1.0
484,0.7593736223359573,17.372318201455847,17.372318201455847,0.007641410827636719,1.0
485,0.7931833731505818,12.033544529450202,12.033544529450202,0.007796144485473633,1.0
486,0.7281087166011192,20.519419588878876,20.519419588878876,0.007666230201721191,1.0
487,0.8015264041209873,15.925210116242164,15.925210116242164,0.008019828796386718,1.0
488,0.7637902948668259,15.46233673395534,15.46233673395534,0.007805252075195312,1.0
489,0.6390047734408528,13.059815455190636,13.370312529030079,0.007644057273864746,0.9
490,0.7152525393989791,14.687635086197204,14.687635086197204,0.0074243307113647464,1.0
491,0.6173478670293593,17.7047806400541,18.352215609830978,0.007489299774169922,0.9
492,0.7851766108709242,15.506558597312363,15.506558597312363,0.007742190361022949,1.0
493,0.5903071051912779,16.86375290819214,17.310943621509757,0.008022785186767578,0.9
494,0.7495565590574038,19.348380541121173,19.348380541121173,0.007750034332275391,1.0
495,0.7540362187106463,18.185755877783457,18.185755877783457,0.007875180244445801,1.0
496,0.724187976776199,19.323838325734542,19.323838325734542,0.0077301025390625,1.0
497,0.7915109258988083,14.727565305310545,14.727565305310545,0.007792901992797851,1.0
498,0.7799218709756005,15.100476901806832,15.100476901806832,0.007846403121948241,1.0
499,0.765526108083918,14.967704759223187,14.967704759223187,0.007692790031433106,1.0
500,0.76500071261491,19.18196917338755,19.18196917338755,0.007416963577270508,1.0
501,0.760887496791854,16.5230460044569,16.5230460044569,0.007345056533813477,1.0
502,0.7878344544545609,19.923767304002464,19.923767304002464,0.007785153388977051,1.0
503,0.7595050835412512,13.517000380350941,13.517000380350941,0.00825967788696289,1.0
504,0.7501997695664134,17.92310554566815,17.92310554566815,0.008167719841003418,1.0
505,0.7728174149048617,12.520874216584016,12.520874216584016,0.00810849666595459,1.0
506,0.5773441996494648,15.329544704941307,15.626852686339314,0.007433295249938965,0.9
507,0.714886488005489,12.706949155419723,12.706949155419723,0.007594490051269531,1.0
508,0.7461966118118629,15.477508724794262,15.477508724794262,0.0075501203536987305,1.0
509,0.758486397582352,19.9433032546791,19.9433032546791,0.0077225685119628905,1.0
510,0.7528878154175236,19.433650993084495,19.433650993084495,0.00789780616760254,1.0
511,0.7690739574070127,18.82867922824189,18.82867922824189,0.007739758491516114,1.0
512,0.7629612025564952,11.828338570649507,11.828338570649507,0.008034467697143555,1.0
513,0.6244812497887208,17.34116549739968,17.010124366007805,0.007932925224304199,0.9
514,0.6096205315674301,15.789126111706818,16.36169545707476,0.00770878791809082,0.9
515,0.7927225322505401,21.74930311513564,21.74930311513564,0.007915759086608886,1.0
516,0.7427120528870508,16.09310973426329,16.09310973426329,0.0076939105987548825,1.0
517,0.7903452018883417,17.204995988714444,17.204995988714444,0.007601475715637207,1.0
518,0.7714271732027365,16.04215035746177,16.04215035746177,0.007780003547668457,1.0
519,0.6127653756496542,10.808067572475293,10.649152479986011,0.007645106315612793,0.9
520,0.731170531753736,17.48887601512086,17.48887601512086,0.007769298553466797,1.0
521,0.7622207527326281,18.075306837938587,18.075306837938587,0.007910633087158203,1.0
522,0.7553357601376289,13.645281672194397,13.645281672194397,0.008150219917297363,1.0
523,0.7807342550930387,14.68715949023832,14.68715949023832,0.008078980445861816,1.0
524,0.5908530051711374,16.793218821215866,17.1004615203381,0.007881927490234374,0.9
525,0.7897374537209773,19.167332301567587,19.167332301567587,0.0073929309844970705,1.0
526,0.609147372919167,13.217886424909775,13.240079111921117,0.007299447059631347,0.9
527,0.7231406078341376,11.48504316893371,11.48504316893371,0.00746006965637207,1.0
528,0.7809402854479319,15.592376735379313,15.592376735379313,0.00834195613861084,1.0
529,0.8053966882438666,14.6493070511799,14.6493070511799,0.008179950714111327,1.0
530,0.7870760275292532,17.005214275362185,17.005214275362185,0.008281111717224121,1.0
531,0.7498061510452951,19.111212212225933,19.111212212225933,0.007494544982910157,1.0
532,0.7858448796834169,18.634259545706843,18.634259545706843,0.00758516788482666,1.0
533,0.7905968059159806,16.275289143254323,16.275289143254323,0.007689547538757324,1.0
534,0.7389791702047049,12.49177239986804,12.49177239986804,0.008038473129272462,1.0
535,0.7404831456008191,17.52915106076677,17.52915106076677,0.007790803909301758,1.0
536,0.46312759416259885,13.582171039568838,13.547118397414495,0.007783699035644531,0.8
537,0.7605910590013859,18.40098181317389,18.40098181317389,0.007861971855163574,1.0
538,0.7973497747549005,17.568673955696696,17.568673955696696,0.007841396331787109,1.0
539,0.7789583022386315,15.564363313580396,15.564363313580396,0.0077091693878173825,1.0
540,0.767875487913056,19.63814828186341,19.63814828186341,0.007647252082824707,1.0
541,0.8132316908604466,16.89623694614458,16.89623694614458,0.007837605476379395,1.0
542,0.8136344169024191,14.07799708104842,14.07799708104842,0.007369375228881836,1.0
543,0.7738222857722268,14.200572228224207,14.200572228224207,0.007763051986694336,1.0
544,0.8135351340336905,16.111456536318904,16.111456536318904,0.0079240083694458,1.0
545,0.8121491116738406,18.00630429279382,18.00630429279382,0.008021903038024903,1.0
546,0.5585455950150771,17.417623758815548,18.005357495956815,0.007880663871765137,0.9
547,0.7700867570479849,18.14184297204533,18.14184297204533,0.007775425910949707,1.0
548,0.7733199471109876,19.820852249690653,19.820852249690653,0.00841667652130127,1.0
549,0.7480716883942208,14.801616379247843,14.801616379247843,0.00777132511138916,1.0
550,0.6039652163008931,17.680756382943052,18.123607383126785,0.007684659957885742,0.9
551,0.6353728846064439,13.19423318938728,13.54269757154144,0.007703089714050293,0.9
552,0.7784759612263528,17.39693356241475,17.39693356241475,0.007901954650878906,1.0
553,0.7820789559399473,17.55227317571382,17.55227317571382,0.007776045799255371,1.0
554,0.8032897211255647,11.965726494233447,11.965726494233447,0.007744121551513672,1.0
555,0.7895355451729088,16.09681678363892,16.09681678363892,0.007651805877685547,1.0
556,0.7601743239787228,18.418807752781973,18.418807752781973,0.007478094100952149,1.0
557,0.7781317348089516,19.14064331365692,19.14064331365692,0.008021998405456542,1.0
558,0.774587549454475,15.22289476288438,15.22289476288438,0.00787353515625,1.0
559,0.7504794980592318,16.555363972669117,16.555363972669117,0.007688736915588379,1.0
560,0.7806026298542277,15.143283637750752,15.143283637750752,0.00776824951171875,1.0
561,0.7282347794955413,13.110641131904165,13.110641131904165,0.007644820213317871,1.0
562,0.7621616746702784,12.991072500792464,12.991072500792464,0.007726359367370606,1.0
563,0.7842909592113105,16.694893588341635,16.694893588341635,0.007573533058166504,1.0
564,0.4615869644097595,11.577261850019209,11.871458831258884,0.007952451705932617,0.8
565,0.7547194290785579,18.414684981034664,18.414684981034664,0.007907342910766602,1.0
566,0.7784890126518479,15.6892864639215,15.6892864639215,0.007855439186096191,1.0
567,0.7790552516492685,14.69160043574459,14.69160043574459,0.007864785194396973,1.0
568,0.742625030132209,17.11208770567908,17.11208770567908,0.007579827308654785,1.0
569,0.740722138559272,19.357364008869293,19.357364008869293,0.007584595680236816,1.0
570,0.7572851700680289,18.47811041771717,18.47811041771717,0.0075249910354614254,1.0
571,0.8061641185670151,15.697689469650403,15.697689469650403,0.008098006248474121,1.0
572,0.7351368045865618,13.29125314376582,13.29125314376582,0.00748436450958252,1.0
573,0.767188354410866,14.992188487579437,14.992188487579437,0.007742404937744141,1.0
574,0.7492356775201564,12.757122894035732,12.757122894035732,0.007584500312805176,1.0
575,0.7719744524696003,15.401323834927704,15.401323834927704,0.007393646240234375,1.0
576,0.7621735077503852,17.890898363874214,17.890898363874214,0.007679247856140136,1.0
577,0.7604094038757541,17.175123909880195,17.175123909880195,0.008021974563598632,1.0
578,0.7568675862000239,20.254389877210663,20.254389877210663,0.007831001281738281,1.0
579,0.8010506529530008,19.450252832750444,19.450252832750444,0.007834458351135254,1.0
580,0.6200115426287846,17.00785615307428,17.678384106149416,0.007474660873413086,0.9
581,0.7675950037766768,14.550154605607569,14.550154605607569,0.007430577278137207,1.0
582,0.7486053705152106,14.092876545666096,14.092876545666096,0.0075452327728271484,1.0
583,0.7709084604460668,17.348942961997786,17.348942961997786,0.00822916030883789,1.0
584,0.7279390093112404,12.161980760398347,12.161980760398347,0.007972645759582519,1.0
585,0.7558269611886032,12.457716761453815,12.457716761453815,0.00798637866973877,1.0
586,0.7379984328514676,13.412114082681452,13.412114082681452,0.007619714736938477,1.0
587,0.7469680773240757,12.25838262153933,12.25838262153933,0.00730738639831543,1.0
588,0.5856059717310238,14.709912618564985,14.705976309730403,0.007424211502075196,0.9
589,0.7647372204813645,19.13487066351289,19.13487066351289,0.008184480667114257,1.0
590,0.7858928538762516,16.978420440122886,16.978420440122886,0.007908439636230469,1.0
591,0.773330522507962,20.187022621814688,20.187022621814688,0.007900261878967285,1.0
592,0.7735515919111375,15.950428018949784,15.950428018949784,0.007588744163513184,1.0
593,0.7797926201018368,14.089548088812819,14.089548088812819,0.007800412178039551,1.0
594,0.739235712929012,17.05488506549846,17.05488506549846,0.007747554779052734,1.0
595,0.7902056063325622,16.26817009359147,16.26817009359147,0.007781267166137695,1.0
596,0.6122508749303248,20.248013455253282,18.67119429757642,0.007912850379943848,0.9
597,0.7812954358388879,17.259174379934358,17.259174379934358,0.007401490211486816,1.0
598,0.7621463684144694,16.86400315825016,16.86400315825016,0.007341909408569336,1.0
599,0.7664881381350035,14.723448292579628,14.723448292579628,0.007717299461364746,1.0
600,0.7745570864919435,17.442352070074026,17.442352070074026,0.00792689323425293,1.0
601,0.7964542389926563,17.776410534466137,17.776410534466137,0.007999801635742187,1.0
602,0.7985894311081652,15.288968095290205,15.288968095290205,0.008063364028930663,1.0
603,0.745772379053319,15.534623036727154,15.534623036727154,0.007747578620910645,1.0
604,0.7682757301271967,15.536542117403817,15.536542117403817,0.00760960578918457,1.0
605,0.5560869554186383,13.198145797936458,12.724332045071073,0.007541203498840332,0.9
606,0.594782097785456,14.566930484185061,14.625107737657682,0.007478165626525879,0.9
607,0.5940510934064822,16.749019140467595,17.458976662574052,0.007685470581054688,0.9
608,0.6126845478318568,18.27897548108311,19.17627905425147,0.007898378372192382,0.9
609,0.6233988720468762,18.776928793554596,19.559377012185653,0.007787680625915528,0.9
610,0.776877272367199,16.904430947879355,16.904430947879355,0.007880640029907227,1.0
611,0.7628622179713039,19.005539130920297,19.005539130920297,0.007678675651550293,1.0
612,0.7830310807283045,14.511321066885992,14.511321066885992,0.007727313041687012,1.0
613,0.6377663239156752,15.958964052941841,16.29188419329097,0.007745075225830078,0.9
614,0.7812943095524522,14.153151178325015,14.153151178325015,0.007634282112121582,1.0
615,0.7435951432774119,12.289182714377192,12.289182714377192,0.00759279727935791,1.0
616,0.8094191618244737,14.530586533782241,14.530586533782241,0.007570505142211914,1.0
617,0.7313854247740748,20.33043132065069,20.33043132065069,0.0075725078582763675,1.0
618,0.7904422659644942,15.66298536728932,15.66298536728932,0.007843661308288574,1.0
619,0.7756271442975394,16.415751042545793,16.415751042545793,0.008495116233825683,1.0
620,0.732196965131081,11.077258670927728,11.077258670927728,0.008069610595703125,1.0
621,0.8003974635831341,11.906154357891975,11.906154357891975,0.008134293556213378,1.0
622,0.6260667612871047,17.28830357904253,18.0748039073986,0.007278990745544433,0.9
623,0.7499832628371041,11.820624124890971,11.820624124890971,0.007440352439880371,1.0
624,0.7370686948571683,14.617660651362707,14.617660651362707,0.007678961753845215,1.0
625,0.7381679686549242,18.48252093711702,18.48252093711702,0.008014798164367676,1.0
626,0.7487445117685718,18.812831894346434,18.812831894346434,0.007933592796325684,1.0
627,0.6083268866262013,19.16334101406351,19.7153789589197,0.008121204376220704,0.9
628,0.7533024868768881,15.242378822619552,15.242378822619552,0.007795357704162597,1.0
629,0.779806232540781,13.776481732247557,13.776481732247557,0.007912588119506837,1.0
630,0.7745964367411471,12.37545432638191,12.37545432638191,0.007827496528625489,1.0
631,0.7503013354717472,16.22146019798356,16.22146019798356,0.007765412330627441,1.0
632,0.7113476265992219,22.87506193488985,22.87506193488985,0.007634568214416504,1.0
633,0.7252699257558821,24.746912906890497,24.746912906890497,0.007514405250549317,1.0
634,0.7604741723292228,22.95678757446956,22.95678757446956,0.007570934295654297,1.0
635,0.7356531210733103,21.094338504393004,21.094338504393004,0.007796692848205567,1.0
636,0.76949085956704,17.731688628159464,17.731688628159464,0.008101487159729004,1.0
637,0.7465251192056694,14.18336324967271,14.18336324967271,0.008080410957336425,1.0
638,0.7897195816591815,13.643079061089432,13.643079061089432,0.00800020694732666,1.0
639,0.783567461891752,19.52491676872536,19.52491676872536,0.007735300064086914,1.0
640,0.8211298218582623,19.046818352430126,19.046818352430126,0.007403826713562012,1.0
641,0.6014474108945536,16.15173998055191,16.50626643234302,0.007549452781677246,0.9
642,0.6047231443708834,15.88771928388151,16.4901849051882,0.00812528133392334,0.9
643,0.7831851752038621,18.76223583043481,18.76223583043481,0.008186411857604981,1.0
644,0.7727572844142836,16.816782461303266,16.816782461303266,0.008183860778808593,1.0
645,0.617606280883898,12.784523500418302,12.843539282488987,0.007974815368652344,0.9
646,0.7820677581584089,15.962259227262312,15.962259227262312,0.007504773139953613,1.0
647,0.760973871814879,17.579784379768476,17.579784379768476,0.007384347915649414,1.0
648,0.7385344835341254,19.21306657844578,19.21306657844578,0.007671451568603516,1.0
649,0.7274591494741853,18.440447366557585,18.440447366557585,0.007967519760131835,1.0
650,0.7912610412041166,16.762148640760838,16.762148640760838,0.007749509811401367,1.0
651,0.7721062501149125,15.523575562338948,15.523575562338948,0.007569432258605957,1.0
652,0.7220554645518713,18.017758551476874,18.017758551476874,0.007733678817749024,1.0
653,0.7471186721171367,12.832242201512676,12.832242201512676,0.007584881782531738,1.0
654,0.7685855719912935,17.136291479057693,17.136291479057693,0.008344221115112304,1.0
655,0.7337078877386649,12.90315087163243,12.90315087163243,0.008109545707702637,1.0
656,0.7811890045665904,17.905645277071947,17.905645277071947,0.007744622230529785,1.0
657,0.7636085140852319,14.561051220160738,14.561051220160738,0.007208967208862304,1.0
658,0.7437062121974545,18.489891704988786,18.489891704988786,0.007255434989929199,1.0
659,0.7901130282686355,19.323842042373112,19.323842042373112,0.007378602027893066,1.0
660,0.763426300837345,13.531453131110846,13.531453131110846,0.007791662216186523,1.0
661,0.6352370997974448,12.511720947507712,12.560682526489042,0.008387613296508788,0.9
662,0.6210639338360677,14.324550185611452,14.791028578242358,0.008010601997375489,0.9
663,0.5972578726739252,10.389320476327747,9.814760381430746,0.008196425437927247,0.9
664,0.8191298592152577,15.333433700063257,15.333433700063257,0.007653594017028809,1.0
665,0.7665289133286759,16.98837798826328,16.98837798826328,0.007484221458435058,1.0
666,0.7532881594097803,15.580265930579987,15.580265930579987,0.007511949539184571,1.0
667,0.7685936165114831,16.283835892701436,16.283835892701436,0.007885909080505371,1.0
668,0.7908867588656728,14.113375941584582,14.113375941584582,0.007680845260620117,1.0
669,0.7621273448117589,13.966232362446723,13.966232362446723,0.00781564712524414,1.0
670,0.7824153222095379,18.604628565968405,18.604628565968405,0.007716536521911621,1.0
671,0.7917374671240994,16.87711446502877,16.87711446502877,0.007651591300964355,1.0
672,0.777337372195632,21.735992369517128,21.735992369517128,0.007588100433349609,1.0
673,0.7645440420215901,14.412892766876448,14.412892766876448,0.007705593109130859,1.0
674,0.7674127147684592,24.281142758947,24.281142758947,0.007811403274536133,1.0
675,0.7460960686463289,18.806916724451117,18.806916724451117,0.007989621162414551,1.0
676,0.7577695159434804,17.10857704184941,17.10857704184941,0.007650518417358398,1.0
677,0.7552761703442736,16.051680227936448,16.051680227936448,0.007589387893676758,1.0
678,0.6472904498656922,14.255126465100963,14.563200814717167,0.007663083076477051,0.9
679,0.4581267007789066,18.83222226939684,20.239899223330365,0.008153104782104492,0.8
680,0.6461155972553103,17.83375879658667,18.404907343514814,0.007982730865478516,0.9
681,0.7537260339189233,16.175112553981116,16.175112553981116,0.007916092872619629,1.0
682,0.8280161659149382,16.242958951807193,16.242958951807193,0.007268929481506347,1.0
683,0.8100750101426619,13.416169358903067,13.416169358903067,0.007507824897766113,1.0
684,0.7802865287177954,16.82481553817243,16.82481553817243,0.007505893707275391,1.0
685,0.7688269307235358,16.831365958333578,16.831365958333578,0.007460904121398926,1.0
686,0.7273808061183205,15.259776396874688,15.259776396874688,0.007966852188110352,1.0
687,0.7931337146859899,14.922110792474049,14.922110792474049,0.008048200607299804,1.0
688,0.5921684534940405,17.323273651862067,18.101891340218643,0.00804746150970459,0.9
689,0.7921877140158098,14.093853253088307,14.093853253088307,0.007795906066894532,1.0
690,0.7869766013217215,18.412001043960053,18.412001043960053,0.007556486129760742,1.0
691,0.7955282005951866,16.356632133115703,16.356632133115703,0.007379293441772461,1.0
692,0.7768203154032387,20.51377855058979,20.51377855058979,0.007558059692382812,1.0
693,0.7659639112362655,14.601624092634449,14.601624092634449,0.007267975807189941,1.0
694,0.7837820480789528,13.23351169487124,13.23351169487124,0.00793914794921875,1.0
695,0.5954193369000229,18.409215988012342,18.816601843136123,0.008050251007080077,0.9
696,0.7712951949024902,20.172455663981147,20.172455663981147,0.007762026786804199,1.0
697,0.5967642062181054,17.434680857200334,18.016746330665264,0.007564926147460937,0.9
698,0.7817107735305026,20.86305463350281,20.86305463350281,0.007495355606079101,1.0
699,0.7751339717626955,20.930573946569787,20.930573946569787,0.0077552318572998045,1.0
700,0.7814972323945918,17.74885784871234,17.74885784871234,0.007735419273376465,1.0
701,0.755960695490052,18.546817773928716,18.546817773928716,0.008008170127868652,1.0
702,0.7630001166592454,17.217316536067766,17.217316536067766,0.007302975654602051,1.0
703,0.7548356638730824,15.715020169546786,15.715020169546786,0.0074798583984375,1.0
704,0.8049423947816253,14.51318217555016,14.51318217555016,0.007846260070800781,1.0
705,0.7755744809638164,14.884112816551625,14.884112816551625,0.007661604881286621,1.0
706,0.734481423132329,15.034465167312998,15.034465167312998,0.007982969284057617,1.0
707,0.7965560075124982,17.0070799801532,17.0070799801532,0.007876324653625488,1.0
708,0.7847873544057583,16.173820875307563,16.173820875307563,0.007828235626220703,1.0
709,0.7967438926113021,16.18442408156308,16.18442408156308,0.007890701293945312,1.0
710,0.7626836832972314,17.477115133171072,17.477115133171072,0.007763099670410156,1.0
711,0.727380866942821,16.11851380915569,16.11851380915569,0.007359933853149414,1.0
712,0.7614859053363598,15.180236704123052,15.180236704123052,0.007755923271179199,1.0
713,0.7774451263786673,15.35025264295759,15.35025264295759,0.007739591598510742,1.0
714,0.7660047214398411,16.754170554686624,16.754170554686624,0.00755312442779541,1.0
715,0.6154288272288028,14.98040795643717,15.486299562095086,0.007765769958496094,0.9
716,0.7555212152902657,18.577360606652277,18.577360606652277,0.008517646789550781,1.0
717,0.7713082866037743,11.977170008721439,11.977170008721439,0.007924842834472656,1.0
718,0.7321181176907978,14.229979076533088,14.229979076533088,0.007737469673156738,1.0
719,0.8482494222633765,13.218793521246642,13.218793521246642,0.007413673400878906,1.0
720,0.7898934762950394,13.772903629491779,13.772903629491779,0.0075569629669189455,1.0
721,0.7836981509310796,13.175624102276672,13.175624102276672,0.007711029052734375,1.0
722,0.7662912458521682,16.392707481007687,16.392707481007687,0.007929420471191407,1.0
723,0.7513440595813562,12.535372364612957,12.535372364612957,0.007776403427124023,1.0
724,0.6481836515496084,13.157966021933271,13.42452432408349,0.007578349113464356,0.9
725,0.7734539638485689,19.076773957305512,19.076773957305512,0.00789024829864502,1.0
726,0.4499934088512667,15.335069420422803,15.71034450664513,0.00771942138671875,0.8
727,0.7430678768630932,19.885296914032104,19.885296914032104,0.007670021057128907,1.0
728,0.7443064882146868,19.18557692013311,19.18557692013311,0.007797074317932129,1.0
729,0.7718494219680501,14.899676680612112,14.899676680612112,0.007846426963806153,1.0
730,0.7821429138145497,17.133531864257005,17.133531864257005,0.007729768753051758,1.0
731,0.7662552995269798,18.359324592690815,18.359324592690815,0.00801835060119629,1.0
732,0.8069631054120736,17.809353522627323,17.809353522627323,0.007661342620849609,1.0
733,0.6263381554694551,16.890497492719525,17.368847850651505,0.007431411743164062,0.9
734,0.7612865697068218,20.35092886889652,20.35092886889652,0.007574844360351563,1.0
735,0.8018658433308559,16.89680611870109,16.89680611870109,0.007863235473632813,1.0
736,0.7824915092013945,20.673876733079513,20.673876733079513,0.008096575736999512,1.0
737,0.7239725672007677,15.681310047671976,15.681310047671976,0.007994341850280761,1.0
738,0.5877367562081519,17.134609917418143,17.59829775104876,0.007986021041870118,0.9
739,0.7944452989767463,16.216385998933806,16.216385998933806,0.007510924339294433,1.0
740,0.7609623088903079,14.713689617260457,14.713689617260457,0.007265615463256836,1.0
741,0.6311071992616468,13.73008002601039,13.862608562939563,0.007931089401245118,0.9
742,0.7633329739348145,19.042641940317374,19.042641940317374,0.008162617683410645,1.0
743,0.754323913495738,17.298988628087713,17.298988628087713,0.008129501342773437,1.0
744,0.5940504813687894,15.541169036273317,16.12905640238996,0.0077571868896484375,0.9
745,0.7409629459693539,17.6711265982878,17.6711265982878,0.00744924545288086,1.0
746,0.7704443171726878,16.116058627742667,16.116058627742667,0.007525897026062012,1.0
747,0.7666605706754468,18.967223052559245,18.967223052559245,0.007998156547546386,1.0
748,0.7638878508435105,9.82601596264928,9.82601596264928,0.007779359817504883,1.0
749,0.7572089385565144,15.885396558021716,15.885396558021716,0.008071660995483398,1.0
750,0.7659773595015371,16.011320666495187,16.011320666495187,0.007984113693237305,1.0
751,0.7618397675964602,16.692159844833338,16.692159844833338,0.00807809829711914,1.0
752,0.7757861124865458,20.41946456342203,20.41946456342203,0.007773375511169434,1.0
753,0.7350861368374944,19.586533125604536,19.586533125604536,0.007984137535095215,1.0
754,0.7819138016210153,14.679267725135906,14.679267725135906,0.007598376274108887,1.0
755,0.7477433075109867,13.751162473982413,13.751162473982413,0.007671880722045899,1.0
756,0.6192258229149848,18.45672440860954,19.31966836167049,0.007533812522888183,0.9
757,0.7774728900977584,16.882170424066917,16.882170424066917,0.008031010627746582,1.0
758,0.7685473508842265,19.34554786764283,19.34554786764283,0.007454729080200196,1.0
759,0.7431100291699818,12.443697565690435,12.443697565690435,0.008230352401733398,1.0
760,0.7688679517379229,12.36304970438415,12.36304970438415,0.008092594146728516,1.0
761,0.745078668064125,14.048726644957327,14.048726644957327,0.007848381996154785,1.0
762,0.7847518878915742,16.609661569635023,16.609661569635023,0.007448363304138184,1.0
763,0.7375903074605547,16.93111983239916,16.93111983239916,0.007379913330078125,1.0
764,0.7540357960211155,16.70733397016924,16.70733397016924,0.007495355606079101,1.0
765,0.7632158132408663,16.38664804878732,16.38664804878732,0.0077965021133422855,1.0
766,0.7199328141491876,16.255805860505617,16.255805860505617,0.008013510704040527,1.0
767,0.7616221787474842,20.37587923172593,20.37587923172593,0.008118009567260743,1.0
768,0.752511656238212,13.85471180579655,13.85471180579655,0.007950210571289062,1.0
769,0.7450908347702164,11.177728913407012,11.177728913407012,0.00776515007019043,1.0
770,0.7629506239886047,15.831388444626418,15.831388444626418,0.007622981071472168,1.0
771,0.7035944889382745,16.897432875717573,16.897432875717573,0.007319068908691407,1.0
772,0.7587016850852357,17.610137501644218,17.610137501644218,0.007922625541687012,1.0
773,0.5917397650031292,15.23904450912207,15.554612374712207,0.007634210586547852,0.9
774,0.6163049163016769,19.39775705012986,20.006381844123126,0.007946991920471191,0.9
775,0.5850809774601308,14.659539439929237,15.141614010150477,0.007630491256713867,0.9
776,0.8166132919814117,15.496197485020133,15.496197485020133,0.007849740982055663,1.0
777,0.7508377904940711,13.794283963820055,13.794283963820055,0.008174610137939454,1.0
778,0.7607560246851998,12.447774742568036,12.447774742568036,0.008392691612243652,1.0
779,0.7823198809815511,13.415011352207008,13.415011352207008,0.00782604217529297,1.0
780,0.5999098964336583,11.155318417432834,10.927669867230122,0.007444977760314941,0.9
781,0.7790147632400917,13.135442253331934,13.135442253331934,0.007445001602172851,1.0
782,0.8064455127264194,15.639442786448711,15.639442786448711,0.007740473747253418,1.0
783,0.7759289837552117,14.091222653527003,14.091222653527003,0.007855772972106934,1.0
784,0.6094533674471112,17.377055288464128,17.774417275612176,0.007921862602233886,0.9
785,0.7640689362354335,16.497127446382414,16.497127446382414,0.0077770471572875975,1.0
786,0.7643072699145212,14.46372820617392,14.46372820617392,0.007938599586486817,1.0
787,0.7695968797254278,17.155894438439084,17.155894438439084,0.007977533340454101,1.0
788,0.7327642125247544,16.417307265118133,16.417307265118133,0.007611775398254394,1.0
789,0.6016904680064388,18.808447392813417,19.547330814236627,0.007542848587036133,0.9
790,0.7669793187765989,14.140731778676818,14.140731778676818,0.007610702514648437,1.0
791,0.7745520941348728,21.466182259995108,21.466182259995108,0.007856369018554688,1.0
792,0.785139067978176,19.619293291810514,19.619293291810514,0.007971429824829101,1.0
793,0.6122467862868063,12.379611638992765,12.258029870096525,0.007512307167053223,0.9
794,0.8139546263817101,15.59936307511045,15.59936307511045,0.007402825355529785,1.0
795,0.7796381392060147,16.497527905725995,16.497527905725995,0.007801151275634766,1.0
796,0.6460405313274639,17.202673606875,17.61638593720023,0.007917141914367676,0.9
797,0.792647000959849,16.297209624769714,16.297209624769714,0.008074140548706055,1.0
798,0.7347718710565319,14.472318722235869,14.472318722235869,0.007636594772338867,1.0
799,0.7862422025164235,12.648124790567422,12.648124790567422,0.007543087005615234,1.0
800,0.446980211254421,16.46522783188254,17.688120503052364,0.007585549354553222,0.8
801,0.8017605442132899,14.622504055183295,14.622504055183295,0.007782196998596192,1.0
802,0.7483151292845902,20.378100958254933,20.378100958254933,0.007898545265197754,1.0
803,0.7108795632558047,12.915672917520135,12.915672917520135,0.007730174064636231,1.0
804,0.7356905872733008,17.796857151333192,17.796857151333192,0.007555818557739258,1.0
805,0.5816298030832312,21.045194000181453,19.32364843647255,0.007642149925231934,0.9
806,0.7493275345761268,22.89573838641824,22.89573838641824,0.007729792594909668,1.0
807,0.7666275599637206,19.04510918058778,19.04510918058778,0.008081769943237305,1.0
808,0.8039181418059256,12.451139970820314,12.451139970820314,0.007603931427001953,1.0
809,0.6685985669048493,16.090790138036258,16.618666538839417,0.007599687576293946,0.9
810,0.7900745271150268,19.182312729823373,19.182312729823373,0.00784628391265869,1.0
811,0.7638921453947177,18.24916105803964,18.24916105803964,0.007798886299133301,1.0
812,0.7385048338424609,15.79600832465909,15.79600832465909,0.007697963714599609,1.0
813,0.6255625238704511,12.057003671405072,11.690819446871357,0.007787895202636719,0.9
814,0.7509936344748507,16.049369023392266,16.049369023392266,0.007855057716369629,1.0
815,0.7663617202165096,16.065277318400724,16.065277318400724,0.007706093788146973,1.0
816,0.7914917830499483,16.34300562990921,16.34300562990921,0.007813835144042968,1.0
817,0.6442480146351948,18.89143896219057,17.11579143972186,0.0075762271881103516,0.9
818,0.7546032266711,21.67594708982023,21.67594708982023,0.007834863662719727,1.0
819,0.7760188433211439,20.3479769497172,20.3479769497172,0.00777285099029541,1.0
820,0.7655175872464473,18.185684768008763,18.185684768008763,0.008012509346008301,1.0
821,0.7472618823593706,22.63725202876411,22.63725202876411,0.007887887954711913,1.0
822,0.7492276905044247,18.003253739385368,18.003253739385368,0.007815313339233399,1.0
823,0.7473816107201573,15.224244897143155,15.224244897143155,0.007735157012939453,1.0
824,0.7778592776546822,18.19036045983387,18.19036045983387,0.007428646087646484,1.0
825,0.7666878557980737,20.27653547077168,20.27653547077168,0.00752103328704834,1.0
826,0.6399483014412747,14.654963320010316,15.075038730514061,0.007730627059936523,0.9
827,0.7458716006843803,17.32815227499422,17.32815227499422,0.00776369571685791,1.0
828,0.6958499638642787,18.03137520517263,18.03137520517263,0.00786433219909668,1.0
829,0.5789526472003886,18.421349965809462,18.658010074367333,0.00795154571533203,0.9
830,0.7390554658529696,19.906833923711087,19.906833923711087,0.00768892765045166,1.0
831,0.7843417562238193,22.343053071616147,22.343053071616147,0.007753682136535644,1.0
832,0.7586793749838325,16.703661849410608,16.703661849410608,0.007963919639587402,1.0
833,0.7307308312913868,18.7695932453111,18.7695932453111,0.007718086242675781,1.0
834,0.7756807478484362,19.97462906618818,19.97462906618818,0.007666373252868652,1.0
835,0.8044337357917961,16.14502944984025,16.14502944984025,0.007495307922363281,1.0
836,0.7717269388962553,12.527262045429563,12.527262045429563,0.0074566125869750975,1.0
837,0.7808839083314651,18.888987553845023,18.888987553845023,0.007889986038208008,1.0
838,0.7653098951200727,19.255288546110258,19.255288546110258,0.008347129821777344,1.0
839,0.8195936316559631,15.843491882958983,15.843491882958983,0.008322000503540039,1.0
840,0.7626674001296913,16.737754981128738,16.737754981128738,0.007810544967651367,1.0
841,0.7635359974779724,13.999061340520035,13.999061340520035,0.007764744758605957,1.0
842,0.7449541837768602,14.101569404733905,14.101569404733905,0.007453274726867676,1.0
843,0.7845233241636607,13.772292667768209,13.772292667768209,0.007739400863647461,1.0
844,0.7640447004635673,13.334170236769756,13.334170236769756,0.008005666732788085,1.0
845,0.7847277973914516,16.45459785649764,16.45459785649764,0.007825136184692383,1.0
846,0.7985740467540767,13.341496033397167,13.341496033397167,0.007708072662353516,1.0
847,0.7643624776775954,14.066776079905093,14.066776079905093,0.007972121238708496,1.0
848,0.7858479825688922,14.351358844165452,14.351358844165452,0.0077151298522949215,1.0
849,0.7902068478940654,11.471375876498069,11.471375876498069,0.007905888557434081,1.0
850,0.7517142151176778,14.97298395530143,14.97298395530143,0.008121490478515625,1.0
851,0.7848023147013801,14.0964203179148,14.0964203179148,0.008166241645812988,1.0
852,0.7564267658801096,15.773850611679572,15.773850611679572,0.007856202125549317,1.0
853,0.8064269048812156,15.758078850186138,15.758078850186138,0.007617688179016114,1.0
854,0.7707988361254199,18.688438313941084,18.688438313941084,0.00756988525390625,1.0
855,0.7762746023311641,14.311497965810961,14.311497965810961,0.007667422294616699,1.0
856,0.7735668577804091,15.285862633942623,15.285862633942623,0.008440303802490234,1.0
857,0.7521802689907908,17.56166429545025,17.56166429545025,0.00775139331817627,1.0
858,0.7567071441420159,18.106348606439372,18.106348606439372,0.00797114372253418,1.0
859,0.7902490485199073,17.991009775103787,17.991009775103787,0.007766151428222656,1.0
860,0.753441880221889,18.507565857060882,18.507565857060882,0.007732295989990234,1.0
861,0.7621094729970127,18.90658551861378,18.90658551861378,0.007444119453430176,1.0
862,0.7674306011887919,17.42289693894682,17.42289693894682,0.007820749282836914,1.0
863,0.6267058098540352,21.256884263888047,19.72735245315052,0.008019685745239258,0.9
864,0.7868315176654719,21.229577635745933,21.229577635745933,0.008216047286987304,1.0
865,0.7993683710921948,16.07112856261869,16.07112856261869,0.007875895500183106,1.0
866,0.8194579637553238,16.465739828508188,16.465739828508188,0.007483172416687012,1.0
867,0.8072505667539964,14.469147557684034,14.469147557684034,0.007454490661621094,1.0
868,0.8082339725821555,15.339499548314398,15.339499548314398,0.007420539855957031,1.0
869,0.6473592237092427,14.62829217726995,14.774750308074992,0.007845425605773925,0.9
870,0.7566842757038034,20.527340959265224,20.527340959265224,0.008101201057434082,1.0
871,0.7805291576734611,20.4792511193129,20.4792511193129,0.007929491996765136,1.0
872,0.749567171146493,15.460055412301276,15.460055412301276,0.007628703117370605,1.0
873,0.7443007689240304,16.311272281369583,16.311272281369583,0.007484531402587891,1.0
874,0.7551182526393337,16.657926898857074,16.657926898857074,0.007594108581542969,1.0
875,0.7518442541126444,16.563722373899036,16.563722373899036,0.007880711555480957,1.0
876,0.7558764707833399,17.234618810358775,17.234618810358775,0.007858037948608398,1.0
877,0.7547791184440625,15.866220070019736,15.866220070019736,0.007584714889526367,1.0
878,0.6062699692915167,12.840254613343825,13.032566534502948,0.0077484846115112305,0.9
879,0.7780980335343066,14.672477741690784,14.672477741690784,0.00723717212677002,1.0
880,0.7242599730994285,14.922193061694847,14.922193061694847,0.007614755630493164,1.0
881,0.7790379582412318,13.94133574724024,13.94133574724024,0.007754087448120117,1.0
882,0.759929146602732,20.762186298900367,20.762186298900367,0.008041477203369141,1.0
883,0.7369969827302956,16.848115505158084,16.848115505158084,0.0077207088470458984,1.0
884,0.7374949667336426,16.86440872657385,16.86440872657385,0.007618308067321777,1.0
885,0.757293604909507,14.745846602238444,14.745846602238444,0.007365107536315918,1.0
886,0.750299515967535,16.062322688830953,16.062322688830953,0.0076133012771606445,1.0
887,0.7481069295290235,20.420055345277838,20.420055345277838,0.007886934280395507,1.0
888,0.7614791087457518,19.074027240498445,19.074027240498445,0.007884478569030762,1.0
889,0.7697798978297992,16.576379242296056,16.576379242296056,0.007903337478637695,1.0
890,0.7871221739800233,14.627879983589608,14.627879983589608,0.007897901535034179,1.0
891,0.8114236211425088,16.86375641986343,16.86375641986343,0.007087111473083496,1.0
892,0.7367892848062054,21.07822630299433,21.07822630299433,0.007256102561950683,1.0
893,0.7719962914447593,18.60075536583494,18.60075536583494,0.008040261268615723,1.0
894,0.611740246903977,14.980313918350722,15.335667200609723,0.007812070846557617,0.9
895,0.7506854274102925,17.388634365966304,17.388634365966304,0.00821371078491211,1.0
896,0.7851560104066321,15.971359709176266,15.971359709176266,0.007676386833190918,1.0
897,0.79288574736752,18.921141418563295,18.921141418563295,0.007358336448669433,1.0
898,0.7484051541410067,16.15809019486607,16.15809019486607,0.0078812837600708,1.0
899,0.7500655162496032,16.312976134386286,16.312976134386286,0.007848453521728516,1.0
900,0.7679924549349175,13.07035485884091,13.07035485884091,0.0077591419219970705,1.0
901,0.7579273569581577,19.668458314281764,19.668458314281764,0.008017396926879883,1.0
902,0.7523254667287641,15.536185727701929,15.536185727701929,0.0073631048202514645,1.0
903,0.7459986303784933,17.709107982235647,17.709107982235647,0.00769805908203125,1.0
904,0.7484833887395859,22.266445923849975,22.266445923849975,0.007634973526000977,1.0
905,0.8057629903113398,19.198671768931337,19.198671768931337,0.008165907859802247,1.0
906,0.792957950500689,11.814522540468687,11.814522540468687,0.007732319831848145,1.0
907,0.7685020422428571,16.67754111084735,16.67754111084735,0.007990503311157226,1.0
908,0.7714813159630394,14.885971695921885,14.885971695921885,0.007568502426147461,1.0
909,0.737691799563251,21.645222776199912,21.645222776199912,0.007604026794433593,1.0
910,0.7404635592301119,16.375646224724665,16.375646224724665,0.007784438133239746,1.0
911,0.7659455935166652,17.941394804251463,17.941394804251463,0.007744693756103515,1.0
912,0.7536454836823465,19.12033333172251,19.12033333172251,0.0079420804977417,1.0
913,0.802551794802457,15.056754698369199,15.056754698369199,0.0077095508575439455,1.0
914,0.7589699672131254,14.319092431769842,14.319092431769842,0.007700371742248535,1.0
915,0.7660310992708568,15.83020598881887,15.83020598881887,0.00743398666381836,1.0
916,0.7495897451242247,14.90076574969495,14.90076574969495,0.007874751091003418,1.0
917,0.7877407452032665,15.28184129415638,15.28184129415638,0.007935810089111327,1.0
918,0.769516865502886,11.886887766310073,11.886887766310073,0.008308100700378417,1.0
919,0.6389955827353495,16.04087009313798,16.631138627816952,0.008089423179626465,0.9
920,0.7915118266034936,17.23131136409257,17.23131136409257,0.007802319526672363,1.0
921,0.7720273029938972,17.265833630067206,17.265833630067206,0.007521700859069824,1.0
922,0.7289011570719168,17.47325922304136,17.47325922304136,0.007217717170715332,1.0
923,0.7617026194110491,23.03522573902767,23.03522573902767,0.007579183578491211,1.0
924,0.7753837623530869,14.372946778999193,14.372946778999193,0.007867860794067382,1.0
925,0.7645570428186037,16.600593103096664,16.600593103096664,0.007989048957824707,1.0
926,0.7891813136065171,20.24461577348216,20.24461577348216,0.008123230934143067,1.0
927,0.726561801844207,16.920470128824505,16.920470128824505,0.007831883430480958,1.0
928,0.7773605288944418,17.76264830046259,17.76264830046259,0.007755684852600098,1.0
929,0.604256611906592,12.640565353379085,12.80545785584155,0.007793927192687988,0.9
930,0.6074151185923626,12.74607186444367,12.653515092636566,0.007560849189758301,0.9
931,0.7790282486709803,19.130276960021856,19.130276960021856,0.0076239585876464845,1.0
932,0.6139612171469764,18.050429505551065,18.917366154991655,0.007526111602783203,0.9
933,0.7350079350341859,15.476820095812467,15.476820095812467,0.007778811454772949,1.0
934,0.7997035857064361,14.59104540200424,14.59104540200424,0.008091950416564941,1.0
935,0.7875466310112695,16.91091519577557,16.91091519577557,0.007769227027893066,1.0
936,0.7451551570233746,14.13838990022989,14.13838990022989,0.008139348030090332,1.0
937,0.6204716366286918,14.56733052824876,14.167406503607076,0.00796339511871338,0.9
938,0.777629851588671,19.125387340964366,19.125387340964366,0.0075942277908325195,1.0
939,0.7673248704687012,16.814950744183193,16.814950744183193,0.0075539350509643555,1.0
940,0.7481853166887602,18.986267152790617,18.986267152790617,0.007305073738098145,1.0
941,0.6141801422930595,20.480038435504362,19.140049098018185,0.007973623275756837,0.9
942,0.781826150696326,15.17774129352994,15.17774129352994,0.008100771903991699,1.0
943,0.7877825223647823,18.821641990188134,18.821641990188134,0.007800626754760742,1.0
944,0.774044568265974,15.68890712153499,15.68890712153499,0.007745528221130371,1.0
945,0.7526151991950901,18.96436732909019,18.96436732909019,0.0077694177627563475,1.0
946,0.7926329078446497,21.302225862646722,21.302225862646722,0.007479572296142578,1.0
947,0.8050019488108339,18.567371785372053,18.567371785372053,0.007532310485839844,1.0
948,0.7971882921022412,18.804288313458823,18.804288313458823,0.007490801811218262,1.0
949,0.7721611080200954,13.27521102474619,13.27521102474619,0.007727313041687012,1.0
950,0.816483791506655,13.587310551666217,13.587310551666217,0.008022689819335937,1.0
951,0.7626237762409523,20.710462875274906,20.710462875274906,0.007944464683532715,1.0
952,0.7811085163644433,14.916830805972205,14.916830805972205,0.0078064918518066405,1.0
953,0.6386864222623526,16.002015548264936,16.65167507491507,0.007678818702697754,0.9
954,0.7689794299357963,17.683758586554674,17.683758586554674,0.007689642906188965,1.0
955,0.6431453419112398,17.09085386172938,17.63909874169689,0.007758498191833496,0.9
956,0.766855097736387,16.776175074097964,16.776175074097964,0.0077487707138061525,1.0
957,0.7650219334239015,15.410847445019119,15.410847445019119,0.00758819580078125,1.0
958,0.7810144624594806,14.224707772620553,14.224707772620553,0.00777888298034668,1.0
959,0.7510679279824881,14.148796967309556,14.148796967309556,0.007673931121826172,1.0
960,0.7861728266485212,14.43138435513112,14.43138435513112,0.007991981506347657,1.0
961,0.7431587488625657,16.491038487920832,16.491038487920832,0.007954859733581543,1.0
962,0.7856506951562705,15.801906490378428,15.801906490378428,0.008124089241027832,1.0
963,0.607938629806461,13.83611636174254,14.23839781816455,0.007565450668334961,0.9
964,0.7916657929144831,18.400024317560824,18.400024317560824,0.007652568817138672,1.0
965,0.7820308134588738,21.217211111817246,21.217211111817246,0.007579231262207031,1.0
966,0.7551858724978298,14.822730041011312,14.822730041011312,0.007923531532287597,1.0
967,0.7511212669468781,19.122655495417128,19.122655495417128,0.008130693435668945,1.0
968,0.7694666830655997,14.561394609862953,14.561394609862953,0.008058667182922363,1.0
969,0.7726362545819041,11.11130793266611,11.11130793266611,0.008096671104431153,1.0
970,0.7751892090510625,12.81382579851641,12.81382579851641,0.00793921947479248,1.0
971,0.7024786604427193,15.230899258463387,15.230899258463387,0.007983541488647461,1.0
972,0.6046084315411288,20.962210449839908,21.459906111028925,0.007732796669006348,0.9
973,0.6486371340493369,17.767439036627092,16.094904274804296,0.007634472846984863,0.9
974,0.6057802047648292,20.223109365308538,21.343080055163107,0.007706785202026367,0.9
975,0.7730751035700567,20.516214730560623,20.516214730560623,0.007774806022644043,1.0
976,0.7385959652038554,21.9344395504601,21.9344395504601,0.007785201072692871,1.0
977,0.7265991455119184,19.691214577572772,19.691214577572772,0.00796523094177246,1.0
978,0.7890094622754309,18.36922719166231,18.36922719166231,0.00806882381439209,1.0
979,0.7916962926180591,18.87619447972251,18.87619447972251,0.007987618446350098,1.0
980,0.7752451149656258,14.227472907080244,14.227472907080244,0.007860326766967773,1.0
981,0.8043126908810795,15.856591760690582,15.856591760690582,0.007741594314575195,1.0
982,0.7867511563049707,15.81311261209477,15.81311261209477,0.0074554443359375,1.0
983,0.5871563702279186,19.353725289552212,19.964690712379397,0.007722830772399903,0.9
984,0.7403661846885164,15.010753070505208,15.010753070505208,0.007828402519226074,1.0
985,0.792191739851617,16.793767541123863,16.793767541123863,0.007773208618164063,1.0
986,0.7673886138274986,17.12503825634464,17.12503825634464,0.00784914493560791,1.0
987,0.747172563899872,16.944172810384767,16.944172810384767,0.00774693489074707,1.0
988,0.6399823323064925,18.73540906403446,19.655350114829126,0.007433581352233887,0.9
989,0.7919964480775527,22.544078218365247,22.544078218365247,0.00798492431640625,1.0
990,0.7616572636490849,17.720085843151065,17.720085843151065,0.007672166824340821,1.0
991,0.7933622898089157,17.47127336489756,17.47127336489756,0.007610869407653808,1.0
992,0.814579607425696,17.792420191549162,17.792420191549162,0.007734823226928711,1.0
993,0.6036507077711473,16.860654033130213,17.284426742592487,0.007844638824462891,0.9
994,0.776423115258016,16.66037001243658,16.66037001243658,0.007737445831298828,1.0
995,0.7631550465049383,11.252529652049853,11.252529652049853,0.007892251014709473,1.0
996,0.6351044347982774,16.592220550630607,17.301999781992645,0.008024263381958007,0.9
997,0.7980286056509266,18.16296556236178,18.16296556236178,0.007510685920715332,1.0
998,0.7659263336970696,16.61656576970212,16.61656576970212,0.007396149635314942,1.0
999,0.6703793245804301,15.004013146866672,15.550102186338949,0.007727408409118652,0.9
1000,0.750648832927203,16.727792658137073,16.727792658137073,0.00781264305114746,1.0
1001,0.7684095977701875,23.068736358649335,23.068736358649335,0.00791151523590088,1.0
1002,0.6113345081318102,20.41857970390545,21.272282883039225,0.007726836204528809,0.9
1003,0.7626797995479689,16.79230215342431,16.79230215342431,0.00771942138671875,1.0
1004,0.7924800049855218,13.01691597056614,13.01691597056614,0.007863903045654297,1.0
1005,0.8140896477124834,15.688990493708204,15.688990493708204,0.007680511474609375,1.0
1006,0.7928180255913281,13.925965662066242,13.925965662066242,0.007787394523620606,1.0
1007,0.770394242073265,14.757613471595297,14.757613471595297,0.007632660865783692,1.0
1008,0.8168502180784738,15.889371259756604,15.889371259756604,0.007699394226074218,1.0
1009,0.7787356454537323,16.391253394036745,16.391253394036745,0.007607936859130859,1.0
1010,0.7686829502495794,18.302313433814632,18.302313433814632,0.007713127136230469,1.0
1011,0.7986398220183681,16.56802689093866,16.56802689093866,0.007743024826049804,1.0
1012,0.7944396332294936,16.451648242260795,16.451648242260795,0.008394432067871094,1.0
1013,0.7662971887604596,17.796775007889217,17.796775007889217,0.008207488059997558,1.0
1014,0.7559373288589997,18.97846038766973,18.97846038766973,0.007584571838378906,1.0
1015,0.5978267706991798,20.18071839046821,20.872984127422306,0.007642436027526856,0.9
1016,0.7877325035934738,18.049422755428566,18.049422755428566,0.007526206970214844,1.0
1017,0.7995768979829353,14.591475622601408,14.591475622601408,0.007649040222167969,1.0
1018,0.7451724646515213,17.743267049778787,17.743267049778787,0.007749629020690918,1.0
1019,0.8188015043893693,19.31912474321583,19.31912474321583,0.007953190803527832,1.0
1020,0.7606211483709666,16.222000699199246,16.222000699199246,0.007953739166259766,1.0
1021,0.7970434606698372,20.428684686035925,20.428684686035925,0.007723069190979004,1.0
1022,0.7988728205481773,16.040633499556638,16.040633499556638,0.007897782325744628,1.0
1023,0.7746369804858426,13.978338853634247,13.978338853634247,0.007612371444702148,1.0
1024,0.7443388536793072,14.60249824737969,14.60249824737969,0.007683205604553223,1.0
1025,0.7750745636802562,19.12693117407966,19.12693117407966,0.007805967330932617,1.0
1026,0.746842562453989,16.351702924162602,16.351702924162602,0.007541155815124512,1.0
1027,0.7530903116301072,16.514695951449212,16.514695951449212,0.007669758796691894,1.0
1028,0.5894446439579223,18.64227070054306,19.3120444339561,0.00740361213684082,0.9
1029,0.7684164871363536,15.466591681012238,15.466591681012238,0.0074816465377807615,1.0
1030,0.7620350577001409,16.158871405938708,16.158871405938708,0.007827520370483398,1.0
1031,0.7960899784309108,15.490848355916143,15.490848355916143,0.007951307296752929,1.0
1032,0.7984710703593344,15.639603416188,15.639603416188,0.0076961517333984375,1.0
1033,0.7646170759818623,17.78587368645578,17.78587368645578,0.007600164413452149,1.0
1034,0.8051682194780853,16.124672536459588,16.124672536459588,0.007670283317565918,1.0
1035,0.773046082769892,14.590591625368408,14.590591625368408,0.0077721595764160155,1.0
1036,0.8009606445696857,14.582547770714731,14.582547770714731,0.007902097702026368,1.0
1037,0.7756553034973804,14.436126888451943,14.436126888451943,0.007678532600402832,1.0
1038,0.606394102166767,17.04091659581747,17.42796050617757,0.007731413841247559,0.9
1039,0.7767881538822496,17.37059433430543,17.37059433430543,0.007743716239929199,1.0
1040,0.8022117070939467,18.910921976612862,18.910921976612862,0.007797384262084961,1.0
1041,0.6071044009482729,21.326178217699134,20.056925230006545,0.007581758499145508,0.9
1042,0.792733404907756,23.505942901128,23.505942901128,0.00782778263092041,1.0
1043,0.7614811171806848,17.935224199866205,17.935224199866205,0.007551836967468262,1.0
1044,0.7856693764928784,13.96301261000714,13.96301261000714,0.007529401779174804,1.0
1045,0.7499520042515063,16.596958108307653,16.596958108307653,0.007736086845397949,1.0
1046,0.7926040157415207,14.25429765800813,14.25429765800813,0.0078077554702758786,1.0
1047,0.817379529146104,16.026845816358623,16.026845816358623,0.008110880851745605,1.0
1048,0.7891065781073079,23.34678503939034,23.34678503939034,0.007985830307006836,1.0
1049,0.6148301227513425,20.269648117174153,21.32348124533,0.007470917701721191,0.9
1050,0.5546521671520597,19.1248981814883,19.64839373762876,0.007352900505065918,0.9
1051,0.7661424174843494,20.90370501838888,20.90370501838888,0.007796025276184082,1.0
1052,0.7316271121978801,16.41257559852557,16.41257559852557,0.00791339874267578,1.0
1053,0.7316018081749004,16.35700527189668,16.35700527189668,0.008127641677856446,1.0
1054,0.5981787259040231,17.021938905463365,17.27916834758323,0.007825183868408202,0.9
1055,0.8005598601019412,16.374660421047274,16.374660421047274,0.007767128944396973,1.0
1056,0.7500971657312012,18.10762547855827,18.10762547855827,0.007643604278564453,1.0
1057,0.7794163162281972,15.038982426620908,15.038982426620908,0.00782010555267334,1.0
1058,0.7315285622868821,18.12991338488353,18.12991338488353,0.007681632041931152,1.0
1059,0.8011678464142807,17.026650748651278,17.026650748651278,0.0076237678527832035,1.0
1060,0.6247900902491391,15.417523985432842,15.788059022138807,0.008017492294311524,0.9
1061,0.7357084771388906,16.548567901062796,16.548567901062796,0.007550382614135742,1.0
1062,0.6073564461852057,16.713346378151677,15.181923848337798,0.007744526863098145,0.9
1063,0.7404823936867453,16.599514640152172,16.599514640152172,0.007842564582824707,1.0
1064,0.751127631275186,20.445471469004897,20.445471469004897,0.008144783973693847,1.0
1065,0.6120222617531536,16.76155232754303,16.81842661096278,0.008165621757507324,0.9
1066,0.7983118014223016,18.073321737292787,18.073321737292787,0.008024287223815919,1.0
1067,0.803562144009822,12.826225353693042,12.826225353693042,0.007487702369689942,1.0
1068,0.6333725922048821,16.74280871250273,17.4395629752144,0.007698631286621094,0.9
1069,0.6493952926252898,17.651851906035116,18.484816613810935,0.007601213455200195,0.9
1070,0.7692915383730063,18.138633683906356,18.138633683906356,0.007908821105957031,1.0
1071,0.6290402832896056,15.42726586689193,15.55870272487235,0.007820701599121094,0.9
1072,0.45600179724838863,20.953015108424264,20.15447046340272,0.008357739448547364,0.8
1073,0.7304122102681107,14.348544208008018,14.348544208008018,0.007704687118530273,1.0
1074,0.7526923904473591,18.938268792547582,18.938268792547582,0.0078045368194580075,1.0
1075,0.6318888137371019,15.575721495128551,13.77904963834523,0.007689785957336426,0.9
1076,0.7611601480166912,16.296861851239235,16.296861851239235,0.007912135124206543,1.0
1077,0.7328224861954454,19.594306711708192,19.594306711708192,0.007844758033752442,1.0
1078,0.7738765249153372,23.3430404171527,23.3430404171527,0.007946324348449708,1.0
1079,0.7585534945099797,18.092613772754824,18.092613772754824,0.007907485961914063,1.0
1080,0.775334129690465,17.60401760709833,17.60401760709833,0.007576370239257812,1.0
1081,0.8016467539934204,15.678867373198134,15.678867373198134,0.007760286331176758,1.0
1082,0.7854360729447369,17.515249301485305,17.515249301485305,0.007880043983459473,1.0
1083,0.6318565103713466,20.37809927884829,21.514827372403037,0.007817268371582031,0.9
1084,0.6061390475339599,16.328270401148785,16.93969368318009,0.0078021764755249025,0.9
1085,0.5961779730009541,18.340173544549337,16.512024045830742,0.007719254493713379,0.9
1086,0.7299507517201823,17.377725505908696,17.377725505908696,0.007892966270446777,1.0
1087,0.6084893072902593,17.373811515284586,17.80907291285393,0.007681560516357422,0.9
1088,0.7706292641644013,17.380397383316822,17.380397383316822,0.007876086235046386,1.0
1089,0.7267830125005115,15.372019680356743,15.372019680356743,0.007893919944763184,1.0
1090,0.7707776156830992,16.979554450439487,16.979554450439487,0.00761406421661377,1.0
1091,0.7466964416943885,15.500056779234393,15.500056779234393,0.007589173316955566,1.0
1092,0.7971181716406328,15.955075224242304,15.955075224242304,0.007645440101623535,1.0
1093,0.7612923169372179,16.041981711150672,16.041981711150672,0.007622456550598145,1.0
1094,0.7550648890159145,16.680006039415566,16.680006039415566,0.008048748970031739,1.0
1095,0.792741071514601,18.002563149522906,18.002563149522906,0.007985711097717285,1.0
1096,0.7814260605683544,18.02365166607796,18.02365166607796,0.008004450798034668,1.0
1097,0.7742075290887914,21.156344830854923,21.156344830854923,0.00776975154876709,1.0
1098,0.8083317617561813,17.238987548879546,17.238987548879546,0.0074167966842651365,1.0
1099,0.7971358926632173,16.19004274682974,16.19004274682974,0.007314324378967285,1.0
1100,0.7741850738665251,14.773167146676704,14.773167146676704,0.00774383544921875,1.0
1101,0.7721401975643319,17.117805788776373,17.117805788776373,0.008182644844055176,1.0
1102,0.6122714684270721,17.774163153011063,18.46730648522248,0.008206510543823242,0.9
1103,0.788154009983236,18.557301184574538,18.557301184574538,0.007862567901611328,1.0
1104,0.6508121213403391,15.200431231441623,15.685961143863501,0.007836627960205077,0.9
1105,0.7617207545485362,17.31152345685187,17.31152345685187,0.007827281951904297,1.0
1106,0.7943916582115893,15.461095903669028,15.461095903669028,0.00803811550140381,1.0
1107,0.7968580062791385,15.139836154465176,15.139836154465176,0.00787358283996582,1.0
1108,0.7867151009460378,17.052487773002316,17.052487773002316,0.0075653791427612305,1.0
1109,0.7292665547185747,15.684120416889574,15.684120416889574,0.007351565361022949,1.0
1110,0.7890014366660151,17.282071557455495,17.282071557455495,0.007941389083862304,1.0
1111,0.7880088580084539,14.32973854420788,14.32973854420788,0.007652139663696289,1.0
1112,0.7386191408362185,16.627774057757165,16.627774057757165,0.008536362648010254,1.0
1113,0.7598188241088651,16.893459769581728,16.893459769581728,0.007804250717163086,1.0
1114,0.7331709155588493,18.504972960253195,18.504972960253195,0.007718133926391602,1.0
1115,0.5705168799033611,18.977193942192667,17.62058810714086,0.007412958145141602,0.9
1116,0.7818598570886206,16.558105607080037,16.558105607080037,0.007400703430175781,1.0
1117,0.7611117988272239,17.44128024111688,17.44128024111688,0.007485389709472656,1.0
1118,0.7291556400574459,16.20517175006856,16.20517175006856,0.008003473281860352,1.0
1119,0.6265898082929916,21.6914653842318,20.32609335543502,0.008045697212219238,0.9
1120,0.8024928698606381,17.352498989398548,17.352498989398548,0.007508993148803711,1.0
1121,0.8020610419257483,16.901290108403504,16.901290108403504,0.007281780242919922,1.0
1122,0.7930391948196015,17.04105876571356,17.04105876571356,0.007834339141845703,1.0
1123,0.5836698105755299,17.361376047337373,17.599638658866958,0.008176755905151368,0.9
1124,0.7913972651786192,13.282854803647558,13.282854803647558,0.0076797246932983395,1.0
1125,0.7542773658482255,16.613501337713714,16.613501337713714,0.007710456848144531,1.0
1126,0.7502144742901116,16.16868418777499,16.16868418777499,0.007691383361816406,1.0
1127,0.778140821128848,17.895364036486008,17.895364036486008,0.007490372657775879,1.0
1128,0.7673134030416138,18.828630096770834,18.828630096770834,0.007890057563781739,1.0
1129,0.803073975840418,18.979163462732227,18.979163462732227,0.007729649543762207,1.0
1130,0.7568409466718056,16.804099749354734,16.804099749354734,0.007755684852600098,1.0
1131,0.6249113216583828,13.525006544619567,13.831735431884189,0.007766246795654297,0.9
1132,0.788942046960932,16.852979375796696,16.852979375796696,0.007624268531799316,1.0
1133,0.7679502022195732,16.12384737297924,16.12384737297924,0.007557892799377441,1.0
1134,0.6236923453218771,17.529255618438917,17.767639118110278,0.007279539108276367,0.9
1135,0.7783582194489947,17.608315773840058,17.608315773840058,0.007592940330505371,1.0
1136,0.7624502601703382,16.06934463766573,16.06934463766573,0.007849478721618652,1.0
1137,0.7638433753553895,19.090358862513046,19.090358862513046,0.008144831657409668,1.0
1138,0.5917165596334344,14.916948353126992,14.844465383543081,0.007927441596984863,0.9
1139,0.44230329851451733,16.39453255216711,17.304026473560995,0.007773900032043457,0.8
1140,0.6147728148855804,14.937899310507547,15.42934211194524,0.00748450756072998,0.9
1141,0.6156035625676954,18.54168076278595,19.09260092568819,0.00734398365020752,0.9
1142,0.69492074286341,17.640325288173194,17.640325288173194,0.007542848587036133,1.0
1143,0.7455363289577093,17.17207029620901,17.17207029620901,0.008037281036376954,1.0
1144,0.751809039233649,15.62022606242175,15.62022606242175,0.007968568801879882,1.0
1145,0.7920748934950258,18.307471420259414,18.307471420259414,0.007958626747131348,1.0
1146,0.7903358714832134,18.567857753200613,18.567857753200613,0.0077040672302246095,1.0
1147,0.7487974366136202,20.778281320529626,20.778281320529626,0.007602834701538086,1.0
1148,0.7697249811394405,14.847557142786604,14.847557142786604,0.007886314392089843,1.0
1149,0.815311677843787,13.853685344852503,13.853685344852503,0.007834076881408691,1.0
1150,0.7507122111779003,17.778193696112993,17.778193696112993,0.007596945762634278,1.0
1151,0.7399406913139494,15.881813878280752,15.881813878280752,0.007581186294555664,1.0
1152,0.792441750551529,18.5200361822547,18.5200361822547,0.0074563264846801754,1.0
1153,0.6549296240175442,14.029728716060626,14.458954319988713,0.00795447826385498,0.9
1154,0.7821646230320878,14.988743446163472,14.988743446163472,0.008141422271728515,1.0
1155,0.7617842781676423,13.681224049123093,13.681224049123093,0.007999992370605469,1.0
1156,0.5989702112342312,16.951074218066864,16.787968386641136,0.007877659797668458,0.9
1157,0.6044940392757471,21.29520334371638,22.13750726068789,0.0076530218124389645,0.9
1158,0.7508713210719855,22.203234108827587,22.203234108827587,0.007683420181274414,1.0
1159,0.45448713648062444,16.940528650453167,17.93965768231134,0.007426691055297851,0.8
1160,0.762759182171476,14.201782018060394,14.201782018060394,0.007782101631164551,1.0
1161,0.7589319247691654,13.367025317969086,13.367025317969086,0.007479238510131836,1.0
1162,0.7503876302945353,12.41987405757908,12.41987405757908,0.00782463550567627,1.0
1163,0.7904769681796089,15.500589094102338,15.500589094102338,0.00815598964691162,1.0
1164,0.7748978039321943,17.819996628807008,17.819996628807008,0.00785965919494629,1.0
1165,0.6106054019402317,16.275500054115607,16.729446530888687,0.007641410827636719,0.9
1166,0.7588207457358606,18.38365272734469,18.38365272734469,0.007661628723144531,1.0
1167,0.6054503949165049,15.76780624312922,16.369675024924437,0.007573127746582031,0.9
1168,0.7590202489928383,20.315129157605398,20.315129157605398,0.008050990104675294,1.0
1169,0.6144842592883172,18.456851490507358,19.251659027669167,0.00801236629486084,0.9
1170,0.8039453480109664,18.809956069775037,18.809956069775037,0.007978534698486328,1.0
1171,0.5866836531038409,17.859397577995978,17.732353408656806,0.007599878311157227,0.9
1172,0.7194660795932614,15.940657257592184,15.940657257592184,0.007289624214172364,1.0
1173,0.7375123126093193,15.139337001356068,15.139337001356068,0.007570576667785644,1.0
1174,0.7511379470110044,19.009130170747657,19.009130170747657,0.008114433288574219,1.0
1175,0.5819643820010636,13.043322880992708,12.858963423154616,0.00805227756500244,0.9
1176,0.7914650484763908,14.851282153135017,14.851282153135017,0.007569599151611328,1.0
1177,0.7866553473705817,16.363826345252,16.363826345252,0.0075464963912963865,1.0
1178,0.6333066049649517,14.571266611330875,14.410605891089979,0.007507109642028808,0.9
1179,0.6050459897010382,18.06321141833239,18.511518403933273,0.007805037498474121,0.9
1180,0.609851072500482,13.175696789024238,13.44680203650734,0.00814518928527832,0.9
1181,0.46833920543366936,16.481840104428922,17.15266432213545,0.007797646522521973,0.8
1182,0.7561602316360987,18.669474617730952,18.669474617730952,0.007821893692016602,1.0
1183,0.777547143360003,19.94656146257534,19.94656146257534,0.007549953460693359,1.0
1184,0.5750103961453238,19.813522945155377,20.038067874915924,0.007555317878723144,0.9
1185,0.6005819573543805,17.2205623072382,17.813448616683743,0.007730698585510254,0.9
1186,0.7589935032929733,16.745834401356404,16.745834401356404,0.007764887809753418,1.0
1187,0.7583789479950175,16.028246811008366,16.028246811008366,0.007857108116149902,1.0
1188,0.7477357506105012,17.937332611263024,17.937332611263024,0.007883620262145997,1.0
1189,0.7834095728893734,13.33990918093923,13.33990918093923,0.008081507682800294,1.0
1190,0.7747482353101613,13.391575537373658,13.391575537373658,0.007319760322570801,1.0
1191,0.7704008066368113,19.357807548461388,19.357807548461388,0.007921648025512696,1.0
1192,0.7326051570519873,16.678735475304613,16.678735475304613,0.007766985893249511,1.0
1193,0.7649028146933341,19.50698264468621,19.50698264468621,0.00790858268737793,1.0
1194,0.6278250808287573,15.839384115780149,16.4774956896554,0.008106422424316407,0.9
1195,0.4456863737389603,13.019941713861973,13.418727586827302,0.007669615745544434,0.8
1196,0.7731424044196413,13.397293227504548,13.397293227504548,0.007424187660217285,1.0
1197,0.7894585987742835,13.195719346084553,13.195719346084553,0.007724952697753906,1.0
1198,0.6177445844042643,17.3718520743462,18.174270669768514,0.00778050422668457,0.9
1199,0.7883259508812589,18.185270999984855,18.185270999984855,0.008326959609985352,1.0
1200,0.7378324233027619,17.63273947802565,17.63273947802565,0.008318710327148437,1.0
1201,0.7548579331185813,21.432170155776507,21.432170155776507,0.007825040817260742,1.0
1202,0.559009511613632,14.400906992112798,14.853835494509717,0.007537698745727539,0.9
1203,0.742291180661335,15.834928160055458,15.834928160055458,0.00775148868560791,1.0
1204,0.60114944138304,16.715021515941906,17.207312934827566,0.007707548141479492,0.9
1205,0.768883073971707,15.43861089632571,15.43861089632571,0.008038997650146484,1.0
1206,0.7622361353948952,19.638105652303288,19.638105652303288,0.007484602928161621,1.0
1207,0.7244573534984502,17.505214778783877,17.505214778783877,0.0072784423828125,1.0
1208,0.7641136303304139,15.363158691127841,15.363158691127841,0.008065247535705566,1.0
1209,0.6244845350952051,14.792147640063225,12.779822418273808,0.007776117324829102,0.9
1210,0.47438953574701703,15.980395448915498,14.332026409402786,0.008123993873596191,0.8
1211,0.7742811914922783,15.882814901697788,15.882814901697788,0.008171010017395019,1.0
1212,0.7723959459343435,14.04122360090239,14.04122360090239,0.007802033424377441,1.0
1213,0.7969787438976453,18.43835221591886,18.43835221591886,0.0072697877883911135,1.0
1214,0.7872496024209489,15.553146430950084,15.553146430950084,0.007719278335571289,1.0
1215,0.7825537819577297,13.018212619995555,13.018212619995555,0.007325911521911621,1.0
1216,0.7956091708444927,17.37617626106576,17.37617626106576,0.007762789726257324,1.0
1217,0.6068161348753007,17.068088205168102,17.300361000131307,0.007567715644836426,0.9
1218,0.6140273011228073,18.15465628722482,18.392376406443482,0.007654809951782226,0.9
1219,0.7622280087366777,17.918462888782418,17.918462888782418,0.007872819900512695,1.0
1220,0.8181816226052925,14.342223513905669,14.342223513905669,0.008010196685791015,1.0
1221,0.8038674510992964,12.881629286317562,12.881629286317562,0.007700157165527344,1.0
1222,0.736394841114282,16.333342086658774,16.333342086658774,0.007539534568786621,1.0
1223,0.8249709592255232,13.99545254523106,13.99545254523106,0.007463788986206055,1.0
1224,0.785006099400494,19.374097785257025,19.374097785257025,0.007935547828674316,1.0
1225,0.7745208638540083,17.24864890824443,17.24864890824443,0.008026027679443359,1.0
1226,0.7992815921364376,17.596273304160295,17.596273304160295,0.0075931549072265625,1.0
1227,0.6338090278944206,14.831848320913888,15.045758526088314,0.007509207725524903,0.9
1228,0.7356488303756341,16.02613785881183,16.02613785881183,0.007612919807434082,1.0
1229,0.7906398874008078,18.41685184586321,18.41685184586321,0.00817277431488037,1.0
1230,0.7578610603214122,18.515143421169135,18.515143421169135,0.008215808868408203,1.0
1231,0.7827883889807989,15.362968461747817,15.362968461747817,0.0079756498336792,1.0
1232,0.7679410512351975,17.732130588045504,17.732130588045504,0.007623648643493653,1.0
1233,0.6506989038488178,17.328715137929258,15.783975472900165,0.0074057340621948246,0.9
1234,0.7707613818514305,15.552240632531852,15.552240632531852,0.007941102981567383,1.0
1235,0.7656660244965976,14.711379656266734,14.711379656266734,0.007703828811645508,1.0
1236,0.7968000078084371,15.175156015405378,15.175156015405378,0.007709980010986328,1.0
1237,0.6185630561666079,13.669977651432863,13.975874447851702,0.0076960563659667965,0.9
1238,0.7626354939334522,16.650111663947644,16.650111663947644,0.0077884912490844725,1.0
1239,0.7812118952301723,15.50482750792069,15.50482750792069,0.007422804832458496,1.0
1240,0.7897909371063205,15.415767627482168,15.415767627482168,0.007854223251342773,1.0
1241,0.5755806022658099,13.668923589108024,11.36052380452786,0.008056092262268066,0.9
1242,0.724263248726224,16.435220812298166,16.435220812298166,0.007867050170898438,1.0
1243,0.6552043606977198,13.290153700834882,13.557689620192933,0.007540082931518555,0.9
1244,0.7611312795795604,21.024753855856968,21.024753855856968,0.0077656984329223635,1.0
1245,0.7657602787442729,21.69684482755942,21.69684482755942,0.00799105167388916,1.0
1246,0.6789078098590128,13.965022179783636,14.108181284524836,0.00808560848236084,0.9
1247,0.7643011926420108,14.13994378052889,14.13994378052889,0.008290672302246093,1.0
1248,0.7786061637063517,21.444019013472488,21.444019013472488,0.007693767547607422,1.0
1249,0.7877537374666937,20.85289852160329,20.85289852160329,0.007562828063964844,1.0
1250,0.7306468153767485,17.709435778183654,17.709435778183654,0.007869958877563477,1.0
1251,0.6037450428084914,19.870787899312944,20.638159052909426,0.00787365436553955,0.9
1252,0.7883577747594672,17.133470438238202,17.133470438238202,0.007281875610351563,1.0
1253,0.7092426673454336,13.568421844062943,13.568421844062943,0.00782463550567627,1.0
1254,0.724496501341477,16.08795175166565,16.08795175166565,0.007651567459106445,1.0
1255,0.7620958500295328,15.475978773852749,15.475978773852749,0.007830429077148437,1.0
1256,0.7691644884245586,16.18058495780569,16.18058495780569,0.008186674118041993,1.0
1257,0.7845470688370575,16.881072202937823,16.881072202937823,0.00772855281829834,1.0
1258,0.790136103694048,19.528637639930956,19.528637639930956,0.007491970062255859,1.0
1259,0.805625080411405,15.070552374222805,15.070552374222805,0.0078020811080932615,1.0
1260,0.7688930048505563,20.614113303909825,20.614113303909825,0.00760347843170166,1.0
1261,0.7400847747978857,20.120319185178918,20.120319185178918,0.007667112350463867,1.0
1262,0.7806198454525182,16.269921376717125,16.269921376717125,0.007813739776611327,1.0
1263,0.7884585277572776,16.287400136332558,16.287400136332558,0.007611775398254394,1.0
1264,0.7531562039100355,17.33038057104573,17.33038057104573,0.007850408554077148,1.0
1265,0.7496765307047952,11.663086912400605,11.663086912400605,0.008082103729248048,1.0
1266,0.7790154717223874,15.132906826880918,15.132906826880918,0.00839405059814453,1.0
1267,0.791685236846213,12.97126934232855,12.97126934232855,0.007637238502502442,1.0
1268,0.7688734496578162,17.49222959516218,17.49222959516218,0.007501864433288574,1.0
1269,0.7771672210167033,18.93509775635405,18.93509775635405,0.007229733467102051,1.0
1270,0.5991303941526439,17.59178766933908,18.040433054741385,0.0075883626937866214,0.9
1271,0.810954197908447,18.26154974498684,18.26154974498684,0.007805418968200683,1.0
1272,0.7382955016039052,19.04253753402888,19.04253753402888,0.008050036430358887,1.0
1273,0.810361468283966,14.401939505205757,14.401939505205757,0.007651782035827637,1.0
1274,0.7665939378963412,19.130548176539993,19.130548176539993,0.007968425750732422,1.0
1275,0.7996464211177957,16.642462108604974,16.642462108604974,0.00767977237701416,1.0
1276,0.7392216128512634,21.402109973953138,21.402109973953138,0.00787789821624756,1.0
1277,0.7424668185383705,17.721516029792106,17.721516029792106,0.007729911804199218,1.0
1278,0.7697475012441518,16.137414549995803,16.137414549995803,0.007382988929748535,1.0
1279,0.7487580942338408,14.23911451017671,14.23911451017671,0.00779266357421875,1.0
1280,0.7916208468382293,16.294924256620973,16.294924256620973,0.00802175998687744,1.0
1281,0.7374766662743675,20.567632956269048,20.567632956269048,0.00810413360595703,1.0
1282,0.7620132644900595,17.496438185977926,17.496438185977926,0.007627534866333008,1.0
1283,0.8089158896527378,14.796888863673027,14.796888863673027,0.00764617919921875,1.0
1284,0.6051712918159275,18.228957893957666,19.14144149032543,0.007764697074890137,0.9
1285,0.6360339534397713,15.806819042314851,16.029526208978755,0.00779421329498291,0.9
1286,0.7682686293222329,16.759430392381176,16.759430392381176,0.008206582069396973,1.0
1287,0.8245592154859358,18.63614457394841,18.63614457394841,0.007710409164428711,1.0
1288,0.7987397002178613,17.343093247537194,17.343093247537194,0.007668519020080566,1.0
1289,0.7926246882172028,20.171341321583746,20.171341321583746,0.007701492309570313,1.0
1290,0.6208527014252907,22.062190171917685,23.38666001497318,0.007852458953857422,0.9
1291,0.431055914211527,19.45259066803492,21.12584121313306,0.007504320144653321,0.8
1292,0.6374261768761846,21.2732822142113,22.522940775456913,0.007674646377563476,0.9
1293,0.741386030253749,18.899835988911313,18.899835988911313,0.007709145545959473,1.0
1294,0.6010657806817579,19.563380499525245,18.31495690059196,0.007906579971313476,0.9
1295,0.7770650421203642,20.872512425900332,20.872512425900332,0.007703399658203125,1.0
1296,0.4101575658183461,17.227586659299682,17.279686051567282,0.008224058151245116,0.8
1297,0.781215869228056,17.31972260170795,17.31972260170795,0.007949638366699218,1.0
1298,0.7886752177585474,15.155670673123149,15.155670673123149,0.008229637145996093,1.0
1299,0.7682655535832372,17.388301312254967,17.388301312254967,0.007561922073364258,1.0
1300,0.5981553045436099,15.456592749771115,15.700333278901272,0.007381057739257813,0.9
1301,0.8089166322052824,13.7845630753541,13.7845630753541,0.007534432411193848,1.0
1302,0.8084634795532951,16.720834605996025,16.720834605996025,0.007728004455566406,1.0
1303,0.7869251383786422,13.996706159804978,13.996706159804978,0.00803065299987793,1.0
1304,0.7713168754210568,19.278543608288544,19.278543608288544,0.008130574226379394,1.0
1305,0.7730137750728644,18.278258980328754,18.278258980328754,0.007846856117248535,1.0
1306,0.777435407527209,18.31526645859269,18.31526645859269,0.0074683427810668945,1.0
1307,0.7603417202391674,16.14550042948043,16.14550042948043,0.007480072975158692,1.0
1308,0.7690326063252431,13.915113907943919,13.915113907943919,0.008226633071899414,1.0
1309,0.7821879067344187,12.998266241258287,12.998266241258287,0.007542181015014649,1.0
1310,0.7660862518127803,19.532830799219205,19.532830799219205,0.007563471794128418,1.0
1311,0.771537497778002,18.90739427384188,18.90739427384188,0.00800182819366455,1.0
1312,0.79672107403635,19.332339418696733,19.332339418696733,0.007830953598022461,1.0
1313,0.8071225794237609,16.51178959138668,16.51178959138668,0.007869243621826172,1.0
1314,0.620946224358841,18.167458384727958,16.42117934520886,0.0076462745666503905,0.9
1315,0.6102877499677613,20.99625994383495,21.928076498136036,0.0076171875,0.9
1316,0.7507482446956537,15.076140028044364,15.076140028044364,0.007555580139160157,1.0
1317,0.7462759955095601,16.124302588386794,16.124302588386794,0.007702016830444336,1.0
1318,0.7663129628448748,17.73949028208251,17.73949028208251,0.007727885246276855,1.0
1319,0.7550470785513921,21.699757484813063,21.699757484813063,0.007663536071777344,1.0
1320,0.6101281122207134,16.963512576351,17.143541506134348,0.008396458625793458,0.9
1321,0.5900470550635444,14.875340488284696,12.813465795708696,0.007681655883789063,0.9
1322,0.7652844085396704,19.543337518628555,19.543337518628555,0.007735633850097656,1.0
1323,0.7406452151645297,16.23591063463877,16.23591063463877,0.007460212707519532,1.0
1324,0.7762678784911372,18.820640838908062,18.820640838908062,0.007474040985107422,1.0
1325,0.7655078729124161,13.756503985943851,13.756503985943851,0.007233214378356933,1.0
1326,0.8270687772314946,16.770864841266402,16.770864841266402,0.007847070693969727,1.0
1327,0.765920048714663,17.103747873292413,17.103747873292413,0.008160924911499024,1.0
1328,0.6237891787380595,15.305065850394351,15.856196120043883,0.008213257789611817,0.9
1329,0.770442392000715,19.216559830322055,19.216559830322055,0.007802557945251465,1.0
1330,0.5996455571811152,16.806663545919825,14.714427086860816,0.007479357719421387,0.9
1331,0.7524378028994158,22.320989049266533,22.320989049266533,0.007660913467407227,1.0
1332,0.763941109838739,18.065344016453253,18.065344016453253,0.007877206802368164,1.0
1333,0.7789836061275485,15.051827992749091,15.051827992749091,0.007676815986633301,1.0
1334,0.7809243397862864,15.251896788394006,15.251896788394006,0.0074213981628417965,1.0
1335,0.8013936143373044,19.221991295199068,19.221991295199068,0.007534170150756836,1.0
1336,0.791480205703882,18.111018034702045,18.111018034702045,0.0077216863632202145,1.0
1337,0.611432620386347,14.548015179970253,14.992309507936675,0.007625651359558105,0.9
1338,0.5785122131309436,14.01956270405751,14.110299881180547,0.008188080787658692,0.9
1339,0.7819586484995619,14.399028549924802,14.399028549924802,0.008115553855895996,1.0
1340,0.7639902189927751,16.275202923486773,16.275202923486773,0.007829785346984863,1.0
1341,0.8062615414006042,13.327938037634985,13.327938037634985,0.007672739028930664,1.0
1342,0.46769050622207226,18.76270904491801,20.566002252140343,0.007459282875061035,0.8
1343,0.7349542351828954,21.59797794604034,21.59797794604034,0.0076095819473266605,1.0
1344,0.7494782703013323,14.114577463403958,14.114577463403958,0.007620763778686523,1.0
1345,0.7657957928411597,17.664021412682615,17.664021412682615,0.007706165313720703,1.0
1346,0.7912658964327048,14.170808120539121,14.170808120539121,0.007828879356384277,1.0
1347,0.8083729454544996,15.199843371121062,15.199843371121062,0.008155751228332519,1.0
1348,0.7426124998371336,12.659184979652379,12.659184979652379,0.007893252372741699,1.0
1349,0.6152916201381632,19.72586772299061,20.722482679008262,0.007951092720031739,0.9
1350,0.31782811296103486,16.153220719545875,14.53332157796921,0.007590842247009277,0.7
1351,0.7606588164672026,16.255458932295006,16.255458932295006,0.007548999786376953,1.0
1352,0.7848028092338704,17.006762796671328,17.006762796671328,0.007668972015380859,1.0
1353,0.7774570558679856,14.712148377069585,14.712148377069585,0.007866144180297852,1.0
1354,0.7557408216744623,14.530067932512774,14.530067932512774,0.007758665084838867,1.0
1355,0.7617245408312443,13.648673749343786,13.648673749343786,0.00768740177154541,1.0
1356,0.807050147556906,19.959126524067887,19.959126524067887,0.008012485504150391,1.0
1357,0.6045808980495283,17.688032011472497,17.795985757247525,0.008184552192687988,0.9
1358,0.7489303184270152,18.167621092493487,18.167621092493487,0.007868432998657226,1.0
1359,0.7642216856083488,16.031247052209366,16.031247052209366,0.007640242576599121,1.0
1360,0.7427351890763179,19.38541023233938,19.38541023233938,0.007669258117675781,1.0
1361,0.7055233857161859,13.817362054774467,13.817362054774467,0.0073852062225341795,1.0
1362,0.618704081775576,14.204421786791107,14.475505005282095,0.00779118537902832,0.9
1363,0.7812897719407438,20.727116285869403,20.727116285869403,0.007899594306945801,1.0
1364,0.5640228529346062,15.836216574178248,16.04052544110232,0.007900261878967285,0.9
1365,0.6211847833407772,19.683726317765267,20.75138143886609,0.00792524814605713,0.9
1366,0.6111784722886723,18.41528550896528,18.908150790850364,0.007728195190429688,0.9
1367,0.7262222659709885,17.655935009358178,17.655935009358178,0.00774998664855957,1.0
1368,0.6394477378120472,16.43417050853316,16.907087380290484,0.007591700553894043,0.9
1369,0.7741336011773227,14.55391571378028,14.55391571378028,0.007762026786804199,1.0
1370,0.6517500154523277,20.78091872649366,21.970057036333852,0.0074938774108886715,0.9
1371,0.6229400588718603,18.55772040869132,16.98052989889281,0.007643866539001465,0.9
1372,0.6325637747902372,22.77933833855489,24.09081345982172,0.00799887180328369,0.9
1373,0.7488204663754626,17.940273967085876,17.940273967085876,0.008207273483276368,1.0
1374,0.7904727972811257,15.323538414428745,15.323538414428745,0.008031034469604492,1.0
1375,0.6410633653365374,16.05999213737342,16.41821259741652,0.007737970352172852,0.9
1376,0.776398851107536,14.722235845251499,14.722235845251499,0.00745851993560791,1.0
1377,0.7931035379960211,14.817783756280283,14.817783756280283,0.007368659973144532,1.0
1378,0.7487881353074676,18.21683835993678,18.21683835993678,0.007802057266235352,1.0
1379,0.7792207822105286,15.178400596276052,15.178400596276052,0.008044886589050292,1.0
1380,0.6498108979751235,17.217075288287724,17.92256425977699,0.007983636856079102,0.9
1381,0.7575823891726319,16.246444378683083,16.246444378683083,0.007770800590515136,1.0
1382,0.7561106493863,16.507141125747076,16.507141125747076,0.008231544494628906,1.0
1383,0.7377710618698355,14.309112205866958,14.309112205866958,0.007873129844665528,1.0
1384,0.770599465308846,16.959622839493786,16.959622839493786,0.007880783081054688,1.0
1385,0.811408835735203,12.985178731050379,12.985178731050379,0.0076273918151855465,1.0
1386,0.804866363721823,14.175937310859092,14.175937310859092,0.007506370544433594,1.0
1387,0.7450789482497284,15.49034594767927,15.49034594767927,0.007631254196166992,1.0
1388,0.8029099357171156,16.235416333783792,16.235416333783792,0.008053207397460937,1.0
1389,0.6106380646162295,17.879391324702286,18.728400922038322,0.007921504974365234,0.9
1390,0.7618582927768676,15.901737075730091,15.901737075730091,0.008315587043762207,1.0
1391,0.6255697872589635,13.617531376535652,13.919140876700846,0.008088779449462891,0.9
1392,0.6586298286638556,16.856018167876094,17.04745123798737,0.007457995414733886,0.9
1393,0.7606046663372449,17.062042298058266,17.062042298058266,0.007940125465393067,1.0
1394,0.7869083388684331,20.299693753287183,20.299693753287183,0.007638382911682129,1.0
1395,0.7835231442100145,19.991552710647415,19.991552710647415,0.007583093643188476,1.0
1396,0.7930904522678663,17.69641978935278,17.69641978935278,0.007610702514648437,1.0
1397,0.6998717963773979,17.769378715089708,17.769378715089708,0.007711935043334961,1.0
1398,0.7961785248325395,17.105917572985533,17.105917572985533,0.007811427116394043,1.0
1399,0.7545587077424128,17.51882940884173,17.51882940884173,0.00790998935699463,1.0
1400,0.7653759967369914,19.03941853435709,19.03941853435709,0.008008837699890137,1.0
1401,0.7871174108638413,15.15170255962982,15.15170255962982,0.0075322151184082035,1.0
1402,0.8277968399508584,18.083309236977776,18.083309236977776,0.007726812362670898,1.0
1403,0.46643751362326746,13.75153903497269,14.217893068798073,0.007964515686035156,0.8
1404,0.5714762486191325,16.57101158483386,16.624990949654496,0.0076735496520996095,0.9
1405,0.7441607913042236,14.16796888140387,14.16796888140387,0.0078765869140625,1.0
1406,0.7566319048754544,15.201291378037444,15.201291378037444,0.007473444938659668,1.0
1407,0.7873457961672097,18.757015042339766,18.757015042339766,0.007636880874633789,1.0
1408,0.7569516459813516,17.217918395985482,17.217918395985482,0.007946634292602539,1.0
1409,0.5814519097196161,11.915759644316932,12.042160680906303,0.007884716987609864,0.9
1410,0.49923763230939056,15.743615325677212,17.084612287854338,0.0075402498245239254,0.8
1411,0.7476145374191236,15.343213255713701,15.343213255713701,0.007725238800048828,1.0
1412,0.6366865322824967,19.495986282761304,20.445472007610753,0.007780933380126953,0.9
1413,0.764385708131539,19.74516240268142,19.74516240268142,0.007817435264587402,1.0
1414,0.767553008004615,15.423825099203151,15.423825099203151,0.008072710037231446,1.0
1415,0.615733036723243,16.661137819034487,17.068366726438278,0.008016300201416016,0.9
1416,0.746226586407548,14.591276288587594,14.591276288587594,0.0075854301452636715,1.0
1417,0.8083944732816466,18.65496889794274,18.65496889794274,0.007577085494995117,1.0
1418,0.793651457484583,19.160769632223058,19.160769632223058,0.007492518424987793,1.0
1419,0.744283379850518,15.510587216018626,15.510587216018626,0.007885050773620606,1.0
1420,0.7665145786855605,13.932202403999828,13.932202403999828,0.007820034027099609,1.0
1421,0.7250281953452106,17.816931338758305,17.816931338758305,0.007742118835449219,1.0
1422,0.6418086904147379,18.60773154990965,19.550342885944648,0.007636475563049317,0.9
1423,0.7926646207536414,14.914523156492256,14.914523156492256,0.007678174972534179,1.0
1424,0.7502895335601185,17.257078560697373,17.257078560697373,0.007899665832519531,1.0
1425,0.6124424728570234,16.381155393915144,16.946331891230074,0.007532095909118653,0.9
1426,0.7344096221105767,11.45227482885711,11.45227482885711,0.007761192321777344,1.0
1427,0.7571189132326199,17.216477404518226,17.216477404518226,0.00763242244720459,1.0
1428,0.6182225130115717,13.867371985454161,14.091820230932099,0.007724666595458984,0.9
1429,0.738089557534132,15.237499546254167,15.237499546254167,0.0077115058898925785,1.0
1430,0.7656908357133085,17.832513501731245,17.832513501731245,0.007986879348754883,1.0
1431,0.6130657541437097,15.602893228410874,15.600567476570745,0.007698655128479004,0.9
1432,0.5817336284836105,16.703283953521122,14.517850267305745,0.007680940628051758,0.9
1433,0.5790494001813247,18.085325263114907,16.457758090682624,0.007694149017333984,0.9
1434,0.7396891095445105,16.796811564830076,16.796811564830076,0.007728481292724609,1.0
1435,0.7972282354638789,13.484958666425758,13.484958666425758,0.007891345024108886,1.0
1436,0.6394439521936499,15.419895532894907,15.945409070295076,0.007814669609069824,0.9
1437,0.4602743893842277,13.47268851143291,14.08758419444068,0.007536554336547851,0.8
1438,0.7722258598259392,17.511044750446803,17.511044750446803,0.007607126235961914,1.0
1439,0.7964217131420892,16.148532386072606,16.148532386072606,0.008042693138122559,1.0
1440,0.7575733527052148,16.578963812320623,16.578963812320623,0.007660579681396484,1.0
1441,0.7950975787984306,17.909758425882483,17.909758425882483,0.008021378517150879,1.0
1442,0.6443370735059479,17.47216664483198,18.11094437516569,0.007679653167724609,0.9
1443,0.759651911361591,19.13689847374671,19.13689847374671,0.007654738426208496,1.0
1444,0.7721740496042184,13.848923895443153,13.848923895443153,0.007507109642028808,1.0
1445,0.7764356885133419,17.167856341439283,17.167856341439283,0.008069348335266114,1.0
1446,0.7990632716792284,18.414525796552585,18.414525796552585,0.00758066177368164,1.0
1447,0.8015104198062863,14.955717052371515,14.955717052371515,0.007927489280700684,1.0
1448,0.7237172626380823,17.624352667204793,17.624352667204793,0.007840371131896973,1.0
1449,0.8021921740826261,18.11641260429292,18.11641260429292,0.007702088356018067,1.0
1450,0.8208567885099377,13.657973487088977,13.657973487088977,0.007546162605285645,1.0
1451,0.7824553192528313,17.89555470315907,17.89555470315907,0.007270622253417969,1.0
1452,0.775163990022201,14.1252675634723,14.1252675634723,0.007865500450134278,1.0
1453,0.7742765131983377,18.140795829183084,18.140795829183084,0.008072948455810547,1.0
1454,0.7939125018989082,16.7423438629066,16.7423438629066,0.007931351661682129,1.0
1455,0.7483380148081202,20.803704723839786,20.803704723839786,0.007850289344787598,1.0
1456,0.5928799900151704,23.528200880798227,21.80167099840944,0.007853817939758301,0.9
1457,0.5742633264676076,17.90116512073902,17.990386719561165,0.007635092735290528,0.9
1458,0.7627913045216983,14.573389018193641,14.573389018193641,0.00767369270324707,1.0
1459,0.7680813173429157,20.35730873215661,20.35730873215661,0.007419157028198242,1.0
1460,0.46771417563277523,15.83116512026109,13.85401216489068,0.007675457000732422,0.8
1461,0.6117646162905143,18.295833939083828,19.034742566354556,0.007956433296203613,0.9
1462,0.747369267147236,18.329127687097106,18.329127687097106,0.007941794395446778,1.0
1463,0.7783855196366308,17.797859566491617,17.797859566491617,0.0075113773345947266,1.0
1464,0.7674921510262053,19.54511243781316,19.54511243781316,0.008016252517700195,1.0
1465,0.7432953319487077,20.222060683724543,20.222060683724543,0.007644820213317871,1.0
1466,0.7550541690979293,16.295639380340948,16.295639380340948,0.008010101318359376,1.0
1467,0.743585396335304,11.650055361190912,11.650055361190912,0.007809782028198242,1.0
1468,0.7808787536605521,20.437632156128384,20.437632156128384,0.007866573333740235,1.0
1469,0.7216967368655742,19.262817734289186,19.262817734289186,0.00744783878326416,1.0
1470,0.7793133305234073,16.85931071437249,16.85931071437249,0.007990026473999023,1.0
1471,0.7626065003059822,18.895071016793896,18.895071016793896,0.007492661476135254,1.0
1472,0.7478052400265052,19.28771985470658,19.28771985470658,0.007988929748535156,1.0
1473,0.7358497761069367,14.873034703820867,14.873034703820867,0.007843399047851562,1.0
1474,0.6685313330593058,15.828545352315654,16.399565210774167,0.0078383207321167,0.9
1475,0.769919038485708,18.469635713980722,18.469635713980722,0.007533860206604004,1.0
1476,0.7277891847703544,13.129006977464934,13.129006977464934,0.007437896728515625,1.0
1477,0.7296485211514131,16.4155619862509,16.4155619862509,0.007661008834838867,1.0
1478,0.791228932910851,19.540128741723244,19.540128741723244,0.008236193656921386,1.0
1479,0.7573288807742047,14.245108277354054,14.245108277354054,0.008324670791625976,1.0
1480,0.738845131048452,16.117144841729075,16.117144841729075,0.007863402366638184,1.0
1481,0.7560935041328579,22.401628615337692,22.401628615337692,0.007747721672058105,1.0
1482,0.7802890454422742,14.2253870533863,14.2253870533863,0.007765841484069824,1.0
1483,0.7898838614412613,16.828020007988613,16.828020007988613,0.0075901269912719725,1.0
1484,0.7770690639384834,17.856360964617473,17.856360964617473,0.007808566093444824,1.0
1485,0.8213474438157551,14.932363557729133,14.932363557729133,0.00799248218536377,1.0
1486,0.800860392615782,17.897130792922074,17.897130792922074,0.007657289505004883,1.0
1487,0.7612658784908365,21.396022276647393,21.396022276647393,0.008235692977905273,1.0
1488,0.7477701820584928,18.65551027857486,18.65551027857486,0.007969951629638672,1.0
1489,0.7574600722645719,17.474482230591672,17.474482230591672,0.008288073539733886,1.0
1490,0.7421735127328962,13.483625035572487,13.483625035572487,0.007467532157897949,1.0
1491,0.7819532896642941,19.112567995047204,19.112567995047204,0.007569003105163574,1.0
1492,0.7667641799420101,18.843854249021145,18.843854249021145,0.007449650764465332,1.0
1493,0.770273786296932,15.061080194304125,15.061080194304125,0.0074302911758422855,1.0
1494,0.7447971376935566,15.707873232622239,15.707873232622239,0.007806158065795899,1.0
1495,0.7182498815585233,19.084502538709852,19.084502538709852,0.008013772964477538,1.0
1496,0.7737781427569301,15.190342442899833,15.190342442899833,0.008095455169677735,1.0
1497,0.8228702094526856,14.49574875694772,14.49574875694772,0.007965850830078124,1.0
1498,0.7729985142839574,14.653149665237413,14.653149665237413,0.008109331130981445,1.0
1499,0.6129638133011527,16.02552193575764,16.304030649490713,0.007880330085754395,0.9
1500,0.7916370342255691,14.797793041652266,14.797793041652266,0.007546067237854004,1.0
1501,0.7123936847020607,17.1109621590813,17.1109621590813,0.007160663604736328,1.0
1502,0.7633575686005184,12.663894129270634,12.663894129270634,0.007423138618469239,1.0
1503,0.6796092458736036,14.059329943547485,14.059329943547485,0.007717227935791016,1.0
1504,0.7854697769264616,20.239416160207245,20.239416160207245,0.007973241806030273,1.0
1505,0.7682921699455391,19.389647708385862,19.389647708385862,0.008212041854858399,1.0
1506,0.7526749172952849,17.81345161579073,17.81345161579073,0.008014822006225586,1.0
1507,0.7674536905188097,18.650832377183967,18.650832377183967,0.007801198959350586,1.0
1508,0.7557661826420704,14.299710477446055,14.299710477446055,0.007294201850891113,1.0
1509,0.763977949992856,13.921752843137067,13.921752843137067,0.007563114166259766,1.0
1510,0.7789107669294401,13.917694201369818,13.917694201369818,0.007750678062438965,1.0
1511,0.741454719785797,16.591440971344248,16.591440971344248,0.007778072357177734,1.0
1512,0.6039641426895865,18.81171794585431,19.413424674746672,0.007556986808776855,0.9
1513,0.7862663495755868,19.908047388313584,19.908047388313584,0.007725238800048828,1.0
1514,0.7565111274319694,17.149525090737775,17.149525090737775,0.008136129379272461,1.0
1515,0.6193287644798635,14.89635071184936,14.793660105972979,0.007979035377502441,0.9
1516,0.8023803714547452,16.432355402226715,16.432355402226715,0.007812857627868652,1.0
1517,0.7708124251847791,18.717060825461644,18.717060825461644,0.0076177120208740234,1.0
1518,0.7067139930603512,20.650799935042986,20.650799935042986,0.007422971725463867,1.0
1519,0.6277273852657546,19.831511214378185,18.191807254280633,0.007582306861877441,0.9
1520,0.6080576653283735,25.038581798523637,24.025260998573113,0.007713603973388672,0.9
1521,0.5690031870780397,20.930906803943806,19.56870055329167,0.0077223539352416996,0.9
1522,0.7288233857293209,22.248457396626044,22.248457396626044,0.007671737670898437,1.0
1523,0.7974790813874439,21.800691527133946,21.800691527133946,0.008256769180297852,1.0
1524,0.5948722446323753,20.528976225717066,19.363055122763164,0.007630491256713867,0.9
1525,0.7582279659498072,16.806521062825425,16.806521062825425,0.007435226440429687,1.0
1526,0.6061860759860387,17.080486320311007,17.863151414321205,0.007519245147705078,0.9
1527,0.5665126754576727,18.021013494110736,18.80036145729484,0.007974791526794433,0.9
1528,0.5804560884371486,19.032602882436013,18.325454642122136,0.007926869392395019,0.9
1529,0.6072353495707785,24.10145128454981,25.642957399051117,0.007944488525390625,0.9
1530,0.7651356558631095,19.980345782883738,19.980345782883738,0.007693171501159668,1.0
1531,0.7083551298575358,17.957413850959103,17.957413850959103,0.007677483558654785,1.0
1532,0.7271259620682797,13.442561955601471,13.442561955601471,0.007860064506530762,1.0
1533,0.7717744516837078,16.59180276942262,16.59180276942262,0.0077008485794067385,1.0
1534,0.7629644994258413,16.25664925516488,16.25664925516488,0.007568788528442383,1.0
1535,0.587203871200324,19.368823674832505,19.681505692374436,0.007794618606567383,0.9
1536,0.7353069750659053,20.430322692366122,20.430322692366122,0.007827377319335938,1.0
1537,0.47141341421741806,17.328528293517884,17.679684742944467,0.007369542121887207,0.8
1538,0.744201850574072,17.455620915242708,17.455620915242708,0.00739903450012207,1.0
1539,0.7483849997584191,15.661518898468662,15.661518898468662,0.007999229431152343,1.0
1540,0.7552850389697439,20.00872511657864,20.00872511657864,0.008238625526428223,1.0
1541,0.7536674439251382,22.1219916483681,22.1219916483681,0.007926464080810547,1.0
1542,0.4635758648004777,17.478362232190058,13.846944199101767,0.0077685356140136715,0.8
1543,0.6325536973853311,13.307547542107192,13.616013206024988,0.007462787628173828,0.9
1544,0.7479412633215007,16.395075268199058,16.395075268199058,0.007427406311035156,1.0
1545,0.7749028393852202,18.48225234699029,18.48225234699029,0.007729744911193848,1.0
1546,0.7484048814345114,14.057478298475194,14.057478298475194,0.007841658592224122,1.0
1547,0.6331230838087437,16.812146527858896,15.341478714439596,0.007761812210083008,0.9
1548,0.6320121557752014,19.008451885470066,17.72759039947491,0.0075046300888061525,0.9
1549,0.7678149576967381,18.66916307344278,18.66916307344278,0.007633090019226074,1.0
1550,0.7022823381364406,20.328408642045783,20.328408642045783,0.007544612884521485,1.0
1551,0.45609062465051337,19.639094669959107,19.231531655507705,0.007952713966369629,0.8
1552,0.7454924002222381,20.963822855442963,20.963822855442963,0.008069705963134766,1.0
1553,0.6158723081732113,19.042868768830452,17.61332129716446,0.00771634578704834,0.9
1554,0.7561301552884854,19.99384896769127,19.99384896769127,0.007611465454101562,1.0
1555,0.7600156536355469,21.111111080232597,21.111111080232597,0.007475543022155762,1.0
1556,0.8058578127185271,21.413116679753806,21.413116679753806,0.0074186563491821286,1.0
1557,0.7384008024056044,14.80050005474808,14.80050005474808,0.007849168777465821,1.0
1558,0.7810438267333446,12.863573320368909,12.863573320368909,0.008078861236572265,1.0
1559,0.5756477564078146,19.830931242353415,20.349604760993902,0.007604217529296875,0.9
1560,0.7621053105616904,16.03957599834034,16.03957599834034,0.008014798164367676,1.0
1561,0.7536368872973747,14.312073562834405,14.312073562834405,0.0076666116714477536,1.0
1562,0.7579621934639327,15.929818166835465,15.929818166835465,0.007665061950683593,1.0
1563,0.7550116871978847,21.4452643781715,21.4452643781715,0.007629513740539551,1.0
1564,0.7418825896151928,14.609606269673739,14.609606269673739,0.007549786567687988,1.0
1565,0.48400306408581245,13.627630250089911,14.37812737695381,0.007857060432434082,0.8
1566,0.7704396058341247,12.379934098334479,12.379934098334479,0.007776665687561035,1.0
1567,0.7693894306469435,17.846469589771836,17.846469589771836,0.007720422744750976,1.0
1568,0.7489764352193812,19.15283881395774,19.15283881395774,0.007575178146362304,1.0
1569,0.7464994098228037,20.41234611009487,20.41234611009487,0.007616400718688965,1.0
1570,0.7259715220865396,15.649990262615791,15.649990262615791,0.007971429824829101,1.0
1571,0.7464141535274978,14.302183809709058,14.302183809709058,0.007929182052612305,1.0
1572,0.6156750579118807,18.858073531226793,17.55432223068635,0.007820773124694824,0.9
1573,0.6022925790757412,16.816020543115897,17.45534183781541,0.007769918441772461,0.9
1574,0.753602754276886,21.866404390289155,21.866404390289155,0.007505297660827637,1.0
1575,0.7724021487992577,15.985408680243385,15.985408680243385,0.007631754875183106,1.0
1576,0.7317246863392363,19.05994047503003,19.05994047503003,0.0077468156814575195,1.0
1577,0.7837228128400138,22.70705439555777,22.70705439555777,0.007860684394836425,1.0
1578,0.732506090595432,18.452659729900752,18.452659729900752,0.007747912406921386,1.0
1579,0.7581727433562042,18.853217256823616,18.853217256823616,0.007800054550170898,1.0
1580,0.5861313651214664,19.11247217340898,17.859543452598977,0.007829666137695312,0.9
1581,0.80241645253976,20.040881630066792,20.040881630066792,0.007566714286804199,1.0
1582,0.7893198212240455,15.381776037073275,15.381776037073275,0.007785630226135254,1.0
1583,0.5803128980499916,22.374501055148215,23.23562549483413,0.007833504676818847,0.9
1584,0.7720470444071614,17.568092072289932,17.568092072289932,0.008010149002075195,1.0
1585,0.7486403533655535,16.423539521594094,16.423539521594094,0.0077296972274780275,1.0
1586,0.7157758034187295,17.90250106031853,17.90250106031853,0.0075190067291259766,1.0
1587,0.8015818503435671,16.35744569881503,16.35744569881503,0.007849621772766113,1.0
1588,0.778872966259357,19.484480202663285,19.484480202663285,0.007822060585021972,1.0
1589,0.800856859968907,17.671402622333172,17.671402622333172,0.008019781112670899,1.0
1590,0.7639326844011471,16.913676461385723,16.913676461385723,0.007637524604797363,1.0
1591,0.7361807071382103,14.84927344348372,14.84927344348372,0.007315301895141601,1.0
1592,0.7869484938394599,15.112606266416648,15.112606266416648,0.0076530218124389645,1.0
1593,0.7981437350128151,14.742929697727202,14.742929697727202,0.007935810089111327,1.0
1594,0.4370749679025252,18.390608996269115,19.78003557500417,0.007821416854858399,0.8
1595,0.7299341048427507,20.915832618569844,20.915832618569844,0.008091330528259277,1.0
1596,0.8013729549085762,15.461389348036002,15.461389348036002,0.007995176315307616,1.0
1597,0.7537046163195787,18.76658949460189,18.76658949460189,0.007693576812744141,1.0
1598,0.7503153112460208,17.861515832470268,17.861515832470268,0.00746006965637207,1.0
1599,0.7734270075917202,15.520276456424577,15.520276456424577,0.007507848739624024,1.0
1600,0.7593624719991274,20.269769896150567,20.269769896150567,0.007527565956115723,1.0
1601,0.7503020664545841,18.55850808993454,18.55850808993454,0.00781254768371582,1.0
1602,0.7495362231731557,20.172997875735334,20.172997875735334,0.008063459396362304,1.0
1603,0.5867660364915284,17.31526075803595,17.378248874064447,0.007827401161193848,0.9
1604,0.7828768747736553,18.564653266137736,18.564653266137736,0.008142352104187012,1.0
1605,0.7527392629301638,19.77764840802511,19.77764840802511,0.007931995391845702,1.0
1606,0.7687325935126593,19.191503421780997,19.191503421780997,0.007871103286743165,1.0
1607,0.7486043745522885,15.376845436345675,15.376845436345675,0.007576465606689453,1.0
1608,0.7476158906090827,15.656343367316191,15.656343367316191,0.007357501983642578,1.0
1609,0.745654615235114,21.22815146053317,21.22815146053317,0.007210493087768555,1.0
1610,0.6075480678421632,19.66964499503034,20.51352732686765,0.007586121559143066,0.9
1611,0.7845221027208521,16.88128019791972,16.88128019791972,0.007694053649902344,1.0
1612,0.6956660014348885,15.639240959562127,15.639240959562127,0.007765865325927735,1.0
1613,0.6196624999824545,15.216134595003052,15.07127903359154,0.008166909217834473,0.9
1614,0.7770167416543324,15.081651243311146,15.081651243311146,0.007849669456481934,1.0
1615,0.7476595656638839,15.98235445520304,15.98235445520304,0.007797145843505859,1.0
1616,0.6226808001324127,22.925995906959287,22.09018375173221,0.007390594482421875,0.9
1617,0.7739409024919782,15.018819755909789,15.018819755909789,0.007452654838562012,1.0
1618,0.7866344581396157,16.485194515556294,16.485194515556294,0.007597184181213379,1.0
1619,0.7927401814970363,15.255254534150689,15.255254534150689,0.007606005668640137,1.0
1620,0.4848256001683863,14.453577062293263,15.231984117429883,0.00798654556274414,0.8
1621,0.7864480790523858,15.375185300546946,15.375185300546946,0.007881259918212891,1.0
1622,0.7742340884738887,15.700060729469097,15.700060729469097,0.00782308578491211,1.0
1623,0.7981614641686797,19.35414814549539,19.35414814549539,0.00787651538848877,1.0
1624,0.8130016516407759,19.776928862263205,19.776928862263205,0.0077981710433959964,1.0
1625,0.719009262360865,16.64964839065712,16.64964839065712,0.007472848892211914,1.0
1626,0.807496331450019,13.552627083378491,13.552627083378491,0.007624125480651856,1.0
1627,0.7841184053342918,17.325223551423996,17.325223551423996,0.007593107223510742,1.0
1628,0.7678056167003302,17.881810238668407,17.881810238668407,0.007816743850708009,1.0
1629,0.7613969180902331,15.135315082060364,15.135315082060364,0.007881379127502442,1.0
1630,0.7453227748164606,14.836325099358628,14.836325099358628,0.008005356788635254,1.0
1631,0.7279590765384822,18.03415514881856,18.03415514881856,0.0075664520263671875,1.0
1632,0.712973699736934,17.47908014666378,17.47908014666378,0.007784008979797363,1.0
1633,0.6316938833025253,18.3031508097786,18.6940733029153,0.007587218284606933,0.9
1634,0.7599510695140198,16.520994568488828,16.520994568488828,0.00819101333618164,1.0
1635,0.7756812345903106,16.325034485815284,16.325034485815284,0.0076209306716918945,1.0
1636,0.7777240103656932,14.046323788437679,14.046323788437679,0.007564234733581543,1.0
1637,0.725915388061014,19.404265296884272,19.404265296884272,0.0077163934707641605,1.0
1638,0.7830155338366194,19.733728342279324,19.733728342279324,0.007340168952941895,1.0
1639,0.5928393919610853,19.659335298931286,18.428648994188514,0.007860684394836425,0.9
1640,0.7553727968619058,18.24953249963466,18.24953249963466,0.007821416854858399,1.0
1641,0.5989514121838575,20.627882677795423,19.210757426022806,0.007909345626831054,0.9
1642,0.5630764102057634,17.43592579349251,17.805936073396644,0.007648992538452149,0.9
1643,0.7358613068654835,16.20451156897949,16.20451156897949,0.007888388633728028,1.0
1644,0.7332842380923514,16.06861355910354,16.06861355910354,0.007491469383239746,1.0
1645,0.5789139245712851,16.834176309562814,15.262465583776994,0.007774472236633301,0.9
1646,0.7462444486427597,15.097461552406651,15.097461552406651,0.007773184776306152,1.0
1647,0.7610084658418933,20.271874168067008,20.271874168067008,0.008302831649780273,1.0
1648,0.7468704760479095,17.856927284268277,17.856927284268277,0.007672739028930664,1.0
1649,0.7309374852405667,18.64821150131547,18.64821150131547,0.00758211612701416,1.0
1650,0.7763030395304049,15.594780347919757,15.594780347919757,0.0075637102127075195,1.0
1651,0.7267524666640398,15.315019231333832,15.315019231333832,0.007775497436523437,1.0
1652,0.7682100269614724,15.667927079443913,15.667927079443913,0.007935762405395508,1.0
1653,0.7672830434411246,18.793605943402973,18.793605943402973,0.007706356048583984,1.0
1654,0.7558659688516264,17.98240352509389,17.98240352509389,0.007552051544189453,1.0
1655,0.7420273605074315,19.67046399105263,19.67046399105263,0.007535672187805176,1.0
1656,0.7139473419742234,20.45786508082225,20.45786508082225,0.007477593421936035,1.0
1657,0.7591893759522368,18.170305612150337,18.170305612150337,0.007815670967102051,1.0
1658,0.7487093353277586,15.492572237405573,15.492572237405573,0.007907652854919433,1.0
1659,0.7792443428352847,12.975951693755135,12.975951693755135,0.008048415184020996,1.0
1660,0.7347287574210775,12.308285339065668,12.308285339065668,0.007787156105041504,1.0
1661,0.7581967132637384,14.164955207931303,14.164955207931303,0.007892513275146484,1.0
1662,0.5983135778375326,15.060381660078235,14.95304832738433,0.007423138618469239,0.9
1663,0.7745187356490131,16.054315161772998,16.054315161772998,0.007561302185058594,1.0
1664,0.7430211691951767,11.794157974103092,11.794157974103092,0.007692956924438476,1.0
1665,0.7579393255964832,12.856110314052188,12.856110314052188,0.007911944389343261,1.0
1666,0.7553794399205147,18.921611300575144,18.921611300575144,0.007774209976196289,1.0
1667,0.6035780534567646,15.294593819770295,13.574134637163722,0.0075387716293334964,0.9
1668,0.7661460890268815,17.325380345743522,17.325380345743522,0.008146929740905761,1.0
1669,0.8128633032028325,16.24794688187683,16.24794688187683,0.007876062393188476,1.0
1670,0.7470913098226163,14.130063755507091,14.130063755507091,0.00813150405883789,1.0
1671,0.7368500547516943,14.76295404754986,14.76295404754986,0.007600092887878418,1.0
1672,0.715690700834752,18.14279314014167,18.14279314014167,0.007457232475280762,1.0
1673,0.5765365050344797,15.751401690525594,14.042644097606349,0.007060813903808594,0.9
1674,0.7571519328747004,14.056334436106638,14.056334436106638,0.007518362998962402,1.0
1675,0.7222127884165952,21.106966617347087,21.106966617347087,0.007912421226501464,1.0
1676,0.7859113851997143,17.242461668075528,17.242461668075528,0.008211374282836914,1.0
1677,0.7963632820111016,14.724267281301962,14.724267281301962,0.008205795288085937,1.0
1678,0.7708285521762998,16.738542295126674,16.738542295126674,0.007755494117736817,1.0
1679,0.7790445001659301,17.79998185286882,17.79998185286882,0.007496547698974609,1.0
1680,0.7263567137299751,21.778851188347772,21.778851188347772,0.007346463203430176,1.0
1681,0.7675322049077669,15.743548233492064,15.743548233492064,0.007537293434143067,1.0
1682,0.6933493596006546,15.112639603063968,15.112639603063968,0.007653188705444336,1.0
1683,0.5990452742375038,19.01740862457468,19.863212098125448,0.007808995246887207,0.9
1684,0.7794646730996995,18.329659582989454,18.329659582989454,0.007730960845947266,1.0
1685,0.5840622797704399,18.659082478438442,19.59470074348955,0.007608985900878907,0.9
1686,0.6152130984376238,18.314906192684788,19.12485043977711,0.007707977294921875,0.9
1687,0.7791521306820872,16.49555001851924,16.49555001851924,0.008229804039001466,1.0
1688,0.5818597430631234,16.8755371207319,16.51573644860886,0.00772404670715332,0.9
1689,0.7698910682454146,18.057871407479563,18.057871407479563,0.007535958290100097,1.0
1690,0.7729663338178827,17.932095280180768,17.932095280180768,0.007309317588806152,1.0
1691,0.7710710239595046,13.340477027372254,13.340477027372254,0.007313919067382812,1.0
1692,0.7782037547913585,11.414985790743316,11.414985790743316,0.007667064666748047,1.0
1693,0.7503701029027708,11.91827509689884,11.91827509689884,0.008134865760803222,1.0
1694,0.7771641798117949,18.60819308319247,18.60819308319247,0.008223509788513184,1.0
1695,0.7401003590447893,15.70501393523703,15.70501393523703,0.008065056800842286,1.0
1696,0.7821396085709587,12.91654367979624,12.91654367979624,0.007627224922180176,1.0
1697,0.7556859490112885,14.105884387685464,14.105884387685464,0.007472372055053711,1.0
1698,0.7666194292480877,15.459326986213522,15.459326986213522,0.0077369451522827145,1.0
1699,0.7881630544304952,18.80417126259068,18.80417126259068,0.007563161849975586,1.0
1700,0.7502271979219354,17.362342862452405,17.362342862452405,0.00808699131011963,1.0
1701,0.5967648937218089,16.059102619618734,16.32368306589686,0.008219218254089356,0.9
1702,0.6288387739715229,14.81641838180435,15.18094113740032,0.007711434364318847,0.9
1703,0.6309507753824335,16.23079462437006,16.5650133484355,0.007950663566589355,0.9
1704,0.786803649686088,15.961263888772905,15.961263888772905,0.0076982975006103516,1.0
1705,0.7954235241995249,14.012552927677302,14.012552927677302,0.00787975788116455,1.0
1706,0.7840459988021088,14.681846865072325,14.681846865072325,0.007574892044067383,1.0
1707,0.7270650762157487,16.290994829469177,16.290994829469177,0.007528042793273926,1.0
1708,0.7885466383120865,19.07726587888187,19.07726587888187,0.007214903831481934,1.0
1709,0.760726607494564,16.720954420956094,16.720954420956094,0.007767176628112793,1.0
1710,0.6084687641151864,15.634022336252352,15.489361494266667,0.007763457298278808,0.9
1711,0.7877105501386044,15.949202159345816,15.949202159345816,0.008356547355651856,1.0
1712,0.7578323858995119,13.077008791579098,13.077008791579098,0.008334541320800781,1.0
1713,0.7660189902438528,15.033233616360452,15.033233616360452,0.007987546920776366,1.0
1714,0.7240780614125822,14.765450601235761,14.765450601235761,0.00740346908569336,1.0
1715,0.7477694699920769,15.255543412632088,15.255543412632088,0.007332372665405274,1.0
1716,0.7850143286132932,16.726723195018934,16.726723195018934,0.007679581642150879,1.0
1717,0.7503708114061138,14.667047686369603,14.667047686369603,0.00787365436553955,1.0
1718,0.7539882754097513,17.362237215775146,17.362237215775146,0.008291029930114746,1.0
1719,0.7658652993744911,16.960046937347663,16.960046937347663,0.008120441436767578,1.0
1720,0.6075272386637084,19.482241138755654,18.288891551277825,0.007934069633483887,0.9
1721,0.7279614404395243,17.54699230080527,17.54699230080527,0.00784628391265869,1.0
1722,0.760413829300314,18.861587962079895,18.861587962079895,0.00779716968536377,1.0
1723,0.7589420331073387,18.152014086669464,18.152014086669464,0.007484984397888183,1.0
1724,0.7332041819082198,14.202488717316836,14.202488717316836,0.0076138019561767575,1.0
1725,0.723804090056589,17.679654561205723,17.679654561205723,0.007354164123535156,1.0
1726,0.7641142291439549,19.347221800413465,19.347221800413465,0.00767214298248291,1.0
1727,0.5558491032110546,18.414621431657825,18.717135010088448,0.008087253570556641,0.9
1728,0.7306971476571383,15.375675060544761,15.375675060544761,0.007750558853149414,1.0
1729,0.595453961483133,16.781664386272052,15.974181517583869,0.007957744598388671,0.9
1730,0.7576795382383351,17.736103558605272,17.736103558605272,0.0077454566955566405,1.0
1731,0.7441308091312656,14.188097480612509,14.188097480612509,0.0074101448059082035,1.0
1732,0.8048810428013695,12.739772254015055,12.739772254015055,0.007433700561523438,1.0
1733,0.7530045976806747,13.966620552551467,13.966620552551467,0.007534551620483399,1.0
1734,0.811769657800754,13.306186665394478,13.306186665394478,0.007656621932983399,1.0
1735,0.6276176910269082,16.467894546799577,17.133889579933673,0.007980966567993164,0.9
1736,0.6229206411298114,16.994007325615115,17.538913527766216,0.007742643356323242,0.9
1737,0.7772127249161687,17.251531704213207,17.251531704213207,0.007707285881042481,1.0
1738,0.7729862381337052,13.103432067622753,13.103432067622753,0.007689261436462402,1.0
1739,0.7714563025790484,17.546073713230026,17.546073713230026,0.00773465633392334,1.0
1740,0.7563407059438012,22.997199986122286,22.997199986122286,0.007343459129333496,1.0
1741,0.708242251570791,20.507097492301142,20.507097492301142,0.007576274871826172,1.0
1742,0.7764092161338202,16.469716297006222,16.469716297006222,0.0077704906463623045,1.0
1743,0.812169246998856,15.752717161920993,15.752717161920993,0.00796043872833252,1.0
1744,0.44840288113364046,16.87933580257635,18.164077845447466,0.00797111988067627,0.8
1745,0.8156929505097018,17.05214937036989,17.05214937036989,0.007960319519042969,1.0
1746,0.80243124289238,20.015472549277746,20.015472549277746,0.007767820358276367,1.0
1747,0.7847595504343288,16.100797159881154,16.100797159881154,0.007493019104003906,1.0
1748,0.806688631374611,14.822006184511102,14.822006184511102,0.007454228401184082,1.0
1749,0.7492734476443841,16.117678598502135,16.117678598502135,0.007311320304870606,1.0
1750,0.7989747292820634,20.02827705701052,20.02827705701052,0.007530784606933594,1.0
1751,0.7474717646258285,16.71189670886686,16.71189670886686,0.007803606986999512,1.0
1752,0.7276184997664712,17.31016303514389,17.31016303514389,0.007866883277893066,1.0
1753,0.7690706963447751,16.89386381496474,16.89386381496474,0.007837128639221192,1.0
1754,0.7287865772647132,20.33197976683055,20.33197976683055,0.007880282402038575,1.0
1755,0.5730693089926582,15.00542027700897,15.510361111811685,0.007524704933166504,0.9
1756,0.7469362144477526,17.093005061251777,17.093005061251777,0.007735395431518554,1.0
1757,0.7635285286054259,21.883728832852324,21.883728832852324,0.007937216758728027,1.0
1758,0.5987366413295613,18.84245365790627,19.744087156538622,0.0074014425277709964,0.9
1759,0.7413876548645949,16.16525611340517,16.16525611340517,0.007561779022216797,1.0
1760,0.5830449561964246,18.980813263272086,19.594773768338246,0.007592892646789551,0.9
1761,0.7406924633919517,19.096544037950125,19.096544037950125,0.007916498184204101,1.0
1762,0.7428253132108081,21.74199007614318,21.74199007614318,0.008164644241333008,1.0
1763,0.5945318111502726,17.820392715911225,18.105378175563626,0.008161783218383789,0.9
1764,0.7719501049668069,13.230750101107565,13.230750101107565,0.007617306709289551,1.0
1765,0.7600296697841304,14.475114348509354,14.475114348509354,0.007624435424804688,1.0
1766,0.78578698277995,16.985507559820594,16.985507559820594,0.007491850852966308,1.0
1767,0.7612170732384315,16.939404490331924,16.939404490331924,0.007422852516174317,1.0
1768,0.7466959400972841,18.72775121542713,18.72775121542713,0.008064794540405273,1.0
1769,0.7884738316358643,18.03686214332138,18.03686214332138,0.007940268516540528,1.0
1770,0.7667186200580711,16.76787438539869,16.76787438539869,0.007813811302185059,1.0
1771,0.7169533714765146,20.70477928561409,20.70477928561409,0.00773777961730957,1.0
1772,0.7562487981854693,17.241618015439407,17.241618015439407,0.0077583551406860355,1.0
1773,0.7665176394454275,19.425389011467054,19.425389011467054,0.007673811912536621,1.0
1774,0.7525913921150339,17.808113219877765,17.808113219877765,0.008285331726074218,1.0
1775,0.7200218096524863,15.1612536787955,15.1612536787955,0.00769963264465332,1.0
1776,0.7888888626056194,17.114847847330452,17.114847847330452,0.007738232612609863,1.0
1777,0.6467972743536561,13.81975180529023,14.020494186624349,0.007779669761657715,0.9
1778,0.7608297691742292,14.90455470486664,14.90455470486664,0.007662534713745117,1.0
1779,0.6286675392917149,15.940280966889777,16.462104389471133,0.00789940357208252,0.9
1780,0.749417799530217,12.58561928693153,12.58561928693153,0.007773923873901367,1.0
1781,0.7503637736747635,16.012843687670614,16.012843687670614,0.00767664909362793,1.0
1782,0.7530793060992238,17.858254145160732,17.858254145160732,0.007645940780639649,1.0
1783,0.7771544251539886,20.52096965863378,20.52096965863378,0.007417440414428711,1.0
1784,0.7661072832577804,15.511646564800989,15.511646564800989,0.007411575317382813,1.0
1785,0.736784683899001,15.63709280432899,15.63709280432899,0.007511425018310547,1.0
1786,0.742004968362243,20.817360815342614,20.817360815342614,0.007776618003845215,1.0
1787,0.7665502871557637,14.763577466756924,14.763577466756924,0.008266830444335937,1.0
1788,0.7318929589556584,12.292355907838376,12.292355907838376,0.007698917388916015,1.0
1789,0.7604069943472258,18.1983855690942,18.1983855690942,0.007873940467834472,1.0
1790,0.7417110881557167,23.0514102103593,23.0514102103593,0.007378172874450683,1.0
1791,0.6145683790254919,20.294716717962864,20.894926849282214,0.007644200325012207,0.9
1792,0.7524265715608385,18.874467179346844,18.874467179346844,0.007757043838500977,1.0
1793,0.7906316933088918,16.361092124136253,16.361092124136253,0.008085060119628906,1.0
1794,0.5656775589622794,14.402142284066105,13.972701208242889,0.008106207847595215,0.9
1795,0.7639230154861942,16.068063413152302,16.068063413152302,0.007884454727172852,1.0
1796,0.46187525605499,15.234017731275832,15.755752679368118,0.0075197935104370115,0.8
1797,0.40091444380163876,17.347317661900913,18.64411555538925,0.007666206359863282,0.8
1798,0.6272706013208251,15.626166259298248,16.236443458453184,0.007906365394592284,0.9
1799,0.7614124922308305,16.35955619834391,16.35955619834391,0.00803520679473877,1.0
1800,0.7379589008361033,16.75331727960637,16.75331727960637,0.007935762405395508,1.0
1801,0.7716553364658543,15.763379402828955,15.763379402828955,0.007430839538574219,1.0
1802,0.7328283643515459,12.965699468685807,12.965699468685807,0.0075129508972167965,1.0
1803,0.713537100315887,14.00077525757228,14.00077525757228,0.007637906074523926,1.0
1804,0.7707771757481681,19.156667807800172,19.156667807800172,0.007814645767211914,1.0
1805,0.7801149913122691,16.647196545063547,16.647196545063547,0.008157086372375489,1.0
1806,0.5966886585238803,17.597963911404282,18.184472754893083,0.008150601387023925,0.9
1807,0.7495869412139476,19.03080167847724,19.03080167847724,0.007876372337341309,1.0
1808,0.7177033616394597,17.85555498828034,17.85555498828034,0.008012676239013672,1.0
1809,0.702867478438052,14.241169213162166,14.241169213162166,0.007887721061706543,1.0
1810,0.7396774447291231,16.602886446629533,16.602886446629533,0.007709789276123047,1.0
1811,0.7445878574637694,17.42859132981986,17.42859132981986,0.007984209060668945,1.0
1812,0.724550566749752,17.478781507801806,17.478781507801806,0.007636761665344239,1.0
1813,0.6076908286943807,21.376936330096036,20.362672239144654,0.007970356941223144,0.9
1814,0.432789661529451,20.29223906020345,19.79291086761966,0.007753992080688476,0.8
1815,0.722721389015814,21.87250326972021,21.87250326972021,0.007661962509155273,1.0
1816,0.7375419737895602,17.90473977067308,17.90473977067308,0.007735133171081543,1.0
1817,0.7920564211605993,19.324281273803717,19.324281273803717,0.007944178581237794,1.0
1818,0.744824911750461,17.821572224616677,17.821572224616677,0.00777888298034668,1.0
1819,0.7796901504225481,19.20701279039676,19.20701279039676,0.007896161079406739,1.0
1820,0.7596269006363839,14.053363882897495,14.053363882897495,0.00795896053314209,1.0
1821,0.7301622408511125,14.336144177449842,14.336144177449842,0.007464146614074707,1.0
1822,0.7264678903762918,18.223694639567068,18.223694639567068,0.007786321640014649,1.0
1823,0.8123213877263649,16.66489180612819,16.66489180612819,0.007434320449829101,1.0
1824,0.7994645751870533,17.871477565403225,17.871477565403225,0.007445216178894043,1.0
1825,0.6114012131301816,15.739929303004839,16.03763956317265,0.007644033432006836,0.9
1826,0.7625328270867947,15.906068630164203,15.906068630164203,0.007845544815063476,1.0
1827,0.7854933362913185,15.505561197916174,15.505561197916174,0.008070063591003419,1.0
1828,0.7670120628651832,14.257253876035609,14.257253876035609,0.00807342529296875,1.0
1829,0.705249593361337,15.188383411940714,15.188383411940714,0.0075997114181518555,1.0
1830,0.7490202100704315,19.137333129725537,19.137333129725537,0.007501053810119629,1.0
1831,0.7649063662390735,17.529034297214814,17.529034297214814,0.0074549436569213865,1.0
1832,0.7630950054563244,19.144673580511345,19.144673580511345,0.007801508903503418,1.0
1833,0.76939376252252,19.42335572658459,19.42335572658459,0.007707357406616211,1.0
1834,0.7476338807339586,21.387296793061772,21.387296793061772,0.007746577262878418,1.0
1835,0.7567249657254076,20.45989165815274,20.45989165815274,0.007884454727172852,1.0
1836,0.7515729110762376,20.0365816745071,20.0365816745071,0.007825732231140137,1.0
1837,0.7476585234665897,16.846524346014004,16.846524346014004,0.00781261920928955,1.0
1838,0.7149798663673511,18.008473610715402,18.008473610715402,0.007915902137756347,1.0
1839,0.7447493447955871,19.33920028452074,19.33920028452074,0.007526874542236328,1.0
1840,0.7614495581740811,14.67357103451127,14.67357103451127,0.007566142082214356,1.0
1841,0.721039412470406,16.518090301871283,16.518090301871283,0.007423210144042969,1.0
1842,0.7513964950077461,12.921008311117173,12.921008311117173,0.007595038414001465,1.0
1843,0.7529908698707692,12.432684009102134,12.432684009102134,0.007696175575256347,1.0
1844,0.7767667048587371,18.25831387598375,18.25831387598375,0.008050489425659179,1.0
1845,0.7278007462404321,16.385616734888576,16.385616734888576,0.007984161376953125,1.0
1846,0.767606398728325,16.602224241801274,16.602224241801274,0.007546758651733399,1.0
1847,0.7742887393019806,16.347969167961935,16.347969167961935,0.0077504396438598635,1.0
1848,0.621279560411316,17.925891123427625,18.785446698713734,0.007295465469360352,0.9
1849,0.7352352132944675,15.1816695366549,15.1816695366549,0.0076661348342895504,1.0
1850,0.7456795942372993,13.0610484912211,13.0610484912211,0.007810449600219727,1.0
1851,0.7334840958883166,16.087230882161993,16.087230882161993,0.007939004898071289,1.0
1852,0.7373122684908607,15.181880758688283,15.181880758688283,0.007956814765930176,1.0
1853,0.746062432845523,18.505030613147152,18.505030613147152,0.008023643493652343,1.0
1854,0.7767102591353322,16.934432214226522,16.934432214226522,0.007910895347595214,1.0
1855,0.751150470520427,16.105839424990428,16.105839424990428,0.007730817794799805,1.0
1856,0.44239290664509295,18.415861471611226,19.22605931247358,0.007756376266479492,0.8
1857,0.7720198281400288,12.05919457226196,12.05919457226196,0.007432270050048828,1.0
1858,0.7753799844651091,16.75978885822242,16.75978885822242,0.007455229759216309,1.0
1859,0.601655919887773,20.445757681390507,18.138743029344205,0.007885289192199708,0.9
1860,0.7360162879742962,15.31256628042703,15.31256628042703,0.007943940162658692,1.0
1861,0.5515526794945893,16.969792348079118,17.438781107375277,0.008159518241882324,0.9
1862,0.7681967061466346,15.58629473680396,15.58629473680396,0.00819380283355713,1.0
1863,0.7277422391169172,16.421787935407135,16.421787935407135,0.007653570175170899,1.0
1864,0.771803999305186,18.478437504904285,18.478437504904285,0.0074320554733276365,1.0
1865,0.7246660734956826,18.23661517042477,18.23661517042477,0.007236742973327636,1.0
1866,0.7535299744796535,16.362519625003273,16.362519625003273,0.007115578651428223,1.0
1867,0.743002274084626,16.858134537544096,16.858134537544096,0.007697868347167969,1.0
1868,0.5567168377653173,16.696445399289438,16.7057521258218,0.008100342750549317,0.9
1869,0.7618732067950863,19.967664165579084,19.967664165579084,0.00790731906890869,1.0
1870,0.7009847697852514,18.527983122191223,18.527983122191223,0.008219337463378907,1.0
1871,0.6014781168510361,16.506820621342413,14.96192458616225,0.007583975791931152,0.9
1872,0.7668896765209119,15.62049071441588,15.62049071441588,0.007652544975280761,1.0
1873,0.7743330579422995,14.140337640797611,14.140337640797611,0.007514429092407226,1.0
1874,0.7232571684946263,13.997744060324527,13.997744060324527,0.007804012298583985,1.0
1875,0.7351541844338924,20.68237414422856,20.68237414422856,0.007619714736938477,1.0
1876,0.7281005022891328,20.641817553675132,20.641817553675132,0.007392597198486328,1.0
1877,0.7616599084964261,14.213137923727993,14.213137923727993,0.0075637102127075195,1.0
1878,0.7072100763878104,16.227647498592837,16.227647498592837,0.007719063758850097,1.0
1879,0.728796074940737,15.218574503410824,15.218574503410824,0.00827949047088623,1.0
1880,0.7097399046325507,17.28943620519059,17.28943620519059,0.0082275390625,1.0
1881,0.7763573539446705,13.354127966304128,13.354127966304128,0.007860994338989258,1.0
1882,0.7331094830312083,12.223126251813381,12.223126251813381,0.007363510131835937,1.0
1883,0.7893574001344682,17.855634661821906,17.855634661821906,0.007493019104003906,1.0
1884,0.6148715231301286,16.28407100728379,16.922998987132384,0.007379412651062012,0.9
1885,0.7617895166639901,18.11527696149691,18.11527696149691,0.0075991153717041016,1.0
1886,0.7327250698204809,20.231008422686404,20.231008422686404,0.00810258388519287,1.0
1887,0.7513753427179647,16.993391110336372,16.993391110336372,0.008017325401306152,1.0
1888,0.7872614876143574,15.495916204436977,15.495916204436977,0.007751107215881348,1.0
1889,0.7216984353236239,19.031975216989363,19.031975216989363,0.007684850692749023,1.0
1890,0.7754828893077107,15.774397878616387,15.774397878616387,0.008113479614257813,1.0
1891,0.770020229924165,18.284731547307967,18.284731547307967,0.007402753829956055,1.0
1892,0.7449908913602019,14.869171057806167,14.869171057806167,0.007516264915466309,1.0
1893,0.7659098233350556,17.274892075543825,17.274892075543825,0.00781247615814209,1.0
1894,0.7503991585702742,15.905275212391611,15.905275212391611,0.007598328590393067,1.0
1895,0.7780863345772857,17.11268793675222,17.11268793675222,0.007801365852355957,1.0
1896,0.7643284913284555,17.792926551425357,17.792926551425357,0.007888984680175782,1.0
1897,0.6759818992292772,14.409386418009365,14.409386418009365,0.007851004600524902,1.0
1898,0.7536272271229051,19.465778556928324,19.465778556928324,0.007816410064697266,1.0
1899,0.7092440373837137,17.103297267833987,17.103297267833987,0.007819676399230957,1.0
1900,0.7014107453531397,18.64540414443881,18.64540414443881,0.007642292976379394,1.0
1901,0.5945530172968861,17.30579791048504,17.488318480274327,0.0077247142791748045,0.9
1902,0.7266853785654124,15.630824955669473,15.630824955669473,0.007533478736877442,1.0
1903,0.5698254370548329,18.04919317160942,18.386299048994456,0.00742955207824707,0.9
1904,0.7284124587381859,16.309312580222763,16.309312580222763,0.008038330078125,1.0
1905,0.6152127246528185,15.478454392431047,16.0623453029254,0.00815117359161377,0.9
1906,0.7559540199321775,17.339172931683912,17.339172931683912,0.00801846981048584,1.0
1907,0.7499463194138151,15.961329864966753,15.961329864966753,0.007542228698730469,1.0
1908,0.7541329618308051,19.072540308618787,19.072540308618787,0.007407426834106445,1.0
1909,0.7173393000657577,19.472166363455994,19.472166363455994,0.007447886466979981,1.0
1910,0.7696883042471315,14.548274427481322,14.548274427481322,0.007748246192932129,1.0
1911,0.7353812490209217,18.73752667938943,18.73752667938943,0.007971715927124024,1.0
1912,0.5446328925393714,21.301167675159416,19.06345002332653,0.008157157897949218,0.9
1913,0.5781964307459104,19.707708466983348,17.556226610626677,0.007954692840576172,0.9
1914,0.7403644538516916,16.507284618034525,16.507284618034525,0.007619476318359375,1.0
1915,0.750654771000439,20.352467263929373,20.352467263929373,0.007568788528442383,1.0
1916,0.7672612711468345,20.50599488741005,20.50599488741005,0.00778205394744873,1.0
1917,0.7421841706090238,20.47778400454675,20.47778400454675,0.007570505142211914,1.0
1918,0.7518108779885484,15.318619782682655,15.318619782682655,0.0076608419418334964,1.0
1919,0.7079865842013615,13.552897711228226,13.552897711228226,0.007973027229309083,1.0
1920,0.7081746021742235,18.848605908055863,18.848605908055863,0.007389521598815918,1.0
1921,0.5715529145043463,14.431691408301171,14.558175734472192,0.007632756233215332,0.9
1922,0.7618562324104414,16.93326518513364,16.93326518513364,0.008093571662902832,1.0
1923,0.5965126574736205,16.421822125525146,16.82442129108297,0.00805802345275879,0.9
1924,0.7763732874194245,15.168988707961642,15.168988707961642,0.007624030113220215,1.0
1925,0.7391968462465497,14.226219190300103,14.226219190300103,0.007671213150024414,1.0
1926,0.7547461050307737,17.143452495487583,17.143452495487583,0.007083249092102051,1.0
1927,0.7441171373197079,17.082384152216502,17.082384152216502,0.00758664608001709,1.0
1928,0.7381868895218738,19.119651715552884,19.119651715552884,0.008220529556274414,1.0
1929,0.7701988225315936,20.204527804041426,20.204527804041426,0.008179187774658203,1.0
1930,0.7361286710902795,18.77279916313126,18.77279916313126,0.007695460319519043,1.0
1931,0.6982607417900156,17.42071415624109,17.42071415624109,0.008032679557800293,1.0
1932,0.5947628553667854,21.588138133891142,19.7479370809436,0.007664775848388672,0.9
1933,0.5987939037795745,19.820820527043384,20.61358697688747,0.007660603523254395,0.9
1934,0.771609919713984,18.461019759524657,18.461019759524657,0.007677984237670898,1.0
1935,0.5998101705017123,13.782943680740008,13.639227418610297,0.007908868789672851,0.9
1936,0.7672301304480266,17.871275497612313,17.871275497612313,0.007627654075622559,1.0
1937,0.7246412260588712,20.71794334997053,20.71794334997053,0.00777287483215332,1.0
1938,0.44892218766266456,16.926033897864514,17.420187375718676,0.007616877555847168,0.8
1939,0.7208361337894507,15.72214987236402,15.72214987236402,0.007691764831542968,1.0
1940,0.7376492869278677,16.953535289625492,16.953535289625492,0.008037567138671875,1.0
1941,0.6431161874477962,17.4242727305633,18.00511926352226,0.008065128326416015,0.9
1942,0.7837326428417624,18.425100114185753,18.425100114185753,0.007790064811706543,1.0
1943,0.7329457077111874,13.627117589967929,13.627117589967929,0.00751497745513916,1.0
1944,0.7690717897474268,16.253936906615596,16.253936906615596,0.007487154006958008,1.0
1945,0.7310470614573686,16.201564809066628,16.201564809066628,0.0074782133102416996,1.0
1946,0.7417463300530092,14.22498397278674,14.22498397278674,0.007630491256713867,1.0
1947,0.7390866577147563,10.090339718974437,10.090339718974437,0.008107686042785644,1.0
1948,0.736997140193998,14.85132919835257,14.85132919835257,0.007847785949707031,1.0
1949,0.7407468560704557,12.95124787850737,12.95124787850737,0.007882905006408692,1.0
1950,0.7675086465246767,15.203589876446529,15.203589876446529,0.007769441604614258,1.0
1951,0.7618752663085482,14.49830982451933,14.49830982451933,0.007859444618225098,1.0
1952,0.7028492049050797,17.5072324511596,17.5072324511596,0.007703375816345215,1.0
1953,0.7118648754374138,16.444377407060955,16.444377407060955,0.007629299163818359,1.0
1954,0.6605090022396546,17.186979932119446,15.744880522093066,0.007698845863342285,0.9
1955,0.7853833185146903,16.603712670523695,16.603712670523695,0.007677769660949707,1.0
1956,0.7610295276131355,14.866770309657886,14.866770309657886,0.007552289962768554,1.0
1957,0.7917644288311028,13.881247586235412,13.881247586235412,0.007877707481384277,1.0
1958,0.7683794502603468,15.103388005267007,15.103388005267007,0.008079123497009278,1.0
1959,0.7548032676670859,17.412588196745087,17.412588196745087,0.008067584037780762,1.0
1960,0.726135223070923,13.10154986631972,13.10154986631972,0.007765841484069824,1.0
1961,0.7608816833822428,16.01107081991107,16.01107081991107,0.0076956510543823246,1.0
1962,0.5970128910280227,14.711494439369114,14.67165294510826,0.00742650032043457,0.9
1963,0.784511486488551,18.05445322531636,18.05445322531636,0.007657313346862793,1.0
1964,0.7666322676561855,17.5723754259284,17.5723754259284,0.007671260833740234,1.0
1965,0.43558490344799966,16.52465842929722,17.23580150894231,0.007501745223999023,0.8
1966,0.5944506650651566,15.462986467390403,16.038647425457523,0.008213281631469727,0.9
1967,0.761612571602099,17.516747794316963,17.516747794316963,0.007762408256530762,1.0
1968,0.7681649819504287,20.133735389921046,20.133735389921046,0.008108758926391601,1.0
1969,0.601199312996078,18.48816586395379,19.176665328301137,0.007675480842590332,0.9
1970,0.7330270017412316,15.032939004689302,15.032939004689302,0.007785487174987793,1.0
1971,0.7604950795326095,18.503402967286796,18.503402967286796,0.007456040382385254,1.0
1972,0.7355268400401009,16.146016839655413,16.146016839655413,0.00751340389251709,1.0
1973,0.6101219822636595,16.08873070046758,16.504232928827367,0.007626819610595703,0.9
1974,0.7494163214992424,14.756350885530262,14.756350885530262,0.007681727409362793,1.0
1975,0.7431009396456839,17.699411429922996,17.699411429922996,0.008299732208251953,1.0
1976,0.7538982162902447,14.209036119613392,14.209036119613392,0.007860159873962403,1.0
1977,0.7979553126198272,16.113995479177767,16.113995479177767,0.007828330993652344,1.0
1978,0.7483829360907385,18.884287881485456,18.884287881485456,0.007553529739379883,1.0
1979,0.732825575121004,20.14214285854381,20.14214285854381,0.007435941696166992,1.0
1980,0.711053910050022,19.40976431663786,19.40976431663786,0.007618522644042969,1.0
1981,0.7393318185167251,15.61116029711549,15.61116029711549,0.007715988159179688,1.0
1982,0.7574854265905573,13.79261173093895,13.79261173093895,0.007561969757080078,1.0
1983,0.6152803614465682,15.931818811829624,16.20847828783329,0.007898950576782226,0.9
1984,0.7427381511958637,15.89603559119692,15.89603559119692,0.007964301109313964,1.0
1985,0.7259059964868615,19.653995109380556,19.653995109380556,0.00781702995300293,1.0
1986,0.7377018765277461,16.341985178562894,16.341985178562894,0.00800182819366455,1.0
1987,0.7188842286053461,19.35872080633098,19.35872080633098,0.007865428924560547,1.0
1988,0.731514374662386,20.31299085921696,20.31299085921696,0.007893776893615723,1.0
1989,0.7645607420249052,18.65708707466326,18.65708707466326,0.007518219947814942,1.0
1990,0.7486461579542186,20.414123742130382,20.414123742130382,0.007482171058654785,1.0
1991,0.4296143478326825,22.357845747496047,24.696716843047984,0.007520198822021484,0.8
1992,0.7040471093878929,24.61829051869089,24.61829051869089,0.00814988613128662,1.0
1993,0.7442402878936747,18.324067491140635,18.324067491140635,0.008266949653625488,1.0
1994,0.7591162364706954,17.86141459962231,17.86141459962231,0.008280515670776367,1.0
1995,0.7228853616252903,17.508288321805367,17.508288321805367,0.00774390697479248,1.0
1996,0.7983089316424689,14.716302120891228,14.716302120891228,0.007583427429199219,1.0
1997,0.6001099598076217,15.53270281533629,16.04995986100542,0.007517671585083008,0.9
1998,0.7415936734702585,14.935990895538797,14.935990895538797,0.0076542854309082035,1.0
1999,0.7636801544833174,16.073830588516564,16.073830588516564,0.007938289642333984,1.0
2000,0.7025673295250023,16.89629157343682,16.89629157343682,0.007949590682983398,1.0
2001,0.7513613504430381,17.19140699871669,17.19140699871669,0.00822885036468506,1.0
2002,0.7208318740421211,16.076121196817983,16.076121196817983,0.007479119300842285,1.0
2003,0.7578192991380839,15.235604732546188,15.235604732546188,0.007813644409179688,1.0
2004,0.7682882788999944,17.909393882400458,17.909393882400458,0.007849359512329101,1.0
2005,0.6437327040046656,13.854559188965297,14.019535604470983,0.008023548126220702,0.9
2006,0.7573262591283323,18.5382991190783,18.5382991190783,0.007687163352966308,1.0
2007,0.7467163480873362,18.89945301899445,18.89945301899445,0.007269859313964844,1.0
2008,0.5983748303207874,15.256804862890254,15.46306553746759,0.007083511352539063,0.9
2009,0.7335749964808878,16.95988084177503,16.95988084177503,0.007642412185668945,1.0
2010,0.6038628050780954,18.805199980207007,17.482885412164855,0.00790400505065918,0.9
2011,0.7693178781368608,16.786608600388142,16.786608600388142,0.008188176155090331,1.0
2012,0.7572833812072883,14.598341679817613,14.598341679817613,0.00815131664276123,1.0
2013,0.7516094087054597,15.889390349722698,15.889390349722698,0.007915997505187988,1.0
2014,0.6170190216368203,16.694785677026545,17.098868626925665,0.0075578451156616214,0.9
2015,0.5870791460347651,18.050306020232334,18.80580417482847,0.007288455963134766,0.9
2016,0.5777552116498093,16.457640455207194,16.99886019763653,0.0076449871063232425,0.9
2017,0.7455128287821846,20.85763714686122,20.85763714686122,0.007883000373840331,1.0
2018,0.6161864701905093,18.567615901156508,19.012230749275517,0.008132362365722656,0.9
2019,0.7889324246819747,12.383971723156908,12.383971723156908,0.00793759822845459,1.0
2020,0.8065458452894955,14.654046901214656,14.654046901214656,0.00775139331817627,1.0
2021,0.7717489731375486,14.443395072897923,14.443395072897923,0.008059144020080566,1.0
2022,0.7486164145542428,17.345820325151813,17.345820325151813,0.007780933380126953,1.0
2023,0.7441513522770504,14.782272423921317,14.782272423921317,0.008027601242065429,1.0
2024,0.5953909156289828,15.501945590502254,15.602127120864298,0.0076803922653198246,0.9
2025,0.4139249012245866,16.508205386086527,15.698938736503123,0.007602477073669433,0.8
2026,0.7606813016433992,13.122466338732673,13.122466338732673,0.007517313957214356,1.0
2027,0.7356136099462517,14.734002204701605,14.734002204701605,0.0075631380081176754,1.0
2028,0.7729944011484475,14.244724207103626,14.244724207103626,0.007921910285949707,1.0
2029,0.7674294596370638,18.41657487578687,18.41657487578687,0.008430695533752442,1.0
2030,0.5850470678612905,20.46522453704139,21.057409235428665,0.007856225967407227,0.9
2031,0.7191681806755156,22.263776433076032,22.263776433076032,0.00789194107055664,1.0
2032,0.7798279381696407,13.036943284793702,13.036943284793702,0.007382774353027343,1.0
2033,0.7714482581206873,16.03837238184922,16.03837238184922,0.007260894775390625,1.0
2034,0.7769841694118762,14.495054970817439,14.495054970817439,0.007310414314270019,1.0
2035,0.7261155221867269,17.66181721998273,17.66181721998273,0.007703232765197754,1.0
2036,0.7815062334848616,16.061147616022943,16.061147616022943,0.008185982704162598,1.0
2037,0.8004904170428591,15.657903422347081,15.657903422347081,0.007753109931945801,1.0
2038,0.7303016522384805,16.3289360230431,16.3289360230431,0.008117222785949707,1.0
2039,0.7909513881101439,19.621445313390755,19.621445313390755,0.0076831340789794925,1.0
2040,0.7615803122514875,21.49307217832864,21.49307217832864,0.007809090614318848,1.0
2041,0.7646835035253593,18.3214619934679,18.3214619934679,0.007730889320373535,1.0
2042,0.741674783923212,15.162753950889742,15.162753950889742,0.00749354362487793,1.0
2043,0.7590405628583403,15.522670271885426,15.522670271885426,0.007669401168823242,1.0
2044,0.45946544261021716,15.905702708934161,17.002316460225764,0.007710552215576172,0.8
2045,0.6981186712853141,19.503550852811546,19.503550852811546,0.007822084426879882,1.0
2046,0.7266712369794732,18.750954747436207,18.750954747436207,0.008158493041992187,1.0
2047,0.7298351142501647,14.947496241373873,14.947496241373873,0.008005619049072266,1.0
2048,0.7640283227117661,20.998019894975116,20.998019894975116,0.00798349380493164,1.0
2049,0.708989633986783,19.08759142619934,19.08759142619934,0.00741569995880127,1.0
2050,0.7413510754160952,14.712917786427374,14.712917786427374,0.007534170150756836,1.0
2051,0.7576530134928681,15.423108115621947,15.423108115621947,0.00736079216003418,1.0
2052,0.7555606498767754,16.30733208048343,16.30733208048343,0.007818007469177246,1.0
2053,0.7306255341721197,15.407787118813811,15.407787118813811,0.007822513580322266,1.0
2054,0.5932276113582788,17.44258021069351,17.681204878894636,0.00794236660003662,0.9
2055,0.7469868798293009,18.818804799564866,18.818804799564866,0.007949233055114746,1.0
2056,0.7032266756504486,15.322776405430293,15.322776405430293,0.007750749588012695,1.0
2057,0.2629470199849691,13.35636594734871,12.670057679719259,0.00784001350402832,0.7
2058,0.7664449057165003,14.698642679607838,14.698642679607838,0.007789874076843261,1.0
2059,0.7630386963844205,16.200838587061703,16.200838587061703,0.007749319076538086,1.0
2060,0.7550704126466272,18.02992955186485,18.02992955186485,0.007473993301391602,1.0
2061,0.6272364763515356,17.550199013639066,18.311577217345018,0.007784605026245117,0.9
2062,0.7481470091291766,19.672668290846122,19.672668290846122,0.007525968551635742,1.0
2063,0.7661819959696685,18.308869355088202,18.308869355088202,0.007724380493164063,1.0
2064,0.23443052489508903,16.645160983903377,17.52935676954686,0.0076569318771362305,0.7
2065,0.7337446927944131,16.430665667387338,16.430665667387338,0.0079725980758667,1.0
2066,0.762297746549907,15.70354519714481,15.70354519714481,0.007835698127746583,1.0
2067,0.6046121512785518,15.00304326537443,14.892839019230186,0.007874655723571777,0.9
2068,0.6221028322891099,11.794183137059173,11.822986870167117,0.007305455207824707,0.9
2069,0.7784303415511046,16.48298651040774,16.48298651040774,0.00744020938873291,1.0
2070,0.7506340060515995,21.446892620740535,21.446892620740535,0.007614922523498535,1.0
2071,0.5956589103806111,15.838153067419682,16.4605263910098,0.007811141014099121,0.9
2072,0.7724688924104928,17.394614780838065,17.394614780838065,0.007794308662414551,1.0
2073,0.7363527357575548,12.459203511416554,12.459203511416554,0.007944989204406738,1.0
2074,0.7606787197876885,13.830955111429287,13.830955111429287,0.007858657836914062,1.0
2075,0.7376309502953975,14.82625196083028,14.82625196083028,0.00793161392211914,1.0
2076,0.7472848554403664,14.354170317981627,14.354170317981627,0.007472014427185059,1.0
2077,0.7220241980723145,15.159945774746186,15.159945774746186,0.00734398365020752,1.0
2078,0.7560260661919822,15.690981558796887,15.690981558796887,0.007441377639770508,1.0
2079,0.7520523141420903,16.164334874831205,16.164334874831205,0.007786297798156738,1.0
2080,0.776742372255176,16.90489170755081,16.90489170755081,0.0076956510543823246,1.0
2081,0.7664005446164254,16.77849995172789,16.77849995172789,0.008233475685119628,1.0
2082,0.6245261363476476,16.04129433844104,16.589284138224354,0.008852744102478027,0.9
2083,0.4485729345028461,16.58217258516651,17.64100290397196,0.007769918441772461,0.8
2084,0.750149924598474,16.131509657483655,16.131509657483655,0.007762622833251953,1.0
2085,0.7267070000229637,15.551291462754657,15.551291462754657,0.00764467716217041,1.0
2086,0.7748962444029733,13.029973177659048,13.029973177659048,0.007667064666748047,1.0
2087,0.7414945009662246,14.802891889486128,14.802891889486128,0.007489204406738281,1.0
2088,0.8060674256176805,14.834979675600014,14.834979675600014,0.007502412796020508,1.0
2089,0.7573031071728483,19.024931795233186,19.024931795233186,0.00774836540222168,1.0
2090,0.7787258808542449,18.53711986487978,18.53711986487978,0.007700538635253907,1.0
2091,0.7477352401073137,19.649107725759574,19.649107725759574,0.008102345466613769,1.0
2092,0.7619262810986975,21.661294025597535,21.661294025597535,0.007791399955749512,1.0
2093,0.757638829369436,18.809706562734014,18.809706562734014,0.007960891723632813,1.0
2094,0.7282901295752535,16.047502759766452,16.047502759766452,0.007650613784790039,1.0
2095,0.7405830532848892,16.37114159416314,16.37114159416314,0.007705402374267578,1.0
2096,0.7666642489873368,18.196829394436982,18.196829394436982,0.007336616516113281,1.0
2097,0.7765363444736394,15.8926030203862,15.8926030203862,0.007709431648254395,1.0
2098,0.7401935968407861,17.749868358994533,17.749868358994533,0.0078028678894042965,1.0
2099,0.7504730192815245,11.427472575660863,11.427472575660863,0.007726979255676269,1.0
2100,0.7282224692673314,14.975359252122653,14.975359252122653,0.007875919342041016,1.0
2101,0.7499114016968127,19.188333953468458,19.188333953468458,0.007825279235839843,1.0
2102,0.7928606497798864,13.371233035033214,13.371233035033214,0.0078059911727905275,1.0
2103,0.5812020219915113,14.2715713379558,14.500553223735084,0.007677340507507324,0.9
2104,0.7220745779129877,20.06283101422847,20.06283101422847,0.007697463035583496,1.0
2105,0.7691361543344809,20.44929059057327,20.44929059057327,0.007376551628112793,1.0
2106,0.6970214263689417,14.77921408460359,14.77921408460359,0.007615113258361816,1.0
2107,0.6401323259286156,12.226961173301863,12.463099730466487,0.007480359077453614,0.9
2108,0.7829260906372301,12.188851133193818,12.188851133193818,0.008028435707092284,1.0
2109,0.7587784037617917,17.6544489836324,17.6544489836324,0.007774090766906739,1.0
2110,0.7162331626294492,14.288699656773193,14.288699656773193,0.008248686790466309,1.0
2111,0.7198180356938628,15.33444743347259,15.33444743347259,0.008052325248718262,1.0
2112,0.5877362797635126,16.596182852997657,17.028308008106947,0.007799887657165527,0.9
2113,0.5968659988830656,20.95882471509315,21.74083491689432,0.007334399223327637,0.9
2114,0.7362897371688003,17.823790165216554,17.823790165216554,0.007359075546264649,1.0
2115,0.7593521747746361,15.020526581537064,15.020526581537064,0.0074045658111572266,1.0
2116,0.7223283631047941,16.122395735535964,16.122395735535964,0.00782921314239502,1.0
2117,0.7365709498692926,17.51151952825239,17.51151952825239,0.007895565032958985,1.0
2118,0.7982545750000846,17.114128532514048,17.114128532514048,0.008281970024108886,1.0
2119,0.48622530019974314,14.095335089245273,14.634948753361378,0.00782914161682129,0.8
2120,0.7955741995297372,16.282315425498517,16.282315425498517,0.007707667350769043,1.0
2121,0.7444038401561204,19.967206782064373,19.967206782064373,0.00776221752166748,1.0
2122,0.7634735618530673,11.27661763100477,11.27661763100477,0.007584071159362793,1.0
2123,0.7905315313128655,15.328848569996097,15.328848569996097,0.007399749755859375,1.0
2124,0.747945654009299,16.50928856945793,16.50928856945793,0.007870745658874512,1.0
2125,0.5393254471402724,16.921392353210933,16.586971492674007,0.008000326156616212,0.9
2126,0.5757859381241962,19.197197607975983,19.995704970177755,0.008191156387329101,0.9
2127,0.7036852854207453,19.396687197769893,19.396687197769893,0.00845508575439453,1.0
2128,0.758841644190238,20.054226364290397,20.054226364290397,0.007878923416137695,1.0
2129,0.7422707126646602,17.71156859487857,17.71156859487857,0.007496285438537598,1.0
2130,0.7396823717353809,18.558667909395222,18.558667909395222,0.0074415445327758786,1.0
2131,0.7421230133767833,18.854462974116945,18.854462974116945,0.007620453834533691,1.0
2132,0.6165250541606655,17.969226757650734,18.016164960819278,0.007864427566528321,0.9
2133,0.7403959310927546,15.429943275447485,15.429943275447485,0.008105874061584473,1.0
2134,0.5588452490643488,14.511805200552399,14.776150766375345,0.008058667182922363,0.9
2135,0.4362679232736536,19.198994955449926,20.191244907490237,0.007878828048706054,0.8
2136,0.7006916456003534,16.960690416210248,16.960690416210248,0.007493805885314941,1.0
2137,0.7367408210249469,22.09694235473024,22.09694235473024,0.007576441764831543,1.0
2138,0.6229978490113792,19.717803416966373,20.738729988934246,0.008002901077270507,0.9
2139,0.5796380047816585,21.373216618172727,22.457860474822482,0.007835149765014648,0.9
2140,0.5714532707495404,20.018337219476898,20.810195626867344,0.007866740226745605,0.9
2141,0.7386609228851807,19.755796172615753,19.755796172615753,0.007427835464477539,1.0
2142,0.7454069784334221,17.571594629255138,17.571594629255138,0.0072412252426147464,1.0
2143,0.7345508508350412,19.56724723218779,19.56724723218779,0.007624912261962891,1.0
2144,0.7326287394344557,13.503452819491281,13.503452819491281,0.008173203468322754,1.0
2145,0.7924241642918347,15.12694820221584,15.12694820221584,0.007942605018615722,1.0
2146,0.6164774420269493,15.222096603034405,15.504757866297435,0.007816052436828614,0.9
2147,0.7430107347955636,15.628617655837576,15.628617655837576,0.0073893070220947266,1.0
2148,0.6030928067727446,15.554258189754648,16.146266598090694,0.007706260681152344,0.9
2149,0.7517173466869649,17.866496858781428,17.866496858781428,0.007829904556274414,1.0
2150,0.6176147231548141,16.742949739667175,17.279787533481052,0.007703995704650879,0.9
2151,0.7620075535461129,14.31268060383169,14.31268060383169,0.0077992439270019535,1.0
2152,0.7224303558401842,20.60378403996411,20.60378403996411,0.007968902587890625,1.0
2153,0.7460957051220486,17.570580615814713,17.570580615814713,0.007694840431213379,1.0
2154,0.7257179915114802,16.88809647833944,16.88809647833944,0.0075760364532470705,1.0
2155,0.7516056073510866,17.204759474098495,17.204759474098495,0.007845544815063476,1.0
2156,0.7531817750148152,16.945651175403118,16.945651175403118,0.007647895812988281,1.0
2157,0.7713360733785812,17.477296677070655,17.477296677070655,0.007879853248596191,1.0
2158,0.7846291859736098,14.31733522679057,14.31733522679057,0.008016705513000488,1.0
2159,0.7440689792251136,15.340709861147952,15.340709861147952,0.007558894157409668,1.0
2160,0.7701065946675462,14.575802415665015,14.575802415665015,0.007573676109313965,1.0
2161,0.5591388295309218,17.664195105791755,18.423478637185372,0.007590603828430176,0.9
2162,0.7512306752986,16.40054326923658,16.40054326923658,0.007606291770935058,1.0
2163,0.79247076525811,13.924490533609099,13.924490533609099,0.007900881767272949,1.0
2164,0.7580376794105552,13.051482132975517,13.051482132975517,0.007761120796203613,1.0
2165,0.7330485178481724,15.250492666349572,15.250492666349572,0.007792115211486816,1.0
2166,0.6330355429625276,16.341998004859597,16.88168769224151,0.007758617401123047,0.9
2167,0.7262467418223306,16.369600323310745,16.369600323310745,0.007912325859069824,1.0
2168,0.7754248015659572,16.61377341906309,16.61377341906309,0.00787649154663086,1.0
2169,0.7269754871714487,15.889210662679485,15.889210662679485,0.00757904052734375,1.0
2170,0.7422043563146876,15.254514035951269,15.254514035951269,0.007199788093566894,1.0
2171,0.7309169627766313,18.28074156303179,18.28074156303179,0.007907438278198241,1.0
2172,0.6001653789314491,15.497973200025953,15.728433591119138,0.007747364044189453,0.9
2173,0.7336886196445941,15.903477596992895,15.903477596992895,0.007860422134399414,1.0
2174,0.7651896141829274,17.25211345522481,17.25211345522481,0.008066320419311523,1.0
2175,0.7851641055413499,19.570251216513135,19.570251216513135,0.007846879959106445,1.0
2176,0.767476303217028,18.26491577303744,18.26491577303744,0.007646036148071289,1.0
2177,0.812957706809083,15.982772014538721,15.982772014538721,0.007557988166809082,1.0
2178,0.6115381161248743,15.667470694012843,16.234498388551817,0.007691121101379395,0.9
2179,0.8077409830301692,18.13635946885243,18.13635946885243,0.007584571838378906,1.0
2180,0.7329952452432134,15.083161688618134,15.083161688618134,0.007862687110900879,1.0
2181,0.7468737455179306,13.9295540021598,13.9295540021598,0.00777130126953125,1.0
2182,0.7474437065084886,15.134056696877542,15.134056696877542,0.0077276468276977536,1.0
2183,0.7475190661095386,17.367513895062835,17.367513895062835,0.007869744300842285,1.0
2184,0.7442500577134299,19.80148935499465,19.80148935499465,0.00785207748413086,1.0
2185,0.7598532147189925,18.653292211692893,18.653292211692893,0.007828879356384277,1.0
2186,0.5766758696730043,13.379247919183921,13.451656457257865,0.007910966873168945,0.9
2187,0.7872856605763927,15.834508062929904,15.834508062929904,0.00749664306640625,1.0
2188,0.76688032892122,13.587079710713317,13.587079710713317,0.007365703582763672,1.0
2189,0.7255013055619495,16.832195755723095,16.832195755723095,0.007783937454223633,1.0
2190,0.7396746997229224,15.271697340246153,15.271697340246153,0.007671809196472168,1.0
2191,0.7272144276040214,17.66460114428677,17.66460114428677,0.007903623580932616,1.0
2192,0.7314307706483116,18.999267239556303,18.999267239556303,0.008259034156799317,1.0
2193,0.7336820053580382,19.052707417204477,19.052707417204477,0.00757296085357666,1.0
2194,0.6226524963373428,16.75212164555598,17.49782233794302,0.007570075988769531,0.9
2195,0.7987655752171781,15.96664964229338,15.96664964229338,0.007394146919250488,1.0
2196,0.7908253254876264,15.36219791234445,15.36219791234445,0.007422852516174317,1.0
2197,0.7577835496195258,13.075901395807335,13.075901395807335,0.007583093643188476,1.0
2198,0.5775694280926855,15.248928858840255,15.288485379332664,0.008017921447753906,0.9
2199,0.7592896785481774,17.771147316291763,17.771147316291763,0.008037400245666505,1.0
2200,0.7479542335705167,17.341046608789544,17.341046608789544,0.007792925834655762,1.0
2201,0.748158503408501,15.773871860368507,15.773871860368507,0.007689738273620605,1.0
2202,0.7283960637187171,19.671283192130435,19.671283192130435,0.007643556594848633,1.0
2203,0.7658655743113056,17.290826703158938,17.290826703158938,0.0074435949325561525,1.0
2204,0.7628465632512421,14.424080913832025,14.424080913832025,0.00770111083984375,1.0
2205,0.7509543127319624,16.871751693573067,16.871751693573067,0.007861089706420899,1.0
2206,0.7180398381795189,18.634768698433724,18.634768698433724,0.00776214599609375,1.0
2207,0.7108135740133203,19.49833894922152,19.49833894922152,0.007522416114807129,1.0
2208,0.7683228221207213,16.97530473685837,16.97530473685837,0.007907891273498535,1.0
2209,0.5732012826754319,17.061489252397912,17.606833111991463,0.007897520065307617,0.9
2210,0.7387011826817439,16.918281328957384,16.918281328957384,0.00776522159576416,1.0
2211,0.7370524406858896,15.521524736115305,15.521524736115305,0.007751893997192383,1.0
2212,0.7673325343469315,20.77799219804844,20.77799219804844,0.007437515258789063,1.0
2213,0.7701401107266054,18.032461460182596,18.032461460182596,0.0075015068054199215,1.0
2214,0.7357422398203857,14.860694802361076,14.860694802361076,0.00737302303314209,1.0
2215,0.7268528346210424,14.079498900356054,14.079498900356054,0.007471895217895508,1.0
2216,0.6097895012423635,15.310174142859575,15.8650311805004,0.007973647117614746,0.9
2217,0.7350250980989717,18.24561154838731,18.24561154838731,0.007812952995300293,1.0
2218,0.7352518259761772,19.71711010409758,19.71711010409758,0.008111906051635743,1.0
2219,0.748458209321093,20.088685101128043,20.088685101128043,0.007663869857788086,1.0
2220,0.5861538264571918,19.2430210623419,19.95172315825442,0.007703828811645508,0.9
2221,0.785150014226347,18.721548474146566,18.721548474146566,0.007465887069702149,1.0
2222,0.7405782596059928,16.70089254711148,16.70089254711148,0.007788634300231934,1.0
2223,0.7893381342782528,19.502727437204104,19.502727437204104,0.007968306541442871,1.0
2224,0.6237268863971783,15.323258289491497,15.787066432247425,0.007749342918395996,0.9
2225,0.763458758187255,19.442595877297755,19.442595877297755,0.007947969436645507,1.0
2226,0.7297778974791631,16.80232724488861,16.80232724488861,0.007835674285888671,1.0
2227,0.7628752995405133,16.427194073887627,16.427194073887627,0.007827830314636231,1.0
2228,0.7592812639806114,16.006774769601627,16.006774769601627,0.008089137077331544,1.0
2229,0.7192843575657417,18.38039262999738,18.38039262999738,0.007964873313903808,1.0
2230,0.5965481025717073,17.82048875464396,18.118002436908558,0.00803842544555664,0.9
2231,0.7748403088068863,16.02737498618646,16.02737498618646,0.007662010192871094,1.0
2232,0.7511156197744152,19.866794364412506,19.866794364412506,0.007967424392700196,1.0
2233,0.7462993299204236,18.915416871886343,18.915416871886343,0.007950544357299805,1.0
2234,0.7692650943205551,18.995165338339266,18.995165338339266,0.008119487762451172,1.0
2235,0.7397764038284665,19.386279864071142,19.386279864071142,0.007683396339416504,1.0
2236,0.6881016501877929,12.537825306630765,12.537825306630765,0.0078070640563964845,1.0
2237,0.7766670300229006,18.844232896263158,18.844232896263158,0.00733635425567627,1.0
2238,0.7439865910309083,14.785618779279265,14.785618779279265,0.007409596443176269,1.0
2239,0.7380570300136723,15.529056596730475,15.529056596730475,0.007930612564086914,1.0
2240,0.7362894540548305,17.21178183290431,17.21178183290431,0.008067512512207031,1.0
2241,0.7141155816807754,11.15879275524139,11.15879275524139,0.008153939247131347,1.0
2242,0.7887410532692203,17.29172464811789,17.29172464811789,0.008031964302062988,1.0
2243,0.7585081009630039,16.248841582966342,16.248841582966342,0.007654929161071777,1.0
2244,0.7572927644327587,15.439652649553135,15.439652649553135,0.007367849349975586,1.0
2245,0.7567762463238019,19.76877121103701,19.76877121103701,0.007560420036315918,1.0
2246,0.6086329522704885,12.004840559479593,11.61784964388431,0.0075890541076660155,0.9
2247,0.602253854365119,19.034273992140868,19.944447847202007,0.007822465896606446,0.9
2248,0.7894344854634489,14.991195852769048,14.991195852769048,0.007928466796875,1.0
2249,0.7925456063923729,17.852210386323055,17.852210386323055,0.0077991485595703125,1.0
2250,0.7549496349761657,13.784490866734473,13.784490866734473,0.00769495964050293,1.0
2251,0.768202497429396,18.21085666263611,18.21085666263611,0.007734608650207519,1.0
2252,0.7587513114233345,14.156822230758554,14.156822230758554,0.0080183744430542,1.0
2253,0.7695438977181266,14.28934751344965,14.28934751344965,0.007582569122314453,1.0
2254,0.5717229899714306,14.491330853737376,14.432082951496417,0.007657575607299805,0.9
2255,0.7392689450980661,16.227066264797188,16.227066264797188,0.007556557655334473,1.0
2256,0.8046329227701141,16.232621801391048,16.232621801391048,0.00747370719909668,1.0
2257,0.7322406331308675,20.567547905525167,20.567547905525167,0.007625484466552734,1.0
2258,0.7218933866086872,17.752761016017427,17.752761016017427,0.007996606826782226,1.0
2259,0.5810239892850102,19.745071344599115,18.424240693420963,0.00803077220916748,0.9
2260,0.765299346813664,18.495004278918373,18.495004278918373,0.008283019065856934,1.0
2261,0.5623097666781292,17.578781776389764,18.306579668929462,0.007838225364685059,0.9
2262,0.7635347706897216,15.63230620318518,15.63230620318518,0.007730841636657715,1.0
2263,0.7386522068744222,20.614924447098993,20.614924447098993,0.007470965385437012,1.0
2264,0.7371071553554633,18.046658820849963,18.046658820849963,0.008006620407104491,1.0
2265,0.7294297841012242,18.71846685118167,18.71846685118167,0.007894039154052734,1.0
2266,0.7439696779646895,18.163428182095195,18.163428182095195,0.0079756498336792,1.0
2267,0.6226770548190933,14.078405685942977,14.487293910019863,0.007903051376342774,0.9
2268,0.5984766786007512,15.957981380857381,16.409725688054763,0.007792520523071289,0.9
2269,0.7521093152580607,16.227917629336474,16.227917629336474,0.007583236694335938,1.0
2270,0.5818922080827974,16.142783711339355,16.511222684644306,0.008067083358764649,0.9
2271,0.5421752022785606,13.170271343332473,12.791838814377662,0.007819581031799316,0.9
2272,0.741924220554821,18.5098594960101,18.5098594960101,0.008061361312866212,1.0
2273,0.572219058775584,16.84154612582713,17.09501253898726,0.00794985294342041,0.9
2274,0.7583081942411288,17.024041236903024,17.024041236903024,0.007506537437438965,1.0
2275,0.7618717501674563,19.639940639105195,19.639940639105195,0.00786893367767334,1.0
2276,0.7815792861409216,18.96833125065242,18.96833125065242,0.007996129989624023,1.0
2277,0.7774914083847617,18.105760389089074,18.105760389089074,0.007994627952575684,1.0
2278,0.725099729523505,14.308472341831408,14.308472341831408,0.008152961730957031,1.0
2279,0.5773183753795308,17.39169819197407,17.767727584956333,0.007422924041748047,0.9
2280,0.7391991197733694,18.268032825842646,18.268032825842646,0.007330083847045898,1.0
2281,0.584949126157141,15.683574380299484,15.945849574955,0.0076519489288330075,0.9
2282,0.8028874470497038,14.663492405057486,14.663492405057486,0.008162283897399902,1.0
2283,0.7768061367269651,15.760462104035824,15.760462104035824,0.007577180862426758,1.0
2284,0.7757985270162002,18.288925253651676,18.288925253651676,0.008166241645812988,1.0
2285,0.773306105012211,18.81605325136868,18.81605325136868,0.007424664497375488,1.0
2286,0.743042256137388,16.666216274708834,16.666216274708834,0.007753300666809082,1.0
2287,0.7797185163379742,18.914018390240265,18.914018390240265,0.007837581634521484,1.0
2288,0.6292451718420987,15.46857011572117,15.805098655326336,0.007932138442993165,0.9
2289,0.7711033557079446,16.337110512720606,16.337110512720606,0.007599949836730957,1.0
2290,0.7663622326611811,17.709110433006725,17.709110433006725,0.007883453369140625,1.0
2291,0.7833296794259118,19.84501014064066,19.84501014064066,0.0075093269348144535,1.0
2292,0.5753121736727274,18.390980859253382,18.72636353701807,0.0076590776443481445,0.9
2293,0.7740365344058568,18.516562704985322,18.516562704985322,0.007654809951782226,1.0
2294,0.7688280180062008,19.61990921079961,19.61990921079961,0.007757496833801269,1.0
2295,0.7400359845734779,16.5172592385021,16.5172592385021,0.00789794921875,1.0
2296,0.7640388890328774,16.409655776621854,16.409655776621854,0.007830619812011719,1.0
2297,0.7680541147956804,17.360483725609644,17.360483725609644,0.007430577278137207,1.0
2298,0.7384097104717138,16.44139675389637,16.44139675389637,0.00778806209564209,1.0
2299,0.7353173473845143,18.92134391100525,18.92134391100525,0.00769953727722168,1.0
2300,0.7597217215344693,17.119391337209343,17.119391337209343,0.007763338088989258,1.0
2301,0.7639714418719732,13.462378132550622,13.462378132550622,0.007568049430847168,1.0
2302,0.7412728146503869,15.871053205731206,15.871053205731206,0.007518506050109864,1.0
2303,0.7457092257205015,15.750964614692048,15.750964614692048,0.007548975944519043,1.0
2304,0.7694111684146765,17.865947632844335,17.865947632844335,0.007870244979858398,1.0
2305,0.7629995008762598,17.890645354237765,17.890645354237765,0.00788257122039795,1.0
2306,0.7008698768690175,15.882886401160224,15.882886401160224,0.007811999320983887,1.0
2307,0.7332005094958183,18.611677034348837,18.611677034348837,0.007987165451049804,1.0
2308,0.7501359501729569,18.40519189204556,18.40519189204556,0.007749676704406738,1.0
2309,0.7458155498619692,15.561343690022266,15.561343690022266,0.007657980918884278,1.0
2310,0.7383267982280242,14.250669488193017,14.250669488193017,0.007718086242675781,1.0
2311,0.7566047468742526,16.474222803386063,16.474222803386063,0.007664918899536133,1.0
2312,0.7606438808120074,18.977315799861568,18.977315799861568,0.00790717601776123,1.0
2313,0.7728581255913639,22.1876085900759,22.1876085900759,0.008120846748352051,1.0
2314,0.7508084433437854,16.693535994465087,16.693535994465087,0.007929372787475585,1.0
2315,0.5648083794155698,16.29137705286495,16.434635835150228,0.007985281944274902,0.9
2316,0.6005520299312977,17.194991405249358,17.70123835730105,0.0076759099960327145,0.9
2317,0.7240306223886092,18.499812508637728,18.499812508637728,0.007618045806884766,1.0
2318,0.7525425511932997,12.707622843265566,12.707622843265566,0.0078040361404418945,1.0
2319,0.7398700652713793,19.210569245844727,19.210569245844727,0.007713699340820312,1.0
2320,0.7329225468116038,15.413260793329613,15.413260793329613,0.007601451873779297,1.0
2321,0.7686584700326929,16.892110725544,16.892110725544,0.007682967185974121,1.0
2322,0.7487588469129437,14.936881181853755,14.936881181853755,0.007615184783935547,1.0
2323,0.7579128313353052,17.294569791686335,17.294569791686335,0.007600069046020508,1.0
2324,0.7306474817571459,19.601684357933404,19.601684357933404,0.008276867866516113,1.0
2325,0.5811915357239096,17.729386104551416,18.453184436732002,0.007906913757324219,0.9
2326,0.7719922781365145,18.286230639455603,18.286230639455603,0.0077583551406860355,1.0
2327,0.726629236903445,18.122661425275002,18.122661425275002,0.007802748680114746,1.0
2328,0.41662270988286243,15.261754099180743,14.544834372695373,0.007592201232910156,0.8
2329,0.7532764279639841,21.732042292013897,21.732042292013897,0.007735633850097656,1.0
2330,0.5929171927643869,14.671260325386706,14.933380100076723,0.007937097549438476,0.9
2331,0.7326101539133746,16.050598365992137,16.050598365992137,0.008127951622009277,1.0
2332,0.734573657431118,18.792842522576194,18.792842522576194,0.007788562774658203,1.0
2333,0.7673680502699862,13.643452946195817,13.643452946195817,0.007769989967346192,1.0
2334,0.7416673411852429,15.813746503046858,15.813746503046858,0.007583045959472656,1.0
2335,0.635277845416071,18.8793940540382,19.816487177865785,0.0077915191650390625,0.9
2336,0.4693351374362818,16.972259134214493,17.563554850292064,0.007894563674926757,0.8
2337,0.7728973250154364,14.494721986989427,14.494721986989427,0.007735133171081543,1.0
2338,0.7684145579910726,17.24274540355765,17.24274540355765,0.007410621643066407,1.0
2339,0.7321197129349142,13.498397488734668,13.498397488734668,0.007610630989074707,1.0
2340,0.7616121641598518,14.339030385855551,14.339030385855551,0.007812714576721192,1.0
2341,0.786925909712036,15.737721441841746,15.737721441841746,0.007742166519165039,1.0
2342,0.7367871353544695,16.305441742424954,16.305441742424954,0.008237862586975097,1.0
2343,0.7486551656149927,14.731017153297845,14.731017153297845,0.00802781581878662,1.0
2344,0.725872214739286,16.719541008978943,16.719541008978943,0.007762002944946289,1.0
2345,0.7561921729044438,15.595772496664543,15.595772496664543,0.007576942443847656,1.0
2346,0.723818978867414,17.019660388041533,17.019660388041533,0.007187175750732422,1.0
2347,0.7414188386713059,19.500062851308392,19.500062851308392,0.007522273063659668,1.0
2348,0.7497691779718968,18.003961568645984,18.003961568645984,0.008183765411376952,1.0
2349,0.7703345816952487,13.514763975549013,13.514763975549013,0.007897782325744628,1.0
2350,0.7725052760911757,13.900393501256028,13.900393501256028,0.007851314544677735,1.0
2351,0.7597085991236787,17.832406866912198,17.832406866912198,0.00792689323425293,1.0
2352,0.7534971773087537,17.79385207825707,17.79385207825707,0.007645082473754883,1.0
2353,0.7916307645341665,16.32257439040918,16.32257439040918,0.007829046249389649,1.0
2354,0.7710742346213295,19.282675412531844,19.282675412531844,0.007911372184753417,1.0
2355,0.7595013504054451,20.536977378440035,20.536977378440035,0.007680130004882812,1.0
2356,0.5892588757707243,21.452105216820723,22.407521823992827,0.007711005210876465,0.9
2357,0.7425117853761863,16.6291793913434,16.6291793913434,0.0076920509338378905,1.0
2358,0.7204118577838947,12.18336664023182,12.18336664023182,0.007620716094970703,1.0
2359,0.7323490728776462,13.478865634735007,13.478865634735007,0.0077612876892089845,1.0
2360,0.5650796792767403,13.300206739065677,13.66117110127904,0.008089089393615722,0.9
2361,0.7506277012012601,22.70130242306833,22.70130242306833,0.008197402954101563,1.0
2362,0.7262530944484353,16.274119056323062,16.274119056323062,0.007324481010437011,1.0
2363,0.761155890797346,16.704659562460222,16.704659562460222,0.007432866096496582,1.0
2364,0.7629314302195904,17.58070706710488,17.58070706710488,0.007306385040283203,1.0
2365,0.6084798774154203,12.854780047078682,12.89063385967968,0.007553219795227051,0.9
2366,0.6042984521713903,14.90385324612024,15.300529465238307,0.007984352111816407,0.9
2367,0.7863469230342073,18.029959663029246,18.029959663029246,0.00816032886505127,1.0
2368,0.7259110993300905,19.265256499218836,19.265256499218836,0.007819151878356934,1.0
2369,0.7480065666150982,13.457834116103914,13.457834116103914,0.007884550094604491,1.0
2370,0.7643292296645346,17.205358916876627,17.205358916876627,0.007517099380493164,1.0
2371,0.7804438363415706,16.876729855679606,16.876729855679606,0.007326436042785644,1.0
2372,0.73668650755915,17.092162563155064,17.092162563155064,0.007357740402221679,1.0
2373,0.6207547331327465,16.498522956072435,16.787982198236474,0.007648921012878418,0.9
2374,0.613044048339021,15.517440538548843,15.554294719088782,0.00793020725250244,0.9
2375,0.5800704828819988,15.259621592753735,15.153493795794159,0.007908272743225097,0.9
2376,0.7547623654522535,11.439299308593485,11.439299308593485,0.008059000968933106,1.0
2377,0.7968924414600613,15.823462139254014,15.823462139254014,0.007756543159484863,1.0
2378,0.7399206100119228,15.65232383969699,15.65232383969699,0.00761716365814209,1.0
2379,0.7716535081850653,16.48267365305585,16.48267365305585,0.007530999183654785,1.0
2380,0.7694600927413766,16.402063123370034,16.402063123370034,0.007714486122131348,1.0
2381,0.7626008134594795,14.814885148651566,14.814885148651566,0.007685327529907226,1.0
2382,0.7683055776076532,20.227519982839578,20.227519982839578,0.007682013511657715,1.0
2383,0.7569127258210891,20.627605692208164,20.627605692208164,0.007545948028564453,1.0
2384,0.588804892424814,15.99424369183573,14.258904997550957,0.007926750183105468,0.9
2385,0.7293798975617334,17.474726783289135,17.474726783289135,0.007878780364990234,1.0
2386,0.7422068715162596,16.85035030370994,16.85035030370994,0.007941651344299316,1.0
2387,0.7255215218131132,19.414720940043413,19.414720940043413,0.007578992843627929,1.0
2388,0.6333019583355793,19.47804712407831,20.286077361626397,0.00789175033569336,0.9
2389,0.7636348350088749,15.88267628682595,15.88267628682595,0.0073446989059448246,1.0
2390,0.717550669007365,15.098912427528314,15.098912427528314,0.007852458953857422,1.0
2391,0.7807517124085451,16.969785689428722,16.969785689428722,0.007756662368774414,1.0
2392,0.7155647918060435,18.802220459686634,18.802220459686634,0.007927823066711425,1.0
2393,0.7476760483717635,19.667038140218807,19.667038140218807,0.007803487777709961,1.0
2394,0.8036552293674746,14.382062783852017,14.382062783852017,0.007793927192687988,1.0
2395,0.7473469483638784,15.901205604504094,15.901205604504094,0.007449960708618164,1.0
2396,0.7619619563874203,15.917419038542397,15.917419038542397,0.007709670066833496,1.0
2397,0.595165697268236,16.70514926626921,17.16320121987962,0.007649517059326172,0.9
2398,0.7416719207557797,13.39420073420215,13.39420073420215,0.0076318025588989254,1.0
2399,0.7530071741477384,18.581425072169957,18.581425072169957,0.00792081356048584,1.0
2400,0.790360659945476,13.553479555378056,13.553479555378056,0.007695889472961426,1.0
2401,0.7531817054433891,15.354859959430176,15.354859959430176,0.008021879196166991,1.0
2402,0.71458675780029,17.582814556378914,17.582814556378914,0.00789017677307129,1.0
2403,0.7177771696484196,17.882970738196356,17.882970738196356,0.007725858688354492,1.0
2404,0.758378068117154,16.287206171735686,16.287206171735686,0.007904148101806641,1.0
2405,0.7539417278771932,17.544711386239296,17.544711386239296,0.00794076919555664,1.0
2406,0.7375246147106364,17.450544651700174,17.450544651700174,0.007949113845825195,1.0
2407,0.742732544719708,18.200384513635704,18.200384513635704,0.007678818702697754,1.0
2408,0.5994337115062341,16.421098459471192,17.088678920488544,0.00768582820892334,0.9
2409,0.7362079050883591,21.19334551978273,21.19334551978273,0.007694029808044433,1.0
2410,0.6112887330726692,14.452393529035087,14.305581543646618,0.00755159854888916,0.9
2411,0.7938656125989775,17.293461153571744,17.293461153571744,0.008223915100097656,1.0
2412,0.7486770791434693,15.785447991262629,15.785447991262629,0.00756843090057373,1.0
2413,0.7801944266507127,15.911504834373456,15.911504834373456,0.007784795761108398,1.0
2414,0.7714423823060954,15.868675457873849,15.868675457873849,0.008107471466064452,1.0
2415,0.77912959706753,13.788337029518512,13.788337029518512,0.007616901397705078,1.0
2416,0.7639673425156014,17.277338812021014,17.277338812021014,0.007264971733093262,1.0
2417,0.7351781497288116,17.400286099353274,17.400286099353274,0.007562994956970215,1.0
2418,0.7316177894658638,20.75712004941253,20.75712004941253,0.007584047317504883,1.0
2419,0.7656503747405207,19.166358234957528,19.166358234957528,0.007993316650390625,1.0
2420,0.6331868302152283,16.73089403114323,17.114563862055803,0.008115291595458984,0.9
2421,0.7033840255110673,19.262136083839767,19.262136083839767,0.007887530326843261,1.0
2422,0.722962629296792,16.465560435212822,16.465560435212822,0.007585358619689941,1.0
2423,0.7894271805045789,18.61269770025502,18.61269770025502,0.007476449012756348,1.0
2424,0.7313086625890914,19.533103032461412,19.533103032461412,0.007567286491394043,1.0
2425,0.7724848609123403,17.025446115307982,17.025446115307982,0.007279896736145019,1.0
2426,0.7614651230353024,13.93263416228639,13.93263416228639,0.007616233825683594,1.0
2427,0.7576727109826131,16.106521264788242,16.106521264788242,0.00790255069732666,1.0
2428,0.7597415191887673,17.212912020835184,17.212912020835184,0.007826137542724609,1.0
2429,0.734982709493577,12.903003413181546,12.903003413181546,0.008173871040344238,1.0
2430,0.7702366603929548,15.299972758050444,15.299972758050444,0.007851314544677735,1.0
2431,0.7955495851792911,14.504251205394999,14.504251205394999,0.007916116714477539,1.0
2432,0.7260086770975911,14.155529929402942,14.155529929402942,0.007685422897338867,1.0
2433,0.7471126570685405,17.700431525137372,17.700431525137372,0.007891249656677247,1.0
2434,0.7518440520889904,17.17120697224538,17.17120697224538,0.007642412185668945,1.0
2435,0.7279363136862705,16.318071846870417,16.318071846870417,0.007733702659606934,1.0
2436,0.7556923685102988,12.618328467722678,12.618328467722678,0.007659745216369629,1.0
2437,0.7514002741235537,17.188549854883806,17.188549854883806,0.007763099670410156,1.0
2438,0.5750753963071744,16.49670359623354,16.44309538030882,0.00816175937652588,0.9
2439,0.7265284561219725,16.64616915025916,16.64616915025916,0.008189558982849121,1.0
2440,0.769599567345216,13.890411642260023,13.890411642260023,0.007993841171264648,1.0
2441,0.7536264996991346,15.977520590839541,15.977520590839541,0.00745389461517334,1.0
2442,0.7988273274196616,15.479697890084108,15.479697890084108,0.007520723342895508,1.0
2443,0.5562371199805509,12.735427340697983,12.724432717585648,0.007535338401794434,0.9
2444,0.7236551441038616,15.031960960817349,15.031960960817349,0.007883453369140625,1.0
2445,0.41882790925012425,18.789485995223515,20.428979740214146,0.007941150665283203,0.8
2446,0.781924950976079,15.237628645258258,15.237628645258258,0.007908511161804199,1.0
2447,0.7297521530135437,19.407817844912426,19.407817844912426,0.007791495323181153,1.0
2448,0.7836263401952509,19.214802629303914,19.214802629303914,0.007948517799377441,1.0
2449,0.6312842021668297,13.851835633747214,14.020701702214488,0.007857608795166015,0.9
2450,0.6080420950139035,17.957432546330736,15.337050080436054,0.00785512924194336,0.9
2451,0.7478488346992276,16.055439001349228,16.055439001349228,0.007625365257263183,1.0
2452,0.6017641124348089,13.39440942227294,13.550279830961635,0.007830977439880371,0.9
2453,0.7270749282358493,16.512725552244373,16.512725552244373,0.007755470275878906,1.0
2454,0.5901668547444587,17.594844732234368,18.42862858829678,0.007988357543945312,0.9
2455,0.556642122476368,19.940029289104636,20.738210896242688,0.00774989128112793,0.9
2456,0.7223118436450348,18.22740739511182,18.22740739511182,0.0076275825500488285,1.0
2457,0.7191168214305368,18.708139633230445,18.708139633230445,0.0074721574783325195,1.0
2458,0.771696340350759,18.172557559010944,18.172557559010944,0.007708120346069336,1.0
2459,0.7270172701641755,18.307141077694677,18.307141077694677,0.007802724838256836,1.0
2460,0.7467998853475535,12.783107768313075,12.783107768313075,0.007938170433044433,1.0
2461,0.7151577302945833,17.891810131897277,17.891810131897277,0.007756757736206055,1.0
2462,0.7594121119067596,15.738557680023927,15.738557680023927,0.007414317131042481,1.0
2463,0.7363745059919398,16.89163121569781,16.89163121569781,0.007605719566345215,1.0
2464,0.7084046765184746,12.326690539083305,12.326690539083305,0.007601022720336914,1.0
2465,0.7288223073488833,16.771976802537004,16.771976802537004,0.0077911376953125,1.0
2466,0.7245325439919603,17.234523148063616,17.234523148063616,0.007812762260437011,1.0
2467,0.7917395612601563,17.212443353880737,17.212443353880737,0.007759857177734375,1.0
2468,0.6136777255701775,17.34984500261562,17.951788607085287,0.007958483695983887,0.9
2469,0.5807753103361424,17.488542451814357,17.664157183261764,0.007704019546508789,0.9
2470,0.783280594819007,20.124838236273447,20.124838236273447,0.007414388656616211,1.0
2471,0.7731610022819116,16.268010381413642,16.268010381413642,0.007450509071350098,1.0
2472,0.7763588490388718,16.758499118430176,16.758499118430176,0.007706451416015625,1.0
2473,0.7660789895806581,14.85341413559955,14.85341413559955,0.007708692550659179,1.0
2474,0.5976092930173681,18.645730443466785,19.245180033307907,0.008026742935180664,0.9
2475,0.7658168134527255,16.35902831645685,16.35902831645685,0.007524609565734863,1.0
2476,0.7368464753608562,17.525204278187633,17.525204278187633,0.007592630386352539,1.0
2477,0.5649836312230382,19.168289453766324,20.141371150591326,0.007525730133056641,0.9
2478,0.7350130611266602,17.85087452204559,17.85087452204559,0.00809781551361084,1.0
2479,0.611818869798737,20.476295438247075,19.331992311780976,0.007588005065917969,0.9
2480,0.6004531377892066,23.137172555421156,24.20149252899807,0.007980871200561523,0.9
2481,0.5916368810607983,22.127689366249424,21.127985780193693,0.007717585563659668,0.9
2482,0.44664729715107326,14.520347684694698,15.430623146015858,0.007464218139648438,0.8
2483,0.759606183867731,16.224765683277585,16.224765683277585,0.0077362060546875,1.0
2484,0.7666045047057423,12.578170020165787,12.578170020165787,0.007505989074707032,1.0
2485,0.7557000816870453,18.96171151070581,18.96171151070581,0.007913637161254882,1.0
2486,0.7618676078804422,14.466479505921857,14.466479505921857,0.008030176162719727,1.0
2487,0.7437107206451319,17.0402703174736,17.0402703174736,0.007801079750061035,1.0
2488,0.8079892557754098,14.165228427758668,14.165228427758668,0.007692956924438476,1.0
2489,0.7899880352642361,14.516907949553152,14.516907949553152,0.0076189756393432615,1.0
2490,0.730941413539522,18.03752778698933,18.03752778698933,0.00763709545135498,1.0
2491,0.7317868116853211,15.282628538157862,15.282628538157862,0.007719016075134278,1.0
2492,0.7864686475804337,14.557303636753332,14.557303636753332,0.008108830451965332,1.0
2493,0.7892596771278719,15.457106384996859,15.457106384996859,0.008028578758239747,1.0
2494,0.7977675826795445,13.124273576477236,13.124273576477236,0.008007359504699708,1.0
2495,0.7663647157971729,16.583374272583104,16.583374272583104,0.00786435604095459,1.0
2496,0.7402514533332925,18.28662792351769,18.28662792351769,0.007355785369873047,1.0
2497,0.5737193379815209,15.157496084716744,15.180564958791747,0.007344841957092285,0.9
2498,0.758710356755872,17.484103564445924,17.484103564445924,0.007876348495483399,1.0
2499,0.7335017812947683,18.079221616703126,18.079221616703126,0.007835912704467773,1.0
2500,0.7298324279878117,13.859714389469115,13.859714389469115,0.007852983474731446,1.0
2501,0.752484522820531,14.528038360265043,14.528038360265043,0.007672405242919922,1.0
2502,0.7633481582491597,15.71525129441486,15.71525129441486,0.007742834091186523,1.0
2503,0.6497126567190058,15.9506093243313,16.60804404252241,0.008079934120178222,0.9
2504,0.7942918205858824,16.35325368930301,16.35325368930301,0.007579493522644043,1.0
2505,0.7527683853256099,20.206295726153627,20.206295726153627,0.007819843292236329,1.0
2506,0.7496260329365502,18.10746846008517,18.10746846008517,0.007331275939941406,1.0
2507,0.7431074381306539,18.998403644238024,18.998403644238024,0.007736778259277344,1.0
2508,0.7275739172828294,17.17868904534719,17.17868904534719,0.007826828956604004,1.0
2509,0.7851741334937203,13.869068924594865,13.869068924594865,0.007828164100646972,1.0
2510,0.7303659289660431,17.773866798348124,17.773866798348124,0.00785675048828125,1.0
2511,0.752769307602726,14.582299420223327,14.582299420223327,0.007869958877563477,1.0
2512,0.7367259109397157,18.046769367116973,18.046769367116973,0.00790262222290039,1.0
2513,0.7415046882120835,18.881157246329842,18.881157246329842,0.007829070091247559,1.0
2514,0.7619047480934353,19.855844544382954,19.855844544382954,0.007570385932922363,1.0
2515,0.7227609288789456,15.017778413935847,15.017778413935847,0.007526683807373047,1.0
2516,0.7620738206873183,15.99289134015189,15.99289134015189,0.007239222526550293,1.0
2517,0.7798228962404103,18.39637846888709,18.39637846888709,0.0075846433639526365,1.0
2518,0.7228972224474628,17.095290791552976,17.095290791552976,0.00799858570098877,1.0
2519,0.7459403333414932,17.223823030241743,17.223823030241743,0.008167624473571777,1.0
2520,0.7731530956312115,16.654799370821603,16.654799370821603,0.00831742286682129,1.0
2521,0.7841332087600632,15.131215294444322,15.131215294444322,0.007752752304077149,1.0
2522,0.7608225343071021,14.235259606928391,14.235259606928391,0.007739424705505371,1.0
2523,0.732569735006987,16.938846340433905,16.938846340433905,0.007483911514282226,1.0
2524,0.7395948713863969,15.697445972455146,15.697445972455146,0.007436108589172363,1.0
2525,0.7399345171494734,18.87090978321636,18.87090978321636,0.007525730133056641,1.0
2526,0.7353446965216689,21.54190030785787,21.54190030785787,0.0076702356338500975,1.0
2527,0.7660410629242835,19.47036742764352,19.47036742764352,0.008057427406311036,1.0
2528,0.7311653317849223,19.09729714225451,19.09729714225451,0.008130216598510742,1.0
2529,0.7525123021938189,15.505165845659132,15.505165845659132,0.008108711242675782,1.0
2530,0.7380444079422771,17.030701149225894,17.030701149225894,0.007657527923583984,1.0
2531,0.7482236481115137,16.02161085345785,16.02161085345785,0.007790088653564453,1.0
2532,0.7586491874263601,14.426171646651753,14.426171646651753,0.007425355911254883,1.0
2533,0.7402767223693673,14.839732439175336,14.839732439175336,0.007630300521850586,1.0
2534,0.7344739546364011,13.57870729081987,13.57870729081987,0.007461380958557129,1.0
2535,0.7656019954579161,10.835261806336565,10.835261806336565,0.007673335075378418,1.0
2536,0.7717371364581149,14.463627888238245,14.463627888238245,0.007758498191833496,1.0
2537,0.7340627996940184,15.782538306192569,15.782538306192569,0.00797734260559082,1.0
2538,0.7897212371655336,15.428628786968181,15.428628786968181,0.007944154739379882,1.0
2539,0.6239109664081072,14.193000072799668,14.315072856897192,0.007937026023864747,0.9
2540,0.6075718910533203,15.410038149479798,15.34456724447125,0.007749819755554199,0.9
2541,0.7609688998070203,16.07905430863892,16.07905430863892,0.007426261901855469,1.0
2542,0.7401615791304682,14.912433267026575,14.912433267026575,0.007383537292480469,1.0
2543,0.7295110163047127,16.753482683210784,16.753482683210784,0.007988214492797852,1.0
2544,0.558398920441944,15.655995085539152,13.877757203098685,0.007959103584289551,0.9
2545,0.7713571778277345,15.044605688198663,15.044605688198663,0.00821530818939209,1.0
2546,0.7623790404122304,12.369546311095897,12.369546311095897,0.008092975616455078,1.0
2547,0.7266452610232293,15.429169692202297,15.429169692202297,0.007802271842956543,1.0
2548,0.7269597667074634,13.324831817322167,13.324831817322167,0.007656192779541016,1.0
2549,0.7453872131378649,14.863891346432249,14.863891346432249,0.007798385620117187,1.0
2550,0.7840321107234709,15.216871876217994,15.216871876217994,0.007838153839111328,1.0
2551,0.7826340207856547,19.343736725529297,19.343736725529297,0.00780489444732666,1.0
2552,0.7685331696999488,21.730874635219354,21.730874635219354,0.007655453681945801,1.0
2553,0.781174348016098,23.206722647763367,23.206722647763367,0.008047723770141601,1.0
2554,0.7550376942875185,19.521946813951384,19.521946813951384,0.00793616771697998,1.0
2555,0.7460674909334462,14.169010608051844,14.169010608051844,0.008215618133544923,1.0
2556,0.6188749902441258,13.757509902365957,11.894253914304771,0.007640576362609864,0.9
2557,0.7410651674363906,17.454686944419997,17.454686944419997,0.007547807693481445,1.0
2558,0.7569090376968373,18.66795629606475,18.66795629606475,0.007510614395141601,1.0
2559,0.7451885420852025,16.811075347957495,16.811075347957495,0.007838058471679687,1.0
2560,0.7674472310034413,12.345472965421374,12.345472965421374,0.007673215866088867,1.0
2561,0.615246138762575,14.844778914213654,15.162484114403675,0.008044672012329102,0.9
2562,0.7532456031830614,17.08015237629224,17.08015237629224,0.007673954963684082,1.0
2563,0.7766308752197731,12.823911242738086,12.823911242738086,0.007684636116027832,1.0
2564,0.7535842333709191,20.484256997907483,20.484256997907483,0.007803606986999512,1.0
2565,0.8250642172215839,14.633343760166081,14.633343760166081,0.0076495885848999025,1.0
2566,0.7990857251993903,16.157735356362792,16.157735356362792,0.0077893733978271484,1.0
2567,0.7857863862312227,19.355972537674056,19.355972537674056,0.0076305150985717775,1.0
2568,0.7292731139834234,21.28182319766666,21.28182319766666,0.007743144035339355,1.0
2569,0.7573590219002754,16.544159826360215,16.544159826360215,0.007811832427978516,1.0
2570,0.534103181205373,14.495398540780624,13.170979622654087,0.007875537872314453,0.9
2571,0.6105891128842102,20.30643814915664,18.777155043542507,0.007896661758422852,0.9
2572,0.5844119507475228,15.653348397914367,16.260411539160074,0.007700800895690918,0.9
2573,0.7762117412042265,16.93378278055186,16.93378278055186,0.0076255321502685545,1.0
2574,0.7620357330383365,18.608024501100317,18.608024501100317,0.007715106010437012,1.0
2575,0.7331379570495992,17.302964553405328,17.302964553405328,0.007816815376281738,1.0
2576,0.7456967130782874,16.019678423011264,16.019678423011264,0.00762636661529541,1.0
2577,0.73956559419857,19.22404031195732,19.22404031195732,0.007386302947998047,1.0
2578,0.5960896626913472,18.899681683349804,19.570565348254803,0.007672262191772461,0.9
2579,0.7479160057665262,18.160854424162885,18.160854424162885,0.008204030990600585,1.0
2580,0.7841017757730262,14.999950642659673,14.999950642659673,0.008053874969482422,1.0
2581,0.7442327128628796,15.163457948699994,15.163457948699994,0.007701706886291504,1.0
2582,0.7834216313258642,12.576431295662559,12.576431295662559,0.007501912117004394,1.0
2583,0.5727130885184176,20.33132103842005,20.962222325115384,0.007759261131286621,0.9
2584,0.7352389671220767,16.85996950038612,16.85996950038612,0.007471013069152832,1.0
2585,0.7476702095532651,18.787140429390575,18.787140429390575,0.007749581336975097,1.0
2586,0.7456229070881408,15.560278916297836,15.560278916297836,0.007618522644042969,1.0
2587,0.7347423289239672,17.34486937017601,17.34486937017601,0.00779414176940918,1.0
2588,0.8046015643844269,16.239203446914836,16.239203446914836,0.008198738098144531,1.0
2589,0.8027853390251198,14.741667933476034,14.741667933476034,0.007528233528137207,1.0
2590,0.7855354967957549,14.18177141665179,14.18177141665179,0.007516980171203613,1.0
2591,0.7872004660560271,13.837324416095251,13.837324416095251,0.007609868049621582,1.0
2592,0.724751296790449,15.464390787933306,15.464390787933306,0.007787346839904785,1.0
2593,0.7541023396466998,17.00492606980888,17.00492606980888,0.007773137092590332,1.0
2594,0.7363375691233035,21.076749360875795,21.076749360875795,0.007852554321289062,1.0
2595,0.7480606316915452,15.542679605053811,15.542679605053811,0.007724547386169433,1.0
2596,0.7960817714736066,16.085082759901695,16.085082759901695,0.008214211463928223,1.0
2597,0.5797384079556758,18.053197017252327,18.55284277375597,0.007887864112854004,0.9
2598,0.7314121589230619,19.94545393084291,19.94545393084291,0.007672309875488281,1.0
2599,0.7299668354122578,18.394430854229274,18.394430854229274,0.007859420776367188,1.0
2600,0.7583133945036863,18.092838948670995,18.092838948670995,0.007794070243835449,1.0
2601,0.605896115267336,15.003958061301395,15.112754535128406,0.007952141761779784,0.9
2602,0.7894035732310581,17.97143972920213,17.97143972920213,0.007872915267944336,1.0
2603,0.7767107583524085,14.975107247778496,14.975107247778496,0.007716917991638183,1.0
2604,0.7571735088721778,16.61509364696463,16.61509364696463,0.007625842094421386,1.0
2605,0.6299471087238808,16.651310857276727,16.998224126148656,0.007570505142211914,0.9
2606,0.7799784977138592,16.133012822544735,16.133012822544735,0.007995247840881348,1.0
2607,0.7401036482364123,20.289018844582124,20.289018844582124,0.0077767610549926754,1.0
2608,0.7441098872976611,14.799036767930426,14.799036767930426,0.007861590385437012,1.0
2609,0.7462669809767167,19.594881601117773,19.594881601117773,0.007791948318481445,1.0
2610,0.8022306624699034,13.044665126699687,13.044665126699687,0.00749199390411377,1.0
2611,0.7751399104988231,11.561554411988627,11.561554411988627,0.007718896865844727,1.0
2612,0.7415395701835805,20.338448435663473,20.338448435663473,0.007795405387878418,1.0
2613,0.7570543201421368,16.998540395088508,16.998540395088508,0.007970023155212402,1.0
2614,0.7778193118780693,19.58534033076647,19.58534033076647,0.0077920198440551754,1.0
2615,0.7148984630621671,14.418627227093893,14.418627227093893,0.0077114105224609375,1.0
2616,0.7851887085772409,12.433753051086434,12.433753051086434,0.007742881774902344,1.0
2617,0.596989754531027,17.765450477238865,18.5395437746982,0.007546281814575196,0.9
2618,0.7202543548006535,15.219280366060648,15.219280366060648,0.00794217586517334,1.0
2619,0.7342436877295586,18.13268639031134,18.13268639031134,0.00800025463104248,1.0
2620,0.7407433399278058,15.106621990446286,15.106621990446286,0.007803916931152344,1.0
2621,0.7292217777650428,21.8561628826191,21.8561628826191,0.007816195487976074,1.0
2622,0.7901087260681399,18.159793231608568,18.159793231608568,0.00742495059967041,1.0
2623,0.7655642124111628,14.282914746183204,14.282914746183204,0.007520008087158203,1.0
2624,0.6476801688791686,15.127093466303487,15.111273830873794,0.007772994041442871,0.9
2625,0.6987708394141843,17.4239760144496,17.4239760144496,0.007679271697998047,1.0
2626,0.5906477208634854,15.872987196069815,16.088868518350935,0.008011364936828613,0.9
2627,0.7230436244601923,12.351781788102993,12.351781788102993,0.007724452018737793,1.0
2628,0.7818581906048295,16.848007455892336,16.848007455892336,0.00755770206451416,1.0
2629,0.7315293146418378,17.264059682391213,17.264059682391213,0.007649898529052734,1.0
2630,0.7716780360205701,13.51852430282949,13.51852430282949,0.007708334922790527,1.0
2631,0.7185970520406388,18.64860481614205,18.64860481614205,0.00739438533782959,1.0
2632,0.6232683780684288,15.634591342449744,16.068599088942328,0.007630586624145508,0.9
2633,0.7841843959498634,14.581431143449473,14.581431143449473,0.00776214599609375,1.0
2634,0.7569241339707122,15.859496648147305,15.859496648147305,0.008079457283020019,1.0
2635,0.7599005010110768,15.491045945982455,15.491045945982455,0.007837820053100585,1.0
2636,0.7268977521982025,13.81199840010791,13.81199840010791,0.007853174209594726,1.0
2637,0.748452629499709,17.033755841695406,17.033755841695406,0.007752728462219238,1.0
2638,0.7470909004381215,18.399899868567697,18.399899868567697,0.0077571868896484375,1.0
2639,0.6037433525646476,16.37777825654547,16.924383967648183,0.007770991325378418,0.9
2640,0.7667955245864737,12.09653515911437,12.09653515911437,0.007729768753051758,1.0
2641,0.7922976150610993,17.45842864319208,17.45842864319208,0.0075356483459472655,1.0
2642,0.7811508626820859,15.611757403098803,15.611757403098803,0.0074433088302612305,1.0
2643,0.7777946093664985,16.63271713828337,16.63271713828337,0.007830500602722168,1.0
2644,0.7492120575356924,13.84088350820617,13.84088350820617,0.007898616790771484,1.0
2645,0.742920082258067,18.657658829609545,18.657658829609545,0.008071327209472656,1.0
2646,0.7757956413112788,18.430541520752893,18.430541520752893,0.008013606071472168,1.0
2647,0.7592198214616319,19.880216571996616,19.880216571996616,0.008030986785888672,1.0
2648,0.7570315934710152,15.18746473303531,15.18746473303531,0.007584905624389649,1.0
2649,0.7543969419317845,14.817909898275058,14.817909898275058,0.007652449607849121,1.0
2650,0.5724837910856267,15.342941777809461,14.830561616243042,0.007509970664978027,0.9
2651,0.7645466727709928,12.116757030774023,12.116757030774023,0.007981395721435547,1.0
2652,0.7832220659469015,15.450955694583888,15.450955694583888,0.007723402976989746,1.0
2653,0.7557951180249091,14.89133586585345,14.89133586585345,0.008103442192077637,1.0
2654,0.7396118977045761,19.190229756948305,19.190229756948305,0.008036947250366211,1.0
2655,0.7573757740345186,18.275647546211843,18.275647546211843,0.00782017707824707,1.0
2656,0.731749679010783,17.427159677517846,17.427159677517846,0.007810068130493164,1.0
2657,0.7533312224143373,14.812207335978211,14.812207335978211,0.007751154899597168,1.0
2658,0.7884213653674264,14.919140061454474,14.919140061454474,0.007457089424133301,1.0
2659,0.7794086354254285,14.805950811679338,14.805950811679338,0.007576084136962891,1.0
2660,0.6117934112955815,14.827830000892027,14.812926166200103,0.007863163948059082,0.9
2661,0.7611358236686646,14.984228678142717,14.984228678142717,0.007822799682617187,1.0
2662,0.7949186912183046,18.26517342321103,18.26517342321103,0.008131074905395507,1.0
2663,0.7717947183487788,17.30335176342196,17.30335176342196,0.007915711402893067,1.0
2664,0.7742223224264839,14.073664336028202,14.073664336028202,0.007851767539978027,1.0
2665,0.7619751093841998,15.420285678463497,15.420285678463497,0.007527494430541992,1.0
2666,0.7187845092282334,17.7126049300183,17.7126049300183,0.007863903045654297,1.0
2667,0.7501048868480075,18.907462087518635,18.907462087518635,0.0076017618179321286,1.0
2668,0.7319979469587814,18.44600451352458,18.44600451352458,0.007758927345275879,1.0
2669,0.6232256659294722,19.372291952879255,20.342402014557912,0.007681035995483398,0.9
2670,0.7886355849217034,20.159329495227468,20.159329495227468,0.007963228225708007,1.0
2671,0.7833741526707017,16.70040608886267,16.70040608886267,0.007852792739868164,1.0
2672,0.7228086906141493,11.111592562884804,11.111592562884804,0.007889127731323243,1.0
2673,0.755064026408661,16.801619214266868,16.801619214266868,0.007691574096679687,1.0
2674,0.7493834263933491,16.94509061723675,16.94509061723675,0.007675027847290039,1.0
2675,0.741327701359504,15.749230551271586,15.749230551271586,0.007307815551757813,1.0
2676,0.7313661073675477,18.049363994392557,18.049363994392557,0.007659101486206054,1.0
2677,0.6122208624056009,17.854282041108412,18.71934157336231,0.007851481437683105,0.9
2678,0.7587343684305676,15.22733378775815,15.22733378775815,0.008100771903991699,1.0
2679,0.7536003460405392,20.52834612312278,20.52834612312278,0.00815584659576416,1.0
2680,0.6523269944449538,18.334703360751654,19.003548068201773,0.00780947208404541,0.9
2681,0.7606407409579271,15.999032475209603,15.999032475209603,0.007567834854125976,1.0
2682,0.7618669655977539,18.08816607179263,18.08816607179263,0.0074167966842651365,1.0
2683,0.7312085855128793,15.650512345358251,15.650512345358251,0.007559728622436523,1.0
2684,0.7472090270870726,16.531883848623345,16.531883848623345,0.007593107223510742,1.0
2685,0.726409494834007,18.084978495193052,18.084978495193052,0.007990121841430664,1.0
2686,0.7494540860842488,12.338716298748825,12.338716298748825,0.007924628257751466,1.0
2687,0.7797590926742123,17.76832228353041,17.76832228353041,0.00817873477935791,1.0
2688,0.7731748348212981,19.21603775776912,19.21603775776912,0.007912063598632812,1.0
2689,0.706105275196538,16.11382371202246,16.11382371202246,0.008008170127868652,1.0
2690,0.7464643225154204,14.401879434600213,14.401879434600213,0.007599282264709473,1.0
2691,0.5712012649886782,15.748712354318812,15.269529425138371,0.007885360717773437,0.9
2692,0.7484002471774566,17.256245596885474,17.256245596885474,0.0075087308883666996,1.0
2693,0.7313285018425245,16.848970659141226,16.848970659141226,0.007882356643676758,1.0
2694,0.6149540172343382,18.909445240208157,17.648977611772338,0.007555341720581055,0.9
2695,0.5906754135895694,17.919974073535148,16.55755480440337,0.007535672187805176,0.9
2696,0.7550373343882479,19.79412487949773,19.79412487949773,0.007844281196594239,1.0
2697,0.6171592473711142,14.795018414023977,15.164048269606026,0.00789644718170166,0.9
2698,0.7336188727302513,16.84650221815887,16.84650221815887,0.007992959022521973,1.0
2699,0.7719110085527852,19.671516132697022,19.671516132697022,0.007756161689758301,1.0
2700,0.7416877439103556,18.837410797343416,18.837410797343416,0.007924461364746093,1.0
2701,0.7406006008011202,20.88348694744208,20.88348694744208,0.0072642087936401365,1.0
2702,0.7587159011492862,12.918385650609522,12.918385650609522,0.007483482360839844,1.0
2703,0.7543115013635125,13.772679488820199,13.772679488820199,0.007741904258728028,1.0
2704,0.7437060955529075,17.040020541845525,17.040020541845525,0.0076706171035766605,1.0
2705,0.7652972727880496,16.83548251396875,16.83548251396875,0.007932949066162109,1.0
2706,0.7114753598550889,15.374082988468691,15.374082988468691,0.00828101634979248,1.0
2707,0.7687580898461602,14.222787971285118,14.222787971285118,0.007671475410461426,1.0
2708,0.7795196357033564,19.42300690796604,19.42300690796604,0.007580089569091797,1.0
2709,0.614403845912075,18.166579817333332,18.806580428376016,0.007650065422058106,0.9
2710,0.7999293383935149,15.167167595167049,15.167167595167049,0.007760190963745117,1.0
2711,0.7627575444020613,15.335480025079537,15.335480025079537,0.0076770782470703125,1.0
2712,0.7566519974126755,17.30550611051575,17.30550611051575,0.007733750343322754,1.0
2713,0.7202024763677244,13.035094028310676,13.035094028310676,0.007763552665710449,1.0
2714,0.7513634242567858,17.95717089276696,17.95717089276696,0.0074684381484985355,1.0
2715,0.7480969069334031,15.600652246263149,15.600652246263149,0.008080673217773438,1.0
2716,0.7482095897663316,18.16135289013475,18.16135289013475,0.007861757278442382,1.0
2717,0.7602971531391921,17.696961207054745,17.696961207054745,0.008219408988952636,1.0
2718,0.7179844195017944,18.14180329161001,18.14180329161001,0.007553958892822265,1.0
2719,0.7013622405076798,13.037057073227553,13.037057073227553,0.007643771171569824,1.0
2720,0.6112170766262706,17.10776482166998,17.420405330048915,0.007410669326782226,0.9
2721,0.7341150769366138,22.072463071421648,22.072463071421648,0.007493519783020019,1.0
2722,0.7717773041724125,17.504211976691813,17.504211976691813,0.00789787769317627,1.0
2723,0.4322045200131507,22.191955390011405,24.489181835622972,0.007843947410583496,0.8
2724,0.6941328880717548,22.822983838400784,22.822983838400784,0.008046841621398926,1.0
2725,0.6389648365970274,21.61166586737989,22.606057820330435,0.0076982975006103516,0.9
2726,0.7566171538727197,18.71568163861392,18.71568163861392,0.00773932933807373,1.0
2727,0.7159085822163186,16.953752762351876,16.953752762351876,0.007504987716674805,1.0
2728,0.7534419472806416,20.632526607140402,20.632526607140402,0.0076477289199829105,1.0
2729,0.7376382130893867,20.87314618131226,20.87314618131226,0.0075408220291137695,1.0
2730,0.7711720661676209,15.605029991147106,15.605029991147106,0.008023405075073242,1.0
2731,0.7674149368038636,18.330293061313288,18.330293061313288,0.008161783218383789,1.0
2732,0.7357216553690356,15.761429067290553,15.761429067290553,0.007846736907958984,1.0
2733,0.7461428017712992,15.174266956132522,15.174266956132522,0.008208417892456054,1.0
2734,0.7654454636509909,12.563764261542905,12.563764261542905,0.007939887046813966,1.0
2735,0.741191107460209,15.099441230548521,15.099441230548521,0.007446694374084473,1.0
2736,0.5871895725880272,22.958602869397783,23.736872268808604,0.007541465759277344,0.9
2737,0.5639334063347982,19.934814812417006,18.705123469912323,0.007792758941650391,0.9
2738,0.631854202453824,18.351462424685533,16.93110961375971,0.007568621635437011,0.9
2739,0.7384541409015842,18.37364645704958,18.37364645704958,0.008051037788391113,1.0
2740,0.6862085817030588,17.212659983762133,17.212659983762133,0.008173632621765136,1.0
2741,0.7342225513962495,18.016342224655045,18.016342224655045,0.00794203281402588,1.0
2742,0.5697411245260804,17.573834478882084,18.12772031288677,0.007673430442810059,0.9
2743,0.744164979667209,19.092433428499618,19.092433428499618,0.007573390007019043,1.0
2744,0.7675369389903316,19.363027971956605,19.363027971956605,0.007645988464355468,1.0
2745,0.7674778892465509,17.700266900724543,17.700266900724543,0.007625579833984375,1.0
2746,0.7571156620337604,19.400360004337255,19.400360004337255,0.007713508605957031,1.0
2747,0.715892727965631,20.309405222728536,20.309405222728536,0.007736849784851074,1.0
2748,0.6119597270050128,17.62751655857266,17.912622239797972,0.007867193222045899,0.9
2749,0.7705824730916857,15.944374927555831,15.944374927555831,0.007741451263427734,1.0
2750,0.6127627170680496,14.703440329620676,15.09416374826495,0.007957386970520019,0.9
2751,0.6023031139770179,17.350755728575496,17.240864103186155,0.007993364334106445,0.9
2752,0.7921663322819776,19.951161068721966,19.951161068721966,0.007762360572814942,1.0
2753,0.706014448565121,11.997071720437111,11.997071720437111,0.007610797882080078,1.0
2754,0.7333910537537116,15.64693551406564,15.64693551406564,0.007525777816772461,1.0
2755,0.732784421415557,14.964476585816916,14.964476585816916,0.00749053955078125,1.0
2756,0.7644092737525165,13.729590498210644,13.729590498210644,0.007570242881774903,1.0
2757,0.7633070396096364,16.697394216121427,16.697394216121427,0.008058309555053711,1.0
2758,0.7659201371317758,16.80511293929137,16.80511293929137,0.007951974868774414,1.0
2759,0.7646037350122535,16.134929529809572,16.134929529809572,0.00802755355834961,1.0
2760,0.6232637081529484,15.355932783133696,15.932207400859065,0.008085203170776368,0.9
2761,0.7505076035410693,14.738413477482727,14.738413477482727,0.007750582695007324,1.0
2762,0.6238901966185751,18.6626575527214,19.489513373303804,0.007843613624572754,0.9
2763,0.7746573587251674,14.738570798978737,14.738570798978737,0.007628703117370605,1.0
2764,0.8022495122533304,15.958839247190587,15.958839247190587,0.007381367683410645,1.0
2765,0.7625459995134207,21.292738301044363,21.292738301044363,0.007703590393066406,1.0
2766,0.7888207172140806,16.266707873903265,16.266707873903265,0.008066296577453613,1.0
2767,0.6023941391181149,12.194413617175133,12.155974134796573,0.00803844928741455,0.9
2768,0.5622084060443803,16.7756469750777,17.440979856455613,0.008227038383483886,0.9
2769,0.7617768191418143,18.504342049650155,18.504342049650155,0.00817122459411621,1.0
2770,0.79757905966924,17.783461338817737,17.783461338817737,0.007983851432800292,1.0
2771,0.7559580674034443,15.395292260835754,15.395292260835754,0.007840466499328614,1.0
2772,0.7237050254785677,16.70855691705949,16.70855691705949,0.007500100135803223,1.0
2773,0.7277292076072817,13.198983929187737,13.198983929187737,0.007316017150878906,1.0
2774,0.7834194090991301,16.212775909796562,16.212775909796562,0.007876181602478027,1.0
2775,0.7473528974252015,16.618143395126484,16.618143395126484,0.007795929908752441,1.0
2776,0.6932402479371611,16.560649689018856,16.560649689018856,0.008059167861938476,1.0
2777,0.6058246491726915,12.475544993889262,11.919518604855,0.008083724975585937,0.9
2778,0.7859080727461147,14.990226185871041,14.990226185871041,0.00792381763458252,1.0
2779,0.3120729746583909,15.856706662097412,17.70950917179385,0.007986927032470703,0.7
2780,0.7541696895556166,20.42699774959126,20.42699774959126,0.007446026802062989,1.0
2781,0.7490751490869307,17.678244853192698,17.678244853192698,0.007617402076721192,1.0
2782,0.7218923073781902,13.016728562606986,13.016728562606986,0.00737769603729248,1.0
2783,0.766571562173158,14.695306867412182,14.695306867412182,0.007747507095336914,1.0
2784,0.6228619437402909,13.855983143277806,14.214822742465287,0.007991600036621093,0.9
2785,0.7743577967838562,18.521713257457343,18.521713257457343,0.007868146896362305,1.0
2786,0.7797729131968961,17.709295702900825,17.709295702900825,0.00804758071899414,1.0
2787,0.7421406463871308,20.882898354557188,20.882898354557188,0.00801832675933838,1.0
2788,0.7577266141717427,14.426242354843001,14.426242354843001,0.007725238800048828,1.0
2789,0.7488783968685582,14.83021498511665,14.83021498511665,0.007464981079101563,1.0
2790,0.7612603616569246,12.761822030609157,12.761822030609157,0.007536196708679199,1.0
2791,0.718905450046347,18.784128077948303,18.784128077948303,0.007345771789550782,1.0
2792,0.6280799280150557,15.711642313731337,16.154723671241708,0.008299922943115235,0.9
2793,0.7759576091916406,15.736212341870225,15.736212341870225,0.008003497123718261,1.0
2794,0.7727172132205882,18.165265037923803,18.165265037923803,0.007971715927124024,1.0
2795,0.7427734962825172,15.604532788483539,15.604532788483539,0.00753331184387207,1.0
2796,0.7353863990516625,16.719400056743403,16.719400056743403,0.00769956111907959,1.0
2797,0.7772691341004075,15.15940975156426,15.15940975156426,0.007369136810302735,1.0
2798,0.7670751325360103,16.2632273499397,16.2632273499397,0.007803153991699219,1.0
2799,0.7544410642112892,21.04001906687909,21.04001906687909,0.007688784599304199,1.0
2800,0.7716129611374174,17.79278843998829,17.79278843998829,0.007915425300598144,1.0
2801,0.6256715144028119,15.943657734523388,16.026909414749653,0.0076977252960205075,0.9
2802,0.785372153472934,17.893543442875362,17.893543442875362,0.007560992240905761,1.0
2803,0.7703071723718041,18.47905919023119,18.47905919023119,0.007896709442138671,1.0
2804,0.7824954456562685,17.407797628545644,17.407797628545644,0.00784471035003662,1.0
2805,0.7648854658695801,16.897589258602476,16.897589258602476,0.008064079284667968,1.0
2806,0.7721170725803155,15.842182580446996,15.842182580446996,0.007584977149963379,1.0
2807,0.7886468364223694,18.254957194327286,18.254957194327286,0.0075127601623535155,1.0
2808,0.7409962179430611,14.293309133711048,14.293309133711048,0.0073509693145751955,1.0
2809,0.6055705871806218,17.857063001644857,18.613685086311502,0.007721257209777832,0.9
2810,0.5958212650209175,19.78477334321738,20.58052928065844,0.007930850982666016,0.9
2811,0.6150021844670315,16.90029210312202,17.378984876693764,0.008258867263793945,0.9
2812,0.7720836881784452,16.41793006555945,16.41793006555945,0.008305549621582031,1.0
2813,0.7739540649260216,18.70384246515335,18.70384246515335,0.00755918025970459,1.0
2814,0.7634892233458275,15.558111405702505,15.558111405702505,0.007820415496826171,1.0
2815,0.747671218528512,13.131567025044252,13.131567025044252,0.007308363914489746,1.0
2816,0.6076438159142165,17.439129111936925,17.933419041451042,0.0075302600860595705,0.9
2817,0.5876165155088208,16.450187604114863,16.70520854728997,0.007639551162719726,0.9
2818,0.7816844341173511,16.008353820596103,16.008353820596103,0.0076380491256713865,1.0
2819,0.7665352994517574,20.38457339618375,20.38457339618375,0.007508182525634765,1.0
2820,0.7604728584010131,19.907493171339752,19.907493171339752,0.007915401458740234,1.0
2821,0.7656764230371153,15.664290594968625,15.664290594968625,0.007812833786010743,1.0
2822,0.7285341648958019,20.87068427476894,20.87068427476894,0.007727599143981934,1.0
2823,0.7274543946934775,14.655243697463822,14.655243697463822,0.007934951782226562,1.0
2824,0.6194400102808504,16.517828225632055,16.480805183499694,0.007574772834777832,0.9
2825,0.7642028752784777,15.314644910838515,15.314644910838515,0.007490015029907227,1.0
2826,0.7307213507820778,16.325666920307075,16.325666920307075,0.007218742370605468,1.0
2827,0.741874082642229,18.892270830500298,18.892270830500298,0.0075560808181762695,1.0
2828,0.7579709208174994,19.967515821751622,19.967515821751622,0.007794046401977539,1.0
2829,0.7034369827618778,18.979147151978662,18.979147151978662,0.008049893379211425,1.0
2830,0.7107208427002808,15.923737868825691,15.923737868825691,0.0076953649520874025,1.0
2831,0.7686180177642273,16.249293349573,16.249293349573,0.007543015480041504,1.0
2832,0.605051090971454,14.793188271239526,15.002188315653477,0.007628965377807617,0.9
2833,0.74639927618199,18.18799334430377,18.18799334430377,0.007745051383972168,1.0
2834,0.6294159607909697,17.32668137693192,17.932552264414657,0.007702779769897461,0.9
2835,0.7429495282665631,18.768778037954945,18.768778037954945,0.007748937606811524,1.0
2836,0.7473157890378662,19.063012505160593,19.063012505160593,0.007592535018920899,1.0
2837,0.6244155154072183,18.512433946806023,17.184280832571,0.007639789581298828,0.9
2838,0.7399943364456776,18.17018431420337,18.17018431420337,0.007332706451416015,1.0
2839,0.7582967370454758,18.37421897397032,18.37421897397032,0.007486319541931153,1.0
2840,0.7981059104431341,16.93679572846064,16.93679572846064,0.007689428329467773,1.0
2841,0.7564153204120732,17.980786119099204,17.980786119099204,0.008057904243469239,1.0
2842,0.7934998751101074,17.47778665069472,17.47778665069472,0.007997727394104004,1.0
2843,0.7266514357746393,14.658349819589239,14.658349819589239,0.00753471851348877,1.0
2844,0.6446510253771119,16.94423616741519,15.258832199664916,0.007423567771911621,0.9
2845,0.6403767835924484,13.70305957918038,13.861506313543995,0.007305288314819336,0.9
2846,0.7733490751993652,20.665426427728466,20.665426427728466,0.007683968544006348,1.0
2847,0.6084200645613894,18.66748590929403,19.46627710796503,0.007747721672058105,0.9
2848,0.7445317314520383,15.915134539772557,15.915134539772557,0.008208012580871582,1.0
2849,0.8344170236612622,15.991144723407922,15.991144723407922,0.007840228080749512,1.0
2850,0.7229322651870685,20.17943059461141,20.17943059461141,0.00774381160736084,1.0
2851,0.7515543604337668,21.504968330699192,21.504968330699192,0.007522225379943848,1.0
2852,0.767342708251303,14.94240082468161,14.94240082468161,0.007862353324890136,1.0
2853,0.7459107006925744,20.06899509173824,20.06899509173824,0.007808017730712891,1.0
2854,0.7967110530333747,18.717888609530043,18.717888609530043,0.007656073570251465,1.0
2855,0.776025885828796,13.307906552595231,13.307906552595231,0.007976245880126954,1.0
2856,0.7561038149719808,19.249868261003606,19.249868261003606,0.00741887092590332,1.0
2857,0.7949449280257017,17.69768123448785,17.69768123448785,0.00788416862487793,1.0
2858,0.748232320213432,17.563662998642666,17.563662998642666,0.008016586303710938,1.0
2859,0.7673051813841038,14.295672723380633,14.295672723380633,0.008092355728149415,1.0
2860,0.7690209634697022,14.562670314086427,14.562670314086427,0.007654738426208496,1.0
2861,0.6271187555852922,18.750726557581665,16.836328827896338,0.007574200630187988,0.9
2862,0.8024675211711246,19.15748026616634,19.15748026616634,0.007440352439880371,1.0
2863,0.7146654474403629,19.971106507132934,19.971106507132934,0.007706928253173828,1.0
2864,0.7019527284811204,18.56930408750029,18.56930408750029,0.008108305931091308,1.0
2865,0.6976287504904207,16.17952057711999,16.17952057711999,0.008221673965454101,1.0
2866,0.7768457001356288,17.42750600853261,17.42750600853261,0.007967519760131835,1.0
2867,0.7791175156881432,17.013609733090725,17.013609733090725,0.007841777801513673,1.0
2868,0.737858896557668,12.915670658370228,12.915670658370228,0.007567715644836426,1.0
2869,0.6092169359745034,20.39125622390393,20.70546776072702,0.00750880241394043,0.9
2870,0.769141043535094,18.872136553498827,18.872136553498827,0.00799577236175537,1.0
2871,0.6250379234560384,17.11430725504414,17.669488908976692,0.007712221145629883,0.9
2872,0.7465095814243348,11.746241697843518,11.746241697843518,0.007886981964111328,1.0
2873,0.6373371798728094,15.51110145119496,15.926475924995621,0.007754755020141601,0.9
2874,0.7884594204221376,14.851549417218246,14.851549417218246,0.0077839851379394535,1.0
2875,0.7327908507047329,16.72055706946932,16.72055706946932,0.008264923095703125,1.0
2876,0.7044358810980367,19.853133913556437,19.853133913556437,0.007659721374511719,1.0
2877,0.7508430748388581,15.968447634452478,15.968447634452478,0.007729768753051758,1.0
2878,0.7295630639719658,13.597127881684054,13.597127881684054,0.0074942588806152345,1.0
2879,0.7531267731644568,19.32205364532715,19.32205364532715,0.007375979423522949,1.0
2880,0.796175669603856,15.44990938894595,15.44990938894595,0.007802009582519531,1.0
2881,0.7629015745935229,15.981906514588598,15.981906514588598,0.008042573928833008,1.0
2882,0.782158419305958,13.52884361838397,13.52884361838397,0.008055830001831054,1.0
2883,0.7950130500716635,12.064530665518104,12.064530665518104,0.008142471313476562,1.0
2884,0.7686562514792837,17.035236875890615,17.035236875890615,0.007731485366821289,1.0
2885,0.8005823441531501,17.619737217229712,17.619737217229712,0.007399749755859375,1.0
2886,0.7675236528025801,16.6671430026258,16.6671430026258,0.007465338706970215,1.0
2887,0.8074798299107832,14.724117507538505,14.724117507538505,0.007954216003417969,1.0
2888,0.7468315201366369,20.319559333624248,20.319559333624248,0.0076017618179321286,1.0
2889,0.6963905124267871,17.400735826914463,17.400735826914463,0.008033061027526855,1.0
2890,0.7613492410165609,18.296879312421687,18.296879312421687,0.007651495933532715,1.0
2891,0.7907878345610988,18.09087710193861,18.09087710193861,0.007621884346008301,1.0
2892,0.749555200875656,18.432280997660474,18.432280997660474,0.007584524154663086,1.0
2893,0.7625166004711451,18.663237841322836,18.663237841322836,0.007732486724853516,1.0
2894,0.7424505085227271,18.478048604775235,18.478048604775235,0.007890558242797852,1.0
2895,0.8081124023845098,17.75575201974508,17.75575201974508,0.00791468620300293,1.0
2896,0.7563807155979141,17.57902302494079,17.57902302494079,0.007748889923095703,1.0
2897,0.7142353715202377,17.396087495047524,17.396087495047524,0.007993030548095702,1.0
2898,0.7540332331398256,20.35522508895086,20.35522508895086,0.007919573783874511,1.0
2899,0.5978484017256969,12.523916145573265,12.60383414989422,0.007734537124633789,0.9
2900,0.7866784140531174,16.28161274651093,16.28161274651093,0.007556796073913574,1.0
2901,0.7492162472299004,19.53669267701484,19.53669267701484,0.007750821113586426,1.0
2902,0.5722925165498051,19.287267144429705,20.016208038434325,0.0075049161911010746,0.9
2903,0.7525403403737779,14.551335829949053,14.551335829949053,0.0074573993682861325,1.0
2904,0.7671948454738622,14.115633285072343,14.115633285072343,0.007532644271850586,1.0
2905,0.7761199572706845,16.228821880757327,16.228821880757327,0.007915329933166505,1.0
2906,0.5647344254514631,18.944602784176432,19.23025732190503,0.008049368858337402,0.9
2907,0.7243072289193389,13.90140306440476,13.90140306440476,0.007928681373596192,1.0
2908,0.7378062357609945,14.09941858502663,14.09941858502663,0.007775998115539551,1.0
2909,0.7428030811364608,12.341652168062868,12.341652168062868,0.007643747329711914,1.0
2910,0.7670630621151039,20.620559939383323,20.620559939383323,0.0075623512268066405,1.0
2911,0.7584632259977042,14.152953140508169,14.152953140508169,0.00737459659576416,1.0
2912,0.599290200080453,13.200584495680591,13.416484349879035,0.007754302024841309,0.9
2913,0.784246040801332,17.126448130254442,17.126448130254442,0.0075336933135986325,1.0
2914,0.5866803526069504,13.491563030939622,13.825397213694286,0.007837414741516113,0.9
2915,0.7466331129066972,16.164886067012525,16.164886067012525,0.007727622985839844,1.0
2916,0.626447022360901,15.735772854041482,16.351190176354407,0.007581973075866699,0.9
2917,0.739360088363697,18.14667728644599,18.14667728644599,0.008449125289916991,1.0
2918,0.7235897577843925,18.988242085260303,18.988242085260303,0.007883882522583008,1.0
2919,0.75054357065903,16.788950413837977,16.788950413837977,0.007856225967407227,1.0
2920,0.5748802513285389,17.06990344926786,17.52658397575391,0.007647562026977539,0.9
2921,0.7338535131191892,19.403570361746837,19.403570361746837,0.00749516487121582,1.0
2922,0.7247110449188231,17.349296299268484,17.349296299268484,0.007417845726013184,1.0
2923,0.7413824512359783,20.73671479398404,20.73671479398404,0.007479953765869141,1.0
2924,0.7593438247776053,18.26878268561963,18.26878268561963,0.007576537132263183,1.0
2925,0.584926913137354,18.093098397212785,18.68125711536258,0.007861781120300292,0.9
2926,0.7392718452366367,15.049705707992326,15.049705707992326,0.008008956909179688,1.0
2927,0.7474388372647987,18.499243312735874,18.499243312735874,0.007893538475036621,1.0
2928,0.7628429793837913,17.705111566765872,17.705111566765872,0.0076055765151977536,1.0
2929,0.7644465892533849,17.28245291793673,17.28245291793673,0.007312154769897461,1.0
2930,0.6123479646216502,19.063234636663267,19.20252950597921,0.007288527488708496,0.9
2931,0.777437066101702,20.289756696110697,20.289756696110697,0.007498717308044434,1.0
2932,0.751480515746746,17.19401765428019,17.19401765428019,0.007847070693969727,1.0
2933,0.7295040775760445,18.399985689713937,18.399985689713937,0.007884454727172852,1.0
2934,0.7735266344775333,19.011914032588525,19.011914032588525,0.007893776893615723,1.0
2935,0.7773309057537638,15.579363632878827,15.579363632878827,0.007845544815063476,1.0
2936,0.44290164060437354,14.53802843420633,15.095572339538766,0.007641196250915527,0.8
2937,0.7062691419910553,18.125811901849225,18.125811901849225,0.007300424575805664,1.0
2938,0.7597090360893098,17.016667364062762,17.016667364062762,0.007591342926025391,1.0
2939,0.7512801350702988,15.22064875564825,15.22064875564825,0.007609915733337402,1.0
2940,0.761022511571744,15.380358256134908,15.380358256134908,0.007816696166992187,1.0
2941,0.7672732756961201,16.341747269097358,16.341747269097358,0.007939672470092774,1.0
2942,0.7618973304174725,17.990085126597837,17.990085126597837,0.0074525117874145504,1.0
2943,0.7713188327424876,16.1861181131379,16.1861181131379,0.007886219024658202,1.0
2944,0.799256385031956,12.506492937191876,12.506492937191876,0.00782480239868164,1.0
2945,0.7162549238677912,13.5184459015961,13.5184459015961,0.007813072204589844,1.0
2946,0.737712652428069,15.109382757431064,15.109382757431064,0.00747370719909668,1.0
2947,0.7618926466624381,16.653334905046115,16.653334905046115,0.007958292961120605,1.0
2948,0.7521444055237829,15.850742869680179,15.850742869680179,0.007583975791931152,1.0
2949,0.7670313440323633,17.452812616490586,17.452812616490586,0.007793283462524414,1.0
2950,0.741138510516851,18.953042021013434,18.953042021013434,0.007738518714904785,1.0
2951,0.6376705153669194,13.447361954497325,13.455045665117005,0.007587313652038574,0.9
2952,0.7354195511663111,17.369494563052047,17.369494563052047,0.007504677772521973,1.0
2953,0.7614929228982079,15.780179259665791,15.780179259665791,0.007811975479125976,1.0
2954,0.7305069256813328,20.932319147120566,20.932319147120566,0.007576370239257812,1.0
2955,0.77123064280406,18.795745705118122,18.795745705118122,0.007663106918334961,1.0
2956,0.7502788787033576,19.276469830619163,19.276469830619163,0.007662844657897949,1.0
2957,0.7272429045776856,20.580039129292825,20.580039129292825,0.007615828514099121,1.0
2958,0.7806918485593127,16.262175376407505,16.262175376407505,0.007520890235900879,1.0
2959,0.7464725182530612,16.416172848551128,16.416172848551128,0.007978367805480956,1.0
2960,0.7654220680129941,16.73593029349822,16.73593029349822,0.00779874324798584,1.0
2961,0.7554018412906301,17.1594067363934,17.1594067363934,0.007683205604553223,1.0
2962,0.709605809661398,21.964624184246446,21.964624184246446,0.007780838012695313,1.0
2963,0.7221990029965893,16.59173279362043,16.59173279362043,0.00789022445678711,1.0
2964,0.7346149869227425,15.234288344754754,15.234288344754754,0.007741522789001465,1.0
2965,0.7822082910449307,14.832576782296474,14.832576782296474,0.007899212837219238,1.0
2966,0.7496020035515071,14.305598064514797,14.305598064514797,0.007927393913269043,1.0
2967,0.4451606479416073,14.172837366919685,14.628077716969852,0.007936191558837891,0.8
2968,0.764642254413374,20.851450301778506,20.851450301778506,0.008050775527954102,1.0
2969,0.7453971818065295,16.328324782290657,16.328324782290657,0.007634401321411133,1.0
2970,0.7151127162253637,16.285022339679212,16.285022339679212,0.007771134376525879,1.0
2971,0.6081894346615291,11.432766464404,11.138297939856846,0.007874464988708496,0.9
2972,0.5742592336481753,16.840494669701155,17.42892732565586,0.007748961448669434,0.9
2973,0.7395828651873377,16.296384126172832,16.296384126172832,0.00778346061706543,1.0
2974,0.6182514631855962,15.848053328833203,16.317759251280037,0.007720470428466797,0.9
2975,0.7472022867623155,18.254349716936566,18.254349716936566,0.007945489883422852,1.0
2976,0.7980738687117712,18.33206325982994,18.33206325982994,0.007590532302856445,1.0
2977,0.7324207791446381,17.51015576760681,17.51015576760681,0.007726287841796875,1.0
2978,0.7559547678008461,19.880710567672736,19.880710567672736,0.00758059024810791,1.0
2979,0.730723016283868,18.323983966158067,18.323983966158067,0.007715439796447754,1.0
2980,0.6215672502450591,15.092862927213954,15.045677746875201,0.007987165451049804,0.9
2981,0.7675848487757916,18.226850622423807,18.226850622423807,0.007643651962280273,1.0
2982,0.8134843054673112,16.235025453332064,16.235025453332064,0.007654953002929688,1.0
2983,0.731616020530679,15.921545600771534,15.921545600771534,0.007964468002319336,1.0
2984,0.714617528461783,16.068642331787657,16.068642331787657,0.007903599739074707,1.0
2985,0.61699673731835,14.405629375498602,14.796188825936431,0.007651710510253906,0.9
2986,0.785867380883721,18.71189415921905,18.71189415921905,0.007628297805786133,1.0
2987,0.7849194670368964,14.52009421050165,14.52009421050165,0.0075032711029052734,1.0
2988,0.7582466477534535,15.304710728269907,15.304710728269907,0.008041620254516602,1.0
2989,0.7658867289144073,15.476011234997424,15.476011234997424,0.007786321640014649,1.0
2990,0.736030525579969,14.528309365185871,14.528309365185871,0.007812285423278808,1.0
2991,0.8133516192921715,17.37477202898628,17.37477202898628,0.007717585563659668,1.0
2992,0.59870117508393,21.12303514994484,20.109891923638617,0.008024239540100097,0.9
2993,0.7307907167897669,19.860780323276224,19.860780323276224,0.007635188102722168,1.0
2994,0.5602093455235408,15.879606167679412,16.100597929301028,0.007757711410522461,0.9
2995,0.7628104521405996,14.928754440927525,14.928754440927525,0.00739281177520752,1.0
2996,0.7514758975168506,17.71148820463036,17.71148820463036,0.007191181182861328,1.0
2997,0.7701701126830123,20.508734917949674,20.508734917949674,0.0077111244201660155,1.0
2998,0.7364732396596358,15.413315907684256,15.413315907684256,0.007688546180725097,1.0
2999,0.7775553285630228,15.670068829251809,15.670068829251809,0.008357763290405273,1.0
3000,0.7170454812738947,17.160308341882953,17.160308341882953,0.00801239013671875,1.0
3001,0.7656566535752976,19.533085075269334,19.533085075269334,0.007792615890502929,1.0
3002,0.7436822635033012,18.28311860975802,18.28311860975802,0.00745999813079834,1.0
3003,0.728287578453126,16.926553118533917,16.926553118533917,0.007504606246948242,1.0
3004,0.7371945493962089,13.811209382212649,13.811209382212649,0.007568645477294922,1.0
3005,0.7077643375496041,17.018087733701783,17.018087733701783,0.00782339572906494,1.0
3006,0.6340663263382047,12.58517781677942,12.244111516786214,0.007883763313293457,0.9
3007,0.5970719948576168,17.764119036438125,18.026763474931595,0.007571816444396973,0.9
3008,0.7590437262522591,13.816983708101855,13.816983708101855,0.0077733278274536135,1.0
3009,0.5935508383270434,17.546601250338977,18.025487302636723,0.007893705368041992,0.9
3010,0.6276561585666574,16.234229423277377,16.924605749645437,0.007883977890014649,0.9
3011,0.7668928397310453,13.832005533316599,13.832005533316599,0.00817253589630127,1.0
3012,0.7212121944842587,16.627655273201412,16.627655273201412,0.007836604118347168,1.0
3013,0.7609200930420319,18.518174434196975,18.518174434196975,0.0076549768447875975,1.0
3014,0.7662603181282537,12.484316406574614,12.484316406574614,0.007366156578063965,1.0
3015,0.7701400192109608,17.9492949522854,17.9492949522854,0.007366299629211426,1.0
3016,0.8191333269130061,16.65416495991324,16.65416495991324,0.007719182968139648,1.0
3017,0.7572786801170263,15.551364820522087,15.551364820522087,0.007994270324707032,1.0
3018,0.5675694453420657,13.05669778952705,13.0349988038524,0.008492374420166015,0.9
3019,0.8153840336236637,15.995583026459224,15.995583026459224,0.007762718200683594,1.0
3020,0.784197794960132,14.290502561103944,14.290502561103944,0.007555913925170898,1.0
3021,0.7608226657064883,16.23990479512496,16.23990479512496,0.007700228691101074,1.0
3022,0.7599205104683848,15.51966907685389,15.51966907685389,0.007644248008728027,1.0
3023,0.7616218673070888,17.17430255330056,17.17430255330056,0.007981252670288087,1.0
3024,0.7987592128973965,16.696516451692634,16.696516451692634,0.007851743698120117,1.0
3025,0.7850369430350328,13.640168266688544,13.640168266688544,0.007847976684570313,1.0
3026,0.7547319327590906,13.607762689501815,13.607762689501815,0.0074676513671875,1.0
3027,0.7647786872576395,19.249376022494264,19.249376022494264,0.007497215270996093,1.0
3028,0.775233030752961,16.56017540242743,16.56017540242743,0.007392525672912598,1.0
3029,0.7653935358686438,20.760973195053754,20.760973195053754,0.00813307762145996,1.0
3030,0.6305454295245714,16.348016354258384,16.479124942723686,0.008137273788452148,0.9
3031,0.7616768746283207,16.783192477556806,16.783192477556806,0.007902884483337402,1.0
3032,0.7502522836309559,15.934975809880942,15.934975809880942,0.007655787467956543,1.0
3033,0.5782891043824578,16.667896133755345,17.396489835830323,0.007394051551818848,0.9
3034,0.46814091082322606,15.08158628282294,15.129732394143378,0.007276463508605957,0.8
3035,0.5780340608322966,18.077324564792303,18.736282983425397,0.007595419883728027,0.9
3036,0.448036604843309,14.102315061332078,14.449760028435701,0.007828378677368164,0.8
3037,0.7905388451375305,17.641799113385968,17.641799113385968,0.008081889152526856,1.0
3038,0.7411912025887781,18.432665913957827,18.432665913957827,0.007834362983703613,1.0
3039,0.623014942936445,16.974175693093088,17.313015140423154,0.007760262489318848,0.9
3040,0.7847182524465482,15.276448977584442,15.276448977584442,0.007730460166931153,1.0
3041,0.7561212286148633,16.837036128181445,16.837036128181445,0.007835674285888671,1.0
3042,0.7901100317499058,17.210811406611274,17.210811406611274,0.007554888725280762,1.0
3043,0.7152374524945827,23.84698995149059,23.84698995149059,0.007738852500915527,1.0
3044,0.7591385254423763,14.626287747303158,14.626287747303158,0.007883358001708984,1.0
3045,0.7628813950331323,15.056967831978923,15.056967831978923,0.007663846015930176,1.0
3046,0.7459945563833916,17.298206019848106,17.298206019848106,0.007763504981994629,1.0
3047,0.7333579500783889,18.451111436250308,18.451111436250308,0.007571601867675781,1.0
3048,0.7441286247280641,18.642647052606982,18.642647052606982,0.00786604881286621,1.0
3049,0.6363439928857415,15.60178132133712,16.15911400512689,0.008186602592468261,0.9
3050,0.7586028270147107,17.153634099184927,17.153634099184927,0.007831478118896484,1.0
3051,0.6212852245855072,18.245160309594713,19.077001571672668,0.007715392112731934,0.9
3052,0.5738305682214443,17.501259101448525,17.849884691158636,0.007918643951416015,0.9
3053,0.748328256471154,16.697383199382074,16.697383199382074,0.007657194137573242,1.0
3054,0.6141388173886643,16.066947996500307,16.641855381958887,0.007948899269104004,0.9
3055,0.7440279560440702,20.82631965530012,20.82631965530012,0.007808423042297364,1.0
3056,0.7545858487512509,17.47820571378171,17.47820571378171,0.007863163948059082,1.0
3057,0.7401392381089551,16.084463784067133,16.084463784067133,0.008233404159545899,1.0
3058,0.7394982570965274,16.423863978869058,16.423863978869058,0.007694125175476074,1.0
3059,0.7624547868563218,15.39617495142634,15.39617495142634,0.007935047149658203,1.0
3060,0.7774071166717094,16.585847861104405,16.585847861104405,0.007850408554077148,1.0
3061,0.7477124699671476,18.224966490022844,18.224966490022844,0.007668399810791015,1.0
3062,0.7760125300591026,16.38008941044077,16.38008941044077,0.007773828506469726,1.0
3063,0.755318966611957,23.64494061560125,23.64494061560125,0.007985901832580567,1.0
3064,0.7618658614502488,19.700695701925046,19.700695701925046,0.007878494262695313,1.0
3065,0.6088954181012799,19.356847305594954,20.263185675719136,0.008049297332763671,0.9
3066,0.7418172279628681,12.650196858182305,12.650196858182305,0.007832503318786621,1.0
3067,0.7515678239832062,15.759363298723354,15.759363298723354,0.00782468318939209,1.0
3068,0.7595551508090239,13.928590879899065,13.928590879899065,0.00761101245880127,1.0
3069,0.7645956924060054,15.579216871397923,15.579216871397923,0.007672643661499024,1.0
3070,0.7499342950157756,15.196087015719765,15.196087015719765,0.007524180412292481,1.0
3071,0.7902607931945886,12.77703435473063,12.77703435473063,0.007878541946411133,1.0
3072,0.7248606814160792,14.924085721097516,14.924085721097516,0.00772397518157959,1.0
3073,0.7619987073834993,19.074955006799602,19.074955006799602,0.007677555084228516,1.0
3074,0.7999434993004699,15.10004033982359,15.10004033982359,0.0079833984375,1.0
3075,0.7922341476725568,15.890072704955065,15.890072704955065,0.007965540885925293,1.0
3076,0.773787933927337,15.191072392205754,15.191072392205754,0.007892465591430664,1.0
3077,0.7488184855024415,12.543474237047478,12.543474237047478,0.007793283462524414,1.0
3078,0.7563107949560345,17.635154748133573,17.635154748133573,0.008133721351623536,1.0
3079,0.8058886883065997,15.143077037324986,15.143077037324986,0.0080765962600708,1.0
3080,0.7980156588165737,15.100197496719266,15.100197496719266,0.007796454429626465,1.0
3081,0.6214935473605568,16.74322751924479,17.00891241886044,0.00729682445526123,0.9
3082,0.7573961626222114,18.340327098505455,18.340327098505455,0.007663512229919433,1.0
3083,0.7571781909190485,19.998636023810157,19.998636023810157,0.008014941215515136,1.0
3084,0.8034664200044872,13.904213120680945,13.904213120680945,0.00812985897064209,1.0
3085,0.5579132133843123,13.84272127729039,13.998467179442233,0.008186054229736329,0.9
3086,0.7562174114965662,15.748567462318729,15.748567462318729,0.007892394065856933,1.0
3087,0.7874059251953662,16.677317479531048,16.677317479531048,0.0074299097061157225,1.0
3088,0.7265042884010382,16.295282460654505,16.295282460654505,0.007405543327331543,1.0
3089,0.7638240847724839,16.014769003801593,16.014769003801593,0.007783937454223633,1.0
3090,0.7737969717731462,17.193044710968362,17.193044710968362,0.00837087631225586,1.0
3091,0.806598938631317,14.322997815437787,14.322997815437787,0.007905530929565429,1.0
3092,0.7372691062081876,16.411160068991936,16.411160068991936,0.007790875434875488,1.0
3093,0.7465210481847346,20.56147874583735,20.56147874583735,0.0076865673065185545,1.0
3094,0.7691323167643527,18.934026388586034,18.934026388586034,0.007663202285766601,1.0
3095,0.7507788275210248,12.41938913811153,12.41938913811153,0.007844281196594239,1.0
3096,0.7611416668885344,14.322669189288462,14.322669189288462,0.007974362373352051,1.0
3097,0.6141724271778174,15.848637213549225,15.921999085968379,0.007640719413757324,0.9
3098,0.7593162441461572,18.757423255772558,18.757423255772558,0.007517862319946289,1.0
3099,0.5944726801370739,19.621429989386062,18.27520000614211,0.007574319839477539,0.9
3100,0.7755444107155117,16.23776487659635,16.23776487659635,0.007682347297668457,1.0
3101,0.7468098567046055,18.31065138532837,18.31065138532837,0.007644367218017578,1.0
3102,0.7736991381168712,18.707840057459443,18.707840057459443,0.007955121994018554,1.0
3103,0.7706957296400416,18.92304951841414,18.92304951841414,0.00781097412109375,1.0
3104,0.7704508119655482,15.728740301918965,15.728740301918965,0.007795977592468262,1.0
3105,0.57342992570045,16.956588668233216,17.565266351409974,0.007809329032897949,0.9
3106,0.7409592768620212,17.424471989094094,17.424471989094094,0.007740902900695801,1.0
3107,0.806287505989461,16.24950921046019,16.24950921046019,0.00748600959777832,1.0
3108,0.7724615043112921,16.556745944134722,16.556745944134722,0.0076085090637207035,1.0
3109,0.796565680956162,12.803129941525603,12.803129941525603,0.007567954063415527,1.0
3110,0.7532483756483612,16.997472009568998,16.997472009568998,0.007963061332702637,1.0
3111,0.7542758205212139,17.529672056376118,17.529672056376118,0.007833743095397949,1.0
3112,0.7691890795957546,16.878138955673727,16.878138955673727,0.007761597633361816,1.0
3113,0.6165825957387794,19.273846858974146,20.28767424548376,0.007654428482055664,0.9
3114,0.7420599244848342,19.8347772253912,19.8347772253912,0.00751800537109375,1.0
3115,0.7258682957272002,20.484131132347585,20.484131132347585,0.0078011035919189455,1.0
3116,0.7507076052317393,16.5284493657914,16.5284493657914,0.007909798622131347,1.0
3117,0.7805560321599025,16.82073480732706,16.82073480732706,0.007762312889099121,1.0
3118,0.8005410841451676,17.399273644194587,17.399273644194587,0.007681465148925782,1.0
3119,0.7377538394790297,16.83767997132654,16.83767997132654,0.007534551620483399,1.0
3120,0.7698640614117871,18.17186360188373,18.17186360188373,0.007958602905273438,1.0
3121,0.7637140062153628,12.624735131774928,12.624735131774928,0.007880902290344239,1.0
3122,0.7963943398749117,13.59409780577749,13.59409780577749,0.007688307762145996,1.0
3123,0.8033841916278183,14.759038772481734,14.759038772481734,0.007666873931884766,1.0
3124,0.7537356668052595,15.387057902452748,15.387057902452748,0.00752410888671875,1.0
3125,0.7943414855451632,18.019227842664286,18.019227842664286,0.008021903038024903,1.0
3126,0.7654019138928662,14.755903991679451,14.755903991679451,0.007937335968017578,1.0
3127,0.6351491796075935,14.10264528781675,14.47093227812632,0.007847189903259277,0.9
3128,0.7447273174789639,11.70526347388969,11.70526347388969,0.0077109098434448246,1.0
3129,0.7619752896648588,15.766883519303624,15.766883519303624,0.007639932632446289,1.0
3130,0.7378148065401905,16.534631406081918,16.534631406081918,0.007791638374328613,1.0
3131,0.7390835020744597,19.36642059083313,19.36642059083313,0.007696294784545898,1.0
3132,0.7694192901677316,14.298681891161475,14.298681891161475,0.00804595947265625,1.0
3133,0.6090477012987823,19.648451771926762,20.499191515038635,0.007525348663330078,0.9
3134,0.4251964129106146,19.65070612089941,20.491060275804763,0.00771019458770752,0.8
3135,0.7464025543171732,18.162729074703712,18.162729074703712,0.007751965522766113,1.0
3136,0.80624063516501,14.561215839445126,14.561215839445126,0.007654356956481934,1.0
3137,0.7813899339855539,15.842374764297517,15.842374764297517,0.007447099685668946,1.0
3138,0.8150716038065415,17.440335127180653,17.440335127180653,0.00817732810974121,1.0
3139,0.7674223584641638,13.856836520118865,13.856836520118865,0.00804731845855713,1.0
3140,0.7690458294661107,14.109480752970379,14.109480752970379,0.0076485157012939455,1.0
3141,0.7974197931218578,14.230118197997566,14.230118197997566,0.007451200485229492,1.0
3142,0.7530674572364159,16.017086179275516,16.017086179275516,0.007429957389831543,1.0
3143,0.7481535838694839,13.951605217747566,13.951605217747566,0.007836532592773438,1.0
3144,0.7673202738186433,15.955146441420206,15.955146441420206,0.007806539535522461,1.0
3145,0.7485951820606146,18.560977550682804,18.560977550682804,0.007850742340087891,1.0
3146,0.7368178278942957,19.417258616106317,19.417258616106317,0.007951736450195312,1.0
3147,0.621754821013976,15.80836077452508,14.107260499034055,0.007659220695495605,0.9
3148,0.7539318724163551,16.68348285744119,16.68348285744119,0.007602024078369141,1.0
3149,0.7746671261144477,14.40088559679262,14.40088559679262,0.00775916576385498,1.0
3150,0.7712049759956053,13.796922513003874,13.796922513003874,0.008263182640075684,1.0
3151,0.7929238223787496,17.811618736635886,17.811618736635886,0.007935929298400878,1.0
3152,0.7790088583251594,21.056978111900214,21.056978111900214,0.007944154739379882,1.0
3153,0.806120168953932,14.04529787352655,14.04529787352655,0.0077877998352050785,1.0
3154,0.7640762840436659,14.10279905168748,14.10279905168748,0.007637405395507812,1.0
3155,0.7369654991238759,16.741614234885304,16.741614234885304,0.007747244834899902,1.0
3156,0.7897838189788298,14.60756049704635,14.60756049704635,0.008116722106933594,1.0
3157,0.7495361165652831,15.410644077284093,15.410644077284093,0.008108019828796387,1.0
3158,0.7581860169107256,16.57281859144215,16.57281859144215,0.007927966117858887,1.0
3159,0.8172309746901361,14.898384392134535,14.898384392134535,0.00751192569732666,1.0
3160,0.8004942691494857,14.385694577725292,14.385694577725292,0.007882928848266602,1.0
3161,0.7807969632615694,12.386480531207583,12.386480531207583,0.007624292373657226,1.0
3162,0.6176523018600917,14.627325186233193,14.955133049877183,0.007982373237609863,0.9
3163,0.7538204667548586,18.494865505487258,18.494865505487258,0.007611489295959473,1.0
3164,0.8034517798090881,17.314890648998535,17.314890648998535,0.007882118225097656,1.0
3165,0.7350774067607426,19.117241670272513,19.117241670272513,0.007567596435546875,1.0
3166,0.7700058892251291,18.49313997305209,18.49313997305209,0.00792069435119629,1.0
3167,0.7724319890421076,19.553119389167797,19.553119389167797,0.007515716552734375,1.0
3168,0.5617292448322357,20.85954333067881,18.7962459443688,0.007350015640258789,0.9
3169,0.7641363321929386,20.69958083289947,20.69958083289947,0.007458209991455078,1.0
3170,0.7572044801343268,16.393505762459736,16.393505762459736,0.007940578460693359,1.0
3171,0.8044247598157057,17.681346718061967,17.681346718061967,0.007835149765014648,1.0
3172,0.607561469421584,14.290003646789671,14.716090332364338,0.007898426055908203,0.9
3173,0.7718074298999107,16.946333590532458,16.946333590532458,0.007622385025024414,1.0
3174,0.7263445937608215,16.69517253367327,16.69517253367327,0.007547163963317871,1.0
3175,0.767526546051925,17.072833062316036,17.072833062316036,0.007592940330505371,1.0
3176,0.7838934277900254,12.705297306285063,12.705297306285063,0.007568001747131348,1.0
3177,0.7938822488814476,16.60497925605599,16.60497925605599,0.0077910184860229496,1.0
3178,0.625660869042361,16.337961650057956,16.840954813019408,0.007980608940124511,0.9
3179,0.8117029071890741,14.787495018371018,14.787495018371018,0.008064055442810058,1.0
3180,0.8076886124446518,17.963554159781246,17.963554159781246,0.008012938499450683,1.0
3181,0.7719463547840408,15.282399602467981,15.282399602467981,0.008042168617248536,1.0
3182,0.7744115560792626,16.837782470996054,16.837782470996054,0.00809946060180664,1.0
3183,0.756812456411148,16.17800615098174,16.17800615098174,0.007694244384765625,1.0
3184,0.8025518713395117,16.355953648180567,16.355953648180567,0.00793156623840332,1.0
3185,0.7778386086829492,12.605685122613034,12.605685122613034,0.00807032585144043,1.0
3186,0.7801303254392488,19.933094894117907,19.933094894117907,0.00778665542602539,1.0
3187,0.7699550580233041,17.19148275527005,17.19148275527005,0.007663869857788086,1.0
3188,0.7285857460154961,16.197732695005566,16.197732695005566,0.00775144100189209,1.0
3189,0.7673541688508235,17.33593929941254,17.33593929941254,0.007757854461669922,1.0
3190,0.7785810497748529,17.811596956907746,17.811596956907746,0.007910490036010742,1.0
3191,0.7719591275913471,16.39453663067196,16.39453663067196,0.007609748840332031,1.0
3192,0.7876190785505206,19.460379110879096,19.460379110879096,0.007626843452453613,1.0
3193,0.764939367106259,18.07070331077896,18.07070331077896,0.008251762390136719,1.0
3194,0.7540918831326051,16.442139689763415,16.442139689763415,0.007823848724365234,1.0
3195,0.7927967631001527,16.609150283617453,16.609150283617453,0.008055543899536133,1.0
3196,0.6177227978982334,13.083291832377094,11.164330405864735,0.007973051071166993,0.9
3197,0.6907250171865187,14.040352711629826,14.040352711629826,0.008318519592285157,1.0
3198,0.4300195117989774,18.3175413205351,19.514871966654002,0.007927942276000976,0.8
3199,0.7161419180836956,18.36385425083752,18.36385425083752,0.007938218116760255,1.0
3200,0.772694975682105,16.851099286950923,16.851099286950923,0.007777714729309082,1.0
3201,0.7570407292593002,11.721801231960828,11.721801231960828,0.007668542861938477,1.0
3202,0.7504849498957665,13.524001937736756,13.524001937736756,0.007853055000305175,1.0
3203,0.807257030444714,14.837784600734896,14.837784600734896,0.007570004463195801,1.0
3204,0.4745201229537056,17.31926149477478,17.98107216417054,0.007774662971496582,0.8
3205,0.7400736283640865,18.211751403816443,18.211751403816443,0.008232402801513671,1.0
3206,0.7409875761439839,18.19374313929169,18.19374313929169,0.007769346237182617,1.0
3207,0.8143339719249146,14.551831484246222,14.551831484246222,0.007792544364929199,1.0
3208,0.7871705319817678,17.040649394339525,17.040649394339525,0.007594609260559082,1.0
3209,0.8020965020270452,17.11081854472983,17.11081854472983,0.0076675891876220705,1.0
3210,0.6090074726693713,19.529233683188444,20.240203658204592,0.007687759399414062,0.9
3211,0.7423391270415343,16.496239248297197,16.496239248297197,0.008117198944091797,1.0
3212,0.5890957758887085,15.09664122417399,15.435271813723594,0.0077582597732543945,0.9
3213,0.7547684594163366,15.260846656722114,15.260846656722114,0.007681822776794434,1.0
3214,0.4446152212872839,18.446323272323617,20.202743551292205,0.007632899284362793,0.8
3215,0.7326423015645916,22.407312340301186,22.407312340301186,0.007486534118652344,1.0
3216,0.7141339721325437,16.271225260289565,16.271225260289565,0.007950139045715333,1.0
3217,0.8083778843839114,13.577870122490461,13.577870122490461,0.007886672019958496,1.0
3218,0.581494995021839,14.267133889716666,12.250801099581967,0.008234786987304687,0.9
3219,0.7750608138425604,17.888523952601084,17.888523952601084,0.00799405574798584,1.0
3220,0.7264471483580219,14.396577982400611,14.396577982400611,0.007936453819274903,1.0
3221,0.7445999076100314,15.530236843971547,15.530236843971547,0.007580685615539551,1.0
3222,0.720548302564039,16.038969578039683,16.038969578039683,0.0074862480163574215,1.0
3223,0.7667025814332701,17.99086986085827,17.99086986085827,0.0074515104293823246,1.0
3224,0.7209852774363059,13.802344478295586,13.802344478295586,0.007615375518798828,1.0
3225,0.8156116837969224,13.07134054860786,13.07134054860786,0.008029818534851074,1.0
3226,0.6221191482246773,17.13280782538061,17.566382798372157,0.008323597908020019,0.9
3227,0.7782429097082137,16.020625412616802,16.020625412616802,0.007861089706420899,1.0
3228,0.7496754153850962,17.487033253116813,17.487033253116813,0.007772636413574219,1.0
3229,0.7641760084801155,17.506564963777443,17.506564963777443,0.00767049789428711,1.0
3230,0.782950986454248,15.318536785280367,15.318536785280367,0.007311892509460449,1.0
3231,0.8108054237998209,18.568143665327216,18.568143665327216,0.0073650598526000975,1.0
3232,0.7593670320362897,17.229108444250965,17.229108444250965,0.007825279235839843,1.0
3233,0.645336452276112,16.07658965589787,16.60276471450876,0.00786905288696289,0.9
3234,0.761280621781281,13.019469917304354,13.019469917304354,0.007978200912475586,1.0
3235,0.756052426267219,19.578664882798346,19.578664882798346,0.008173704147338867,1.0
3236,0.7940360780191555,14.686029398598276,14.686029398598276,0.007647085189819336,1.0
3237,0.5989205642356701,20.344932394912366,21.088653014618167,0.00781242847442627,0.9
3238,0.7171837149157805,21.501458931593703,21.501458931593703,0.007694745063781738,1.0
3239,0.764693307125554,17.83690095392311,17.83690095392311,0.007100820541381836,1.0
3240,0.7607240270678637,14.53751351908572,14.53751351908572,0.007269549369812012,1.0
3241,0.7763640741306878,15.999629481536441,15.999629481536441,0.008229660987854003,1.0
3242,0.7908880833799513,18.236817243319134,18.236817243319134,0.007883262634277344,1.0
3243,0.7516577720719476,15.870928773716239,15.870928773716239,0.008200240135192872,1.0
3244,0.6396423042067501,17.177694298176547,17.673746670280252,0.007962942123413086,0.9
3245,0.634337497154881,15.097704320378245,15.041546388286198,0.007605600357055664,0.9
3246,0.5858665005891365,17.175898591684998,17.280452901079833,0.007531857490539551,0.9
3247,0.5846850631306331,16.000101012785944,16.522592749529732,0.007389354705810547,0.9
3248,0.7668983928576252,17.764322189397713,17.764322189397713,0.007572746276855469,1.0
3249,0.7729198502586057,15.374817051316196,15.374817051316196,0.007731032371520996,1.0
3250,0.7562572691947319,16.887561108807898,16.887561108807898,0.008073019981384277,1.0
3251,0.7226256511025235,15.825714253406474,15.825714253406474,0.008132433891296387,1.0
3252,0.5791103417287128,19.763931650823736,18.405593106623616,0.007889437675476074,0.9
3253,0.745199089536045,16.755777670082203,16.755777670082203,0.008022475242614745,1.0
3254,0.7566726639238766,19.400436253738803,19.400436253738803,0.007556819915771484,1.0
3255,0.7549955708760494,12.872408120778474,12.872408120778474,0.007702326774597168,1.0
3256,0.8072144410540675,13.8447009110488,13.8447009110488,0.007540750503540039,1.0
3257,0.7769233363569283,20.003836742084705,20.003836742084705,0.007582378387451172,1.0
3258,0.7513694547709786,15.620280501163492,15.620280501163492,0.007498884201049804,1.0
3259,0.7816498555265391,19.26298923340033,19.26298923340033,0.008380436897277832,1.0
3260,0.801355715462458,19.29715356320002,19.29715356320002,0.007831096649169922,1.0
3261,0.7795220720119123,16.385536240836018,16.385536240836018,0.008008360862731934,1.0
3262,0.775392428839671,19.383266884018703,19.383266884018703,0.007921051979064942,1.0
3263,0.7987370253062155,13.756722951699464,13.756722951699464,0.00738985538482666,1.0
3264,0.8108365041148538,15.729823370515348,15.729823370515348,0.00750730037689209,1.0
3265,0.7249634534825232,11.567444234651168,11.567444234651168,0.007719874382019043,1.0
3266,0.7499383112210518,18.13739823139057,18.13739823139057,0.007714486122131348,1.0
3267,0.6737733589660511,13.356346942751,13.173473410223076,0.008394813537597657,0.9
3268,0.7581598384646868,17.03396433497906,17.03396433497906,0.007770323753356933,1.0
3269,0.8105901289907871,13.796222951031453,13.796222951031453,0.007761144638061523,1.0
3270,0.6234478565753732,16.440967184283085,14.796003982444676,0.00777585506439209,0.9
3271,0.7753850663591586,15.281407780378208,15.281407780378208,0.007653713226318359,1.0
3272,0.7733775154747076,17.411633855481735,17.411633855481735,0.007813358306884765,1.0
3273,0.7806632562198719,20.33950823632116,20.33950823632116,0.007950854301452637,1.0
3274,0.730288221627074,19.987633217435267,19.987633217435267,0.0073623180389404295,1.0
3275,0.7524495575513235,17.024874187773456,17.024874187773456,0.0074833154678344725,1.0
3276,0.7720147523894348,15.02624457535623,15.02624457535623,0.007629513740539551,1.0
3277,0.7613553540244649,14.974271764753874,14.974271764753874,0.007869219779968262,1.0
3278,0.7379389488195223,11.339860752865677,11.339860752865677,0.007750940322875976,1.0
3279,0.6034341568647894,18.433437223000446,18.73188315560303,0.008204817771911621,0.9
3280,0.7935261220897984,15.145282682876944,15.145282682876944,0.007698702812194824,1.0
3281,0.757588144450707,19.93248008310566,19.93248008310566,0.007640838623046875,1.0
3282,0.7749741551823782,21.53238679210594,21.53238679210594,0.0075874805450439455,1.0
3283,0.7703799344917074,17.02203188448778,17.02203188448778,0.007507681846618652,1.0
3284,0.7405146639935742,15.352379197149526,15.352379197149526,0.007777523994445801,1.0
3285,0.7696454533939795,18.95220963552812,18.95220963552812,0.007967376708984375,1.0
3286,0.7472552471307792,19.20151031238705,19.20151031238705,0.008205223083496093,1.0
3287,0.7403452336401422,16.1235144986232,16.1235144986232,0.00771338939666748,1.0
3288,0.8177147180443448,18.75194966368371,18.75194966368371,0.008073234558105468,1.0
3289,0.72161070735706,19.905175086422787,19.905175086422787,0.007695960998535156,1.0
3290,0.7817489103683432,18.28394422932633,18.28394422932633,0.007931137084960937,1.0
3291,0.7905369563257216,15.188888119173402,15.188888119173402,0.007936835289001465,1.0
3292,0.7580909663697415,18.585807457038207,18.585807457038207,0.007869410514831542,1.0
3293,0.7864527897354223,13.228866159771993,13.228866159771993,0.00755767822265625,1.0
3294,0.781891465301929,17.26164937372375,17.26164937372375,0.0078105926513671875,1.0
3295,0.484453669134471,14.760343152039445,14.639093327921671,0.008199429512023926,0.8
3296,0.8016983784170776,20.339705569604625,20.339705569604625,0.007966732978820801,1.0
3297,0.7450312001306134,20.98267345494497,20.98267345494497,0.007916617393493652,1.0
3298,0.7561577372469465,20.697770688366358,20.697770688366358,0.00755605697631836,1.0
3299,0.7443071682895153,16.29110193304701,16.29110193304701,0.007422161102294922,1.0
3300,0.425689503744065,17.80374734428595,16.27617121494231,0.007810139656066894,0.8
3301,0.5946639114436243,19.736744708229125,18.321877468058148,0.00812835693359375,0.9
3302,0.7661985827818297,17.004900264848363,17.004900264848363,0.007951664924621581,1.0
3303,0.5892405071753007,17.74792827876405,18.008730675990833,0.007623910903930664,0.9
3304,0.7600154002295398,14.8501957977678,14.8501957977678,0.007703638076782227,1.0
3305,0.7284295851891887,20.082441369019268,20.082441369019268,0.007518768310546875,1.0
3306,0.7787050863203243,19.17725707462042,19.17725707462042,0.007963109016418456,1.0
3307,0.7494814255471152,14.929312559907142,14.929312559907142,0.007943415641784668,1.0
3308,0.5955675708096141,17.062618262129675,17.519557279085834,0.008255743980407714,0.9
3309,0.7433353762488398,15.641335673009939,15.641335673009939,0.007867217063903809,1.0
3310,0.7436871919852134,11.231662934593839,11.231662934593839,0.0077257871627807615,1.0
3311,0.7845967106623244,14.3080483701119,14.3080483701119,0.00750117301940918,1.0
3312,0.5871495929996154,11.550963962535693,11.543805560540964,0.007878661155700684,0.9
3313,0.6196551733651108,18.7398145216932,19.427410563330763,0.007889223098754884,0.9
3314,0.7420945044337957,16.29012031249587,16.29012031249587,0.007684159278869629,1.0
3315,0.6142378796175079,14.192285495030543,12.082309292981243,0.007689142227172851,0.9
3316,0.7335636613630627,19.166369502683317,19.166369502683317,0.0079115629196167,1.0
3317,0.7509900166637687,17.48139568449081,17.48139568449081,0.0075378894805908205,1.0
3318,0.6883892410461756,15.469936803632105,15.469936803632105,0.007935094833374023,1.0
3319,0.6942796698787445,16.55386322050962,16.55386322050962,0.007949137687683105,1.0
3320,0.726224843922772,12.972739430312728,12.972739430312728,0.007837200164794922,1.0
3321,0.7235232867232504,14.505567143716096,14.505567143716096,0.008044552803039551,1.0
3322,0.5501853917014793,19.732123505641063,20.636187320128503,0.007839059829711914,0.9
3323,0.6028689240065421,16.881017795853825,17.31072959290134,0.007516384124755859,0.9
3324,0.7333823253440492,15.611288090669737,15.611288090669737,0.007658457756042481,1.0
3325,0.7284550776839762,18.99768988106333,18.99768988106333,0.007784795761108398,1.0
3326,0.8041611855061255,13.54804189119059,13.54804189119059,0.008199548721313477,1.0
3327,0.7751534748452958,12.752582293126762,12.752582293126762,0.008299803733825684,1.0
3328,0.6020564308517422,16.827432362842124,17.235765837597974,0.0077958345413208004,0.9
3329,0.5936963993558838,16.218030132811148,16.283702603606788,0.007538747787475586,0.9
3330,0.7355863720398641,18.35472598594668,18.35472598594668,0.007717442512512207,1.0
3331,0.7309018499919292,17.86616551710713,17.86616551710713,0.007802200317382812,1.0
3332,0.7680093290677223,17.86475481553365,17.86475481553365,0.00792233943939209,1.0
3333,0.5664396727733474,19.53690513033174,20.104213849875396,0.007756876945495606,0.9
3334,0.7616267460982974,20.843370749714804,20.843370749714804,0.007558059692382812,1.0
3335,0.7813278777636258,20.350790811331425,20.350790811331425,0.007428503036499024,1.0
3336,0.772973385600338,18.33496349569356,18.33496349569356,0.0081251859664917,1.0
3337,0.7600977057910645,18.48172955799232,18.48172955799232,0.008180737495422363,1.0
3338,0.4764754567704971,17.265351890622348,18.582197217875578,0.008008503913879394,0.8
3339,0.40590422423868927,16.652197906113678,17.17367332331102,0.007686924934387207,0.8
3340,0.8048231534090844,18.68045882254932,18.68045882254932,0.007724237442016601,1.0
3341,0.798367839011648,13.989064173314603,13.989064173314603,0.007609772682189942,1.0
3342,0.7678459585739905,16.553191571184552,16.553191571184552,0.007627797126770019,1.0
3343,0.7664750139416625,18.992819439442734,18.992819439442734,0.007901763916015625,1.0
3344,0.776122646258006,23.63343478126434,23.63343478126434,0.007509112358093262,1.0
3345,0.7339984571475289,23.09071532155467,23.09071532155467,0.00784456729888916,1.0
3346,0.5825543864515508,21.097588152291827,22.07129749966536,0.007828807830810547,0.9
3347,0.6270046480653341,19.679043905790156,20.329858651484106,0.00793750286102295,0.9
3348,0.7425121158728112,16.343302721713506,16.343302721713506,0.0076601505279541016,1.0
3349,0.7292031678567906,15.529290017617715,15.529290017617715,0.007856106758117676,1.0
3350,0.7288882687933732,20.17846671080394,20.17846671080394,0.007568168640136719,1.0
3351,0.7544869342462545,14.975163388336949,14.975163388336949,0.00781869888305664,1.0
3352,0.7588839135532879,16.548497948834918,16.548497948834918,0.007823944091796875,1.0
3353,0.7576015545215732,15.465587218853665,15.465587218853665,0.007723855972290039,1.0
3354,0.7640957876146247,18.953454484512218,18.953454484512218,0.008064365386962891,1.0
3355,0.7537612032932747,20.1215876609758,20.1215876609758,0.007796573638916016,1.0
3356,0.7661164034673723,23.474075267914667,23.474075267914667,0.007587146759033203,1.0
3357,0.7521372666605639,20.604382890317222,20.604382890317222,0.007412862777709961,1.0
3358,0.8061978415519431,20.526160533550406,20.526160533550406,0.0074148416519165036,1.0
3359,0.746286265491211,16.471517478742093,16.471517478742093,0.007336068153381348,1.0
3360,0.7700654622441269,14.625990061801705,14.625990061801705,0.007696270942687988,1.0
3361,0.7525999706555238,16.06565919003826,16.06565919003826,0.00829784870147705,1.0
3362,0.7761506145391064,13.755206137586834,13.755206137586834,0.008245706558227539,1.0
3363,0.7587519142879946,14.72443122341345,14.72443122341345,0.007698822021484375,1.0
3364,0.7966051227232712,18.207849356803035,18.207849356803035,0.007467198371887207,1.0
3365,0.7612946318413762,18.299830601597527,18.299830601597527,0.007296156883239746,1.0
3366,0.6974377974522024,9.988923029904834,9.988923029904834,0.007493233680725098,1.0
3367,0.7338460808618923,17.57951857382991,17.57951857382991,0.007806754112243653,1.0
3368,0.7389333999221185,19.968004824309524,19.968004824309524,0.007740020751953125,1.0
3369,0.6236087742527232,20.2397886738729,18.833697536232,0.008066725730895997,0.9
3370,0.6103366356983219,21.264436677387863,20.15111987030577,0.007945990562438965,0.9
3371,0.7460342562696798,18.702055885893877,18.702055885893877,0.007815885543823241,1.0
3372,0.7604318739925818,20.14715123222891,20.14715123222891,0.0077435016632080075,1.0
3373,0.568984985201632,17.25065323041194,15.546110095559433,0.007723569869995117,0.9
3374,0.7700212019803108,17.249246764219812,17.249246764219812,0.007415246963500976,1.0
3375,0.6093567672995823,18.80747983485153,19.163456933698424,0.00771329402923584,0.9
3376,0.6202858990358233,21.225992577692622,22.435986369181634,0.007649040222167969,0.9
3377,0.7628157424382096,17.77344941427045,17.77344941427045,0.0077517986297607425,1.0
3378,0.6086859710210688,13.33325939921277,13.34603084675826,0.007782554626464844,0.9
3379,0.7321682727467003,18.61794030219066,18.61794030219066,0.007825899124145507,1.0
3380,0.6100426464739077,14.319669786259983,14.17050067028221,0.007689452171325684,0.9
3381,0.6937001141085184,21.364911883411,21.364911883411,0.007784843444824219,1.0
3382,0.7085555904026538,15.84105696314263,15.84105696314263,0.00743553638458252,1.0
3383,0.7773813113927523,16.45990923150942,16.45990923150942,0.008028078079223632,1.0
3384,0.7749266032585307,17.94542166872816,17.94542166872816,0.007760238647460937,1.0
3385,0.6597575404338316,15.242234453960233,13.021720167264474,0.007677388191223144,0.9
3386,0.7954365703662946,13.857998284759077,13.857998284759077,0.007692790031433106,1.0
3387,0.7006021322249257,13.994542140330822,13.994542140330822,0.007521915435791016,1.0
3388,0.7558682316314089,14.892576089996954,14.892576089996954,0.007799482345581055,1.0
3389,0.6287498983634151,12.774838037533945,12.941667776290014,0.007897353172302246,0.9
3390,0.7805869974885951,14.452113926979369,14.452113926979369,0.007794642448425293,1.0
3391,0.7443060772118322,17.15621574597497,17.15621574597497,0.008219504356384277,1.0
3392,0.7290186104580729,19.136572563561735,19.136572563561735,0.008319878578186035,1.0
3393,0.7806213847266592,21.26507340667903,21.26507340667903,0.007825255393981934,1.0
3394,0.6345691572880592,15.622969025406807,14.022688831919602,0.0075073719024658205,0.9
3395,0.7698803310610534,20.702062487226335,20.702062487226335,0.0072173595428466795,1.0
3396,0.7326931162857107,19.042228315679075,19.042228315679075,0.007508182525634765,1.0
3397,0.7265289752342483,13.51662528907895,13.51662528907895,0.007834696769714355,1.0
3398,0.6027246843607458,15.96754821968545,16.23940889425126,0.00785377025604248,0.9
3399,0.7708870299427192,17.042258220763696,17.042258220763696,0.008217358589172363,1.0
3400,0.7607567591657749,16.256662317765574,16.256662317765574,0.008103251457214355,1.0
3401,0.7587638756174873,17.700668517066354,17.700668517066354,0.007558512687683106,1.0
3402,0.728880528388691,18.14538553359796,18.14538553359796,0.007931256294250488,1.0
3403,0.599873650530679,19.400640048748738,17.60954965052574,0.0074795961380004885,0.9
3404,0.7719706338230392,19.32904423171529,19.32904423171529,0.007658600807189941,1.0
3405,0.766163338634422,19.98822573799245,19.98822573799245,0.007240939140319824,1.0
3406,0.7355318048727346,14.878864285054608,14.878864285054608,0.007283401489257812,1.0
3407,0.5965719497215038,16.27827934680126,16.48474416637465,0.007868409156799316,0.9
3408,0.7578623141345773,14.721424218099832,14.721424218099832,0.00794682502746582,1.0
3409,0.5931422838837743,14.894071341531614,14.673332383169996,0.007944679260253907,0.9
3410,0.74604551085658,16.679297597846716,16.679297597846716,0.008073854446411132,1.0
3411,0.7821606416823359,16.54735972849503,16.54735972849503,0.007634425163269043,1.0
3412,0.757622127799499,13.107459603830458,13.107459603830458,0.007274484634399414,1.0
3413,0.7906087678022479,16.788383249639363,16.788383249639363,0.007589292526245117,1.0
3414,0.7319154419146211,16.12990695810222,16.12990695810222,0.007433676719665527,1.0
3415,0.7846828216915296,16.597374709010886,16.597374709010886,0.007626843452453613,1.0
3416,0.7773153814758856,16.021608098198023,16.021608098198023,0.008327102661132813,1.0
3417,0.7451051131154711,15.392682540442062,15.392682540442062,0.008149099349975587,1.0
3418,0.766440666732686,14.269923041955758,14.269923041955758,0.0074978828430175785,1.0
3419,0.7498837797971778,17.483668679744635,17.483668679744635,0.007699131965637207,1.0
3420,0.6966190489635403,20.641992239471204,20.641992239471204,0.007262825965881348,1.0
3421,0.7218501273334833,16.850120987521382,16.850120987521382,0.007775354385375977,1.0
3422,0.7473732316842083,17.206954091876042,17.206954091876042,0.00787506103515625,1.0
3423,0.7650999849458143,21.837123274420048,21.837123274420048,0.00786440372467041,1.0
3424,0.43689558059334893,23.6223888423208,24.123847743504914,0.007794237136840821,0.8
3425,0.6102365790605282,20.483676291959235,21.061666564845638,0.0082902193069458,0.9
3426,0.7163187069670103,22.620048625377983,22.620048625377983,0.007631540298461914,1.0
3427,0.7632881653767046,18.897604378240963,18.897604378240963,0.008020949363708497,1.0
3428,0.7670402443825048,19.76202386788143,19.76202386788143,0.007519936561584473,1.0
3429,0.5854513799893815,15.496994504627366,15.923974975907221,0.007406210899353028,0.9
3430,0.6019699384057995,19.56227551434204,20.049182380800477,0.00776524543762207,0.9
3431,0.6337626232680612,16.569231416880562,16.86005887028962,0.007825469970703125,0.9
3432,0.5880795058382787,17.242080478554147,17.613187397750483,0.00778205394744873,0.9
3433,0.7886247369709343,15.273121372436188,15.273121372436188,0.008260726928710938,1.0
3434,0.585222653353384,14.931059391503132,15.21531743642754,0.008232426643371583,0.9
3435,0.5893364892124044,18.83173351540028,19.784719981658583,0.00769510269165039,0.9
3436,0.7444698663415545,20.250934203930797,20.250934203930797,0.0075836181640625,1.0
3437,0.7591021793755267,16.9904155754272,16.9904155754272,0.007684326171875,1.0
3438,0.760361341113203,13.406979786732805,13.406979786732805,0.007126379013061524,1.0
3439,0.7770321232122217,17.74538821791666,17.74538821791666,0.007812142372131348,1.0
3440,0.6357432452430525,16.592172793745274,15.096450248721323,0.007833290100097656,0.9
3441,0.7682815704982082,20.832732456884507,20.832732456884507,0.008265352249145508,1.0
3442,0.7845271108592655,20.380005175873613,20.380005175873613,0.008166098594665527,1.0
3443,0.7862182854159865,16.47589572596242,16.47589572596242,0.00816671848297119,1.0
3444,0.7431102737438183,17.43931980049799,17.43931980049799,0.007821798324584961,1.0
3445,0.6441303462247655,14.436070913453042,14.820793604984244,0.007629680633544922,0.9
3446,0.7738991708105647,16.852747902601106,16.852747902601106,0.007325005531311035,1.0
3447,0.7879937499605925,15.183634401248536,15.183634401248536,0.007446813583374024,1.0
3448,0.7743359498642335,16.749993297519485,16.749993297519485,0.0076964378356933595,1.0
3449,0.7457112917192453,13.721264929424859,13.721264929424859,0.00786750316619873,1.0
3450,0.7504261712759275,14.51737143424614,14.51737143424614,0.008133530616760254,1.0
3451,0.775098696277184,16.097545615059534,16.097545615059534,0.00783541202545166,1.0
3452,0.6477206526779231,17.42015253309416,18.09785760404645,0.007878923416137695,0.9
3453,0.7842323733131324,18.606092037485293,18.606092037485293,0.007751941680908203,1.0
3454,0.764296934331306,19.423431951210866,19.423431951210866,0.007674121856689453,1.0
3455,0.7690820316161577,20.944220818223585,20.944220818223585,0.007448387145996094,1.0
3456,0.7419545985115957,13.636537667296455,13.636537667296455,0.007574343681335449,1.0
3457,0.7418026865449213,16.82918992536469,16.82918992536469,0.007819056510925293,1.0
3458,0.6195973348775439,15.971530670914131,16.049198458096555,0.007784485816955566,0.9
3459,0.5920746932627167,16.173354187784717,15.575258352364516,0.007846832275390625,0.9
3460,0.7613522464362663,19.048659222639813,19.048659222639813,0.00795278549194336,1.0
3461,0.7882434495988007,16.433399676241716,16.433399676241716,0.007656979560852051,1.0
3462,0.7831162338538937,15.770873136619254,15.770873136619254,0.0076561450958251955,1.0
3463,0.7880778386372607,15.88751766069529,15.88751766069529,0.007538700103759765,1.0
3464,0.6240644113439847,15.540820133468534,15.801240962820831,0.007674646377563476,0.9
3465,0.7223436119759573,16.555856879265228,16.555856879265228,0.007439351081848145,1.0
3466,0.7594887823275123,13.07148318537765,13.07148318537765,0.007975459098815918,1.0
3467,0.5946301982286525,15.599163705079315,16.16478335610572,0.007911872863769532,0.9
3468,0.6030961280764678,20.980944841798685,21.579719796098725,0.007851529121398925,0.9
3469,0.617722559817804,16.043079982550964,16.412216153514464,0.008119940757751465,0.9
3470,0.6256925822314222,17.560424210336315,18.199940681200577,0.007885980606079101,0.9
3471,0.7888522459538174,15.805144610858596,15.805144610858596,0.00727846622467041,1.0
3472,0.607817402960446,18.115509535103723,18.890350314298157,0.007421088218688965,0.9
3473,0.72161364710427,16.24685345252463,16.24685345252463,0.0077423095703125,1.0
3474,0.7838591331919794,17.95747536122714,17.95747536122714,0.007834458351135254,1.0
3475,0.7706126222748468,18.40633908198257,18.40633908198257,0.008157682418823243,1.0
3476,0.7668522189104168,15.14469491942521,15.14469491942521,0.007954025268554687,1.0
3477,0.7106040217976284,21.48920263767391,21.48920263767391,0.008093452453613282,1.0
3478,0.7626597016063854,15.515913375318874,15.515913375318874,0.007722902297973633,1.0
3479,0.796013564637774,16.19457599144446,16.19457599144446,0.0075062990188598635,1.0
3480,0.7761170326093668,16.572776674267416,16.572776674267416,0.007276129722595215,1.0
3481,0.7781290647663388,16.355416707395033,16.355416707395033,0.007703304290771484,1.0
3482,0.7472687972645304,14.47907256242111,14.47907256242111,0.007938289642333984,1.0
3483,0.46620268193006165,15.401573732986943,16.350096468900027,0.008144402503967285,0.8
3484,0.7356506589014057,12.670637978780011,12.670637978780011,0.008039450645446778,1.0
3485,0.7100336393497593,16.981871412039876,16.981871412039876,0.00771489143371582,1.0
3486,0.7429305981199249,18.7926994820037,18.7926994820037,0.007359504699707031,1.0
3487,0.5879612554765973,12.840602854291486,12.792664440022781,0.007663321495056152,0.9
3488,0.7416271462054973,17.385336913009674,17.385336913009674,0.007833504676818847,1.0
3489,0.5857338473703575,16.912785649685162,17.31048106756705,0.007467198371887207,0.9
3490,0.7502283323449249,14.877162002086692,14.877162002086692,0.008103370666503906,1.0
3491,0.7572735317257371,15.940947661658441,15.940947661658441,0.007627248764038086,1.0
3492,0.7496976806488288,16.85582288181586,16.85582288181586,0.007831263542175292,1.0
3493,0.7265906263744121,12.890549194729843,12.890549194729843,0.007704019546508789,1.0
3494,0.607556104691729,11.050486775913305,10.998346937401571,0.008094286918640137,0.9
3495,0.794892303593128,15.710663162101497,15.710663162101497,0.007591819763183594,1.0
3496,0.6138559187426731,14.536548807011973,14.32865391217981,0.007645034790039062,0.9
3497,0.7563932844489829,22.07013428333766,22.07013428333766,0.007792353630065918,1.0
3498,0.7277117111987389,16.73811992809438,16.73811992809438,0.007960343360900879,1.0
3499,0.7019018109017622,14.639101159361996,14.639101159361996,0.007926678657531739,1.0
3500,0.7434896248993326,14.598676966552295,14.598676966552295,0.00781857967376709,1.0
3501,0.7722963098560436,13.411192461985374,13.411192461985374,0.007682037353515625,1.0
3502,0.7671725985659845,14.772698182827563,14.772698182827563,0.00760042667388916,1.0
3503,0.7337154913120428,15.936200812729883,15.936200812729883,0.007639861106872559,1.0
3504,0.7775783070190728,15.795435973724262,15.795435973724262,0.0076252460479736325,1.0
3505,0.7669931860643691,18.362276092259943,18.362276092259943,0.007444024085998535,1.0
3506,0.48862237137732906,15.761216181933975,16.92208402226614,0.00796351432800293,0.8
3507,0.7395400938313771,17.203178233536896,17.203178233536896,0.008138632774353028,1.0
3508,0.5783379997008956,17.05547722378932,15.275641535643208,0.00808861255645752,0.9
3509,0.6698777435013538,16.57784759612908,17.207969650295368,0.0077970027923583984,0.9
3510,0.7342960192009932,21.91688189535453,21.91688189535453,0.007930731773376465,1.0
3511,0.7398232216615025,21.264261023250597,21.264261023250597,0.007732105255126953,1.0
3512,0.7042127703732632,20.59048983574302,20.59048983574302,0.007541346549987793,1.0
3513,0.7216501650138119,16.19330542237049,16.19330542237049,0.007809734344482422,1.0
3514,0.5569077927764582,17.941773095678464,17.934705064588833,0.007609033584594726,0.9
3515,0.7284129414683028,19.649185130000923,19.649185130000923,0.00768280029296875,1.0
3516,0.7305046804271201,14.904766486754875,14.904766486754875,0.007899928092956542,1.0
3517,0.7356073385846982,16.040990398847725,16.040990398847725,0.007742834091186523,1.0
3518,0.7392722473937623,16.314024170714596,16.314024170714596,0.007787823677062988,1.0
3519,0.7444844175961879,17.940897673070047,17.940897673070047,0.008143901824951172,1.0
3520,0.7144308553572069,19.11919074285269,19.11919074285269,0.007800483703613281,1.0
3521,0.747342856262508,15.376563112539563,15.376563112539563,0.007383370399475097,1.0
