request_idx,reward,latency_all,latency_success,processing_time,success
30,0.7374810255268249,17.653022010886836,17.49151113233999,0.012779033184051514,0.95
31,0.632524908218018,17.693339207140014,17.866906684903075,0.012654423713684082,0.9
32,0.6428152298775541,18.834111730438586,19.22977694326576,0.012804138660430908,0.9
33,0.7742243111278215,20.24236302700863,20.24236302700863,0.012733161449432373,1.0
34,0.6709236931685789,18.228660404801843,17.518445225470497,0.012762355804443359,0.9
35,0.8146619597407199,18.79817217323328,18.79817217323328,0.013064146041870117,1.0
36,0.6250573182609288,18.057562348640197,18.11436941723408,0.01256471872329712,0.9
37,0.5601045699897856,17.484502839962502,17.354287344221998,0.013264608383178712,0.85
38,0.7234493885802553,20.82350701895739,20.792080686897037,0.012923324108123779,0.95
39,0.674145281461313,17.828389159307257,17.80932142359474,0.012640738487243652,0.9
40,0.6982714394132028,17.497263289722742,17.610911206444303,0.013165485858917237,0.95
41,0.7154562242018485,20.84793166101261,20.911497984618574,0.013006746768951416,0.95
42,0.7978763242620474,19.72069317259056,19.72069317259056,0.012759697437286378,1.0
43,0.5060571348530909,21.390533768714203,22.525506026771918,0.012739670276641846,0.85
44,0.6159419928565265,21.78414065409419,22.14973730741609,0.012533342838287354,0.9
45,0.7814305320068529,21.395140823714353,21.395140823714353,0.01286066770553589,1.0
46,0.5578694018381964,17.381890440877154,17.88694647953978,0.012975561618804931,0.85
47,0.24619383905015493,18.33158606433241,20.414772966681944,0.01312180757522583,0.65
48,0.7949610282105881,16.900484735313036,16.900484735313036,0.01284419298171997,1.0
49,0.7188676767835898,18.89009056826523,19.023803011431394,0.01259070634841919,0.95
50,0.6033909766425523,22.069203872954944,22.43268828991607,0.012996149063110352,0.9
51,0.7262275084102984,21.972712041402406,21.992629093108548,0.012913811206817626,0.95
52,0.5811156244168875,22.68238297643945,21.441635683948224,0.012807464599609375,0.9
53,0.5356046226959507,21.632732090489895,21.319657362635432,0.01260988712310791,0.85
54,0.40258395075068,20.60174508558043,21.132033081447965,0.012662601470947266,0.75
55,0.8006386407627726,17.444939669689813,17.444939669689813,0.013010263442993164,1.0
56,0.703311822716014,19.71737500350187,19.047324840039096,0.013068199157714844,0.95
57,0.4400191651863644,18.366192167932706,18.288890405289735,0.012644171714782715,0.8
58,0.5267896725384974,22.782458314208867,18.852365974506913,0.012683725357055664,0.85
59,0.4529198032612508,18.74510325310683,19.607790671157577,0.01288851499557495,0.8
60,0.5080667028617183,20.604560509506193,21.468756715032615,0.012652957439422607,0.85
61,0.5187592007482897,30.65237148590789,33.92505178391231,0.012887394428253174,0.85
62,0.5335751911016918,21.621693155661646,20.18146523346714,0.012772536277770996,0.85
63,0.2248943281603765,41.991522705685114,23.842102322775197,0.012750709056854248,0.7
64,-0.032986959718561346,43.58427634769431,21.051722801640423,0.012647485733032227,0.55
65,0.6503544846986571,34.74594028878436,30.71995932835991,0.012745893001556397,0.95
66,0.2677866492782917,43.80193392005257,26.230468994194144,0.012447488307952882,0.75
67,0.4883219019438184,35.482888030868324,33.313410195989704,0.012785899639129638,0.85
68,0.29804585764826186,41.151798306538616,29.773672855615985,0.012663936614990235,0.75
69,0.3543213278820093,51.333120535230265,36.23749934286524,0.012200284004211425,0.8
70,0.25490822045790423,52.17878058764421,31.53664883876737,0.012830328941345216,0.75
71,0.05727882303803753,57.18988782181717,48.90743909655672,0.012832534313201905,0.65
72,0.2525692307081064,45.08191387258863,28.700357583449673,0.01276942491531372,0.75
73,0.022678654582863805,49.254107238413994,30.79442612294022,0.012720847129821777,0.6
74,0.050173089551022565,64.72920378407558,38.728339310673114,0.012745535373687744,0.65
75,0.27312153781272286,44.42646379911956,21.980674528677255,0.01278831958770752,0.75
76,0.24241163511445132,51.93141659788016,38.37827507740498,0.01260765790939331,0.75
77,0.026508260265619386,71.38345708140214,56.277951510945336,0.012972891330718994,0.65
78,0.05989094313410148,63.614108775439,36.88670850383487,0.01260979175567627,0.65
79,-0.012131809111274223,60.13814561616547,51.064383108428906,0.01259530782699585,0.6
80,-0.2595659978640764,84.71834793730962,62.86046229559586,0.012688934803009033,0.5
81,0.15944516777793777,51.129385129852444,23.067924229271306,0.01242450475692749,0.7
82,0.15455927891713112,50.625857401682474,30.957393871765067,0.012628448009490967,0.7
83,0.12531390530935582,70.29899054036716,57.823785343657484,0.012752509117126465,0.7
84,0.19661388360076834,50.511845398679576,24.791371192014793,0.012827837467193603,0.7
85,-0.06008739485275616,70.48047754956382,50.30562243498961,0.012919235229492187,0.6
86,0.03864761461693729,71.05642556921065,55.09234338109574,0.0128745436668396,0.65
87,-0.1267479197583019,70.18874834924695,52.20802019128948,0.012417197227478027,0.55
88,0.3201893587608927,61.10046640918828,60.36917384339513,0.013026785850524903,0.8
89,0.4025245269164211,55.487685700299835,45.08527956837429,0.012797319889068603,0.85
90,0.1196325768464201,55.824984855778915,47.87894280259051,0.012641513347625732,0.65
91,0.2932070728301238,65.6224943658426,52.338137065176774,0.013275825977325439,0.8
92,0.02597225493010047,67.87555169344523,43.928385821598184,0.012493777275085449,0.65
93,-0.08725276687580483,53.843383525485464,21.543085025916493,0.01272585391998291,0.55
94,-0.10296745801096012,64.8461445279343,51.880376465235145,0.012644779682159425,0.55
95,0.044893272859772786,64.99964686665587,39.532086177872095,0.012628984451293946,0.65
96,0.22012764353167866,65.66869925549808,54.16763602771784,0.012913775444030762,0.75
97,0.12579618909765486,50.50682078222616,31.783968573065557,0.012740683555603028,0.65
98,-0.20069510503174653,65.18356873457058,35.57950929803509,0.01282278299331665,0.5
99,0.10785918101226674,51.55482941453032,26.49675684509926,0.012645184993743896,0.65
100,-0.029571624832986764,70.56093823825653,49.04367686129654,0.013015043735504151,0.6
101,-0.14225201351172595,70.91067585672958,53.84157634616486,0.012854385375976562,0.55
102,-0.05645487220506451,54.2862582105294,33.45079632440046,0.012557470798492431,0.55
103,0.029311261996152627,47.367437947410615,19.6101766595271,0.012744247913360596,0.6
104,0.05461003665027051,58.15866157162161,36.956062693551374,0.013137054443359376,0.65
105,0.42116676568238975,48.870371324653725,43.95778150796439,0.012706923484802245,0.85
106,0.21065823468260003,49.22801395397086,28.351661502815034,0.013057148456573487,0.7
107,0.25497033948991554,80.51210937446237,72.57857385141551,0.012575507164001465,0.8
108,0.23566534029436018,45.947385300095,24.544005418329196,0.012625443935394286,0.7
109,0.19420279215504008,44.09293047672159,14.987899816257194,0.012623441219329835,0.7
110,0.3093731088337687,41.581699314250585,31.661054867564612,0.01273583173751831,0.75
111,0.2859563034588602,44.97419558579587,21.529630018074428,0.012898850440979003,0.75
112,0.23044478795251236,61.527007145098175,43.600199214966345,0.012862944602966308,0.75
113,0.33461842227295735,55.26527926643031,40.506949218779525,0.01258523464202881,0.8
114,0.018680667443112885,59.91828165835684,40.35547518550852,0.012698197364807129,0.6
115,0.07854970571056422,60.31910781733171,45.453522382854516,0.012838602066040039,0.65
116,0.5616463851167327,29.960945440183593,20.159850896658465,0.013075268268585205,0.9
117,0.5267128704133358,46.74624030365794,44.02142989039225,0.012639987468719482,0.9
118,0.19361995229621648,51.17887000261926,32.18234101792523,0.012811422348022461,0.7
119,0.1391496752921761,60.873854074444274,37.78848389282127,0.012847709655761718,0.7
120,0.11543850083729687,49.849802835972824,16.024564854994,0.012938201427459717,0.65
121,0.2779826042213742,49.34410086825613,28.726036488142523,0.012660586833953857,0.75
122,0.08440578835765904,55.09926183165807,29.919869664815913,0.012501144409179687,0.65
123,0.5017743652071355,47.93504603992848,39.97131654160545,0.012867975234985351,0.9
124,0.21015428382429385,47.42845954058323,19.099965180653008,0.012768197059631347,0.7
125,0.19704926196650743,50.92490156960968,38.14601687850084,0.012894356250762939,0.7
126,0.4641471600786353,45.62938296927385,34.28132409135824,0.012670385837554931,0.85
127,0.011722814480081573,60.75238232257442,41.8397612915478,0.012570714950561524,0.6
128,0.4585084730330367,55.64057651628633,48.98521870694734,0.013149666786193847,0.9
129,0.21725392500769444,41.099520928648666,37.38148287225835,0.012820911407470704,0.7
130,0.113388520475595,47.49521732083009,26.084373431237456,0.012604951858520508,0.65
131,-0.18968286888849928,86.43985966862545,64.07449374092351,0.012778007984161377,0.55
132,0.010090582185616093,63.962105431623016,36.92011162008426,0.012653374671936035,0.65
133,-0.2735860862690405,68.70317577142889,36.141210591028134,0.012532079219818115,0.45
134,0.2617847482847724,48.10079956667024,26.19298459761503,0.012643694877624512,0.75
135,0.30143374282532026,45.55149739748835,36.021907955143504,0.012541234493255615,0.75
136,0.25151082336874364,56.51042554765223,44.65062030981236,0.013097584247589111,0.75
137,0.3230994514946957,50.09780225527592,33.86063090256689,0.0132035493850708,0.8
138,0.40733527169714223,33.38422014931179,25.626161140870927,0.01270540952682495,0.8
139,-0.08142515851600798,68.24784238937757,36.865552732861936,0.01304692029953003,0.6
140,0.07380353886395999,59.799620844667935,39.06473779702816,0.012963616847991943,0.65
141,0.28995128075175536,42.263057723961786,24.37215659757428,0.012991189956665039,0.75
142,0.5142259453546864,47.17282949378179,39.58418992020793,0.013184022903442384,0.9
143,0.09243927832054807,52.316613038047,33.10333487729211,0.013403177261352539,0.65
144,0.11663733026151975,67.41666454519375,60.59594955031258,0.012834310531616211,0.7
145,0.22887725631264194,56.36629931667418,50.667364127977955,0.012773418426513672,0.75
146,0.3345753497762558,42.75472516112733,37.155665068542895,0.01273190975189209,0.8
147,0.20630719700313,61.35602587148004,50.15162551688203,0.012857842445373534,0.75
148,0.158948098889994,55.57272549840782,37.74109958116139,0.012923657894134521,0.7
149,0.04244627478950889,47.054171803826094,18.35690322291164,0.01295844316482544,0.6
150,-0.214698764844222,66.20047633244334,27.241161280514795,0.0130029559135437,0.5
151,0.13889753237284735,66.00872628751522,46.12694158120958,0.012626779079437257,0.7
152,0.23981891693828872,51.09936277997534,42.90941470522611,0.013540363311767578,0.75
153,0.10990921317809588,45.78077214805274,24.061255201106444,0.012642478942871094,0.65
154,0.34349295589047774,55.86594807873554,47.54144055742826,0.013053584098815917,0.8
155,0.02199901631581731,49.2500349776526,31.131487229379516,0.013015174865722656,0.6
156,0.24149461371784714,55.65555007911901,49.00356880620027,0.01285250186920166,0.75
157,0.26753095730408627,41.69337075625636,30.788012030322157,0.012869620323181152,0.75
158,0.23860335507568092,57.34702523705746,58.034559903692845,0.012867963314056397,0.75
159,0.04576837156255649,67.02956485689667,62.76115822624759,0.013403177261352539,0.65
160,0.10161700228897774,46.19557343878179,23.533402735916738,0.013033139705657958,0.65
161,0.3402941239647272,48.84118841839521,32.13189703309335,0.013248753547668458,0.8
162,0.2841218109432816,64.3160187190279,63.84832165027598,0.013062548637390137,0.8
163,0.3798257157025397,46.278711667516696,48.329713324497995,0.013678741455078126,0.8
164,0.26985074935207737,41.392281659252525,29.154021403576806,0.012848126888275146,0.75
165,0.34765120902420504,57.598089822376394,43.187873695909374,0.012701451778411865,0.8
166,0.24472951309004184,47.80484145311765,26.142374823031425,0.012864387035369873,0.75
167,0.055366021892621534,65.26908166876908,54.50078040944221,0.012966799736022949,0.65
168,0.013835087626044318,75.17334654604406,54.72077201964156,0.012760472297668458,0.65
169,-0.03248302562917128,58.796318401658084,31.04110526987118,0.012973272800445556,0.6
170,0.18794699351047656,49.39581757739428,23.138481674121113,0.013502490520477296,0.7
171,0.16048204998756338,60.8420786058975,45.87225299443352,0.013212347030639648,0.7
172,-0.15835311656280657,56.37309479610226,26.454421988377145,0.012280917167663575,0.5
173,-0.16269524826150442,52.77335905955192,16.470638698708644,0.012773990631103516,0.5
174,0.1704690203114422,43.142249795474214,27.098859584843805,0.012769162654876709,0.7
175,-0.0058520663758301564,57.26972242400641,35.012362039206515,0.012830126285552978,0.6
176,-0.3331662223007865,83.17562738358933,57.19462664291167,0.012820684909820556,0.45
177,-0.07522750842008026,60.100530009578065,42.97210168202534,0.012713003158569335,0.55
178,-0.029116202723174132,56.39557742518501,35.160532480854975,0.012634646892547608,0.6
179,0.12208013398388266,70.05813321387762,51.5009594907598,0.012647736072540283,0.7
180,-0.04969280602782901,76.54343265535087,58.71695960410681,0.01269005537033081,0.6
181,0.29885830745515446,61.47617103789986,47.376315770742025,0.012934243679046631,0.8
182,-0.040924275282138475,65.62815669323506,40.03687032243756,0.013167071342468261,0.6
183,0.055948748658636596,65.11143569158965,37.93389638348064,0.012966156005859375,0.65
184,-0.05235950758826123,68.83312746776808,55.821203836361754,0.013013339042663575,0.6
185,0.17559382832300963,50.02993562959496,30.33987048226706,0.012395250797271728,0.7
186,-0.07564299447758002,54.231826330703015,32.3190566853117,0.012890183925628662,0.55
187,0.052824945895600696,64.61908419082597,38.43707200646887,0.012869644165039062,0.65
188,0.11622419081429396,49.66333720193965,38.53967489676298,0.013028931617736817,0.65
189,-0.5420041044451128,73.86758583412279,46.26343542842074,0.01295703649520874,0.3
190,0.02028084034368686,70.95670908591346,45.564071855685825,0.012927007675170899,0.65
191,-0.08762601653781588,61.05351649079008,25.24475340002311,0.012869560718536377,0.55
192,-0.2816810475309121,69.95412815250813,49.77100197640933,0.01349809169769287,0.45
193,0.19144971629184512,69.55882759595929,54.51540932437771,0.013037014007568359,0.75
194,0.14669963316835982,58.78412482778649,43.1838097569973,0.013065671920776368,0.7
195,-0.010957892615540787,55.883810915528144,32.82920594768503,0.012838709354400634,0.6
196,-0.08185022471980789,59.24502390039246,42.88569872521363,0.013149011135101318,0.55
197,0.172803997688528,54.05590117555008,27.973096136866378,0.013342130184173583,0.7
198,-0.14478989392134672,69.65064723381634,33.025741712607676,0.013160061836242676,0.55
199,0.08186527121804442,62.2901387070401,42.452184279957194,0.013153362274169921,0.65
200,0.0617157814077451,61.51091529035673,31.494923719551533,0.01317441463470459,0.65
201,-0.26742822693103374,63.04712771549718,11.052511798735411,0.013048946857452393,0.45
202,-0.2152350196154099,67.62821780498567,40.37500162845426,0.013221728801727294,0.5
203,0.3454448710215131,47.9059968375076,37.634943057699644,0.013148295879364013,0.8
204,0.11153429258589846,64.84114829710407,44.76668677983867,0.012758517265319824,0.7
205,0.3309312157372126,56.69019687232323,42.37680678049148,0.01300901174545288,0.8
206,-0.06857432896509644,75.31303022037052,50.067432644718245,0.01329798698425293,0.6
207,0.24121224268237446,50.29669260985429,28.643278425625276,0.013108110427856446,0.75
208,0.20812269692783952,66.38101633292102,50.61353551189106,0.013015234470367431,0.75
209,0.016782678392219346,57.636607112702755,44.865746578595385,0.012874305248260498,0.6
210,0.16165483554245702,54.953608986355405,37.33649416095983,0.01297290325164795,0.7
211,0.21045730166797605,58.9842124121527,40.54975863855748,0.012942838668823241,0.75
212,0.22724462256213954,59.53589369882114,42.25371354215822,0.012885940074920655,0.75
213,0.3231585797898436,54.833000518262075,39.749141823943965,0.012910866737365722,0.8
214,-0.10735228254609978,65.48518849567324,52.57489971666507,0.012913942337036133,0.55
215,0.30092002887093994,63.535814163300344,51.12551921853006,0.012894487380981446,0.8
216,0.10638490262494964,50.05842913722827,31.192877361916366,0.0129280686378479,0.65
217,0.07368289363327858,63.899857462407326,52.31781873681178,0.013230156898498536,0.65
218,0.3140679460799754,58.970836039523476,45.77382108797279,0.01279745101928711,0.8
219,0.42269399336809277,55.53747781608553,50.80299433869887,0.012984144687652587,0.85
220,0.11097113344890483,44.59801093111578,23.16954250817181,0.012768638134002686,0.65
221,0.37507968696318367,34.9174645850161,20.7186500453832,0.012665820121765137,0.8
222,0.260386173083934,46.31319921733071,30.312509238678505,0.012887489795684815,0.75
223,0.36930458101500435,44.6961965409889,27.67273769118204,0.012913787364959716,0.8
224,0.16092845166241748,50.95063329513558,37.637680967363465,0.013006460666656495,0.7
225,0.38223453704849314,40.58123513346263,27.39301663958682,0.012959587574005126,0.8
226,0.08228743128907987,54.13084397979658,20.67781675682185,0.012880027294158936,0.65
227,0.002537709044360864,35.27255818221978,16.23927995788746,0.012870800495147706,0.55
228,0.33993329489551966,49.92828789540444,34.96557258189961,0.012869954109191895,0.8
229,0.24209457900028025,54.959561202959435,34.89917797611873,0.012838792800903321,0.75
230,0.3240215733765926,36.16443709127354,29.9554356024432,0.012714719772338868,0.75
231,0.1013838757509922,51.0525225942844,24.34241760062877,0.012988996505737305,0.65
232,0.18147235604562004,48.95059144184131,26.938074032881428,0.012742435932159424,0.7
233,0.09569220488245181,50.51224683174452,30.492897991117143,0.012812626361846925,0.65
234,0.24166595414094635,28.784939631157442,13.087550178401525,0.01298292875289917,0.7
235,0.5728022227723671,35.51667056738301,26.769208130769023,0.012858939170837403,0.9
236,0.3730881624327023,46.659600655753984,30.213874737602886,0.0129547119140625,0.8
237,-0.07752543274565382,53.949532878159324,21.726753138593565,0.012895548343658447,0.55
238,0.46531318335643024,41.94325809775835,35.214669095460174,0.012818408012390137,0.85
239,0.38350665406410134,35.98098748298904,23.087041844692596,0.012544262409210204,0.8
240,0.15965682126163777,57.8263435930606,47.34794396916487,0.01289992332458496,0.7
241,0.37225658212383245,46.8602855228249,42.45808014274826,0.013229155540466308,0.8
242,0.3968717754019436,40.97489858449945,33.94558628242687,0.01263101100921631,0.8
243,0.20678161097870396,49.29483119437417,21.992123139231733,0.013340699672698974,0.7
244,0.10591762050709361,72.91714245899564,54.92908015569592,0.013279521465301513,0.7
245,0.4615556164015245,62.44317106894431,56.63981222359449,0.012845849990844727,0.9
246,0.49012939669993527,32.61639989001168,22.944025885886617,0.012482833862304688,0.85
247,0.33434528591666834,52.360035959326375,36.30292843185292,0.012776720523834228,0.8
248,0.19804631872411055,38.10895716436836,20.015328232277703,0.012914645671844482,0.7
249,0.2411937521851797,60.98848656952829,43.324784093943535,0.012820625305175781,0.75
250,0.24042415702714268,56.43435002981397,42.83627924561625,0.012777471542358398,0.75
251,0.15293149699580116,49.10660323897088,20.000661013894184,0.013376891613006592,0.7
252,0.2536462355662533,56.84220497483038,37.4215300281754,0.012988924980163574,0.75
253,0.41212212966249206,50.09478677465246,39.88103691459268,0.013034200668334961,0.85
254,-0.07498633996460648,74.18345823643898,57.85314717224539,0.012766242027282715,0.6
255,0.2514445558634343,50.782431262202735,42.13783816625491,0.013057887554168701,0.75
256,0.310108197009127,35.8798637104483,22.889427964209744,0.01313178539276123,0.75
257,0.4938237600302264,34.86648599817748,27.390611115342523,0.012837362289428712,0.85
258,0.3015986517790773,45.12951449796459,22.37587840881831,0.012656354904174804,0.75
259,0.14329723869886954,59.95028777158721,44.55262527209904,0.013137578964233398,0.7
260,0.3599186334022053,42.30669444967309,24.510239833415362,0.012800729274749756,0.8
261,0.601852238020284,28.29207796491439,24.35127440194482,0.012758636474609375,0.9
262,0.3147135431558641,36.256973765391,30.554922127115915,0.012785470485687256,0.75
263,0.028775645690440377,52.316168190847215,35.44955367359957,0.012742245197296142,0.6
264,0.4492216292060272,45.75782770076243,45.11919335915323,0.012799859046936035,0.85
265,0.11682056128452609,67.61232128936753,47.44817480258712,0.012804043292999268,0.7
266,0.35776293895428213,39.25307088073842,20.891273238206963,0.01262887716293335,0.8
267,0.07956285803212455,56.09862849097855,33.12222816333198,0.012676358222961426,0.65
268,0.4276192511183508,37.39009435846431,24.816828688844637,0.0130629301071167,0.8
269,0.4961599663880927,33.4930268795978,24.358121322194233,0.012923979759216308,0.85
270,0.08324454525828036,52.35245639105849,41.621207124780874,0.012933766841888428,0.65
271,0.5476033464386457,40.75699241097187,38.37944132402336,0.012887632846832276,0.9
272,-0.20533642995321624,70.27157040597072,27.578211925050077,0.013285970687866211,0.5
273,0.18015489390155,55.47399230176715,36.994058114082755,0.012991738319396973,0.7
274,0.0014606135450260793,49.88571209516028,31.726744512582837,0.013102877140045165,0.6
275,0.2554271377484243,52.65278300243805,37.311495622162056,0.01280679702758789,0.75
276,0.26390454230091903,47.90816975626337,32.09952281928678,0.012693059444427491,0.75
277,0.13701239873273796,61.784862076745256,45.78817140041167,0.012978601455688476,0.7
278,0.18213198917761317,51.497710754827736,33.01335064347221,0.012923955917358398,0.7
279,0.29856206089769033,40.261261782450525,22.58871537478809,0.01283884048461914,0.75
280,0.20954391064448133,48.79889859146166,28.986946853111977,0.012766098976135254,0.7
281,0.34576441547345144,50.0234447694436,34.630863780389674,0.013066279888153075,0.8
282,-0.02626726655525081,60.977672489339874,32.996582876356115,0.013130378723144532,0.6
283,0.14006998923108407,41.350298139916674,38.63975249608847,0.013064539432525635,0.65
284,0.19318128130425832,53.336061838550094,33.63614423731108,0.012804055213928222,0.7
285,0.24330350787314492,61.90604527242838,50.00703844179934,0.013019752502441407,0.75
286,0.19284532546047967,53.162091027193604,33.798336175665135,0.013133382797241211,0.7
287,0.45798270997967067,37.47526118213696,24.570392333450446,0.012969934940338134,0.85
288,0.19668383533088735,46.28102081153012,24.411822595047095,0.013007020950317383,0.7
289,0.5713994589732289,32.23060552402294,28.816682146301346,0.012646198272705078,0.9
290,0.2906481099533762,43.73785260263382,26.04463185637321,0.012877929210662841,0.75
291,0.4719145750537409,37.12474035671983,35.295619623734304,0.01291966438293457,0.85
292,0.2172959207464637,36.93314186085567,17.68893910459357,0.013710129261016845,0.7
293,0.24993771319248004,51.53431356585353,30.37586566845032,0.01302187442779541,0.75
294,0.23645441804948394,55.02053743659103,35.438711287667154,0.012737870216369629,0.75
295,0.018223154564653787,39.42241910147133,30.705442350534828,0.012976908683776855,0.6
296,0.2759814147041615,51.13521143435432,37.11550955845475,0.012884366512298583,0.75
297,0.13683530514203796,50.53172166661866,37.31746784327912,0.012896406650543212,0.7
298,0.21041520695910707,44.95030004873462,22.074441216418812,0.012807893753051757,0.7
299,0.4575632043739395,57.10889015952726,56.517761816398874,0.012853693962097169,0.9
300,0.14112682285656164,66.7813103779205,46.31166573269631,0.01292344331741333,0.7
301,0.1773903028156914,51.123283636112966,38.8285960361391,0.01288013458251953,0.7
302,0.20349908103668382,65.65648054379044,49.75483704324093,0.013068604469299316,0.75
303,0.42383329631508726,51.72025442375267,45.76026301869851,0.012996673583984375,0.85
304,0.19098495866624074,52.92143143872447,39.96667609678199,0.01275804042816162,0.7
305,0.38058526306134516,41.16615915020698,22.456747785683923,0.012858617305755615,0.8
306,0.0819784007930197,57.061985965327665,41.29705080031529,0.012979114055633545,0.65
307,0.07811179226846772,55.545059064927216,30.932014477002934,0.012616300582885742,0.65
308,0.38574682941435645,39.899161867927354,27.04246749090568,0.012698936462402343,0.8
309,0.28651922960260984,46.529269826911246,30.540146057871144,0.012964081764221192,0.75
310,0.14784166030360063,56.2017921059663,31.16278158644906,0.012740111351013184,0.7
311,0.35048686815122804,42.96000916101228,31.6799485276781,0.012826251983642577,0.8
312,-0.14348900394903058,76.2935296883322,44.55784473217648,0.012932670116424561,0.55
313,0.488060718703583,36.593069527859114,28.85055636056323,0.013008630275726319,0.85
314,0.4520780505270647,36.882070704889976,23.020508994167827,0.012918961048126221,0.85
315,0.31015183760058374,39.008624714128814,27.105175234652375,0.012972593307495117,0.75
316,0.3511876793870097,50.88051049576504,41.00676888154407,0.01279076337814331,0.8
317,0.43056214435376833,49.80130639451603,38.70778084419905,0.01293729543685913,0.85
318,0.35335798252826345,45.67683237982725,41.10705950199569,0.012769782543182373,0.8
319,0.3480405077186848,49.8761364148148,33.83964753692535,0.012889385223388672,0.8
320,0.1337105714114503,61.989828003063884,45.87222750031107,0.013064217567443848,0.7
321,0.31029517018595343,61.88526958089884,48.382565527581754,0.012896323204040527,0.8
322,0.19528936132620678,64.78683304923783,47.69633331918173,0.013111317157745361,0.75
323,0.3942820925333557,56.354863891007064,46.50043669904178,0.012992000579833985,0.85
324,0.13470600397036944,67.01533806670275,46.98683803112302,0.012818634510040283,0.7
325,0.23045240396396408,55.385371464326454,37.02099560913938,0.013381445407867431,0.75
326,0.35015629425970407,48.97658957738538,32.869955634496435,0.012939047813415528,0.8
327,0.18060626780659528,47.98884833197148,27.164532779003487,0.012834835052490234,0.7
328,0.19880323825812823,46.00088805451782,23.898471780010983,0.012788164615631103,0.7
329,0.17114527713442543,55.18900100445235,30.852243192083716,0.013118016719818115,0.7
330,0.336758812544951,50.31766329605905,41.3196785369828,0.012942302227020263,0.8
331,0.03116292674258019,75.86296627189051,55.0747628404419,0.013005876541137695,0.65
332,0.41985460606118785,55.80721451996286,50.64371266176242,0.013127315044403075,0.85
333,0.4089431204387378,52.10401538757456,46.531080994931436,0.012896978855133056,0.85
334,0.36573205343406745,45.85037537389058,35.28038569899663,0.013325369358062744,0.8
335,-0.10352705674859179,66.4249420610073,35.87019365951296,0.012884581089019775,0.55
336,0.3254870489114634,56.98325152321538,54.532738583813355,0.012645220756530762,0.8
337,-0.09294587395606865,64.2372010544515,32.764750796465826,0.012687432765960693,0.55
338,0.22602739962798907,60.26346404254957,43.19071677388722,0.013023662567138671,0.75
339,-0.031551805735194435,59.54661421344313,39.371865808470176,0.01273641586303711,0.6
340,0.19666772909088276,50.23812025337252,37.04054870668409,0.012817156314849854,0.7
341,0.02990442556020495,72.3584948059091,56.93074575568747,0.012961280345916749,0.65
342,0.32638506451942306,56.29424129266895,41.32140958818684,0.013051724433898926,0.8
343,0.10282731009460591,75.16072463086827,58.68694312824795,0.012761998176574706,0.7
344,0.1874468873293098,68.60824992006002,59.89429109101589,0.013134539127349854,0.75
345,0.22166510720313207,45.52125060484842,16.633169436460356,0.013072657585144042,0.7
346,0.03125506049536739,75.10187409808314,55.83331749955047,0.012725520133972167,0.65
347,0.016656245096392953,53.9376451163748,31.98977842449233,0.012887358665466309,0.6
348,0.13630423602275432,40.11550548341149,24.023452363684573,0.013018476963043212,0.65
349,-0.00518519168611869,55.689461342108,41.97460828453284,0.01304798126220703,0.6
350,0.26587255397439497,43.51535683598205,26.16339256138148,0.013109803199768066,0.75
351,0.1419547940944829,61.14548400779812,52.68506707248766,0.013044095039367676,0.7
352,0.22137792781393775,49.797098517713685,29.555671899170115,0.012866353988647461,0.7
353,0.2548075674182337,46.752401708692965,31.40601925726592,0.012878036499023438,0.75
354,0.1303946025130866,43.7329255448411,13.378833943391122,0.012827622890472411,0.65
355,0.16154581670044796,56.660289410690766,38.76267282636108,0.012625360488891601,0.7
356,0.38984710412527795,55.813287833423054,45.412930860454836,0.012915599346160888,0.85
357,0.3366354070530254,43.91856385952572,32.30784621304676,0.01340937614440918,0.8
358,0.317487389645677,41.00196779163478,23.275918936749566,0.013052070140838623,0.75
359,0.2434036189832322,54.932421197576616,35.71196208370216,0.013013064861297607,0.75
360,0.3372528665326801,50.82591129761045,40.931309569356905,0.012903523445129395,0.8
361,0.29626534029522816,41.0973038922738,23.79424739992966,0.0128318190574646,0.75
362,0.35591749160980635,49.9682928204636,44.88712437601336,0.013353836536407471,0.8
363,0.5339398337287788,38.31638351664248,35.33067672133326,0.013070225715637207,0.9
364,0.3692017739430387,43.17033607023266,31.052211284112666,0.013058984279632568,0.8
365,0.282908551506155,53.14574949768645,37.88262343381624,0.0133223295211792,0.75
366,0.21833108285146463,58.904308551187704,40.42711188933728,0.012805438041687012,0.75
367,0.11538561941193955,64.0561038276951,42.26573209819763,0.012673604488372802,0.7
368,0.376288523485541,40.700253466049176,22.050147374491438,0.013188970088958741,0.8
369,0.2709108799677626,53.233480659453576,32.95807221987087,0.012666189670562744,0.75
370,0.05523664129400004,64.52723228038971,45.54414948204843,0.012811994552612305,0.65
371,0.4031498958627009,33.90879169588898,19.914942894504044,0.012555730342864991,0.8
372,-0.0821104116502587,75.46459377546414,58.077812798429306,0.012657558917999268,0.6
373,0.4425825675253897,47.64614381610593,35.81936556905856,0.012455391883850097,0.85
374,0.4576523679890383,47.58987104162172,35.63003292452296,0.012942266464233399,0.85
375,0.2552198287814678,47.14975237793699,25.446336774151227,0.012966716289520263,0.75
376,-0.03926101585992304,71.96650750230118,50.25489273556613,0.012668406963348389,0.6
377,0.1880886426723109,51.88416731077707,40.32855623835429,0.012963449954986573,0.7
378,0.2560492603087637,55.58120056805645,42.49225973387109,0.012618434429168702,0.75
379,0.3680080724686389,45.599383056221065,28.427651628523442,0.012422716617584229,0.8
380,0.038106557783264106,70.34796227921274,46.69758798704537,0.012625765800476075,0.65
381,0.17810464065795614,55.93329856035119,30.639848739630647,0.01300722360610962,0.7
382,-0.020108675711932568,60.01451107508531,33.17111463403888,0.012800359725952148,0.6
383,0.14603283232440836,58.85627465067868,35.96104957627643,0.012445831298828125,0.7
384,0.08242967971698387,46.01614208561509,17.264767771861617,0.012329173088073731,0.65
385,0.0982208569116062,58.063497735947195,50.371667051409744,0.012648522853851318,0.65
386,0.19400336327126755,43.25613502645666,20.251051040561684,0.012960600852966308,0.7
387,-0.023090840939527714,64.95696282927392,41.496756626723005,0.012741625308990479,0.6
388,0.20831763502107564,42.19348506662989,25.48157286267688,0.01271214485168457,0.7
389,-0.2975227373498421,79.82106700612044,38.69130837249652,0.013083279132843018,0.45
390,0.17562860457578627,53.49965587935994,28.0508085888087,0.012530922889709473,0.7
391,0.3693496562675192,44.96918969192112,40.23687598420129,0.012465441226959228,0.8
392,0.19975416173682353,42.200406709674354,39.459567651623466,0.012669098377227784,0.7
393,0.26003117822602856,47.22755763978902,31.422570916870537,0.012592768669128418,0.75
394,0.5390616451661355,42.36985059460561,34.14435852867292,0.012546157836914063,0.9
395,0.21597286715423314,67.93672428537403,65.49904544938803,0.013046479225158692,0.75
396,0.31400133220879184,52.39964487901368,36.75036437926131,0.012587654590606689,0.8
397,0.09976443827443938,56.1688264724301,48.066426975772664,0.012826871871948243,0.65
398,-0.3784063282269995,76.08279572799455,42.90998363317607,0.012584996223449708,0.4
399,0.2983460857287242,61.96336629073721,48.53308681133525,0.012555909156799317,0.8
400,0.6302242924162077,41.53564287392906,42.8078479793607,0.01318737268447876,0.95
401,-0.048007764121869065,70.62702134746807,49.569299741765384,0.012662374973297119,0.6
402,0.09963047123542383,55.55162911662296,46.25059049374891,0.012728452682495117,0.65
403,0.27878088782797505,51.708717634638525,37.96407648677548,0.012640464305877685,0.75
404,0.05191428685572965,56.61720900560083,32.66503638114162,0.012609434127807618,0.65
405,0.04869448104657427,55.20666232065652,37.25696149477841,0.01269911527633667,0.65
406,0.18852096130528967,60.98086160793217,44.66108845106625,0.012378823757171632,0.75
407,0.1869192165504242,43.73917293642566,21.036760893433645,0.012782371044158936,0.7
408,0.2043442964300306,65.46946406425698,49.523194096347055,0.012821495532989502,0.75
409,0.1655843895379333,49.545006576289204,29.246403797998987,0.012707245349884034,0.7
410,0.47357662828420805,36.27034211503724,22.165790593367866,0.012859845161437988,0.85
411,0.22892429320270974,65.5276907388504,61.446430501352566,0.012596166133880616,0.75
412,0.12398044797892296,63.61044760061294,49.547332882839726,0.012812662124633788,0.7
413,0.17726298830201978,54.383266611330406,43.128402164962615,0.012733519077301025,0.7
414,0.31405404054001956,60.660460500922326,47.6742542982179,0.01278839111328125,0.8
415,-0.26264567320149085,63.250968425571465,37.4847310843331,0.012766194343566895,0.45
416,-0.23761849981317962,79.54942996588173,45.99823141841337,0.012692666053771973,0.5
417,0.3255990860566868,52.3897217315358,43.44959975898233,0.012731039524078369,0.8
418,0.0798861533574196,54.69926895784698,38.211689672445594,0.013052153587341308,0.65
419,0.2978629115154451,44.45969986237803,28.112222804741503,0.012945175170898438,0.75
420,0.1924893468603076,50.78908755157538,31.159675493716822,0.01267850399017334,0.7
421,0.42659296332965413,45.78260290200126,33.653246969047764,0.012783432006835937,0.85
422,0.06502737558645774,58.57245331615943,43.79879085270606,0.012526118755340576,0.65
423,0.4023190204453063,28.702397130257488,19.676925679306706,0.012782251834869385,0.8
424,0.19797637894908382,45.53463782831115,30.914528383601237,0.012884044647216797,0.7
425,0.2864226943765928,49.942060980414055,36.066632809966364,0.012794065475463866,0.75
426,0.16859387647931365,61.340004346902504,38.592497636564836,0.01268148422241211,0.7
427,0.32705583957985607,41.221734985227435,23.86510683537779,0.012702703475952148,0.75
428,0.3005671642872956,45.09274716101845,36.036182783921184,0.01258915662765503,0.75
429,0.2458313884896352,57.30175102097765,44.64633679922431,0.012673437595367432,0.75
430,0.12472308539385572,71.70729994814525,67.42907468541641,0.012711620330810547,0.7
431,0.348188661221117,48.43722290234395,32.71087245686637,0.012478315830230713,0.8
432,0.46092201453649795,45.41495006629609,39.79727113674729,0.012908470630645753,0.85
433,0.572510888283927,37.17318954130572,28.888460032611306,0.012511336803436279,0.9
434,0.34358668711559986,55.719558443161176,47.175531446129526,0.01266857385635376,0.8
435,0.2553986547546153,51.34975454540272,37.97978273070418,0.012525784969329833,0.75
436,0.3161826041751009,35.97934839116481,23.169080589825743,0.012696182727813721,0.75
437,-0.14914085534130966,80.69987944398513,52.058409315693446,0.012583839893341064,0.55
438,0.11384795363422047,50.86114554296723,32.25211621934164,0.012715530395507813,0.65
439,0.35036642813082264,53.23784212528125,38.119636455687754,0.012418174743652343,0.8
440,-0.012921341005854103,62.00556254265407,35.34425848286353,0.012637662887573241,0.6
441,0.22581328884974733,38.107019257697814,18.400806553469334,0.012483739852905273,0.7
442,0.1960105845065959,50.7156734365597,28.44118301791172,0.012421739101409913,0.7
443,-0.05638241094112404,51.06451028223606,33.366361184836656,0.013179397583007813,0.55
444,0.1770555615672968,50.60557260382178,31.140521467783085,0.01259920597076416,0.7
445,0.025807325873965215,58.96299967716868,29.590644509040462,0.012811088562011718,0.65
446,0.13694097628470298,65.83070729408146,43.700391840649,0.012375223636627197,0.7
447,-0.28734864642551594,69.53467971683693,28.397949364915135,0.013120079040527343,0.45
448,0.11231003678565343,64.92800068239589,50.932360042633505,0.012416517734527588,0.7
449,-0.07688655601015906,60.797992787926056,35.06759976071416,0.012456941604614257,0.55
450,0.23886633577307476,44.25705320457958,20.724904752980105,0.012673509120941163,0.75
451,-0.05322147376376283,75.46452704070614,49.39743417042649,0.0123582124710083,0.6
452,0.004277036679472079,58.94760456069722,38.15076187348374,0.012944793701171875,0.6
453,0.3367599392766941,47.701236373805166,31.219411965348772,0.012376356124877929,0.8
454,0.38581863719472975,37.98364214743877,25.376447467520116,0.012870299816131591,0.8
455,-0.06621907884603231,58.63207093384466,23.532757304031154,0.012951982021331788,0.55
456,-0.002866538249852879,63.53159031784295,47.48335113750735,0.012616956233978271,0.6
457,0.25258982077043757,48.39332636434459,33.45665859014151,0.012628662586212158,0.75
458,0.040958174011804446,63.63117415687278,45.596017062114825,0.012659621238708497,0.65
459,0.18225774045992177,54.24921489039591,36.430558958919356,0.01261519193649292,0.7
460,-0.022380447381600433,56.306476459782786,42.124069104010424,0.012774264812469483,0.6
461,-0.19614219560827056,65.74416297205916,53.395217889151105,0.012708163261413575,0.5
462,-0.21737498540748082,48.762541565825565,18.019500899938695,0.012611114978790283,0.45
463,0.36193945459494775,47.22409780293884,37.33845606180035,0.012593185901641846,0.8
464,0.1312199258854659,58.37845676027865,53.767039163414886,0.01246626377105713,0.7
465,0.07814746947877667,57.332277979564665,50.41281506165819,0.012377715110778809,0.65
466,0.11410856164854533,45.40297777122958,24.032746135193594,0.012656116485595703,0.65
467,0.10740704301441747,49.538106962621804,14.212540169059357,0.01230928897857666,0.65
468,0.4424357705491221,43.35150165868747,36.722286176184355,0.012663495540618897,0.85
469,0.32565491292288395,34.29601308574472,28.11469056675712,0.012385702133178711,0.75
470,-0.24004651628006907,80.10739066671655,65.901953747721,0.012523078918457031,0.5
471,0.0908880079995572,60.88006364108817,45.38876103289157,0.012887692451477051,0.65
472,0.10447366508557712,70.69733284475606,52.27086220490046,0.013228511810302735,0.7
473,0.44840040797397424,45.91313402768267,33.80510187547246,0.012819766998291016,0.85
474,0.12117839054995097,70.46315621804473,59.16238094186896,0.012844932079315186,0.7
475,0.2193059114575922,65.13315406107908,49.252243265473254,0.012535512447357178,0.75
476,0.00892307514383287,76.61095382718293,62.69492351360455,0.012834894657135009,0.65
477,0.706507535403982,40.24049164659981,40.24049164659981,0.012777864933013916,1.0
478,0.3296094329532592,56.869359496985396,42.40733498446752,0.012568557262420654,0.8
479,-0.2101753334720901,73.99904640686395,64.39516617317304,0.012766039371490479,0.5
480,0.11844764805262775,69.62410508953285,64.70051294798115,0.01280273199081421,0.7
481,0.05476430517666717,39.4665247794416,20.83601522785086,0.012955582141876221,0.6
482,0.06013449898154912,65.10933875166212,46.51153378729698,0.01291046142578125,0.65
483,0.4857387022824121,53.50956259298421,46.503086094198515,0.012480270862579346,0.9
484,-0.0897834584133835,65.56536679444864,44.028456890918335,0.01259690523147583,0.55
485,0.04565323323711986,71.20650406792993,62.27603766428968,0.012619006633758544,0.65
486,-0.2391785617892644,81.42947292439607,69.65411320968965,0.01281505823135376,0.5
487,0.006828690275210386,85.6924689314815,71.31190234217567,0.012547183036804199,0.65
488,0.11988187617455455,49.18947983630826,29.85581192912292,0.012729060649871827,0.65
489,0.01403271409969673,60.038091293274896,41.034015558954465,0.012943768501281738,0.6
490,0.49379947260925033,38.66394018692629,31.18233230893111,0.012941992282867432,0.85
491,-0.06242337528881216,57.92501910143235,31.13624141621268,0.01259983777999878,0.55
492,-0.059487189323380686,59.93588702712194,24.087232038666993,0.012652885913848878,0.55
493,0.15949853526860458,52.22198137193847,27.337609022475075,0.012724876403808594,0.7
494,-0.06221172017064578,60.84742298144893,26.281331522449605,0.012692785263061524,0.55
495,0.3013098768851886,45.203806448854934,28.999354965466157,0.012547969818115234,0.75
496,0.2818811123822149,46.35491178286501,29.27040111921158,0.012682926654815675,0.75
497,0.6705482432274605,25.356565373824143,20.820558486377628,0.012911546230316161,0.95
498,0.2882817647521131,51.513815990144884,30.43520822991903,0.01284724473953247,0.75
499,0.3078437510598221,41.563034562715174,30.014798920028134,0.012655282020568847,0.75
500,-0.01604527894769573,56.200585803007165,32.55725004589065,0.01268552541732788,0.6
501,-0.04262934512528623,49.932261505441055,24.4404783985833,0.012553811073303223,0.55
502,0.6127622906523863,45.76215649064727,42.32950222420927,0.012513411045074464,0.95
503,0.15668875531743315,58.20799489748972,48.01434662055113,0.012729036808013915,0.7
504,0.15149374565389329,54.431386336205875,36.31246151717428,0.012967193126678466,0.7
505,-0.054779513790156664,65.32790075475666,41.66835731756056,0.012553143501281738,0.6
506,-0.26238378307825955,85.61241351595326,57.08639445365968,0.012614631652832031,0.5
507,0.3345528539768428,50.355652632299474,33.85535597930075,0.012538409233093262,0.8
508,0.051622290906326376,67.33639224321549,48.83967930185705,0.01246500015258789,0.65
509,0.3526354585168754,39.033703038236546,26.290460934808085,0.012694835662841797,0.8
510,-0.03906622075432055,70.4423890166075,41.25846059519879,0.012587189674377441,0.6
511,0.1336209052618532,64.32429266567179,51.15788342399797,0.012753593921661376,0.7
512,0.16891957353246384,51.454852898489015,25.503134064084218,0.01303877830505371,0.7
513,-0.09145070656777521,69.43858058721904,42.71803914573995,0.012752068042755128,0.55
514,-0.1804864434365262,62.012052896350895,48.38113461769418,0.012923693656921387,0.5
515,-0.02360456539175697,46.80732758279015,27.264842794448274,0.01262509822845459,0.55
516,0.15349098812820267,55.03383934394533,44.3698474919561,0.012917041778564453,0.7
517,0.1646633869964334,60.76253339950531,50.90941951857999,0.012549865245819091,0.7
518,0.5718847244332957,35.12821726258955,25.695944358955114,0.012979340553283692,0.9
519,0.18968568263053417,50.31893162780376,31.276630565060056,0.012802958488464355,0.7
520,-0.1047630468002921,68.05218838981432,29.496190797875133,0.012752187252044678,0.55
521,0.0039422462459326015,55.923566722131035,25.81233577908074,0.012784051895141601,0.6
522,0.42314127524742107,55.54426291106027,45.836643266387604,0.012757337093353272,0.85
523,0.16595995598367083,37.79093176799139,27.954570473561542,0.012616848945617676,0.65
524,0.31499613602220417,39.52715831705386,21.14263913711148,0.012705159187316895,0.75
525,0.37122200646873,46.11186713596318,29.825659899236843,0.012792205810546875,0.8
526,0.18231113995981632,55.52169137567283,37.42912198031986,0.01271519660949707,0.7
527,0.4746305919932265,39.507089619973584,26.35378074405277,0.012850868701934814,0.85
528,0.3401898817374793,54.89932120159824,46.496449518058085,0.012850701808929443,0.8
529,0.2632592394398029,58.195380668447136,47.17032849427671,0.012764573097229004,0.75
530,-0.21413875987656442,73.83287248643369,53.34333958827832,0.012667059898376465,0.5
531,-0.3116968398253346,77.91985386218383,46.57928564593554,0.012452638149261475,0.45
532,-0.025692589110400444,68.5128541611772,46.976116072755815,0.012492227554321288,0.6
533,0.5290596744205515,49.85566886773053,42.942288090151955,0.012807321548461915,0.9
534,0.35670633679308805,55.205441691633936,52.416288660339646,0.012510454654693604,0.8
535,0.3556588433382475,54.79628430216529,40.29158201493004,0.012978005409240722,0.8
536,0.13286508193354749,65.42873588043608,45.32781597883195,0.012808024883270264,0.7
537,-0.037014337884528264,61.90651554999242,42.10428572843654,0.012741315364837646,0.6
538,0.26726257089698835,50.995521828083405,29.252795697036266,0.012650620937347413,0.75
539,0.38312265377644056,34.26916495355343,20.26631417155654,0.012661170959472657,0.8
540,-0.12906373502085006,75.02892639496504,53.149903157807124,0.012866806983947755,0.55
541,0.0105193454580363,58.96726745576952,31.08495172714868,0.012571406364440919,0.6
542,0.39771640073139547,45.32111034236457,34.433771132511744,0.012656593322753906,0.8
543,-0.044073269140014984,50.16811171844011,15.795847671963337,0.01277233362197876,0.55
544,0.3745857958782849,49.428145395632704,33.89598092165475,0.012712991237640381,0.8
545,0.19917713356889674,50.686277806273345,28.952299219004978,0.012850165367126465,0.7
546,0.00823190014251638,59.961358543950595,41.50610787553293,0.012714064121246338,0.6
547,0.5427235042285565,51.22246954487364,49.99877988931559,0.012533211708068847,0.9
548,0.3479138580708562,55.512340322504656,47.398150872141485,0.01273127794265747,0.8
549,0.23558191827278718,58.3220010224224,40.276809788559795,0.012891554832458496,0.75
550,0.11152173514747923,44.94166627281487,23.87273590939089,0.012974512577056885,0.65
551,0.2885788988375565,48.67540174038622,34.37286756524645,0.012634754180908203,0.75
552,0.15140137047542174,64.99670344777822,65.14191561085127,0.012604475021362305,0.7
553,0.268559459069447,50.48827320132877,30.392065640703006,0.01237553358078003,0.75
554,-0.15383106074652692,75.95397881558635,53.862304317319285,0.013042104244232178,0.55
555,0.37151038067218145,45.83038567405661,35.13157239955227,0.012634778022766113,0.8
556,0.12089592045142158,38.61124203720686,13.581364395931043,0.01280304193496704,0.65
557,-0.13032941967338058,69.74449327689621,42.48021994446229,0.012702536582946778,0.55
558,-0.23089058837843446,53.02154448003239,10.547578292283566,0.012692058086395263,0.45
559,-0.2287898234770692,54.63304607362809,26.485429292515484,0.01291661262512207,0.45
560,0.07195524605634758,57.7462381387376,27.79084571673227,0.012844181060791016,0.65
561,-0.09914257110006472,59.586741729268866,32.99710549298716,0.012649881839752197,0.55
562,0.12391412538727986,40.61916974318439,16.675795193265,0.012298130989074707,0.65
563,-0.27221844118592986,70.40532650665871,50.535864137520115,0.012610244750976562,0.45
564,0.14008517048671937,42.05542832070925,19.202531493142956,0.012247824668884277,0.65
565,0.5087869722465868,44.822007996533515,37.55583911730256,0.012576544284820556,0.9
566,0.22616598223046275,45.66002166547725,36.77521412879969,0.013045060634613036,0.7
567,0.30934977837139777,39.67050459744223,21.392244306096572,0.012954890727996826,0.75
568,-0.1051308602551663,64.5571006944204,43.86100746119187,0.012598764896392823,0.55
569,0.34783053710139245,50.824105765084866,41.591135592872135,0.012800371646881104,0.8
570,0.08538650085218875,65.32411136347145,38.94705277510141,0.012452375888824464,0.65
571,-0.01204122827760581,65.31986497603818,41.74319983679296,0.012796032428741454,0.6
572,-0.032257568616823766,50.0802230908247,24.71936873684058,0.012856507301330566,0.55
573,0.35755148385574015,39.49787983341146,28.39768211491014,0.012660586833953857,0.75
574,0.17286529573175102,60.09639253072701,36.12926575092933,0.012386703491210937,0.7
575,-0.0068288708375348565,60.14713577703911,33.035704068543545,0.012769365310668945,0.6
576,-0.04482194149370409,49.71001591685383,22.23022563611457,0.012728273868560791,0.55
577,-0.24629197497021046,77.82613673384024,62.85298371875141,0.012951695919036865,0.5
578,0.08177269804711747,62.135620710717475,48.119282202347236,0.012608647346496582,0.65
579,-0.04527960152882553,74.58702147911961,64.52104604598274,0.012489473819732666,0.6
580,0.051571243447563545,65.37997776506037,47.43449570522752,0.012234759330749512,0.65
581,-0.11246696215773802,69.59042218612319,50.971428860919566,0.012607324123382568,0.55
582,0.01047001028351795,55.19824761804618,32.14703111106044,0.012533342838287354,0.6
583,0.0058650615611169745,55.66143537902758,32.433194429253696,0.012940919399261475,0.6
584,0.44025287912677386,43.861246238876745,31.424168384001486,0.013004815578460694,0.85
585,0.39317063335244234,35.574594669570544,28.222152008456966,0.012289583683013916,0.8
586,0.07371665038427665,58.967981633193006,38.049983761093635,0.01246955394744873,0.65
587,0.26529652123220937,53.14420347419258,34.14130079070854,0.012639915943145752,0.75
588,0.20359467198707906,70.64522296473123,56.441023482447754,0.012408757209777832,0.75
589,0.5477746415581783,45.54658562993813,43.01924423621277,0.012275171279907227,0.9
590,0.25284490512957936,53.91086252039207,34.086395935907355,0.012420082092285156,0.75
591,0.07512972037634566,59.738204754557614,38.294278423881345,0.012587916851043702,0.65
592,0.1126422944042553,75.07677049394003,58.52423858579085,0.012443888187408447,0.7
593,0.2637697484808592,57.289685604184626,44.99417269511485,0.012351632118225098,0.75
594,-0.27312152611994683,68.25515313020004,25.111725126823682,0.012810301780700684,0.45
595,0.006663301505576147,59.421502193879824,24.318980640764668,0.012647795677185058,0.6
596,-0.057489667552725644,70.236551212649,41.06632398149531,0.012424874305725097,0.6
597,0.02599584892240594,55.099576518537944,16.94610006241086,0.012579870223999024,0.6
598,0.26559114798523326,50.419752217831444,36.03171583899021,0.012783694267272949,0.75
599,0.13076777835918724,44.863820966527626,15.67621255184913,0.012639236450195313,0.65
600,0.28163448500040966,37.5490435099684,18.98275550805824,0.012879896163940429,0.75
601,-0.17538749981207338,64.1231336657239,44.0996395335922,0.01276024580001831,0.5
602,0.26537116575175596,34.128295252360275,14.30882512187757,0.013132226467132569,0.7
603,0.09390535581669798,55.620584587990336,32.582241564956476,0.012852561473846436,0.65
604,-0.019766598121678684,65.91376117096252,43.00917977550145,0.012699949741363525,0.6
605,0.4937721750738201,36.58381813965774,28.90703384352871,0.01250678300857544,0.85
606,-0.14302525029701652,71.12151629986043,36.88850299908575,0.012955164909362793,0.55
607,-0.38509529159599365,75.91524977422169,44.210139487121324,0.01261838674545288,0.4
608,-0.02041660012481552,58.463961972578474,38.40941239603145,0.012607598304748535,0.6
609,-0.03484469850339888,64.20583461275123,31.234438163082274,0.012133443355560302,0.6
610,0.21514791922255108,35.716188365486275,23.551023157703984,0.012451469898223877,0.7
611,0.20240340435286058,52.08283439003535,39.0762717162756,0.012645888328552245,0.7
612,0.2069086372837683,55.500266277837014,29.98413538033146,0.012304222583770752,0.7
613,0.24141536757841,59.815225735926084,48.23938966959642,0.012396860122680663,0.75
614,-0.15551994197697888,57.6913813924366,22.63807256374162,0.012968742847442627,0.5
615,0.2385845132749093,49.855337155718374,37.5644724598669,0.012437057495117188,0.7
616,0.29054806454686044,44.352370551534015,28.311187343312305,0.01271512508392334,0.75
617,0.5306186496106022,38.741175456785044,30.680825323491813,0.012582767009735107,0.9
618,-0.015178954921573073,65.06973648223479,49.225972394815024,0.012935125827789306,0.6
619,0.04418302080973792,50.4925467625377,31.56816550789203,0.01314394474029541,0.6
620,0.04707033527158678,74.8120410846109,53.419540202127195,0.012680423259735108,0.65
621,0.17701002127364576,62.41608719001631,46.672171755258084,0.012390220165252685,0.7
622,0.10597846957126636,36.10791960486378,16.817954793359192,0.012605059146881103,0.65
623,0.2823232597273816,29.746489306851544,21.078923718917302,0.012430369853973389,0.7
624,0.24024848955387929,61.53688091747914,44.70591839457326,0.012569594383239745,0.75
625,-0.009385160790481772,58.31827174849658,45.220807097142625,0.01275784969329834,0.6
626,0.23768648178221433,60.62716444715769,42.632102426342186,0.01288001537322998,0.75
627,0.17450494575078573,61.425144535488776,45.78162494943701,0.012697947025299073,0.7
628,0.18053090994023502,55.857298232278325,44.923038671482175,0.012530338764190675,0.7
629,0.07357088920587067,60.311317536610034,37.694216516952665,0.012569582462310791,0.65
630,0.3613178234158367,55.983134624987244,41.48062047191293,0.012746655941009521,0.8
631,0.25892674629654483,60.151514722062004,42.973890241985934,0.012851321697235107,0.75
632,0.38681987041082533,37.06755086516799,18.322227338806634,0.013068246841430663,0.8
633,-0.17983423508292193,65.91627716235428,38.68023474089235,0.012608945369720459,0.5
634,-0.46230188148221546,76.12169151249871,32.81740389988625,0.012760686874389648,0.35
635,0.21235477372777173,51.96789990274341,26.212203441647496,0.01290954351425171,0.7
636,-0.14028561955565108,75.36444979633717,43.38967839113866,0.012690186500549316,0.55
637,-0.33873461714162423,85.73985166600272,61.11090117444672,0.012719345092773438,0.45
638,-0.18139904103036847,70.99965172054131,48.028574713599895,0.012939929962158203,0.5
639,0.2817291030377128,51.34937350246226,37.65602332796686,0.012654685974121093,0.75
640,-0.00794659014639259,80.33250668121335,61.26303802765195,0.012507784366607665,0.65
641,0.22322113202002353,61.15602285181156,44.14427271080272,0.01288386583328247,0.75
642,0.2619915978656523,75.88973001247551,65.80268134749348,0.012893164157867431,0.8
643,-0.05303840146975405,76.22834905039765,50.712169572921404,0.0126867413520813,0.6
644,0.19009535311254516,50.51985011942819,23.511294515797427,0.01238405704498291,0.7
645,-0.18192271338319968,65.74850967528623,27.677313172205764,0.012851154804229737,0.5
646,0.16469949464685335,59.92437692571999,49.002253637688796,0.012534904479980468,0.7
647,-0.03809254060633346,75.03894650795391,58.63554747962197,0.012336826324462891,0.6
648,-0.18924612757622034,64.8201178620651,34.37930988202847,0.01247267723083496,0.5
649,0.0892410955619329,60.958147984599904,40.95069427899944,0.012631690502166748,0.65
650,0.42517838680228676,53.34979305984676,49.13123958112034,0.012729644775390625,0.85
651,0.427880178657036,34.95292250119718,27.01584323314451,0.01235525608062744,0.8
652,0.1896264931368719,49.46220071527571,36.241993716919275,0.012747478485107423,0.7
653,0.3725361817161727,50.310877038266256,41.030953408953025,0.01253194808959961,0.8
654,-0.18064381006600855,65.37051269861722,45.49987451429124,0.012592792510986328,0.5
655,0.06488461683531137,63.15539421868259,49.53019552127104,0.012477779388427734,0.65
656,-0.19587596913286678,64.82005732305362,26.48946537929073,0.012681341171264649,0.5
657,-0.040663292659986604,51.7646946150964,17.199606441429953,0.012853610515594482,0.55
658,-0.08555204906416596,58.63442715736282,20.891124229346282,0.012607920169830322,0.55
659,0.21168143601974942,45.996290972605735,38.00113784875731,0.01253817081451416,0.7
660,-0.10386873674092242,67.477809425369,46.76625724009682,0.012627184391021729,0.55
661,0.20650580511331942,61.81416156540941,49.45471666703005,0.012792670726776123,0.75
662,0.3216228064097776,40.440849660253626,28.02367283748067,0.012726306915283203,0.75
663,0.3201084882195049,41.52360209045753,30.595425550829372,0.01332392692565918,0.75
664,-0.2563972503146384,60.54415894878305,28.25693042323721,0.012873947620391846,0.45
665,0.2707325615449746,53.49621868197376,38.19239266202853,0.012367033958435058,0.75
666,0.19869827946413024,50.11605932307796,43.96476640895901,0.012683653831481933,0.7
667,0.08141633044624615,60.61264392039463,46.26395233923532,0.012626838684082032,0.65
668,0.4426634375414005,52.11271815580733,41.19500382713887,0.012783205509185791,0.85
669,0.4855696549555294,60.61119501085699,54.4717652319284,0.012925517559051514,0.9
670,0.5160230436319406,27.263810233109872,29.18716291240693,0.012743115425109863,0.85
671,0.3287702558335177,45.35338905297225,22.106599932323682,0.012813317775726318,0.75
672,0.3352763817595473,57.2877505604377,42.58407128170363,0.01265796422958374,0.8
673,0.5211045444743341,37.08997269656745,35.17936175991249,0.01290656328201294,0.85
674,0.03146074445641991,53.646007459264425,37.734228640157625,0.012427008152008057,0.6
675,0.16754801288917992,45.549485146113355,31.50411160813727,0.012738442420959473,0.65
676,0.25146812708571653,56.814225854166395,43.945813647517795,0.012447237968444824,0.75
677,0.290192522422857,46.781156219662904,36.83089813330931,0.012790954113006592,0.75
678,0.3587225165992422,47.281942835847374,37.78402168251567,0.012598884105682374,0.8
679,0.4979728932254287,31.914157237832644,17.232581480065196,0.012573623657226562,0.85
680,0.42732432408592685,56.380318777332924,51.54394401421687,0.01318531036376953,0.85
681,0.15034013899062876,56.04608267762061,38.39782591302622,0.012895500659942627,0.7
682,0.19215632255608273,70.00028569851807,55.1934402790196,0.012516403198242187,0.75
683,0.06922820731896955,61.48939285410033,41.40868241312555,0.012708020210266114,0.65
684,0.215222049668383,48.98799044238832,40.723663310166366,0.012424492835998535,0.7
685,-0.009109577007890035,63.72580069716868,37.95607797540676,0.01267993450164795,0.6
686,-0.043421815547558106,73.9152786596982,46.95696375218736,0.012575304508209229,0.6
687,-0.015221276886742708,64.22211902755097,39.26526406888839,0.012436378002166747,0.6
688,-0.1192916064334725,63.87627771874852,41.48845624532067,0.012736749649047852,0.55
689,0.09173326186286823,49.794557462864006,22.879187748369837,0.012820589542388915,0.65
690,0.45699401006459023,35.08258422187537,26.603004209334927,0.012357449531555176,0.8
691,0.09879209410013504,56.882761620393254,32.95540095782979,0.012634086608886718,0.65
692,-0.006524359321732809,62.50416806597112,42.73261188148942,0.01232612133026123,0.6
693,0.28835904135400525,56.245069798993576,44.485542779433786,0.013126838207244872,0.75
694,0.17919127136706622,55.36538643121808,36.725696381357146,0.012571799755096435,0.7
695,0.2435151156913029,61.23286054605025,49.55124257092123,0.01283482313156128,0.75
696,0.26938465672569156,57.82617228446869,38.71072670302329,0.01283482313156128,0.75
697,-0.07202313494953734,61.513830842795834,44.780348425426226,0.012897336483001709,0.55
698,0.2578882675213413,59.67764441573938,47.042052927805756,0.012488186359405518,0.75
699,0.43270337202107,53.76752102331686,43.38990888678298,0.01222386360168457,0.85
700,0.09155024824170913,58.390606748697664,41.985182638835674,0.012762057781219482,0.65
701,0.4303823584966481,51.99680758323832,41.07855947226389,0.012586688995361328,0.85
702,0.14038312248061494,61.039119921250254,44.840927541813336,0.012642240524291993,0.7
703,0.6074653067826834,40.9848825702988,36.92738269126288,0.01277695894241333,0.95
704,0.29180581007565987,44.9159334340947,21.728142385160652,0.012543773651123047,0.75
705,-0.010361122742324291,69.80364478400801,41.88209320620194,0.012556314468383789,0.6
706,-0.0851430553166743,78.0220494290135,63.1801032206981,0.012534451484680176,0.6
707,0.3192152051299958,43.45107103979223,26.787706876870523,0.012401998043060303,0.75
708,0.0529481785723902,64.53074990872719,38.43105189524512,0.012580692768096924,0.65
709,0.15719373148993016,63.717640979364674,56.39694197446662,0.012317860126495361,0.7
710,-0.036866790631036636,48.35050695274571,21.43446659213708,0.012389588356018066,0.55
711,0.10369181275221821,54.50002157539929,31.351754673154986,0.012289583683013916,0.65
712,0.01882437152165471,52.84901434689833,22.33925510667177,0.012433815002441406,0.6
713,-0.07323941513086252,59.5752358195366,51.47576122011773,0.012720417976379395,0.55
714,0.14228025380098025,45.936642985536366,32.41022581386137,0.012995243072509766,0.65
715,-0.07049673404305201,64.40844498453839,42.01762576072101,0.012430024147033692,0.55
716,0.3783772926943206,46.00629449653478,35.25361683977435,0.01307927370071411,0.8
717,0.022146155363744556,50.60704166006853,41.2985987009455,0.012643110752105714,0.6
718,0.40004260032348976,41.20129940962825,35.13582048735145,0.012700808048248292,0.8
719,0.2969421012590655,44.112765419089946,33.88547749441633,0.012800300121307373,0.75
720,-0.060331516738882554,59.998969140289184,42.84064815905924,0.0123152494430542,0.55
721,0.18665801865454792,50.94972482570602,37.414615335280196,0.01250706911087036,0.7
722,0.02057310947646951,50.22871232932894,41.005221548679366,0.012794673442840576,0.6
723,0.18209125719688896,53.01812189746971,48.1564537488128,0.012627911567687989,0.7
724,0.019295930448356195,71.20332420042595,56.135489827923344,0.012312912940979004,0.65
725,0.3402861875506091,60.25995120571245,53.84578000447124,0.012264251708984375,0.8
726,-0.0949658362338042,69.4963552779938,42.62057711848526,0.01232081651687622,0.55
727,0.12266364916183628,74.78612212823751,64.598097317757,0.012461447715759277,0.7
728,0.30984490624982725,67.82800691098141,55.6274615967801,0.012360703945159913,0.8
729,-0.0903078042956543,71.7075513982326,54.31266562873487,0.012369394302368164,0.55
730,0.136895927828308,65.29530976008442,43.60630292000298,0.012568747997283936,0.7
731,0.1412684825607345,66.07092926800632,47.2682321491695,0.012931382656097412,0.7
732,0.36727723585352196,51.14617705135089,42.211050095929465,0.012603998184204102,0.8
733,0.06907013117806111,60.64558078103846,32.55465230299061,0.012639522552490234,0.65
734,0.24549311663732193,37.62699070173728,12.973331404549429,0.012605047225952149,0.7
735,0.3945237995070555,40.50916051927307,34.25387282062192,0.012523007392883301,0.8
736,0.45227346957612086,50.311652195232085,39.01764155857286,0.012241947650909423,0.85
737,-0.09832690647547024,68.764347924257,41.496997453050156,0.01271352767944336,0.55
738,0.38329782766541964,50.217819788812534,34.396449400214536,0.01268996000289917,0.8
739,-0.17572313342504745,65.12780349689993,46.0636024664558,0.012887299060821533,0.5
740,0.29771355507216446,61.71696392594483,48.698490632364766,0.012510228157043456,0.8
741,-0.08526861343289628,60.429028107731725,41.527139101008615,0.012557363510131836,0.55
742,0.23406782029243986,62.9102979397602,51.79997985688701,0.012372910976409912,0.75
743,0.14662918920223872,64.57282131655327,43.40602445225365,0.012515103816986084,0.7
744,0.09266494726134222,69.8773282138835,65.18506664670963,0.012293779850006103,0.7
745,0.5124085951783297,55.99562500917119,49.41758827624995,0.012641203403472901,0.9
746,0.6027590785445573,50.0972779148345,46.880227387528336,0.012883603572845459,0.95
747,0.2980272709800468,50.05469620988171,35.51056306279574,0.012597465515136718,0.75
748,-0.06442121012816979,69.07123222111926,48.76345486609583,0.013194918632507324,0.6
749,0.3974216568915444,34.947670320536396,27.56287123584915,0.012972402572631835,0.8
750,0.0985668711299089,54.417094050032475,23.43221036428034,0.012715303897857666,0.65
751,-0.0318786351463354,70.32081229225332,50.11247663121561,0.01269376277923584,0.6
752,0.2570197538483943,54.003334533656606,34.9637864997644,0.01263972520828247,0.75
753,0.011416649089176334,54.12390737018442,30.631637819598254,0.012829411029815673,0.6
754,0.08439908436038879,60.967358989222284,40.59168718733077,0.01251547336578369,0.65
755,-0.07643932348173636,56.215741438662874,17.245141629573286,0.012680447101593018,0.55
756,-0.09203996076106351,59.297607084087836,42.21833033762783,0.012589597702026367,0.55
757,0.2531342760426013,53.63595541442585,41.20595905448959,0.013317501544952393,0.75
758,-0.280118312265136,70.10300801677639,28.77227061059202,0.012493562698364259,0.45
759,0.16180412676357797,44.36442008210958,15.114139408723462,0.01245354413986206,0.65
760,0.12357759392875016,49.22158010944851,30.171281244150315,0.01254708766937256,0.65
761,0.3999730550384639,40.00322699626081,22.001852285289303,0.012776148319244385,0.8
762,0.11844886206200875,47.76845412178712,27.921322465414633,0.012563967704772949,0.65
763,0.1429487253791994,68.87492582891866,49.970170560625355,0.012997734546661376,0.7
764,0.43426985345547153,45.379133445138244,44.34418417000615,0.012750613689422607,0.85
765,-0.13057389500444416,69.81547402473697,43.45543652751634,0.012801504135131836,0.55
766,0.18673920449738576,34.10609324125736,31.40287488251977,0.01270747184753418,0.65
767,0.10924144090917695,56.7784058336277,40.71680977928722,0.012348580360412597,0.65
768,0.16353053198086068,59.29029473684201,34.160591341655746,0.012642478942871094,0.7
769,0.27181636725360037,51.03973946563973,36.41641717017033,0.012763333320617676,0.75
770,0.24067065223558556,29.88640710126749,14.233075422075093,0.012774860858917237,0.7
771,0.25394749761735,52.23105367235793,43.765150458784355,0.01289602518081665,0.75
772,0.033872513235855814,62.02020050682951,40.80032485069436,0.01241912841796875,0.65
773,0.10873335607445618,53.66444181671013,41.6888175367773,0.012222981452941895,0.65
774,0.10929949219656672,51.19204356488412,24.625412731643056,0.012662220001220702,0.65
775,0.23524146305840485,64.96743806024439,48.729408803958,0.012714314460754394,0.75
776,-0.05740417950932865,70.66680388367539,50.037333435220546,0.012671852111816406,0.6
777,0.28549057388083215,51.0378428241194,36.98617521058527,0.012680554389953613,0.75
778,0.10792822942739214,57.152746728072735,34.60412843635161,0.012635159492492675,0.65
779,0.03854002790757066,52.83081089118377,27.10126427710115,0.013303041458129883,0.6
780,0.40889813810109954,56.77768764622776,46.60936693529527,0.012862896919250489,0.85
781,0.24385717229617065,59.44209427291179,47.25978390968282,0.013164710998535157,0.75
782,0.29692996886088124,45.27692381889006,29.15648000055246,0.013013935089111328,0.75
783,0.3828485548921834,39.70947523890952,27.974967547710303,0.012857818603515625,0.8
784,0.18070732271316384,56.38465849983457,37.947299103300544,0.013028156757354737,0.7
785,0.07178055906197918,40.58085785483133,31.487269204730435,0.012549400329589844,0.6
786,0.241927541914514,57.673044352404666,44.107011459235736,0.012832272052764892,0.75
787,0.06628871555818092,52.378752746443,34.285156896318874,0.0128869891166687,0.6
788,0.0166598101964923,76.8279950490959,64.5035892466048,0.01249997615814209,0.65
789,0.4914216619106003,57.456699869599426,50.71318926397746,0.012843096256256103,0.9
790,0.3450626604389012,61.875254004680585,53.24507782287514,0.012681961059570312,0.8
791,0.13816721069397894,61.400151176675436,44.9742704865272,0.012695813179016113,0.7
792,0.5175104787980658,40.12643613661309,36.93534137284348,0.012807440757751466,0.9
793,0.10042343479430094,55.993215190144916,39.40207450140072,0.012768745422363281,0.65
794,0.19879580913198117,52.09948908503825,39.82726823182527,0.012555408477783202,0.7
795,0.241494999112915,62.45916103088602,44.42567034243038,0.012661576271057129,0.75
796,0.40574258674968877,51.06464593450035,39.29149273597422,0.012488579750061036,0.85
797,0.193815869159999,59.47067323104055,36.76980789689786,0.012702238559722901,0.7
798,0.39706351132407247,46.12586882697237,29.17878989785028,0.012459230422973634,0.8
799,0.44803512338591595,40.96977492975462,33.46424093790175,0.012239384651184081,0.85
800,0.215766010422385,45.006218974812924,36.86953834639455,0.012543427944183349,0.7
801,0.39405627676467353,45.09483839210536,34.56112540027042,0.012409389019012451,0.8
802,0.07468964746730197,60.11518583842104,39.622101049746945,0.012652409076690675,0.65
803,0.11972704327593053,56.957418545792805,33.10399936128938,0.012583696842193603,0.65
804,0.20994076887919846,51.27263855316394,36.99504368623171,0.012537121772766113,0.7
805,0.35484676522388997,46.5137971284018,36.280538769185355,0.012485575675964356,0.8
806,0.3174957598645211,39.932795635365004,28.116437455771305,0.012689495086669922,0.75
807,0.023422831188798454,54.15115068696451,23.16043231227636,0.012401998043060303,0.6
808,0.0715119222620644,84.529722810323,80.92390013782988,0.01259000301361084,0.7
809,0.25905580088945795,50.93621237695144,43.25594097215055,0.012665939331054688,0.75
810,0.09489908543919294,50.19082666791651,31.874928395219893,0.012622475624084473,0.6
811,0.2677427830896787,55.75812608106382,50.347690238786306,0.012413895130157471,0.75
812,0.32504521776318834,46.40828111321171,36.82591097797816,0.013149702548980713,0.75
813,0.1365973625071145,38.652179368915675,20.82913003899682,0.012772953510284424,0.65
814,0.24691069169079177,41.39187641641747,24.557876684401997,0.012626636028289794,0.7
815,0.5818750500508485,30.616192618874585,26.82217453605069,0.01263049840927124,0.9
816,0.25124813387585593,41.46575819559883,31.181629607431223,0.012439191341400146,0.7
817,0.12391726442734893,70.52865533791969,51.66721573220924,0.01268627643585205,0.7
818,0.2687831772525423,79.63441329363123,77.24092779398825,0.012674093246459961,0.8
819,0.5536012335779035,43.45022867573783,35.22800504238115,0.012644708156585693,0.9
820,0.02898387874328955,76.90369236278805,57.424071196251276,0.012791848182678223,0.65
821,0.39665188041968286,46.88006833031361,36.11303132353639,0.012960660457611083,0.8
822,0.014167653424473903,61.786761044695496,36.573956151259864,0.012816011905670166,0.6
823,0.20267693902830164,46.25272821028318,25.121393695350974,0.012549614906311036,0.7
824,0.461364049317989,43.900781207527395,38.22174220507337,0.01257544755935669,0.85
825,0.2683244055386401,54.69171791932797,41.93072370536977,0.012529385089874268,0.75
826,0.2271932686828786,61.4337212278438,44.223720200649055,0.012871992588043214,0.75
827,-0.26615921120441605,64.20759921482785,27.430233000640303,0.01265103816986084,0.45
828,0.36187159368304156,54.71363403092296,40.01011913797329,0.012611603736877442,0.8
829,-0.006036423727824725,65.57065850972513,41.75926079202693,0.012668967247009277,0.6
830,0.027145610088153988,49.843268413325745,23.717257391967024,0.012747871875762939,0.6
831,0.5451110741226691,45.56190716312726,43.09334372010834,0.012969613075256348,0.9
832,0.3069290811461122,41.7280063897146,30.401200481406228,0.012599551677703857,0.75
833,-0.07335305294147854,79.41842478286668,56.32148799265773,0.012475156784057617,0.6
834,0.08918997235899484,55.53069177177646,30.848066270506358,0.012898755073547364,0.65
835,0.17622711828865742,55.582377814531206,37.20167825729411,0.012494027614593506,0.7
836,0.30742071276132027,38.48244150948485,20.26091490659798,0.012662053108215332,0.75
837,0.45933788849358664,38.9072671520082,25.91844875741482,0.012591612339019776,0.85
838,0.019234199471011192,56.52141465442777,34.92913509729322,0.012427079677581786,0.6
839,0.1381200637450937,69.14268316670906,50.10469583101615,0.012874424457550049,0.7
840,0.33742456508196694,40.025577971147904,21.813476251730282,0.012754726409912109,0.75
841,0.17718391440518955,56.69527096867646,38.6779429631021,0.012901973724365235,0.7
842,0.4210019271552108,40.25809287380959,34.27639076604323,0.012877094745635986,0.8
843,0.5583846950911836,34.849585668875164,26.0213487533883,0.012436175346374511,0.9
844,0.172820610356853,59.00361903477896,42.6370549326016,0.01252734661102295,0.7
845,0.45687356723558,34.29514161228824,26.753855139321388,0.012686264514923096,0.8
846,0.2669258083147251,57.090026572008654,38.59142186052608,0.01259150505065918,0.75
847,0.4501650198824157,51.86364929631992,40.85545494228286,0.012589073181152344,0.85
848,-0.1004591219765475,58.95919698667168,12.251582722422484,0.012790751457214356,0.55
849,0.13392090686889135,48.90085959432345,21.637925405732634,0.012851500511169433,0.65
850,0.30226687716257716,44.4125170969882,21.362802789731145,0.012878966331481934,0.75
851,-0.19067850218906682,71.0939716021605,37.88781788763797,0.012713730335235596,0.5
852,0.16551649562284518,55.90786443323619,44.428057731905476,0.012866687774658204,0.7
853,-0.030483656873071373,64.19450095570065,39.93062264775251,0.012624537944793702,0.6
854,-0.16109404492227788,62.985602468104105,21.927564770911232,0.01283435821533203,0.5
855,-0.07291371200445203,58.70742101072003,24.847721237906672,0.012499856948852538,0.55
856,0.38154840349202174,48.15177133665971,32.64810742077192,0.01291111707687378,0.8
857,0.1698407783820979,60.53261833592707,37.61393320460557,0.012865400314331055,0.7
858,0.4340168664512153,35.29478028723254,20.87748163180099,0.012408828735351563,0.8
859,0.3490575045712356,59.66929155939899,46.60138991377549,0.012685716152191162,0.8
860,0.05007717094851666,66.68297873738348,40.02759865236945,0.01283419132232666,0.65
861,-0.12447664798152543,72.10034168385434,38.79853793352778,0.012543439865112305,0.55
862,0.0459226085937718,75.44078479037601,54.56702441870606,0.012943458557128907,0.65
863,0.1455615027725519,60.06526012652589,44.93522774181435,0.01268754005432129,0.7
864,0.34581542412658817,41.99875559165128,31.296153157025454,0.012751567363739013,0.75
865,0.05893668028685954,66.34088390180462,41.299363647850896,0.012958776950836182,0.65
866,0.12923315730624724,69.68541716600485,51.456617648063094,0.012901818752288819,0.7
867,0.18731126017831046,53.17514690702113,27.975004777411076,0.013118255138397216,0.7
868,0.5775552103897563,44.21894652318845,42.32427581578915,0.013012874126434325,0.9
869,0.4127083066163886,59.98050468455317,51.45826878432312,0.012908565998077392,0.85
870,0.2429100539938335,59.55526785565975,47.445241341607165,0.013097596168518067,0.75
871,-0.21314730552412692,94.68601618396903,81.12334239016651,0.012648069858551025,0.55
872,-0.11528629904511581,63.170611940506504,31.959750706754164,0.01272430419921875,0.55
873,0.058677007615868845,54.09432091474165,28.998617447323827,0.012885022163391113,0.65
874,0.05276254229631936,73.48707235450794,52.65066995046023,0.012731838226318359,0.65
875,-0.11367564188976673,63.02383809375196,32.19696952577621,0.012976753711700439,0.55
876,0.154132018810233,58.29151629748325,41.647223318747095,0.012700414657592774,0.7
877,0.2664880420001935,53.50315042744717,39.65241423879003,0.012552011013031005,0.75
878,0.06388168922499342,57.70055772350344,28.806727721122268,0.012730169296264648,0.65
879,-0.23118002139936053,59.21830380933507,27.097863352533672,0.012591183185577393,0.45
880,0.18181449293805135,55.16051619815089,44.531787861179744,0.012498712539672852,0.7
881,-0.13074103543838478,49.87312748930356,15.271257733068492,0.012722265720367432,0.5
882,0.4648790110209083,46.21026073163107,40.260812493472315,0.012778258323669434,0.85
883,0.0831802067611008,64.82601328713449,46.014168520338586,0.01270134449005127,0.65
884,0.13773206279821967,73.43716499216495,56.25506182810175,0.012460577487945556,0.7
885,0.2534790973458751,52.43933679615266,32.005289822026555,0.012588465213775634,0.75
886,-0.13432876887321504,69.45559047155554,60.84026845111827,0.012683594226837158,0.55
887,0.021040842733203856,59.789566320454675,31.418741042287717,0.012818551063537598,0.6
888,0.013071295198802225,59.48564832525146,31.574727203098703,0.012513792514801026,0.6
889,0.14805046514792528,63.773666457905826,50.27175445731382,0.01260284185409546,0.7
890,0.3709057533617353,50.41254737351964,35.051706529981175,0.012456989288330078,0.8
891,-0.16053793853530388,56.38565644997824,11.049198060593117,0.012439680099487305,0.5
892,0.026425351066095736,73.66234867974708,53.24721145109883,0.01268928050994873,0.65
893,0.21718972706235498,54.46715922264749,36.31870268417133,0.012552976608276367,0.7
894,0.02579662499782323,59.38818632970225,48.19395550791913,0.01257542371749878,0.6
895,0.18132237624658257,73.38140162048948,60.41479929244121,0.012752211093902588,0.75
896,0.07658908176674917,60.45652089163904,47.99245145936812,0.012789106369018555,0.65
897,-0.04662203486989238,69.77890595093604,41.77387349227464,0.012817180156707764,0.6
898,-0.009304296000133706,71.98474848809822,52.154080361702036,0.012665379047393798,0.6
899,0.29077619578074737,44.7927739802448,21.799078411956547,0.012604296207427979,0.75
900,-0.21853623505842396,73.89283690973204,44.6001652855626,0.012646448612213135,0.5
901,0.0025955137930566254,65.12905627637426,33.99219114572452,0.012548398971557618,0.6
902,0.19572338908247155,48.11241952103584,27.74887383515333,0.012764346599578858,0.7
903,0.15999031945198378,58.32234030817572,34.27905033063185,0.012867271900177002,0.7
904,0.28323503212316814,49.526982207647,41.48196438529945,0.01259939670562744,0.75
905,0.6128846910901831,55.431251646402174,57.68712604961213,0.012684202194213868,0.95
906,-0.05969794404642077,57.8292084899207,22.64321746138062,0.012461483478546143,0.55
907,0.252417935739546,63.04823834949551,46.65671049522468,0.0125679612159729,0.75
908,0.6333298631460428,21.833425650830915,17.181352454201246,0.012737023830413818,0.9
909,-0.006573583329143834,65.52288943743075,50.57522127036476,0.0131705641746521,0.6
910,0.006646701671722871,54.8459721947198,47.914967346308146,0.013045239448547363,0.6
911,0.21328093092270142,43.501453863355884,20.565799513481416,0.012895476818084717,0.7
912,0.23231356849311274,66.45113696716268,49.19322188943507,0.013369250297546386,0.75
913,0.30613998208579823,67.1649235210499,66.46699878889918,0.01289992332458496,0.8
914,-0.13588448330491726,71.60005021914365,53.13217428191944,0.01288459300994873,0.55
915,0.04750032714408838,67.14702548594819,56.45898161945218,0.012815463542938232,0.65
916,0.2970955413923302,45.69333840904692,28.89203189352389,0.012726259231567384,0.75
917,0.08412574753897029,60.89104197592692,39.91341576127982,0.013154280185699464,0.65
918,0.007948829712525068,54.882838262411575,16.427588257134477,0.01287531852722168,0.6
919,0.0778631323447352,60.11532503143711,46.73568479539982,0.012817013263702392,0.65
920,0.3039603838513696,47.80243551667815,24.611792607494724,0.012767541408538818,0.75
921,0.22737879614190737,51.90996395228895,32.32811436506649,0.012719440460205077,0.7
922,0.4927934445036925,41.02599114356728,34.1957591909144,0.012779808044433594,0.85
923,-0.155499013060119,46.50958449679773,16.742285486657433,0.012640535831451416,0.45
924,0.20111521443512817,46.11093347750839,30.681956243322855,0.01266402006149292,0.7
925,0.4614255814470726,41.20743594833895,34.35136008311109,0.01278003454208374,0.85
926,-0.22873029299498598,59.88255175530411,45.89240576352873,0.01292353868484497,0.45
927,0.09773129855331594,62.176086795404714,49.760487440713064,0.012729108333587646,0.65
928,0.26535637282465696,53.99368337810226,35.09382473730861,0.013052082061767578,0.75
929,0.02527534653120365,53.4783010693781,21.134000468100364,0.01299504041671753,0.6
930,0.021198963059511466,55.41465972836924,17.01220765352974,0.012774121761322022,0.6
931,0.1106961453857338,55.04565110911242,46.12778424442111,0.012733530998229981,0.65
932,0.10838867843662144,52.77327785798337,35.442527197204996,0.01283029317855835,0.65
933,0.5541032281952342,24.973386423464003,15.489194291233169,0.01262679100036621,0.85
934,0.15331966652441903,39.05226942806343,22.89364878736146,0.012915098667144775,0.65
935,-0.0003820993624447988,59.89426383830023,25.041824729347095,0.01261281967163086,0.6
936,-0.06676354972262263,56.722945514277015,37.89603953391315,0.012759113311767578,0.55
937,0.29523336797202193,70.39325251237426,59.63701892828761,0.01286933422088623,0.8
938,0.46882629369401146,44.02072351307923,31.992715574130404,0.012920939922332763,0.85
939,0.39953873275349344,44.774688573372615,27.54801988253801,0.013104403018951416,0.8
940,0.3156607059482891,59.212940645325205,46.76589091057899,0.01308358907699585,0.8
941,0.2788607056060566,55.08981124412527,42.198141814352034,0.012540733814239502,0.75
942,0.26955460529059316,56.22743457538949,49.86232797911167,0.012752687931060791,0.75
943,0.2479943223973849,60.35910136820452,47.53848631743976,0.012594056129455567,0.75
944,0.2966633615918781,48.40202942394679,40.007158146587564,0.012694203853607177,0.75
945,0.05623441386760739,70.70976385447752,46.0448950580908,0.012450969219207764,0.65
946,0.38532905327560696,45.037050561625975,40.64152143738431,0.012453615665435791,0.8
947,0.3876803163728338,45.47039312571785,27.892021372853904,0.012617981433868409,0.8
948,0.010271857255235967,50.26100818794974,23.73492919081279,0.012867915630340575,0.6
949,0.4989148910092294,35.559620984185194,27.477583815269817,0.012750935554504395,0.85
950,0.3680919275126831,49.541145768182346,33.70797651721819,0.012551605701446533,0.8
951,0.3797195162468631,50.32472326784686,47.33392121902588,0.013076877593994141,0.8
952,0.45232316874876793,46.1760380206327,34.51451465002284,0.012913250923156738,0.85
953,0.2722129657501694,55.94534577035855,50.01953256572814,0.012950527667999267,0.75
954,0.3434482132804252,55.597023286839615,47.86405914879022,0.01251392364501953,0.8
955,0.37594557891952757,42.185275588629665,30.417360749293636,0.012501347064971923,0.8
956,0.17671970430362782,59.64423257354177,35.88212701031012,0.012984275817871094,0.7
957,0.15731597312873472,49.2450869952451,35.25454892673394,0.012607240676879882,0.7
958,0.06580441331815483,65.1256877293836,38.66647356650953,0.012957680225372314,0.65
959,0.14312929533600302,44.01460895351675,29.40344303041447,0.012963688373565674,0.65
960,0.10938018982482486,49.39959891098621,29.90943028006838,0.01283963918685913,0.65
961,0.338222672453995,58.526005385843895,55.496198770691024,0.012767493724822998,0.8
962,0.3127647140486639,37.4645347390779,18.771219936076854,0.012888658046722411,0.75
963,0.188474815002392,40.21357420397507,24.044290970960706,0.012847435474395753,0.65
964,0.1873090519395773,51.20218402397952,31.525402817062847,0.012935709953308106,0.7
965,0.1602322042995924,45.13110812524295,22.871891237165922,0.012734568119049073,0.65
966,0.21984593440849443,44.917049040159164,29.663858564009757,0.012578165531158448,0.7
967,0.01833213171713699,63.45806967031543,30.398891397507537,0.012615776062011719,0.6
968,0.4911650470354977,40.29001986876208,33.07356867615672,0.012536489963531494,0.85
969,0.4007210493408966,44.93042119594698,27.246671174541184,0.01285337209701538,0.8
970,0.07416779976935206,44.58303490881337,23.023321781793964,0.013107514381408692,0.6
971,0.2767270165347392,44.975350493591705,22.472876655644956,0.01306600570678711,0.75
972,0.35338445027168347,50.04901355040241,34.3127556496552,0.012918627262115479,0.8
973,0.03863709350892614,56.7815661107427,27.098472460388397,0.012818598747253418,0.6
974,0.23968414058428816,42.54086766923515,18.537280688887073,0.013258755207061768,0.7
975,0.4232478955559338,36.44259011309211,23.362899073020973,0.013082051277160644,0.8
976,-0.27096955299025177,62.56571236819718,29.724670090539803,0.013010811805725098,0.45
977,-0.2135288013278574,72.11117874290181,39.4577239125589,0.012930917739868163,0.5
978,0.42548981175292583,52.16592593026305,46.0952487717031,0.012919914722442628,0.85
979,0.4704521318372336,72.0042838405965,67.05754072654811,0.012683391571044922,0.9
980,0.057421162934685174,70.88391293596415,48.24873058046034,0.013087701797485352,0.65
981,0.20837645310831157,51.446574390547696,31.74081994497468,0.013305735588073731,0.7
982,-0.006377583948339205,81.13265422804577,62.72990029489916,0.012815749645233155,0.65
983,0.20003058118342806,44.36704981001418,21.504269955151138,0.013247668743133545,0.7
984,0.051424783612210166,70.97102601284898,55.5768660845124,0.013705062866210937,0.65
985,0.20819703162472605,56.0927426324659,38.414226812192396,0.013005638122558593,0.7
986,0.2262972889646769,41.83275499032698,19.43206691184355,0.012922930717468261,0.7
987,0.37290235272640515,47.66914657171802,38.09967083447274,0.012897539138793945,0.8
988,-0.12834130996105186,77.8072122810769,68.44465637863017,0.012955033779144287,0.55
989,0.25574062057634156,54.05941082696171,41.016188413484414,0.01262122392654419,0.75
990,0.08656889796003904,57.205608750092324,35.64376677197596,0.012851333618164063,0.65
991,-0.10431157913190951,60.37987157442808,27.284560068706295,0.01314079761505127,0.55
992,-0.017184480637492006,59.15707066787,31.675062123352422,0.013456356525421143,0.6
993,-0.2406195317737425,62.935951934819265,24.40918352689061,0.012878823280334472,0.45
994,0.18222812270960317,54.60841334266322,36.43987750450655,0.012890005111694336,0.7
995,0.42717254418946193,52.99105175116539,42.55241331135155,0.013021481037139893,0.85
996,0.27086233089888384,54.03711962956805,46.91840719353299,0.01250162124633789,0.75
997,0.4811076191418621,65.14778243626907,60.343738039207196,0.012666654586791993,0.9
998,0.040542485982714496,75.85963673969329,62.435276374118374,0.0131941556930542,0.65
999,0.33902604562204625,34.160262757128315,21.348846894102543,0.01322845220565796,0.75
1000,0.31534021080503793,59.60059307285191,45.264073785904486,0.012799346446990966,0.8
1001,0.20136233625658334,57.1410549732304,40.27423282048597,0.012752914428710937,0.7
1002,0.06764592797315502,64.37430092675962,37.02716139292127,0.012848925590515137,0.65
1003,0.3264055311143859,62.476909847892635,50.31084946509591,0.012883317470550538,0.8
1004,-0.07005152082281547,65.74717308582571,32.865655270579765,0.012778675556182862,0.55
1005,-0.08584350317011484,65.03778750804653,32.12100284744342,0.01294088363647461,0.55
1006,-0.10706272099040541,63.36300586532629,20.779207301987345,0.013151729106903076,0.55
1007,0.1581166151897364,61.76741173214408,38.612577421737434,0.012875688076019288,0.7
1008,0.2527182538064282,61.43145466323216,42.85203792209587,0.012835395336151124,0.75
1009,-0.13913467734424634,79.50680038153908,69.23668629246116,0.012700128555297851,0.55
1010,0.11066942397465265,76.58604881200947,59.21004523545777,0.012932491302490235,0.7
1011,0.10503379397012816,54.65721889497327,31.109821266945286,0.012622368335723878,0.65
1012,0.34165774173597174,54.32454172883225,39.41193998055264,0.012676024436950683,0.8
1013,0.11243218579667016,49.331569131354854,37.12336907598942,0.012810659408569337,0.65
1014,0.07932967066452364,64.75862810367076,46.43143747139267,0.012837743759155274,0.65
1015,0.19035126715138867,49.23112322944439,28.868077740322885,0.01259920597076416,0.7
1016,0.41374729838804425,43.590765164382425,33.32458897843544,0.01293274164199829,0.8
1017,0.41021149979359633,62.24524073986013,52.96323376677968,0.013515710830688477,0.85
1018,0.3352005520883766,60.44681599184035,46.63987593498414,0.01298220157623291,0.8
1019,0.23247808268957026,66.30406284031864,56.85076451557358,0.01300358772277832,0.75
1020,0.25040337572820615,35.22843546602676,29.54969612873242,0.01306854486465454,0.7
1021,0.22537416946216343,45.825523245054626,23.97966218940497,0.012832772731781007,0.7
1022,0.15354590177329833,65.78569881571012,52.04318912613927,0.01300739049911499,0.7
1023,0.16847334632448702,61.41942168442172,45.933162792921664,0.012857925891876221,0.7
1024,-0.11927176918485202,71.8740533740033,37.92555436008244,0.012902331352233887,0.55
1025,0.4161586164235846,47.54791313281712,35.43890350471478,0.01269359588623047,0.85
1026,0.034359106714608754,50.641971980706586,49.014635060077445,0.01287825107574463,0.6
1027,0.17365628762675078,54.11701754602884,50.32725835397751,0.01304701566696167,0.7
1028,0.2528070984160643,45.50451235138545,23.615501841518597,0.012996530532836914,0.7
1029,0.33056653881167686,65.64098922334838,60.02092563851222,0.01313844919204712,0.8
1030,0.4701685203126515,46.39758551846326,40.92776383151802,0.013058841228485107,0.85
1031,0.21206852898177692,69.48269547019495,54.70071845628943,0.013212037086486817,0.75
1032,0.4521892116488833,51.1128490854541,45.77851183953381,0.012722349166870118,0.85
1033,0.37330590186573287,45.62450722137394,33.868213569241355,0.012864434719085693,0.8
1034,-0.1359604317175216,69.9245936003804,50.87062709263316,0.013332295417785644,0.55
1035,0.3005225596012517,45.049292305844624,29.566004652566058,0.013206958770751953,0.75
1036,0.16224392294943288,54.87125500085832,36.993882741442064,0.012745094299316407,0.7
1037,-0.00243162380930958,59.765013544575694,40.621775301821316,0.01273648738861084,0.6
1038,0.3053632202826647,34.5643424922237,21.618993222285425,0.01424250602722168,0.75
1039,0.16443482190040065,70.54129870696428,59.65691397115352,0.012803471088409424,0.7
1040,0.36190139165364293,56.35018508101329,47.713310404285906,0.012741947174072265,0.8
1041,-0.061825959867009915,54.58132612722814,32.299825870043975,0.012688612937927246,0.55
1042,0.4945054125805698,34.56542163088342,27.011648473576304,0.012871456146240235,0.85
1043,0.23201688340281965,50.34330511249207,24.334760603976232,0.012960314750671387,0.7
1044,0.09590597827623333,62.2763707826967,42.230095711060166,0.012900876998901366,0.65
1045,0.32544360823410867,62.63953160675246,62.17625120299966,0.012493956089019775,0.8
1046,-0.34398742306871527,66.33778004084913,32.299076953485226,0.012464666366577148,0.4
1047,0.3009274712177138,55.77914956737872,47.45763782881968,0.012832868099212646,0.8
1048,0.08708871125397279,85.89096331771239,73.96000614534351,0.01266167163848877,0.7
1049,0.17294611460735004,60.08720542764041,37.05099052883117,0.012695693969726562,0.7
1050,-0.013978055104789073,70.12307791704589,41.65851790376126,0.012589585781097413,0.6
1051,-0.16550627916459212,69.73525299615355,45.57839951696625,0.012680733203887939,0.5
1052,0.2491038780986341,61.38496304869,49.78637429922717,0.01274573802947998,0.75
1053,-0.19499168750418694,75.41739818582916,48.45005962813251,0.013011682033538818,0.5
1054,-0.025064552046418255,70.40290477703716,58.22940006316611,0.012907016277313232,0.6
1055,-0.21744421624190036,70.2320091683869,26.624971434331293,0.013056182861328125,0.5
1056,0.42324850239111456,53.63390239620677,43.65249569976873,0.01295924186706543,0.85
1057,-0.04004945201108366,53.86276616137989,33.005745097441086,0.013040006160736084,0.55
1058,-0.0908267764670635,61.44042972620049,36.06279061742332,0.012933957576751708,0.55
1059,0.2236014209665346,39.318480728598544,21.60850136222359,0.012912237644195556,0.7
1060,-0.04355302158700842,53.64360818846312,32.03759455487429,0.012621939182281494,0.55
1061,0.0016436370751755803,63.071209305445315,29.881600827765652,0.013294291496276856,0.6
1062,0.23487780268004568,59.0591594836348,41.580602314912355,0.01297670602798462,0.75
1063,0.30755897194086107,42.93456149866829,27.062251665672907,0.012787091732025146,0.75
1064,0.10702320395191214,79.83420380599901,65.21998208017334,0.01282362937927246,0.7
1065,0.009423542140134739,59.33455171339176,40.08498257229403,0.013196825981140137,0.6
1066,0.019805543422424847,56.477567215575014,51.239299537029154,0.012803113460540772,0.6
1067,0.14977924637336418,66.13329233308971,46.233087458232454,0.012932682037353515,0.7
1068,-0.09171626613808186,61.373093555738556,37.523239960657065,0.01267096996307373,0.55
1069,-0.016341056238067465,64.43618356494963,39.994478140276826,0.012922859191894532,0.6
1070,-0.038692091838792145,64.88350908441952,40.88252658106779,0.01269075870513916,0.6
1071,0.23884883258319584,65.62367051051709,49.49055209985799,0.012970364093780518,0.75
1072,-0.17165399911862894,59.73059050597412,44.870696990557505,0.012901854515075684,0.5
1073,0.05405376273999953,49.07543111709954,22.98526982793619,0.012976491451263427,0.6
1074,0.29845845086647904,50.879795982744284,36.849117939206295,0.012956297397613526,0.75
1075,-0.1895217027780894,70.38779743404302,35.775021987055275,0.012923991680145264,0.5
1076,0.1850178377370636,51.69593684097937,38.39558571176671,0.012741315364837646,0.7
1077,0.1911722168523636,56.239842521531386,38.766685348918564,0.012616372108459473,0.7
1078,0.17026102480758096,60.42611130746975,37.68935230996867,0.012804722785949707,0.7
1079,0.045948919822061965,71.60970619579555,56.61007831859423,0.013077032566070557,0.65
1080,-0.06284826019008534,58.6529416765293,21.725903050947238,0.012648534774780274,0.55
1081,0.4545923101850665,51.31759741499079,40.02792139109977,0.012731409072875977,0.85
1082,0.24779078393785237,44.89843939628044,30.101547182817598,0.012713205814361573,0.7
1083,0.19712645637231468,51.29869668559896,31.50419206675608,0.012747883796691895,0.7
1084,0.08773829728115548,55.79061636444203,47.01763543821174,0.01265861988067627,0.65
1085,0.07253393431035163,63.006162802258565,34.97596565546783,0.012792420387268067,0.65
1086,0.25055478215450677,59.39907542204371,40.92151842523483,0.012959170341491699,0.75
1087,-0.03130102512621265,56.34802105655526,27.11836922246351,0.012698304653167725,0.55
1088,0.2780677198961895,50.962884789001585,29.668106439908357,0.012866771221160889,0.75
1089,0.43243167084100476,31.17971644459262,28.91600793308946,0.012652671337127686,0.8
1090,0.45998661418879294,44.20099195863399,38.09306727342276,0.01258760690689087,0.85
1091,0.3069821474851365,39.374655524142874,21.02432838879202,0.01278989315032959,0.75
1092,0.05767167448488666,69.59347904230593,44.250581786376756,0.01279621124267578,0.65
1093,-0.025867264049875927,48.4857215156087,23.18254599148804,0.012596023082733155,0.55
1094,0.12111882177743113,54.00401411825154,21.988812199735587,0.012636220455169678,0.65
1095,-0.0659521083509463,56.43267612300357,27.953363678492835,0.012605392932891845,0.55
1096,-0.10994916752001498,69.69758671524876,43.868743347328305,0.012685239315032959,0.55
1097,0.08792918134315099,87.36697354946585,76.19542622354268,0.012653863430023194,0.7
1098,0.18051107445108272,56.81164080198869,39.51205625491772,0.01294271945953369,0.7
1099,0.14824661752572366,50.34197656437074,46.56135816855081,0.012787270545959472,0.65
1100,0.37809348298456225,54.770413392577986,39.823523093341414,0.013028252124786376,0.8
1101,0.15789054614755701,64.45251257591994,43.93192326763686,0.012557768821716308,0.7
1102,0.26831621282278756,59.79981724354699,41.49916349063742,0.012656259536743163,0.75
1103,0.17061315609987415,59.848941765603534,36.37214459967107,0.012845289707183839,0.7
1104,0.3764376984321208,47.79410933393206,31.309910219905063,0.013113558292388916,0.8
1105,0.21859481910470668,47.888535250151286,26.664773236230328,0.01255272626876831,0.7
1106,0.20912847926449726,52.1923219066933,41.09519854396,0.012654542922973633,0.7
1107,0.015198231570308817,58.749135543234104,23.78491330523902,0.012576818466186523,0.6
1108,0.23546018394645118,40.23199974310237,37.76709891529599,0.012909638881683349,0.7
1109,0.43073161455108044,39.1846237686335,26.65244295435766,0.012801146507263184,0.8
1110,0.2138919027206772,45.03816144687782,22.05102226015623,0.012615609169006347,0.7
1111,0.2328422649522665,63.87007449995464,47.378124689760405,0.012808501720428467,0.75
1112,0.36294450245207727,54.906127060631356,45.90318405659886,0.012482285499572754,0.8
1113,0.0600777478407611,69.11780330552911,53.257635176326055,0.01260002851486206,0.65
1114,-0.030326988379338605,62.84414729642667,37.49019254456503,0.013125371932983399,0.6
1115,0.5804510841975888,39.849277105835526,31.64909116780943,0.013012218475341796,0.9
1116,0.1337250615561331,49.59152712503628,30.74595746725119,0.012941229343414306,0.65
1117,0.15039000152008442,42.88829031233948,28.035669316799517,0.012791037559509277,0.65
1118,0.25593402782637165,58.64792028209796,47.81855278466416,0.012950003147125244,0.75
1119,0.1789318599943192,60.26828873348118,43.67811078273165,0.013067972660064698,0.7
1120,0.35182920421328034,36.24821986688104,22.67510226071452,0.012892425060272217,0.75
1121,0.2432186877035582,50.30749768877405,51.79024257212967,0.012892162799835205,0.7
1122,0.45916133333699605,41.20215994268888,28.51156585477477,0.012809288501739503,0.85
1123,0.31296803589104893,49.56805488690056,35.120097915038535,0.012760257720947266,0.75
1124,0.16739595194327309,56.85414331257783,46.09200534588661,0.012691152095794678,0.7
1125,0.0812267059719105,60.62036414448854,39.63396813516595,0.013149261474609375,0.65
1126,0.19987289436357,55.49727582889248,37.51166013422765,0.013239610195159911,0.7
1127,0.5364379271899316,46.53161468388295,39.087951319408766,0.012527382373809815,0.9
1128,0.3335643101731448,56.0246879566957,42.04706546745422,0.01269967555999756,0.8
1129,0.017944217464478114,55.33880200530217,24.904775873610603,0.013190937042236329,0.6
1130,0.20152518740495307,55.36859120648332,49.99089255995319,0.012770736217498779,0.7
1131,0.10061574713803453,66.04122382906624,47.599177128777235,0.01300826072692871,0.65
1132,0.41928952606394726,60.391479798385014,51.361041877977605,0.012779021263122558,0.85
1133,0.18630607977977662,43.824687664154986,21.81818854375011,0.012978947162628174,0.65
1134,-0.03062892833212627,70.66262893828763,51.07989794040707,0.012778127193450927,0.6
1135,0.4840459045881027,35.30637228043581,22.045926983096237,0.012655138969421387,0.85
1136,0.2628401432526979,60.68776808936576,42.811779650813136,0.012593257427215575,0.75
1137,-0.04640174606046084,68.00599685649789,46.355568618490615,0.012939345836639405,0.6
1138,-0.1079934601771321,64.07457044987234,31.038583146990504,0.013232672214508056,0.55
1139,0.42076482145239497,60.86871930355359,57.29366613488075,0.013372254371643067,0.85
1140,0.19581517050290959,54.91369454175604,37.33588345538855,0.012635564804077149,0.7
1141,0.16146431306873732,39.57818331610164,21.80482214763104,0.012962186336517334,0.65
1142,0.195393187840954,53.407877294808245,34.10303057530613,0.012737059593200683,0.7
1143,-0.12057337054663338,70.56431231082206,51.027904240114644,0.01334073543548584,0.55
1144,0.16283262928748765,60.52149102166631,36.71990020995636,0.012653326988220215,0.7
1145,0.10233744664468677,60.42889556496764,31.115839111249308,0.012816190719604492,0.65
1146,-0.022949221216491778,63.645872199126984,47.059171602243346,0.012721717357635498,0.6
1147,0.06526153993419229,65.33463789999628,38.14877986438678,0.013004481792449951,0.65
1148,0.3049580348593797,50.344985441776295,35.69906815728663,0.012608551979064941,0.75
1149,0.250979856650808,62.73636656651787,51.66273059063619,0.012653565406799317,0.75
1150,0.49925480378758724,46.75268322250746,35.343176991943544,0.013024115562438964,0.85
1151,-0.30831901012010554,57.72272865241469,27.527242731385638,0.012940144538879395,0.4
1152,0.4954898845538098,40.31951820937313,33.09925254603113,0.012745416164398194,0.85
1153,0.0849661808418419,59.34803229296507,31.857762536451112,0.012892425060272217,0.65
1154,0.5897910645721539,30.56352121145293,21.29523626722541,0.012870144844055176,0.9
1155,0.09845397142145702,60.40329191772886,54.98950959800706,0.013007330894470214,0.65
1156,-0.1372654001525558,70.2624037604151,52.17832909266054,0.01317458152770996,0.55
1157,-0.3546580366619903,69.30570216666123,54.89569131639399,0.012601709365844727,0.4
1158,0.17210223703358138,59.93759526364464,43.96451309485059,0.012649548053741456,0.7
1159,0.2767181220309759,49.0567235021407,40.717385141774365,0.012605202198028565,0.75
1160,0.15201745079596687,64.2791257753409,49.776269756211555,0.012795555591583251,0.7
1161,0.08141657024844344,64.33458574149549,37.138682782575515,0.012495696544647217,0.65
1162,0.3164332508122244,45.26915848163999,21.92421182343315,0.012467920780181885,0.75
1163,0.18322844354260995,55.016542622851034,37.642740222850726,0.012898027896881104,0.7
1164,0.6531495506476862,36.26950214228195,32.513231988397834,0.01348937749862671,0.95
1165,0.16859818241560184,59.705935700523625,43.74782463116491,0.01278923749923706,0.7
1166,0.14344654695868225,50.2796863209263,39.55148659797532,0.013081848621368408,0.65
1167,0.13012110640782995,46.89532005036892,56.380456642107106,0.013072764873504639,0.65
1168,0.3424911818234734,59.92688620536238,52.95132918246383,0.013246667385101319,0.8
1169,0.25945426498455315,52.08504795720656,32.00442748274929,0.0129646897315979,0.75
1170,0.14391927789578135,65.63326876339069,51.1667653498979,0.012881767749786378,0.7
1171,0.09370887035752203,79.51847219945984,64.06093197448989,0.012736034393310548,0.7
1172,0.329755185614144,57.449143263171194,43.11284813897175,0.01301966905593872,0.8
1173,-0.02377832507528625,61.742245878395444,41.4535063361292,0.01296238899230957,0.6
1174,0.3914221026355197,43.671382763612215,31.162178711809585,0.01304112672805786,0.8
1175,0.5020110701852585,33.18104983787528,24.928598209068603,0.012774324417114258,0.85
1176,-0.09323091225752142,60.09684747710035,34.66255183795316,0.012948846817016602,0.55
1177,0.18244072297041028,57.24059293231661,47.01502483674343,0.012761986255645752,0.7
1178,0.13042804330065408,45.903611603528404,17.241240058955512,0.013168585300445557,0.65
1179,0.17238461638641217,60.66603034439221,44.04167385252635,0.01336233615875244,0.7
1180,-0.4352889669204128,64.9272672719703,28.18416929310103,0.01300053596496582,0.35
1181,0.10796215689693497,55.09848511227132,39.28603184992445,0.013146436214447022,0.65
1182,0.11187494174488535,55.52608575045351,39.97557037540275,0.013104796409606934,0.65
1183,0.004456650395264106,62.419514900561275,52.188571712404304,0.012707650661468506,0.6
1184,-0.2410563669124428,81.87909922107198,59.38327630970322,0.01266310214996338,0.5
1185,-0.1884025021858286,60.58898244853833,26.834787711401837,0.01276460886001587,0.5
1186,0.3089341079137636,44.40896169693361,28.88121075168439,0.012782049179077149,0.75
1187,0.14227407765112876,71.6251028305726,67.24954586265942,0.01290268898010254,0.7
1188,0.2804548208641467,49.61549905560622,35.62080296388727,0.013200914859771729,0.75
1189,0.36404278122283296,36.245586079928884,37.095972550981315,0.012936282157897949,0.75
1190,0.08525575673777847,58.9481112452134,36.44258698075531,0.012558162212371826,0.65
1191,0.24444056239253564,39.66442540485158,22.940683758040187,0.01295318603515625,0.7
1192,-0.02060885897437791,66.11219280270544,32.34301157742256,0.01277620792388916,0.6
1193,0.2201734760092346,46.03501550475222,30.99266355302549,0.012741804122924805,0.7
1194,-0.08219584580453868,64.6228352521714,41.936487375911206,0.013141381740570068,0.55
1195,0.3799896008907421,50.30488199771384,34.82851345975445,0.013196682929992676,0.8
1196,-0.16568379137884875,66.160422877379,64.76204174598564,0.012864172458648682,0.5
1197,0.4849652240186562,39.31752128843412,26.042192091205376,0.012844455242156983,0.85
1198,0.6619339537155451,41.74450152844319,37.87169149928134,0.013244533538818359,0.95
1199,0.07887504269290117,58.950117122111195,45.45327199379173,0.012588846683502197,0.65
1200,0.40387408416217313,46.055228916005774,34.56771056312905,0.012762856483459473,0.8
1201,0.3041472307816119,45.881275710535704,43.436558265481395,0.012733519077301025,0.75
1202,0.5511595532398029,31.9278242622071,22.90251442397087,0.013073098659515382,0.85
1203,0.191847571227099,45.373219272104734,29.69119365555391,0.012612068653106689,0.7
1204,0.18921280460210477,60.183057384448446,37.051906088684234,0.012756383419036866,0.7
1205,0.22627635171499075,45.01563770813674,29.77892205629672,0.01275784969329834,0.7
1206,-0.049983905302890944,51.37486215635067,33.656057679065555,0.012832558155059815,0.55
1207,0.24536204672417578,41.59734098489403,22.688699827721052,0.012852287292480469,0.7
1208,0.2543014044829543,58.219254157774756,46.45144551816463,0.012835395336151124,0.75
1209,0.365640691762707,47.497978579197046,48.638639586108525,0.012535619735717773,0.8
1210,-0.07283058356009717,58.09728614546361,30.600164331825045,0.012845420837402343,0.55
1211,0.22485377158399533,39.934952266329404,21.96489240753728,0.013050377368927002,0.7
1212,0.08861730108051669,66.4615504230808,47.22794160140833,0.01275634765625,0.65
1213,0.18746653343739608,56.917152024518465,46.66578985177991,0.012832558155059815,0.7
1214,0.6873843874842576,34.998308725311134,31.056102901510695,0.012940514087677001,0.95
1215,0.18915933201020785,34.96769767088993,30.483697045460147,0.012925338745117188,0.65
1216,0.08533028791484402,60.787136567274956,39.52421144972049,0.0131278395652771,0.65
1217,0.10354280206945612,55.72899637404289,24.451523827873473,0.012750673294067382,0.65
1218,0.4945634731079446,56.728210560225804,50.513532842550426,0.01300051212310791,0.9
1219,0.08155185563689507,62.30895958413919,40.99782981599607,0.012749588489532471,0.65
1220,0.18955864345468948,51.71887879992052,31.62330216020217,0.012740516662597656,0.7
1221,0.4846310339278122,47.18686433835718,40.89674250865665,0.012889981269836426,0.85
1222,0.1328067076156318,50.056531858314976,37.97066850881683,0.013489460945129395,0.65
1223,0.6054328452159377,34.6080958078976,31.579011826523672,0.013246822357177734,0.9
1224,0.07589293056624244,70.73799733308019,54.62713944911981,0.01310640573501587,0.65
1225,-0.04942221398672649,68.80994286978873,39.79302592576462,0.013137054443359376,0.6
1226,0.15801897022258282,60.907235707595554,37.92479294893229,0.013201296329498291,0.7
1227,0.34951418322522426,38.3454289127742,34.28386321669767,0.012647616863250732,0.75
1228,0.07137226604145641,69.01016145118021,52.29535131277068,0.01263570785522461,0.65
1229,0.24520921190712683,57.561367907029265,46.01492564545048,0.012694132328033448,0.75
1230,-0.18708547359803096,68.08050376738525,35.30448162040415,0.013137662410736084,0.5
1231,0.35342037700973294,49.13816419223504,33.007657527788915,0.012751197814941407,0.8
1232,0.27018837943609464,53.5644310195586,46.58382944261991,0.012915241718292236,0.75
1233,0.33775294487351726,53.69935292557388,38.65917810443666,0.012861335277557373,0.8
1234,-0.10514762199896537,69.3408600591153,59.625739038387955,0.012756216526031493,0.55
1235,0.3184153752946631,40.89099578460508,28.543745020079896,0.012990319728851318,0.75
1236,0.09103515367158418,61.69495902326618,47.09024890169412,0.013293921947479248,0.65
1237,-0.0023592754444460517,59.534277879772596,30.924814362176605,0.012843441963195801,0.6
1238,0.2648597003837475,34.72722905080887,15.070156237682491,0.012863588333129884,0.7
1239,0.37101189117002037,55.940344739419935,41.50932687348733,0.012921273708343506,0.8
1240,0.28691969038675474,41.206755054174195,30.453940151907176,0.013182914257049561,0.7
1241,0.272488984613348,57.45953152687925,38.67183741301961,0.012921345233917237,0.75
1242,0.17854306849729362,56.1088799036645,39.3034439226873,0.012757277488708496,0.7
1243,0.34409390847765764,41.88066605677209,38.110278407945785,0.012454807758331299,0.75
1244,-0.15628235496156231,61.991156089370065,37.009713432978145,0.012817645072937011,0.5
1245,-0.1450423130275617,76.69913919768595,73.52426384510547,0.013065528869628907,0.55
1246,0.16078084910971968,57.50888477218591,46.981832278650685,0.013254141807556153,0.7
1247,-0.012772237047504442,66.62505413956488,49.31976852281095,0.013489723205566406,0.6
1248,0.13214436292631943,75.69650663209814,59.20146636601402,0.012956082820892334,0.7
1249,-0.14047454022484146,55.52115724912712,36.946952888407324,0.013108491897583008,0.5
1250,-0.11117894053182309,69.7922065194197,51.238794116672516,0.0131311297416687,0.55
1251,0.28746475631801116,47.77099553960704,32.080697842440934,0.012910592555999755,0.75
1252,-0.05039994488774026,55.04796851296565,41.97037762769215,0.012815523147583007,0.55
1253,0.17965043787167662,55.97174812661594,45.5451425338476,0.012716960906982423,0.7
1254,0.12401154743709494,50.91205281040237,32.20995369689891,0.012954294681549072,0.65
1255,0.3161498982714123,46.55871997431899,29.68840016095133,0.012852370738983154,0.75
1256,0.2507399890472432,56.807136906856115,43.665347449871966,0.01255582571029663,0.75
1257,0.27361464946205905,29.17406421202793,20.34593501033306,0.012730395793914795,0.7
1258,0.33095258194159094,41.004628056099975,16.235047342952797,0.012866330146789551,0.75
1259,0.23443166748223265,45.27466879371511,36.29483954378772,0.012817299365997315,0.7
1260,0.46890387260521954,48.335786415705165,48.076319163528964,0.013425815105438232,0.85
1261,0.19037033108371965,63.78735967114365,47.76329516795335,0.013074910640716553,0.7
1262,-0.08886159442898622,67.41021881884993,43.21766484567277,0.012910747528076172,0.55
1263,0.19045384750014355,63.60769588016511,47.57062643285656,0.01298668384552002,0.7
1264,-0.04033293407297099,75.99605950566168,50.5898562592834,0.01332077980041504,0.6
1265,0.03729291796191709,50.24604541923446,30.84056266052566,0.013055098056793214,0.6
1266,0.15024612459406153,64.70152033929408,50.40304997326103,0.01289834976196289,0.7
1267,0.018215095156013533,55.30891918979684,40.57718884833748,0.012983417510986328,0.6
1268,0.11849449305670509,56.19227844610255,33.04093188737543,0.012987196445465088,0.65
1269,0.1410939894989233,72.87427407558418,62.23386633571746,0.012840950489044189,0.7
1270,0.1453480877380627,50.12104416456201,31.74237768975374,0.012955164909362793,0.65
1271,0.3572559923363717,55.546419806387064,46.07087225107797,0.013082873821258546,0.8
1272,0.331546347406105,60.9331813600899,47.26529010802717,0.012971818447113037,0.8
1273,0.08286531235994045,65.71554454249518,53.83026682549296,0.01302574872970581,0.65
1274,0.41903088959347634,41.96069531063954,22.826939431061497,0.013018548488616943,0.8
1275,-0.19476004964641633,51.73174944643125,17.868489996363166,0.013127923011779785,0.45
1276,-0.2030137131542132,59.28978655245574,27.16880453460911,0.012973201274871827,0.45
1277,0.23260153081515472,50.63491907829528,30.29058861358427,0.013276469707489014,0.7
1278,0.2435438842625958,62.077796536335256,44.023874336862875,0.013035225868225097,0.75
1279,0.07097447861648357,65.53415853854862,47.11939638084742,0.01277538537979126,0.65
1280,0.32417795657083204,41.316229446724684,16.745560643589055,0.013083457946777344,0.75
1281,-0.18769973396524336,69.90298486076128,34.09222949514158,0.013083052635192872,0.5
1282,0.2657612095218039,55.11507437471279,42.183099869586606,0.013010692596435548,0.75
1283,0.07148804334253663,72.86330193531238,57.629334763226865,0.013003349304199219,0.65
1284,0.40178877215804737,66.58849782413108,58.497335354929334,0.013321602344512939,0.85
1285,0.3819017841024491,45.158814330591085,33.21060474645106,0.012777292728424072,0.8
1286,0.5695939245623881,43.785368105069765,35.71625727919893,0.01259688138961792,0.9
1287,0.2851636527818953,52.548948217259955,44.784339968598815,0.013105356693267822,0.75
1288,0.33798473082852815,57.38269857534768,49.03608634990768,0.01322411298751831,0.8
1289,-0.08218334356820275,61.051349709222485,44.11637991523466,0.013017857074737548,0.55
1290,0.11810734546472439,54.24684202605856,29.857416508430916,0.013071489334106446,0.65
1291,0.054363773027465534,50.67847184182415,32.23007321054775,0.013218140602111817,0.6
1292,-0.26698477852870656,64.95543514677036,14.971217130100895,0.013209569454193115,0.45
1293,0.28574141634204164,56.69966458274972,37.07305788777253,0.01300497055053711,0.75
1294,0.05658587288953516,72.33284207116773,56.5412534920912,0.012722170352935791,0.65
1295,0.12079844947915838,57.44597028841679,25.79065143968289,0.012750601768493653,0.65
1296,0.42723878252321246,38.98526811429157,25.382178815795214,0.013080084323883056,0.8
1297,0.017168667857353447,68.1464096210137,51.52588847832157,0.013114678859710693,0.6
1298,0.32294856849705683,47.65012447624666,30.93570636910528,0.012722158432006836,0.75
1299,0.09281080576539849,53.55588334238996,30.057785087788645,0.012974584102630615,0.65
1300,0.07875919766811298,60.26830633642535,37.74306286124035,0.012989640235900879,0.65
1301,0.18659813912006898,53.39969054590678,35.825478018855456,0.0130637526512146,0.7
1302,0.4247447201965596,53.86945451106076,43.60455526844262,0.013424158096313477,0.85
1303,0.10748091976350378,58.21556477705428,28.144539106819632,0.013213896751403808,0.65
1304,0.35716618346586415,39.320729134970534,27.667039287366666,0.013450813293457032,0.75
1305,0.22948883719039834,50.15438955633178,30.80286206148796,0.013972878456115723,0.7
1306,0.3156305999208029,49.69823101359145,41.79579006881597,0.01326063871383667,0.75
1307,0.20117748080427605,46.98743433551077,26.324952291969627,0.012783300876617432,0.7
1308,0.24607536781727685,38.953513915429674,14.654000413567198,0.012747669219970703,0.7
1309,0.6442179464041804,52.85456602430618,49.9812211052893,0.013136541843414307,0.95
1310,-0.09502779142026985,66.26822366452286,41.072890143952286,0.01279306411743164,0.55
1311,0.4055798417471996,64.35955280223932,54.97536501436671,0.01279137134552002,0.85
1312,0.26623754157316964,36.83632411155985,25.043911697530508,0.012718117237091065,0.7
1313,0.26541875290950456,59.85895609043301,48.53975201487071,0.012736022472381592,0.75
1314,0.4097954374677245,41.60989104138657,23.679668678453428,0.013134288787841796,0.8
1315,0.38272471206889314,40.180958529585915,22.144865759814408,0.012773692607879639,0.8
1316,0.37900832159974474,51.49107136587111,42.414225612688796,0.012530624866485596,0.8
1317,-0.046848394957340014,75.85603595249279,59.52516090271603,0.012456965446472169,0.6
1318,0.3274489641395773,66.4608556423321,54.04425743845954,0.012757444381713867,0.8
1319,0.23623192423947845,51.039656816866014,30.220435337101822,0.012542665004730225,0.7
1320,0.0964827147326521,75.25102977545643,57.87935973192094,0.012785673141479492,0.7
1321,0.4549820434330244,51.091500480149996,39.97894610483547,0.012776923179626466,0.85
1322,0.2115175609264986,50.79240458099671,50.30848316339929,0.012629401683807374,0.7
1323,0.23273392918135496,45.95048655575999,30.419358310934232,0.01278613805770874,0.7
1324,0.03545547895427922,55.123392067769636,24.588497787133416,0.012997090816497803,0.6
1325,0.09509528879009896,60.09484529432224,47.477820317359374,0.013508641719818115,0.65
1326,0.11045017647867723,54.033477027309004,38.285420715896294,0.013408517837524414,0.65
1327,0.3849022009318813,46.2070998419067,35.35638487713742,0.012975990772247314,0.8
1328,0.060514798131515016,51.52312966433402,25.686873713207536,0.013160920143127442,0.6
1329,0.5576004239901453,32.03817511190751,23.39149942192108,0.012887728214263917,0.85
1330,0.2757589477362855,55.43418313324544,35.686735721965356,0.012733352184295655,0.75
1331,0.31707293247700996,47.618699373857794,44.47241173158324,0.013103926181793213,0.75
1332,0.0622343760776768,64.9968497127128,38.687818521734876,0.012940502166748047,0.65
1333,0.13320983760231014,71.65428375576963,60.47245090994607,0.012950217723846436,0.7
1334,-0.08161021519239053,61.872946568335934,26.72873302026035,0.012552976608276367,0.55
1335,0.1807702681960316,56.486983369862585,31.34416130025176,0.012446200847625733,0.7
1336,0.08094328526374903,60.163583157965526,38.85392306324402,0.012702739238739014,0.65
1337,0.20486483951675588,50.63036686051337,24.244491768112788,0.013064467906951904,0.7
1338,0.003994270250736754,61.621502408969285,50.768025662577315,0.012635481357574464,0.6
1339,0.5064292306370154,40.48069455051054,33.731657412980184,0.012577056884765625,0.85
1340,0.2873163145122427,55.679146575740845,43.68474338855005,0.01289660930633545,0.75
1341,0.43842021221481103,45.4798064868407,39.04578815585117,0.013182556629180909,0.85
1342,0.48249025675601354,42.90666225910494,36.96652498968238,0.012745189666748046,0.85
1343,0.48258062450919226,42.39775472122301,35.87645724941696,0.012723410129547119,0.85
1344,0.46260038904322354,47.425486249380086,35.29082749940579,0.012889218330383301,0.85
1345,0.31618553194161214,46.078201899176335,44.17007482064908,0.01269078254699707,0.75
1346,0.16783348863608533,55.73658155050632,36.808119234102776,0.012573719024658203,0.7
1347,0.21443315972600802,52.1267779124512,25.135034969154276,0.012616801261901855,0.7
1348,0.5449281188479882,28.99706628547629,13.777404895389559,0.012761580944061279,0.85
1349,0.13249390892714455,53.71032839574267,29.720359723408794,0.012804543972015381,0.65
1350,0.04329300609760704,69.77854550352806,53.455945439725674,0.01300431489944458,0.65
1351,0.39207399602884035,48.69082222788018,38.47757237196906,0.01263800859451294,0.8
1352,-0.04400445877142776,56.6246967266498,36.7636241434115,0.013007116317749024,0.55
1353,-0.10729740646447741,46.984056029234026,18.033331767603208,0.012706077098846436,0.5
1354,-0.06828009726864843,60.817670512787856,34.531007980237966,0.012636971473693848,0.55
1355,0.214450321427002,50.89950575468511,31.451476544157202,0.012614738941192628,0.7
1356,0.05982092578897056,51.943621231072214,33.831960610188126,0.012683212757110596,0.6
1357,0.4966178258483783,41.126319283860504,39.2908722166755,0.012872886657714844,0.85
1358,0.07838762775333656,56.841709644905755,54.970838753736984,0.012806546688079835,0.65
1359,0.22791153442363238,46.910094539555885,31.61277846753725,0.012837874889373779,0.7
1360,0.5678857959260164,43.15446144303864,35.534141319328086,0.012620496749877929,0.9
1361,-0.0968652578628005,65.14149709613672,35.89535538914455,0.012801122665405274,0.55
1362,0.18167162777321186,55.43169444888946,30.858596563462836,0.012758898735046386,0.7
1363,-0.022175931139801965,64.55271701616952,39.71419354439102,0.01306074857711792,0.6
1364,0.05806183508293974,40.32435497536186,15.16348598957998,0.013009953498840331,0.6
1365,0.1847011948024871,51.902103535460085,39.00696451953852,0.012806522846221923,0.7
1366,0.026687326637716568,77.66569926688494,56.93194108463553,0.013023686408996583,0.65
1367,0.30749676526251657,62.887589235075744,50.74221223177847,0.012627935409545899,0.8
1368,0.09043654137044181,60.552037278389946,39.24297250281293,0.012396085262298583,0.65
1369,0.15643710523740548,56.20794708065578,38.64619710997035,0.012516045570373535,0.7
1370,0.39043852820106456,45.22715108537561,33.537379601162776,0.012732779979705811,0.8
1371,-0.020392910114462603,49.1952967056231,23.343525271450115,0.01270993947982788,0.55
1372,0.17809072886585645,59.99535973304471,36.09156315952664,0.012692701816558839,0.7
1373,0.461103508842805,43.310468736059406,30.848530410241672,0.012575030326843262,0.85
1374,0.4252687109762192,43.12006432931185,25.403623002884572,0.013358974456787109,0.8
1375,-0.07038480434953824,56.99238388094811,27.911468883492116,0.012728583812713624,0.55
1376,-0.017490260086091707,44.765662874997915,24.175904479787402,0.012786519527435303,0.55
1377,0.2316394168413684,50.111370912655026,29.053314457385227,0.01315368413925171,0.7
1378,0.2023528115314467,32.64739205500132,19.184103174567777,0.012678968906402587,0.65
1379,0.35710696281468624,50.155489672547326,33.96780748648736,0.012917244434356689,0.8
1380,0.40421497474356005,44.26156285291962,37.64555157065166,0.012850379943847657,0.8
1381,0.3404082429298892,57.639913784030284,56.42864647254618,0.0128761887550354,0.8
1382,0.3215611925831142,46.55714362152442,29.390028764869083,0.012716829776763916,0.75
1383,0.46867569081095617,46.51333940462861,33.86108377328385,0.012932288646697997,0.85
1384,0.11804377900285985,62.13291816228197,39.82477496931412,0.012778091430664062,0.65
1385,0.19693265447659597,53.57013631514293,41.297694517271296,0.013219141960144043,0.7
1386,0.2945489954428506,45.44684613174379,41.80940811581697,0.01314772367477417,0.75
1387,-0.04997073603236087,56.421936138344485,35.44870653564911,0.01329883337020874,0.55
1388,0.48158386715376383,48.04549880210222,36.5595705259516,0.01294010877609253,0.85
1389,0.5378168399371139,54.71503857716749,59.34088476704676,0.012699830532073974,0.9
1390,0.25645723559788597,57.47050775017082,58.377678870982734,0.0127801775932312,0.75
1391,0.3020078613764555,52.72639333820799,32.13936357438133,0.01273958683013916,0.75
1392,0.45714607719462863,49.51814882047905,38.4138203259935,0.01257021427154541,0.85
1393,0.2539819838771983,40.85983411161791,22.138762058956015,0.01249459981918335,0.7
1394,0.3952465673191315,40.18718206508752,27.62248556561084,0.01262662410736084,0.8
1395,0.2632291034213297,57.795043879926666,39.10329310775288,0.012543416023254395,0.75
1396,0.0766386893165528,52.268321722798284,16.229076654360494,0.012663960456848145,0.6
1397,0.20059912716929623,56.10671690113512,36.92826122306246,0.012460649013519287,0.7
1398,0.1223260517924835,45.54397806465936,15.783332794077076,0.01280043125152588,0.65
1399,0.1684028365153964,61.0325937164189,45.74976116060422,0.012529885768890381,0.7
1400,0.13880025245354857,44.011436986507796,21.80069208511675,0.01255948543548584,0.65
1401,0.13072696289921834,48.56707546980677,21.55598334191044,0.012891042232513427,0.65
1402,0.24278322646145653,49.58719783095244,36.603113484148025,0.012650036811828613,0.7
1403,0.5239640239396707,56.58759597623449,50.21621777516121,0.012859499454498291,0.9
1404,0.05895665019395806,67.34678019595805,63.58562995875257,0.012608623504638672,0.65
1405,0.20061430178028394,51.752264790893165,25.23039980778922,0.013096928596496582,0.7
1406,0.21837424322567536,46.391070450668984,31.20528725667612,0.012865591049194335,0.7
1407,0.09890847440102667,60.614191926833755,47.14954871567621,0.0125779390335083,0.65
1408,0.32335041676149634,42.2284338597148,30.884962706140552,0.012680935859680175,0.75
1409,-0.188803072393274,67.26993098523326,36.67787534364434,0.012779796123504638,0.5
1410,0.05386150682592672,69.89685289321821,52.300999603052496,0.013159096240997314,0.65
1411,0.068145940646587,66.56932359014168,55.63613079855564,0.012683391571044922,0.65
1412,0.011580749978546818,56.75030319881701,33.68400254925128,0.012649500370025634,0.6
1413,0.3818184051802064,51.23080998634691,35.96401512983883,0.012667155265808106,0.8
1414,0.250111949484903,63.20976216155717,50.6544637611959,0.012780630588531494,0.75
1415,0.052206355272738245,53.316840502201856,34.68877385967843,0.013048017024993896,0.6
1416,0.34507572051718416,56.28586534168481,47.869068862974835,0.012835323810577393,0.8
1417,0.4206155638632694,34.94811582115044,21.40829188669402,0.012888157367706298,0.8
1418,0.21019571578664942,45.833086026672625,30.54458906830238,0.013062965869903565,0.7
1419,0.5021196802862837,40.67799146385047,33.77412714834035,0.013168060779571533,0.85
1420,0.1389206826443642,50.65156067641478,39.2861738944263,0.01288212537765503,0.65
1421,0.3047556718011439,48.674282722279585,33.99832877523689,0.012848544120788574,0.75
1422,0.17356153773873692,59.300516474936856,50.44103652904947,0.012764489650726319,0.7
1423,0.11944610144485843,54.59289155633853,37.88907141704564,0.013386332988739013,0.65
1424,0.29619050214915665,42.644086267936096,31.86277292576377,0.012748265266418457,0.75
1425,0.20171723239913683,49.13938115995638,41.97151274775782,0.012914907932281495,0.7
1426,0.3277709362386181,67.0282756203716,55.088160619078465,0.012771022319793702,0.8
1427,0.41137377314001944,46.0970266394629,28.273832015331838,0.01285989284515381,0.8
1428,0.21576364350788876,66.02720309952005,49.70350541938345,0.012901508808135986,0.75
1429,0.3495483350395503,41.76297375657418,23.779031603554888,0.01288621425628662,0.75
1430,0.26520995741768383,55.90809426010293,42.89950474880521,0.012709951400756836,0.75
1431,0.42092374209285566,34.26572523221357,26.70868902310166,0.01290055513381958,0.8
1432,0.14375504596129413,50.78460035583127,32.225975640756864,0.012958896160125733,0.65
1433,0.2880747054519275,45.596674363409,36.342510652365476,0.01292186975479126,0.75
1434,0.2020825283781754,50.52374766306086,23.796728369423068,0.012882363796234132,0.7
1435,-0.00038082617624897176,66.7196180180653,51.481226648855305,0.013105201721191406,0.6
1436,0.02864249224832104,68.01481345031246,56.426985001515796,0.012830018997192383,0.65
1437,0.2079363688325273,55.23796628002575,36.16834430090292,0.012922906875610351,0.7
1438,0.3982317575769663,51.647004422753675,48.09456943840624,0.012888956069946288,0.8
1439,0.4149620548347778,47.36040690907639,36.58511320948944,0.012532413005828857,0.8
1440,0.1384919327715381,50.449091854687296,39.22524566815309,0.012899768352508546,0.65
1441,0.5633536451587945,42.11446044298107,33.676715817792584,0.01250159740447998,0.9
1442,-0.22108621500020295,83.19627842652469,59.274577362856505,0.013025414943695069,0.5
1443,0.40079778898516133,45.91753040076881,34.81195289354825,0.012717795372009278,0.8
1444,0.4081730920989634,43.573628619090556,26.179958654234373,0.012739741802215576,0.8
1445,0.4039610402754584,41.61902916476202,29.285109090843306,0.013195323944091796,0.8
1446,0.4350902118416822,31.55745029602243,23.20894820052066,0.012998735904693604,0.8
1447,0.3108424782639563,46.41765019632458,37.18547277300338,0.012890756130218506,0.75
1448,0.1024810290998532,57.17988948373197,32.69070108871648,0.012821018695831299,0.65
1449,0.2251206056476387,71.16455461829466,57.13359743215663,0.012825632095336914,0.75
1450,0.285435813668895,35.83542500297327,30.603686238497357,0.01280447244644165,0.7
1451,0.3832320737745295,45.37631851492732,34.89198524167331,0.012621235847473145,0.8
1452,0.29737018211632316,54.99679308255442,41.8833714498016,0.012753105163574219,0.75
1453,0.046283274829748665,62.92036856303317,51.609861811833106,0.012898266315460205,0.65
1454,0.11238372949443942,60.91227649947983,32.597363154320405,0.012823128700256347,0.65
1455,0.1413823078893899,49.619818595497804,22.815551336022665,0.012488043308258057,0.65
1456,0.3343085406771188,66.52353137547011,54.110997120578574,0.013031816482543946,0.8
1457,0.03922192927573327,50.122549718364816,25.11176373870021,0.012900233268737793,0.6
1458,0.0662925496731883,62.91485098052215,41.117829965774455,0.012751805782318115,0.65
1459,-0.012541979853779828,68.82465528491367,54.15307890086209,0.012904274463653564,0.6
1460,0.4006508320926453,51.68437192632696,48.29236820312655,0.01280362606048584,0.8
1461,0.6506818189179115,42.983233267336225,38.99660897290463,0.012742173671722413,0.95
1462,-0.03541686359361089,57.60463045727994,20.603601399185216,0.012729108333587646,0.55
1463,0.321527238759683,41.02104033553674,35.08887374489089,0.012750351428985595,0.75
1464,0.3490829930741911,35.211732457987786,29.45090910736088,0.012787508964538574,0.75
1465,0.398618539958424,50.61144960781164,35.27307339397196,0.01289815902709961,0.8
1466,-0.2787998721521761,50.59700649518048,16.564946985268012,0.012656807899475098,0.4
1467,0.1064042149977529,52.08710410286428,39.56168308125279,0.012918460369110107,0.65
1468,0.12592360256174043,54.44950883472586,36.80498417539607,0.012668204307556153,0.65
1469,0.23811505895196028,47.5102594936938,30.465749624490368,0.012861192226409912,0.7
1470,0.46518243597236275,31.982142303296627,28.327276338129373,0.012463605403900147,0.8
1471,0.06350398381851317,61.052588738551684,43.79255506546544,0.012710893154144287,0.6
1472,-0.08010243306533481,58.004513928369036,55.194562812345445,0.012512505054473877,0.55
1473,0.277320690380307,58.086218500271514,45.05304445256176,0.012582206726074218,0.75
1474,0.46205256130822986,51.58147503154881,39.928083463817245,0.012801969051361084,0.85
1475,0.37569872357725054,62.90603910639371,59.52908265313484,0.012540328502655029,0.85
1476,0.46243196226730066,47.228430494506185,40.53547726760589,0.012669014930725097,0.85
1477,0.46139537317576024,46.64968126298838,39.66761998348787,0.012722980976104737,0.85
1478,0.6197369815567537,49.01062733007528,44.83544240546096,0.012338614463806153,0.95
1479,0.22090282832989766,51.66193190316259,39.419083912208315,0.012717139720916749,0.7
1480,0.1408082345618511,71.41319306363972,59.53657052492334,0.012890875339508057,0.7
1481,0.16332273734623212,60.90103879233967,38.435030142910456,0.012713372707366943,0.7
1482,0.250234250231592,65.82628695235523,56.50179071994664,0.012481629848480225,0.75
1483,0.14691830565416458,50.913028108514865,25.165227862065894,0.01293867826461792,0.65
1484,0.32775105808529725,40.99212103079418,30.17236575908276,0.012731361389160156,0.75
1485,0.2969927809803909,51.49402941812698,30.725875018469537,0.012427294254302978,0.75
1486,0.38124553070765643,49.74475451699978,32.53532395897049,0.012677359580993652,0.8
1487,0.22436548670766446,50.74735870890801,36.211182283341735,0.012382316589355468,0.7
1488,0.4376755841412546,44.28133017476167,27.18149739698049,0.012678718566894532,0.8
1489,0.13764450871530562,51.28316229361669,16.039160433491507,0.012635576725006103,0.65
1490,0.16921496386520668,62.07529995046485,53.42274509293462,0.012567651271820069,0.7
1491,0.30690303157942395,46.49888520030267,23.738566517077782,0.01242891550064087,0.75
1492,0.2858451456262955,52.645692217455554,36.34462771444823,0.012680292129516602,0.75
1493,0.03428943182594144,57.118564276218606,17.67551992517372,0.012549352645874024,0.6
1494,0.04443333888524782,76.35419891674138,62.45949310122066,0.013047730922698975,0.65
1495,0.2563782494687162,39.7826636549572,36.96041949280442,0.013050699234008789,0.7
1496,0.5313918386734473,31.381192793786774,17.172322175869226,0.012871050834655761,0.85
1497,0.5033255859995485,37.97807762178525,35.00372548405113,0.012409019470214843,0.85
1498,0.4045435251175714,41.555187925426736,28.095199949182472,0.012654662132263184,0.8
1499,0.3149728921546471,41.70834329916718,35.882834396117154,0.012468230724334717,0.75
1500,0.44135667470612383,37.30509018971426,18.49286496912262,0.012780392169952392,0.8
1501,0.13156239757149663,64.43994310689285,50.282778081172935,0.012826049327850341,0.7
1502,0.05415590336476443,68.98326143916337,44.4533718475867,0.012886691093444824,0.65
1503,0.2967692424804842,55.89705429314911,36.12768001614636,0.012546396255493164,0.75
1504,0.7064586211783344,28.60261928748106,24.233150814279792,0.012907576560974122,0.95
1505,0.09094761538666873,37.35154288689871,17.336301593888795,0.012671971321105957,0.6
1506,0.35811343172943805,32.386479717142116,23.093700725426537,0.012581253051757812,0.75
1507,0.15755002593790807,40.862216758350776,30.763224947860515,0.013036859035491944,0.65
1508,0.2740168099416209,51.60379000786385,30.385337426962373,0.01286848783493042,0.75
1509,0.41572733357311914,40.578188240634425,34.844061565149445,0.013337492942810059,0.8
1510,0.3027049164364241,64.25637674634886,51.745397094835354,0.012652814388275146,0.8
1511,0.4924262476788047,40.81342364737566,34.19860765643294,0.012738025188446045,0.85
1512,-0.05219663508347998,79.85474119487671,65.15810448037017,0.012777292728424072,0.6
1513,0.31254994519767676,41.228046818243726,36.53286563036104,0.01285548210144043,0.75
1514,0.31609050121744575,45.03831598386149,34.82358359855494,0.013262557983398437,0.75
1515,0.34099881833799933,41.74838543469772,31.38021349047747,0.012645649909973144,0.75
1516,0.6344733844554546,32.06021010311817,28.309566181161518,0.013078570365905762,0.9
1517,0.5939495065513569,32.19114849793347,23.469633240766083,0.012754273414611817,0.9
1518,0.33100773406276635,44.79735440366569,21.804673778881657,0.012683725357055664,0.75
1519,-0.014205070696638233,50.73384221698424,35.57054338717262,0.01327892541885376,0.55
1520,0.3988371773392145,45.60542642153719,53.41313046543073,0.012907052040100097,0.8
1521,0.46494378552019144,24.67905744301259,21.196538937017603,0.012781262397766113,0.8
1522,0.4490943307394598,30.988287138022713,15.973548815001859,0.013483190536499023,0.8
1523,0.36905274349241757,53.20954105881479,37.752921246077456,0.012635481357574464,0.8
1524,0.4114105673329112,47.43429286818839,28.981312999070234,0.012578618526458741,0.8
1525,0.18573448152012614,40.37080122958576,40.10908010665896,0.01322704553604126,0.65
1526,0.2861302237851716,51.097070088509895,36.23415816638323,0.012458312511444091,0.75
1527,0.4159950333131962,38.2561999638241,25.57845112643069,0.01256190538406372,0.8
1528,0.5200542863939546,36.828007464777095,34.69332861185108,0.012853109836578369,0.85
1529,0.321660893854259,36.40871037720656,22.888315627359717,0.01301712989807129,0.75
1530,0.599900238276806,32.024991074351114,28.803164524962053,0.012698638439178466,0.9
1531,0.42582383293935405,34.96185346313157,27.684539033109466,0.012669384479522705,0.8
1532,0.2863927922391892,32.20323837484562,23.217973148635945,0.013008928298950196,0.7
1533,0.39144170221758234,49.686298202388414,39.14641335181255,0.0128265380859375,0.8
1534,0.18521039335431533,57.74742122696408,41.162926289297,0.012729763984680176,0.7
1535,0.23134639515114236,43.93636466584095,25.435639745292644,0.012797081470489502,0.7
1536,-0.04482764582599304,59.65530436716055,30.57385738062194,0.012552487850189208,0.55
1537,0.41297178777035715,36.47998387879557,35.662865539922954,0.012932133674621583,0.8
1538,0.5757435873728027,22.760922202807347,23.74745827085216,0.01265730857849121,0.85
1539,0.4582576075468097,44.96576344065936,32.110770319471214,0.012694764137268066,0.85
1540,0.4100187430103876,42.96887700891461,36.3932946454561,0.012614262104034425,0.8
1541,0.4236152600476718,60.221015064415084,49.88494065540834,0.012890517711639404,0.85
1542,0.5504458057282233,31.612493298016545,28.899002872063352,0.012611150741577148,0.85
1543,0.5202012984153052,41.08494200506264,28.521353124643948,0.012622380256652832,0.85
1544,0.535767266808645,49.67787761431321,41.34762852201744,0.012644267082214356,0.9
1545,0.18631554779955065,54.26868279801552,36.18491625025802,0.013170409202575683,0.7
1546,0.32444124619201314,34.702505629430924,27.60403852728876,0.012984538078308105,0.75
1547,0.24563967212610036,44.53302911978946,28.552935528269092,0.012711524963378906,0.7
1548,0.46379295917848157,48.80697361330666,37.69989122999081,0.01271742582321167,0.85
1549,0.32350280441427703,60.18853976765755,53.257145830630556,0.01262073516845703,0.8
1550,0.10729225454309439,53.66601795541027,28.98106324763921,0.012947678565979004,0.65
1551,-0.049128615975099835,49.91309581497055,25.2352135731511,0.012582540512084961,0.55
1552,0.3970011383849084,45.758033449423394,34.2343950976531,0.012381207942962647,0.8
1553,0.05565144727935972,69.0149408117741,65.14374188942179,0.012705254554748534,0.65
1554,0.37970821917571784,46.76287918562203,35.204643577243026,0.012619173526763916,0.8
1555,0.35967911931177565,58.80758122233419,62.714347176894776,0.012941205501556396,0.8
1556,0.27944513418830497,51.35257609266108,36.620916653105425,0.012503516674041749,0.75
1557,0.47598826028258284,46.780983601786076,34.257672337559136,0.01264188289642334,0.85
1558,0.16836574129663717,41.049656288867936,24.543108832851228,0.01275477409362793,0.65
1559,0.06935467234801847,45.31491412163481,31.272034926628546,0.012687873840332032,0.6
1560,0.229831345603651,49.96932123253935,30.06324687279356,0.012885987758636475,0.7
1561,0.05507613530377011,44.76720854448334,23.83312816784685,0.012642931938171387,0.6
1562,0.23572281869767098,51.347224680276575,38.40853800388141,0.012529468536376953,0.7
1563,0.12470820756705314,61.07717995670104,47.304276170928844,0.012557518482208253,0.65
1564,0.49236533825636436,45.76894421737335,39.97529446443542,0.012559854984283447,0.85
1565,0.4953968641988524,38.84704559705857,31.68859209634538,0.01258854866027832,0.85
1566,0.2087481474570267,48.08989876537289,33.04582838803014,0.012503159046173096,0.7
1567,0.1535640300782324,51.384689054933666,24.3481690077585,0.012715065479278564,0.65
1568,0.23780258035396926,64.20602273520416,46.68334676677354,0.01543254852294922,0.75
1569,0.3083993781697939,42.80225896703687,24.701004345258646,0.012460589408874512,0.75
1570,0.38083983711139535,50.38000271434585,34.765752949797495,0.01253209114074707,0.8
1571,0.4940978425277834,36.93984018118341,34.19173344920167,0.01258697509765625,0.85
1572,0.5830705700340771,35.16242345893193,31.839660984766837,0.012674510478973389,0.9
1573,0.27847699112707,52.408902365615276,45.25043352395462,0.012554597854614259,0.75
1574,0.3667970008506519,56.77556421873421,42.255955264034725,0.012460482120513917,0.8
1575,0.1698624414852185,44.30613160525375,22.516888887856787,0.012604749202728272,0.65
1576,0.4519769066508955,52.73505554106163,48.271027799135446,0.012674081325531005,0.85
1577,0.42162841468290785,40.6790583977939,35.376131010527374,0.01276179552078247,0.8
1578,0.3044190559587835,45.118560569034685,29.622465807423172,0.01274855136871338,0.75
1579,0.29685136749140817,45.42099334145378,35.26853740240814,0.012910771369934081,0.75
1580,0.5952776492062017,37.048345242506386,33.11467431960712,0.013035595417022705,0.9
1581,0.5231725047430047,37.53054810798625,23.900133222374752,0.012738537788391114,0.85
1582,0.5349559986484135,51.06919519921903,49.920703917369096,0.012824785709381104,0.9
1583,0.5960336847608214,41.6828292215189,34.1167256343327,0.013032889366149903,0.9
1584,0.42384550320596653,42.179421846563066,29.955713792228803,0.012614381313323975,0.8
1585,0.47944568620614925,47.89995605782197,36.16586584512875,0.012678825855255127,0.85
1586,0.37375027207410055,52.78865003373269,37.45808998776178,0.012582910060882569,0.8
1587,0.20302998986424486,56.42783535683335,32.02307119415492,0.012584877014160157,0.7
1588,0.5152792875253599,38.26602866163993,35.248181159040335,0.012932300567626953,0.85
1589,0.2946445245184033,40.662037533974434,22.58582353972449,0.01320897340774536,0.7
1590,0.2596144454676475,42.233807611488814,39.200770895285984,0.013677167892456054,0.7
1591,0.22109531807622348,52.96733760299577,47.26339113063889,0.012959563732147216,0.7
1592,0.3787658597649707,50.894978139614,41.95433081342175,0.012798941135406494,0.8
1593,0.3468728868822049,44.789834059703836,35.01686203346173,0.012565279006958007,0.75
1594,0.2518096786200069,40.930543147907,23.69565938682413,0.012566137313842773,0.7
1595,0.559562680456616,48.08692082308481,41.02954895513789,0.012871801853179932,0.9
1596,0.03307513350950383,51.56379969604784,27.617850744746956,0.012855470180511475,0.6
1597,-0.18236822187059087,70.05445473858057,34.29574897863663,0.012834537029266357,0.5
1598,0.3867758664071846,52.56933326202794,37.48815400277009,0.012650787830352783,0.8
1599,0.12456078607369307,76.83247832729016,60.93597201545557,0.0127128005027771,0.7
1600,0.10063174198799638,59.3976127324809,30.663206724359156,0.012649726867675782,0.65
1601,0.6097706291528195,31.078570337693254,32.6506963302501,0.012445461750030518,0.9
1602,0.017405419386612293,60.9887791347256,42.89219813184678,0.012737846374511719,0.6
1603,-0.10012791483884384,66.64321536590339,45.00815686346454,0.013072216510772705,0.55
1604,0.3223344944156872,46.43469521058048,30.18479406108366,0.01297013759613037,0.75
1605,0.06800039442945516,41.05065618693066,16.75169663210308,0.013051986694335938,0.6
1606,0.3215279958163886,50.41101871139534,29.540242150155837,0.013069307804107666,0.75
1607,0.058469117381265125,51.715710785875025,35.148255427179265,0.013479208946228028,0.6
1608,0.2950783336515997,46.16676124590135,23.737101658455412,0.01258089542388916,0.75
1609,0.3672033316862599,52.53736090528795,43.37926796738171,0.012609636783599854,0.8
1610,0.39346611795208325,46.988603128632874,35.1618857454917,0.012522315979003907,0.8
1611,0.3544457889374695,34.53105309173132,21.95819421003777,0.012630271911621093,0.75
1612,0.4361497633253727,47.963232037307556,31.88447587502129,0.01254786252975464,0.8
1613,0.32002696711391987,38.94337412267022,20.95191013125531,0.012614500522613526,0.75
1614,0.46696145888143314,36.695037432644675,36.55685762867586,0.012528681755065918,0.8
1615,0.5419857967439974,55.15719753570259,49.09510639713891,0.012822413444519043,0.9
1616,0.2587368068691365,49.56406323932249,37.34136088855644,0.01254349946975708,0.7
1617,0.5606168471663455,30.438274997681695,27.208057911624316,0.012521278858184815,0.85
1618,0.5872684988495485,35.57075584691822,32.48699158923619,0.012889623641967773,0.9
1619,0.5260852289468455,34.9822358543692,21.50912720151067,0.012726080417633057,0.85
1620,0.24115342307722,47.9201285335304,25.212336150467678,0.012929272651672364,0.7
1621,0.4607637491285733,47.27499033673597,46.86092007705718,0.013747692108154297,0.85
1622,0.6873123863061292,30.407844919976007,30.02388030551557,0.01251671314239502,0.95
1623,0.4847910360878477,40.054336653766306,27.485669940013462,0.013020384311676025,0.85
1624,0.6892427808210461,39.63704738769207,34.9637461329607,0.01285414695739746,0.95
1625,-0.006210489186608115,42.44225492098816,18.56585553687295,0.012891745567321778,0.55
1626,0.2564833667862358,56.98712837006322,43.55136429348113,0.012688720226287841,0.75
1627,0.1960082118952796,55.62590095414337,37.46802243206112,0.012684190273284912,0.7
1628,0.6632101877733373,46.36383679577905,42.823296041682745,0.012503957748413086,0.95
1629,0.2784288279431629,36.234165536209005,16.981596808738487,0.012807691097259521,0.7
1630,0.18003118298520332,53.972339183588076,34.15009999720181,0.012530970573425292,0.7
1631,0.5467281781916944,32.004421745828765,18.009002444402054,0.01261674165725708,0.85
1632,0.3553651699402916,51.52349415378346,35.39557926974561,0.013012731075286865,0.8
1633,0.5706565363338318,35.1797747750502,27.00831223306987,0.012613928318023682,0.9
1634,0.3038483497057544,59.47974972079339,46.74049449441676,0.013063764572143555,0.75
1635,0.30154187947785116,52.6262033444787,37.91286850028543,0.012710034847259521,0.75
1636,0.3469371706624015,41.52870573162454,30.23256915970761,0.012911188602447509,0.75
1637,0.4279945819120134,39.65590260156768,22.298897188673145,0.012664806842803956,0.8
1638,0.33990373860112844,40.25395508252406,36.31175421001015,0.01283724308013916,0.75
1639,0.363899053599669,57.86948965672925,43.49008831725462,0.012781155109405518,0.8
1640,0.5009755522353885,36.187182870671236,34.32301730819173,0.012651419639587403,0.85
1641,0.18108296172273466,62.53346157074401,47.212365615386304,0.012734735012054443,0.7
1642,0.29468368250605914,50.60609800036408,36.366597245277454,0.012819790840148925,0.75
1643,0.10388048090892106,59.70072406318517,37.12846587402869,0.012710678577423095,0.65
1644,0.2977937421858822,40.77136102912978,35.314727440456345,0.012648606300354004,0.75
1645,0.3548635444893156,34.22444241311355,27.71837411064746,0.013028573989868165,0.75
1646,0.38021588710394255,50.91433000683569,41.78380224533497,0.0133949875831604,0.8
1647,0.2401773415078115,49.72939695824287,35.25461095223714,0.012780332565307617,0.7
1648,0.3652241163138815,54.25401895208172,44.58019713986201,0.012948298454284668,0.8
1649,0.28653917622289693,28.39139826055515,25.87575609610415,0.012768828868865966,0.7
1650,0.5926369455190276,30.45485399638821,21.582551582561354,0.013010144233703613,0.9
1651,0.14517847405323409,46.75546438738105,34.42946495100852,0.012612676620483399,0.65
1652,0.4944429062190424,49.637135904923994,38.31950847408142,0.012652981281280517,0.85
1653,0.6058168904302814,37.2135046832221,34.26304989652414,0.012268269062042236,0.9
1654,0.27144744167846235,56.47397158577987,44.07133827652696,0.012638497352600097,0.75
1655,0.5280314996290123,37.48967649097938,23.525263769531605,0.012539219856262208,0.85
1656,0.30361652952951257,53.432307286689266,34.02389957318801,0.012338101863861084,0.75
1657,0.25507140244236426,40.953344807904834,23.655706584257974,0.012481999397277833,0.7
1658,0.23267423221584874,65.31286758449207,55.91811716183154,0.012657487392425537,0.75
1659,0.3468959250016942,55.54394644261771,46.61339127201795,0.012792181968688966,0.8
1660,0.4410684243943638,56.51981413798045,46.37136604659007,0.013009536266326904,0.85
1661,0.5926195611214664,42.693904571223236,33.965702249005226,0.012631630897521973,0.9
1662,0.13775524598136765,52.36796344331536,34.064922823951925,0.012907016277313232,0.65
1663,0.138767356471402,44.40777929164851,21.81937178416351,0.01247953176498413,0.65
1664,0.5157217703380652,31.350134467771575,22.134780761860668,0.012410366535186767,0.85
1665,0.38760458872443265,47.11828141922545,29.94492332294933,0.012571990489959717,0.8
1666,0.6130165680615589,31.398588967963725,27.297205796177096,0.012677991390228271,0.9
1667,0.40852228413467123,40.56188030725995,33.836446200370645,0.012614703178405762,0.8
1668,0.6374919979073794,31.8549422004821,28.199530607650306,0.012418997287750245,0.9
1669,0.4954310003912162,35.65686971422411,27.622168637538916,0.012670612335205078,0.85
1670,0.41284552634847094,42.701630553462266,35.88373948636254,0.012366890907287598,0.8
1671,0.2615604823715351,43.00190667116239,25.190692200992565,0.012517309188842774,0.7
1672,0.38736517187749253,52.264418413343705,36.89183673170035,0.01267244815826416,0.8
1673,0.6376776135362705,24.341127448714683,25.52825844770542,0.012990343570709228,0.9
1674,0.25961724963044214,63.05241667623535,53.80407623010756,0.012499523162841798,0.75
1675,0.10677109760272951,53.38841078100205,27.909778678547994,0.012623119354248046,0.65
1676,0.3375437601884479,40.785558570100086,29.477388504796977,0.012902402877807617,0.75
1677,0.3648379530681519,55.17025946674305,46.049656038248514,0.0131256103515625,0.8
1678,0.23632797117846932,45.543507087749425,37.948476639714386,0.012566018104553222,0.7
1679,0.4309372307956446,39.48239946982529,33.848789233625354,0.012624001502990723,0.8
1680,0.16726603013156133,56.36135159091408,46.09093721442595,0.01295222043991089,0.7
1681,0.7938794799046622,27.098648378082622,27.098648378082622,0.013221728801727294,1.0
1682,0.14666020145948072,55.70555695980795,32.82819795489798,0.012619233131408692,0.65
1683,0.6130567931209528,26.28970800226394,16.838686030542938,0.012884604930877685,0.9
1684,0.328135790775026,42.0825478312531,36.62012626578307,0.012824726104736329,0.75
1685,0.44483564826564714,36.345803312299424,16.324017905231457,0.013461148738861084,0.8
1686,0.2128183806981571,52.43823039227179,38.61847016032869,0.012885522842407227,0.7
1687,0.5096562075662479,55.86644682690081,49.858016894653574,0.013312911987304688,0.9
1688,0.3221703481706564,47.1345688859321,30.706210440094786,0.013342368602752685,0.75
1689,0.252371091202731,45.23380344554908,22.651796550500304,0.012222778797149659,0.7
1690,0.21571526214277875,51.460852252188566,38.377230029846984,0.012590157985687255,0.7
1691,0.30931561823770826,40.34488697166479,27.673999117342,0.0129500150680542,0.75
1692,0.24152938114614492,48.656658744741804,39.506161920694794,0.012725436687469482,0.7
1693,0.16193792868037724,56.56418619315831,31.821019311528147,0.012414240837097168,0.7
1694,0.18314845811640643,37.85264484672764,24.755784106644345,0.01312476396560669,0.65
1695,0.5466588958216324,29.3433753644098,26.009480167522643,0.012924528121948243,0.85
1696,0.44034913839820466,53.394280525870315,48.58960058589412,0.012702524662017822,0.85
1697,0.24843890685499903,39.07837523622177,28.46533219811513,0.012679314613342286,0.7
1698,0.3823042433758864,47.75413064449149,42.44257865671865,0.013028061389923096,0.8
1699,0.16177072159771824,46.491711382002805,38.79769837498473,0.013059091567993165,0.65
1700,0.43471952072216613,36.714241340595166,27.931712533545785,0.012795615196228027,0.8
1701,0.338647383396938,47.8915177059083,24.290539103591925,0.012767958641052245,0.75
1702,0.2832161992557275,43.780160834951104,25.35770450939054,0.013744962215423585,0.7
1703,0.4866255896372004,41.20802852767255,33.47951561566455,0.012944567203521728,0.85
1704,0.34560329839536186,42.6154154213654,24.367912128261477,0.012529850006103516,0.75
1705,0.5200255963044847,43.10778662367557,36.54146356971199,0.0123968243598938,0.85
1706,0.32798194864140157,37.968841765542585,19.21320838024854,0.01261810064315796,0.75
1707,0.5399694147244658,31.509131651172925,22.67054959528995,0.012840199470520019,0.85
1708,0.5963408790603982,36.58083488115547,27.343753756399188,0.013009095191955566,0.9
1709,0.24069682171793133,45.96531722303093,23.703205640455426,0.012638592720031738,0.7
1710,0.3283539645942124,44.36982593684461,26.598064378412904,0.012629568576812744,0.75
1711,0.18011605789238655,38.78287056795013,14.028399868944955,0.012702584266662598,0.65
1712,0.5038170864262181,39.89616369098694,38.45354669978158,0.0124029278755188,0.85
1713,0.5904523469301546,31.568514457281207,22.14741420960705,0.012687265872955322,0.9
1714,0.49315620618342076,38.52850908930409,25.3272184351152,0.012836813926696777,0.85
1715,0.522852990510481,35.45643979300856,21.977246850516924,0.012563884258270264,0.85
1716,0.48811846505937034,40.41274515461833,32.26812891308369,0.012764418125152588,0.85
1717,0.3198592781539146,42.39092206867984,36.96078199904044,0.012648236751556397,0.75
1718,0.34015728246183424,38.96305386240556,20.59597884319159,0.012574541568756103,0.75
1719,0.1999214305921073,59.653086842828465,41.285138274522375,0.013108634948730468,0.7
1720,0.3121717077959271,47.35313017341256,30.83198293944077,0.012707805633544922,0.75
1721,0.7282953430244252,21.214165188779305,16.430486709154838,0.012624382972717285,0.95
1722,0.424714746489963,45.28247723710657,34.37808664963052,0.012370085716247559,0.8
1723,0.5106220194321154,43.94005636061464,32.223598981080706,0.012422692775726319,0.85
1724,0.4990667757781114,38.84644134532134,31.27438019117838,0.01265420913696289,0.85
1725,0.6243055008224327,32.476380882734915,29.09716113305501,0.01292126178741455,0.9
1726,0.40576946159007204,37.10240861942456,29.650695167047516,0.012816667556762695,0.8
1727,0.5037485748032886,38.40606377437033,29.750862480269546,0.012535285949707032,0.85
1728,0.42050799598099164,37.880997570064466,37.320462496617864,0.012684321403503418,0.8
1729,0.3546809197720057,43.5206637146801,26.374846125969135,0.012693524360656738,0.75
1730,0.6130579451327298,31.60922530152186,28.353182503403964,0.012620663642883301,0.9
1731,0.594448030827654,47.366502256466426,39.557499784380965,0.01258852481842041,0.9
1732,0.5097478216177272,41.60098771673743,34.85847000141181,0.012717688083648681,0.85
1733,0.35818318201865207,36.450464145579126,24.124833715959234,0.012576103210449219,0.75
1734,0.44753998836008363,30.43284455480788,15.381924365388034,0.012294113636016846,0.8
1735,0.4693765593688452,41.93403508409163,30.11842974685947,0.012683606147766114,0.8
1736,0.5040370162352864,42.114390625709696,29.907923782509087,0.012761116027832031,0.85
1737,0.45170963696225525,35.191241985676626,22.032865550920537,0.012597227096557617,0.8
1738,0.3284659450071188,45.968438828806896,35.552115280071185,0.013119471073150635,0.75
1739,0.11146979786478632,55.71655873945523,39.47909944494248,0.012790250778198241,0.65
1740,0.42196542023349914,42.10173067807559,24.8577835198942,0.0125541090965271,0.8
1741,0.206029758903498,50.26206357957614,22.883955775522992,0.012659895420074462,0.7
1742,0.18507365784883226,52.043584087795125,38.5504013516984,0.012791860103607177,0.7
1743,0.5800065303726925,36.328636591148815,27.55287161383628,0.012747859954833985,0.9
1744,0.49565109245155464,30.10653333617961,16.126073836369414,0.012523162364959716,0.8
1745,0.4045181380715578,44.54546949104406,32.90501319362598,0.012960803508758546,0.8
1746,-0.07702956034248035,61.851454127074206,27.963467700966373,0.012750113010406494,0.55
1747,0.33893979164546273,39.7583222517649,34.899468197523305,0.013084352016448975,0.75
1748,0.4980721075811145,40.96057564339599,28.266366162579967,0.012770330905914307,0.85
1749,0.4901224683496708,29.153649735869937,19.370256865804123,0.012753784656524658,0.8
1750,0.4289549250182634,42.88740862877428,31.307199183860927,0.012555444240570068,0.8
1751,0.6113095276549302,32.00544016742281,23.05916834910559,0.012729251384735107,0.9
1752,0.31411238079621034,62.93425182008998,53.822205581057524,0.012733960151672363,0.8
1753,0.4866455605150649,45.30112812514917,33.11395830448519,0.012579250335693359,0.85
1754,0.32832060759885084,36.63417509710959,16.706218134945992,0.012524616718292237,0.75
1755,0.3494550745827852,42.08606836967648,37.031579801019035,0.012820720672607422,0.75
1756,0.6054645486613954,35.77358978771342,32.99130310251048,0.013123893737792968,0.9
1757,0.5311114154843402,33.3675264803078,24.420474016154976,0.012821877002716064,0.85
1758,0.6809719649635589,40.374253506848966,36.44118555868487,0.012476837635040284,0.95
1759,0.6562913401746722,42.80881892179569,39.07125520028735,0.012911951541900635,0.95
1760,0.6130188944674475,31.159243152814305,27.553043455867645,0.012437927722930908,0.9
1761,0.7695576747507296,42.741270008444076,42.741270008444076,0.012532532215118408,1.0
1762,0.720908810640206,23.53440065183319,22.767712823485766,0.012506997585296631,0.95
1763,0.48974582067963446,42.251359065297734,39.854404889249814,0.012733089923858642,0.85
1764,0.7256816839780809,26.786833951261247,22.012888378397793,0.012657630443572997,0.95
1765,0.6064144602913737,21.01037036049968,22.27010542763355,0.012888574600219726,0.85
1766,0.4435011476388103,32.34240057533769,23.267069050650534,0.012819123268127442,0.8
1767,0.3346931209193817,43.11076182034658,24.075860619817878,0.012739193439483643,0.75
1768,0.48858256868449834,28.83077996289349,24.340306362840153,0.013017964363098145,0.8
1769,0.5164489451662433,34.2807488229099,30.39349944845071,0.012591028213500976,0.85
1770,0.2848885642296768,31.268444721636563,14.431156349307141,0.013773751258850098,0.7
1771,0.6551789070270561,29.808360471765006,25.214912246134993,0.01266946792602539,0.9
1772,0.44976779610220624,38.82524497247911,32.798769929120965,0.012891745567321778,0.8
1773,0.456254266873726,32.06894000268413,29.912289808687987,0.012805187702178955,0.8
1774,0.8862839498742611,16.010582538343417,16.010582538343417,0.012610876560211181,1.0
1775,0.6610991764641383,24.150477136195665,18.252841862152877,0.012700676918029785,0.9
1776,0.7370699986898462,21.95540934851179,22.28035426717932,0.01270807981491089,0.95
1777,0.7157321938724984,32.59859777720113,28.308528259724056,0.012723779678344727,0.95
1778,0.6448519740265307,33.33550733184069,29.974011229049395,0.01272052526473999,0.9
1779,0.6654118674758039,21.56882114899377,22.549409502883123,0.013000226020812989,0.9
1780,0.6080038663139173,27.358288812047153,23.938642834385465,0.012749838829040527,0.85
1781,0.7601200980037137,23.162046017694756,23.533202512588208,0.01261730194091797,0.95
1782,0.6219497733127362,36.68609805960919,33.49752532838603,0.012998974323272705,0.9
1783,0.5987284315586339,39.3026439495775,36.39287900175659,0.01261841058731079,0.9
1784,0.7049986188038615,30.803053336203618,31.76428749547045,0.01280137300491333,0.95
1785,0.6003295365617928,36.945586677821574,28.085324672281917,0.012950122356414795,0.9
1786,0.5358869437973044,31.918976452183575,28.284558295113325,0.012906432151794434,0.85
1787,0.7506113282201758,20.25857715187809,20.38370326288914,0.01279904842376709,0.95
1788,0.426118291396455,40.772701664897184,22.286608040373594,0.012717080116271973,0.8
1789,0.7146551145656395,31.63844048906791,32.204072208149626,0.012893486022949218,0.95
1790,0.2469667946943738,47.25695495786515,17.141254067907322,0.012824463844299316,0.7
1791,0.3912378328595069,23.72321774968795,19.853642008372894,0.012775468826293945,0.75
1792,0.5173122230317462,31.949210490734686,29.743311966671584,0.012608182430267335,0.85
1793,0.7446233126746273,23.288213076727413,23.859767974664855,0.012828576564788818,0.95
1794,0.49426481525853283,19.492281759833293,14.405718460400063,0.013033044338226319,0.8
1795,0.5311145664181804,37.18650231836672,35.660296648913565,0.012863075733184815,0.85
1796,0.2421729013003267,42.77918179690766,24.42471475565502,0.01286616325378418,0.7
1797,0.4056720940627603,44.05067079608558,38.06462583077322,0.012798595428466796,0.8
1798,0.5953193402349953,23.50807197515659,17.338894890709316,0.012846457958221435,0.85
1799,0.6297776574390707,30.719702520626488,27.12630189296982,0.012890815734863281,0.9
1800,0.3576779376753414,36.57629829220887,37.070312185419105,0.012653183937072755,0.75
1801,0.3575042541000683,37.64038207017758,24.90321127427403,0.01279759407043457,0.75
1802,0.768725723651053,22.76060840763065,17.409587173044564,0.012761366367340089,0.95
1803,0.6660711744747794,29.245355826471457,24.939448574503466,0.012501752376556397,0.9
1804,0.2504425493608839,42.27383748814201,25.059525248364256,0.012404346466064453,0.7
1805,0.41436334005655906,40.566950646056746,22.947474824140876,0.012731552124023438,0.8
1806,0.397689860500808,49.65912316327274,40.80267747527378,0.012729978561401368,0.8
1807,0.5136665819016137,42.3008032925124,29.4255485602031,0.013798034191131592,0.85
1808,0.5684957917542443,32.39193228696095,17.823881172125127,0.013013613224029542,0.85
1809,0.2678286119736158,39.370070879596284,27.405225855506245,0.012617743015289307,0.7
1810,0.608792555362066,37.64332333496049,29.042584844062755,0.012718617916107178,0.9
1811,0.46657318538516057,35.533128288654204,33.682727426134605,0.012735557556152344,0.8
1812,0.7298923847310038,26.00795349808579,21.24103333638547,0.013434696197509765,0.95
1813,0.5085353889587295,34.452878807420376,26.773279128851804,0.012913227081298828,0.85
1814,0.7390545941468848,25.476446069953955,26.278567155026956,0.013188135623931885,0.95
1815,0.7426424888103226,44.19002763539223,44.19002763539223,0.013152885437011718,1.0
1816,0.6016419920865796,41.26835488112233,38.90875996984861,0.012687456607818604,0.9
1817,0.3165580606580276,52.53070758457285,32.33586309731895,0.012833213806152344,0.75
1818,0.4703322553586952,53.33518659545835,47.66603126317022,0.012811410427093505,0.85
1819,0.27789353270737405,37.21355052292396,17.706773794588678,0.01317657232284546,0.7
1820,0.4132293593683163,43.11697422999478,30.844212270948155,0.012854361534118652,0.8
1821,0.34457843308506614,41.41283622171,23.76893466492944,0.01270374059677124,0.75
1822,0.5360584477182586,29.19768962366217,20.120481569892387,0.012978434562683105,0.85
1823,0.5283257470638665,34.12174755663541,31.397351398093868,0.012977445125579834,0.85
1824,0.2857791220440538,40.325614619053255,23.333582315079536,0.013301980495452882,0.7
1825,0.228730739454718,49.38029098414738,28.840346103803675,0.01316317319869995,0.7
1826,0.47692037386001,33.375123968560345,31.641900175322036,0.013008522987365722,0.8
1827,0.6414880162786718,25.608034680580584,26.73056708506659,0.012965989112854005,0.9
1828,0.6104874732485275,32.16661612261933,28.39074532090613,0.013370180130004882,0.9
1829,0.39149796782229906,35.93459334318875,16.48721423220792,0.013915300369262695,0.75
1830,0.45884358572666023,32.55477871117712,22.747566355291447,0.012854266166687011,0.8
1831,0.4776031847697476,30.112148380225584,26.21276575833648,0.012909483909606934,0.8
1832,0.49547040795806596,45.410065237250095,38.49375123269651,0.012859725952148437,0.85
1833,0.46927944971343205,47.11317695118373,39.56587781042117,0.012662029266357422,0.85
1834,0.7751012957952126,33.90962046017588,33.90962046017588,0.01246873140335083,1.0
1835,0.4359445541242367,39.89906892115682,21.685753078930958,0.013284075260162353,0.8
1836,0.6230660303896209,35.58143556670086,26.923793798890504,0.012999439239501953,0.9
1837,0.5922912524147084,31.046974825996603,21.49563155472698,0.012781274318695069,0.85
1838,0.6401888477034788,32.356430989670606,23.450917109873814,0.01308218240737915,0.9
1839,0.6813084221451808,41.095041552986466,37.210197843835694,0.013087356090545654,0.95
1840,0.8659454266664547,18.13332768093721,18.13332768093721,0.012887406349182128,1.0
1841,0.7454916328687522,21.295252879485027,21.507155643088403,0.013373565673828126,0.95
1842,0.6803304376192522,19.371753626559546,14.538707646991618,0.013631916046142578,0.9
1843,0.8468066812180457,15.933757251434866,15.933757251434866,0.012792539596557618,1.0
1844,0.6781375576804543,26.78519832246659,28.459292114028173,0.013000297546386718,0.9
1845,0.544554579539645,27.70644124009105,18.01449226600533,0.012777328491210938,0.85
1846,0.759629577015416,21.802193811962855,16.511230160395012,0.012894177436828613,0.95
1847,0.6774013117949551,17.681466961890294,18.46066272277077,0.012613701820373534,0.9
1848,0.5750935978040151,28.06803569245484,24.458287587351673,0.013148045539855957,0.85
1849,0.8548308236172655,25.77288651976351,25.77288651976351,0.013214457035064697,1.0
1850,0.5765135666065633,30.261283460959266,15.294584381907699,0.013086271286010743,0.85
1851,0.6109294859821054,32.81842666319219,23.722364645064957,0.012922120094299317,0.9
1852,0.505446311166006,36.35294916684897,23.1497969680418,0.012782347202301026,0.85
1853,0.7486303343895622,28.116658635479883,28.714643580338976,0.01303478479385376,0.95
1854,0.3639858900373353,37.27343388031792,17.32347181521834,0.013043522834777832,0.75
1855,0.46743121916347913,27.25470793839087,17.57451420544067,0.013421285152435302,0.8
1856,0.7257690801695001,22.006966960154067,17.26440824418574,0.012761449813842774,0.95
1857,0.5671869475764489,31.292865050544698,22.351045362610538,0.012961375713348388,0.85
1858,0.3611142078755892,42.269178687477776,37.67621275512748,0.01299893856048584,0.75
1859,0.43333009175955556,35.94295770258542,28.708765668113074,0.013200747966766357,0.8
1860,0.4990558092123358,25.126803656474678,21.112014263869185,0.012773239612579345,0.8
1861,0.5890722180724912,39.02924847265781,30.689002199491956,0.012922179698944092,0.9
1862,0.26031458816058806,37.44663540550523,32.65081748263179,0.014108514785766602,0.7
1863,0.4779151427838588,36.8147444488623,28.133824099197142,0.012955021858215333,0.8
1864,0.3413032191258031,28.0794122927814,19.006503748981547,0.012990891933441162,0.7
1865,0.5076890293276909,38.6612267670333,30.64733724494359,0.01314173936843872,0.85
1866,0.6567890220153911,27.107440702385155,23.21952788313564,0.012935948371887208,0.9
1867,0.4240812393037096,42.43326453536672,35.75455010129653,0.012791848182678223,0.8
1868,0.754834632587371,24.322191947084555,24.97804761011047,0.013151812553405761,0.95
1869,0.46494031130404834,52.1228033826899,40.02501134695749,0.013050639629364013,0.85
1870,0.43668941617348367,38.61266278878945,24.56377416143377,0.013248133659362792,0.8
1871,0.5281562947431162,37.4351082828033,29.67190516780393,0.013012933731079101,0.85
1872,0.6878421687495221,22.262874901771788,22.91448021842115,0.012922322750091553,0.9
1873,0.49351803105265696,26.37773829168821,16.94981001870965,0.012813830375671386,0.8
1874,0.4565476669973769,36.24949536833479,23.268792942749545,0.012789678573608399,0.8
1875,0.8035908161526366,31.758191567961696,31.758191567961696,0.01305772066116333,1.0
1876,0.7331653905527556,30.554146753720282,31.511578441013842,0.01260017156600952,0.95
1877,0.4765153205408259,52.869439049650644,47.4729962650424,0.013256359100341796,0.85
1878,0.8346330852997561,24.69260015226896,24.69260015226896,0.012785112857818604,1.0
1879,0.6455168926075419,32.22939151427656,28.270506856103296,0.012839102745056152,0.9
1880,0.518137527867592,39.11947536263423,30.510367299930756,0.012924766540527344,0.85
1881,0.4937770388534143,32.47543186473369,22.92050663290579,0.013064420223236084,0.8
1882,0.6242723478468083,26.27855754083322,16.13135035711831,0.012821376323699951,0.9
1883,0.6768921650791929,16.586919324598632,16.622367379920334,0.012879717350006103,0.9
1884,0.6673649159691027,16.535923370457557,16.633148483410377,0.013103795051574708,0.9
1885,0.7647984858749209,17.28839199326488,17.211329552769268,0.01298975944519043,0.95
1886,0.47523178008654243,29.203333804300314,26.684909276011386,0.012722146511077882,0.8
1887,0.7959956925898308,22.14636627826155,22.709444998564468,0.012903118133544922,0.95
1888,0.6644574684455904,21.945660288400713,17.372473428928444,0.013016009330749511,0.9
1889,0.4971022030028755,21.901470988342286,17.268625172950262,0.012734270095825196,0.8
1890,0.5709075282596809,47.371259105642984,39.37393705473694,0.01374225616455078,0.9
1891,0.5357675706165447,32.54399883434837,18.11029021637735,0.01306777000427246,0.85
1892,0.44384657047353854,37.62689849837632,31.119129514871446,0.013100540637969971,0.8
1893,0.7373399026142647,26.83509985780667,22.45832196380577,0.012791252136230469,0.95
1894,0.7625459600340762,24.842151975610705,25.57302092432348,0.013283801078796387,0.95
1895,0.6980765952505325,19.16094844313834,14.341331858803585,0.012991631031036377,0.9
1896,0.744710604688468,27.82279551060691,27.66124652055561,0.013412213325500489,0.95
1897,0.7819355150351349,15.319283958224878,14.982287066839723,0.012823152542114257,0.95
1898,0.26580657297913446,43.792325443463525,18.609705646941556,0.013167870044708253,0.7
1899,0.4607717503151051,33.928126143520636,31.827911687860066,0.013076305389404297,0.8
1900,0.41846077103604734,39.39999190426658,24.565683771758927,0.01260378360748291,0.8
1901,0.6500976058753671,27.70498725807368,18.182823285360897,0.012805724143981933,0.9
1902,0.26881034140493776,37.457186739718445,25.35482586708375,0.012997579574584962,0.7
1903,0.5236943238392,23.508324274293546,18.85850096968276,0.01333475112915039,0.8
1904,0.8367866242753964,27.39504020734305,27.39504020734305,0.013032066822052001,1.0
1905,0.5625059884353784,27.397902896910985,23.926091298026762,0.012889766693115234,0.85
1906,0.6292329545849202,27.820836270527984,23.755086378505226,0.012884306907653808,0.9
1907,0.5970591276810673,17.737030825483764,17.6838366486578,0.013224148750305175,0.85
1908,0.674602612422496,22.877030739390726,23.7174995638981,0.013013660907745361,0.9
1909,0.624666503645603,27.015960620433322,28.370579359102756,0.01278092861175537,0.9
1910,0.7486706314761478,21.79559289169201,22.22848287551129,0.012777626514434814,0.95
1911,0.7842166854267003,28.056599394345987,28.056599394345987,0.01315397024154663,1.0
1912,0.44333040346866925,33.35250993081277,29.17832734445045,0.012841975688934327,0.8
1913,0.5846287822156438,26.094278914297906,21.172168628352193,0.013048434257507324,0.85
1914,0.7567618358350479,28.188308082136132,23.721421498626245,0.013154304027557373,0.95
1915,0.5920505720631544,20.25709023900844,16.079884854908062,0.013200986385345458,0.85
1916,0.48309670682681416,31.85860622658432,17.64100199746654,0.013003778457641602,0.8
1917,0.7295066578613907,27.490025171758827,26.610243119160664,0.012823283672332764,0.95
1918,0.4910209930598429,25.467458706159153,21.65058587187244,0.013065385818481445,0.8
1919,0.6311374203437177,32.64576655599866,28.682818960369048,0.01299833059310913,0.9
1920,0.5364678183933693,26.31176006675784,22.478767324714553,0.013250970840454101,0.85
1921,0.7893232451503557,28.603439709708454,28.603439709708454,0.013102054595947266,1.0
1922,0.6935996133199971,20.939081340645167,15.938647228619253,0.012960517406463623,0.9
1923,0.5522636495515785,32.82240314641766,29.494542490419608,0.013495159149169923,0.85
1924,0.64237032637134,27.083407341884737,22.42359872446497,0.013154339790344239,0.9
1925,0.6519738900403411,26.412352549302618,22.142449764426786,0.012997877597808839,0.9
1926,0.5328450399784488,37.88647947857816,36.38007501013783,0.012809169292449952,0.85
1927,0.6290633502741108,34.59063463373181,31.094248965690724,0.013043057918548585,0.9
1928,0.4890498556824796,27.328200075555703,22.534269997467664,0.012644410133361816,0.8
1929,0.6639309354852202,25.409974819190396,21.012248805097766,0.013048243522644044,0.9
1930,0.5816575764263336,22.107483513622316,17.110876916253225,0.0128656268119812,0.85
1931,0.7392221772576708,24.017504061757794,24.475095893988563,0.012668430805206299,0.95
1932,0.8363615075287063,22.94303096957202,22.94303096957202,0.013177609443664551,1.0
1933,0.6801802793115761,21.745007394054642,15.900539810692708,0.012915587425231934,0.9
1934,0.8516952136522453,27.300909591567034,27.300909591567034,0.013063526153564453,1.0
1935,0.6759810304491204,23.4832484755963,18.937857007306256,0.012872850894927979,0.9
1936,0.4836433710873953,32.67518956761254,31.296672383160928,0.012923777103424072,0.8
1937,0.47895258504783084,24.630231917334118,20.48365944967608,0.013324809074401856,0.8
1938,0.6588616869546879,26.503120978113724,22.445203364258195,0.013041520118713379,0.9
1939,0.8242715031246794,29.223876571228338,29.223876571228338,0.0128731369972229,1.0
1940,0.7823058509953754,14.098829271539657,14.0506790754468,0.013093864917755127,0.95
1941,0.6338854619427959,31.482637087512654,28.01042178107926,0.013094151020050048,0.9
1942,0.699671196986128,22.33781859800693,22.939987792471282,0.012756562232971192,0.9
1943,0.6774385141129815,29.071139826174715,25.05891555725652,0.012918806076049805,0.9
1944,0.7585809274719513,28.093378991881945,23.1188400327076,0.01282968521118164,0.95
1945,0.667684709126875,28.751631917799283,18.378404696623406,0.012537431716918946,0.9
1946,0.6207168000415993,32.094006964920844,28.263086762803717,0.012622332572937012,0.9
1947,0.6227140295055943,32.69437256575107,27.526349243927406,0.01285722255706787,0.9
1948,0.5483935393849577,32.71334114606664,22.972756002071392,0.013296842575073242,0.85
1949,0.7557181135396486,18.425769772250824,17.273114436216428,0.012767589092254639,0.95
1950,0.48019123172123707,27.862318867182545,16.894145844166335,0.01293264627456665,0.8
1951,0.5853930383459154,24.848816784088775,26.609690763170196,0.012907850742340087,0.85
1952,0.563314902942553,34.00583251984268,30.94980998249288,0.012840354442596435,0.85
1953,0.6686058662742586,26.613544429467716,22.061842796627353,0.012725234031677246,0.9
1954,0.8086637468985349,28.749796693419416,28.749796693419416,0.01300806999206543,1.0
1955,0.8609018863481396,19.435109252777014,19.435109252777014,0.013182079792022705,1.0
1956,0.7320291699406306,27.33321380653208,27.99785470170868,0.01293853521347046,0.95
1957,0.7426076994796353,26.766552462499305,27.622017011125607,0.012996840476989745,0.95
1958,0.5869929315504427,21.586848215864656,22.870750025486508,0.013041329383850098,0.85
1959,0.7225733627712947,18.752801690841313,19.217909803701755,0.012712132930755616,0.9
1960,0.694775272082951,22.370354445903384,22.267911854479543,0.01295691728591919,0.9
1961,0.7724740060633077,24.246410093837074,24.914883609433804,0.0128096342086792,0.95
1962,0.6861608760109293,27.339413567506938,28.918514725699726,0.01291048526763916,0.9
1963,0.5095838848377047,22.531396458321982,17.990327803231665,0.012766170501708984,0.8
1964,0.60323557400422,24.785066361305844,20.619838943742337,0.012752985954284668,0.85
1965,0.5588510817056218,33.471242371903976,30.481588157869,0.012879860401153565,0.85
1966,0.694357859296424,25.775542873800987,20.826303912744336,0.012847888469696044,0.9
1967,0.8127774286876589,16.388274798459474,16.50164341150439,0.013169801235198975,0.95
1968,0.790966749763583,20.05895578398471,20.4779258281572,0.012869608402252198,0.95
1969,0.6832787074257516,17.997446977645822,18.80171621485174,0.012784469127655029,0.9
1970,0.8590373356349739,16.16428692076466,16.16428692076466,0.012870001792907714,1.0
1971,0.8811354155086046,19.95691585458846,19.95691585458846,0.01285879611968994,1.0
1972,0.6346133127815615,16.467082046044528,17.288188430008542,0.013021719455718995,0.85
1973,0.6941583643342484,17.40523194423125,17.9184599725585,0.013053488731384278,0.9
1974,0.7766563071764758,19.09399309963666,19.55911309050807,0.013241159915924072,0.95
1975,0.8303888840290357,21.412347958259602,21.412347958259602,0.012784695625305176,1.0
1976,0.7065164389232427,18.09908318078419,18.528346092701128,0.01306757926940918,0.9
1977,0.7266101521234243,29.435263211780768,24.816924331205072,0.012742340564727783,0.95
1978,0.4265199380413163,33.77995188248159,25.418197931966414,0.012632155418395996,0.75
1979,0.597344182473112,20.83320211319137,16.07964956574411,0.012810146808624268,0.85
1980,0.7497853597567935,21.924970739234688,16.846792461791505,0.012903916835784911,0.95
1981,0.6327091448742322,22.964280186026805,18.629795869893346,0.012662553787231445,0.85
1982,0.8985527103676105,14.81796240210652,14.81796240210652,0.013256680965423585,1.0
1983,0.765115728632103,14.882455028466524,14.989941404010471,0.013058209419250488,0.95
1984,0.700493427981697,17.652612097392957,17.231141527523786,0.013098454475402832,0.9
1985,0.8403932136423098,26.503284086589304,26.503284086589304,0.012434720993041992,1.0
1986,0.7981395687204877,17.717839794895376,17.00776418123115,0.012641382217407227,0.95
1987,0.7095312041651959,21.996330919728855,23.099155342961037,0.012729525566101074,0.9
1988,0.8346446630080674,16.3550516374628,16.3550516374628,0.012758493423461914,1.0
1989,0.8111170908475345,16.860817605332393,17.05150131083571,0.012948441505432128,0.95
1990,0.72074287116214,19.40056547831585,20.232533300738766,0.013360249996185302,0.9
1991,0.760704233567337,24.459838221924937,24.82034327596723,0.013128566741943359,0.95
1992,0.8822704217285796,18.00674305909284,18.00674305909284,0.013263142108917237,1.0
1993,0.8913770812155353,17.895395193848152,17.895395193848152,0.013333046436309814,1.0
1994,0.8580012049912599,19.444340598614897,19.444340598614897,0.01303189992904663,1.0
1995,0.7964399400026572,20.444013320109537,20.687094324260332,0.012752342224121093,0.95
1996,0.8447551642899673,25.804197269017124,25.804197269017124,0.012938976287841797,1.0
1997,0.8273121481495576,23.089072639566744,23.089072639566744,0.013483262062072754,1.0
1998,0.7420855480734774,26.028388924351237,26.6045850429008,0.012990593910217285,0.95
1999,0.706039604183688,22.263563951341922,22.401534457627758,0.013289272785186768,0.9
2000,0.6615663527283366,23.19111243692489,17.89400693802162,0.01293928623199463,0.9
2001,0.8688157837043216,19.748933179373548,19.748933179373548,0.01298612356185913,1.0
2002,0.7408108773192258,24.164597044799233,19.436253195772444,0.013075447082519532,0.95
2003,0.6051194138150575,17.05656146062187,17.608095082232623,0.013068795204162598,0.85
2004,0.7549872358787089,24.222835179167774,23.79160856242451,0.012628912925720215,0.95
2005,0.6328238682810391,16.852616063154578,17.534023883192233,0.013199734687805175,0.85
2006,0.7978045468867102,17.809590242023923,18.03866803301723,0.013450050354003906,0.95
2007,0.770293991871317,18.289301098035118,18.484431570469717,0.013312816619873047,0.95
2008,0.6067232986987122,18.728934402526786,19.609857775796456,0.013315904140472411,0.85
2009,0.7634279399373842,15.331099390828516,15.606272775596677,0.013093006610870362,0.95
2010,0.6354571255465229,33.196769470927066,23.56880951945287,0.013290476799011231,0.9
2011,0.597249809285112,25.84708311630727,15.940412375038209,0.013189387321472169,0.85
2012,0.306472634969512,26.298239464758502,17.219263358315978,0.012900316715240478,0.7
2013,0.7137018140188504,29.058721784913935,24.699256750869317,0.012751924991607665,0.95
2014,0.5376330022103735,28.08741332354945,18.300746788939072,0.012895500659942627,0.85
2015,0.7476783244400169,22.115268345842928,22.506429765482885,0.012772393226623536,0.95
2016,0.5914805454253298,17.706408719732455,16.684151553328345,0.012853467464447021,0.85
2017,0.7761165303353648,17.09618766080883,17.343902444741442,0.012959980964660644,0.95
2018,0.6430953834181394,25.236840245097838,20.469534764962248,0.012854182720184326,0.9
2019,0.5751165743307661,24.168866345833763,17.93868054396448,0.01284104585647583,0.85
2020,0.7054256171776252,25.07281486629531,24.842932253453622,0.01285383701324463,0.9
2021,0.5416004659768967,25.48258213085412,21.51689782101149,0.0128198504447937,0.85
2022,0.7853612902684513,19.646563147574906,14.475939035871642,0.013544750213623048,0.95
2023,0.6495933421048068,27.521320255731734,23.51664668134519,0.012977290153503417,0.9
2024,0.8789720019551648,19.217672679664986,19.217672679664986,0.012808597087860108,1.0
2025,0.7410223853937388,30.122360013426903,25.768748015533287,0.012833988666534424,0.95
2026,0.7202671485524015,34.16166807380076,35.12144140050328,0.012889552116394042,0.95
2027,0.7737365379971821,18.75412837950378,19.101692004588028,0.013104557991027832,0.95
2028,0.6667710866294241,29.423776626941986,25.526314532349982,0.013480401039123536,0.9
2029,0.7660980398401239,22.15624790630997,22.596473182095878,0.0127219557762146,0.95
2030,0.8363352041847583,21.884096720706655,21.884096720706655,0.012961220741271973,1.0
2031,0.7518578857853649,23.68479325104338,18.758879075792183,0.013089263439178466,0.95
2032,0.6421458447523861,37.19771388734277,32.9971352938768,0.012746381759643554,0.9
2033,0.778524273146369,21.01860273200213,20.998209526770733,0.012840783596038819,0.95
2034,0.6079883890903383,24.805284752656995,19.008745142768,0.012835097312927247,0.85
2035,0.7187230003647456,32.49228469436334,33.607187326930635,0.013253235816955566,0.95
2036,0.5827931523688393,26.313403617975005,28.26736156707825,0.013410890102386474,0.85
2037,0.7616522304603655,18.826751606085697,18.984000463181218,0.013020169734954835,0.95
2038,0.733343230037837,18.815208461081063,18.057373373038406,0.01327742338180542,0.95
2039,0.8512386578253761,25.23974977936138,25.23974977936138,0.012863099575042725,1.0
2040,0.4931774997598293,22.971723517502394,16.906513230469834,0.01298511028289795,0.8
2041,0.6754783360951948,22.303876564835463,17.096096626523313,0.012814867496490478,0.9
2042,0.7233383130494195,31.546543122153697,32.4150764727168,0.012556135654449463,0.95
2043,0.654609514414539,34.03240478491429,35.06727688321533,0.012887990474700928,0.9
2044,0.7353614526079585,26.074356648967314,20.916074576885986,0.013011431694030762,0.95
2045,0.8763637811684057,16.909492291821913,16.909492291821913,0.013076186180114746,1.0
2046,0.8067815277496525,14.647776982362728,14.568955678987829,0.012822723388671875,0.95
2047,0.8405605671547163,22.62861209715667,22.62861209715667,0.012957215309143066,1.0
2048,0.6906192442026782,23.11584459994322,23.80040233528767,0.01278843879699707,0.9
2049,0.6710745606745386,25.762533380102628,21.306309778197075,0.013102710247039795,0.9
2050,0.6351747513461047,28.75331285136185,24.84808691220558,0.013547670841217042,0.9
2051,0.5549240447369627,36.3701462305806,33.903727923105755,0.013071238994598389,0.85
2052,0.6501695239993832,29.479427956152428,24.970518137204014,0.0125923752784729,0.9
2053,0.8680416367155823,22.499578721786953,22.499578721786953,0.012887215614318848,1.0
2054,0.7545105790232555,23.807384581795453,24.473499948293,0.01272364854812622,0.95
2055,0.7752366231750437,20.73831489626717,21.173018636022334,0.013571834564208985,0.95
2056,0.5581818315798668,28.697670977243632,18.83128325993406,0.013268756866455077,0.85
2057,0.7300089722593277,21.680501226442882,22.024188752166072,0.012978827953338623,0.95
2058,0.5717212293495743,29.49304377729855,25.03506952477873,0.012946999073028565,0.85
2059,0.6053156835404477,16.866392424876317,17.031890596500038,0.012970411777496338,0.85
2060,0.8163632325406824,27.071354618002363,27.071354618002363,0.013198208808898926,1.0
2061,0.7382844439293539,28.257855890588452,28.81814443878567,0.013081538677215575,0.95
2062,0.7394137833636478,18.087645099358806,18.54966028172476,0.012888574600219726,0.9
2063,0.7411522821836083,26.71086872170961,27.300221380554536,0.012869656085968018,0.95
2064,0.503408185283242,23.943478729532423,26.145920412515878,0.012989234924316407,0.8
2065,0.6927565580809331,18.69622374652626,19.333518881794404,0.012744283676147461,0.9
2066,0.5592142814359905,28.915359513736718,25.308725286663087,0.012951469421386719,0.85
2067,0.5619211774187222,32.27120870183019,17.712438374142998,0.01279149055480957,0.85
2068,0.836350986084432,21.239074844934983,21.239074844934983,0.01315774917602539,1.0
2069,0.6876701497687135,16.825616866816212,17.205361360087647,0.01314687728881836,0.9
2070,0.8635995536081585,18.376566346649717,18.376566346649717,0.013115525245666504,1.0
2071,0.7080315382040749,16.424650877694607,16.672313276617174,0.012914371490478516,0.9
2072,0.7523215027761679,23.663680146230426,18.73323385474183,0.012832164764404297,0.95
2073,0.6549503978436232,28.248236874645563,24.168465474134145,0.013123631477355957,0.9
2074,0.6338924683422423,27.221406278056712,22.91996132693349,0.013043844699859619,0.9
2075,0.3901650196835572,26.191429754145236,16.437247908824293,0.012735283374786377,0.75
2076,0.6887644424682595,24.477038063812397,20.040924244597747,0.01291722059249878,0.9
2077,0.6447901523736471,26.859007956670673,22.319291937282724,0.012847208976745605,0.9
2078,0.5528781046854713,31.578575827537055,22.376431643146546,0.012893128395080566,0.85
2079,0.5845566574669576,27.088392905411506,23.396614662080054,0.012602996826171876,0.85
2080,0.8066588660983351,29.019048339966076,29.019048339966076,0.013087594509124756,1.0
2081,0.7375011040050224,23.76137155935577,24.01690105107521,0.013290834426879884,0.95
2082,0.7712100989947791,23.0872793193733,18.31250889701124,0.013110053539276124,0.95
2083,0.8262999404282112,25.391511280432574,25.391511280432574,0.013088703155517578,1.0
2084,0.7347951343797252,24.097116458218768,23.431975343265695,0.013126564025878907,0.95
2085,0.8695251802551152,15.204572157139092,15.204572157139092,0.01287904977798462,1.0
2086,0.7811160101043262,23.748801254827725,19.133693084114753,0.012851321697235107,0.95
2087,0.5659965110775638,21.759866253601654,16.86987046273587,0.012892985343933105,0.85
2088,0.7721674083727212,17.95042851981976,17.857568456096317,0.013008689880371094,0.95
2089,0.6632800284053416,22.605453398100487,23.23551524234422,0.012973988056182861,0.9
2090,0.8624371544097162,17.402761427345595,17.402761427345595,0.013038289546966553,1.0
2091,0.6556192134087901,28.473608623232888,24.269164772282146,0.01275784969329834,0.9
2092,0.7462063866277739,25.97916555897023,21.064976510144245,0.01314404010772705,0.95
2093,0.38936437593497725,36.095769630748926,16.75640739490894,0.012915587425231934,0.75
2094,0.7741544969151067,16.150479749250763,15.341875817808583,0.013414156436920167,0.95
2095,0.7750227361732608,16.2960522448604,16.175021831726735,0.01378554105758667,0.95
2096,0.6647471118519539,27.48287758198209,29.017697808598754,0.013446199893951415,0.9
2097,0.6309310790248586,34.88596207560807,31.27921228306043,0.012990260124206543,0.9
2098,0.8511145008371758,23.562590087855774,23.562590087855774,0.012926602363586425,1.0
2099,0.7392024937825074,25.402064154637134,20.67207943355234,0.012764668464660645,0.95
2100,0.7627966014146701,21.779768237396876,22.32711876678789,0.013000106811523438,0.95
2101,0.7111538463576743,15.517808472472638,15.741071886164978,0.013045191764831543,0.9
2102,0.8017682341415912,14.4248791819002,14.025314387370848,0.013046181201934815,0.95
2103,0.6801368168395308,22.701523380588704,17.91509922089774,0.013020312786102295,0.9
2104,0.6651371186899067,26.93122065088779,28.469018423661314,0.012984669208526612,0.9
2105,0.8337762514816183,25.64649363339842,25.64649363339842,0.01293102502822876,1.0
2106,0.8282745899328827,20.68353717152756,20.68353717152756,0.013130617141723634,1.0
2107,0.7273195609064261,16.972283477828505,17.222385725960493,0.01293342113494873,0.95
2108,0.6721310435948615,21.48777988134655,22.285154055724302,0.013022184371948242,0.9
2109,0.7785521738109373,22.358902784108185,17.436227531768463,0.012911975383758545,0.95
2110,0.9100666857820299,16.0460553766247,16.0460553766247,0.01287689208984375,1.0
2111,0.5698504896632399,18.43560156170002,19.633532062577338,0.012692928314208984,0.85
2112,0.8010313515148063,16.91172494002661,17.09393050508736,0.013124001026153565,0.95
2113,0.7357106387106971,23.038231293318645,23.58058030607175,0.013225960731506347,0.95
2114,0.602682731790378,18.532922283109507,19.228883919893043,0.013029956817626953,0.85
2115,0.7605146993377885,19.892814687295385,19.897243613498606,0.013275372982025146,0.95
2116,0.8367987920411911,18.80520218166591,18.80520218166591,0.012754809856414796,1.0
2117,0.7552885412615858,19.47815669779344,19.88842653521273,0.013183164596557616,0.95
2118,0.7078821996278803,17.553736481080204,18.00005506205815,0.013065993785858154,0.9
2119,0.7017162785737556,23.354395149716975,18.743116754599914,0.012880194187164306,0.9
2120,0.7362213983867962,23.0743512530994,23.56730672739101,0.013565552234649659,0.95
2121,0.8620064355658572,16.826366968275817,16.826366968275817,0.013298106193542481,1.0
2122,0.8465970377344691,16.086389684859427,16.086389684859427,0.013124668598175048,1.0
2123,0.7429492147190786,22.21890926479561,22.361857778159038,0.01306527853012085,0.95
2124,0.7476839750358439,18.19860925519732,18.27197982633966,0.012987005710601806,0.95
2125,0.4503250996805644,16.213951713541732,15.713804347258828,0.01305936574935913,0.75
2126,0.7826303965329922,19.86387028260203,20.378492642593386,0.01302398443222046,0.95
2127,0.7027430000743513,22.09023012162893,23.27224125827847,0.012924778461456298,0.9
2128,0.7091829487659224,34.37285232545488,35.29905183435482,0.012741100788116456,0.95
2129,0.663984007605427,27.186066658965398,23.30400963005979,0.012761843204498292,0.9
2130,0.4891324302844634,28.452051049758,24.756233945248333,0.012757825851440429,0.8
2131,0.8000302023535582,30.594903540920587,30.594903540920587,0.01316453218460083,1.0
2132,0.4156391877463128,41.03481918413168,28.48224420671912,0.013297832012176514,0.8
2133,0.5446864457700118,34.36696669032811,30.21726809436415,0.013134682178497314,0.85
2134,0.4646972514769656,32.76059355837712,19.329144856116024,0.013443493843078613,0.8
2135,0.7151656421326718,27.292186192615343,22.487963852432465,0.013181161880493165,0.95
2136,0.8543624106947274,23.134910888348948,23.134910888348948,0.013156294822692871,1.0
2137,0.47499290809068917,31.096159297353374,15.970942009285931,0.01342242956161499,0.8
2138,0.7420680583471059,22.100956458702985,22.61808942234204,0.012995266914367675,0.95
2139,0.32468220520518315,26.898750259883098,15.933887517746914,0.013021445274353028,0.7
2140,0.579850997267072,29.34037730864078,26.724350046034957,0.012898588180541992,0.85
2141,0.6585576140159147,20.338769467809804,21.001543233785256,0.012747275829315185,0.9
2142,0.6748322414953105,23.945300399057807,19.43397503748076,0.012681210041046142,0.9
2143,0.6348307108025982,28.878360971250032,24.4563328691316,0.012614238262176513,0.9
2144,0.7073696988262517,37.795391794497235,33.71747245882365,0.01294703483581543,0.95
2145,0.35764003490824536,23.40791566361773,24.37852877178498,0.012837183475494385,0.7
2146,0.7303739772618076,23.253333461755762,18.072558972460588,0.01310744285583496,0.95
2147,0.6587619594722581,28.706822417401277,18.917009910109773,0.012884235382080078,0.9
2148,0.6787273505717673,22.90848586965968,18.35914567501048,0.012934446334838867,0.9
2149,0.6649439020773419,27.262876475755313,17.58202443516332,0.012956726551055908,0.9
2150,0.5291017657725905,31.227543432747034,22.56266931646931,0.012892186641693115,0.85
2151,0.7471802592946786,23.705234785145603,24.103487568518702,0.012771570682525634,0.95
2152,0.6241246427310265,32.79902412046074,23.987293082390998,0.013603460788726807,0.9
2153,0.7004125090544586,24.169265783692598,19.71136310751795,0.013504290580749511,0.9
2154,0.282475238043099,38.435633154010716,19.676542614407055,0.01274048089981079,0.7
2155,0.8736010048451968,18.8461083854711,18.8461083854711,0.012958121299743653,1.0
2156,0.6660083894608098,33.42397799644072,30.141392121870282,0.01288665533065796,0.9
2157,0.5332372325952454,30.11687687773379,15.255777637069617,0.012791609764099121,0.85
2158,0.6866514854566089,26.488629196163892,22.202481067711133,0.013072991371154785,0.9
2159,0.7677317442753553,22.38132571232785,17.63429551205064,0.013213133811950684,0.95
2160,0.6692228398649883,32.572786797974175,23.4555598646192,0.012958347797393799,0.9
2161,0.5778188312161043,31.46188750940842,17.24896132068434,0.013435888290405273,0.85
2162,0.8390042519423819,21.85379102924137,21.85379102924137,0.012652385234832763,1.0
2163,0.8615460007746849,21.61501333240675,21.61501333240675,0.012994527816772461,1.0
2164,0.5867464382250694,27.499738502289368,29.674124381542864,0.013342463970184326,0.85
2165,0.6734367087893272,37.70885263658109,33.986698192374114,0.012912392616271973,0.95
2166,0.798870111197749,26.91094523710301,26.91094523710301,0.012795674800872802,1.0
2167,0.7991402896128067,30.997434681416753,30.997434681416753,0.012941300868988037,1.0
2168,0.5817508020161755,36.786372998971856,33.654792801966934,0.01293325424194336,0.9
2169,0.7012694803865022,16.91506408093289,17.034666166462646,0.012836301326751709,0.9
2170,0.5296369931527714,32.85743174744303,29.947716627300494,0.013007640838623047,0.85
2171,0.7382994271187704,32.10923311107914,27.60248296456702,0.012608659267425538,0.95
2172,0.7386461610380183,19.749419372209466,20.257429513550687,0.012892746925354004,0.95
2173,0.7822321725834984,22.246517599829495,17.22134451961599,0.01298905611038208,0.95
2174,0.7586878707652034,27.33200399662643,23.075550207270012,0.013266098499298096,0.95
2175,0.7639488226171011,21.88280827145903,22.034036924584395,0.013088881969451904,0.95
2176,0.6561345995755881,18.090293849800094,18.311489634425115,0.013225924968719483,0.9
2177,0.7049493310437116,14.72285525249958,14.790367457217684,0.015280055999755859,0.9
2178,0.8369423423866296,26.755705990346165,26.755705990346165,0.013090670108795166,1.0
2179,0.8386258178447099,20.75606153745849,20.75606153745849,0.01275629997253418,1.0
2180,0.643160257746768,17.07210168843922,16.262683806233603,0.013125157356262207,0.9
2181,0.629866453881496,31.041788468768925,32.97270127360252,0.013108146190643311,0.9
2182,0.5797501863740524,27.393948889704923,23.58368750571316,0.0129355788230896,0.85
2183,0.5585540757681327,27.294253339486318,18.275360293470925,0.013041675090789795,0.85
2184,0.5256856212882981,35.02674181470495,32.43287299119674,0.012743353843688965,0.85
2185,0.6266225398275097,34.88322564559166,25.888291804785087,0.013136398792266846,0.9
2186,0.5603740312572245,37.790030030067015,34.53257698492267,0.013204443454742431,0.9
2187,0.799643175561541,30.262305938391613,30.262305938391613,0.012972891330718994,1.0
2188,0.8484046594816466,18.989288878448967,18.989288878448967,0.012707328796386719,1.0
2189,0.38019707478108755,36.5255449324939,23.61991545714824,0.013297677040100098,0.75
2190,0.449671633172127,32.46442670046784,18.278359370697004,0.013166916370391846,0.8
2191,0.6202755006933218,31.308027223454786,27.34774166767738,0.013288521766662597,0.9
2192,0.6508933547103541,31.603328194058612,27.70235346580951,0.012943720817565918,0.9
2193,0.7452411121917543,30.071781601796953,25.77183784036021,0.013073325157165527,0.95
2194,0.4230536986164859,26.587049054470658,17.529744383607202,0.012754988670349122,0.75
2195,0.7716643372913498,15.931526891636688,16.00450447390677,0.012572085857391358,0.95
2196,0.6583245183840779,30.29560137174613,26.63696657221711,0.012683224678039551,0.9
2197,0.5207410779120826,37.891930899385045,29.776662040770855,0.01294243335723877,0.85
2198,0.7582421564449591,22.553729635260925,17.91666427096043,0.01282120943069458,0.95
2199,0.5450109882561583,30.15591996337119,21.05083744685028,0.01295720338821411,0.85
2200,0.5480351618701012,44.44609231038575,37.46260478936434,0.012957525253295899,0.85
2201,0.7166532775061965,28.466564347270754,29.34931441454936,0.012739849090576173,0.95
2202,0.2470269094876653,52.60440260644528,25.38129674873315,0.01312178373336792,0.7
2203,0.6480176230237406,25.26491393773408,20.798848664088307,0.01628345251083374,0.9
2204,0.28291341003559245,57.97098887170303,46.073773185725024,0.012992286682128906,0.75
2205,0.5712137064922137,35.91987063477828,32.46764323090691,0.013039588928222656,0.9
2206,0.7165276182695048,29.570536267912836,25.052351686142924,0.012994861602783203,0.95
2207,0.6120298825847585,37.566057853447056,28.99933487864019,0.012876570224761963,0.9
2208,0.49011244106088725,31.596475022211063,21.283531703925323,0.013180744647979737,0.8
2209,0.2931853595642045,33.83596931215654,25.227849719369058,0.013043177127838135,0.7
2210,0.5473967914037564,26.69095738568287,16.616045967329214,0.012884509563446046,0.85
2211,0.6696999322001478,29.57492655330944,19.888737154160772,0.013259637355804443,0.9
2212,0.6008214558296741,35.621332338664814,32.27500783144645,0.013050329685211182,0.9
2213,0.5716764974862024,27.446264062185456,23.990056506216675,0.012445986270904541,0.85
2214,0.7605709385750754,27.409920671030413,22.792792211961636,0.0125169038772583,0.95
2215,0.6922313804125025,38.1893001044173,34.19050655971298,0.013120126724243165,0.95
2216,0.5195721078569931,32.48904771010281,28.565447364730726,0.012833702564239501,0.85
2217,0.589128653800484,36.47043938966981,27.245762049164796,0.01302109956741333,0.9
2218,0.40475009240469006,41.425917226915615,28.63696660086559,0.012997925281524658,0.8
2219,0.5037974694398235,44.01476392204015,30.616258884738173,0.013037288188934326,0.85
2220,0.789622681813859,23.314530874592496,18.682075290813376,0.01285940408706665,0.95
2221,0.4825274103686792,46.631951993676815,34.01868912932775,0.012886905670166015,0.85
2222,0.4423560482711529,40.04512460306221,25.38422872755984,0.012923860549926757,0.8
2223,0.454000706855515,37.22286222370904,17.71931588271406,0.012763774394989014,0.8
2224,0.4359261870851651,44.069897075364935,32.64164055295531,0.012754428386688232,0.8
2225,0.5170466261506871,39.772401588093764,31.52390080301413,0.012934792041778564,0.85
2226,0.6646862826470676,29.08392625045584,18.534311572066365,0.012954676151275634,0.9
2227,0.6478754876797559,41.72548056705404,42.94067201015056,0.013704025745391845,0.95
2228,0.5754553744701179,27.04577299544702,22.357494897685825,0.012849366664886475,0.85
2229,0.6206033591649506,31.125303860141663,22.149851644284134,0.013228356838226318,0.9
2230,0.5564876537220893,32.65620670936774,29.618452819226793,0.013387560844421387,0.85
2231,0.20845333897866278,24.79322437219274,14.650208143965138,0.013168275356292725,0.65
2232,0.3301793160708452,36.508725521609065,16.609051760011894,0.013211584091186524,0.75
2233,0.34141743374398537,42.05642476208169,30.609049576351644,0.013053190708160401,0.75
2234,0.6674489141858391,44.054065480945084,40.4262314217012,0.012929153442382813,0.95
2235,0.5291016825490013,38.44804183709462,30.503014005099544,0.012997257709503173,0.85
2236,0.35010584595668115,39.53207783047519,32.54109710877755,0.012953746318817138,0.75
2237,0.5588229138035335,33.99425911748493,24.931098650608597,0.013299834728240967,0.85
2238,0.4741626997403873,37.65194465366423,23.874875074790882,0.013238537311553954,0.8
2239,0.22984374831697738,47.41819520085407,18.248421467583906,0.012821733951568604,0.7
2240,0.5320047121807325,40.48828389011259,27.71427204821281,0.0128456711769104,0.85
2241,0.6622778001505927,27.69018263818715,17.853117493758887,0.012841439247131348,0.9
2242,0.792798793606508,21.07242002798569,16.04700758671463,0.013542914390563964,0.95
2243,0.4383184537701886,43.27879753959765,31.066569104326266,0.013332366943359375,0.8
2244,0.46401518576819384,42.53972084119475,30.692846908280124,0.012970244884490967,0.8
2245,0.6464644845732456,33.276530035106035,29.647424209641898,0.013068222999572754,0.9
2246,0.4959825915034898,36.96424850742541,34.466706235012374,0.01294858455657959,0.85
2247,0.5251165149298338,38.35026983187281,36.559891145047125,0.013138461112976074,0.85
2248,0.4208135658472603,47.833820105351336,37.65004014707898,0.013275980949401855,0.8
2249,0.3361900131731922,46.17773059352761,36.87470242475635,0.01304253339767456,0.75
2250,0.49308648977660974,47.19882437990344,41.09423644617351,0.013071513175964356,0.85
2251,0.5359279966614502,36.56523834989503,33.988494037919665,0.01280597448348999,0.85
2252,0.6700581784020896,42.57021744856448,43.00512025847778,0.013032019138336182,0.95
2253,0.5016988326005533,27.659016145060082,18.179138216110132,0.013432514667510987,0.8
2254,0.41072786170258696,46.20492339362868,29.543548723861505,0.012787222862243652,0.8
2255,0.24751368026906037,46.33230104418064,37.48830024769149,0.013210451602935791,0.7
2256,0.4256753037632383,32.56617551763271,30.077850973398263,0.013015854358673095,0.8
2257,0.3407256250699819,35.412230283171674,15.514925100746497,0.012851059436798096,0.75
2258,0.5515519537490698,32.57828105432068,23.980848131484333,0.013115191459655761,0.85
2259,0.5154166067463228,25.818535209901636,21.422361368392707,0.012817621231079102,0.85
2260,0.6214916278209615,33.63522119315651,30.238748453463344,0.013241684436798096,0.9
2261,0.5118840118283893,35.329589170014444,27.366146900758864,0.013096368312835694,0.85
2262,0.8236198869534119,24.373656274566464,24.373656274566464,0.013298571109771729,1.0
2263,0.568412038726542,28.968906972416296,19.479414986246642,0.013068652153015137,0.85
2264,0.445692779166907,38.35219299931866,32.019094964402534,0.013365554809570312,0.8
2265,0.6751176652851603,30.04981277036876,30.587548522737315,0.013012170791625977,0.95
2266,0.6892545076882205,32.15575684042017,27.609915771738613,0.013240623474121093,0.95
2267,0.4653841644038973,35.34484504923692,15.714504817041236,0.013034629821777343,0.8
2268,0.42464368660947976,36.11962124435383,21.607401605432234,0.01305748224258423,0.8
2269,0.7219775985448316,20.7840984716337,15.970837177786958,0.012806332111358643,0.95
2270,0.45485523540583417,36.72126127045351,22.42975438008569,0.01338367462158203,0.8
2271,0.8027015707333774,24.319721127778102,24.319721127778102,0.012869203090667724,1.0
2272,0.5980066343691559,30.485988151145214,20.9631061781143,0.013468706607818603,0.9
2273,0.6425023593602027,32.19402040213665,28.41739244639955,0.013157951831817626,0.9
2274,0.3633153136770969,42.59618100733373,25.677813519071893,0.012942790985107422,0.75
2275,0.5214308217787191,33.7894065797005,25.887242525756204,0.013248944282531738,0.85
2276,0.6050713792422373,32.219533299042695,33.98957361269061,0.013216137886047363,0.9
2277,0.5689737786774236,34.78824138919917,25.44776709135479,0.012809193134307862,0.85
2278,0.43495952851475,43.252416863806744,31.255648937974325,0.013124549388885498,0.8
2279,0.37719444871636365,46.48325642104213,29.081358635824063,0.012979447841644287,0.8
2280,0.5462785391019195,30.045961622315815,15.534294820539932,0.012912952899932861,0.85
2281,0.6204467277840326,27.55709182807849,23.55641714521765,0.01291360855102539,0.9
2282,0.24984252274230645,45.21722296780716,30.50883847195764,0.013274013996124268,0.7
2283,0.472383428329075,55.10393073343511,50.60234392537837,0.013028967380523681,0.85
2284,0.4297137636173104,55.595116133348256,45.364423289693825,0.013107073307037354,0.85
2285,0.5993949784260484,36.54121420377336,33.43605289431964,0.012873947620391846,0.9
2286,0.47036490410514337,33.28693402320315,17.48056606247456,0.013097798824310303,0.8
2287,0.7710526972229924,21.680849789127784,16.572722582182365,0.01293022632598877,0.95
2288,0.7024745400170451,26.56664242961461,27.369026636905016,0.01285538673400879,0.95
2289,0.64506550977162,32.04447754141758,22.758860190432383,0.01297997236251831,0.9
2290,0.6059466645080964,42.878039109093805,34.983360638521475,0.01290503740310669,0.9
2291,0.6111300040481888,35.58550098460005,26.77176666762854,0.01320713758468628,0.9
2292,0.604807602430504,27.982400108313964,18.46273848495569,0.01357576847076416,0.9
2293,0.2401198638017527,51.188296011177385,23.84991707389599,0.013271129131317139,0.7
2294,0.5129045414511956,41.40617335973745,27.698952188192028,0.012999343872070312,0.85
2295,0.12981128365088557,52.594187706479225,32.121473157690254,0.013009822368621827,0.65
2296,0.2759954312456008,29.001482600066474,20.935996090428038,0.013068664073944091,0.7
2297,0.31969445774720634,47.344854237311864,24.66810568644956,0.01278839111328125,0.75
2298,0.6617570283820255,18.645767530302717,18.88802481895202,0.012768781185150147,0.9
2299,0.4313673164468925,38.045840288653466,29.714810799202,0.012962734699249268,0.8
2300,0.5124768600900459,42.08451533078109,35.60783716183633,0.012949335575103759,0.85
2301,0.5316397907290387,37.59924533433378,41.563879004285184,0.012815272808074952,0.85
2302,0.5706132410052651,43.734661774855915,40.68458540101556,0.013362503051757813,0.9
2303,0.396543740115616,43.956823286250675,38.58272660323759,0.013477849960327148,0.8
2304,0.467674682798733,47.50810199976347,41.450402731962605,0.013052022457122803,0.85
2305,0.3361150575549493,39.71850667410274,28.45968834611324,0.013062584400177001,0.75
2306,0.5206951397065375,38.71568332124127,24.97025739698963,0.012820136547088624,0.85
2307,0.6700278116443942,21.757465827258976,17.061615245979947,0.013574683666229248,0.9
2308,0.5957640535582291,42.014827319484155,33.58362739734059,0.013712501525878907,0.9
2309,0.7135937032866496,32.581020410276466,28.329790879523284,0.013042938709259034,0.95
2310,0.27280126629380014,39.181390098464576,27.280397313960922,0.013061988353729247,0.7
2311,0.1678700457530301,63.829776420256394,48.024727211097,0.012809014320373536,0.7
2312,0.40297678845475515,37.71614735810324,24.26590414645567,0.012955129146575928,0.8
2313,0.3498158993297783,41.33411394644124,29.456017721758013,0.013786137104034424,0.75
2314,0.6773824514852753,37.682070202190026,34.02201352759493,0.013140451908111573,0.95
2315,0.43466192588658725,34.75328684610465,27.66580298798352,0.012961244583129883,0.8
2316,0.5415705430817027,36.93497700955321,23.050014565682574,0.015469598770141601,0.85
2317,0.5108296476787829,39.62573844971964,26.563225845472964,0.013817954063415527,0.85
2318,0.5581037205010093,26.976631700229973,22.870678129567867,0.013514721393585205,0.85
2319,0.4050073168893077,46.110533404709436,41.408703583031375,0.013248133659362792,0.8
2320,0.3487002582824448,35.9659340340877,28.146179183093484,0.013085758686065674,0.75
2321,0.306380733251039,48.14145752505349,37.204521542133634,0.013176703453063964,0.75
2322,0.457151408434608,36.81264019462804,16.868812894573125,0.013229966163635254,0.8
2323,0.29095878818863424,53.733084905804425,39.82259469256305,0.01305239200592041,0.75
2324,0.7116519561631511,22.05576315636369,17.2658627449604,0.012962079048156739,0.95
2325,0.676219110794462,21.779738692998702,22.911622126348124,0.013382577896118164,0.9
2326,0.6336016293158128,46.90029938600942,43.406683279888654,0.013057959079742432,0.95
2327,0.30182248007881674,50.467964137745966,43.18000030161591,0.012871861457824707,0.75
2328,0.5467430267140105,31.38431005480523,28.00715384492935,0.012818396091461182,0.85
2329,0.45505966603466774,36.596913969822005,30.087924663165314,0.012949895858764649,0.8
2330,0.45192200381750824,46.23367401300762,40.48435741888316,0.01302696466445923,0.85
2331,0.363545247707365,37.9739740668328,25.383936312356752,0.012894892692565918,0.75
2332,0.22791890148202162,52.10581129677545,38.59637153984971,0.01304234266281128,0.7
2333,0.5097382452295062,31.403934393820958,22.5388442541445,0.01279761791229248,0.85
2334,0.3367651613897694,37.413881519126036,31.393163892647653,0.01304398775100708,0.75
2335,0.26896255237203215,35.369800802947694,22.964471599293795,0.012894749641418457,0.7
2336,0.49837653949207184,41.27354732743369,34.269706829772446,0.013059008121490478,0.85
2337,0.4637163107365255,36.070668839686725,29.62819499965982,0.012933027744293214,0.8
2338,0.11040482933812801,50.73913613650542,22.680545324817103,0.013050282001495361,0.65
2339,0.18866302683834482,63.971374516971025,55.786848180274426,0.01276226043701172,0.7
2340,0.1999139891388643,53.27840283622228,26.47456175798399,0.012605798244476319,0.7
2341,0.3116033544929902,46.190811388144496,42.82057124294021,0.013101530075073243,0.75
2342,0.595254513752924,31.45234496134366,22.272879666663982,0.013258099555969238,0.9
2343,0.619093875135434,19.076182125297237,20.480474912848383,0.01304997205734253,0.85
2344,0.29520568778607903,52.21242525319009,37.58427209281543,0.012767493724822998,0.75
2345,0.6114841331827037,37.49711933642656,33.58362540180602,0.013585734367370605,0.9
2346,0.4537925956274213,35.587596448388226,22.675907806500657,0.0130057692527771,0.8
2347,0.1858250900542362,60.995893519391664,39.08432972448555,0.013178765773773193,0.7
2348,0.3193806041885358,51.807706078585134,37.23148499169593,0.013558542728424073,0.75
2349,0.5871593173593905,41.68853969470171,33.73968197182268,0.013212633132934571,0.9
2350,0.5252892310676455,35.8886802369523,33.71184952432862,0.012919187545776367,0.85
2351,0.7015157097896243,34.8235579191917,30.67859395614073,0.013087582588195801,0.95
2352,0.48555336747410366,46.18944251924761,34.06266293864095,0.013231253623962403,0.85
2353,0.6291813531718042,25.842985122767963,21.70794743020561,0.012959420680999756,0.9
2354,0.4062005975499822,45.6136619135341,28.676850407318618,0.01302586793899536,0.8
2355,0.3493261676604392,41.6727309409426,31.41859991944534,0.013141047954559327,0.75
2356,0.5229016744038155,43.87709898256314,31.34280861710332,0.013352608680725098,0.85
2357,0.5956549259876529,19.582941509873606,14.710595811292839,0.012989890575408936,0.85
2358,0.08613536335609871,51.44597578929254,25.28392336602361,0.012939786911010743,0.6
2359,0.24599038922179234,42.93067603033104,33.715831933681336,0.013007438182830811,0.7
2360,0.26324554218665575,42.67554373011715,31.731419872607496,0.01284259557723999,0.7
2361,0.4327065724848723,41.83838681205059,30.356847486907753,0.012864482402801514,0.8
2362,0.40151368127175535,43.768584228996176,38.574232753480935,0.012948834896087646,0.8
2363,0.4076751588878798,47.87525066633332,36.69891064034297,0.012713110446929932,0.8
2364,0.34889109600060286,36.914936986007426,16.55048213552108,0.01299457550048828,0.75
2365,0.0991738431471674,46.419702354287935,25.217653676640612,0.013142144680023194,0.6
2366,0.6633227402638832,35.66564313639854,31.112670915396183,0.013227617740631104,0.95
2367,0.8222493979470741,27.084697095884263,27.084697095884263,0.013155138492584229,1.0
2368,0.2959932542536931,51.023219414090164,29.690226538687266,0.013147497177124023,0.75
2369,-0.009880076313519254,59.87006635799139,30.76829157958602,0.012944495677947998,0.6
2370,0.43265193573252797,37.05050607281084,29.717778569804448,0.012807214260101318,0.8
2371,0.5830812127993357,42.72550187675473,34.695619852465285,0.013084626197814942,0.9
2372,0.4682552619345219,32.72451715380235,18.2197621338275,0.01282109022140503,0.8
2373,0.3099890334274916,51.31295114440475,36.694735045592125,0.013255488872528077,0.75
2374,0.5282097422381646,36.65004218880535,29.29859948918668,0.01306605339050293,0.85
2375,0.3663294475801674,53.19648948492737,43.69423368370781,0.013145363330841065,0.8
2376,0.41833939171830226,36.7873387585852,35.23063550254568,0.013215255737304688,0.8
2377,0.2985647168280984,49.52783914991761,40.404505566960104,0.013287794589996339,0.75
2378,0.5501417853179853,36.378225475935594,23.063225301104307,0.013295924663543702,0.85
2379,0.16348572509660284,42.090447230054195,33.77476333242112,0.012685668468475342,0.65
2380,0.3351323585859395,40.7100584584448,21.909011670825375,0.012876272201538086,0.75
2381,0.2996285115874107,42.324096627498726,43.517025128883674,0.01290113925933838,0.75
2382,0.23966791919448172,41.31042041884465,22.098835195451187,0.01259843111038208,0.7
2383,-0.05004675733745791,56.815304914046564,32.83050301559347,0.012818002700805664,0.55
2384,0.3238087197531722,42.49035738329222,24.842066050123538,0.0131561279296875,0.75
2385,0.07006534313362404,62.13651636082765,41.000256698801465,0.013610374927520753,0.65
2386,0.6044063060245517,30.872458605206486,27.400143223957812,0.013335216045379638,0.9
2387,0.310969391426384,43.98820388271636,32.28463720090486,0.012967920303344727,0.75
2388,0.2643561394746496,43.263037037707825,24.925022853683362,0.013051164150238038,0.7
2389,0.23656470371802527,45.86121007963726,31.79050967889986,0.012850522994995117,0.7
2390,0.3504712488982987,47.195952882910476,25.83335096505086,0.013129055500030518,0.75
2391,0.09768297025759873,59.62743045678072,31.08880826606913,0.013061976432800293,0.65
2392,0.37076969554345124,45.805492950040865,34.326617672607455,0.013188087940216064,0.8
2393,0.23573782674898017,43.684087420463015,34.29523237894717,0.013341641426086426,0.7
2394,0.4420308339692741,52.681392751856016,42.46981814704243,0.012927377223968506,0.85
2395,0.507338122414541,41.433188440456895,33.90505012446151,0.013022315502166749,0.85
2396,0.18330257651832918,41.52939230862701,32.904261470340685,0.013121187686920166,0.65
2397,0.41266684405934395,48.192914026001084,35.89143066029469,0.01327296495437622,0.8
2398,0.09691454330412216,59.896779941741535,39.68188286894587,0.013234460353851318,0.65
2399,0.4575104496569823,50.637509164114036,45.37570799268695,0.013346254825592041,0.85
2400,0.4298023115856234,43.28696571941478,25.60598643455951,0.013360083103179932,0.8
2401,0.27661022324329465,62.366938115019344,58.27510705887832,0.013329565525054932,0.75
2402,0.3811862099634908,31.256306295297588,23.74870071229048,0.013186144828796386,0.75
2403,0.24986999552307593,41.03452975097966,38.75745943648046,0.012863004207611084,0.7
2404,0.28252905242149173,55.60865138894205,48.74645276256426,0.013284599781036377,0.75
2405,0.4493723378033039,33.05977596193573,28.59835548469637,0.01308746337890625,0.8
2406,0.24368861443429896,46.11636870805846,23.10691391515155,0.013034331798553466,0.7
2407,0.3327098742428057,47.86030941922708,36.996593797937834,0.013345825672149658,0.75
2408,0.5233025234228832,38.94784795644,29.42205668404808,0.013319170475006104,0.85
2409,0.17774370329131325,63.54730810482253,41.424792883658085,0.013348114490509034,0.7
2410,0.4025653952030481,46.03968468842203,34.84007122080866,0.013004481792449951,0.8
2411,0.4756845291115777,50.799925935361664,39.67752152308569,0.01294877529144287,0.85
2412,0.4605386354897596,26.393781865454393,22.126335674027352,0.012886583805084229,0.8
2413,0.4685961229212806,32.786561815898565,23.50835179199806,0.013161194324493409,0.8
2414,0.39044834132115924,50.74679325331098,41.08382860847824,0.013000679016113282,0.8
2415,0.16919092998852553,48.317196118310484,42.88660008468658,0.013025343418121338,0.65
2416,0.5589905141823477,32.223452467025055,23.889551377787498,0.012940430641174316,0.85
2417,0.15515835956074164,45.10539201852411,29.55347730497474,0.013220810890197754,0.65
2418,0.3121919990632166,51.47948959502511,37.64689745386012,0.013186812400817871,0.75
2419,0.3196313576563873,51.36486956109587,29.945313917934698,0.013494575023651123,0.75
2420,0.4064530928568213,43.26950090351326,31.320365159382686,0.013178479671478272,0.8
2421,0.24793359448731844,63.345973684954096,45.48237754210345,0.013189184665679931,0.75
2422,0.18279821880332334,36.42091249496805,25.035490248456174,0.013040494918823243,0.65
2423,0.6006071491785643,35.166152181766684,26.30142674685577,0.012905323505401611,0.9
2424,0.21265071651667156,50.41396095279716,37.28230754420686,0.013378870487213135,0.7
2425,0.43961759469668005,41.02939147888846,29.254481852395166,0.013159716129302978,0.8
2426,0.3005675911796731,49.8133641107372,27.102647631593822,0.01281367540359497,0.75
2427,0.3944566900914904,51.991138152779456,48.73941465755261,0.013003063201904298,0.8
2428,0.5124344651251549,47.10073482313185,35.10269163331346,0.012927687168121338,0.85
2429,0.6937513697114424,26.65158640122715,27.183985739080832,0.012816107273101807,0.95
2430,0.2300930338029595,41.85715409946131,24.055631518583755,0.01304842233657837,0.7
2431,0.2336734508892085,51.64536763923634,24.214653510515557,0.012918567657470703,0.7
2432,0.4775959044748129,45.43312676995764,33.512240859121256,0.012986981868743896,0.85
2433,0.2682038374934874,37.028197293817165,25.584943951178676,0.013333308696746825,0.7
2434,0.3716531327481277,52.149126671728666,42.73352725330513,0.013320589065551757,0.8
2435,0.22968128803293833,48.585328157709284,41.7694925287088,0.0129876971244812,0.7
2436,0.035721337706110454,51.39013156909463,24.824598384762123,0.012921643257141114,0.6
2437,0.28470396870808184,47.35414707641021,30.27890403532355,0.013108468055725098,0.75
2438,0.2433502540161332,41.14882891586935,37.831812907856644,0.013096046447753907,0.7
2439,0.14768302346698117,69.71007601869533,56.94358336095234,0.012721753120422364,0.7
2440,0.4023250005852552,47.776367216085774,37.80082185741361,0.013011980056762695,0.8
2441,0.11187158523030569,57.616763972325586,41.55803801443122,0.012982916831970216,0.65
2442,0.31797263056606784,46.582329267005534,37.14483486754469,0.012768590450286865,0.75
2443,0.34580267311604845,55.88684287086088,47.227814731550694,0.012815678119659423,0.8
2444,0.15192272453796007,50.03271793416612,30.899115403405794,0.012778711318969727,0.65
2445,0.6359570807529485,29.816863068669324,25.986576707739193,0.012821471691131592,0.9
2446,0.4092850683407153,36.422102029311624,23.30643312259953,0.013021385669708252,0.8
2447,0.20268093199599732,54.61363566345152,28.789199914343136,0.013037443161010742,0.7
2448,0.47882165287004685,49.47866603153186,48.23327561100621,0.013061130046844482,0.85
2449,0.43063879365201946,51.51008289746402,40.2064091804373,0.013202452659606933,0.85
2450,0.5541217738224775,46.65259112926309,38.90321554470085,0.012762808799743652,0.9
2451,0.5218044233341225,43.54311253721211,31.412189470440552,0.01287393569946289,0.85
2452,0.2862139858007664,46.68602240886976,24.957146993939755,0.013354957103729248,0.7
2453,0.37706154499940137,54.28111522607894,39.43568574627687,0.013099086284637452,0.8
2454,0.21469155762667674,47.36123839819537,30.060145704100627,0.012663161754608155,0.7
2455,0.27483090067159044,36.46820665627986,16.388724404156136,0.013057219982147216,0.7
2456,0.2941703429231903,52.247576277869726,43.9411093321897,0.01302664279937744,0.75
2457,0.39350983597631634,47.071903910195154,35.42769737477475,0.0131935715675354,0.8
2458,0.2980704779658157,53.50145063576811,32.73246398036959,0.013008761405944824,0.75
2459,0.5943965892350473,35.30098730883232,26.7178663055564,0.012909722328186036,0.9
2460,0.4852895618714056,36.15593541606392,32.49965404659452,0.012814474105834962,0.85
2461,0.5357309843030512,37.13084147445471,29.317573420675856,0.012971127033233642,0.85
2462,0.579578597481148,46.42450414722289,39.2752099546913,0.01357332468032837,0.9
2463,0.5791373032727092,20.286970086105136,15.403816899395258,0.012915992736816406,0.85
2464,0.5128906434320202,36.03871865292706,22.099919641632045,0.012785553932189941,0.85
2465,0.5610477867064281,46.6533828321197,44.474206554552865,0.01293729543685913,0.9
2466,0.3474608899074664,45.5048134620869,22.65548772144904,0.01320943832397461,0.75
2467,0.2999236384711535,56.35741671520193,36.758351285067775,0.012556493282318115,0.75
2468,0.275914198832891,57.05066973122507,38.06421886054105,0.013190925121307373,0.75
2469,0.3888673831923575,45.237201195485014,46.65106001096337,0.012813866138458252,0.8
2470,0.42040217267045354,42.34991833678703,36.67971330276987,0.013281917572021485,0.8
2471,0.26357502131564037,47.1862187012211,32.500162238187016,0.013143718242645264,0.7
2472,0.30195655933351645,55.1779315175394,35.52206729590931,0.013063204288482667,0.75
2473,0.5984911611734833,36.3395335322336,27.712071844951485,0.013026809692382813,0.9
2474,0.5332003901322602,31.57210582408368,23.186773874857565,0.0127044677734375,0.85
2475,0.662109813749231,35.25436149194367,31.196609995401236,0.013205718994140626,0.95
2476,0.21977729023271766,36.10356256299957,17.721610892649753,0.012842822074890136,0.65
2477,0.06853843097379306,51.89124887200344,26.129042210550377,0.01328059434890747,0.6
2478,-0.05598477133998743,58.14565798965782,48.50724545308896,0.012970614433288574,0.55
2479,0.27663844870557847,51.95614553343751,30.587225290197136,0.012735283374786377,0.75
2480,0.13566625458458467,53.227685788455986,41.61270534055903,0.012911152839660645,0.65
2481,0.30337435420105846,48.293742984064885,31.905008439879293,0.012585330009460449,0.75
2482,0.26558315775199526,34.64712815596918,21.661408854973153,0.013259971141815185,0.7
2483,0.5954955220536922,42.149969593496664,39.55685058866539,0.012711799144744873,0.9
2484,0.44718248550139517,36.839588597907834,22.680648710412044,0.01265357732772827,0.8
2485,0.4170394480398185,46.54152213972763,36.458324480857954,0.013685846328735351,0.8
2486,0.17898929447143905,35.573186423132164,15.941121109299827,0.01306135654449463,0.65
2487,0.5045333791510729,41.15418885580873,27.792687035264997,0.012780320644378663,0.85
2488,0.5227407910825128,37.10155334922851,41.08524944296242,0.012726593017578124,0.85
2489,0.41663343422822124,46.69209022232371,36.152055882070044,0.012776815891265869,0.8
2490,0.22647022456645108,52.38728805725725,37.64579499272214,0.012887847423553467,0.7
2491,-0.057315463629063104,66.88059524899646,35.95034369411903,0.012804961204528809,0.55
2492,0.43714835392010964,34.725089636262176,25.821223389843354,0.012785530090332032,0.8
2493,0.3333476836489214,42.745930756557485,31.20841926816023,0.012681818008422852,0.75
2494,0.3061955369832741,53.52290238009848,37.990486029460016,0.01305689811706543,0.75
2495,0.5556495212800961,53.64992200181028,46.532900717715854,0.012648725509643554,0.9
2496,0.6946166963249913,35.91842642361458,32.11419709933398,0.013224267959594726,0.95
2497,0.23253441950065085,51.595119145791614,37.97100888803611,0.013142120838165284,0.7
2498,0.09892727343034946,60.92692728616951,39.48070046764416,0.013364076614379883,0.65
2499,0.24179088910571567,46.75782394055076,17.497349665718154,0.013003230094909668,0.7
2500,0.6058150201727027,52.371463817862605,49.276109704779195,0.012850213050842284,0.95
2501,0.33806082032934004,42.34427800980971,36.77463716909206,0.012889444828033447,0.75
2502,0.4539019678386206,56.038059383270664,46.283243394539056,0.01272256374359131,0.85
2503,0.35081968312844297,60.550350047457,47.59618963884722,0.01290055513381958,0.8
2504,0.3028805819212378,50.180814626243645,42.821938719232975,0.013216328620910645,0.75
2505,0.27967596433522757,56.25108091844718,36.86557374251288,0.01310875415802002,0.75
2506,0.4008707027541442,47.03267404925849,29.5638990699683,0.013163304328918457,0.8
2507,0.4058050641288392,39.77901336661681,27.480214544153284,0.013142335414886474,0.8
2508,0.3987131714322304,38.281418393831046,31.111857879429497,0.013075494766235351,0.8
2509,0.21764911003292164,45.25084420948558,21.831304332472246,0.013011717796325683,0.7
2510,0.5439269776636377,29.587481862692318,21.05204768921261,0.012895524501800537,0.85
2511,0.36682726706176205,52.437983620070575,43.177261794313324,0.012992668151855468,0.8
2512,0.1697169044936348,45.07082143636,30.590272770355384,0.01319725513458252,0.65
2513,0.15029257981726196,44.89898972406997,31.140227781631935,0.013316833972930908,0.65
2514,0.6504463091917233,28.568173393054025,24.609846546984997,0.012894201278686523,0.9
2515,0.41379060272779755,45.533156858577556,34.43298874275972,0.012759876251220704,0.8
2516,0.5038823157738563,40.62310463782395,27.607858581851275,0.012799715995788575,0.85
2517,0.45740775234186853,34.44989858016551,14.491985792180042,0.012835550308227538,0.8
2518,0.571060128041508,26.960617544168905,23.645693870977322,0.013009440898895264,0.85
2519,0.45594614570963515,30.426194778675825,21.35063942474725,0.013910198211669922,0.8
2520,0.5086955131546568,42.63078528962407,29.66202817785269,0.013009464740753174,0.85
2521,0.2799693528717294,56.8286378261778,37.121050758124895,0.012894248962402344,0.75
2522,0.29798284417089016,49.17042324496173,33.07170033494718,0.01281379461288452,0.75
2523,0.6860002604949503,36.11518836359723,31.907590922136546,0.012875759601593017,0.95
2524,0.2260804708553117,51.750504842290425,32.2079125189474,0.013132429122924805,0.7
2525,0.2505480927546973,42.940775634038296,25.516775349314237,0.01309967041015625,0.7
2526,0.2662455183297413,36.78641912369372,16.713939399594974,0.013046157360076905,0.7
2527,0.07394076496312789,42.3785655127056,24.598065100477502,0.012876808643341064,0.6
2528,0.18567498668495624,63.090127172622815,40.8001861757212,0.012528467178344726,0.7
2529,0.345257455063708,46.14786115397905,23.38842939395079,0.01286771297454834,0.75
2530,0.4401231634480346,36.51816978987014,29.538427586957805,0.01293327808380127,0.8
2531,0.4283029183071455,40.50537489849315,28.626401722647888,0.012941384315490722,0.8
2532,0.16766076823827183,40.126162884403136,15.083909290664307,0.01349172592163086,0.65
2533,0.24484844268392109,58.82803019848476,41.00625226836233,0.013166165351867676,0.75
2534,0.3004396140846785,46.33928192423977,29.854208027885328,0.013256204128265382,0.75
2535,0.17701657087584327,55.62087452515325,37.66727587753105,0.012990307807922364,0.7
2536,0.3365289765320872,46.62166223925141,23.078648823321632,0.013436758518218994,0.75
2537,0.271134750888798,45.52772684286764,29.56490190179031,0.013145005702972412,0.75
2538,0.27782126108987126,51.63565153031158,44.04077919369117,0.01291186809539795,0.75
2539,-0.0011117120369250055,66.0529872428784,48.83385433088194,0.012731218338012695,0.6
2540,0.2064537561146178,50.85960519579851,30.435548752645342,0.012898540496826172,0.7
2541,0.38398272372337094,46.220567873869065,28.840806080554408,0.012685346603393554,0.8
2542,-0.056300990911372285,56.40758753687212,34.921577605193384,0.012950193881988526,0.55
2543,0.13540391135280863,55.655630837572176,40.37116684733205,0.013165509700775147,0.65
2544,0.39701951741446695,40.513719482512265,27.201780095955094,0.012780451774597168,0.8
2545,0.31158508161307724,46.92590914874992,23.96719604450067,0.012646758556365966,0.75
2546,0.32478463043712236,44.47230311627153,27.115829426616806,0.013035178184509277,0.75
2547,0.25243079929297696,65.29343670836963,49.62917422730855,0.012922263145446778,0.75
2548,0.15389478614975372,47.57847892705202,26.301928218135636,0.01312112808227539,0.65
2549,-0.12842499157604018,71.16385419318571,51.50045876441497,0.013160836696624757,0.55
2550,0.1754630825752944,57.85632490224272,44.89758629328559,0.012899637222290039,0.7
2551,0.23152939811502252,46.45281426959437,31.352431121594517,0.013059389591217042,0.7
2552,0.26808622297160645,57.09031111858453,50.895182196774286,0.012834179401397704,0.75
2553,0.18636910185650607,61.62491074655045,51.731967068248785,0.0131139874458313,0.7
2554,0.14541542313315653,51.94394533824457,32.7874067682039,0.012961280345916749,0.65
2555,0.03829387261889585,59.703865974683865,32.632428146722056,0.012768316268920898,0.6
2556,0.15640291679809132,50.09980642229885,16.988784911040344,0.012827885150909425,0.65
2557,0.1485144952277469,65.44364191774254,45.64333319230981,0.013753986358642578,0.7
2558,0.1643121818241406,63.37519536750658,55.95958011037975,0.01311274766921997,0.7
2559,0.585396740542904,39.91622693415338,31.54276249602022,0.012990319728851318,0.9
2560,0.16683117862582073,46.58093401298335,38.232971361173625,0.013181304931640625,0.65
2561,0.314492791038956,51.529357285689926,30.48007982483949,0.012725651264190674,0.75
2562,0.15233068978047087,47.38464766358324,33.43191762143379,0.012833511829376221,0.65
2563,0.056864411755690306,70.60231263786741,46.11828978660003,0.013315284252166748,0.65
2564,0.2994427456403578,57.29758400697229,37.64057099777335,0.01291043758392334,0.75
2565,0.22554217567310803,75.82009359515942,63.05579362417019,0.01292513608932495,0.75
2566,0.08427647831817098,64.49823576005144,37.13742395602538,0.01308833360671997,0.65
2567,-0.08036723477826029,59.95232168245322,32.750893376468795,0.013070595264434815,0.55
2568,-0.06830221076271417,62.30444899018342,44.99012299810753,0.012934577465057374,0.55
2569,0.1578780117746851,47.7375768420721,33.910037883858706,0.01326533555984497,0.65
2570,0.2030245857476726,56.51905309984021,38.43664177415998,0.013273191452026368,0.7
2571,0.23104532897245975,49.24517614942593,43.21701330993886,0.012669897079467774,0.7
2572,0.12550175671287203,51.83521372395843,26.681682026018294,0.013048052787780762,0.65
2573,0.219296028242335,52.04799306864201,38.11011458681187,0.013118243217468262,0.7
2574,0.3222973184976324,47.79439283082556,31.299330140823333,0.013427269458770753,0.75
2575,0.021087816274686477,62.783435938514046,50.08505845457484,0.013265097141265869,0.6
2576,0.12345393825467173,51.35415530147458,22.058290661537658,0.013426971435546876,0.65
2577,0.11699333088884027,58.95203423942436,27.001010790267074,0.013146376609802246,0.65
2578,0.09248656559015472,39.581666327392206,14.524796122722647,0.01300433874130249,0.6
2579,-0.014178815988709199,50.315783526861345,45.10493493578096,0.013711297512054443,0.55
2580,0.3011597465895425,49.74648599371583,35.1422182206827,0.012918186187744141,0.75
2581,0.27371242843030724,36.71841728223694,23.776572100696374,0.013078916072845458,0.7
2582,0.6506844068254658,43.25101101519058,44.355748831277914,0.013116979598999023,0.95
2583,0.28141258636008526,51.382887885572565,37.30359276935486,0.013053977489471435,0.75
2584,0.4660221062264152,30.426733494600445,22.087460230555088,0.013141262531280517,0.8
2585,0.3068251690002287,45.25968898957999,21.310427953150345,0.012975847721099854,0.75
2586,0.5772190749273316,41.38299599830906,33.023736399842306,0.013029015064239502,0.9
2587,-0.19179159466204007,70.6807199387186,56.27884490283323,0.012677252292633057,0.5
2588,0.35807891173416684,56.20981769822729,54.1978831845294,0.01297001838684082,0.8
2589,-0.00045433937670522615,66.07775667949645,40.164500725279915,0.013353061676025391,0.6
2590,0.33549409153134796,39.699464764929274,34.38159957064919,0.012891781330108643,0.75
2591,0.25510644546771893,56.388614642842654,43.94234310789573,0.013201534748077393,0.75
2592,0.6522492945625987,47.638485980277004,43.59267563091769,0.013101434707641602,0.95
2593,0.3143185299779653,45.51900411307086,35.390183258799574,0.012947607040405273,0.75
2594,0.14846637424490494,66.26751006896326,44.943843083443724,0.012769639492034912,0.7
2595,0.34139408720912356,58.03689431711149,49.345788000177095,0.013059258460998535,0.8
2596,0.16529148893426818,45.12844291325881,22.306068935701695,0.013517427444458007,0.65
2597,0.19684709918365303,50.64655050228934,44.361723346659176,0.012941384315490722,0.7
2598,0.04645145714769143,76.03191213471526,62.25284498555207,0.012733042240142822,0.65
2599,0.45825532833148863,45.281214573085926,39.31151835141414,0.012949657440185548,0.85
2600,0.27349745212124493,60.81381001751718,43.38614509940496,0.012890136241912842,0.75
2601,0.29236364942306237,49.75477159445456,35.35388495994536,0.012822329998016357,0.75
2602,0.2902365016931407,49.535449358875375,35.72397978646461,0.01309797763824463,0.75
2603,0.04612632789493359,68.9664793717078,61.668186769889225,0.01304643154144287,0.65
2604,0.0031449783606729564,67.29308122568429,34.92648831418247,0.013090014457702637,0.6
2605,0.43660496868072807,59.96111520131084,50.79068755003067,0.01268627643585205,0.85
2606,0.18072689182147525,45.54371264733014,32.213329071083926,0.014079201221466064,0.65
2607,0.05080443745895846,51.04874643793469,33.071200013651996,0.012975096702575684,0.6
2608,0.3827425930888632,45.97133834957665,35.33559187003098,0.0134210467338562,0.8
2609,0.2561714431469683,55.089620355419484,49.43503720624925,0.012790703773498535,0.75
2610,0.6037709747150313,44.192983065282775,36.8710826145862,0.013018202781677247,0.9
2611,0.5121656076173472,41.61797170126651,34.92858765928473,0.01302509307861328,0.85
2612,0.17528438174119168,51.755656257915895,31.357131856903198,0.012832367420196533,0.7
2613,0.2656481012506104,37.369670372494895,18.829483312249305,0.013125920295715332,0.7
2614,0.16132726358352592,51.67782966441869,32.33446875413382,0.012803125381469726,0.65
2615,0.5069788603749726,34.30933141048673,26.12145973395972,0.01287980079650879,0.85
2616,0.3198447163669288,50.793049186179964,28.97810534304658,0.012903928756713867,0.75
2617,0.1916264112656798,60.019803552872006,44.72161587593774,0.013376331329345703,0.7
2618,-0.07047654845423816,58.77190380142256,23.188428967974836,0.012809443473815917,0.55
2619,0.4171676065164571,45.48094091011269,34.57209026285148,0.013025665283203125,0.8
2620,0.4056546559714791,46.34126026113051,28.320532400655978,0.013286864757537842,0.8
2621,0.07298572551310281,59.530160482478166,31.008557510943255,0.012848854064941406,0.65
2622,0.2104882167890306,56.82256513073288,39.194944588877554,0.0130934476852417,0.7
2623,0.10552387472994892,55.29921658179709,23.68173080908556,0.012657594680786134,0.65
2624,0.3937816283872534,40.53930995623133,34.28511269660606,0.013261103630065918,0.8
2625,0.1201112288269884,49.1245873887255,44.641871021627715,0.013036692142486572,0.65
2626,0.3895883023566686,47.88520145920372,44.13823519683058,0.013023769855499268,0.8
2627,0.13741798983206627,45.264187126279595,32.11868596859284,0.012450993061065674,0.65
2628,0.511597320455726,39.73346611121762,37.23487297431915,0.01315699815750122,0.85
2629,0.09609864238498216,61.362742142583976,47.09660104825697,0.01309438943862915,0.65
2630,0.34423504569004926,47.23940593674179,31.03362165040637,0.013178741931915284,0.75
2631,0.18668290825940698,44.99880363168717,23.991224938993447,0.01286780834197998,0.65
2632,0.29056044020221855,37.560951010943604,18.87919052183364,0.012676942348480224,0.7
2633,0.5571205211512924,48.75978036124792,41.853201927501516,0.013020944595336915,0.9
2634,0.3400658880937302,40.08612337467109,23.024752709681014,0.013012576103210449,0.75
2635,0.24256000891056767,40.9785435738717,30.742388487834234,0.0130523681640625,0.7
2636,0.4250592119130241,42.05862157780926,29.019210618255492,0.01269218921661377,0.8
2637,0.5607470258511629,35.89740663190112,27.095927006383153,0.01281895637512207,0.9
2638,0.32202810767856754,46.07452517478255,30.729720671935784,0.012501811981201172,0.75
2639,0.32273430613787674,45.63189673720856,23.145505224454244,0.012940740585327149,0.75
2640,-0.3338082383458998,65.79680175517039,33.41897275171923,0.013284385204315186,0.4
2641,-0.03438383541386034,75.72483457172096,65.8491055123781,0.012529718875885009,0.6
2642,-0.021542589636228692,55.82964654561978,16.761129181060586,0.012813985347747803,0.55
2643,-0.1174478135708255,46.24811540448453,28.910903836976274,0.012916028499603271,0.5
2644,0.11406615038794532,60.92038451172832,31.390362635672993,0.01309295892715454,0.65
2645,0.38850054008858403,41.39038544727095,35.37357265353341,0.012972855567932129,0.8
2646,0.17366001200346406,70.0985676697165,51.014752494330594,0.012905478477478027,0.7
2647,-0.03164429638528588,56.05760096497238,34.097278292010834,0.013258039951324463,0.55
2648,0.09969343581242081,54.388068441580586,37.8677324419982,0.012775719165802002,0.65
2649,0.26752387910364017,55.010583948535896,42.5026496582576,0.012828075885772705,0.75
2650,0.2708768930283007,61.1154334016422,50.057178943752405,0.012901091575622558,0.75
2651,0.26071345798158474,61.72165886566847,44.82010808843113,0.012858140468597411,0.75
2652,0.5198661785785113,41.64163985932605,34.185505218896935,0.012746644020080567,0.85
2653,-0.252658128981461,71.27491209010505,39.974830174761415,0.013350510597229004,0.45
2654,0.5636858324861125,36.567467570161355,28.09922966773992,0.01323930025100708,0.9
2655,0.5083056932016999,60.90603034612902,54.39573706126731,0.01339811086654663,0.9
2656,0.10854484870872842,61.9230550425297,54.86187127192829,0.012951266765594483,0.65
2657,0.1567037815962568,47.21334905364594,18.246194910812623,0.012946510314941406,0.65
2658,0.692008886615813,35.858811979877274,31.740678267497923,0.012927770614624023,0.95
2659,-0.04083361495513528,56.483555076809104,26.799274100686407,0.012459766864776612,0.55
2660,0.41502003136926585,39.50837355886261,33.50199620081421,0.013009560108184815,0.8
2661,0.13196368737823203,42.888375038043705,19.840095976087966,0.013337266445159913,0.65
2662,0.45651838016015345,38.10227504055619,26.041801113559153,0.01300344467163086,0.8
2663,0.3798876118223064,44.647945543018736,33.37095397143145,0.013444948196411132,0.8
2664,0.29352785350545085,48.52343444149146,34.5252669326893,0.01359935998916626,0.75
2665,0.18030934330089698,59.28182275672955,49.26343199687916,0.01299971342086792,0.7
2666,0.3741188363879961,50.49841499654763,41.62685386380445,0.012977945804595947,0.8
2667,0.0034306731426410166,60.01406834739937,41.79395799697165,0.01294165849685669,0.6
2668,-0.10193407789393674,64.78937388835732,33.43390526264306,0.012648177146911622,0.55
2669,-0.17675155433157985,72.13557516499593,39.20223358223839,0.012883222103118897,0.5
2670,0.1684626921283598,61.46639271788824,38.13209062427989,0.013054215908050537,0.7
2671,0.16621929911696434,61.60863666154197,44.72634390180641,0.012946796417236329,0.7
2672,0.19495625712709833,52.23351889216499,38.03249222531925,0.01298823356628418,0.7
2673,0.5482045630512394,49.57444573369876,47.35403625116583,0.013184583187103272,0.9
2674,0.287584164273326,49.35137526730928,34.76863824278491,0.012676084041595459,0.75
2675,0.348692648149565,55.49225410818902,41.01248920069591,0.012861371040344238,0.8
2676,0.23474375164709657,63.77501709699236,53.65337444468171,0.012812328338623048,0.75
2677,0.23649110419463582,46.794837308423595,25.18175334492518,0.013033998012542725,0.7
2678,0.3226273714888578,65.31307678033633,58.93705297341006,0.012915098667144775,0.8
2679,0.06501699016526052,66.2613636067366,40.45424068265994,0.013230812549591065,0.65
2680,0.3136369270306837,49.843845411697224,27.78988308996327,0.013045310974121094,0.75
2681,0.5090291546438409,40.6936356861123,33.822375308431056,0.01308368444442749,0.85
2682,0.4311138714312279,55.53655429040926,51.1506418302059,0.013054156303405761,0.85
2683,0.5322308590238782,57.28066640952949,50.74603815960759,0.013149094581604005,0.9
2684,0.5968008152821513,41.258354305023616,33.448427869616076,0.012971413135528565,0.9
2685,0.5796254995049704,42.20228053074813,39.73392232711505,0.01287933588027954,0.9
2686,0.5423583807120758,34.80615658813695,26.45527889973199,0.012678384780883789,0.85
2687,0.24071351178860495,45.89650258011556,31.068391069092332,0.01281881332397461,0.7
2688,0.37460630475385126,36.43314351737736,23.374786792652205,0.012955856323242188,0.75
2689,0.22076445687363297,52.463135658229895,32.19679694751295,0.013147127628326417,0.7
2690,-0.04603660637045739,74.31487954020105,64.91812049338276,0.012769937515258789,0.6
2691,0.021449281897084636,79.46588057602635,61.060672062578035,0.01294536590576172,0.65
2692,0.4987457699666321,46.835941498896396,35.280287951255005,0.012547183036804199,0.85
2693,-0.16178549818774002,61.22857301515967,37.77282987476867,0.01295078992843628,0.5
2694,0.03412965777496098,50.379531447023254,24.108819488842197,0.012555694580078125,0.6
2695,0.26205382460303694,60.330804874247804,49.821312753092414,0.012419307231903076,0.75
2696,0.40285875957396095,49.53247727635233,40.46864563593387,0.012782609462738037,0.8
2697,0.17691023004218476,53.87740806667898,41.82802122033711,0.013329648971557617,0.7
2698,-0.006272086716937358,68.88476784389348,40.142962851765155,0.013052773475646973,0.6
2699,-0.11731643731576813,58.52602239218155,23.594727517944065,0.012928247451782227,0.5
2700,0.14183672543048073,63.84305600419833,49.935546225283645,0.013235652446746826,0.7
2701,-0.2083016988527991,57.53281335126419,13.963598910536565,0.012871325016021729,0.45
2702,0.327269908058482,66.31348109065263,54.82381762196918,0.01276756525039673,0.8
2703,0.27377144337707904,55.85223091879875,43.239836779826874,0.012858772277832031,0.75
2704,0.4005557455298024,51.99661356315073,42.98880108904146,0.013083350658416749,0.8
2705,-0.05584040855927067,45.661590317216124,17.60816888510249,0.012738525867462158,0.55
2706,0.4936640042575422,42.29145249920274,30.006988767100587,0.012733519077301025,0.85
2707,0.12249845698775474,49.915993904074654,37.332749895494096,0.012820672988891602,0.65
2708,0.3527804515238783,56.56947639126228,41.92085312339077,0.012746989727020264,0.8
2709,0.19683528553257448,57.44867778663382,46.526417607657734,0.013198423385620116,0.7
2710,-0.36648820298205687,74.57989277225124,26.38510021587281,0.013423299789428711,0.4
2711,0.11180137778455139,51.03508177358168,24.96021766202449,0.01352754831314087,0.65
2712,-0.13433287581976255,59.3223189586833,33.68490318412901,0.013175499439239503,0.5
2713,-0.12196234728677732,51.67919359589831,39.45846366085755,0.013134849071502686,0.5
2714,0.160364717604002,65.3117611089257,43.84649223511063,0.013188207149505615,0.7
2715,-0.15167847736047807,71.47364820532903,39.614735919109215,0.012764191627502442,0.5
2716,0.14184245358077802,72.78125054366123,54.4030281231531,0.013211190700531006,0.7
2717,-0.07309419005954332,55.2353155610996,32.76039975621031,0.012918961048126221,0.55
2718,0.2598930840054733,38.452899730434844,19.29062609013414,0.012690591812133788,0.7
2719,0.21353821096685704,50.945294708898146,30.63872498846808,0.013042247295379639,0.7
2720,0.03329552269588476,75.39480378987543,54.12574574963173,0.012824320793151855,0.65
2721,0.2787789693712995,58.9807063102114,47.34949592869576,0.012962305545806884,0.75
2722,0.22629158243282652,74.91529838853839,61.85487666139718,0.013117766380310059,0.75
2723,0.5166984984510552,43.60991198307166,37.1009218358255,0.013001275062561036,0.85
2724,0.24779024901171334,60.56271454854641,41.435787879827345,0.013163292407989502,0.75
2725,0.30452709354099383,49.9160721658551,42.36268276087776,0.013077235221862793,0.75
2726,0.1145116018362162,58.9684301057607,51.82631328682975,0.013016021251678467,0.65
2727,0.0883985896386799,58.84583821651146,29.939043886047145,0.013235414028167724,0.65
2728,0.06939525585540514,53.27619828851964,38.53509639868299,0.013291418552398682,0.6
2729,0.4309860431713738,61.051004668829,52.33483523321691,0.013118910789489745,0.85
2730,0.3031673965761411,56.924085993577464,51.13702558898538,0.012843549251556396,0.75
2731,0.15775031540119905,52.054524204072415,26.772229106883724,0.0129957914352417,0.65
2732,0.2189531494826488,66.93548031845958,51.485016367366484,0.01330866813659668,0.75
2733,0.2581619112417829,55.37364601685631,42.340147540814534,0.01318204402923584,0.75
2734,0.462396863708912,27.143325913319025,24.35958671597868,0.013197541236877441,0.8
2735,0.044152933458538095,54.97176480907241,17.275225319886463,0.0130781888961792,0.6
2736,-0.03948718545169957,79.30488114961882,57.780236435795246,0.012952983379364014,0.6
2737,0.2980331927946941,47.83553905275835,33.93120305277439,0.012945187091827393,0.75
2738,-0.02274763436455308,64.3935295629013,49.245677852610676,0.012757611274719239,0.6
2739,0.1547621910855905,48.080857364237474,36.33681255798538,0.013009798526763917,0.65
2740,0.35308071961025245,51.52565456266209,41.93424890344813,0.012922346591949463,0.8
2741,0.2507429379644677,36.143755466362144,17.11854887353712,0.012914800643920898,0.7
2742,0.38764073705757784,52.34597684844431,49.351562427639806,0.013062512874603272,0.8
2743,0.11245782839890843,61.4890594235323,47.7581339129155,0.012956023216247559,0.65
2744,0.5928873970108679,40.75219387816371,32.646690451065275,0.013151192665100097,0.9
2745,0.34415410939874197,45.764934164492786,22.991826944408967,0.01290888786315918,0.75
2746,0.23311958979310843,44.643979357043946,21.177045312533032,0.013363242149353027,0.7
2747,0.05645891059349153,54.9949780872048,14.837636319258076,0.012967956066131592,0.6
2748,0.3028477137205667,51.89317853042496,44.020014838374905,0.012631618976593017,0.75
2749,0.4235251216996165,44.44159768007476,26.54086372386585,0.012759053707122802,0.8
2750,0.34279151058694535,45.41043646363882,30.19175325853414,0.01282198429107666,0.75
2751,0.023793118396234464,60.93007687087237,33.70368154987744,0.012971484661102295,0.6
2752,0.3951937393009535,54.064540770603585,39.55498739992875,0.013027989864349365,0.8
2753,0.29479615775016343,55.41170363956625,41.604095163128214,0.01296907663345337,0.75
2754,0.06571622463233855,45.71298567422848,17.039640834018012,0.013015592098236084,0.6
2755,0.3255551013571313,43.96138935611371,27.979341943175726,0.01298292875289917,0.75
2756,0.6293450070725698,34.81217885222588,31.879365106328116,0.012621569633483886,0.9
2757,0.23957815458894266,40.46675145811953,22.983422048422433,0.01309436559677124,0.7
2758,0.15417815317799421,51.350473257074974,39.70706356857434,0.012862396240234376,0.65
2759,0.5508968938533844,50.69109602438242,43.17927207980399,0.013135004043579101,0.9
2760,0.260217617511457,44.2727381077376,29.027942086197225,0.013234174251556397,0.7
2761,0.025345540605957284,60.41544902563978,57.258331784052785,0.012915444374084473,0.6
2762,0.4580368730367958,33.3538017823339,24.57958474877136,0.012774395942687988,0.8
2763,0.3277722608453164,54.36014758011155,45.45703203810367,0.012825286388397217,0.8
2764,0.137244345771998,46.39944626788726,33.258616431605574,0.012999963760375977,0.65
2765,0.04944584767142796,56.237010415137675,42.99422350072771,0.012898850440979003,0.6
2766,0.2996717934763411,56.777918736755474,45.32722998995064,0.012746810913085938,0.75
2767,-0.11978534609797269,70.17533966309644,43.79274340564604,0.012943530082702636,0.55
2768,0.4961822450985111,37.65464803080155,24.14455101927275,0.012982809543609619,0.85
2769,-0.30727571207849197,60.40180764135899,15.162137893099626,0.01255408525466919,0.4
2770,0.14302431621308517,44.18625809286963,15.277016925866958,0.012690067291259766,0.65
2771,0.19910849100581227,59.34525540956596,50.15579434727864,0.012809991836547852,0.7
2772,0.3296004525987194,39.65085323143758,27.849376446663538,0.013417434692382813,0.75
2773,0.09390486741619572,64.35155968335908,45.15787625656529,0.01307692527770996,0.65
2774,0.35507577231356907,32.89434890275515,19.733037903275488,0.01305769681930542,0.75
2775,0.19519529850507628,55.68287186393343,30.504869579204357,0.013065803050994872,0.7
2776,0.2054167024269084,46.33964117370469,30.824646361630446,0.012988030910491943,0.7
2777,0.060278860052031646,69.25773227441638,58.50163224705605,0.012840640544891358,0.65
2778,0.12517522290606442,55.91845603516682,40.57294458629912,0.013216650485992432,0.65
2779,0.17599309608834673,45.804007840369536,24.416118100636602,0.013204562664031982,0.65
2780,-0.21510981014630293,59.03104407833136,24.852442696986955,0.013331317901611328,0.45
2781,0.6099845553406251,34.99174688546468,26.774508147193778,0.012900733947753906,0.9
2782,0.07349685791640617,45.45154610475865,31.1066421699964,0.013106179237365723,0.6
2783,0.36368103022965637,42.25301638235055,24.8653051756338,0.013145744800567627,0.75
2784,-0.08842812394469099,65.25896505921807,35.919299805478886,0.012995636463165284,0.55
2785,0.08115189389675374,65.08219847410707,54.62708308358186,0.012849664688110352,0.65
2786,-0.03148666486007945,69.02487547059619,56.430671288350936,0.013317978382110596,0.6
2787,0.11872572245928845,61.60438249668998,56.89138072317893,0.0131591796875,0.65
2788,0.19465229443333096,61.523797827299305,52.968895014903886,0.013042736053466796,0.7
2789,0.0018457715939589725,54.98355159335366,41.26134586946497,0.013199412822723388,0.6
2790,0.2968822803860663,48.738671811318945,27.147214804399514,0.013556599617004395,0.75
2791,0.17448528669764593,44.12593930505273,21.581755967905345,0.012819766998291016,0.65
2792,0.4618063901212028,38.56091946084724,25.67322890023692,0.013091456890106202,0.8
2793,0.14660432935944578,49.963700686128114,30.268509309612735,0.013103067874908447,0.65
2794,0.34505523125208704,58.96582269469597,50.27097263160919,0.013026344776153564,0.8
2795,0.31487668209850656,49.10675030874738,32.23170327966742,0.01332930326461792,0.75
2796,0.5525768027023386,52.602150689245796,57.151935681437095,0.012890768051147462,0.9
2797,0.13774853091112385,66.47127884584728,53.49673042507591,0.013290965557098388,0.7
2798,0.14248841863909278,67.54928871041442,60.09268993394604,0.013107597827911377,0.7
2799,0.02056519736574618,64.68229498573545,32.222750533569716,0.01314094066619873,0.6
2800,0.12374529216660024,60.82075139128108,31.3199183325583,0.013286983966827393,0.65
2801,0.19694894612191965,60.72856295838587,45.06335475815423,0.013047683238983154,0.7
2802,0.05679076895314733,68.3649560096436,50.70993641146808,0.013319790363311768,0.65
2803,0.3613070175115741,60.98708616779692,47.805423601977864,0.014433789253234863,0.8
2804,0.3014315743183694,53.46797969492773,46.33091182484322,0.01313953399658203,0.75
2805,0.2528672928154207,68.18585675362483,51.07272668564596,0.013044869899749756,0.75
2806,-0.08223982275947075,65.90974755707758,33.34817121702795,0.013214349746704102,0.55
2807,0.10441387668345832,77.06527016902429,68.24572104912095,0.012658655643463135,0.7
2808,0.1341003884910351,70.57370142371613,51.56615662807362,0.013125157356262207,0.7
2809,0.3679274295496121,55.96955246460406,40.5707704665425,0.013100159168243409,0.8
2810,0.3781716143425587,56.354444867776785,42.45553598645883,0.012902259826660156,0.8
2811,0.288298940432537,52.323549627304416,32.07325432145087,0.012942910194396973,0.75
2812,-0.05310760817459557,54.84023948630297,33.6675944657197,0.013015484809875489,0.55
2813,0.26690641093825096,40.061172846220124,14.981497564837543,0.013149595260620118,0.7
2814,0.27829412173803775,51.69517282802521,42.76800557762817,0.013089263439178466,0.75
2815,0.30697489658259386,54.57391766303478,34.10657568842227,0.013226699829101563,0.75
2816,0.19735168307323045,53.75146334517259,35.419055745295516,0.012758088111877442,0.7
2817,0.11210279435839894,55.81478200041893,39.21789899958298,0.01299065351486206,0.65
2818,0.06775340721735905,49.54167459006205,30.376769408389325,0.013606739044189454,0.6
2819,0.21441411396156843,49.55560244252658,36.80737824344153,0.013214814662933349,0.7
2820,0.15812382356339708,60.307415516196116,44.84550140834595,0.013492107391357422,0.7
2821,0.12253271467154772,54.67090268114911,30.190141224936003,0.013278210163116455,0.65
2822,-0.09217465095331026,56.26460139720805,45.79160659788541,0.01305091381072998,0.55
2823,0.3815470288967494,49.66428423695224,45.81305844831405,0.01323624849319458,0.8
2824,0.10396849513178283,56.91935032150153,34.7308756493364,0.013201916217803955,0.65
2825,0.5006764162568638,41.98016348142761,35.74956195897372,0.013426995277404786,0.85
2826,0.15156024601792373,52.507210081140116,33.7640072083763,0.013583266735076904,0.65
2827,0.25702689239322596,46.588566376494875,24.66718915633738,0.013375389575958251,0.7
2828,0.08078880752364791,64.73961021734792,47.124253305996255,0.01318737268447876,0.65
2829,0.4238297174780968,35.939667775649106,23.042201681468256,0.012997913360595702,0.8
2830,0.18160253022606912,54.87056761650872,44.18119615135163,0.013099133968353271,0.7
2831,-0.26049860695630256,74.23089960167925,49.726214275285486,0.01298196315765381,0.45
2832,0.12463123525037874,53.55809926804709,29.846592577284152,0.013111555576324463,0.65
2833,-0.01574561314522856,71.24978439637793,60.004304164447085,0.013152003288269043,0.6
2834,0.2874985426957893,54.47377291651746,41.042329854948065,0.01328275203704834,0.75
2835,0.28742070058270636,61.11354779458109,43.266446265168746,0.012593698501586915,0.75
2836,0.3838069511629504,49.54460244866698,33.77973829333769,0.013341975212097169,0.8
2837,0.352509091911252,46.8715280339904,25.254186140703,0.013024449348449707,0.75
2838,0.15939083347298594,44.43917257113172,29.234060538155582,0.013125276565551758,0.65
2839,0.1243888704205951,52.510425184689005,41.88990849454979,0.013083994388580322,0.65
2840,0.23171595056202104,70.41461322294467,62.33809170627159,0.0133375883102417,0.75
2841,0.14603199325317506,84.58353844491008,74.75490912550079,0.013084650039672852,0.75
2842,0.09270489717490131,60.261869574568756,31.63266024067879,0.013178181648254395,0.65
2843,0.4095009947270259,49.57373111280172,33.305317144788326,0.01345142126083374,0.8
2844,0.4111812883987831,40.71033533316825,28.63145971099636,0.01311335563659668,0.8
2845,-0.0017021478958396063,67.30469246870518,42.937766415595085,0.012946462631225586,0.6
2846,0.4633464613450126,43.96445444906819,32.08640610946573,0.013121080398559571,0.85
2847,0.4192100093310532,40.14474083734307,28.4826785486921,0.013034069538116455,0.8
2848,0.4121134723197112,34.77565783885468,27.119155848311536,0.013132619857788085,0.8
2849,0.3607725715565876,54.174394336923264,44.58807247492261,0.01306692361831665,0.8
2850,0.20556906762592098,56.67028338126713,38.040901291371924,0.013055741786956787,0.7
2851,0.16478409477438244,55.247416602177246,44.155788108490235,0.013264203071594238,0.7
2852,0.07040646587443827,50.57700251864632,23.566801860188676,0.013527953624725341,0.6
2853,0.26759490613693837,57.70397683114121,51.73542567638104,0.013193869590759277,0.75
2854,0.20105745077451012,55.66904604971613,29.452066504459367,0.013617992401123047,0.7
2855,0.4778415443267973,45.21670324189306,38.7312444861945,0.01337820291519165,0.85
2856,0.41033985179609916,36.504908083760434,23.521113863471566,0.013158535957336426,0.8
2857,0.31773182377261777,50.86891156091408,29.480427217855183,0.013336145877838134,0.75
2858,0.24154020008994892,45.91191625612786,36.675529846486086,0.01312408447265625,0.7
2859,0.14163187161020563,45.96714553742119,16.079745420760887,0.012975406646728516,0.65
2860,0.13676087281057542,45.08939454543712,31.226617631359275,0.012872409820556641,0.65
2861,0.137321084968386,71.10626139628329,67.6220694054107,0.012950408458709716,0.7
2862,0.40115871026494154,44.45883314324486,33.04925423705177,0.012864327430725098,0.8
2863,0.5483749510887468,23.68375937464958,19.513029425831427,0.013142287731170654,0.85
2864,0.137130405657307,50.240314506653704,23.249041127646304,0.013245987892150878,0.65
2865,0.29098798288232935,50.98292808191991,30.55655391131372,0.013020682334899902,0.75
2866,0.29448475808450436,50.81342768164571,30.099604185786045,0.013454973697662354,0.75
2867,0.39907715118468234,46.6125872289761,29.86646604118026,0.013286840915679932,0.8
2868,0.44430150515869055,42.673612202875816,31.08295325062785,0.013096237182617187,0.8
2869,0.43266161544845694,45.724283859487684,34.13176881836952,0.013118231296539306,0.8
2870,0.05638850917118796,51.94078059095655,34.28891636704857,0.012988066673278809,0.6
2871,0.2881859547160139,56.83535190360469,37.77758035530844,0.012811946868896484,0.75
2872,-0.1042315706930449,71.90316045961603,37.07875968277047,0.013060271739959717,0.55
2873,0.31961201656578364,45.70158133390275,35.12103594981866,0.012920224666595459,0.75
2874,0.18229242678694518,61.994970612338946,38.76946501406585,0.012978851795196533,0.7
2875,0.2931333960330227,45.09878225914111,22.62563448952853,0.012954652309417725,0.75
2876,0.012143176078948598,55.222317376941206,31.91805467491444,0.013132023811340331,0.6
2877,0.38575712908734505,55.72978755642813,40.79040587360727,0.0130157470703125,0.8
2878,0.24002477484928506,60.122446612318775,42.76226195042141,0.013102757930755615,0.75
2879,0.06415362592111017,49.706071692425084,23.302048226260904,0.012747180461883546,0.6
2880,0.08405803200642022,62.063196488761434,41.29039020637592,0.012770986557006836,0.65
2881,-0.2080148262163742,77.12588909643814,37.55059153018864,0.012780630588531494,0.5
2882,0.279507470092862,42.862414699378036,25.484332986178448,0.012771403789520264,0.7
2883,-0.38615270271248525,79.60782133061161,53.767555343752036,0.013122761249542236,0.4
2884,0.028995666760985018,60.83529016043209,42.337792260422525,0.012689948081970215,0.6
2885,-0.043699422014101874,75.0559258051949,55.37048151155877,0.01296546459197998,0.6
2886,0.20652496164814851,60.840433897653455,38.04911369311521,0.012938952445983887,0.7
2887,0.025115702036563287,54.856058571688685,40.08885871772075,0.01301501989364624,0.6
2888,-0.07462506182985734,65.74104431338671,45.05388137824269,0.01306602954864502,0.55
2889,-0.09348887505793668,71.11697178342315,43.86505315881744,0.013214731216430664,0.55
2890,0.4697052091588111,50.653768893734515,39.67487167912564,0.012829995155334473,0.85
2891,-0.07983424700824335,67.18271109596745,36.95710729069772,0.012747681140899659,0.55
2892,0.23117111217810926,67.63762020758685,57.353242054937105,0.0133408784866333,0.75
2893,0.2635238902784036,58.335312908757615,53.27152194225641,0.01302943229675293,0.75
2894,0.09596133147903296,52.48021370897766,27.870699562719395,0.013205158710479736,0.65
2895,0.4109919713774469,45.841230278282104,35.59534007613387,0.013533103466033935,0.8
2896,0.4506278667932818,50.42538507868257,45.032929492685014,0.013542664051055909,0.85
2897,0.3699948565292329,51.418905790414854,47.45944024291513,0.013925492763519287,0.8
2898,-0.1332747315723095,56.97881383907223,37.01258458872515,0.01300051212310791,0.5
2899,0.12518056513802658,58.61511199940666,51.64097943681655,0.012874901294708252,0.65
2900,0.3431875003002661,39.027288554066764,25.440537470620345,0.012932837009429932,0.75
2901,0.1489546751962523,38.210186379776296,24.13545648916915,0.01317739486694336,0.65
2902,0.5418600516103943,25.400878103583707,14.97774188648207,0.01301182508468628,0.85
2903,0.31449645766956075,49.90774163460453,34.73420681863487,0.01305617094039917,0.75
2904,0.49121984333993307,45.57425331586164,33.682710722794695,0.01289539337158203,0.85
2905,0.329552584893381,41.44994991830602,23.103074303721815,0.012840557098388671,0.75
2906,0.21126481722129764,70.14719433135771,69.19239089210133,0.012475073337554932,0.75
2907,0.24123966560416035,46.82443038285144,31.183501996737274,0.012752068042755128,0.7
2908,0.3164056128268382,45.33386337177854,28.544613280899263,0.0128340482711792,0.75
2909,0.3570699096003091,62.962085361408256,62.52354122917954,0.013099110126495362,0.8
2910,0.02179223604038445,61.18338344348365,22.84377178019126,0.012994682788848877,0.6
2911,0.09189481331826255,56.07361407827388,32.213878566670395,0.013044023513793945,0.65
2912,0.063580250230536,50.58649290045414,25.57738778137704,0.013194644451141357,0.6
2913,0.09470318280870978,57.32703030224334,33.93525528050794,0.01298295259475708,0.65
2914,-0.06579609459422578,58.49262746283661,33.7328074373844,0.012782692909240723,0.55
2915,0.22305392504271807,56.82733490766206,39.07962687444101,0.012790036201477051,0.7
2916,-0.22534123158748223,79.57730694630204,55.76324774570795,0.01256312131881714,0.5
2917,0.09677247350426052,62.73071067515586,51.31545516596388,0.012596333026885986,0.65
2918,0.3331749886711675,36.09214324651851,23.151982641188376,0.01296480894088745,0.75
2919,0.3535501041804713,59.408431805351654,46.565469204128945,0.013516271114349365,0.8
2920,-0.11658121299142107,69.98355286606112,42.59834882569245,0.013035178184509277,0.55
2921,0.15550005550174562,69.86909749623497,58.106597214806534,0.012961864471435547,0.7
2922,0.12580125093341316,55.514341059082064,38.789980207261316,0.012798190116882324,0.65
2923,0.3541753450710336,54.85639090545474,46.06045407873802,0.012846231460571289,0.8
2924,-0.16940993074647218,65.37421857824029,36.62429027795819,0.012832903861999511,0.5
2925,0.41609086529105654,55.933849051572054,51.331733484820624,0.012942647933959961,0.85
2926,0.04242759452557123,54.76538353179944,30.71163689715279,0.01266944408416748,0.6
2927,0.05884286361956766,51.53588397722474,31.788650354596808,0.013310837745666503,0.6
2928,0.16753157274619954,67.39202300395404,47.56717334208388,0.012738895416259766,0.7
2929,0.44807752155993635,34.279550567211366,20.77694636063424,0.013144099712371826,0.8
2930,-0.07434617341842958,64.48916735066979,43.58019505647923,0.013029980659484863,0.55
2931,0.4504149314830165,41.41116689642976,29.38608598142855,0.012881195545196534,0.8
2932,0.28059456855142023,56.926127215225016,37.01864644937932,0.013130724430084229,0.75
2933,0.06908739219954378,58.69301420038554,36.29963983852575,0.01309795379638672,0.65
2934,0.4610158798094187,50.37178782191851,38.706954351381526,0.012948203086853027,0.85
2935,0.27549754507095275,33.093446224179985,20.557316705663023,0.012735199928283692,0.7
2936,0.39254987077957904,48.568540027568524,45.50668400576327,0.013091790676116943,0.8
2937,0.40172390318367207,50.03072888569791,34.10598577776411,0.0130126953125,0.8
2938,0.5081255750430365,33.25664082723635,30.530927236046168,0.013266754150390626,0.85
2939,0.3809363833060004,54.58708734516798,52.74645674760917,0.013911592960357665,0.8
2940,-0.08858841727553768,69.97006248049435,34.25172306102284,0.013134455680847168,0.55
2941,0.6400996165029664,33.89948179694224,35.53458933061309,0.012934362888336182,0.9
2942,0.31075824870324864,48.435057884782815,33.61117883292568,0.013118422031402588,0.75
2943,0.50644887513534,41.87697903478076,29.347485906615013,0.012781381607055664,0.85
2944,0.4105633678472788,43.359389865807586,31.982300377803348,0.012674570083618164,0.8
2945,-0.033786817576240316,73.65818920605369,48.63044902538624,0.013083386421203613,0.6
2946,0.4820075918524174,49.062655537629304,38.10448140483298,0.013022029399871826,0.85
2947,0.35729648600588126,46.09818159946969,41.26140120511515,0.013040876388549805,0.8
2948,-0.29117504897520086,70.10628705501092,59.40071429196453,0.012958812713623046,0.45
2949,-0.23545841486879393,68.52164543343058,37.79419146968008,0.012924838066101074,0.45
2950,0.2548393738503556,64.26959321479805,54.733066666089066,0.012898111343383789,0.75
2951,0.16584402941083426,70.78175847529816,52.75533334703912,0.012629568576812744,0.7
2952,0.46729828204860546,46.59951598449454,34.248549359851935,0.013107335567474366,0.85
2953,0.24155526600808752,60.841897772503444,56.1188013560652,0.013135278224945068,0.75
2954,0.29891585685154864,49.64466567550003,34.3002461650852,0.012740039825439453,0.75
2955,0.04887813635116832,62.83148537598529,41.73144436638168,0.013908779621124268,0.65
2956,0.2320851330487152,60.37556140645071,43.044782659813485,0.012811088562011718,0.75
2957,0.2702927455661212,58.05035821414678,45.933403986065954,0.01308377981185913,0.75
2958,0.23089620412913262,50.78542703567754,37.79473815832203,0.013334107398986817,0.7
2959,0.1961206248896243,51.87795090361974,39.13790227767601,0.013061773777008057,0.7
2960,0.1360602090926542,50.51614970761101,31.93663557365936,0.012915420532226562,0.65
2961,0.21393279482654054,70.49225265341417,63.709373405005664,0.013035619258880615,0.75
2962,-0.13442227307528057,66.14910790164076,37.65741719586933,0.012941312789916993,0.5
2963,0.11953315118259314,69.88779626490478,58.55980469723316,0.012990474700927734,0.7
2964,0.05928767863008501,66.3305150159279,46.327253173943014,0.013235771656036377,0.65
2965,0.2424945029269426,51.071929508551314,30.140346335492428,0.013021862506866455,0.7
2966,0.3524214523209638,58.168209404559285,49.431757417275094,0.01268303394317627,0.8
2967,0.15983081089764345,62.554313278182704,47.37288146851089,0.01312718391418457,0.7
2968,0.06305610041039549,49.16310193624699,30.301373558334138,0.013079524040222168,0.6
2969,0.2881953889388029,55.92974771864836,43.37716698149859,0.013319551944732666,0.75
2970,0.42857603090177543,36.473742715323084,29.998045419417316,0.012993824481964112,0.8
2971,0.6581566044228373,42.435170070235685,38.47740932654599,0.013033032417297363,0.95
2972,0.3325744336879455,56.551632687324684,41.595108473262094,0.012925815582275391,0.8
2973,0.5575782924878465,31.884611544889772,23.777498730304888,0.013177442550659179,0.85
2974,0.20004269792083584,53.775370913623476,35.52068371810308,0.013450348377227783,0.7
2975,0.29165067147631996,56.04954275667774,36.311012511187776,0.013031268119812011,0.75
2976,-0.21928257069023432,77.62996980935728,42.20202126669563,0.013137400150299072,0.5
2977,0.4939561162683635,39.784737614923884,37.9607289195401,0.013230657577514649,0.85
2978,-0.31683718248592785,84.86219977143979,71.35312735320383,0.012951111793518067,0.45
2979,0.10164843447490406,65.61260749837265,54.43442586495317,0.013485026359558106,0.65
2980,0.05797133320908532,50.17902110068825,15.715233583731104,0.013267910480499268,0.6
2981,0.5523208273944279,47.09436907821257,38.2922718041427,0.013533484935760499,0.9
2982,0.09047925134332073,61.19374102243222,40.92802671447961,0.01360335350036621,0.65
2983,0.08178570076805448,65.8727074591267,44.72549392434238,0.013370048999786378,0.65
2984,0.18785013488193372,53.911765746239176,35.83779763317272,0.01310650110244751,0.7
2985,0.44514026472662815,56.62128147031925,46.580173360985995,0.013075625896453858,0.85
2986,0.23955360468023015,45.60940162265548,37.05962610696546,0.013104093074798585,0.7
2987,0.31278370338024025,50.672454019812555,35.863807846186766,0.01328713893890381,0.75
2988,0.3097920369398332,44.579906807283194,28.64751403358259,0.013735878467559814,0.75
2989,-0.15255245738863643,63.326898012923856,33.13592297499039,0.013236284255981445,0.5
2990,0.11480926315515538,55.90691918024959,30.820210827336716,0.013070857524871827,0.65
2991,0.428526235514256,38.33431739446736,32.46370468265688,0.013648152351379395,0.8
2992,0.2006100526270213,44.44767517818772,28.867889826733002,0.013543105125427246,0.7
2993,0.46648553984509517,52.23973461403047,47.24105124093757,0.01388695240020752,0.85
2994,0.4384418144560348,55.49344494578158,45.13527184567134,0.013320243358612061,0.85
2995,0.11256491426845454,56.15939696876542,48.39259119775002,0.014041531085968017,0.65
2996,0.4148158831007874,34.88092101199184,21.004529384408073,0.012929272651672364,0.8
2997,-0.10480691192501077,70.32246874560174,52.350796661873375,0.01290363073348999,0.55
2998,0.2807085515580806,39.64485140756932,28.873914604116226,0.013088881969451904,0.7
2999,0.37811978605127533,51.96553386151233,42.26467211473701,0.013683760166168213,0.8
3000,0.12630536323957373,60.12058786934374,39.88568993830839,0.013336777687072754,0.65
3001,0.24990698753196572,58.56328322071499,47.19471905672332,0.013114094734191895,0.75
3002,0.08484755501279277,36.437727724380295,22.241103967829627,0.012750959396362305,0.6
3003,0.5365001399445595,41.19759731238813,27.285056051201835,0.01308521032333374,0.85
3004,0.16565822807429936,35.84886487406784,23.85582909904457,0.013245618343353272,0.65
3005,0.17693548183554408,61.602423167120705,52.70053139908649,0.013341557979583741,0.7
3006,0.12209117568143615,46.4107180995213,30.14922598264965,0.013111376762390136,0.65
3007,0.32805145712091205,40.15707178074469,21.574294840612588,0.01305762529373169,0.75
3008,0.08279500857182139,65.40075513604813,38.891505564060296,0.01347489356994629,0.65
3009,0.26478817156726403,44.91079270863226,29.358075083352254,0.013068819046020507,0.7
3010,0.14615466261110963,71.54445409059063,60.42765286598149,0.013181114196777343,0.7
3011,0.19765381078763755,51.45081469248153,36.270622973561274,0.01336967945098877,0.7
3012,0.3354285469330665,46.59687182703776,37.4887589175591,0.013112032413482666,0.75
3013,0.4168181479870109,46.078100357038196,48.1979548480779,0.013253939151763917,0.8
3014,0.37193380061409653,56.80264206490924,48.670605345206006,0.012962079048156739,0.8
3015,0.17063028188492896,64.65098873847498,43.35858476148159,0.013619959354400635,0.7
3016,0.461046827936475,44.04797489536208,37.980522815418986,0.01298227310180664,0.85
3017,0.14140688515023753,71.74042923761,53.831349246417396,0.013139629364013672,0.7
3018,0.3431749059872159,35.43700928961641,15.922515311685705,0.013219952583312988,0.75
3019,0.620821165385907,33.79179156173698,24.7938317641753,0.013036441802978516,0.9
3020,0.2544888310035294,61.93161448686105,50.59757628865789,0.013262009620666504,0.75
3021,0.2438051951799997,61.43530865379919,50.03484358300003,0.013252711296081543,0.75
3022,0.5355658950441565,51.15437605190088,44.180406687856085,0.013037455081939698,0.9
3023,0.13793447059662894,76.67401805616183,60.10699292284388,0.013264060020446777,0.7
3024,0.31056735625972975,45.77430542802885,36.46210341318764,0.013092541694641113,0.75
3025,0.18921823445913566,57.42407380412244,45.166194116139025,0.01305687427520752,0.7
3026,0.1427598520687808,65.84250452214027,65.48611972463343,0.01313842535018921,0.7
3027,0.12039303361006018,50.502291308102315,32.386092154288164,0.01284322738647461,0.65
3028,0.1750748220811693,59.88090346326635,50.82041055029746,0.012804782390594483,0.7
3029,0.20284515144673,51.61740551451764,44.76169927623273,0.013242828845977783,0.7
3030,-0.036987897943416725,71.14411563751334,58.924530122365006,0.013087272644042969,0.6
3031,0.3962194994266469,40.48187500482926,27.559411245794685,0.01313488483428955,0.8
3032,0.28227068932708066,53.581524733981645,39.20378937911648,0.012787544727325439,0.75
3033,0.28979026269194574,56.442729790988935,36.452404579185476,0.012868964672088623,0.75
3034,-0.25135397786509095,60.01710434475316,36.57067490405742,0.01325446367263794,0.45
3035,0.524036102713072,53.32207091543459,46.608325636670614,0.012875604629516601,0.9
3036,0.12124110586111887,55.91103084745714,39.367078033706306,0.012708711624145507,0.65
3037,0.26511632280121067,53.778056716863695,45.64661138940406,0.013316607475280762,0.75
3038,0.17997290667451923,63.13874969338283,55.269856822019314,0.012996470928192139,0.7
3039,0.29348969009078724,52.43434936878898,38.35646393310108,0.013316428661346436,0.75
3040,0.19915629260146944,55.78469379887399,30.15049830154976,0.013004577159881592,0.7
3041,0.28859527904966675,60.56975336249177,55.773971603672656,0.013179194927215577,0.75
3042,-0.004075942267379079,64.87775152315564,39.88485533856839,0.013255703449249267,0.6
3043,0.09481693431009283,60.38733972778491,38.91565355554596,0.013473498821258544,0.65
3044,0.06067698145190916,49.92080419208016,31.80773632763672,0.013485944271087647,0.6
3045,0.22553681630604488,54.730526362151735,36.70943091605469,0.013005673885345459,0.7
3046,-0.01708745149243529,65.59621396879746,33.47955591875675,0.013126444816589356,0.6
3047,0.27727376814054044,49.32854772384206,34.296202444823834,0.013297200202941895,0.75
3048,0.3006126718373054,44.196492150819836,40.334536460961004,0.013339078426361084,0.75
3049,0.07320665017725292,63.81192485300818,52.81692171028435,0.013135159015655517,0.65
3050,0.4856902577749482,44.160311973552766,44.03312817504739,0.013303422927856445,0.85
3051,-0.29954159533986463,75.6119280737656,41.1866401395049,0.01317746639251709,0.45
3052,0.12196055488551534,55.11967050623932,31.833425261561697,0.013070452213287353,0.65
3053,0.3891988917913708,59.523763553152286,54.87926638560461,0.013172721862792969,0.85
3054,0.3270242157681956,59.807143475967415,52.663613585005436,0.013530802726745606,0.8
3055,0.5496496345818643,32.14751235743731,23.762860886216092,0.01310873031616211,0.85
3056,0.3315379692612061,65.29750369420675,53.00293715264932,0.013110411167144776,0.8
3057,0.15231676579991454,43.2527686243635,19.226616406383194,0.013461863994598389,0.65
3058,-0.005304620221887185,63.67237131932749,37.73869462659325,0.013203299045562744,0.6
3059,0.45206084366980726,50.72768745938082,45.012945890624714,0.01300191879272461,0.85
3060,0.17121853035937284,60.50677845014822,52.26080401270916,0.012826824188232422,0.7
3061,0.12197498485256078,50.26539819080136,37.84841916834274,0.012786269187927246,0.65
3062,0.24939242005526938,70.59834488004616,57.089778300674375,0.012811172008514404,0.75
3063,0.26717632914510325,44.06080276365973,20.79583965875224,0.012936902046203614,0.7
3064,0.09345391317078384,53.668115710142615,21.633669939279624,0.013112866878509521,0.65
3065,0.15598008276041628,64.58872626090763,44.101612455731996,0.013203966617584228,0.7
3066,0.5693518546935744,43.88338979238186,36.497263407570486,0.013266038894653321,0.9
3067,0.33523445290947895,35.414961818201945,21.97284184007504,0.013239336013793946,0.75
3068,0.42853119298618764,51.876909962486536,46.877694011668346,0.013039958477020264,0.85
3069,0.12476882756126997,51.247810923396855,40.8203433165079,0.013015282154083253,0.65
3070,0.15092617829938912,50.723892425360326,33.116576421265286,0.013006699085235596,0.65
3071,0.02712810579655061,61.904296424389784,41.75056839060027,0.012755370140075684,0.6
3072,-0.0598597885547764,51.77940170670962,44.66202015422874,0.01337604522705078,0.55
3073,0.5000023051360792,41.93371845523585,29.312718366368866,0.013070285320281982,0.85
3074,0.35051584269253966,49.768995811271644,33.946891113451386,0.013083791732788086,0.8
3075,0.1883778852082648,44.010118769956684,14.713786100108443,0.013176512718200684,0.65
3076,0.11028529675807815,57.953894456260926,36.69928896285659,0.013175153732299804,0.65
3077,-0.0881168465935063,62.801726885572826,40.229065531446686,0.013006281852722169,0.55
3078,0.07063902134740194,44.69824744844231,31.623818637102364,0.012991821765899659,0.6
3079,0.026771206215823108,53.924184151847726,31.107286067354366,0.013523077964782715,0.6
3080,0.19798607265689666,55.35125503313567,42.2349033428033,0.01321491003036499,0.7
3081,0.15465710392454993,48.56693564080109,27.736030311318334,0.01281566619873047,0.65
3082,0.2042719857477243,55.91824334925062,44.906696068710865,0.013538038730621338,0.7
3083,0.27145808061412185,55.720490515106306,36.17131821447367,0.013319599628448486,0.75
3084,0.07793380914944104,72.11912319474217,56.620413648928405,0.01312659978866577,0.65
3085,0.19826905826402103,54.443073260418956,48.448962616526906,0.013005030155181885,0.7
3086,-0.045755456344985214,82.50668534179131,68.07947104603778,0.013459014892578124,0.6
3087,0.12305888529391465,58.27768208138771,41.39100837616431,0.013009047508239746,0.65
3088,-0.3089954641324982,85.8228487117186,51.826773003704645,0.01323016881942749,0.45
3089,0.1907143726722814,59.24582380135142,35.17540595162686,0.012962257862091065,0.7
3090,-0.07160237773752443,59.62346686636515,41.3367430527481,0.012913286685943604,0.55
3091,0.45628027853050546,51.821221815641174,46.821592496035066,0.013476276397705078,0.85
3092,0.29393283146584054,46.3106425783448,36.5848056024779,0.013114225864410401,0.75
3093,0.22248125883964343,53.922406510665745,42.860614724013715,0.013363087177276611,0.7
3094,-0.1188113184405006,75.03217479865845,51.178651602903955,0.013243782520294189,0.55
3095,0.2648991873486669,59.622282813803864,42.42740457163618,0.013077664375305175,0.75
3096,0.20548475581126455,54.11853922057308,35.33713387321817,0.013096094131469727,0.7
3097,0.5169190221749949,55.72044133238495,54.595323197883324,0.01300981044769287,0.9
3098,0.2812925098715523,55.60014240267543,48.539367942300004,0.01316450834274292,0.75
3099,0.2541889382966524,55.80995248202885,42.51714546793002,0.013315308094024658,0.75
3100,0.1720847013296198,44.86016824151398,16.032130761229443,0.013086748123168946,0.65
3101,0.1100263495279078,52.873844613044504,28.501594881197875,0.012971591949462891,0.65
3102,0.2088071831095048,50.06060785563861,29.063142759688127,0.012881243228912353,0.7
3103,0.23838741733442892,49.22876696686033,28.5507706409826,0.013162577152252197,0.7
3104,0.17518034554145148,64.18968727218082,49.93885753247954,0.01315993070602417,0.7
3105,0.2941107582506565,69.08581014956017,58.43977304741437,0.013014578819274902,0.8
3106,0.2004435569377597,59.98020439156029,50.740535983159965,0.012982368469238281,0.7
3107,0.42247315083579046,50.67731573478698,41.047268936091555,0.013331782817840577,0.8
3108,0.2925349802666751,60.138140407206194,47.87072613288284,0.013062000274658203,0.75
3109,0.22061847683826144,46.31442775221081,25.08905156408583,0.012994074821472168,0.7
3110,0.4910397737162568,45.03060909038058,32.97241885968284,0.013168144226074218,0.85
3111,0.5104071457365331,40.72570202011719,39.90025255648844,0.012907850742340087,0.85
3112,0.43980268952185037,40.910653379195026,29.271443804911968,0.013093435764312744,0.8
3113,-0.04619162470478469,50.90977237570019,26.162192496212466,0.013279223442077636,0.55
3114,0.060757637642171104,54.840819041334576,22.692968119148144,0.01344219446182251,0.6
3115,0.3158464956802174,47.37076027374739,30.75963059992303,0.013062477111816406,0.75
3116,0.282618160580986,56.90641892471912,37.11705449790424,0.013592815399169922,0.75
3117,0.28459454949317026,57.66432596564781,51.79993796314328,0.013547563552856445,0.75
3118,0.3044620000143933,70.16261264607695,59.41562055772465,0.013398540019989014,0.8
3119,0.3285681517356697,51.61447301133593,50.24113230175236,0.012918210029602051,0.75
3120,0.25403664237542584,68.92011976366629,60.54945050303647,0.012891113758087158,0.75
3121,0.038890053978276364,54.9729279999514,23.415474903104837,0.013670873641967774,0.6
3122,0.3377877476611979,54.278617594931326,45.68474358853605,0.013328075408935547,0.8
3123,0.48619375568594486,40.204861829847665,33.083337348515855,0.013423311710357665,0.85
3124,0.05518981493604345,53.46324854909633,22.64519692273508,0.013417685031890869,0.6
3125,-0.06750303629963357,44.03428392444852,14.861685389042623,0.013326692581176757,0.5
3126,0.39790082161719637,55.361526324135625,47.357546750951045,0.013597679138183594,0.8
3127,0.32781483845390924,46.217834835857644,42.81853582337572,0.012977862358093261,0.75
3128,0.16097108507965666,60.37325217293238,37.3767939494448,0.012928903102874756,0.7
3129,0.1992497384623259,55.220195647335046,52.1149753413497,0.013206160068511963,0.7
3130,0.1875006985309482,31.92850213597132,18.478243864563506,0.0131325364112854,0.65
3131,0.18898516008720667,38.29538147332294,20.49244736437807,0.01311863660812378,0.65
3132,0.16155118483065772,47.11380573205387,42.02671383367304,0.013280153274536133,0.65
3133,0.30296676648467374,50.0161208968088,35.076892905629066,0.012842893600463867,0.75
3134,0.41784846249931207,37.460169126560146,24.277102011795513,0.013302886486053466,0.8
3135,0.19454676317148864,50.12081379169389,36.10050214067243,0.013131582736968994,0.7
3136,-0.35103028146819537,66.23036301897072,30.571436140430507,0.013221549987792968,0.4
3137,0.1741823127915241,65.64272060448054,59.523351424745364,0.013494837284088134,0.7
3138,0.09474247815538275,62.73524343791205,41.328855259461925,0.013691699504852295,0.65
3139,-0.07544092147187101,65.05770718072759,53.05194273572295,0.014369165897369385,0.55
3140,0.0626032564225428,72.66666067197329,63.94390961502643,0.013073623180389404,0.65
3141,0.27443784176091135,36.00125327035526,15.535042781192427,0.013048434257507324,0.7
3142,-0.22738696933308514,81.93145132843429,60.870409183092875,0.013524329662322998,0.5
3143,0.15038370839662424,64.16673628190816,50.533026358820464,0.013391065597534179,0.7
3144,0.009485580480267087,64.85431060372623,48.196495236093114,0.013190865516662598,0.6
3145,0.1250273851202309,53.59370674957406,28.86411931459136,0.013087761402130128,0.65
3146,-0.02968983223972733,54.00911584011102,33.80364401670606,0.013235628604888916,0.55
3147,0.4563582629875011,52.35589018872814,41.98712996423834,0.01357738971710205,0.85
3148,0.5131656448450845,44.54580696255728,44.21472239315272,0.013231420516967773,0.85
3149,0.2155173333942305,53.75874120072052,28.847500256517346,0.012998425960540771,0.7
3150,0.36084972127582293,35.79677899987875,30.15807655134952,0.01329817771911621,0.75
3151,0.18811904255970768,46.74696411072724,24.575333535624264,0.01329190731048584,0.7
3152,0.46462469454733124,52.653414337685504,48.10187548870271,0.01281205415725708,0.85
3153,0.14069689466535612,70.577470939263,66.21721890154016,0.012888741493225098,0.7
3154,0.14337138570153266,65.35637060069901,43.3491298400928,0.013697171211242675,0.7
3155,0.06490092222751653,69.72810194295306,46.801409322229716,0.013685882091522217,0.65
3156,0.16562043720608027,64.09532281947196,43.1583089019008,0.014234042167663575,0.7
3157,0.1347610504582446,76.1652520868698,60.09374473185822,0.013617599010467529,0.7
3158,0.28007079240273974,49.04872701670923,33.85928043249767,0.013086330890655518,0.75
3159,0.22643328714219627,69.85319048243045,53.74355241866806,0.013585197925567626,0.75
3160,0.5236207064978767,35.82943365085053,28.047354801872483,0.012952876091003419,0.85
3161,0.2998142701685004,48.514098953370485,33.221903924450395,0.01319746971130371,0.75
3162,0.025804941386251768,58.61115086703336,31.14477490825088,0.012914085388183593,0.6
3163,0.48439075713081914,45.70841672688516,39.300867865271925,0.01297454833984375,0.85
3164,0.18366686574551544,59.806504856003,44.94440363603359,0.013046562671661377,0.7
3165,0.3284045143938589,44.372839791732105,27.636728864418746,0.013090312480926514,0.75
3166,0.33538319385456894,39.63174796038582,22.202500042770676,0.013283205032348634,0.75
3167,0.0960898367163037,60.4648173601135,40.63056337218237,0.013116014003753663,0.65
3168,0.0834350294165511,60.88870024339832,55.25972778545979,0.013275885581970214,0.65
3169,0.22124159266202933,45.89369514159538,38.02216095825283,0.013464200496673583,0.7
3170,0.32339093172680944,45.479879929546804,35.655260947343436,0.013103127479553223,0.75
3171,-0.05608740722853998,56.01962112488646,35.51338619937821,0.012931239604949952,0.55
3172,0.14816613573443022,43.842670788686334,22.137235243104936,0.012988078594207763,0.65
3173,0.05788442731916419,53.25509009778424,22.99450580531932,0.01292036771774292,0.6
3174,0.08464036714758649,62.86816460901762,44.62617650466804,0.01311272382736206,0.65
3175,-0.294823458194826,83.89462632883105,49.22691379765427,0.013187813758850097,0.45
3176,0.26784918324154966,49.039228199252044,51.31430166159,0.014827346801757813,0.7
3177,0.5312426767006901,55.69498690235016,54.79000990558797,0.013364803791046143,0.9
3178,0.06206675536180939,74.0559928503242,53.70737834078909,0.01309828758239746,0.65
3179,0.3028743349975573,44.925045300344586,28.362820228993517,0.012944424152374267,0.75
3180,0.3454664324782087,38.86545114874497,21.15386773815928,0.012917399406433105,0.75
3181,-0.10133406788020097,73.03886777329373,59.59572158714045,0.013073313236236572,0.55
3182,0.09335628445696084,66.14163377602263,55.32114244988255,0.01329582929611206,0.65
3183,0.05726744449214503,69.73119033400206,46.22773672926253,0.013459134101867675,0.65
3184,0.035018999991631536,72.4148401904759,51.52044445395337,0.013256430625915527,0.65
3185,0.273282295054011,60.0400783911115,41.816858517910326,0.013256311416625977,0.75
3186,-0.03142869695539743,70.98620214604149,49.66807266388941,0.013375818729400635,0.6
3187,0.3100228046085355,50.58559005304426,36.374886512084764,0.01319282054901123,0.75
3188,0.15895389863120435,64.58173121116418,51.18904099791928,0.013103556632995606,0.7
3189,0.03898397166454607,60.383532289139545,33.02764205760447,0.012932729721069337,0.6
3190,-0.015056114416911315,69.78289937303002,40.671024131433164,0.013348627090454101,0.6
3191,0.2383957286333685,65.73665373950311,55.54828961650937,0.013344907760620117,0.75
3192,0.09036694297588609,60.36429992634754,38.42127746822551,0.013019406795501709,0.65
3193,0.5321328467139115,32.39347469176969,24.371711719542827,0.012820327281951904,0.85
3194,0.49083755395026707,55.10347733424826,49.04727965888177,0.012979912757873534,0.9
3195,0.14437376772637261,64.01476600302621,42.7851150774594,0.013316845893859864,0.7
3196,0.01803886470383027,60.34223249999478,42.29376797384588,0.013104045391082763,0.6
3197,0.32635448217170604,62.95288702189246,49.60576290928809,0.013609957695007325,0.8
3198,0.18256090424750404,60.576434936418934,58.37620117842426,0.013152086734771728,0.7
3199,0.3336485283476901,42.12974405018142,30.82852145904509,0.013178217411041259,0.75
3200,0.14794002581268934,50.07431327942329,53.54108328750021,0.01318373680114746,0.65
3201,0.39157584980282045,39.82199857934545,27.937228966785156,0.013187909126281738,0.8
3202,0.39663696294873424,50.950634011781204,35.17481705355193,0.01322420835494995,0.8
3203,0.15793254119220929,64.90539766991863,50.242665083355256,0.013284921646118164,0.7
3204,0.017758293809815494,59.51664993036333,31.32932841722268,0.013347244262695313,0.6
3205,0.1851322742883708,58.738079380918386,34.314227378194886,0.01309431791305542,0.7
3206,0.43769795659432165,54.37314857017524,43.95128988896462,0.013209033012390136,0.85
3207,0.1079622792258234,55.13265419851599,30.82897744609173,0.013386726379394531,0.65
3208,0.17249907618234353,58.053060751060414,48.01373001853331,0.013376092910766602,0.7
3209,0.34490397327596484,45.691060613455775,36.411099163806504,0.01328805685043335,0.75
3210,0.011163253628591895,60.85343684158742,32.07019644643575,0.013103663921356201,0.6
3211,0.35712238760403964,48.73188645252262,39.11221683093606,0.013048338890075683,0.8
3212,0.1744996788045045,49.41321473986818,28.747003197727217,0.01268707513809204,0.7
3213,0.04685531445406499,62.09182959340764,36.43977251021808,0.013265478610992431,0.6
3214,0.3789130431881133,37.556003597351406,24.453270305510962,0.013058841228485107,0.75
3215,0.07972026093196394,60.5914395155299,46.253573828962686,0.012929940223693847,0.65
3216,0.36659188212472565,52.47972428226102,49.84692851672747,0.012947046756744384,0.8
3217,-0.01369072161048419,56.958487022144446,26.547982999639043,0.013152074813842774,0.55
3218,0.42231269266192656,36.66128715344433,22.548591416657814,0.012986016273498536,0.8
3219,0.14572923834700524,66.46682534933119,67.36039895644824,0.01335296630859375,0.7
3220,0.11761938999992749,48.63018665292177,21.3591643807604,0.012748646736145019,0.65
3221,0.24659533104789136,44.88249840745483,29.32808927692712,0.013147294521331787,0.7
3222,0.22507600651648949,49.96882483648737,36.97126292553896,0.013058459758758545,0.7
3223,0.3137749477761248,49.79921440931698,27.50762463512725,0.013190686702728271,0.75
3224,-0.15663170114639705,56.24241037959083,28.194290052652264,0.012958037853240966,0.5
3225,0.2584456345087214,39.15030433977893,22.173912429662607,0.013131487369537353,0.7
3226,0.05607966250579351,56.33298964489529,34.72393071575408,0.013124024868011475,0.6
3227,0.6181696777633202,34.33604760729303,26.073332791856988,0.012833988666534424,0.9
3228,0.06394347496746697,64.85224819557462,45.244530865579655,0.01317903995513916,0.65
3229,-0.053510634883578365,55.92521034962433,42.352372415724865,0.013034093379974365,0.55
3230,0.26390037860971777,67.52174386618503,58.60380190437811,0.013319945335388184,0.75
3231,0.35068066666825576,55.1419410009122,41.62556595016379,0.013488531112670898,0.8
3232,0.3123025080344587,50.983459057823296,36.97238046900092,0.013261353969573975,0.75
3233,0.2747268055986388,61.64064726971676,64.37135717446739,0.013158082962036133,0.75
3234,0.30385074967462306,48.33577243645296,31.941298543823002,0.013313841819763184,0.75
3235,0.33274032730213937,61.61273549782188,48.66844380143367,0.013098561763763427,0.8
3236,0.41619412355504676,40.979654686390724,22.848858606732254,0.013287317752838135,0.8
3237,0.3564188825075495,37.11405388386691,24.267116719741185,0.013795161247253418,0.75
3238,0.260348088082125,64.40623876994351,48.359319840834154,0.01343069076538086,0.75
3239,0.14908455400760345,45.74315320669142,24.135195477323823,0.013154888153076172,0.65
3240,0.2269152737264925,50.13754691008474,22.94477359755548,0.01343550682067871,0.7
3241,0.0939546985357598,75.97407768255219,60.904111724484146,0.013202929496765136,0.7
3242,0.3419249107509941,50.167928961955866,28.155246097783863,0.01297459602355957,0.75
3243,0.2267577707630127,65.89795571551296,47.93397029824931,0.013097631931304931,0.75
3244,0.4980371165301064,41.65782979128253,34.55193281298446,0.01334460973739624,0.85
3245,0.051414669876760646,44.955464656846374,32.689573266204086,0.013329100608825684,0.6
3246,0.5149285644566421,39.10187044706346,25.904762588690087,0.013069522380828858,0.85
3247,0.205900878545176,59.89825360584937,50.84805724262852,0.012865757942199707,0.7
3248,0.3751483089500468,56.925606877057746,48.941552629722906,0.013254201412200928,0.8
3249,-0.16538743917460053,71.29276385174046,47.23968816049508,0.013140630722045899,0.5
3250,0.0883417168915283,54.68221368800761,45.75507972898755,0.0130753755569458,0.65
3251,0.1760588781371613,59.9863852297553,50.52407490320763,0.013160550594329834,0.7
3252,0.20934696571050787,56.504591246860045,31.22993476854924,0.012996172904968262,0.7
3253,0.027255756085433257,76.4018299738872,55.82077148933086,0.013120734691619873,0.65
3254,0.15994156771687446,63.473339333203604,55.280829894947225,0.013191592693328858,0.7
3255,0.19510997305375494,54.52282720024065,35.78855684850136,0.012935304641723632,0.7
3256,0.13218755280427402,65.75730726426124,45.285832485902745,0.013028585910797119,0.7
3257,0.23273050463606632,70.03962892852725,55.89642690462787,0.01285942792892456,0.75
3258,-0.14165340533587284,64.91058969769436,34.68814452419861,0.012909996509552001,0.5
3259,0.008058725057454325,55.71032920544964,32.23371233661005,0.01292722225189209,0.6
3260,0.553840888144798,51.884880623120225,44.43668686059792,0.012975680828094482,0.9
3261,0.15923945477373858,44.5830797554276,29.92423281620216,0.012953472137451173,0.65
3262,-0.1730967928971713,64.55756062029572,25.992468703508496,0.012957370281219483,0.5
3263,-0.20957852502913882,74.49119943299254,34.347568352983586,0.013032472133636475,0.5
3264,-0.007508540955727427,64.95153375612293,41.80485869019266,0.013173317909240723,0.6
3265,0.06981021159897446,68.80146054618085,52.708795156210385,0.013613462448120117,0.65
3266,0.17518866216482873,64.69737372799854,43.568111107441986,0.01307739019393921,0.7
3267,0.18233161695912178,58.58740442024744,34.709546285406006,0.013226056098937988,0.7
3268,-0.07187683528233255,58.93944442622795,41.965339962792704,0.0133644700050354,0.55
3269,0.5634710841728033,44.13494990978462,36.91294045152394,0.013065791130065918,0.9
3270,0.337904585218443,58.58218599289169,45.66554376193537,0.01301877498626709,0.8
3271,0.43393033689571264,23.780450961807897,21.080944214364358,0.013187944889068604,0.75
3272,0.43757498417103974,40.874365505672024,22.70720182684556,0.013296377658843995,0.8
3273,0.35732010210682363,56.684490383728395,42.33435458959345,0.01337282657623291,0.8
3274,0.14042416647969208,48.218058173610544,28.37892508147117,0.013363790512084962,0.65
3275,0.24824300289505538,61.992524263960966,44.541840048968716,0.013322544097900391,0.75
3276,0.27523559582428325,55.824574981746046,36.76492880563638,0.013499617576599121,0.75
3277,0.6274148620077262,29.97225870481492,25.980788913452642,0.013144147396087647,0.9
3278,0.2883250651986314,56.03960708393309,43.152364526610384,0.013270819187164306,0.75
3279,0.23847919000009177,45.152801731888985,42.48017151755816,0.013449776172637939,0.7
3280,0.19084225745673916,60.73707552130431,59.19123695705756,0.013060474395751953,0.7
3281,0.08285446908354971,65.36669645285875,47.20705261118274,0.013106393814086913,0.65
3282,-0.2554706002712793,70.93276180309732,49.90691544501244,0.01281365156173706,0.45
3283,0.11674359419023364,50.35536246799424,39.09099688345423,0.013133573532104491,0.65
3284,-0.09241965170057405,70.65632507818965,35.34387188018823,0.01326686143875122,0.55
3285,0.15854021742789084,55.823237690965,37.594657477560425,0.01286224126815796,0.7
3286,0.2756578912262058,60.23060072835964,47.331182173720784,0.013011610507965088,0.75
3287,0.02115755174146288,61.428578629339576,41.956594875273304,0.012945151329040528,0.6
3288,0.11652879210830447,55.72239535927471,38.11123218000834,0.013008379936218261,0.65
3289,0.3040945977815983,51.331797933122985,35.92277141532314,0.012950217723846436,0.75
3290,0.15166202489521285,70.75034866848468,52.447114553511405,0.013295841217041016,0.7
3291,-0.2063268849417267,74.93312021062306,35.49811058632218,0.013244724273681641,0.5
3292,-0.2216933315062831,75.92738730003053,47.955599609354934,0.014272677898406982,0.5
3293,0.030792620805464264,59.98562469030846,40.29529885309358,0.013351535797119141,0.6
3294,0.4383650756890808,56.88034833261152,52.802907115786546,0.012806785106658936,0.85
3295,0.02265922019032617,47.79928222397797,21.333943481142686,0.013331031799316407,0.6
3296,0.1014336065937685,58.368111690187426,36.939262681450806,0.013998878002166749,0.65
3297,0.38948214414383997,44.617659170280106,33.85113909261627,0.013221514225006104,0.8
3298,0.4389836473816118,44.396896505105204,27.077162564667454,0.013261127471923827,0.8
3299,0.2257318977255033,51.60251144735416,33.15244765961754,0.013361668586730957,0.7
3300,0.30787698917360207,49.08657081386362,40.82098475228589,0.014046216011047363,0.75
3301,0.41877353548073454,39.01083289253573,26.44184556575972,0.013134050369262695,0.8
3302,0.17093010223300878,64.50276913009633,43.60265717228788,0.013051378726959228,0.7
3303,-0.058581428583149645,62.94483917597804,35.88599615299239,0.013270950317382813,0.55
3304,0.07817170438388658,40.765084536272354,14.746128209741547,0.013047885894775391,0.6
3305,0.1775149992966379,56.055842046026086,36.40552379431192,0.01293104887008667,0.7
3306,0.30347796408203354,51.25353155168765,35.035728632379,0.012891042232513427,0.75
3307,0.28033901209327805,53.35153093202693,40.48795806067046,0.012806499004364013,0.75
3308,0.18464926585344948,60.865929808207326,38.49109567541575,0.012966358661651611,0.7
3309,-0.12397125433516125,55.916928488301416,27.3602368431973,0.013055789470672607,0.5
3310,-0.10034333596504882,66.57661417097272,44.037281740631194,0.01318110227584839,0.55
3311,0.21838062909628855,49.59834797161629,35.73284116473923,0.013156628608703614,0.7
3312,0.4140267529660405,33.70168976417508,19.370690307996135,0.01280139684677124,0.8
3313,0.2105614023627568,55.507201381005416,30.582338507143014,0.013103604316711426,0.7
3314,0.034811287263708836,49.60046839721381,31.911250914109207,0.013101768493652344,0.6
3315,0.1619181400107557,45.717158418164985,31.91734198202855,0.013522827625274658,0.65
3316,0.1934384367547728,48.654188639739246,27.401428264067736,0.012904250621795654,0.7
3317,-0.03216058594565673,55.585605981074664,34.18677418676561,0.013036704063415528,0.55
3318,0.49706360869426136,29.88863332405369,20.501418064025067,0.012819385528564453,0.85
3319,0.10462015638764302,60.798176288786955,48.14120110219563,0.013199222087860108,0.65
3320,0.18593493912345715,55.56735913604594,36.95779539014212,0.013329029083251953,0.7
3321,0.06691493316889077,49.66659128828724,32.88268179995428,0.013026165962219238,0.6
3322,0.5979367399095893,36.69418397403616,28.493837770285324,0.013001155853271485,0.9
3323,0.4833416479376901,51.944210566159825,41.501482048809045,0.013337361812591552,0.85
3324,0.341581552523342,40.75825950310636,28.942778005377253,0.014044272899627685,0.75
3325,0.2867523154231018,50.34968095663583,35.32467846574562,0.013159704208374024,0.75
3326,0.20917002727379516,52.25149367406734,32.708542511157646,0.013639545440673828,0.7
3327,0.13518602801016852,49.41480103488785,22.705774879263693,0.014094936847686767,0.65
3328,0.278231857568921,60.93309625765049,49.59558057229676,0.013595008850097656,0.75
3329,0.5929648988699304,41.989714414225126,34.126874629396646,0.01320875883102417,0.9
3330,0.034943228599843154,58.91288149883752,31.066991531130707,0.013230848312377929,0.6
3331,-0.1794926130430092,69.41697203279014,25.078828142024406,0.013629722595214843,0.5
3332,-0.095792328659396,70.16059265923744,41.67351817023028,0.013086831569671631,0.55
3333,0.21479704688782747,57.35398538340553,31.730685021760763,0.014106464385986329,0.7
3334,0.015994136321323273,60.81842579439276,41.64175293327856,0.013226020336151122,0.6
3335,0.22573077001220976,40.68068779677954,30.279958119887763,0.01323627233505249,0.7
3336,0.20997462194528502,55.25915268863124,30.158004806069492,0.013142502307891846,0.7
3337,0.5142165980423616,34.06622930202514,24.961139924656408,0.013153040409088134,0.85
3338,0.09880688899524141,66.19659542061804,55.22068537136511,0.013354551792144776,0.65
3339,-0.1909776113403767,50.29869252181207,14.162669293979059,0.013321053981781007,0.45
3340,0.04242380529808861,61.63320243817452,32.68597034651519,0.013103806972503662,0.6
3341,0.628784098729162,53.331990307940316,50.254751566354315,0.012810766696929932,0.95
3342,0.44136002846937294,51.37654591077118,45.454232998392975,0.013201749324798584,0.85
3343,0.23673044007021282,46.25642185884705,30.385396083882075,0.013390111923217773,0.7
3344,0.2977045299593626,46.7059943508964,30.4931969797301,0.013177752494812012,0.75
3345,-0.09581305459676753,70.29394408189084,42.92274710592428,0.013350999355316162,0.55
3346,0.19743345795766443,56.28068817838947,38.240364336064964,0.013134431838989259,0.7
3347,0.06780081664862307,59.45699692324446,37.360266803214415,0.013246262073516845,0.65
3348,0.29603321923080567,49.10893605318374,41.246730343416274,0.01310194730758667,0.75
3349,0.12639773728105866,54.99317818492322,31.646813286789666,0.014414024353027344,0.65
3350,0.0019054282063171168,60.83841001981837,33.16548672371175,0.0135125994682312,0.6
3351,0.09997748258387161,61.34302556461462,41.04949625718139,0.013398337364196777,0.65
3352,0.1435162962871611,50.313770791170775,32.394474546847604,0.013637673854827882,0.65
3353,0.07078072045821868,70.95024324544886,55.708372369713,0.013495028018951416,0.65
3354,0.23139253854118302,70.15712825000085,55.65720954357309,0.01334538459777832,0.75
3355,0.35585804037452884,59.68710455634515,52.39081724741016,0.012844741344451904,0.8
3356,0.3620931463677325,57.26078175993619,42.37798572108745,0.013114714622497558,0.8
3357,0.3205518317673237,29.51092459395458,21.47842043638865,0.01306849718093872,0.7
3358,-0.032875827866552895,74.44642382810284,48.181808196862335,0.012957358360290527,0.6
3359,0.3852532555573215,51.25280817160757,36.108151835335036,0.013135969638824463,0.8
3360,0.32183986764101197,46.84325497562341,44.12347548740425,0.01332094669342041,0.75
3361,0.3999888200843583,68.383235166056,59.46465872744947,0.012927639484405517,0.85
3362,0.3066046569925999,47.07007661929758,35.803560454585345,0.013150835037231445,0.75
3363,0.1644009546177314,45.048875215836524,30.948494036921893,0.012986266613006591,0.65
3364,0.33187752517290153,44.47716903893905,34.551759882317604,0.013311493396759033,0.75
3365,0.2936111657968135,56.066010096062236,36.87914554131298,0.013252460956573486,0.75
3366,0.08489580914537734,38.78438084212941,13.887778527924025,0.013969326019287109,0.6
3367,0.38670957403089423,44.57843843945189,39.42497044558352,0.013427889347076416,0.8
3368,0.3940618987881807,30.920147829693214,22.974778385603305,0.013458061218261718,0.75
3369,0.35599325094842466,60.245756411904395,47.02112638096287,0.013163220882415772,0.8
3370,0.28521080198210136,55.211887066472265,42.25951470558992,0.013280677795410156,0.75
3371,0.3893121866483172,29.948447789758937,14.740988163911675,0.01317446231842041,0.75
3372,0.3487179412127982,54.31020333337769,39.9484971981184,0.013009214401245117,0.8
3373,0.11350363094572649,61.14013052592402,47.9773094800978,0.013107562065124511,0.65
3374,0.14781447063881376,51.55889436292866,33.272235277462784,0.01344456672668457,0.65
3375,0.4987094534558059,39.29602279704263,32.06522514777697,0.01324847936630249,0.85
3376,0.4845103344451114,30.881377376442675,15.84892237973472,0.013254523277282715,0.8
3377,0.06851191291387512,51.29245727627955,32.417434240772685,0.013014113903045655,0.6
3378,0.04085713309683533,65.17993532658633,54.30669993101945,0.012758398056030273,0.65
3379,0.14500728967945403,65.49389228360124,50.72097545957412,0.013438844680786132,0.7
3380,0.1000842291392253,60.301537738451614,54.60115555412541,0.013447844982147216,0.65
3381,-0.43287170956700544,91.20844562091528,68.00024400703451,0.013362884521484375,0.4
3382,0.06623936459413758,68.36928870834187,56.98930546223821,0.013207542896270751,0.65
3383,-0.08485680656945783,63.4856722773128,20.99503167523006,0.01303321123123169,0.55
3384,-0.14188999717646839,71.67884433953108,37.171185952158396,0.013161635398864746,0.55
3385,0.02256966051192697,54.79242589737265,22.917630125860384,0.013157868385314941,0.6
3386,-0.060345724945245295,59.16764132877614,41.91851012147206,0.01296144723892212,0.55
3387,0.277326789414001,55.944806361759696,36.31043426040354,0.013118541240692139,0.75
3388,0.5077147350414878,45.534830987089165,44.922827131202894,0.013204121589660644,0.85
3389,-0.02240074489034627,64.69954518770295,48.59929341726782,0.013210451602935791,0.6
3390,0.22140016332410156,56.01663873769862,38.808169064462376,0.013259017467498779,0.7
3391,0.2670489088666691,57.11300307509249,37.78298096796706,0.01335604190826416,0.75
3392,0.17482534880316258,62.418971379607044,46.53705143051728,0.014049243927001954,0.7
3393,0.10945978474991469,55.305756158148085,31.61341467670022,0.013027215003967285,0.65
3394,0.5254748805282892,30.638886159250028,21.92492382222863,0.013239598274230957,0.85
3395,0.1990805725838122,49.949700596988144,29.696378950099767,0.013142645359039307,0.7
3396,0.021224294285631263,64.86938710693684,49.47248019764058,0.013390648365020751,0.6
3397,0.23830515554187176,65.14942258845034,62.561525850686984,0.013151347637176514,0.75
3398,0.2819826336393734,55.819361793765005,43.440347479860826,0.013232529163360596,0.75
3399,0.06657735691127364,71.05592993348063,48.06205824045742,0.013140070438385009,0.65
3400,0.015403931320189213,60.32812604727413,25.010541362175832,0.01301109790802002,0.6
3401,-0.008199159338400059,64.6582028613752,56.56186542892964,0.013110113143920899,0.6
3402,0.09208424044577818,44.403316913202566,14.753282784678888,0.012975168228149415,0.6
3403,0.3608978832917116,36.8220328787023,25.232085800314717,0.013072025775909425,0.75
3404,0.2062486572708711,48.61914858781352,34.797043613556305,0.013320815563201905,0.7
3405,0.35687523434395835,39.62031774101387,21.31036487991279,0.013131856918334961,0.75
3406,0.39173028518559916,49.55887419146203,33.877510201220076,0.0130873441696167,0.8
3407,-0.13268141730423286,54.72105558893107,35.86702273866401,0.013315737247467041,0.5
3408,-0.004213613721730286,66.26088870335317,41.30509321475908,0.013428330421447754,0.6
3409,0.12303557849632626,55.05728340073165,53.847270640378255,0.013244521617889405,0.65
3410,0.5963027165699564,38.81198865858884,30.102693467917447,0.013161861896514892,0.9
3411,0.21494434722322436,54.748604150006074,43.42841387735756,0.013400435447692871,0.7
3412,0.39323395187036037,50.16725570887449,45.42293558159052,0.013150453567504883,0.8
3413,0.10592806454359756,65.01852952653039,39.840683934800346,0.013118505477905273,0.65
3414,0.2038513351004862,49.99559904086754,28.290343754290625,0.013194608688354491,0.7
3415,0.1313398045269339,55.28534189827434,30.03950492460761,0.013295125961303712,0.65
3416,0.29633064210022636,55.802382395364376,42.381598888327275,0.013205814361572265,0.75
3417,0.04651693699598053,75.88516206757419,55.45760218511657,0.013258445262908935,0.65
3418,0.09540016740456446,40.102339169237204,14.728438900718423,0.01314781904220581,0.6
3419,0.29402054333368927,49.88516176646934,27.85437964392038,0.013122987747192384,0.75
3420,-0.032564548051028624,70.00953830035286,41.358465565434955,0.013119781017303466,0.6
3421,0.26973257903841474,56.737047776320274,37.283208060691315,0.013151252269744873,0.75
3422,0.14664159040142455,75.51852145405601,66.54613163223738,0.013342547416687011,0.7
3423,-0.2814743685151262,70.27405512652857,27.509679503983996,0.013098037242889405,0.45
3424,0.22106745457292884,49.553282485231264,29.294515540735233,0.013591635227203368,0.7
3425,0.37096964251536174,26.419579565432134,23.966758584947158,0.013081872463226318,0.75
3426,0.4699035346931166,52.6520154736635,47.83682407140574,0.013124644756317139,0.85
3427,0.39820167782094607,53.00188429056535,36.74222016187703,0.013145983219146729,0.8
3428,0.33268969440672813,43.46758824769879,32.29144175863216,0.01321491003036499,0.75
3429,0.29487465255757556,46.389896214922935,36.91395031134251,0.01314011812210083,0.75
3430,0.3427516919406842,57.429193664316486,48.296148671240886,0.013232111930847168,0.8
3431,0.14783633306100036,45.47630792411274,24.22664147456578,0.013319945335388184,0.65
3432,0.3732037979549868,50.93280707445215,40.31225698473314,0.013372695446014405,0.8
3433,0.5270102814174478,40.146539116255596,38.6193744065609,0.013089871406555176,0.85
3434,0.2483384676452701,47.90368367697116,25.46054763687868,0.013268816471099853,0.7
3435,-0.2172088069761247,76.18318774536989,57.51500535440755,0.013078749179840088,0.5
3436,-0.0238664725519503,69.93240293289655,47.507678256035966,0.013060855865478515,0.6
3437,0.3414928835482659,56.055211557257756,41.222094864970316,0.013240540027618408,0.8
3438,0.3322174591955157,44.315668166472605,27.21215090893826,0.013286411762237549,0.75
3439,0.21921872609416698,39.945749565458385,23.246732903067855,0.013305485248565674,0.65
3440,0.3677149185298525,36.6155897116207,24.640811332757455,0.013123977184295654,0.75
3441,0.28607450965234116,59.39098173531113,48.781107467135136,0.013030481338500977,0.75
3442,0.36659487591539636,55.04743675304023,46.38623880841695,0.01314239501953125,0.8
3443,0.04242045856918007,48.633574757791706,23.252279491112706,0.012947523593902588,0.6
3444,0.02511456157007682,61.14031007500013,26.16679914360907,0.013425350189208984,0.6
3445,0.1867802305967862,56.1897834614874,31.86801213986349,0.01331033706665039,0.7
3446,-0.0005199180148861337,65.41684334799183,41.18850412595193,0.012865006923675537,0.6
3447,0.6075394089492634,61.44532815845448,58.738101735248094,0.013814079761505126,0.95
3448,0.45620688474332133,52.4536861584338,52.12586006507474,0.014319872856140137,0.85
3449,0.1358272215232184,54.310920307028105,30.058313695528078,0.013246798515319824,0.65
3450,0.36229275685448104,55.96255622512005,40.74614239193709,0.013025331497192382,0.8
3451,0.2585228842607151,42.29963411908288,25.107560867492314,0.01307603120803833,0.7
3452,-0.059507963219005665,80.58986475452681,57.696828668334554,0.013024425506591797,0.6
3453,0.1145971991221025,57.75178849790772,33.44313181129724,0.013137888908386231,0.65
3454,0.28976581730861606,55.39982699995467,35.57869408470853,0.01333463191986084,0.75
3455,0.5797307809281174,47.78361076164989,40.5726387381857,0.013322079181671142,0.9
3456,0.2795955045972455,61.826481699767456,43.32745331615834,0.013359427452087402,0.75
3457,0.31970546260584065,46.80953924636606,24.31747166456607,0.013258659839630127,0.75
3458,-0.2366179488058032,89.60906103321817,65.6742986580881,0.013082361221313477,0.5
3459,0.041412910928528335,76.0962705906502,56.38275812239248,0.013118696212768555,0.65
3460,0.31933659058633224,41.0904642764857,29.094151361511262,0.013170731067657471,0.75
3461,0.5081810301676001,33.25374937684539,19.371256417721092,0.013156652450561523,0.85
3462,0.3611655140308371,44.034587771296756,33.28911227879939,0.013015258312225341,0.75
3463,0.6683089541444784,38.59712841508027,34.41379970583783,0.01330317258834839,0.95
3464,0.3438258118574123,58.17535001193738,43.45702768950516,0.012809336185455322,0.8
3465,0.5204643305859037,36.63058325332962,22.636416436186387,0.012920475006103516,0.85
3466,0.20019847013435643,36.709454844585096,25.343750009082274,0.012944388389587402,0.65
3467,0.14082936189720882,50.06629001881396,30.003481182996975,0.013435983657836914,0.65
3468,0.30365943439234827,52.18420471939106,37.248351293301404,0.01309608221054077,0.75
3469,0.22173458935882923,45.73994177413462,24.2414347799243,0.012653326988220215,0.7
3470,0.16708054589448457,41.349420868408835,40.10963014442465,0.013183224201202392,0.65
3471,-0.06734724916618977,56.920617858937,18.593898053131923,0.013031589984893798,0.55
3472,0.3638612611197844,55.367071688705664,40.428007345454546,0.01323479413986206,0.8
3473,0.3588710021514372,55.46895008748252,41.20801867904474,0.012804365158081055,0.8
3474,0.17419873521483856,60.41496167967223,44.54437299124732,0.012903439998626708,0.7
3475,0.056398319313075485,55.1679754509963,31.90329248805914,0.012828230857849121,0.6
3476,0.20838214758143953,55.91727413436446,30.448238328410987,0.012719833850860595,0.7
3477,-0.04916710250865935,59.82081876906831,34.1736965394187,0.012986695766448975,0.55
3478,0.4129190884857761,41.46898288524679,28.58160443398843,0.013020038604736328,0.8
3479,-0.08313998307352788,64.90046444952488,53.389269527548755,0.012698400020599365,0.55
3480,0.09845307251725666,38.45625482223078,29.214325275336307,0.013015127182006836,0.6
3481,-0.2258118165630972,59.2031726457336,25.468218557597197,0.013216197490692139,0.45
3482,0.0904481695679739,59.4372113383384,38.01259372696191,0.012953507900238036,0.65
3483,0.40052372070556475,47.85625720717656,36.63668044094072,0.012754786014556884,0.8
3484,0.175137279979596,60.2404009325719,35.23321419440125,0.012832069396972656,0.7
3485,0.45026313512514016,35.923701716705864,21.411707469357253,0.012784326076507568,0.8
3486,-0.05753418306223199,61.695235246291745,36.793106016416864,0.012866663932800292,0.55
3487,0.39696764251762723,45.09476670853935,28.09733189415695,0.012796306610107422,0.8
3488,-0.2435147899713297,64.42722220813957,48.667985248863744,0.01313629150390625,0.45
3489,0.08085096138046183,69.86037259725228,47.441655831702754,0.013048672676086425,0.65
3490,0.2856403481273861,55.83905027403493,49.294048114481505,0.013332772254943847,0.75
3491,0.009512489387548178,53.8683520890943,30.3004894745488,0.013059818744659423,0.6
3492,0.14487745206217148,45.09451747078238,53.05031184391786,0.013009309768676758,0.65
3493,-0.09032125542523486,45.55789564838604,27.703822342553554,0.012910401821136475,0.5
3494,0.3660280369084278,52.4185244872996,49.55904959464665,0.012989747524261474,0.8
3495,0.36106257841481015,57.26520153765749,49.31787787396594,0.012972879409790038,0.8
3496,0.2547995230100006,62.19462474598596,45.287138865289045,0.01267099380493164,0.75
3497,0.06263602949899873,51.03785913513964,33.81828343020661,0.01268235445022583,0.6
3498,0.3817849405033048,47.43444616933795,36.021448237464526,0.013249075412750244,0.8
3499,0.14839189707274975,50.44736027984139,16.8161370512006,0.012907493114471435,0.65
3500,0.32216767477327524,46.761963049050884,37.05116250885864,0.013158535957336426,0.75
3501,0.6314403905218873,41.74353260041052,33.761999764736174,0.01309441328048706,0.9
3502,0.10985429792377047,49.83363592367067,22.600175735826898,0.013150668144226075,0.65
3503,0.4405375646334713,36.43771083340236,22.14320650359664,0.013194942474365234,0.8
3504,0.2956432461122726,49.91723860396408,35.7101029635944,0.012986421585083008,0.75
3505,-0.08358767535148252,65.36140648078157,43.802391217682136,0.013178479671478272,0.55
3506,0.18483701490966203,50.475522127889846,23.726483614181866,0.012934362888336182,0.7
3507,0.28454765368413715,49.05010735263164,34.3593203066492,0.01304299831390381,0.75
3508,-0.21313772406220338,51.794874937697045,41.49469865297677,0.013033139705657958,0.45
3509,-0.05367048122832343,59.690028603688106,16.444321904971055,0.012834715843200683,0.55
3510,-0.2022922591503729,64.26886998346512,34.48388906494927,0.013377237319946288,0.5
3511,0.047551363732736364,76.3200305831546,63.92311088996409,0.013268780708312989,0.65
3512,-0.07384551329047409,58.84611275070777,32.232714166463545,0.01317746639251709,0.55
3513,0.07919082691806016,70.6536137750128,47.084687378754666,0.01304779052734375,0.65
3514,0.3454511629176541,32.596735881526854,25.370765301269728,0.012932205200195312,0.75
3515,0.10255966893738648,54.417739620865646,37.36352042171937,0.013072431087493896,0.65
3516,-0.15951242870718457,63.56883680394768,44.62510271246248,0.012915194034576416,0.5
3517,0.4239139788087031,36.65589644903885,34.7300170309679,0.013117671012878418,0.8
3518,-0.19239516288352923,47.6279845719931,10.887714872274783,0.013168120384216308,0.45
3519,0.3699676093457805,51.075522140315215,40.922891378375,0.012876272201538086,0.8
3520,-0.0742060841609189,63.87935224568643,34.103892568989075,0.012893998622894287,0.55
3521,-0.09796664139544668,70.87299241922193,43.77785098436806,0.012978088855743409,0.55
3522,-0.10101382426467136,70.05277257114334,52.74180181640322,0.013288557529449463,0.55
3523,0.046895277567551186,46.15529168678266,41.09472259956851,0.013878989219665527,0.6
3524,0.1533233747978084,46.3623901309012,33.4465554384219,0.013192462921142577,0.65
3525,0.031201605295238237,55.3908252033101,33.48869314552736,0.012825775146484374,0.6
3526,0.27683465747001856,51.68971483861085,30.756139394882556,0.012864923477172852,0.75
3527,-0.15043325504106825,66.10433639019301,38.61921975390821,0.013135826587677002,0.5
3528,-0.35965864369290546,75.56754980939778,29.469384014680045,0.013017392158508301,0.4
3529,0.09979860218909091,50.18391789567856,38.29392939277112,0.013111388683319092,0.65
3530,0.06372674881622127,49.73242767339692,14.809232071633952,0.013194751739501954,0.6
3531,-0.0455740647679316,78.27044799226266,55.79131700768021,0.013335371017456054,0.6
3532,-0.07945195595761671,55.25361956660801,25.846288308124716,0.013148629665374756,0.55
3533,0.18558716599870567,47.43615088372947,26.321442483427283,0.013182318210601807,0.7
3534,0.42886933699013685,44.805624790572935,34.05763687646348,0.01388850212097168,0.8
3535,0.1923647490160198,58.47693477015703,49.62519788787862,0.012905824184417724,0.7
3536,0.23476120555326205,41.68407021548176,31.177184880057574,0.013209772109985352,0.7
3537,0.47810537083014343,41.95248610483303,29.467099990483284,0.01318739652633667,0.85
3538,0.12233355000078106,51.99359881344958,42.59590453104803,0.013015592098236084,0.65
3539,0.031668327339128007,55.06738446009565,49.459599536060715,0.013137900829315185,0.6
3540,0.33283229465252434,45.33155196728249,22.548004144890058,0.012993872165679932,0.75
3541,0.1917838206763496,57.17964287757712,38.040631602959984,0.013033461570739747,0.7
3542,0.12548497351559046,54.92456450496326,23.014004185492585,0.013068175315856934,0.65
3543,0.2664137313438929,62.41863947377934,44.85998119553694,0.01319267749786377,0.75
3544,-0.17132065374709168,65.06735750774178,44.51464028000782,0.013222908973693848,0.5
3545,0.4988510860974086,39.96195193581406,27.441153672505834,0.013202297687530517,0.85
3546,0.37393575490245773,50.21467407110341,40.392995368326694,0.013208425045013428,0.8
3547,0.2570289314723305,45.423865466953494,23.751047622150644,0.013873767852783204,0.7
3548,0.14138035495185108,55.29863786734393,32.36843179186157,0.012936282157897949,0.65
3549,0.06645728515633953,55.11884743373571,40.39023068729497,0.013079440593719483,0.6
3550,0.26539220893887816,55.07365805377922,41.407236066110386,0.013233458995819092,0.75
3551,0.18932552662156157,39.68479292250258,21.538584522754263,0.013342833518981934,0.65
3552,0.4953580620430163,41.23383288314572,33.572324866182875,0.013047420978546142,0.85
3553,0.25854790994310256,37.838038054745404,33.35937094850415,0.012894976139068603,0.7
3554,0.15642028544866057,61.024069786818664,45.493464703874984,0.01317133903503418,0.7
3555,0.43315761793148655,47.16872911349551,34.32938236278925,0.013044393062591553,0.8
3556,0.08168527755175303,50.93248670014609,25.13760185878752,0.01303483247756958,0.6
3557,0.39620350951717925,44.2571329907424,32.57977578043531,0.013161301612854004,0.8
3558,0.13227339853447326,49.62732437459796,13.81719468737508,0.012981343269348144,0.65
3559,0.6158168265309584,25.224781405399956,26.655310608377263,0.013215875625610352,0.9
3560,-0.08038538179536461,61.52754406048729,28.628163098798392,0.012902355194091797,0.55
3561,-0.07236565198383559,60.152746368983756,43.12053032709253,0.013186204433441161,0.55
3562,0.35091296915181164,56.83731753865375,41.589549733439014,0.013396680355072021,0.8
3563,-0.03376675931716254,76.24064715280508,57.533835130950656,0.01337881088256836,0.6
3564,-0.06292126103960112,54.07439231378506,30.854119149968277,0.013628697395324707,0.55
3565,-0.2084529452208689,75.5416541654664,34.447995740336346,0.014412891864776612,0.5
3566,0.07570082173673788,44.82604167592007,23.646409188034273,0.01334925889968872,0.6
3567,0.24803872403990876,60.63107272755758,43.12103888933459,0.013043713569641114,0.75
3568,0.04265266333621963,54.59570022256363,40.11996788235072,0.012945342063903808,0.6
3569,0.33540881324909533,60.078406253385346,53.08293014546287,0.012925541400909424,0.8
3570,0.03296405941187948,55.55388268454156,32.58524105015665,0.012573504447937011,0.6
3571,0.27783796793224197,55.46204563715455,36.24224338220305,0.012519431114196778,0.75
3572,0.5098789106761729,41.99026272334011,40.80256620366249,0.012933695316314697,0.85
3573,-0.04217488804129744,55.67162001365402,25.40704357349714,0.012997400760650635,0.55
3574,0.3970978423153368,45.75633793437441,29.13634071192945,0.012957382202148437,0.8
3575,0.27471534662287433,55.59195963170089,43.55460585050174,0.01320720911026001,0.75
3576,0.14218030869605988,54.728181851341084,38.87568081779295,0.013252151012420655,0.65
3577,0.25659932570038657,61.945267214062575,49.334507086798254,0.013072597980499267,0.75
3578,0.15316058104052452,44.630213736300774,30.52434061349364,0.013088381290435791,0.65
3579,0.2795616470718989,26.028986976476773,29.923682015397997,0.013239443302154541,0.7
3580,0.12053404784810447,56.990115221101156,48.71614360278114,0.013288342952728271,0.65
3581,0.30137387197679644,58.11113464968033,45.646399688189504,0.013057637214660644,0.75
3582,0.4151909985732433,39.45979897386038,31.55349844877177,0.013084983825683594,0.8
3583,0.59479475169758,43.77435998288057,35.603274914920625,0.012947785854339599,0.9
3584,0.5835268156042408,39.96821015028307,30.93940324468392,0.012809467315673829,0.9
3585,0.45314522982444183,42.115088661264075,41.01980274697552,0.01302717924118042,0.85
3586,0.11279010161964446,60.386202500440426,31.26204348777699,0.012909448146820069,0.65
3587,0.2829206301254742,57.20986045139149,37.71495402737094,0.01273096799850464,0.75
3588,0.2694780481069249,60.95271015836896,43.52743163036603,0.012784302234649658,0.75
3589,0.5798268696729227,39.7773714657396,42.274691659207576,0.012948894500732422,0.9
3590,0.2281866795274416,50.393833506661906,37.64473645146095,0.013243448734283448,0.7
3591,0.5422249873145961,33.021279904770914,24.523290551214572,0.013433372974395752,0.85
3592,0.15389396455577542,65.43039663183569,44.641486679899046,0.013289737701416015,0.7
3593,0.610087766784182,41.946831151948636,34.035449465042646,0.012876558303833007,0.9
3594,0.4525635431448946,30.058833488988398,27.9285122087555,0.013028812408447266,0.8
3595,-0.04482987161585984,56.10464675680639,14.900364199627761,0.012921333312988281,0.55
3596,-0.03272860424306739,48.612001085489844,14.665050174731151,0.012796127796173095,0.55
3597,0.33764791452498705,35.11303763020831,15.92102572129179,0.012851321697235107,0.75
3598,-0.021817870043790183,50.142229436667876,26.49567289324086,0.013032591342926026,0.55
3599,0.03728602803768058,55.38849803688903,33.40630423581693,0.013053190708160401,0.6
3600,0.10511733759034603,54.95485305907641,38.02131885506691,0.013106369972229004,0.65
3601,0.3155965187401802,49.827263280394035,28.682087425861166,0.012931180000305176,0.75
3602,0.25548325265773614,45.24079875953942,29.9188581326413,0.013068294525146485,0.7
3603,-0.043845072708584364,49.00221972681347,41.40787013547202,0.013164806365966796,0.55
3604,0.08838528188339181,58.85306518185145,44.79502178722749,0.01284571886062622,0.65
3605,-0.11613612242404034,56.235448601659265,30.34811395991479,0.012834393978118896,0.5
3606,0.4388981074806539,36.89920347089186,23.81527955946761,0.012994396686553954,0.8
3607,0.2775659223257855,44.82428243733646,22.468339089487767,0.012940406799316406,0.7
3608,0.4113354860521413,47.55696325300984,42.653432999689294,0.013209784030914306,0.8
3609,-0.04195561895678607,76.58317430191958,59.53965146104971,0.013179290294647216,0.6
3610,0.1878585326449837,39.90346330793247,30.519069981728066,0.013114476203918457,0.65
3611,0.6204704863369583,37.99943740729205,29.25706568193221,0.013231778144836425,0.9
3612,0.22414637674294982,50.22728589744118,38.01390701647928,0.013047468662261964,0.7
3613,0.3256072566297067,61.98254752513584,49.10680531449338,0.013311028480529785,0.8
3614,0.07617860948399802,68.18784941912494,42.30035872045683,0.012962579727172852,0.65
3615,0.3058354063326659,45.254416024549535,35.12608219868207,0.013036096096038818,0.75
3616,0.17916093712859235,42.4187290041943,26.362562142435234,0.013001596927642823,0.65
3617,0.13192042121283595,51.046458293118626,16.975021414044036,0.013012266159057618,0.65
3618,0.2126099006810092,51.501402362128,30.79074209193384,0.012997055053710937,0.7
3619,0.04999969825255416,68.83184566287744,59.35820656289795,0.012936294078826904,0.65
3620,0.2918951273248488,52.80309681934041,45.79066069984195,0.012974178791046143,0.75
3621,0.2215876041900037,53.98655637995832,33.68688820361457,0.013013577461242676,0.7
3622,0.5180059131497752,37.47051646748383,34.742040644876695,0.012931418418884278,0.85
3623,0.03249773793232026,72.1363850351868,56.105936787146454,0.01289520263671875,0.65
3624,0.24679916959295783,65.89376623731644,56.8079859184461,0.013041853904724121,0.75
3625,0.23127698605730238,69.02591402315569,59.76714745137206,0.012811410427093505,0.75
3626,0.4217691417986729,42.11613323328487,29.657147681146288,0.012919211387634277,0.8
3627,0.5023713001285325,43.57823348555629,31.159336001680707,0.013013350963592529,0.85
3628,0.3731602967614539,56.22700426560091,41.741537592626344,0.013198637962341308,0.8
3629,0.3356398985672485,59.68873451028096,52.52497656014509,0.012971007823944091,0.8
3630,0.3515016936312449,39.6264379967207,34.84104578288262,0.012936151027679444,0.75
3631,0.16872810692030593,66.52493001046268,46.044254905532576,0.013136959075927735,0.7
3632,-0.2051816923352649,58.500194740392054,13.069942981599658,0.013010776042938233,0.45
3633,0.07884589745567017,68.70082124994101,52.17840745406169,0.012873589992523193,0.65
3634,0.4075826683012562,65.29258912266883,62.80997128258964,0.012911176681518555,0.85
3635,0.5558277426574147,39.60664932248575,31.291255083724323,0.012919795513153077,0.9
3636,0.1860188445868945,41.532267058354506,17.155181321202186,0.013038194179534912,0.65
3637,0.2110048566603202,57.25994127929408,38.69214007959061,0.01316603422164917,0.7
3638,0.5818873833907523,38.22358344355382,29.688060380864428,0.013100361824035645,0.9
3639,0.2993652298526313,49.40023837379304,34.67914322650491,0.013237619400024414,0.75
3640,0.1916135398231164,60.30610562880023,44.35541816634704,0.01308736801147461,0.7
3641,0.08438652347178452,62.20502485837096,40.6560113058229,0.012906098365783691,0.65
3642,0.0784463171426401,59.89507252983769,38.888982239198,0.013177573680877686,0.65
3643,0.08867960102061938,61.32611368795265,48.569384934172604,0.012939214706420898,0.65
3644,0.4209609222766876,49.474298044014894,38.2786722029922,0.01307896375656128,0.85
3645,0.06562642982153327,63.793590191466194,45.360406189149714,0.01270369291305542,0.65
3646,0.18146746007112552,61.31839694899942,38.388188030413595,0.013031280040740967,0.7
3647,0.2690407984950355,60.8717350680176,43.591823093606834,0.013221418857574463,0.75
3648,0.25615049431503223,64.77121113465157,47.90932408601899,0.01300140619277954,0.75
3649,-0.0455496578328824,57.25454598306256,26.95487044944326,0.013149642944335937,0.55
3650,-0.07033976134316736,62.37645679065007,37.33634649568927,0.012989211082458495,0.55
3651,0.13451220235354008,74.54182060912235,64.7150334691224,0.012857234477996827,0.7
3652,0.013019564651392378,58.69232926069998,34.90269985678561,0.01292421817779541,0.6
3653,0.13287116396047371,68.58309300250934,48.54117780384887,0.013072657585144042,0.7
3654,0.17812526754446933,61.768468945516666,53.94393766161733,0.01261063814163208,0.7
3655,0.29021829385291703,49.51700019474561,27.871131865467266,0.012745118141174317,0.75
3656,0.228580187183828,50.180143874083875,30.74848755625302,0.013244152069091797,0.7
3657,0.2872683934895764,35.91563000703578,23.155823848792544,0.013563287258148194,0.7
3658,0.39240755237788016,49.7225692854502,40.50322316071261,0.013150513172149658,0.8
3659,0.06394730979654957,66.52283069138343,40.504056202332464,0.013086652755737305,0.65
3660,0.2973244580898687,50.94222380016442,30.020786313781436,0.013425087928771973,0.75
3661,0.4475754797528683,40.23400045754617,28.87793602727472,0.013022112846374511,0.8
3662,0.36819324379433316,54.87372730157913,39.63311660033668,0.0130096435546875,0.8
3663,0.24846067724553275,67.20671476119495,51.37423702136758,0.012863647937774659,0.75
3664,0.3540022077220462,45.38846772185183,22.419677913119525,0.014151930809020996,0.75
3665,0.5830991537368088,42.42096658000387,39.9470248407191,0.013331794738769531,0.9
3666,-0.18736548678304432,78.00425896800286,41.32228103706727,0.012852847576141357,0.5
3667,0.2646905359772811,56.42466457093359,36.013484924572715,0.012915301322937011,0.75
3668,0.18512539471705994,61.78844925037514,53.54984736462838,0.013107764720916747,0.7
3669,-0.10882386164121276,66.96321374673775,42.59593910966374,0.012974703311920166,0.55
3670,0.5910314921332867,41.390112107028415,33.18825092281917,0.013030827045440674,0.9
3671,0.15118142621087027,65.62592958955095,52.291779228335216,0.012864625453948975,0.7
3672,0.153779951344803,69.21211009421856,50.68644011056092,0.0129164457321167,0.7
3673,0.17453453422437376,43.141736557909994,13.76014200961152,0.01311255693435669,0.65
3674,0.3842419984144307,44.38897665617255,39.34219643213197,0.013468027114868164,0.8
3675,0.2597620359939494,60.934939363670864,42.95390603148028,0.013427209854125977,0.75
3676,0.19416310801639344,56.58194615710795,38.06240158874795,0.013125598430633545,0.7
3677,0.24314398310336705,50.4522293737033,30.697720259184667,0.012988603115081787,0.7
3678,0.14909961767370025,67.5172281072653,53.14103017569466,0.012920570373535157,0.7
3679,0.5981009050587944,35.81943438670739,27.292064271714267,0.013123488426208496,0.9
3680,0.006919377043673358,65.07813383102969,32.06978753112121,0.013331186771392823,0.6
3681,0.3413714089785723,37.22508010136105,17.946257288674847,0.012835252285003661,0.75
3682,0.009631281538768511,61.551959301603766,42.62947551920434,0.013053607940673829,0.6
3683,0.3301770928599142,62.145613566088045,54.65090540046023,0.012634122371673584,0.8
3684,0.07591432315264998,66.42276292113254,47.01142838220444,0.012970209121704102,0.65
3685,0.24551584744183658,50.35393791465461,29.902173257020035,0.013028180599212647,0.7
3686,0.48861337318981934,40.72296943112231,27.958009010202115,0.012992155551910401,0.85
3687,0.4053570264054702,45.14052212465538,28.15669096669506,0.013203847408294677,0.8
3688,0.346413430797327,43.46263550923575,32.72546679800336,0.013596260547637939,0.75
3689,0.2056424343133123,58.30219397761258,39.434703417378586,0.013240230083465577,0.75
3690,0.33300628493598267,68.59239081660678,57.722268491824465,0.013381969928741456,0.8
3691,0.07489031846667767,69.04313447882535,45.192204691018475,0.013182628154754638,0.65
3692,0.4847438388224596,49.07213893561653,43.61378045000718,0.01322317123413086,0.85
3693,0.07135966693316641,71.77231336655782,55.96515497376663,0.013154315948486327,0.65
3694,0.23167453820826642,50.48506521060929,30.948234933731737,0.01326812505722046,0.7
3695,0.10574494466710298,56.56597172635553,24.63135915437831,0.012866055965423584,0.65
3696,0.014495683803921588,61.141773286457166,42.320205081691334,0.012942743301391602,0.6
3697,0.6293281720685655,32.75620115437398,28.893240306513892,0.012801444530487061,0.9
3698,0.2716610154206857,59.31996713625004,46.96620644513486,0.012898743152618408,0.75
3699,0.030031977192641186,65.20673272699865,39.79103295439378,0.013038527965545655,0.6
3700,0.1775671259507041,60.4732691868936,44.28532668588296,0.01370396614074707,0.7
3701,-0.12131726323566543,74.46601337463322,51.785157761816144,0.012983143329620361,0.55
3702,-0.14147692040625243,61.38003624915531,29.521199400855618,0.013556373119354249,0.5
3703,0.35833376328026195,40.68016428459398,30.16056433648192,0.013153612613677979,0.75
3704,0.08871145515075193,65.09977453814177,46.65273737820418,0.012962698936462402,0.65
3705,0.41682957657422987,33.55473325149126,25.4401076440707,0.013512623310089112,0.8
3706,0.4047147037960322,44.20869003314179,33.58157287403422,0.013621032238006592,0.8
3707,0.37363238385742276,50.22078492636965,33.77574896601958,0.0129785418510437,0.8
3708,0.5847452034216468,42.06618153056745,39.33654455021375,0.013256454467773437,0.9
3709,0.07174296656689003,52.65987898805597,36.26954836948474,0.013589489459991454,0.6
3710,0.40933484200648584,47.11672088963248,34.49338613698162,0.013079392910003661,0.8
3711,0.470358159984146,47.81144820682315,35.8635578566512,0.012847936153411866,0.85
3712,-0.31872709050789255,80.86250493839226,39.67052519436079,0.01335688829421997,0.45
3713,0.18658133007500247,55.55301044285801,44.643018073997936,0.013272607326507568,0.7
3714,0.13013325850066143,53.85913564489755,29.824596611495135,0.012909257411956787,0.65
3715,0.4582967065233981,30.465372594626068,21.153081520666134,0.013115191459655761,0.8
3716,0.18712803132854902,53.372140681671375,41.958302676999416,0.013065993785858154,0.7
3717,0.13975665970146572,45.59738066677322,24.332830587134673,0.01305748224258423,0.65
3718,0.18797167864562578,45.79594024716243,24.29616713461002,0.013373911380767822,0.65
3719,0.2332240726491553,45.46104319821437,28.980384858770464,0.013152003288269043,0.7
3720,0.41844848321939443,57.73022797882531,53.306291554245945,0.013058483600616455,0.85
3721,0.4524841228521492,35.29495535570403,21.92812537017881,0.013070034980773925,0.8
3722,0.14953700889647695,49.584056835223095,31.243528101336587,0.013179242610931396,0.65
3723,0.3871541634131264,46.576565544935335,29.877793690605365,0.012934505939483643,0.8
3724,0.4560473284297445,37.44772368534002,24.370506871722142,0.0130470871925354,0.8
3725,-0.0018528409358688491,65.37730837092343,39.87497193633029,0.013145542144775391,0.6
3726,0.45595967695605577,30.32472338846519,27.819107645875693,0.013275885581970214,0.8
3727,-0.05709350256492081,55.10332496481188,32.386430032482316,0.013141167163848878,0.55
3728,0.31691152763482766,49.607356791722154,40.49069090204768,0.01292198896408081,0.75
3729,0.5864531000105784,35.64185578597441,27.58817405160253,0.013022410869598388,0.9
3730,0.06763789743628057,64.11590079292009,37.6447843070876,0.013045179843902587,0.65
3731,0.08467501389386647,59.56928174532671,45.43607872163304,0.013341152667999267,0.65
3732,0.03628353574712764,60.40551215529068,42.26513699502299,0.013054871559143066,0.6
3733,0.07400748298211879,62.99113350312173,41.89559233982951,0.013010072708129882,0.65
3734,0.39790420626277123,50.636632609730576,34.730770892994485,0.012977385520935058,0.8
3735,0.050435237837070525,70.26070740536977,52.106236335615876,0.013166272640228271,0.65
3736,0.35606519732054587,40.94376774641677,22.968325987270827,0.013292825222015381,0.75
3737,0.5349393560963638,37.05266739055475,29.023521654299476,0.013107430934906007,0.85
3738,0.24027873887943926,64.21136536471896,47.27643790484002,0.01388615369796753,0.75
3739,0.4164197968888657,40.818445292622904,28.549463611823803,0.012927186489105225,0.8
3740,0.13525175069026357,55.22340295861765,38.08471113057002,0.012946128845214844,0.65
3741,0.41316811934732245,46.34573053412841,35.324509371301396,0.012852311134338379,0.8
3742,0.3008111385455452,58.94706634362988,40.23664210688029,0.01312861442565918,0.75
3743,0.3949700051756132,50.35157326910957,34.735804723173146,0.013490605354309081,0.8
3744,0.20415353128135266,56.67289609350106,38.15480216836807,0.013163864612579346,0.7
3745,0.24923535032710498,59.55042972287288,40.63329512766437,0.012946653366088866,0.75
3746,0.23756953806590703,60.42086887164912,42.0997454865125,0.01301274299621582,0.75
3747,0.0736301684683404,51.663473054733615,34.87268547443869,0.013042652606964111,0.6
3748,0.1814065621861945,60.954275067954406,52.07378097364856,0.012908744812011718,0.7
3749,0.28836159861528265,55.4281691496732,41.26521343757081,0.012724542617797851,0.75
3750,0.30996869118981085,48.637430606912346,38.426550321953876,0.013125753402709961,0.75
3751,0.16525620696035598,42.01485088200846,23.981319163250646,0.013208186626434327,0.65
3752,0.35409708933941964,54.96120012561571,46.12859684343521,0.013235330581665039,0.8
3753,0.25396554645790076,46.362976247775904,30.1379614180411,0.013399219512939453,0.7
3754,0.4984475517312371,21.504828677456715,16.255896597984016,0.013148069381713867,0.8
3755,0.42574349017752666,39.89605550885927,33.59802950182192,0.013518249988555909,0.8
3756,0.20038828494758051,56.853725364201196,32.657682957203555,0.013282525539398193,0.7
3757,0.3027833262415637,51.31114655306844,43.873147426144186,0.01333225965499878,0.75
3758,0.46123725755236344,50.77595022505838,39.536353665505125,0.013055872917175294,0.85
3759,0.2909925363134862,52.52730876051554,38.430780456720136,0.013307714462280273,0.75
3760,0.640789795196564,35.97049321947988,27.350071145429304,0.01307302713394165,0.9
3761,0.27805140886884205,58.330749322939575,53.0527278099371,0.012905597686767578,0.75
3762,0.10449869188474441,59.73150580668268,36.9709149537114,0.013297688961029053,0.65
3763,0.21068989793059062,50.63275677804295,30.66125093463941,0.012913751602172851,0.7
3764,0.2869828174247309,49.56705146798263,26.811270662412124,0.013142359256744385,0.75
3765,0.07761385665489207,54.34268662739822,44.75851925391536,0.013167917728424072,0.65
3766,0.35609705572339967,40.903425772521814,23.21379614124293,0.012859606742858886,0.75
3767,0.2882267655671897,46.108868696590505,30.08447697644754,0.013036465644836426,0.75
3768,0.32701109669185546,42.839321223451414,25.744976124799862,0.013191616535186768,0.75
3769,-0.04199963190930554,58.93060463632573,48.56101803932767,0.012911379337310791,0.55
3770,0.19709224355571522,57.69915693475316,47.06244075048744,0.012904322147369385,0.7
3771,0.20035827627474978,55.04624898125145,30.710641008949572,0.013122785091400146,0.7
3772,0.38096134806800835,45.872355051839556,34.197136759445975,0.01280726194381714,0.8
3773,0.11741552779604661,54.29579096284707,22.155043693874056,0.013345563411712646,0.65
3774,0.29527537740229765,55.78853117969148,36.49863821513102,0.01296154260635376,0.75
3775,0.45241685672495563,53.317690143051074,54.53408278276111,0.01317737102508545,0.85
3776,0.12186856264297807,53.49345092434297,26.523620823747954,0.013660764694213868,0.65
3777,0.010937278175865067,62.150880431454915,34.11711819061783,0.013243937492370605,0.6
3778,0.4429024913666761,36.95455566904553,29.749997773044356,0.012945210933685303,0.8
3779,-0.0003213515513562637,64.32447130664046,35.36491955831497,0.012976562976837159,0.6
3780,-0.08302924450720506,70.22116924146553,41.890816865368066,0.01292356252670288,0.55
3781,0.15435154328441772,66.09129516181636,45.211323785818294,0.013201117515563965,0.7
3782,-0.04741091368803646,77.20448480829005,51.74578538133122,0.013031291961669921,0.6
3783,0.6180896545474749,30.54124141073437,21.311217815094288,0.012930166721343995,0.9
3784,0.3727769208985249,29.543188732605064,14.622729283188338,0.013061428070068359,0.75
3785,0.10591623348300092,59.86311318301531,45.841584248122814,0.013124036788940429,0.65
3786,0.48399121312149074,49.48195548715902,37.061088489890174,0.01317976713180542,0.85
3787,0.16606511423336687,56.66519553309274,39.16805578372392,0.013059902191162109,0.7
3788,0.26795500276005546,56.81362135585241,50.65301034645854,0.013248825073242187,0.75
3789,0.3206063610449986,42.63241530691411,36.661674907829735,0.013112401962280274,0.75
3790,0.2454493502789609,46.615984480816365,23.415439778808352,0.012872052192687989,0.7
3791,0.024792716591096987,59.25267276112449,40.21660202862227,0.012720859050750733,0.6
3792,0.18909588192734095,44.738073652000935,15.564924127990338,0.01304795742034912,0.65
3793,0.30126394735612705,33.25791443970867,20.38855938745092,0.013227903842926025,0.7
3794,0.3884439463537247,43.89535771150044,38.39278924205614,0.013072323799133301,0.8
3795,-0.21856776776510603,61.64205313409768,29.55630690852677,0.013168179988861084,0.45
3796,0.01160317355581752,49.611280399727455,24.78381115902429,0.01298614740371704,0.55
3797,-0.2954629778282337,61.47092686799584,14.983215719636078,0.012714660167694092,0.4
3798,0.32899979888130826,62.544583738108166,49.73097987398732,0.012810802459716797,0.8
3799,0.3254296547222843,39.19306127467958,20.744173994260628,0.012692582607269288,0.75
3800,0.17888634694198222,44.90696611022095,31.625592611280144,0.012942588329315186,0.65
3801,0.3213904834532814,66.66829146960228,54.98510544507797,0.01293802261352539,0.8
3802,0.3987665086800107,40.00355897088439,32.84315557464748,0.012892997264862061,0.8
3803,-0.01746818332384715,70.34406227843743,41.501137599793005,0.012862133979797363,0.6
3804,0.48149323217147594,46.600870061055986,46.25096934620808,0.012987756729125976,0.85
3805,0.29897646040398324,54.280395816729516,34.590095486503316,0.012944269180297851,0.75
3806,-2.4189262124574286e-05,60.243117129721895,40.6108216868947,0.013336372375488282,0.6
3807,-0.015713118434479582,67.89253791737082,45.02771542300718,0.013504958152770996,0.6
3808,0.30744352396190416,51.86161065925355,38.32718081999712,0.013028299808502198,0.75
3809,0.17401590381261556,59.38856986611987,36.96924164271526,0.012906360626220702,0.7
3810,0.32505957905940225,45.667735835992644,29.476529170306897,0.013129353523254395,0.75
3811,0.30323930092840945,51.70518445100724,35.73721134093953,0.013526177406311036,0.75
3812,0.055666024368808145,66.05576896814384,47.030918521142844,0.013149595260620118,0.65
3813,0.3646919004833061,54.398956149442526,39.902047593392055,0.01297459602355957,0.8
3814,0.3714638420995251,56.410487190401206,42.091324350740024,0.01305152177810669,0.8
3815,0.45338799474997915,38.93553217425207,26.148918939617108,0.01364494562149048,0.8
3816,0.3769381043465645,56.59392298483948,48.55256085324602,0.012616050243377686,0.8
3817,0.41760118235731236,40.147570611360415,21.244164502117833,0.013260209560394287,0.8
3818,0.4048459497916824,40.33807457869328,33.43570022297036,0.013111627101898194,0.8
3819,0.3321582659361698,65.67095124817858,59.818951758155926,0.012981712818145752,0.8
3820,0.433528733806665,57.57302791597114,53.658352535263234,0.013106715679168702,0.85
3821,0.32155259710033635,40.75099929144831,29.07138754674593,0.013210737705230713,0.75
3822,0.22557122101012558,51.65674902803876,31.66044710627034,0.013102281093597411,0.7
3823,0.40732166696159033,31.474690005638585,24.15291403789398,0.013112986087799072,0.75
3824,0.37668369752123054,39.00512170653936,31.596891393260975,0.012772035598754884,0.75
3825,-0.004374162726420478,51.13807731025152,24.892310362588475,0.013041329383850098,0.55
3826,0.24611592682222455,52.08792184550524,40.16816795735053,0.013094961643218994,0.7
3827,0.12586408906497926,62.11044117891837,33.89854942715352,0.01296604871749878,0.65
3828,0.26359853043766507,56.749631454013965,36.75802077190791,0.013049101829528809,0.75
3829,0.45640367845084384,33.7321463788985,24.89424233528185,0.013328731060028076,0.8
3830,0.3082429900032024,53.97278598376205,39.177399231569225,0.013322198390960693,0.75
3831,0.28001879850711286,62.228701626596646,51.62623014273446,0.013203144073486328,0.75
3832,0.15455723664880122,42.95754565981271,27.5899458508042,0.013178730010986328,0.65
3833,0.38628223261794553,51.610901387946704,36.2766048050723,0.013100385665893555,0.8
3834,0.23411345404820644,43.0456086028407,33.95571088761604,0.01304999589920044,0.7
3835,-0.010842775550972373,47.518089275968904,19.6292998080494,0.012833976745605468,0.55
3836,0.23033999146158823,47.06129937101375,24.367344895064793,0.013045704364776612,0.7
3837,0.4469572011616128,35.80560706165225,22.293799801415688,0.01381683349609375,0.8
3838,0.16161111615064405,61.61865678474503,52.54077290212361,0.013134706020355224,0.7
3839,0.20942553063952957,40.68184109460099,31.21523832322363,0.013136351108551025,0.65
3840,0.20713667875081185,55.71161432187498,44.40085791898654,0.012802612781524659,0.7
3841,0.21300726503831058,58.16292029419717,34.56675171502546,0.012986600399017334,0.7
3842,0.2543721844412004,48.707086045044555,27.189216141920202,0.01383523941040039,0.7
3843,0.4096195089584073,45.62001934183904,34.48042654762451,0.01396869421005249,0.8
3844,0.505369314342358,46.13318336472853,39.663131569908714,0.012997186183929444,0.85
3845,0.19718251238378431,40.401784574775846,24.158478309844458,0.013095450401306153,0.65
3846,0.32975549295272805,46.580220170665285,30.764834734748312,0.012911677360534668,0.75
3847,0.43997275814398823,37.88415181390383,31.192570393712437,0.012891590595245361,0.8
3848,0.427955354237951,36.57898911689066,16.68997104430116,0.013147211074829102,0.8
3849,0.32227230235083304,47.82871911621861,38.42715780926067,0.013046908378601074,0.75
3850,0.102257918787603,55.294455294791874,38.411861983670704,0.013082420825958252,0.65
3851,0.2821927422689676,50.581778658101605,35.15216742832535,0.012912130355834961,0.75
3852,0.4257042754773047,48.35488884363395,42.42815051507967,0.012821650505065918,0.85
3853,0.4118699610631412,40.934464410009305,41.13690997135571,0.012895429134368896,0.8
3854,0.3136757625698679,46.87258499980261,31.54982191548514,0.01260017156600952,0.75
3855,0.1909458295041909,53.84904901936757,27.895839487306812,0.01289595365524292,0.7
3856,0.20460916323111938,51.544613328645156,39.15124289624505,0.013139295578002929,0.7
3857,0.0914428359564129,55.01244580074807,36.85690318329314,0.013719618320465088,0.65
3858,0.3149095089959121,47.25272272765613,37.61067288238177,0.013008785247802735,0.75
3859,0.3724745585255064,57.34920914338638,42.269013478268505,0.013004791736602784,0.8
3860,0.12064418886372996,50.39816812913513,37.980390130619234,0.013243019580841064,0.65
3861,0.3707923563786926,53.295784581936985,38.017875872906714,0.013198399543762207,0.8
3862,0.5197947054037712,42.03533119396107,40.582777388764214,0.012816524505615235,0.85
3863,0.3964041347585218,41.0991171921059,28.99269349123448,0.012948238849639892,0.8
3864,0.2380009957883195,49.69274901988376,30.25016927820506,0.013206255435943604,0.7
3865,0.3933058277029999,46.01862139989261,34.15450727179689,0.013079226016998291,0.8
3866,0.5894365316876455,46.54681945636175,39.293960796899995,0.012937569618225097,0.9
3867,0.14161770139941127,50.84936147294524,24.819320980079144,0.012828361988067628,0.65
3868,0.34594544118931514,42.144426716604016,24.205188382274454,0.012945616245269775,0.75
3869,0.25416465387696263,39.30497203467024,21.433534001325285,0.013050854206085205,0.7
3870,-0.07579412892652293,64.82819100854286,33.01567643779976,0.013105463981628419,0.55
3871,0.5697201506185351,24.03544186479183,19.920541578637057,0.01314159631729126,0.85
3872,0.33212627759281094,51.39813020880005,36.48302224950174,0.01340029239654541,0.75
3873,0.26364927014772543,65.01604311576324,48.72716753861469,0.013374638557434083,0.75
3874,0.4502534721270671,51.617529577215066,46.99567021810621,0.012961935997009278,0.85
3875,0.35470498209241796,43.793959117069605,33.57335581022914,0.012915968894958496,0.75
3876,0.33316041199908797,38.93738670896325,27.076256302104703,0.013104259967803955,0.75
3877,0.640510572540075,46.06176702906154,42.6401412829585,0.013156545162200928,0.95
3878,0.500164841707481,41.337658816338,28.75954948744254,0.013126468658447266,0.85
3879,0.3068477212779306,48.23695203919183,32.1322765737632,0.013308727741241455,0.75
3880,0.3516687420170067,53.56356466737649,39.40524644017618,0.013188028335571289,0.8
3881,0.33792372580383995,58.19668743719664,43.11792582847676,0.013256049156188965,0.8
3882,0.21437195341993842,57.43946345198344,32.97131192025721,0.0130668044090271,0.7
3883,0.3818516934413979,41.518713710943764,29.23999165992538,0.013207852840423584,0.8
3884,0.34447425035992774,43.598631262655275,19.780532220897303,0.013101530075073243,0.75
3885,0.2588461103888411,43.01163880970442,33.449335986469755,0.012992596626281739,0.7
3886,0.5768035159066615,47.83993053788108,40.456741093074534,0.013366055488586426,0.9
3887,0.03232367136468105,56.641702614210274,33.73770072701236,0.012920057773590088,0.6
3888,0.3683120963647114,33.49992388444524,19.297884463327364,0.013175809383392334,0.75
3889,0.644226705443813,26.97072568088014,22.357905142166754,0.01292203664779663,0.9
3890,0.19125827915289123,49.345305617695686,20.600995299055832,0.013059020042419434,0.7
3891,0.5145832988483938,45.15528932215331,33.53804681630321,0.012822449207305908,0.85
3892,0.12060151812328357,40.16066286157471,32.105614010080174,0.013022959232330322,0.6
3893,0.440865885631061,34.097782864031124,24.936083651956967,0.012757134437561036,0.8
3894,0.20114674622713805,58.35391098125107,42.163265534996675,0.013246297836303711,0.7
3895,0.435719115086074,53.0829015413366,42.199908755928796,0.01312330961227417,0.85
3896,0.5032422938898325,38.37434752548128,30.75360832129577,0.01282285451889038,0.85
3897,0.4926874883518069,46.84315896691517,35.28972454986173,0.013057732582092285,0.85
3898,0.07004162197547212,54.27882459559438,31.127823559289634,0.013085556030273438,0.6
3899,0.15723996662442455,43.56338107086988,28.187480241223934,0.012913191318511963,0.65
3900,0.5480591967237363,25.621169354514443,15.72560071469043,0.012871313095092773,0.85
3901,0.617411724096328,36.553178272951996,27.73723277886857,0.013174927234649659,0.9
3902,0.6152447387933963,37.309258100723426,32.85339547469503,0.012974035739898682,0.9
3903,0.013119929566395867,43.37264543357267,27.241383402751527,0.013199901580810547,0.55
3904,0.593899665343388,30.62842131190112,21.208401115854087,0.012642264366149902,0.9
3905,0.47087133303536727,50.32924680242913,45.008660080516684,0.012959146499633789,0.85
3906,0.5196303862414714,40.5469009338363,33.53941642034614,0.013278460502624512,0.85
3907,0.35843446655625566,51.45345384610325,35.53026188134241,0.01296062469482422,0.8
3908,0.6025608380733083,40.11282528536762,32.148085029169835,0.013213682174682616,0.9
3909,0.5989463458528318,37.58674722886248,38.71296690381825,0.013003289699554443,0.9
3910,0.32598897674051774,40.54722383298578,26.665463727574327,0.013008415699005127,0.75
3911,0.26787087236623575,63.844530553359974,51.67365347434669,0.012934565544128418,0.75
3912,0.3883802514070961,52.1455381916828,35.50059510860957,0.012559044361114501,0.8
3913,0.2769546532428447,58.90878373443803,51.57097851405504,0.012886440753936768,0.75
3914,0.2131421840482209,50.66721256228105,44.67857878241084,0.012990796566009521,0.7
3915,0.45411638004203336,36.24435721743105,22.00646312130283,0.013051033020019531,0.8
3916,0.43369769890937376,45.76526119919153,40.921921155214555,0.012859749794006347,0.8
3917,0.4551664159694903,35.407886516476246,15.84978421263387,0.013254129886627197,0.8
3918,0.39573507352304704,32.12337565804539,17.785502843376836,0.012959277629852295,0.75
3919,0.3224738485758338,39.13502290782245,20.251858031607597,0.01295405626296997,0.75
3920,0.25846070064606225,45.92953154290028,31.19078593392257,0.012788093090057373,0.7
3921,0.4596808661307512,27.52653602408312,17.85933175053181,0.012849116325378418,0.8
3922,0.32763796582620486,42.95102610046503,24.817765498126246,0.013030970096588134,0.75
3923,0.44270694764219237,31.817910242136737,23.78031853449878,0.012522745132446288,0.8
3924,-0.15266613691841685,60.058360222634846,35.15221758788151,0.012900936603546142,0.5
3925,0.35343673430171585,38.04814732562715,31.399038865222018,0.012936294078826904,0.75
3926,-0.006928226362224921,71.24434264203384,48.42562536614185,0.012753927707672119,0.6
3927,0.42108081460033403,46.36401385719096,35.51531442521478,0.012993156909942627,0.8
3928,0.034992343895097026,59.610565725586014,28.800193073443182,0.012951242923736572,0.6
3929,0.26830547502101093,56.31754857715022,43.49622466491338,0.012798714637756347,0.75
3930,0.22754575095930774,52.303610026539594,39.76558392119283,0.012675750255584716,0.7
3931,0.260678912198846,61.73457981621135,44.004728451630946,0.013014650344848633,0.75
3932,0.11045514641529156,56.116934947712615,40.22873565283055,0.012429511547088623,0.65
3933,-0.058138810265941435,81.32687365149098,74.79939119128854,0.012939274311065674,0.6
3934,0.48868407584531237,26.843754641326438,16.957595183131037,0.013116550445556641,0.8
3935,0.5757261721435348,47.0729624464538,39.20191868871462,0.012789475917816161,0.9
3936,0.4013615414765407,49.9836784050065,33.572620165671836,0.013065755367279053,0.8
3937,0.2500435578670471,45.87640858382186,31.64096784106975,0.012585175037384034,0.7
3938,-0.047834814028326254,59.505040545530655,32.23218497555115,0.012573707103729247,0.55
3939,0.315888381256502,44.21658943309197,20.60155392751152,0.012770771980285645,0.75
3940,-0.0393646208946465,56.72725354913507,16.636702587191277,0.01275806427001953,0.55
3941,0.1153052027241277,61.95190460216901,41.958361860941245,0.012657809257507324,0.65
3942,0.218117722058183,55.91692504463505,44.36936216930594,0.012528550624847413,0.7
3943,0.29402948193852313,51.21346944795024,37.12866647231718,0.012812089920043946,0.75
3944,0.21340211990823144,52.18363963695263,47.25442098652875,0.01289149522781372,0.7
3945,0.3219273555939411,43.49628265106068,32.588148565152984,0.013047993183135986,0.75
3946,0.21141551896787236,52.71225343859354,40.6655180227556,0.012792408466339111,0.7
3947,-0.043912903817958406,55.59906858799216,34.771045839871846,0.012678825855255127,0.55
3948,0.171097485739769,59.06226892955935,42.86776527654483,0.012690186500549316,0.7
3949,0.5978354419885055,31.843978679780644,33.7507623064419,0.01270453929901123,0.9
3950,0.17472207847630622,39.84870652215006,30.690872068469005,0.012975096702575684,0.65
3951,0.7168979123224002,32.71466226939051,28.39790462555737,0.01286303997039795,0.95
3952,0.2847025484802851,31.00208057383042,23.702491733530316,0.013013827800750732,0.7
3953,0.4494658978002362,51.162038324283046,45.95556856224124,0.012908554077148438,0.85
3954,0.1981892714257784,52.42664762954871,33.59642238459456,0.012839233875274659,0.7
3955,0.2017639499854969,55.92100748734545,44.71440523133587,0.012758290767669678,0.7
3956,0.40091043608273075,43.00529376030209,36.599860845346676,0.012898337841033936,0.8
3957,0.3662307140244279,57.72643194459545,43.641180544519074,0.012750756740570069,0.8
3958,0.1686419150280188,66.21594103688702,52.08007091061892,0.012521493434906005,0.7
3959,0.6309122316993444,35.92882627716641,32.84746603713291,0.012552762031555175,0.9
3960,0.18727968993000071,61.38227954892373,44.84714720212657,0.012608492374420166,0.7
3961,0.4347648845385996,32.58541711757733,12.917207543330495,0.012542712688446044,0.8
3962,0.1951769335576331,60.64639616491595,45.12682794953857,0.012546217441558838,0.7
3963,0.05377896716111526,54.23321087919412,30.659691141914056,0.012542939186096192,0.6
3964,0.08435831689213376,44.67855715684314,23.001221063110165,0.012876617908477783,0.6
3965,0.20032255059584428,55.91377002941364,37.51756329542558,0.013063931465148925,0.7
3966,0.1876821407385471,77.15246720141769,77.24283818252083,0.01278688907623291,0.75
3967,0.4070232806981597,45.396377813777875,34.96270901691699,0.01292281150817871,0.8
3968,0.39376528654633974,45.264245317529806,34.216908268291135,0.01302180290222168,0.8
3969,0.3659338512103377,36.228103738085636,22.923711470048307,0.012832558155059815,0.75
3970,0.22500780300833964,49.33130834640296,36.19195653522074,0.012911772727966309,0.7
3971,0.15015012200767114,50.37013201513378,32.479520320518034,0.013039636611938476,0.65
3972,0.1701994686006938,64.15731548968212,50.69701632283279,0.01283639669418335,0.7
3973,0.05461005837829427,45.85325986699972,26.27621503911074,0.012909674644470214,0.6
3974,0.18591898968588838,54.23356280102222,42.03298963491502,0.012544608116149903,0.7
3975,0.035203207770237735,56.957173771368105,27.649437649084902,0.01259380578994751,0.6
3976,0.5853696250911895,36.48112589543179,27.758254933866425,0.012647402286529542,0.9
3977,0.07225740715492665,65.1607429911206,45.42015876032073,0.012456607818603516,0.65
3978,0.04934948733938864,74.89824345742304,55.264024932089505,0.013081324100494385,0.65
3979,0.4654153283422378,29.363543432290548,14.99520438382337,0.01280752420425415,0.8
3980,0.20111985952964453,39.57080529429827,23.09432555695034,0.012668454647064209,0.65
3981,0.16522732197737322,46.93046902421235,32.3177078455695,0.012793314456939698,0.65
3982,0.01359971381430663,61.504897676875295,25.994549147029886,0.012841546535491943,0.6
3983,0.6688881440926561,25.734711786578448,16.159873267243864,0.012843286991119385,0.9
3984,0.18691771248992545,56.59498339165218,38.73933384862912,0.012689769268035889,0.7
3985,0.3275522450743844,36.500086635109184,22.27743947628866,0.012710106372833253,0.75
3986,0.48686722368718865,31.385804839781002,27.913817354284326,0.01285179853439331,0.8
3987,0.14571169699616843,47.69266528163105,34.768494886674,0.012825715541839599,0.65
3988,0.42052476001953865,41.73305490108377,28.816272729206283,0.013073897361755371,0.8
3989,0.5467862090844517,31.675186270356914,22.963159351606482,0.012926900386810302,0.85
3990,0.4561128175549065,55.66010479365027,45.13359934217018,0.01283644437789917,0.85
3991,0.3880136480156422,44.47862044523029,31.395207462394055,0.012989199161529541,0.8
3992,0.510686575846683,46.69765396900695,40.38723812903595,0.01306833028793335,0.85
3993,-0.17409708618222386,71.46909870399763,56.092641034781494,0.012781000137329102,0.5
3994,0.1358487535284021,53.18007614584953,32.844359100716275,0.012991416454315185,0.65
3995,0.4052293672353061,34.657939567849915,27.467500592252513,0.013161373138427735,0.8
3996,0.43822746130263235,61.28547521010016,51.88857776291441,0.012919175624847411,0.85
3997,0.27469031182682574,58.84761412311963,40.60146863498433,0.012935519218444824,0.75
3998,0.38974185496928826,44.037540595603694,26.365587519651285,0.01281193494796753,0.8
3999,0.45928651581686586,41.168416287339916,29.29067176094903,0.01277773380279541,0.8
4000,0.33721143003272636,33.72765927836874,14.170402740500634,0.012822377681732177,0.75
4001,0.4386237681281079,31.30633636229669,16.981222656702638,0.013265669345855713,0.8
4002,0.5550925118023178,46.0038885421195,38.36782075182081,0.013263130187988281,0.9
4003,0.28084001519144264,55.754184435050526,55.86264453276433,0.012869954109191895,0.75
4004,0.49907872786160484,38.918652417967856,36.16597990993329,0.012796759605407715,0.85
4005,0.4429806004929648,37.02188307513369,24.70947671343527,0.01279834508895874,0.8
4006,0.3157215410369264,40.035614063088964,27.671452750415437,0.01280958652496338,0.75
4007,0.3047114536409134,45.929016637633325,29.809738052303537,0.012775909900665284,0.75
4008,0.3964614844066017,40.64975792322274,28.207735228345072,0.012947463989257812,0.8
4009,0.4593429706065648,38.336249393122664,29.628531696896694,0.013500726222991944,0.8
4010,0.6781761726258528,31.22870857326045,26.825847188440516,0.012762081623077393,0.95
4011,0.20534576496956408,38.641432672505225,17.663254806502444,0.012684297561645509,0.65
4012,0.3077207092489362,43.01008332538021,19.635903211026108,0.013372480869293213,0.75
4013,0.5035212660418541,38.43647190665614,36.28431726349862,0.012924039363861084,0.85
4014,0.6554953266554792,21.369483078995877,16.912184648102507,0.012645769119262695,0.9
4015,0.4052944312567902,43.01100272052648,31.34096687234984,0.013267898559570312,0.8
4016,0.4996343652713316,47.872314188116306,36.43374617523473,0.012775278091430664,0.85
4017,0.23752644348013346,44.53539622818633,29.34074272898164,0.013011360168457031,0.7
4018,0.5595085969537351,24.275053930594694,20.708965750139775,0.012966585159301759,0.85
4019,0.6499693543338868,46.71402951505406,43.27982661401111,0.012508571147918701,0.95
4020,0.06679940514665136,50.41645365912908,32.86523981205523,0.012717211246490478,0.6
4021,0.10200511608701195,62.63469756676291,41.48987279780244,0.012683534622192382,0.65
4022,-0.05938664240362357,63.09230390775191,29.011934902913058,0.013051247596740723,0.55
4023,0.2632038527703633,42.656059547897456,32.07128310570314,0.013085424900054932,0.7
4024,0.37072895397531236,37.508656638998765,39.075099857688194,0.012915921211242676,0.75
4025,0.25295588229360294,41.013375597417124,24.190639935962697,0.012910890579223632,0.7
4026,0.0395440958713798,57.39582416715774,36.60914861229956,0.01248617172241211,0.6
4027,0.6090881058043813,32.16954260485585,28.802507363424482,0.01262338161468506,0.9
4028,0.29145708137520543,49.240676161721225,34.57138573954278,0.013153612613677979,0.75
4029,0.4559344551438945,37.91199100085424,35.17668533743766,0.012650489807128906,0.8
4030,0.3901321163950147,52.40565884034497,37.23648379472213,0.012706434726715088,0.8
4031,0.23178522158266152,46.66903955494827,22.653973477558026,0.01259455680847168,0.7
4032,0.07412349857771112,50.201903628235,22.06625076110059,0.012591958045959473,0.6
4033,0.3179076245090597,42.90754313064913,16.515420404140418,0.012993276119232178,0.75
4034,0.40569269851198253,45.538025008334486,34.381592085661055,0.01290440559387207,0.8
4035,0.5323604308425188,34.19038575045745,25.83622205371554,0.012897372245788574,0.85
4036,0.4782688386474777,25.933847015364268,15.690331897006338,0.012834405899047852,0.8
4037,0.40378970439980416,47.98134245950811,31.726534071169,0.012808084487915039,0.8
4038,0.4108567803884589,26.692723501909647,18.072874807149216,0.012411928176879883,0.75
4039,0.4472783492206915,33.526046246237655,26.013531849238152,0.012429630756378174,0.8
4040,0.29376073874516573,53.58570333368078,38.74688317909174,0.01326514482498169,0.75
4041,0.3846281510684183,52.81792001490969,36.631744837244916,0.012920975685119629,0.8
4042,0.30149630974361213,56.260357678128415,43.65413590816123,0.012786364555358887,0.75
4043,0.4501755820861576,37.15908197476364,24.116968117174522,0.012555480003356934,0.8
4044,0.5398160868250156,41.0887086799038,34.05075274864839,0.012626540660858155,0.85
4045,0.2869346775791929,32.06774452500822,23.968294158182793,0.013028323650360107,0.7
4046,0.6532100636331283,47.51197692487904,43.9034096485956,0.01282203197479248,0.95
4047,0.3968930257025135,47.214662899087045,34.44270724299041,0.01288059949874878,0.8
4048,0.3243952937066044,45.839261246418346,42.26619138037892,0.012720024585723877,0.75
4049,0.4421336921057927,57.415850057478224,47.49393676908449,0.013239216804504395,0.85
4050,0.6024725962977018,27.142734730441767,22.98555947850899,0.013071441650390625,0.85
4051,0.461408122545372,45.72568899884028,38.76344865202115,0.01309739351272583,0.85
4052,0.3338917961315684,40.10343417709025,28.92196489764018,0.013327264785766601,0.75
4053,0.43025747461208697,45.19833364046427,33.67140009029991,0.013041019439697266,0.8
4054,0.4553121662054555,39.086350799466686,27.623429842744954,0.015446186065673828,0.8
4055,0.24462355120246593,39.06393680633282,21.060777317934942,0.013258552551269532,0.7
4056,0.4978742285458894,43.70841625455019,36.94854756191005,0.012795209884643555,0.85
4057,0.4536787496650291,35.653758912196494,22.473876672363076,0.01282428503036499,0.8
4058,0.3678326452360622,62.71247200470623,49.654227452094005,0.012767839431762695,0.8
4059,0.47851142852181344,48.70767747727431,43.458505201271564,0.01271449327468872,0.85
4060,0.27002550138605874,57.24991785932408,51.95317018175344,0.012776029109954835,0.75
4061,0.17983678408992634,57.10475291833249,37.58279769904319,0.012539267539978027,0.7
4062,0.392074037510927,46.41393312426813,29.999950168650532,0.01287325620651245,0.8
4063,0.5255739824715888,35.36653182423778,27.151414078970976,0.012859594821929932,0.85
4064,0.2550274689460567,42.58632493513284,24.62555453220229,0.012921380996704101,0.7
4065,0.026654366233881222,61.354983241321996,32.82896437136585,0.012778222560882568,0.6
4066,0.2930849256256632,51.608350386202815,37.79467160510655,0.01324373483657837,0.75
4067,0.38247142556116703,51.28445097150353,42.484202956744106,0.012472951412200927,0.8
4068,0.6163167554611222,38.37007855216781,29.93644072167372,0.0129777193069458,0.9
4069,0.2105811805361808,52.237009002856176,33.37899613122923,0.012910163402557373,0.7
4070,0.2706551807528257,40.14225180333208,23.052091713404177,0.012692368030548096,0.7
4071,0.331821971896086,39.62210355233809,28.436775550689568,0.012737715244293213,0.75
4072,0.5525757599798543,30.487986370409565,21.664622021173823,0.012735855579376221,0.85
4073,0.42711904031661085,40.93126496690031,34.87477017934963,0.012776339054107666,0.8
4074,0.3874048862030094,28.671899086081744,20.457530355126316,0.0125909686088562,0.75
4075,0.8090045975951392,26.924944865901818,26.924944865901818,0.012851715087890625,1.0
4076,0.30269088281227685,47.60673240559474,38.58469345412126,0.012926137447357178,0.75
4077,-0.12461299717123908,55.210598983694,25.09515383138191,0.012478852272033691,0.5
4078,0.5527551810405222,36.39774455184228,28.15346498818043,0.012821710109710694,0.85
4079,0.6149716818561044,31.639028168853287,22.610982616910132,0.01239103078842163,0.9
4080,0.525411647668846,36.90926235530792,23.303581839072088,0.01276538372039795,0.85
4081,0.3757413082710185,58.1163236278155,44.122671424042764,0.012730824947357177,0.8
4082,0.45879368766499934,33.68999061243905,31.94318690743447,0.012809991836547852,0.8
4083,0.5352156261654439,30.180536505632226,15.70630898343017,0.013072872161865234,0.85
4084,0.6459994857076394,25.508029586868815,15.446241006466408,0.012907421588897705,0.9
4085,0.1483532565782159,57.48767843883396,33.544548231549,0.01286165714263916,0.65
4086,0.5279165986924753,54.82269536498757,48.748924048290924,0.012606406211853027,0.9
4087,0.5355964405568949,52.05125691328768,45.1172141491786,0.012612855434417725,0.9
4088,0.09555693400872733,57.909199016904964,39.80413482381765,0.0126417875289917,0.65
4089,0.18903721516258074,59.7079448288924,36.612236591454895,0.012718486785888671,0.7
4090,0.39874772567991046,45.69372995089208,34.09005129524104,0.012549757957458496,0.8
4091,0.22715479424419494,55.48735129289827,36.38024545980252,0.012514472007751465,0.7
4092,0.6238688550281714,29.571293505811752,20.104094865703743,0.012621498107910157,0.9
4093,0.17199102357323853,41.28468119683606,18.079391423487355,0.01282438039779663,0.65
4094,0.3819256489010942,51.42217288647377,42.481059544153965,0.012679147720336913,0.8
4095,0.40565753892785017,40.52706849882286,28.93310959345381,0.012664091587066651,0.8
4096,0.41436166673144753,46.383829388178285,28.813923640711014,0.012852871417999267,0.8
4097,0.5315879391048657,42.52268376516424,35.04405969285096,0.012660419940948487,0.85
4098,0.3361450680568127,40.96343693863914,23.295890719681786,0.012808167934417724,0.75
4099,0.597420940892048,45.04159108636962,36.96260898368791,0.012710511684417725,0.9
4100,0.4422370740051109,35.31320864644031,27.960451618656432,0.012720632553100585,0.8
4101,0.597184240992006,33.27773060780477,29.886709786319088,0.012269222736358642,0.9
4102,0.36494031664204,30.83274211621959,29.285817198284523,0.0126761794090271,0.75
4103,0.3338659307834636,38.080540602666666,19.886484379328742,0.012642431259155273,0.75
4104,0.5639583434544619,40.887188549877536,38.322841321868154,0.012546980381011963,0.9
4105,0.49197537689884674,44.89530220169287,32.837687266868265,0.012718522548675537,0.85
4106,0.48117050444616793,26.851801004331765,17.853686494637593,0.012475717067718505,0.8
4107,0.5097423861844347,27.248691499206917,17.677878197704366,0.012751305103302002,0.8
4108,0.5229641486685478,41.108421677376285,28.21241966260312,0.012690496444702149,0.85
4109,0.4904408679805508,27.775268531469386,30.81844001505378,0.013248717784881592,0.8
4110,0.3190888976911642,46.03833845942758,29.317835987431728,0.01293792724609375,0.75
4111,0.5078565299983466,39.58377288524489,25.91886193517294,0.012803232669830323,0.85
4112,0.681523184181915,37.287324974125376,33.1921115948591,0.01302257776260376,0.95
4113,0.5271499016845048,32.22488515500007,23.93475893290767,0.01283491849899292,0.85
4114,0.5430008225167957,25.236618666109727,26.213916619188375,0.01262667179107666,0.85
4115,0.7644465753921954,41.46145781847996,41.46145781847996,0.012386798858642578,1.0
4116,0.3745507395239361,52.71718720284032,43.57784419435258,0.012873053550720215,0.8
4117,0.4805707254811334,30.89381391341582,22.308951408927342,0.012544751167297363,0.8
4118,0.6329728056397956,35.28243851749964,32.2390515875592,0.012755668163299561,0.9
4119,0.4210817981773597,47.42737129692866,36.708201354897,0.012869954109191895,0.8
4120,0.3668176390349699,50.89438219884269,41.23155705408841,0.012724649906158448,0.8
4121,0.4103893916350856,44.85521915294113,34.439301270687416,0.012549388408660888,0.8
4122,0.4074007818795387,46.11318712627103,34.63687702260145,0.012766420841217041,0.8
4123,0.5561706983041834,46.11127179281287,49.409327612715366,0.012678885459899902,0.9
4124,0.22270373622277395,55.029783876847475,36.98610164443086,0.012926006317138672,0.7
4125,0.6199010368507256,26.17966027110773,22.115528197012356,0.01277627944946289,0.9
4126,0.6358660311288672,27.39473421293409,28.21279884966087,0.012957227230072022,0.9
4127,0.4957330885578382,48.62023166401809,37.28969225174485,0.013452959060668946,0.85
4128,0.30162369876945233,32.76586766885758,26.490210978146088,0.01265699863433838,0.7
4129,0.424581898262541,43.09210785163377,25.81362680935856,0.012843620777130128,0.8
4130,0.5054212729209109,36.112270472569556,22.643363636615092,0.012837731838226318,0.85
4131,0.7471643508155539,27.69207931165088,23.327073514210124,0.012855184078216553,0.95
4132,0.09046519107099818,67.3061310022114,41.46232162872497,0.012632477283477783,0.65
4133,0.5113234342357645,43.3309150196376,36.00226915524598,0.012619125843048095,0.85
4134,0.08277448831630563,45.283776977099265,25.14663485389377,0.012672638893127442,0.6
4135,0.3767003938615673,38.4695339145269,19.841287466587623,0.012676882743835449,0.75
4136,0.39637802820002405,49.76887287677945,32.36910234391719,0.012646055221557618,0.8
4137,0.35718286836306906,37.027252919986175,24.610111598077825,0.012725698947906493,0.75
4138,0.240341825438398,39.77144399168026,21.701317905575234,0.012668418884277343,0.7
4139,0.18268970895978007,45.709173842414344,31.01503483341818,0.012915861606597901,0.65
4140,0.3993438136597551,31.74055304277933,24.613622943481065,0.012826383113861084,0.75
4141,0.34761133973084,43.471547541185004,37.10294227739025,0.01286407709121704,0.75
4142,0.13200964858831427,56.42318665554725,40.54878315808093,0.012837755680084228,0.65
4143,0.566077247838834,47.8236428830181,40.6300596586361,0.012473344802856445,0.9
4144,0.39538233563479114,41.93029597899623,22.946536268358432,0.012641119956970214,0.8
4145,0.17932383547639313,54.66202292354151,35.97201191942562,0.013165557384490966,0.7
4146,0.5326725693374745,29.252787832915867,20.65855561661661,0.012836217880249023,0.85
4147,0.4869267622726115,41.166559436764516,33.62299488607408,0.013020598888397216,0.85
4148,0.4479022248428932,43.12098726415563,30.961567893495047,0.012970924377441406,0.8
4149,0.40154174438436596,46.21323228665882,29.206670374877127,0.013099515438079834,0.8
4150,0.2705964551327553,43.402401653700466,27.00295759566375,0.012665486335754395,0.7
4151,0.5015459408120854,38.792221317556965,30.964239184288726,0.012844347953796386,0.85
4152,0.5254205541956971,34.756937018773826,20.421733430960725,0.013190507888793945,0.85
4153,0.41731286506233356,44.319684885727966,33.155999683725156,0.012869858741760254,0.8
4154,0.5250698767265558,49.983506634450514,42.191229996335124,0.01290346384048462,0.9
4155,0.17626430928940653,59.753015950824384,43.23561426714894,0.012805628776550292,0.7
4156,0.2940986218280889,27.904344260048497,24.78364616764356,0.012581145763397217,0.7
4157,0.5979179999030315,42.50206519737698,35.10272431377823,0.012653541564941407,0.9
4158,0.27444983360388003,41.50879117111703,31.055406851473926,0.01284773349761963,0.7
4159,0.28560054363027704,62.42940299844916,45.73283093258036,0.013108015060424805,0.75
4160,0.32038735562042736,50.89705701981648,29.263024784062477,0.012822127342224121,0.75
4161,0.5215622372086388,40.43703602841054,39.21728869103489,0.012822926044464111,0.85
4162,0.5190430101761264,31.993881258981656,23.13841315677055,0.012700104713439941,0.85
4163,0.4674395517849753,44.85953440581687,38.23048142080983,0.012882447242736817,0.85
4164,0.5692180261899448,38.36845684444991,35.54740596368676,0.012566566467285156,0.9
4165,0.11112411210583888,57.6438908902776,50.51873981054452,0.012986075878143311,0.65
4166,0.06520293994634188,46.95710646592734,34.022670771015264,0.012569999694824219,0.6
4167,0.5409637562139693,24.666000419771404,19.923155766251977,0.013255417346954346,0.85
4168,0.718638302772111,28.014467145395486,23.47552464462559,0.012621378898620606,0.95
4169,0.4329759805122001,38.5969437967796,31.927847976234943,0.01333540678024292,0.8
4170,0.4754128297499012,39.01692082099813,31.52508141460549,0.01276458501815796,0.85
4171,0.18335629196170639,57.276889126341004,39.83366821408749,0.012757682800292968,0.7
4172,0.44200397530859126,52.567714298267546,53.793859234323435,0.012769341468811035,0.85
4173,0.5141839686056128,37.03449507484941,35.142782516435496,0.013101983070373534,0.85
4174,0.6447847282107942,32.088554626575515,28.1573813907339,0.013456857204437256,0.9
4175,0.5489318435922058,31.51901698738782,28.754060778860463,0.01268908977508545,0.85
4176,0.419383555183539,28.580323529121205,21.13213110270739,0.01272599697113037,0.75
4177,0.4462909495603065,37.75508291344969,17.81398020661146,0.012753605842590332,0.8
4178,0.38761572220199225,36.528411268166174,22.66634523984984,0.012358224391937256,0.75
4179,0.657696305046197,25.608083464736673,26.976042787264717,0.012673723697662353,0.9
4180,0.6273617347986411,27.58505622209273,28.588032516691005,0.01299424171447754,0.9
4181,0.7125682044189943,32.87126189525989,28.7010993083783,0.012615537643432618,0.95
4182,0.6711422949027017,23.57886366151427,18.62924314485547,0.012414646148681641,0.9
4183,0.6581773038191038,28.934424220564836,23.970334344239614,0.01271355152130127,0.9
4184,0.8365953091485819,26.001866105863655,26.001866105863655,0.01293325424194336,1.0
4185,0.719874140170399,28.096148009008253,23.552116540810022,0.012867867946624756,0.95
4186,0.4489912154261903,42.5325296605928,24.21784914392545,0.013081681728363038,0.8
4187,0.5553561682909641,33.10036044718289,24.391100117953698,0.012734687328338623,0.85
4188,0.42496277386623793,40.15949863928226,27.25637924104891,0.0127424955368042,0.8
4189,0.6601524850020434,26.77540644161099,22.692973447106098,0.012405800819396972,0.9
4190,0.68041596703803,35.7962005874878,31.826931224461006,0.012567973136901856,0.95
4191,0.40679515248333864,36.62508049008575,23.642588458062427,0.012589085102081298,0.8
4192,0.41320974160487556,43.09309948031468,37.231515774547944,0.012772119045257569,0.8
4193,0.7433945193016525,21.50396497774948,22.062865670760747,0.01562063694000244,0.95
4194,0.29597649787290015,55.43552646026418,34.99398216298411,0.013171696662902832,0.75
4195,0.5842356659895762,28.378001198083307,21.97185576153053,0.013143014907836915,0.85
4196,0.6673191366154917,44.88909824525415,44.965660657574816,0.01272209882736206,0.95
4197,0.21935399844430545,52.94038920436426,25.785035950311574,0.012872123718261718,0.7
4198,0.529046979988636,30.73618018829514,21.87451226015534,0.012784719467163086,0.85
4199,0.6626071820855898,26.43150522560212,22.537239981327705,0.012576770782470704,0.9
4200,0.5392831267258689,35.34299525929447,21.680243632673413,0.012655031681060792,0.85
4201,0.4664526077634791,35.70651140196742,21.333979639233995,0.012911844253540038,0.8
4202,0.5164179827731121,35.71114201787897,21.55933175243171,0.012712216377258301,0.85
4203,0.5373890477188309,36.709712765816015,22.382369724184553,0.013011336326599121,0.85
4204,0.7056447155114344,19.443352789466868,19.78585051117615,0.012678575515747071,0.9
4205,0.7151433424261656,36.893511575411594,32.64258166610026,0.01261202096939087,0.95
4206,0.6516981081755412,32.16604708681713,28.659420818015025,0.012575781345367432,0.9
4207,0.3009785427178413,51.414129960746585,37.1620580706073,0.012683296203613281,0.75
4208,0.6255405547875894,32.10076658985097,32.10149628805945,0.012633812427520753,0.9
4209,0.656973569636965,25.247966241087703,21.240403781922343,0.012976360321044923,0.9
4210,0.517375070128576,36.37078391067393,28.184242120965163,0.012709534168243409,0.85
4211,0.4036279609369874,51.265823574366514,42.27690872958324,0.01290985345840454,0.8
4212,0.3028919662388243,33.52978255758702,18.593996494629973,0.012423110008239747,0.7
4213,0.6457332588370909,26.16096329006689,21.124919370385275,0.012706053256988526,0.9
4214,0.3288781358961438,48.9599412655185,44.45246027933141,0.012734532356262207,0.75
4215,0.22679458294391583,46.205260602989846,25.157343690757795,0.013031649589538574,0.7
4216,0.4452555124665543,34.138571034843366,25.395746149540397,0.013134908676147462,0.8
4217,0.3220796128804114,47.109045466795116,38.181554091279416,0.012786757946014405,0.75
4218,0.4004906866635832,42.49605432694811,36.67995700792868,0.012656772136688232,0.8
4219,0.500010291879638,36.936672958627526,28.02870968896507,0.01240767240524292,0.85
4220,0.4891697080421764,34.30699857786432,24.76961233767366,0.012547802925109864,0.85
4221,0.511172525632714,63.10046923943262,57.03942165816453,0.012797105312347411,0.9
4222,0.6322639952364395,37.945479399927386,33.75217625001116,0.013222956657409668,0.9
4223,0.5170765467588172,36.78373706887964,27.987442329659498,0.012881052494049073,0.85
4224,0.31691268655675736,49.95777192019521,49.860203686368045,0.012655413150787354,0.75
4225,0.4741289909024943,46.720178874638755,40.715333503994984,0.012939608097076416,0.85
4226,0.8019148033496759,27.65362125477867,27.65362125477867,0.012879180908203124,1.0
4227,0.5747142108159656,28.09965961713151,18.120739450099762,0.012802433967590333,0.85
4228,0.5957685086879624,20.893629787978025,16.112204308808945,0.012622690200805664,0.85
4229,0.554538712098149,31.70507785200212,28.754258904522125,0.012617015838623047,0.85
4230,0.5857426060388121,26.645005562014326,22.713967377755285,0.012658154964447022,0.85
4231,0.7382857173204265,28.226320199147448,23.93875574181826,0.012499511241912842,0.95
4232,0.4472256475654074,36.46738284452583,22.925990804289643,0.012554633617401122,0.8
4233,0.6607947417605726,23.645823051212254,19.42490628545563,0.012740933895111084,0.9
4234,0.479278633444328,31.239702515503268,22.98395698013647,0.012721371650695801,0.8
4235,0.6286554358590642,32.999258534637335,24.377281994134037,0.012539052963256836,0.9
4236,0.6808530388939295,22.832601027028865,18.1691358165962,0.012648463249206543,0.9
4237,0.713527374145462,20.307757676689597,20.486934939211377,0.01242053508758545,0.95
4238,0.6489504275178547,26.49251933795057,21.949134432056695,0.012920629978179932,0.9
4239,0.5488946658052689,37.504910502879284,29.561412344018265,0.012836825847625733,0.85
4240,0.5195655984852469,36.221252308303406,22.5365457671827,0.013009560108184815,0.85
4241,0.6120228284716281,25.69969701674436,21.01646539385772,0.012613117694854736,0.85
4242,0.7268811051557421,23.27050869953239,22.745085369035905,0.012611472606658935,0.95
4243,0.2744207594169613,30.36827564043354,15.572418066609734,0.012405979633331298,0.7
4244,0.5380595568083888,41.88801824090696,29.315226763294216,0.014322805404663085,0.85
4245,0.4991799019940576,42.310963455824954,40.93278696675951,0.012585890293121339,0.85
4246,0.4829588860034931,46.32661242712617,40.46264068476678,0.013669824600219727,0.85
4247,0.5982453641572822,27.079601490465336,22.871239687325417,0.012722349166870118,0.85
4248,0.5464143009525282,29.510417112173815,24.83619869250785,0.01254727840423584,0.85
4249,0.44023342078580524,31.551964401520582,17.361937942331924,0.012760603427886963,0.8
4250,0.4851094283804186,28.488187574236946,25.876584388186217,0.012793922424316406,0.8
4251,0.691427732993809,34.41416791514696,29.931664772303623,0.01312425136566162,0.95
4252,0.4553671863977707,26.860032826521728,17.31134620800465,0.012625396251678467,0.8
4253,0.5470918697084897,46.48324544435781,44.302027371004414,0.012620198726654052,0.9
4254,0.5745896664325573,26.277251472966185,28.431848949758702,0.012363409996032715,0.85
4255,0.6437284113246754,32.34715229194471,22.999165166655473,0.012699687480926513,0.9
4256,0.8663140224541044,17.526581255377657,17.526581255377657,0.012664902210235595,1.0
4257,0.4640045553469977,38.28654326979285,25.254643711884317,0.01283026933670044,0.8
4258,0.7952501506217937,16.39951114155428,16.638990287677768,0.012636613845825196,0.95
4259,0.7414505597434194,23.46549668909512,23.673783063686663,0.013171243667602538,0.95
4260,0.7287696498568769,35.45729679679708,36.44032717067718,0.013123011589050293,0.95
4261,0.7825993832797791,21.317434222672453,21.489610200561142,0.0126151442527771,0.95
4262,0.5905855701378219,30.289717248064285,21.600064467027735,0.012550032138824463,0.85
4263,0.5687256508030978,26.69664715653361,22.149035009868346,0.012873733043670654,0.85
4264,0.6395345751382845,28.635988176976532,24.29723804446647,0.012839913368225098,0.9
4265,0.6520947125311728,23.467090660274692,19.254217579179603,0.013123071193695069,0.9
4266,0.544775265691055,33.107153457815755,24.262884427512045,0.012877535820007325,0.85
4267,0.5345212476382133,35.72010017343054,21.342015306271016,0.012909889221191406,0.85
4268,0.6577640530375931,22.68391881053472,23.742283564745485,0.012420856952667236,0.9
4269,0.5778926629304455,21.252893424022368,16.31528105259311,0.012668704986572266,0.85
4270,0.6784710632050726,23.0339336209936,17.30763916113063,0.012792456150054931,0.9
4271,0.658434465092127,28.69997419538808,18.296132110656036,0.012536680698394776,0.9
4272,0.3948822568580577,22.76880763678508,18.010876960268664,0.012638413906097412,0.75
4273,0.5885873244059819,23.907667634711437,19.453355155365426,0.012883102893829346,0.85
4274,0.7409022789447306,25.912882191808045,26.743599643513818,0.012971889972686768,0.95
4275,0.8096419643616993,17.623705848336062,17.623705848336062,0.012534308433532714,1.0
4276,0.6108587773152883,29.109670934160146,30.43002701782238,0.012570154666900635,0.9
4277,0.3684313301774609,49.93588654696448,45.63453622702188,0.012515878677368164,0.8
4278,0.3924252352813251,33.375220442607535,25.78918374136042,0.012640619277954101,0.75
4279,0.5516831090963722,31.2548836926905,28.054254277468036,0.012430870532989502,0.85
4280,0.5699811123714167,38.746396107192844,34.92706520444514,0.012390172481536866,0.9
4281,0.450382471207366,30.448672715615878,25.799900097017645,0.013210570812225342,0.8
4282,0.5998983817840854,19.18183286370633,17.263019042288942,0.013329017162322997,0.85
4283,0.5434296587000124,34.68574706085184,20.784747796340888,0.013185381889343262,0.85
4284,0.5462628259786215,28.920781169672743,17.881423973109833,0.012853801250457764,0.85
4285,0.5282466582058978,35.28977424183699,26.84813284543943,0.012181687355041503,0.85
4286,0.49345525294736936,30.765359639554106,27.341967624143308,0.012892353534698486,0.8
4287,0.4630184400040645,37.314803782323246,28.525056900436667,0.012104249000549317,0.8
4288,0.41940334611829044,39.46662751738826,20.054793997834565,0.012515020370483399,0.8
4289,0.5313945890535735,36.22287385899985,26.763904124626347,0.012532365322113038,0.85
4290,0.5053083679091321,41.025770630351886,32.9996544768391,0.01269700527191162,0.85
4291,0.4373259667960201,35.32049984991125,28.019238080304397,0.012488436698913575,0.8
4292,0.7528572925832784,18.771341827616503,18.760739513845845,0.012897694110870361,0.95
4293,0.5619348627905274,33.83383198001151,36.8071599913946,0.01289210319519043,0.85
4294,0.5414872048020724,36.462792776379814,34.09707163015592,0.012664401531219482,0.85
4295,0.4588855580798281,30.571074772184783,22.31288681065677,0.012634980678558349,0.8
4296,0.5272646339843574,31.692313629238402,22.78135948666536,0.012895703315734863,0.85
4297,0.5700649675737138,29.484043424557854,26.112163954898623,0.01340172290802002,0.85
4298,0.6488763988460564,27.509621704032657,23.179344250947803,0.012464988231658935,0.9
4299,0.62253302125216,36.607325739076515,34.008178609034005,0.012567150592803954,0.9
4300,0.5180656322158871,36.0320680052928,33.395530108093716,0.012839317321777344,0.85
4301,0.7654220730277476,16.727819481472032,16.87223127261066,0.012687098979949952,0.95
4302,0.6600169313088738,29.09783570024431,30.479075666424237,0.012800848484039307,0.9
4303,0.6185313900727527,35.257141498607375,30.951233665485645,0.012347137928009034,0.9
4304,0.5480025690199486,27.643928995859454,24.20053491797254,0.012700998783111572,0.85
4305,0.6551198463183694,21.155669355310017,16.01641158847599,0.012590670585632324,0.9
4306,0.45398596118903656,40.559224881064594,33.770130747427466,0.01269751787185669,0.8
4307,0.7380955476960198,22.3112797471018,22.40152570026752,0.012929081916809082,0.95
4308,0.6614494037123496,22.338425581948343,23.002465828598424,0.01237095594406128,0.9
4309,0.575450778389992,28.205059675816404,18.478505627608353,0.013272607326507568,0.85
4310,0.5859298799765292,21.55446279600481,17.245922070435995,0.01266031265258789,0.85
4311,0.6550696475845621,30.55614844148966,21.578798135198348,0.012585806846618652,0.9
4312,0.5870186669387962,19.712495418361932,19.679409885001235,0.012916219234466553,0.85
4313,0.7160321614174817,26.683319975846132,21.72603731161828,0.012711215019226074,0.95
4314,0.7700599418703274,18.036115154791236,18.32769062156103,0.012589490413665772,0.95
4315,0.6328951915768796,33.90877117265655,24.773924352142757,0.012615776062011719,0.9
4316,0.46911836504892435,37.87971839890803,24.586928544385586,0.012765955924987794,0.8
4317,0.8322345862722585,20.067932699435918,20.067932699435918,0.012666726112365722,1.0
4318,0.7378476020591952,25.027005814102218,25.567387490264494,0.012516367435455322,0.95
4319,0.7249994082039228,24.01726713512448,24.162126111679054,0.012793171405792236,0.95
4320,0.7820207625512665,19.072527385143353,18.487552659907614,0.013429069519042968,0.95
4321,0.8294251226100355,21.21025541564244,21.21025541564244,0.012662053108215332,1.0
4322,0.7566712510967515,23.29564173232082,23.55879391709742,0.012961626052856445,0.95
4323,0.4639186063434392,31.868976933036436,29.56431095073596,0.013129496574401855,0.8
4324,0.43789827044687113,21.75193324291821,17.49667450149921,0.013095462322235107,0.75
4325,0.6588943580093531,21.14015046769064,15.941092278534834,0.013153839111328124,0.9
4326,0.5518103041578029,30.736545285708097,22.068262554190625,0.012532734870910644,0.85
4327,0.6390640267010278,33.452162312563246,24.783199713287235,0.012686216831207275,0.9
4328,0.6648811197039591,22.792589542159224,24.02166532856954,0.013124644756317139,0.9
4329,0.3805068721517288,49.15154356875492,32.52999449365362,0.013104021549224854,0.8
4330,0.5085617637160024,38.151247104545284,29.66529928266551,0.012517154216766357,0.85
4331,0.20380383927899398,38.30057766560704,33.91800489357873,0.01237715482711792,0.65
4332,0.7211257333847204,35.47660198606351,31.239754947226437,0.012206053733825684,0.95
4333,0.6185920351331115,34.47031404553492,25.62495238728321,0.01257011890411377,0.9
4334,0.668726604195977,46.6567371811493,43.1935558613333,0.012850642204284668,0.95
4335,0.6031703015553671,41.174768793295605,33.11846709138619,0.01267540454864502,0.9
4336,0.5521018395813129,29.33210089612721,20.127332298949923,0.012802302837371826,0.85
4337,0.6697628867153416,24.057435332290048,13.968707532734323,0.012578928470611572,0.9
4338,0.7371814056968313,22.74627272750003,23.374570685842215,0.012334966659545898,0.95
4339,0.4840595965090775,32.71245510277509,18.401055149160413,0.01277940273284912,0.8
4340,0.4552490715998231,30.23573567121146,21.78680393950251,0.012479054927825927,0.8
4341,0.5626009791497062,27.17090035298631,23.29636437845828,0.012694358825683594,0.85
4342,0.7551773669389501,21.13844968710593,21.31302649021481,0.012494182586669922,0.95
4343,0.7029720096298486,18.874015099756914,19.423203173764435,0.012563681602478028,0.9
4344,0.45619533216465546,31.852678402508587,29.674972692422433,0.012492871284484864,0.8
4345,0.40578124539202065,26.97994769344416,22.663572687714026,0.012769997119903564,0.75
4346,0.6675693441769485,26.089774655804455,21.46158571596994,0.01329350471496582,0.9
4347,0.7568967338094968,20.70834777931862,21.028425984879892,0.012467217445373536,0.95
4348,0.8082632576494584,16.32650517879798,16.551977011185553,0.012625563144683837,0.95
4349,0.7361624799794065,25.32371074378176,26.11144457914265,0.01258777379989624,0.95
4350,0.6776470727166386,17.38911301728591,17.97083076315941,0.012731695175170898,0.9
4351,0.7498021227836567,18.878408913374148,18.746536383441367,0.012476456165313721,0.95
4352,0.5522970782824037,32.29060591320156,23.65105606923398,0.012344276905059815,0.85
4353,0.5715827174558585,22.19779568522629,22.328473625849426,0.012407922744750976,0.85
4354,0.6553468145238297,29.494471237001484,20.020894166610127,0.013350558280944825,0.9
4355,0.6477785698462074,23.936753189909055,19.24307362148481,0.012561774253845215,0.9
4356,0.6866855919132824,27.040452004791184,17.174038585288056,0.012624454498291016,0.9
4357,0.553457881666185,27.246394971322225,23.788485295000033,0.012464630603790283,0.85
4358,0.5888935558566911,21.500756470788836,21.373085530629787,0.012524223327636719,0.85
4359,0.8317267211524484,18.629258995411316,18.629258995411316,0.012703609466552735,1.0
4360,0.875124444999215,23.149216947814946,23.149216947814946,0.01257551908493042,1.0
4361,0.6664303993055914,23.587981590438435,18.660607163583038,0.012440073490142822,0.9
4362,0.583511786874741,27.443083979605525,29.628850118893684,0.012557566165924072,0.85
4363,0.6748932807421678,21.13297499553481,22.110591690198188,0.01301107406616211,0.9
4364,0.8674467710426595,20.338681765374837,20.338681765374837,0.013033056259155273,1.0
4365,0.5721691000751121,27.053549643286765,16.570772010069046,0.012730801105499267,0.85
4366,0.6940102599519857,21.59365701269055,22.224306532807773,0.012538719177246093,0.9
4367,0.9010221726056219,15.804340468398024,15.804340468398024,0.012778890132904053,1.0
4368,0.850047031573248,25.173334060261308,25.173334060261308,0.012542879581451416,1.0
4369,0.3911208088545452,32.911167984039224,23.564218265764612,0.012479889392852783,0.75
4370,0.6580107013502362,30.94241805737257,27.162602917736564,0.012690258026123048,0.9
4371,0.5602557014854461,29.80062590548717,19.003343461378464,0.012473523616790771,0.85
4372,0.7634662185094923,27.406504755362022,28.24615217146875,0.012396001815795898,0.95
4373,0.6765020471231542,41.16236973007919,37.50936748188666,0.012564361095428467,0.95
4374,0.8814995961427166,17.773634029640064,17.773634029640064,0.012514257431030273,1.0
4375,0.7048536715473349,17.318233612117844,17.678372852498736,0.012519049644470214,0.9
4376,0.6301726030218684,16.040096121733363,16.112799267415568,0.01251683235168457,0.85
4377,0.6820374917072444,20.57774888409645,21.143823882380186,0.012707531452178955,0.9
4378,0.6645742712123435,22.72528522954431,23.484556696166862,0.012452447414398193,0.9
4379,0.7277319261607006,17.741486597253004,17.734330950516014,0.012537992000579834,0.95
4380,0.5896312165142363,23.34298870437262,24.881099809175904,0.012688517570495605,0.85
4381,0.763803211230911,23.977085587484584,24.02318825762992,0.013647842407226562,0.95
4382,0.7629280977423094,22.067374389643934,17.38073984418807,0.013248741626739502,0.95
4383,0.7491748602023101,21.860772647575086,21.030390176764143,0.013141608238220215,0.95
4384,0.6601297483227812,23.4982665002757,24.290771194699044,0.01263422966003418,0.9
4385,0.782151503311422,18.573003508463778,18.82512481325827,0.012566804885864258,0.95
4386,0.7041580412522549,15.41124530140805,15.624064099833541,0.012491750717163085,0.9
4387,0.7553014073380593,21.99781822232232,22.4100183386231,0.012421989440917968,0.95
4388,0.8236211764858592,23.407195328485937,23.407195328485937,0.013049888610839843,1.0
4389,0.7589312240060366,15.276373566793737,14.857898169633087,0.012720334529876708,0.95
4390,0.7415903962095546,24.268776408431314,24.733980317892257,0.01261744499206543,0.95
4391,0.8679296073487295,18.94600259571329,18.94600259571329,0.012584638595581055,1.0
4392,0.682896481388975,23.366618126371947,24.420536771270864,0.012676441669464111,0.9
4393,0.5212056376896459,21.504779237607334,17.288559275403173,0.01282731294631958,0.8
4394,0.8524141060385823,21.774744521587923,21.774744521587923,0.012666535377502442,1.0
4395,0.6157127680069194,19.081885656727312,13.671655060548787,0.013886964321136475,0.85
4396,0.5363010586079987,35.72622531380989,33.548241197853734,0.01268177032470703,0.85
4397,0.31249952882009263,27.031510281520422,17.258621578676262,0.012988710403442382,0.7
4398,0.752276462455414,20.718496001689743,20.900466050937055,0.012608003616333009,0.95
4399,0.6770807109557847,22.46093975530912,17.903886071240883,0.012381553649902344,0.9
4400,0.7809738980356757,18.479237660238226,17.83502962063857,0.012729573249816894,0.95
4401,0.7299316188012075,24.14132648137455,19.162943283904653,0.012858724594116211,0.95
4402,0.5396295589022547,27.049704721337406,17.74353726313185,0.012608504295349121,0.85
4403,0.6492900836157738,25.166261617571706,15.22428991168614,0.012644076347351074,0.9
4404,0.7549965879743139,24.00700043182924,24.3671678160646,0.012732112407684326,0.95
4405,0.7740128943233766,18.432695379274787,17.420883546182804,0.012541735172271728,0.95
4406,0.5142919666884513,27.312453235649087,16.908097133374735,0.012469804286956787,0.8
4407,0.5796293402172064,24.004691521282602,18.754795800490182,0.012585926055908202,0.85
4408,0.7381570932553514,26.390410630560616,21.82583801882289,0.012452328205108642,0.95
4409,0.7714993674945717,23.228305331425844,23.810378072828524,0.012542247772216797,0.95
4410,0.3107837088536546,32.02173600113158,32.22436525177441,0.012534594535827637,0.7
4411,0.7720203492428868,20.489070711208623,15.37057938469279,0.01276540756225586,0.95
4412,0.8464159396777653,17.946541812193566,17.946541812193566,0.012530684471130371,1.0
4413,0.7702880318137968,16.190467241724555,16.060352434713906,0.01258457899093628,0.95
4414,0.6572602210329808,23.03029695480941,18.053016112593802,0.012974810600280762,0.9
4415,0.8022884988055047,18.426070435990145,18.67140652612842,0.012414193153381348,0.95
4416,0.5333132597911974,22.435164059128883,16.54675313263286,0.01234581470489502,0.8
4417,0.715553497593341,29.052584223481677,24.86050918677502,0.012415611743927002,0.95
4418,0.2758744605765043,23.44802652303557,19.41401432507794,0.01271207332611084,0.65
4419,0.5467048805013167,33.11396776764336,25.15932209770017,0.012918365001678467,0.85
4420,0.6331781556766753,28.04514883059689,24.012476135212808,0.012627208232879638,0.9
4421,0.689591573758063,25.997947876461,16.242748995918404,0.012803947925567627,0.9
4422,0.8447162356315008,17.321080884315897,17.321080884315897,0.014123570919036866,1.0
4423,0.8340981941648609,19.723505823708884,19.723505823708884,0.012432658672332763,1.0
4424,0.7324097582074266,25.05390438598683,25.443841007937298,0.012499082088470458,0.95
4425,0.7702513789594421,18.169532173845152,18.256551115841216,0.012680816650390624,0.95
4426,0.8167520489520989,27.735515105201962,27.735515105201962,0.012417471408843994,1.0
4427,0.6231198789211658,17.120181691448416,17.52052239220125,0.01266775131225586,0.85
4428,0.5971649046410075,21.447432467842148,16.353793278596758,0.012749886512756348,0.85
4429,0.7131463619867437,17.501886872819476,17.923029417179258,0.012726950645446777,0.9
4430,0.7833380882093091,17.832245691909346,18.238778805567573,0.012826645374298095,0.95
4431,0.5872209323579997,34.148494602490096,30.656441333544162,0.01283094882965088,0.85
4432,0.5470957710054871,15.096882897883782,15.70636348795704,0.012762510776519775,0.8
4433,0.7738069382080529,16.877842634021924,16.83141412975202,0.012562084197998046,0.95
4434,0.8558760757351334,23.9815488911784,23.9815488911784,0.012547564506530762,1.0
4435,0.5733450079782381,34.20309244610059,19.134244291096824,0.01264030933380127,0.85
4436,0.691166779739593,18.445583105501775,17.305202510071815,0.012203598022460937,0.9
4437,0.7074529760650149,27.062672536339484,22.4199291361571,0.01244657039642334,0.95
4438,0.6833711603766776,17.03168023365601,17.05063247368647,0.012836456298828125,0.9
4439,0.7540296005768973,22.79882968093868,18.126772953298648,0.012784337997436524,0.95
4440,0.5657496961632893,20.696653751604714,21.992725961281415,0.012852048873901368,0.85
4441,0.5429485213567246,31.630332155168446,23.133688690354766,0.012802565097808838,0.85
4442,0.8351191541175123,18.366661768183366,18.366661768183366,0.012535440921783447,1.0
4443,0.5772365697301599,28.415219550479947,18.897779219946873,0.012354493141174316,0.85
4444,0.4343215481479801,22.317809970503536,24.788128912076832,0.013233542442321777,0.75
4445,0.682218727660572,22.031125474977237,17.74826184974098,0.01243199110031128,0.9
4446,0.6082730116173625,21.160559999912856,16.740954469190605,0.012852621078491212,0.85
4447,0.6894419411108205,22.036589282646577,22.934585295107574,0.01262204647064209,0.9
4448,0.7589891235451323,15.92326213799063,15.868594682990707,0.012551462650299073,0.95
4449,0.7002707999647415,18.31135832739973,18.726755922952236,0.012677085399627686,0.9
4450,0.7008706540455056,19.598199133869112,19.81984370165793,0.01258457899093628,0.9
4451,0.5934602389096739,22.445007097221037,17.84807198225229,0.012575125694274903,0.85
4452,0.8778280725552545,21.246341462519446,21.246341462519446,0.01243128776550293,1.0
4453,0.6651443554729597,18.71684565471761,19.26319908240505,0.01283574104309082,0.9
4454,0.6597673847413471,23.06210542911391,18.058497381870982,0.01289694309234619,0.9
4455,0.8419249696291378,16.612809824312933,16.612809824312933,0.012681102752685547,1.0
4456,0.6818144336596459,23.733187771678082,19.224076181347286,0.013198161125183105,0.9
4457,0.6664208883941248,17.844122007597907,17.793771385924497,0.012585079669952393,0.9
4458,0.5931382402928697,19.386988857595366,19.795583272524365,0.012390518188476562,0.85
4459,0.8467199088303756,18.76378509048701,18.76378509048701,0.012873327732086182,1.0
4460,0.697094659522635,20.720629319832113,20.167033168118714,0.01313033103942871,0.9
4461,0.6506423570528724,28.097922938046686,23.602269355654894,0.01257418394088745,0.9
4462,0.5320023558209612,17.299054476732802,18.191108741170783,0.0125657320022583,0.8
4463,0.7614960408608423,27.895512898551903,28.564041565407777,0.012702810764312743,0.95
4464,0.8289721728307005,24.087606233222054,24.087606233222054,0.012560701370239258,1.0
4465,0.5643836374913146,30.112372771973448,20.98908653506109,0.012283480167388916,0.85
4466,0.47980591279704293,28.319520184959107,18.43864629221764,0.013110649585723878,0.8
4467,0.6657158553812166,31.946115978641746,27.655700086937212,0.012655675411224365,0.9
4468,0.8576238622642295,18.996251507812275,18.996251507812275,0.01255255937576294,1.0
4469,0.8186960962770289,28.836695036029408,28.836695036029408,0.012660706043243408,1.0
4470,0.7496105996057104,24.08925422375996,23.710914665732947,0.013675963878631592,0.95
4471,0.5730487894148772,23.322276000979546,19.309713992357082,0.01260967254638672,0.85
4472,0.8342571628051061,21.73997970462181,21.73997970462181,0.012696194648742675,1.0
4473,0.48230461379657064,27.401151681908015,23.763824516522284,0.012238454818725587,0.8
4474,0.7426306535047533,22.9089828282662,23.051073752424028,0.012607944011688233,0.95
4475,0.5002593061867302,21.537269665729546,16.67212578628847,0.013118493556976318,0.8
4476,0.7026994376631485,23.23643358208016,23.533211000734354,0.012452054023742675,0.9
4477,0.8025121433937276,16.767366248018398,16.859437638894423,0.01283435821533203,0.95
4478,0.8803438170997276,19.539765460209274,19.539765460209274,0.01252419948577881,1.0
4479,0.6193368233291536,20.7255858463217,16.50109072531567,0.012525248527526855,0.85
4480,0.6745366073448629,18.38342997264961,13.392903467490603,0.012793493270874024,0.9
4481,0.7588880705844551,22.737924494579875,18.05511557919648,0.012544679641723632,0.95
4482,0.8361773900306618,21.498015358127816,21.498015358127816,0.012523007392883301,1.0
4483,0.7563865095242079,24.07885504689374,24.518045506184475,0.012482106685638428,0.95
4484,0.7731821628880974,23.32983166501996,23.378978600533504,0.013009166717529297,0.95
4485,0.7648480731083571,16.539446463946852,16.838868143555494,0.012749910354614258,0.95
4486,0.6830599614740464,24.267257482068686,18.97112425441843,0.012520849704742432,0.9
4487,0.6515319080616462,24.839485121676937,20.66973968195653,0.01261385679244995,0.9
4488,0.7718146962479857,27.11758543393276,27.6117275569158,0.012489891052246094,0.95
4489,0.7614181471222777,21.8752295844182,22.251221812284438,0.012818634510040283,0.95
4490,0.6919704781250201,17.358090175944994,17.326222477298547,0.0125846266746521,0.9
4491,0.8516231421490209,22.933028701495562,22.933028701495562,0.01265263557434082,1.0
4492,0.6784198312868238,18.5939799782232,18.772232352590507,0.01256047487258911,0.9
4493,0.7436715143417547,17.650896455865357,17.40383091962719,0.013288629055023194,0.95
4494,0.5373444634292243,17.882333655316543,18.184248303630113,0.013076567649841308,0.8
4495,0.7754958620250223,23.091339894772283,23.15924601277975,0.013177740573883056,0.95
4496,0.7716058060650222,18.19828660294429,18.47714907491582,0.013478446006774902,0.95
4497,0.6354114474177412,31.076958356778512,32.79088949101163,0.0125962495803833,0.9
4498,0.5011647798014159,27.378897625891415,18.129381815894824,0.012790071964263915,0.8
4499,0.7054610548089706,17.362518253601046,17.61711964999776,0.012978029251098634,0.9
4500,0.8392571451362902,25.777786235434718,25.777786235434718,0.012750804424285889,1.0
4501,0.7027501026424379,17.127425958631818,17.15777843228693,0.013793635368347167,0.9
4502,0.5783872625583171,23.50177972102244,24.119171442667156,0.013794517517089844,0.85
4503,0.7448688541815367,28.53563231146253,23.67731165134713,0.013320386409759521,0.95
4504,0.6284973897524562,25.412187963355827,21.055209927553676,0.012675666809082031,0.9
4505,0.6553689013285746,19.4231143753219,14.900188410704393,0.012801480293273926,0.9
4506,0.7297596748718983,13.776035619926025,13.648934574943143,0.01301795244216919,0.95
4507,0.872854332987029,19.724771953989237,19.724771953989237,0.01280597448348999,1.0
4508,0.5454564745270384,31.89282399204034,23.40316998981443,0.013346457481384277,0.85
4509,0.6965517336977045,16.23841032936958,16.19711232795017,0.01300053596496582,0.9
4510,0.5278548038865674,32.84852120811461,30.001640379758406,0.013253629207611084,0.85
4511,0.49259210201754644,18.960000425105456,19.623861987995006,0.012506985664367675,0.8
4512,0.6241003947970254,27.822997278792094,29.187519759095792,0.012443983554840088,0.9
4513,0.5431912139627108,24.496817079644504,19.851825182609677,0.012712311744689942,0.8
4514,0.6653208078871431,27.71722935624765,23.603340129451837,0.01334385871887207,0.9
4515,0.4614349615049685,33.63268362519023,24.493691741371165,0.01264439821243286,0.8
4516,0.738448960375083,24.70970150450125,19.415633735901547,0.01263803243637085,0.95
4517,0.6641131804701754,23.78579321316704,17.724771482021,0.012987613677978516,0.9
4518,0.6012675256200242,23.294017074211677,19.272107897151503,0.01368730068206787,0.85
4519,0.6863332360589974,16.584377655155883,16.96304002814412,0.01295773983001709,0.9
4520,0.6360563977171902,29.79874736968468,30.824304361624336,0.013239991664886475,0.9
4521,0.6783694274275368,22.637651787611055,22.5652342284368,0.013552522659301758,0.9
4522,0.8450123080327259,19.30784242539145,19.30784242539145,0.013675355911254882,1.0
4523,0.6543403705170595,27.435876803762056,22.19378241112367,0.013056862354278564,0.9
4524,0.7377902445749656,26.901541806204456,22.055475280227288,0.013315558433532715,0.95
4525,0.7395197293002739,26.8259664225079,27.284308028223702,0.01239544153213501,0.95
4526,0.8602790336613785,20.89727403290535,20.89727403290535,0.012927162647247314,1.0
4527,0.6595266048905899,26.618889630067372,27.647895951083353,0.013101315498352051,0.9
4528,0.7412908936771464,21.05551992756658,15.990454984080735,0.012663173675537109,0.95
4529,0.8063108054314252,26.71546095108234,26.71546095108234,0.012673425674438476,1.0
4530,0.8264816206352549,28.533193083811415,28.533193083811415,0.012921512126922607,1.0
4531,0.7380678150812621,16.672547928742695,16.759654042232473,0.012950611114501954,0.95
4532,0.7591586916109918,20.908216550518606,16.136866065606263,0.012771379947662354,0.95
4533,0.7956099733641352,15.781647227807927,15.741541481161152,0.012723326683044434,0.95
4534,0.7299483577153512,26.38975979380836,21.62218755433466,0.012999069690704346,0.95
4535,0.660121979158461,24.144243025457502,19.50809614390284,0.013079524040222168,0.9
4536,0.7800888952001426,23.110212246179966,18.13596079972111,0.013041186332702636,0.95
4537,0.8237920926466111,32.28047015665161,32.28047015665161,0.01330704689025879,1.0
4538,0.8623270577174782,19.091304746573027,19.091304746573027,0.012896347045898437,1.0
4539,0.6149927415929191,27.349782011427966,23.044237542439607,0.013123106956481934,0.9
4540,0.7760475369304831,21.008427234120813,21.370215031810897,0.01292123794555664,0.95
4541,0.4790663618305489,27.16057050282502,21.75904436492599,0.012945175170898438,0.8
4542,0.6983679864960554,31.010020816324186,31.980302346399156,0.013196563720703125,0.95
4543,0.6031434692170794,25.427723774951858,25.38405037183897,0.012901568412780761,0.85
4544,0.2959214123127179,29.19725668086401,18.96325761605325,0.012935757637023926,0.7
4545,0.7588643055734761,24.867052640368666,19.973987894103924,0.01312791109085083,0.95
4546,0.8498297157957155,18.95260485748053,18.95260485748053,0.01296905279159546,1.0
4547,0.41014769972073584,44.11387910372867,32.33890434054207,0.012953233718872071,0.8
4548,0.5211868841410928,37.2694403275758,29.2017000892464,0.01271754503250122,0.85
4549,0.4856665960184884,25.317222390672576,15.714185066862331,0.0127000093460083,0.8
4550,0.5130362570991907,42.706019021007634,30.494566455603877,0.012593269348144531,0.85
4551,0.4826192916511503,31.56545883223489,16.821914093420045,0.01293480396270752,0.8
4552,0.6451890123133897,22.069651861336006,23.07810336114317,0.012727773189544678,0.9
4553,0.3514669505738201,37.61639085963657,31.376227557987605,0.012653970718383789,0.75
4554,0.4535571545696099,37.386572622553,30.092075952929292,0.012805688381195068,0.8
4555,0.5816046613125903,44.97861023764035,37.333206665634755,0.012580168247222901,0.9
4556,0.5969751362055343,28.88595417123354,18.398019454049177,0.012642407417297363,0.85
4557,0.5471295910079758,35.78398256872526,32.40034433879177,0.013061606884002685,0.85
4558,0.4918055279647816,28.51547321329661,24.861782935310423,0.013068866729736329,0.8
4559,0.5088661137139445,37.659065683866324,23.27665244932772,0.012833654880523682,0.85
4560,0.643630841721544,21.717781006797345,21.45260153443133,0.012793397903442383,0.9
4561,0.7441530749705709,22.748932004568694,17.579167834517538,0.012626421451568604,0.95
4562,0.7344119459400569,32.66513781236735,28.234386517937413,0.012839162349700927,0.95
4563,0.8173738005715208,22.247578877433952,22.247578877433952,0.01282731294631958,1.0
4564,0.6665616804411995,27.202571449369895,22.95522637533855,0.012673676013946533,0.9
4565,0.6196736449358705,31.448388308662953,22.10153072376868,0.012887632846832276,0.9
4566,0.535016073257454,26.30780685652756,21.55246667215723,0.013070034980773925,0.85
4567,0.7851406862657286,17.744828696438912,18.10658415563612,0.012803137302398682,0.95
4568,0.7939578249138584,31.204232817449764,31.204232817449764,0.012601804733276368,1.0
4569,0.5437558648297098,30.083410961066686,20.979672256420564,0.012484633922576904,0.85
4570,0.5136742939134663,41.973041892225766,28.96553625341093,0.012894642353057862,0.85
4571,0.37324602851182853,30.853871493387963,23.298714054635237,0.012519264221191406,0.75
4572,0.5443786010825958,32.36246563086119,16.739238828000577,0.013135838508605956,0.85
4573,0.665205674418809,26.75628990436825,28.209254974975853,0.012808120250701905,0.9
4574,0.5379976621199564,32.930628601174334,24.57090806149335,0.012572824954986572,0.85
4575,0.5816870311613,38.93937691171246,34.575923500943325,0.012505161762237548,0.9
4576,0.607452560331023,33.9585914140245,30.03872118191316,0.012836945056915284,0.9
4577,0.7214621036744508,23.69938761127561,23.132512136945476,0.012985789775848388,0.95
4578,0.5841572978871981,42.93304545596628,35.036399404169714,0.012608349323272705,0.9
4579,0.42383914583530924,46.093241854230236,35.27379062819434,0.012654280662536621,0.8
4580,0.5740060031868127,42.876549744198854,35.21482908610465,0.01305605173110962,0.9
4581,0.6508829900210171,26.517584705415544,16.487724297464464,0.012693321704864502,0.9
4582,0.4148365394490828,46.60731508443528,35.671694550857154,0.013035023212432861,0.8
4583,0.6557380072434865,21.879174904382417,16.601714430782422,0.012862002849578858,0.9
4584,0.809647649009215,27.86669233265787,27.86669233265787,0.012605500221252442,1.0
4585,0.7640204473657072,29.331240337544404,24.62672273883913,0.012662148475646973,0.95
4586,0.7619464037375528,17.16282649889196,16.961775502707482,0.012992465496063232,0.95
4587,0.6624655939877729,40.542854324067015,42.101396380719095,0.012692880630493165,0.95
4588,0.35179040209481494,29.663525560993953,14.302685692433977,0.012499499320983886,0.75
4589,0.5521447477359515,31.54843120380844,16.817256823705943,0.012760651111602784,0.85
4590,0.2479081068677785,47.00279562255923,16.83314560325534,0.012777113914489746,0.7
4591,0.5668994736495458,31.84168386788782,22.94947928803898,0.01260448694229126,0.85
4592,0.6133555999837974,37.51606391883187,28.790571871197585,0.012825191020965576,0.9
4593,0.2626975237009866,43.979633436266916,35.52607330049093,0.012519919872283935,0.7
4594,0.5728559439387351,22.521021566261282,21.769506242953792,0.012660396099090577,0.85
4595,0.5881138521960216,22.691434922198507,17.472507390302994,0.013025522232055664,0.85
4596,0.5963745927717584,46.71694657883206,39.195140545755194,0.012691795825958252,0.9
4597,0.5077249509700884,40.55714087953497,27.560980839013954,0.012788879871368408,0.85
4598,0.6155621906796969,31.82794615120516,22.221279908991377,0.012917280197143555,0.9
4599,0.5151810032832911,36.43708259227696,23.035410415728517,0.012962472438812257,0.85
4600,0.6201643472367944,35.73315502839311,32.51635151586265,0.013111770153045654,0.9
4601,0.43997115517843294,54.46072832367904,43.9076509070375,0.013042211532592773,0.85
4602,0.6094320728122262,30.791622825676587,27.047928718807395,0.013119423389434814,0.9
4603,0.6502227909555376,31.1210799062002,21.726835755088214,0.013104796409606934,0.9
4604,0.5438873530603054,32.27962788814336,29.24921558127495,0.012819504737854004,0.85
4605,0.704598001087818,32.96893001977047,33.89586367485026,0.012607300281524658,0.95
4606,0.48671616131179407,37.64611077481483,30.563814739687125,0.012680888175964355,0.85
4607,0.5553119599063239,32.40654442916331,29.7262950050929,0.012524080276489259,0.85
4608,0.5963812733105739,40.117661522909216,31.186986803195907,0.012672293186187743,0.9
4609,0.39587744155887955,32.10161995661067,23.746031044496423,0.0128204345703125,0.75
4610,0.39471314174076866,32.637649065167835,24.649025032367728,0.012851178646087646,0.75
4611,0.5602821811013461,27.122703240041744,17.570729013947265,0.012549662590026855,0.85
4612,0.33185168097680295,44.721818736580204,31.9319054135933,0.01293482780456543,0.75
4613,0.6245210502555141,31.96739958401567,27.403536016885823,0.012754201889038086,0.9
4614,0.5292372727002743,32.78258128538102,23.084051281913972,0.012733709812164307,0.85
4615,0.6493392170823996,16.303408683530158,16.709856442759204,0.013010263442993164,0.9
4616,0.7803141402631888,20.672156785306193,20.96152003850492,0.012832915782928467,0.95
4617,0.6165665035858816,33.39550078393786,29.601420621492,0.012742352485656739,0.9
4618,0.5260202867303275,38.19554249716432,30.39467106110137,0.012927472591400146,0.85
4619,0.35961911188818074,35.97716040466062,16.56956209686228,0.012509787082672119,0.75
4620,0.568076421553376,47.28087296049253,45.63998049608565,0.012980127334594726,0.9
4621,0.5366481916610653,29.989104026758987,27.051340454348914,0.01295238733291626,0.85
4622,0.4575899918096473,31.526470276294077,23.23791787303109,0.012967121601104737,0.8
4623,0.6824653141647851,17.530415992574717,17.531887556401138,0.0124855637550354,0.9
4624,0.47616586046021825,31.484213630427746,29.527928369192818,0.0127716064453125,0.8
4625,0.5527038145190891,32.55685423990797,24.663969803628078,0.01297980546951294,0.85
4626,0.8107910834342886,26.350347155124336,26.350347155124336,0.012856066226959229,1.0
4627,0.5478923728512285,29.74205691249305,26.258120227174725,0.013225317001342773,0.85
4628,0.5232307862908593,35.39525687381949,21.46759773734901,0.012865948677062988,0.85
4629,0.35615630328714626,32.78589681919145,18.309880557764693,0.013076651096343993,0.75
4630,0.412483254681044,36.92243252991259,23.235491722480006,0.012771821022033692,0.8
4631,0.6221428767089318,28.77079409485244,24.96848836082272,0.012494492530822753,0.9
4632,0.6672861151166399,44.1329749332291,40.78815330414782,0.013246369361877442,0.95
4633,0.46583405592296073,26.510337283168855,17.438203155877808,0.01264781951904297,0.8
4634,0.6809224796130091,36.173748014812624,32.369604095986986,0.012944686412811279,0.95
